kind,label,seed_a,step_a,seed_b,step_b,layer,family,module,cosine,diff_fro,fro_a,fro_b,rel_norm_change,rel_diff_fro,d_eff_rank,d_energy_share,d_rank90
within_seed,seed1 2k->selected(4000),1,2000,1,4000,0,attention,q_proj,0.9441768238,0.02059662367,0.02873265198,0.04542138573,0.580828173,0.7168368475,-0.5265831318,0.002190438526,-1
within_seed,seed1 2k->selected(4000),1,2000,1,4000,0,attention,k_proj,0.9439298326,0.007072927331,0.0105560584,0.01611891515,0.5269823775,0.6700348807,-0.5601467368,0.0002537843669,-1
within_seed,seed1 2k->selected(4000),1,2000,1,4000,0,attention,v_proj,0.8585297363,0.005825778422,0.007611008891,0.0108596699,0.4268371055,0.7654410217,-0.03929024246,9.345516803e-05,1
within_seed,seed1 2k->selected(4000),1,2000,1,4000,0,attention,o_proj,0.8397917049,0.01550237376,0.01921926394,0.02760529272,0.4363345449,0.8066060082,0.07271878522,0.000618479485,0
within_seed,seed1 2k->selected(4000),1,2000,1,4000,0,mlp,gate_proj,0.8496422628,0.03143298861,0.04063400776,0.05752094245,0.4155862447,0.7735635824,0.6729962004,0.002545218666,1
within_seed,seed1 2k->selected(4000),1,2000,1,4000,0,mlp,up_proj,0.8463501445,0.03357016564,0.04294251245,0.06091699152,0.4185707369,0.7817466592,0.3696094787,0.002877655373,1
within_seed,seed1 2k->selected(4000),1,2000,1,4000,0,mlp,down_proj,0.855429805,0.01643524578,0.02151441609,0.03048534332,0.4169728426,0.7639178174,-0.1217397436,0.0007175999683,1
within_seed,seed1 2k->selected(4000),1,2000,1,4000,1,attention,q_proj,0.8527492246,0.01365206203,0.01878084096,0.02551009181,0.358304022,0.7269143093,0.7168972024,0.0004178789723,1
within_seed,seed1 2k->selected(4000),1,2000,1,4000,1,attention,k_proj,0.8549666296,0.005573965842,0.007112820631,0.01025952138,0.4423984399,0.783650556,0.1702185674,8.669315915e-05,0
within_seed,seed1 2k->selected(4000),1,2000,1,4000,1,attention,v_proj,0.8608293371,0.005699444729,0.007679519868,0.01075933885,0.4010431685,0.7421615969,0.06212076979,8.548622531e-05,0
within_seed,seed1 2k->selected(4000),1,2000,1,4000,1,attention,o_proj,0.8506974417,0.01547501439,0.02051897655,0.02855229119,0.3915065948,0.7541806168,-0.5724299807,0.0005851182196,0
within_seed,seed1 2k->selected(4000),1,2000,1,4000,1,mlp,gate_proj,0.8493657009,0.02746249417,0.03464562155,0.04991597555,0.4407585524,0.7926685379,0.08078321847,0.002044084519,0
within_seed,seed1 2k->selected(4000),1,2000,1,4000,1,mlp,up_proj,0.8713839706,0.02821678046,0.03875972235,0.0546215257,0.409234184,0.7279923267,-0.05684023972,0.002255304817,-1
within_seed,seed1 2k->selected(4000),1,2000,1,4000,1,mlp,down_proj,0.8411829442,0.01700643974,0.02009058783,0.02998391635,0.4924359908,0.8464879119,1.014537276,0.0008247415386,1
within_seed,seed1 2k->selected(4000),1,2000,1,4000,2,attention,q_proj,0.8610245567,0.01476913503,0.01894632557,0.02750638669,0.451805871,0.779525031,0.0981505015,0.0006370526216,0
within_seed,seed1 2k->selected(4000),1,2000,1,4000,2,attention,k_proj,0.8621409447,0.005716879584,0.007254455782,0.01063302121,0.4657227954,0.7880507865,-0.5087353322,9.819536924e-05,0
within_seed,seed1 2k->selected(4000),1,2000,1,4000,2,attention,v_proj,0.8479004288,0.005831931721,0.007306588204,0.01055489617,0.4445724697,0.798174409,-0.4498201207,9.223324393e-05,0
within_seed,seed1 2k->selected(4000),1,2000,1,4000,2,attention,o_proj,0.8547547089,0.01596567668,0.02108353922,0.0296467788,0.4061575952,0.7572579022,-0.5476663994,0.0006586698065,1
within_seed,seed1 2k->selected(4000),1,2000,1,4000,2,mlp,gate_proj,0.8242134631,0.03340994973,0.0371887498,0.05658858714,0.5216587663,0.8983886232,-0.1456825106,0.003099411791,1
within_seed,seed1 2k->selected(4000),1,2000,1,4000,2,mlp,up_proj,0.848546397,0.03515075467,0.04240811964,0.06304196927,0.4865542214,0.8288685036,-0.204963805,0.003604018273,0
within_seed,seed1 2k->selected(4000),1,2000,1,4000,2,mlp,down_proj,0.8410485862,0.01689304503,0.02010510571,0.02983556559,0.483979543,0.8402365684,0.3821739914,0.0008030895266,1
within_seed,seed1 2k->selected(4000),1,2000,1,4000,3,attention,q_proj,0.8415739897,0.0138754551,0.0181072426,0.02508086431,0.385128861,0.7662931019,1.339508897,0.0004426188387,1
within_seed,seed1 2k->selected(4000),1,2000,1,4000,3,attention,k_proj,0.8383541833,0.005657741941,0.006868397903,0.009999782685,0.4559119646,0.8237353195,-0.4764608528,8.498601797e-05,0
within_seed,seed1 2k->selected(4000),1,2000,1,4000,3,attention,v_proj,0.8446532161,0.006213425042,0.007614296328,0.01112106259,0.4605502741,0.8160209131,-0.5728517444,0.0001062080465,0
within_seed,seed1 2k->selected(4000),1,2000,1,4000,3,attention,o_proj,0.8602048944,0.01678427881,0.02193077285,0.03138054296,0.4308908844,0.7653300195,-0.1728435243,0.0007884479801,0
within_seed,seed1 2k->selected(4000),1,2000,1,4000,3,mlp,gate_proj,0.8386937733,0.03685201852,0.04375540302,0.06480848458,0.4811538714,0.8422278386,0.1671159021,0.003767755629,0
within_seed,seed1 2k->selected(4000),1,2000,1,4000,3,mlp,up_proj,0.8492169939,0.03762262623,0.04675239275,0.06809303287,0.4564609182,0.8047208713,-0.0745432129,0.003945561423,0
within_seed,seed1 2k->selected(4000),1,2000,1,4000,3,mlp,down_proj,0.8648446139,0.01709232711,0.02452182098,0.03306457735,0.3483736534,0.6970251974,1.511589022,0.0006761127532,1
within_seed,seed1 2k->selected(4000),1,2000,1,4000,4,attention,q_proj,0.8206764608,0.01391130288,0.01729264637,0.02398412231,0.3869549981,0.8044635035,0.7082099258,0.0004070891458,1
within_seed,seed1 2k->selected(4000),1,2000,1,4000,4,attention,k_proj,0.8081413733,0.00499899076,0.006032875576,0.008391665138,0.3909892608,0.8286248733,0.2273829637,5.046261374e-05,1
within_seed,seed1 2k->selected(4000),1,2000,1,4000,4,attention,v_proj,0.8457265994,0.005647486107,0.007112520313,0.0101972756,0.4337077643,0.7940203835,-0.3073384557,8.384667189e-05,0
within_seed,seed1 2k->selected(4000),1,2000,1,4000,4,attention,o_proj,0.834873063,0.01607364276,0.01965071165,0.02829548529,0.439921658,0.8179674633,-0.6895227331,0.0006555050048,0
within_seed,seed1 2k->selected(4000),1,2000,1,4000,4,mlp,gate_proj,0.8408585085,0.03711177639,0.04469269658,0.06572487525,0.4705954278,0.8303767556,-0.2269854458,0.003791126582,1
within_seed,seed1 2k->selected(4000),1,2000,1,4000,4,mlp,up_proj,0.8449263347,0.04032453159,0.04884389186,0.071986146,0.4738003721,0.8255798228,-0.3514112962,0.004578646831,0
within_seed,seed1 2k->selected(4000),1,2000,1,4000,4,mlp,down_proj,0.8497570203,0.01803572462,0.02363157046,0.03312281565,0.4016341274,0.7632046566,-0.349671114,0.0008115699699,0
within_seed,seed1 2k->selected(4000),1,2000,1,4000,5,attention,q_proj,0.8607198239,0.01402264979,0.01892828793,0.02647931466,0.3989281412,0.7408303298,1.134038863,0.0005145746181,0
within_seed,seed1 2k->selected(4000),1,2000,1,4000,5,attention,k_proj,0.8390265374,0.005335076894,0.006559974944,0.009469306901,0.443497419,0.813277023,-0.1693379953,7.404684804e-05,1
within_seed,seed1 2k->selected(4000),1,2000,1,4000,5,attention,v_proj,0.8555500233,0.005743550164,0.007648629328,0.01070406864,0.3994754074,0.7509254165,0.005129808789,8.422315121e-05,0
within_seed,seed1 2k->selected(4000),1,2000,1,4000,5,attention,o_proj,0.8614872282,0.01539663565,0.02197530913,0.02954002521,0.3442370726,0.7006334048,0.4954791103,0.00053090249,1
within_seed,seed1 2k->selected(4000),1,2000,1,4000,5,mlp,gate_proj,0.8409619967,0.03857472071,0.04744007833,0.06868910871,0.4479130543,0.813125148,-0.1945904115,0.00393703186,0
within_seed,seed1 2k->selected(4000),1,2000,1,4000,5,mlp,up_proj,0.8517712689,0.03741949194,0.04912852332,0.06900720055,0.4046259867,0.7616653099,-0.4667886084,0.00355308624,1
within_seed,seed1 2k->selected(4000),1,2000,1,4000,5,mlp,down_proj,0.8559731188,0.01827936859,0.02486006655,0.03427691766,0.3787942841,0.7352904125,-1.137051506,0.0008100186388,0
within_seed,seed1 2k->selected(4000),1,2000,1,4000,6,attention,q_proj,0.8507851267,0.01488146855,0.02059244942,0.02773497178,0.3468515185,0.7226662669,0.6407383507,0.0004728866658,0
within_seed,seed1 2k->selected(4000),1,2000,1,4000,6,attention,k_proj,0.8475334658,0.005658177304,0.007429568745,0.01035467354,0.3937112494,0.7615754694,0.5638757423,7.747236608e-05,1
within_seed,seed1 2k->selected(4000),1,2000,1,4000,6,attention,v_proj,0.8613545208,0.006318188823,0.008133492697,0.01178570881,0.4490341663,0.7768112738,-0.2730574462,0.0001162087852,0
within_seed,seed1 2k->selected(4000),1,2000,1,4000,6,attention,o_proj,0.8567848009,0.01736018771,0.02332337808,0.03250194451,0.3935350357,0.7443256138,-0.4528103335,0.0007628886183,-1
within_seed,seed1 2k->selected(4000),1,2000,1,4000,6,mlp,gate_proj,0.8482456646,0.03756501645,0.04875883291,0.06864155652,0.4077768563,0.7704248483,-0.11676259,0.003547117964,1
within_seed,seed1 2k->selected(4000),1,2000,1,4000,6,mlp,up_proj,0.8575078025,0.03755611815,0.05174466242,0.07086253806,0.3694656559,0.7257969498,0.259053377,0.003355176802,0
within_seed,seed1 2k->selected(4000),1,2000,1,4000,6,mlp,down_proj,0.8689398887,0.01873184778,0.02688845124,0.03654741917,0.3592236625,0.6966503058,-1.13897949,0.0008606056652,0
within_seed,seed1 2k->selected(4000),1,2000,1,4000,7,attention,q_proj,0.8409021069,0.0157064777,0.01940890841,0.02799842727,0.4425554844,0.8092406522,1.001559197,0.0006458937589,0
within_seed,seed1 2k->selected(4000),1,2000,1,4000,7,attention,k_proj,0.8432507528,0.005738534675,0.007148216915,0.0102900645,0.4395288536,0.8027924647,1.076994298,8.66093283e-05,0
within_seed,seed1 2k->selected(4000),1,2000,1,4000,7,attention,v_proj,0.8618101712,0.006029572356,0.008390225089,0.01150208841,0.3708915181,0.7186425027,-0.0464172491,8.883039625e-05,0
within_seed,seed1 2k->selected(4000),1,2000,1,4000,7,attention,o_proj,0.8600729484,0.01708579739,0.0234963905,0.03238366706,0.3782400773,0.7271668976,-0.2721713679,0.0007216962135,0
within_seed,seed1 2k->selected(4000),1,2000,1,4000,7,mlp,gate_proj,0.85001496,0.03837603545,0.0502711146,0.07050691803,0.4025334149,0.763381432,-0.3846258266,0.003686945027,0
within_seed,seed1 2k->selected(4000),1,2000,1,4000,7,mlp,up_proj,0.8580437787,0.03806620302,0.05243272203,0.0718950902,0.3711874457,0.726000893,0.3003636424,0.003474127949,0
within_seed,seed1 2k->selected(4000),1,2000,1,4000,7,mlp,down_proj,0.8832757866,0.01882041941,0.02987546605,0.03895831212,0.3040235772,0.6299623704,-0.5944213202,0.0007678115383,0
within_seed,seed1 2k->selected(4000),1,2000,1,4000,8,attention,q_proj,0.8747891271,0.01508424206,0.02226512932,0.03002069473,0.3483278853,0.6774827958,1.711948852,0.0005572589877,1
within_seed,seed1 2k->selected(4000),1,2000,1,4000,8,attention,k_proj,0.8744853263,0.005857035318,0.008361035148,0.0115374144,0.3799026316,0.7005155719,0.2145252912,9.210421028e-05,0
within_seed,seed1 2k->selected(4000),1,2000,1,4000,8,attention,v_proj,0.8737044162,0.006238459235,0.009061652175,0.01233161112,0.3608568156,0.688446115,-0.03441728399,9.856243782e-05,0
within_seed,seed1 2k->selected(4000),1,2000,1,4000,8,attention,o_proj,0.8748178512,0.01777625915,0.02576323635,0.0351958938,0.3661285916,0.6899854859,-0.5147430673,0.0008181301691,-1
within_seed,seed1 2k->selected(4000),1,2000,1,4000,8,mlp,gate_proj,0.8580741008,0.03766679986,0.05276200465,0.07143986086,0.3540020197,0.7139000899,0.1519309951,0.003225158735,1
within_seed,seed1 2k->selected(4000),1,2000,1,4000,8,mlp,up_proj,0.8699564204,0.03903001624,0.05611668481,0.07634290487,0.3604314854,0.69551536,-0.5203369033,0.003771719073,0
within_seed,seed1 2k->selected(4000),1,2000,1,4000,8,mlp,down_proj,0.8863305643,0.01893281389,0.03030952836,0.03957144327,0.3055776651,0.6246489113,-0.7987794462,0.0007986503017,0
within_seed,seed1 2k->selected(4000),1,2000,1,4000,9,attention,q_proj,0.8414735429,0.01499936858,0.02014132363,0.02727099218,0.3539821259,0.7447061999,1.116130944,0.0004699365098,1
within_seed,seed1 2k->selected(4000),1,2000,1,4000,9,attention,k_proj,0.8393855916,0.005661287337,0.007306602134,0.01016767206,0.3915732476,0.7748180663,0.8336032194,7.42152734e-05,0
within_seed,seed1 2k->selected(4000),1,2000,1,4000,9,attention,v_proj,0.8719337771,0.006222681565,0.008963896032,0.01222715909,0.3640451704,0.6941938575,-0.7555726504,9.801480644e-05,0
within_seed,seed1 2k->selected(4000),1,2000,1,4000,9,attention,o_proj,0.8747148297,0.01634193312,0.02489320246,0.03279779531,0.3175402147,0.6564817502,0.2112495285,0.0005823764433,1
within_seed,seed1 2k->selected(4000),1,2000,1,4000,9,mlp,gate_proj,0.8443294098,0.03893915034,0.04945201975,0.07028683759,0.4213137895,0.7874127394,-0.413328,0.003858982053,0
within_seed,seed1 2k->selected(4000),1,2000,1,4000,9,mlp,up_proj,0.872189716,0.03918698564,0.05923620316,0.07804674839,0.3175515011,0.6615377684,0.1233299397,0.003297976393,1
within_seed,seed1 2k->selected(4000),1,2000,1,4000,9,mlp,down_proj,0.8970068134,0.01880845352,0.03260385396,0.04133174187,0.2676949764,0.5768782289,-0.5929589367,0.0006914615432,0
within_seed,seed1 2k->selected(4000),1,2000,1,4000,10,attention,q_proj,0.8681105774,0.0162496407,0.02339981926,0.03167773505,0.3537598175,0.6944344533,0.8586146106,0.0006335503864,1
within_seed,seed1 2k->selected(4000),1,2000,1,4000,10,attention,k_proj,0.8563545498,0.006145980972,0.00851116613,0.01158467535,0.3611149367,0.7221079789,1.133562363,8.706532309e-05,1
within_seed,seed1 2k->selected(4000),1,2000,1,4000,10,attention,v_proj,0.8757793894,0.006348819545,0.009457278112,0.01269463482,0.3423137893,0.6713157284,-0.1560720017,9.729031312e-05,0
within_seed,seed1 2k->selected(4000),1,2000,1,4000,10,attention,o_proj,0.8828798797,0.01693813596,0.02732352819,0.03518066965,0.2875595496,0.6199102783,-0.01427358496,0.0005707167787,1
within_seed,seed1 2k->selected(4000),1,2000,1,4000,10,mlp,gate_proj,0.8501435889,0.0394103199,0.05241101959,0.07269183482,0.3869570825,0.751947209,-0.371776915,0.003739520868,0
within_seed,seed1 2k->selected(4000),1,2000,1,4000,10,mlp,up_proj,0.8792665325,0.03941660851,0.05907026149,0.07954251514,0.3465746238,0.6672834607,-0.1973191355,0.003885314666,0
within_seed,seed1 2k->selected(4000),1,2000,1,4000,10,mlp,down_proj,0.9043659979,0.01877225903,0.03388333597,0.04261402034,0.2576689727,0.5540262934,-0.3454667399,0.0006815274589,0
within_seed,seed1 2k->selected(4000),1,2000,1,4000,11,attention,q_proj,0.8787243196,0.0170087636,0.0241563566,0.03373056064,0.3963430496,0.7041112979,-0.4494350454,0.0008286181647,0
within_seed,seed1 2k->selected(4000),1,2000,1,4000,11,attention,k_proj,0.8729998229,0.006265350128,0.008686448949,0.01219912979,0.4043862874,0.721278645,0.1007989037,0.0001109626,0
within_seed,seed1 2k->selected(4000),1,2000,1,4000,11,attention,v_proj,0.887851576,0.006256780743,0.009846303246,0.01305727986,0.3261098642,0.6354446523,0.1134602894,9.604647135e-05,1
within_seed,seed1 2k->selected(4000),1,2000,1,4000,11,attention,o_proj,0.8871612664,0.01722141603,0.02788468576,0.03618376506,0.2976214034,0.6175940508,-0.1068069598,0.0006398133103,0
within_seed,seed1 2k->selected(4000),1,2000,1,4000,11,mlp,gate_proj,0.8650761654,0.03904675272,0.05576343665,0.07548203107,0.3536115347,0.7002214186,-0.05773689699,0.003595147768,0
within_seed,seed1 2k->selected(4000),1,2000,1,4000,11,mlp,up_proj,0.8780435352,0.03847654977,0.06076139217,0.07854723958,0.2927162591,0.6332400953,0.1760335083,0.002932596766,1
within_seed,seed1 2k->selected(4000),1,2000,1,4000,11,mlp,down_proj,0.9174883911,0.01769487091,0.03567815523,0.04330366644,0.2137305349,0.4959581232,-0.2912742274,0.0004452729493,0
within_seed,seed1 2k->selected(4000),1,2000,1,4000,12,attention,q_proj,0.8772018127,0.01923305486,0.02649703712,0.03766774368,0.4215832325,0.725856811,-0.5765941256,0.001109104386,0
within_seed,seed1 2k->selected(4000),1,2000,1,4000,12,attention,k_proj,0.8632770112,0.006229279975,0.008623059329,0.01190068357,0.3800999287,0.7223979028,0.7486078334,9.805843988e-05,1
within_seed,seed1 2k->selected(4000),1,2000,1,4000,12,attention,v_proj,0.8934561767,0.006089965831,0.0102678004,0.01315115416,0.280815135,0.5931129933,0.1873351906,7.649329629e-05,0
within_seed,seed1 2k->selected(4000),1,2000,1,4000,12,attention,o_proj,0.8982319038,0.01696524168,0.02916702668,0.03731085029,0.2792133628,0.5816582494,-0.2880926747,0.0006094055207,0
within_seed,seed1 2k->selected(4000),1,2000,1,4000,12,mlp,gate_proj,0.8710029166,0.0384390393,0.05669808318,0.07587355033,0.3382030938,0.6779601204,-0.2355426959,0.003417291506,1
within_seed,seed1 2k->selected(4000),1,2000,1,4000,12,mlp,up_proj,0.8898703355,0.03714145163,0.06230224051,0.07934935323,0.2736195775,0.5961495338,-0.001448639471,0.002656084141,1
within_seed,seed1 2k->selected(4000),1,2000,1,4000,12,mlp,down_proj,0.9181171251,0.01829688031,0.03551791943,0.04429891705,0.2472272522,0.5151450479,-0.5870600317,0.0006747823358,-1
within_seed,seed1 2k->selected(4000),1,2000,1,4000,13,attention,q_proj,0.8560883396,0.01682102108,0.02307945316,0.03161832732,0.3699773173,0.7288310067,0.305363523,0.000669151905,1
within_seed,seed1 2k->selected(4000),1,2000,1,4000,13,attention,k_proj,0.8481625283,0.00638545914,0.008477870792,0.01172985245,0.3835847155,0.7531913728,-0.1414331869,9.63384314e-05,0
within_seed,seed1 2k->selected(4000),1,2000,1,4000,13,attention,v_proj,0.8900754399,0.00602624195,0.01061281313,0.01303988842,0.2286929264,0.5678270102,0.35145117,4.864081305e-05,1
within_seed,seed1 2k->selected(4000),1,2000,1,4000,13,attention,o_proj,0.9094049725,0.01646990693,0.03059703287,0.0382804877,0.2511176445,0.5382844474,0.3526163328,0.000521188317,1
within_seed,seed1 2k->selected(4000),1,2000,1,4000,13,mlp,gate_proj,0.8731888864,0.03742039135,0.05804832557,0.07517929523,0.2951156557,0.6446420458,0.04477470098,0.002723534775,1
within_seed,seed1 2k->selected(4000),1,2000,1,4000,13,mlp,up_proj,0.9003190976,0.03666220892,0.06497858203,0.08183216918,0.2593714208,0.564219898,0.08147140479,0.002547031097,1
within_seed,seed1 2k->selected(4000),1,2000,1,4000,13,mlp,down_proj,0.9315730577,0.01642818021,0.03724606717,0.0439994443,0.1813178582,0.4410715401,-0.3988727499,0.0002434581529,0
within_seed,seed1 2k->selected(4000),1,2000,1,4000,14,attention,q_proj,0.8712235267,0.01550134763,0.02392826605,0.0309622913,0.2939630155,0.6478257806,0.6044128393,0.0004589448966,1
within_seed,seed1 2k->selected(4000),1,2000,1,4000,14,attention,k_proj,0.8815118842,0.005864824263,0.009310776852,0.01208952471,0.2984442545,0.6298963402,1.041013066,7.174931987e-05,0
within_seed,seed1 2k->selected(4000),1,2000,1,4000,14,attention,v_proj,0.8988255729,0.005754874714,0.01078729794,0.01297663826,0.2029553954,0.5334862119,0.6354932456,3.390108108e-05,1
within_seed,seed1 2k->selected(4000),1,2000,1,4000,14,attention,o_proj,0.9199777524,0.01462237432,0.02990931176,0.03625499353,0.2121640852,0.4888903642,0.04844347615,0.0003052879071,0
within_seed,seed1 2k->selected(4000),1,2000,1,4000,14,mlp,gate_proj,0.890841374,0.03639490583,0.06236028768,0.0783989843,0.2571940768,0.5836231226,0.4513954204,0.002298057729,1
within_seed,seed1 2k->selected(4000),1,2000,1,4000,14,mlp,up_proj,0.904348457,0.03534820087,0.06849627215,0.08181600633,0.1944592568,0.5160602141,0.08383513676,0.001152276411,1
within_seed,seed1 2k->selected(4000),1,2000,1,4000,14,mlp,down_proj,0.9441896629,0.01417193129,0.03821975554,0.04259390199,0.1144472639,0.3708012018,-0.07354072598,-0.0002471747277,1
within_seed,seed1 2k->selected(4000),1,2000,1,4000,15,attention,q_proj,0.8807447921,0.0145192115,0.02452037827,0.03031136674,0.2361704379,0.5921283652,0.3797524692,0.0002845357156,0
within_seed,seed1 2k->selected(4000),1,2000,1,4000,15,attention,k_proj,0.8730844092,0.005413529144,0.008659496401,0.01094870773,0.264358483,0.625155193,0.5850641118,4.735459862e-05,1
within_seed,seed1 2k->selected(4000),1,2000,1,4000,15,attention,v_proj,0.9169037631,0.00551849745,0.01132781123,0.01355102753,0.1962617719,0.4871636134,0.5432915306,3.275642813e-05,1
within_seed,seed1 2k->selected(4000),1,2000,1,4000,15,attention,o_proj,0.9278503868,0.01466692294,0.03358454504,0.03879241444,0.1550674393,0.4367164397,0.2492156776,4.261772066e-05,1
within_seed,seed1 2k->selected(4000),1,2000,1,4000,15,mlp,gate_proj,0.909166676,0.03277759035,0.0655226139,0.0777329926,0.1863536567,0.5002485157,0.696610583,0.0008683716091,1
within_seed,seed1 2k->selected(4000),1,2000,1,4000,15,mlp,up_proj,0.9226321062,0.03096065304,0.06881278446,0.0794325713,0.1543286893,0.4499258864,0.7751265785,0.0001607768892,1
within_seed,seed1 2k->selected(4000),1,2000,1,4000,15,mlp,down_proj,0.9559935858,0.01253407051,0.04024212478,0.04267936706,0.06056445298,0.3114664192,0.273752809,-0.0007001715384,1
within_seed,seed1 2k->selected(4000),1,2000,1,4000,16,attention,q_proj,0.9141485609,0.01375741818,0.02850146602,0.03352276159,0.1761767469,0.4826915981,1.11726172,0.00012045318,1
within_seed,seed1 2k->selected(4000),1,2000,1,4000,16,attention,k_proj,0.898231415,0.005763406591,0.01029592111,0.01281723503,0.2448847357,0.5597757139,0.7749283213,5.531256813e-05,1
within_seed,seed1 2k->selected(4000),1,2000,1,4000,16,attention,v_proj,0.9304224493,0.00528676113,0.01211675244,0.01414257126,0.1671915665,0.436318325,0.06199373421,1.482884457e-05,1
within_seed,seed1 2k->selected(4000),1,2000,1,4000,16,attention,o_proj,0.9370943281,0.01327295331,0.03390560429,0.03778015291,0.1142745778,0.3914678291,0.2486409565,-0.0001955165623,0
within_seed,seed1 2k->selected(4000),1,2000,1,4000,16,mlp,gate_proj,0.9115992621,0.03257757797,0.06745799793,0.07859175008,0.1650471774,0.4829312902,0.05036951915,0.000408522046,1
within_seed,seed1 2k->selected(4000),1,2000,1,4000,16,mlp,up_proj,0.92989564,0.02944683778,0.07076236894,0.07957319687,0.1245129023,0.4161369697,0.496765236,-0.0005939085584,1
within_seed,seed1 2k->selected(4000),1,2000,1,4000,16,mlp,down_proj,0.9586643191,0.01237273031,0.04125919137,0.04346010954,0.05334370593,0.299878158,0.1995835658,-0.0007943544496,0
within_seed,seed1 2k->selected(4000),1,2000,1,4000,17,attention,q_proj,0.9188619075,0.01300653731,0.02955371147,0.03291638053,0.1137816162,0.4400982706,0.8606052118,-0.0001507012703,1
within_seed,seed1 2k->selected(4000),1,2000,1,4000,17,attention,k_proj,0.9048765041,0.004991901776,0.01066989915,0.01172622615,0.09900065435,0.4678490121,2.254853372,-2.800404804e-05,2
within_seed,seed1 2k->selected(4000),1,2000,1,4000,17,attention,v_proj,0.9384680163,0.004763922912,0.01258215944,0.01376039063,0.09364300291,0.3786252222,0.5428178549,-4.311709603e-05,1
within_seed,seed1 2k->selected(4000),1,2000,1,4000,17,attention,o_proj,0.9514140376,0.01173537174,0.03483840564,0.03790443121,0.0880070577,0.336851573,0.4203548424,-0.0003640725012,0
within_seed,seed1 2k->selected(4000),1,2000,1,4000,17,mlp,gate_proj,0.9305052242,0.02764820317,0.06944910252,0.07545536392,0.08648436312,0.3981074221,1.04497277,-0.001482645297,1
within_seed,seed1 2k->selected(4000),1,2000,1,4000,17,mlp,up_proj,0.9464281303,0.02560608461,0.07581275845,0.07925800328,0.04544412974,0.3377542927,0.5237453455,-0.002895956967,1
within_seed,seed1 2k->selected(4000),1,2000,1,4000,17,mlp,down_proj,0.9675052047,0.01133700459,0.04369880267,0.0448167032,0.02558194869,0.2594351308,0.131926478,-0.001138533392,0
within_seed,seed1 2k->selected(4000),1,2000,1,4000,18,attention,q_proj,0.9567107762,0.0124478459,0.04040897105,0.04273844544,0.05764745618,0.3080465941,0.04477248839,-0.000728643556,0
within_seed,seed1 2k->selected(4000),1,2000,1,4000,18,attention,k_proj,0.9486505495,0.004498634024,0.01275013394,0.01408816227,0.104942296,0.3528303346,0.8494971686,-3.520806786e-05,0
within_seed,seed1 2k->selected(4000),1,2000,1,4000,18,attention,v_proj,0.9617124153,0.003715222548,0.01335351063,0.01348230147,0.009644717329,0.2782206605,0.4769546905,-0.0001193025453,1
within_seed,seed1 2k->selected(4000),1,2000,1,4000,18,attention,o_proj,0.9678421087,0.009919842656,0.03887279018,0.03928968579,0.01072461245,0.2551873074,0.2338594743,-0.00100359515,1
within_seed,seed1 2k->selected(4000),1,2000,1,4000,18,mlp,gate_proj,0.9474882577,0.02556738038,0.07588594914,0.07994927788,0.05354520538,0.3369185029,0.1898199816,-0.002681683753,0
within_seed,seed1 2k->selected(4000),1,2000,1,4000,18,mlp,up_proj,0.9580789423,0.02455932298,0.08272301032,0.08569307385,0.03590371667,0.2968862337,0.06946324505,-0.003753049115,1
within_seed,seed1 2k->selected(4000),1,2000,1,4000,18,mlp,down_proj,0.9733986547,0.01077558501,0.0466575137,0.04677116745,0.002435915264,0.2309506906,0.005391665367,-0.001527369968,0
within_seed,seed1 2k->selected(4000),1,2000,1,4000,19,attention,q_proj,0.9475827196,0.01160391055,0.03418830813,0.03631126485,0.06209598644,0.3394116641,-0.01276169881,-0.0004968245737,0
within_seed,seed1 2k->selected(4000),1,2000,1,4000,19,attention,k_proj,0.9567044429,0.003661955027,0.01242473278,0.01246288225,0.003070445845,0.2947310894,0.758223907,-0.0001078705522,0
within_seed,seed1 2k->selected(4000),1,2000,1,4000,19,attention,v_proj,0.9662672663,0.003625046296,0.01398706412,0.01392116088,-0.004711727994,0.2591713504,0.2644466836,-0.0001435356696,1
within_seed,seed1 2k->selected(4000),1,2000,1,4000,19,attention,o_proj,0.9689693885,0.01011030248,0.04048652638,0.04066838393,0.004491804233,0.2497201755,0.1145287823,-0.001134878428,0
within_seed,seed1 2k->selected(4000),1,2000,1,4000,19,mlp,gate_proj,0.9484104864,0.02526988383,0.07628047408,0.07967217132,0.0444635051,0.3312759148,0.007445087767,-0.002958575324,0
within_seed,seed1 2k->selected(4000),1,2000,1,4000,19,mlp,up_proj,0.957049541,0.02604608909,0.08655182367,0.08981403951,0.03769089663,0.3009305638,0.004385920887,-0.004046172306,0
within_seed,seed1 2k->selected(4000),1,2000,1,4000,19,mlp,down_proj,0.9716965745,0.01144577933,0.04753849358,0.04840431322,0.01821302214,0.2407686585,0.01022526317,-0.001423824948,0
within_seed,seed1 2k->selected(4000),1,2000,1,4000,20,attention,q_proj,0.9358802944,0.01292394783,0.03285829061,0.03649698228,0.1107389218,0.3933238032,-0.06788447076,-0.0002026956483,0
within_seed,seed1 2k->selected(4000),1,2000,1,4000,20,attention,k_proj,0.9478170367,0.003793688394,0.01131773356,0.01189868923,0.05133144938,0.3351985956,1.047023081,-6.098925277e-05,1
within_seed,seed1 2k->selected(4000),1,2000,1,4000,20,attention,v_proj,0.9564552714,0.00367023131,0.01232482376,0.01251589563,0.01550301023,0.2977917884,0.3224882513,-9.758314956e-05,1
within_seed,seed1 2k->selected(4000),1,2000,1,4000,20,attention,o_proj,0.9651785349,0.01019868817,0.03862999227,0.03866185874,0.0008249152846,0.2640095836,0.1212619593,-0.00105782227,0
within_seed,seed1 2k->selected(4000),1,2000,1,4000,20,mlp,gate_proj,0.951152274,0.02518300113,0.07766641348,0.08157133212,0.0502780862,0.3242457067,-0.09749494835,-0.002902092247,0
within_seed,seed1 2k->selected(4000),1,2000,1,4000,20,mlp,up_proj,0.9591532883,0.02361131805,0.08046146998,0.08345252908,0.0371738063,0.2934487533,0.02720421142,-0.003512372473,1
within_seed,seed1 2k->selected(4000),1,2000,1,4000,20,mlp,down_proj,0.9698940298,0.01119312448,0.04536767487,0.04579676649,0.00945809146,0.2467202586,0.01651930526,-0.001378798196,0
within_seed,seed1 2k->selected(4000),1,2000,1,4000,21,attention,q_proj,0.9483551462,0.0115679299,0.03397707128,0.03642402126,0.07201768378,0.3404628318,-0.1217180272,-0.0004358182503,0
within_seed,seed1 2k->selected(4000),1,2000,1,4000,21,attention,k_proj,0.9598003252,0.00354017137,0.01188209619,0.01259181096,0.05972976189,0.2979416523,0.18006371,-6.160304215e-05,0
within_seed,seed1 2k->selected(4000),1,2000,1,4000,21,attention,v_proj,0.9612966195,0.003607447041,0.01293903718,0.01299063051,0.003987416161,0.27880336,0.3939293494,-0.0001162938434,0
within_seed,seed1 2k->selected(4000),1,2000,1,4000,21,attention,o_proj,0.9615947981,0.01034431675,0.03699084611,0.03755053115,0.01513036595,0.2796453133,0.09453162707,-0.0008813512917,0
within_seed,seed1 2k->selected(4000),1,2000,1,4000,21,mlp,gate_proj,0.945725737,0.02521943962,0.0747944368,0.0774622789,0.03566899109,0.3371833615,0.1476035466,-0.003074212526,0
within_seed,seed1 2k->selected(4000),1,2000,1,4000,21,mlp,up_proj,0.9557123007,0.02458318194,0.08229508031,0.08286245594,0.006894405119,0.2987199459,0.07805872275,-0.004615467922,0
within_seed,seed1 2k->selected(4000),1,2000,1,4000,21,mlp,down_proj,0.9684391529,0.01092299755,0.04367196494,0.04320105479,-0.01078289347,0.2501146346,0.03952857475,-0.001450900216,0
within_seed,seed1 2k->selected(4000),1,2000,1,4000,22,attention,q_proj,0.9484313552,0.01076397479,0.03269103169,0.03391758607,0.03751959841,0.3292638449,-0.07570465899,-0.0005780833971,0
within_seed,seed1 2k->selected(4000),1,2000,1,4000,22,attention,k_proj,0.9538292954,0.003749957023,0.01236319165,0.01231559846,-0.003849587487,0.3033162577,0.3880287168,-0.0001115526611,0
within_seed,seed1 2k->selected(4000),1,2000,1,4000,22,attention,v_proj,0.9543505226,0.003828163636,0.01280856479,0.01235902858,-0.03509653202,0.2988752994,0.4261020318,-0.0001423072959,0
within_seed,seed1 2k->selected(4000),1,2000,1,4000,22,attention,o_proj,0.961824818,0.00963482787,0.03517150619,0.03425851725,-0.02595819865,0.2739384494,0.1808263231,-0.001023805582,0
within_seed,seed1 2k->selected(4000),1,2000,1,4000,22,mlp,gate_proj,0.9408684365,0.02510885248,0.07176422233,0.07379720891,0.02832869234,0.34987981,-0.1469775467,-0.003005357824,0
within_seed,seed1 2k->selected(4000),1,2000,1,4000,22,mlp,up_proj,0.9567215383,0.02320055074,0.0787690901,0.07894315896,0.002209862589,0.2945387678,0.01941861604,-0.004359554217,0
within_seed,seed1 2k->selected(4000),1,2000,1,4000,22,mlp,down_proj,0.9730729863,0.01022548196,0.0442475952,0.04379231715,-0.0102893286,0.2310968971,0.009710861616,-0.001485106487,0
within_seed,seed1 2k->selected(4000),1,2000,1,4000,23,attention,q_proj,0.952528665,0.01011455856,0.03270004059,0.03293447609,0.007169272458,0.3093133337,0.1071504022,-0.0007273973547,0
within_seed,seed1 2k->selected(4000),1,2000,1,4000,23,attention,k_proj,0.9364005608,0.003251173781,0.009197549235,0.009002372304,-0.02122053672,0.3534826178,1.053919684,-6.8255838e-05,1
within_seed,seed1 2k->selected(4000),1,2000,1,4000,23,attention,v_proj,0.9685148274,0.003477489895,0.01392827955,0.0137527891,-0.01259957844,0.2496711731,0.06171044458,-0.0001491440034,1
within_seed,seed1 2k->selected(4000),1,2000,1,4000,23,attention,o_proj,0.9689210557,0.01013849957,0.04078350083,0.04052043825,-0.006450220596,0.2485931655,0.04716162344,-0.001233238561,0
within_seed,seed1 2k->selected(4000),1,2000,1,4000,23,mlp,gate_proj,0.9445662045,0.02764939844,0.08024163409,0.08418576158,0.04915313022,0.3445767119,-0.05150327307,-0.003131879448,0
within_seed,seed1 2k->selected(4000),1,2000,1,4000,23,mlp,up_proj,0.9617280746,0.02429621576,0.08719130853,0.08827364543,0.01241335767,0.2786541018,-0.0298081972,-0.004990774173,0
within_seed,seed1 2k->selected(4000),1,2000,1,4000,23,mlp,down_proj,0.9730328293,0.01151892918,0.04955763178,0.04963938743,0.001649708554,0.2324350209,0.01351787508,-0.001731835093,0
within_seed,seed1 2k->selected(4000),1,2000,1,4000,24,attention,q_proj,0.9433351631,0.01162817349,0.03339749125,0.03502479733,0.04872539888,0.3481750592,-0.2207656253,-0.0005447891098,0
within_seed,seed1 2k->selected(4000),1,2000,1,4000,24,attention,k_proj,0.9338952628,0.004178432215,0.01144348595,0.01153452204,0.007955276011,0.3651363083,0.0165729933,-8.861665701e-05,0
within_seed,seed1 2k->selected(4000),1,2000,1,4000,24,attention,v_proj,0.9634743601,0.003530520713,0.0131809697,0.01276722967,-0.03138919472,0.2678498468,0.2152641827,-0.0001479063338,1
within_seed,seed1 2k->selected(4000),1,2000,1,4000,24,attention,o_proj,0.9737810769,0.009393497135,0.041292423,0.04020663826,-0.0262950117,0.2274871866,0.08512755769,-0.001413671701,1
within_seed,seed1 2k->selected(4000),1,2000,1,4000,24,mlp,gate_proj,0.9535494234,0.02755527012,0.08808111157,0.09142469487,0.03796027595,0.3128397182,-0.03188744561,-0.004180679248,0
within_seed,seed1 2k->selected(4000),1,2000,1,4000,24,mlp,up_proj,0.9696368376,0.02259191381,0.09194295499,0.09135073733,-0.006441142249,0.2457166383,0.007186108365,-0.006267455791,0
within_seed,seed1 2k->selected(4000),1,2000,1,4000,24,mlp,down_proj,0.9795639714,0.01069402245,0.05316894602,0.05208551665,-0.02037710837,0.2011328651,0.01925053166,-0.00227044386,0
within_seed,seed1 2k->selected(4000),1,2000,1,4000,25,attention,q_proj,0.9749648421,0.01014677192,0.04561936877,0.04423506373,-0.03034467761,0.2224224533,0.07462294356,-0.001762241188,0
within_seed,seed1 2k->selected(4000),1,2000,1,4000,25,attention,k_proj,0.9663209866,0.00401671497,0.01559952876,0.01521112214,-0.02489861278,0.257489507,0.1466133797,-0.0002002710945,0
within_seed,seed1 2k->selected(4000),1,2000,1,4000,25,attention,v_proj,0.9735101574,0.003571541628,0.015469148,0.01456331225,-0.05855757231,0.2308815991,0.2427562082,-0.0002315980791,0
within_seed,seed1 2k->selected(4000),1,2000,1,4000,25,attention,o_proj,0.9722455716,0.009298610178,0.03956224881,0.03757600199,-0.0502056096,0.2350374526,0.1019020776,-0.001459319368,0
within_seed,seed1 2k->selected(4000),1,2000,1,4000,25,mlp,gate_proj,0.9521032206,0.02518041512,0.08114679251,0.08154706759,0.004932728248,0.3103069677,0.02850490663,-0.004545915251,0
within_seed,seed1 2k->selected(4000),1,2000,1,4000,25,mlp,up_proj,0.9782190728,0.01991562613,0.09583508856,0.09469711733,-0.01187426492,0.2078114231,0.03582005184,-0.007031349079,0
within_seed,seed1 2k->selected(4000),1,2000,1,4000,25,mlp,down_proj,0.9797949514,0.009969057971,0.04959229224,0.04758940743,-0.04038701813,0.2010203102,0.05645229578,-0.002189538258,0
within_seed,seed1 2k->selected(4000),1,2000,1,4000,26,attention,q_proj,0.963699216,0.009763768575,0.03637306462,0.03606397699,-0.008497706459,0.2684340371,0.1086825553,-0.0009930033217,0
within_seed,seed1 2k->selected(4000),1,2000,1,4000,26,attention,k_proj,0.9489995833,0.003142004014,0.009873506559,0.009796671435,-0.007781949006,0.3182257483,0.5968940129,-7.285932189e-05,1
within_seed,seed1 2k->selected(4000),1,2000,1,4000,26,attention,v_proj,0.9715050475,0.003251464444,0.01368299128,0.01352579197,-0.01148866485,0.2376281895,0.1937086717,-0.0001430143918,0
within_seed,seed1 2k->selected(4000),1,2000,1,4000,26,attention,o_proj,0.9765391478,0.008508518453,0.03928921067,0.03746511784,-0.0464273219,0.216561196,0.06888253943,-0.001414320117,0
within_seed,seed1 2k->selected(4000),1,2000,1,4000,26,mlp,gate_proj,0.9572722578,0.02413137946,0.08208367819,0.0829178883,0.01016292303,0.2939851136,0.05030256549,-0.004492045954,0
within_seed,seed1 2k->selected(4000),1,2000,1,4000,26,mlp,up_proj,0.9696768512,0.02204524899,0.0900066038,0.08873844614,-0.01408960686,0.2449292391,0.08251658273,-0.00628164168,0
within_seed,seed1 2k->selected(4000),1,2000,1,4000,26,mlp,down_proj,0.9786490631,0.009578801376,0.04636132223,0.04439625497,-0.04238591929,0.2066119109,0.03268778766,-0.001932027634,1
within_seed,seed1 2k->selected(4000),1,2000,1,4000,27,attention,q_proj,0.8904542035,0.01697666883,0.03158939602,0.03715957756,0.1763307389,0.5374166958,0.7487532021,0.0001487792642,1
within_seed,seed1 2k->selected(4000),1,2000,1,4000,27,attention,k_proj,0.9515703712,0.003679072229,0.01182081999,0.01182191547,9.267354644e-05,0.3112366342,0.3076572728,-9.951064516e-05,0
within_seed,seed1 2k->selected(4000),1,2000,1,4000,27,attention,v_proj,0.9710223814,0.003401993357,0.01421944084,0.01364856789,-0.04014735554,0.239249447,0.2142345717,-0.0001797980754,0
within_seed,seed1 2k->selected(4000),1,2000,1,4000,27,attention,o_proj,0.9755123418,0.008619219812,0.0389768469,0.03712858751,-0.04741941787,0.2211369184,0.03842063984,-0.001398371528,0
within_seed,seed1 2k->selected(4000),1,2000,1,4000,27,mlp,gate_proj,0.9435237455,0.02264436732,0.06827734905,0.06545806723,-0.04129161228,0.3316527023,0.3816718888,-0.004168444833,0
within_seed,seed1 2k->selected(4000),1,2000,1,4000,27,mlp,up_proj,0.9632018342,0.01807870296,0.06376898942,0.05567196054,-0.1269743955,0.2835030495,0.3028210006,-0.005069180547,0
within_seed,seed1 2k->selected(4000),1,2000,1,4000,27,mlp,down_proj,0.9908585722,0.007139851597,0.03612368479,0.03057533544,-0.1535931171,0.1976501466,0.02642525288,-0.001760786463,0
within_seed,seed1 selected(4000)->30k,1,4000,1,30000,0,attention,q_proj,0.9155622295,0.05390625757,0.04542138573,0.09230283289,1.032144801,1.186803456,0.5370552916,-0.0001727424107,2
within_seed,seed1 selected(4000)->30k,1,4000,1,30000,0,attention,k_proj,0.8985904871,0.020147151,0.01611891515,0.03334917395,1.068946553,1.24990738,1.032657984,-1.228215585e-06,1
within_seed,seed1 selected(4000)->30k,1,4000,1,30000,0,attention,v_proj,0.745931343,0.01799119636,0.0108596699,0.02457387749,1.262856765,1.656698273,-0.4279769201,5.129555036e-05,0
within_seed,seed1 selected(4000)->30k,1,4000,1,30000,0,attention,o_proj,0.719557429,0.05059885114,0.02760529272,0.06669044361,1.415857143,1.832940214,-1.662424069,0.000617005491,-1
within_seed,seed1 selected(4000)->30k,1,4000,1,30000,0,mlp,gate_proj,0.7109811684,0.1082839735,0.05752094245,0.1413416553,1.457220783,1.882513896,-1.088495871,0.003027995389,-1
within_seed,seed1 selected(4000)->30k,1,4000,1,30000,0,mlp,up_proj,0.7119778689,0.1137720293,0.06091699152,0.1487958645,1.442600344,1.867656731,-0.7738999868,0.003256945359,-1
within_seed,seed1 selected(4000)->30k,1,4000,1,30000,0,mlp,down_proj,0.735871781,0.04956773065,0.03048534332,0.06749833342,1.214124103,1.625952843,-1.49499084,0.000298094959,-1
within_seed,seed1 selected(4000)->30k,1,4000,1,30000,1,attention,q_proj,0.74118643,0.04231843911,0.02551009181,0.0576064148,1.258181398,1.658890114,0.2449010681,0.0002758544966,0
within_seed,seed1 selected(4000)->30k,1,4000,1,30000,1,attention,k_proj,0.7788470069,0.01688350174,0.01025952138,0.02359971347,1.300274311,1.64564224,-0.2413887072,5.518989917e-05,0
within_seed,seed1 selected(4000)->30k,1,4000,1,30000,1,attention,v_proj,0.7317451528,0.0168637726,0.01075933885,0.0230589119,1.143153239,1.567361418,-0.3809990743,1.839295826e-05,0
within_seed,seed1 selected(4000)->30k,1,4000,1,30000,1,attention,o_proj,0.7044323725,0.04902603638,0.02855229119,0.06475459687,1.267929969,1.717061376,-3.154483956,0.0003644001989,-1
within_seed,seed1 selected(4000)->30k,1,4000,1,30000,1,mlp,gate_proj,0.7001004822,0.1039379862,0.04991597555,0.1325819356,1.656102263,2.082258937,-0.9121107724,0.003606569221,-2
within_seed,seed1 selected(4000)->30k,1,4000,1,30000,1,mlp,up_proj,0.720129872,0.100470439,0.0546215257,0.1323830109,1.423641763,1.839392762,-0.3594877637,0.002474473819,0
within_seed,seed1 selected(4000)->30k,1,4000,1,30000,1,mlp,down_proj,0.7315762237,0.0574394221,0.02998391635,0.07561437108,1.521831044,1.915674438,-2.061000146,0.0009741625549,-1
within_seed,seed1 selected(4000)->30k,1,4000,1,30000,2,attention,q_proj,0.7480598484,0.04423153285,0.02750638669,0.06086558319,1.21278003,1.608045918,0.3744779622,0.0002403266361,1
within_seed,seed1 selected(4000)->30k,1,4000,1,30000,2,attention,k_proj,0.7607458656,0.01624176195,0.01063302121,0.02279161335,1.143474832,1.527483265,-0.3710432868,1.804520116e-05,0
within_seed,seed1 selected(4000)->30k,1,4000,1,30000,2,attention,v_proj,0.7434727249,0.01705163647,0.01055489617,0.02336926943,1.214069098,1.615519111,-2.081693384,3.571969314e-05,-1
within_seed,seed1 selected(4000)->30k,1,4000,1,30000,2,attention,o_proj,0.7196978869,0.04797104708,0.0296467788,0.064667379,1.181261561,1.618086315,-2.982151837,0.0002154664823,-2
within_seed,seed1 selected(4000)->30k,1,4000,1,30000,2,mlp,gate_proj,0.6834256829,0.1317255263,0.05658858714,0.1637541946,1.893767151,2.327775492,-1.391340053,0.006846187113,-4
within_seed,seed1 selected(4000)->30k,1,4000,1,30000,2,mlp,up_proj,0.7029873815,0.1197470685,0.06304196927,0.1553543238,1.464299983,1.899481724,-1.457725107,0.003709642402,-2
within_seed,seed1 selected(4000)->30k,1,4000,1,30000,2,mlp,down_proj,0.7263346218,0.05752023393,0.02983556559,0.07541101201,1.527554297,1.92790828,-1.468069938,0.0009780121875,-2
within_seed,seed1 selected(4000)->30k,1,4000,1,30000,3,attention,q_proj,0.7277777514,0.04434871955,0.02508086431,0.05913045186,1.357592271,1.768229316,0.01864396714,0.0004177393837,0
within_seed,seed1 selected(4000)->30k,1,4000,1,30000,3,attention,k_proj,0.747308135,0.0172803317,0.009999782685,0.02342468147,1.342519054,1.728070724,0.163740199,6.269688626e-05,0
within_seed,seed1 selected(4000)->30k,1,4000,1,30000,3,attention,v_proj,0.7330422762,0.01803899119,0.01112106259,0.02452858477,1.205597224,1.62205644,-1.04854802,3.723048638e-05,-1
within_seed,seed1 selected(4000)->30k,1,4000,1,30000,3,attention,o_proj,0.7353124665,0.04925233521,0.03138054296,0.06749844846,1.150964964,1.569518261,-1.515290977,0.0001737500125,-1
within_seed,seed1 selected(4000)->30k,1,4000,1,30000,3,mlp,gate_proj,0.6924507407,0.1386636752,0.06480848458,0.1754193652,1.706734564,2.139591384,-1.992685124,0.006676631119,-2
within_seed,seed1 selected(4000)->30k,1,4000,1,30000,3,mlp,up_proj,0.7121892451,0.1270825496,0.06809303287,0.1662452446,1.441442796,1.866307671,-1.605486471,0.004055758845,-2
within_seed,seed1 selected(4000)->30k,1,4000,1,30000,3,mlp,down_proj,0.7003489017,0.06337930764,0.03306457735,0.08197769748,1.479320894,1.916834048,-1.87023562,0.001062960916,-1
within_seed,seed1 selected(4000)->30k,1,4000,1,30000,4,attention,q_proj,0.7134703592,0.04323221229,0.02398412231,0.056944174,1.374244647,1.802534683,-0.2888413485,0.0004057301898,0
within_seed,seed1 selected(4000)->30k,1,4000,1,30000,4,attention,k_proj,0.7078098115,0.01649780775,0.008391665138,0.02133573122,1.542490777,1.965975462,-0.2244443687,8.01613327e-05,-1
within_seed,seed1 selected(4000)->30k,1,4000,1,30000,4,attention,v_proj,0.7219616674,0.01653869671,0.0101972756,0.02232010757,1.188830474,1.621874054,-1.103543253,2.729173927e-05,0
within_seed,seed1 selected(4000)->30k,1,4000,1,30000,4,attention,o_proj,0.7164341798,0.04660160673,0.02829548529,0.06248587035,1.20833358,1.646962625,-2.602646911,0.0002460747705,-2
within_seed,seed1 selected(4000)->30k,1,4000,1,30000,4,mlp,gate_proj,0.6803939878,0.1381481504,0.06572487525,0.1741982453,1.650415763,2.101915749,-2.44057037,0.006184570495,-3
within_seed,seed1 selected(4000)->30k,1,4000,1,30000,4,mlp,up_proj,0.7141298578,0.1236427566,0.071986146,0.1643156162,1.282600546,1.717591001,-0.7655529141,0.002497381883,-2
within_seed,seed1 selected(4000)->30k,1,4000,1,30000,4,mlp,down_proj,0.707437693,0.0590333924,0.03312281565,0.07762545065,1.343564372,1.782257675,-3.489925726,0.000690703646,-2
within_seed,seed1 selected(4000)->30k,1,4000,1,30000,5,attention,q_proj,0.7096522593,0.04232219968,0.02647931466,0.05677952641,1.144297432,1.598311747,-0.6191172455,0.000113202693,1
within_seed,seed1 selected(4000)->30k,1,4000,1,30000,5,attention,k_proj,0.6996310751,0.01488445356,0.009469306901,0.01988285274,1.09971574,1.571863043,0.1624909654,5.596458652e-06,0
within_seed,seed1 selected(4000)->30k,1,4000,1,30000,5,attention,v_proj,0.7202112096,0.01599741922,0.01070406864,0.02187859212,1.043951029,1.494517622,-0.3983066862,-6.707286204e-06,0
within_seed,seed1 selected(4000)->30k,1,4000,1,30000,5,attention,o_proj,0.7135425813,0.04678412921,0.02954002521,0.0630355028,1.133901456,1.583753869,-1.93423322,0.000120569953,-2
within_seed,seed1 selected(4000)->30k,1,4000,1,30000,5,mlp,gate_proj,0.6840560124,0.1484493382,0.06868910871,0.1867255573,1.718415784,2.161177238,-1.586396108,0.007656652597,-3
within_seed,seed1 selected(4000)->30k,1,4000,1,30000,5,mlp,up_proj,0.7008591217,0.1241937065,0.06900720055,0.1623870914,1.353190539,1.799720979,-2.141953502,0.003110658466,-2
within_seed,seed1 selected(4000)->30k,1,4000,1,30000,5,mlp,down_proj,0.705967887,0.05934029605,0.03427691766,0.07834566867,1.285668433,1.731202806,-3.137735807,0.0005748462584,-3
within_seed,seed1 selected(4000)->30k,1,4000,1,30000,6,attention,q_proj,0.7230180213,0.04361809531,0.02773497178,0.05923741902,1.135838446,1.572674948,0.2426964656,0.0001096152967,1
within_seed,seed1 selected(4000)->30k,1,4000,1,30000,6,attention,k_proj,0.7482712908,0.01577174655,0.01035467354,0.02194535309,1.119366971,1.523152467,0.2941535311,1.134510948e-05,0
within_seed,seed1 selected(4000)->30k,1,4000,1,30000,6,attention,v_proj,0.7650820558,0.01793636729,0.01178570881,0.02526871877,1.144013498,1.521874295,-1.132096231,2.233761919e-05,-1
within_seed,seed1 selected(4000)->30k,1,4000,1,30000,6,attention,o_proj,0.7225682469,0.05080452198,0.03250194451,0.06905089461,1.124515799,1.563122538,-2.695024731,0.000123860189,-2
within_seed,seed1 selected(4000)->30k,1,4000,1,30000,6,mlp,gate_proj,0.6911630406,0.1383139005,0.06864155652,0.1765543315,1.572120163,2.01501696,-2.564763642,0.005737183177,-2
within_seed,seed1 selected(4000)->30k,1,4000,1,30000,6,mlp,up_proj,0.7131194563,0.1208546193,0.07086253806,0.1607059092,1.267854266,1.705479688,-0.192784402,0.002243651575,-1
within_seed,seed1 selected(4000)->30k,1,4000,1,30000,6,mlp,down_proj,0.7169316232,0.05942161244,0.03654741917,0.07988401811,1.185763589,1.625877115,-3.109348425,0.0003411909016,-3
within_seed,seed1 selected(4000)->30k,1,4000,1,30000,7,attention,q_proj,0.7387995798,0.04780298035,0.02799842727,0.06460665147,1.30751002,1.707345198,-0.0491337938,0.0004247100151,0
within_seed,seed1 selected(4000)->30k,1,4000,1,30000,7,attention,k_proj,0.7462598722,0.01829443585,0.0102900645,0.02464281629,1.394816504,1.777873778,-0.1582312363,8.01213916e-05,1
within_seed,seed1 selected(4000)->30k,1,4000,1,30000,7,attention,v_proj,0.7285145858,0.01784158421,0.01150208841,0.024386909,1.12021575,1.551160413,-1.208945237,1.424794745e-05,-1
within_seed,seed1 selected(4000)->30k,1,4000,1,30000,7,attention,o_proj,0.7224542735,0.05080786196,0.03238366706,0.06900379465,1.130820902,1.568934792,-2.624294786,0.0001376885534,-1
within_seed,seed1 selected(4000)->30k,1,4000,1,30000,7,mlp,gate_proj,0.7004052699,0.1359730644,0.07050691803,0.1757011538,1.491970415,1.928506709,-3.782351275,0.004997058825,-2
within_seed,seed1 selected(4000)->30k,1,4000,1,30000,7,mlp,up_proj,0.7213323072,0.1193718682,0.0718950902,0.1603509172,1.230345866,1.660361895,-1.367760452,0.00185301696,-1
within_seed,seed1 selected(4000)->30k,1,4000,1,30000,7,mlp,down_proj,0.7192840952,0.05810450459,0.03895831212,0.07943825068,1.039057812,1.491453337,-1.721519759,-0.0001047208884,-3
within_seed,seed1 selected(4000)->30k,1,4000,1,30000,8,attention,q_proj,0.7639341085,0.04546735489,0.03002069473,0.06406774726,1.134119408,1.514533734,0.134413948,0.0001249644927,0
within_seed,seed1 selected(4000)->30k,1,4000,1,30000,8,attention,k_proj,0.747633953,0.01737385822,0.0115374144,0.02421879968,1.099153141,1.505871039,-0.7181668751,8.143354224e-06,0
within_seed,seed1 selected(4000)->30k,1,4000,1,30000,8,attention,v_proj,0.7438843992,0.01758601991,0.01233161112,0.0247086969,1.003687649,1.426092644,-0.668173507,-2.187450769e-05,0
within_seed,seed1 selected(4000)->30k,1,4000,1,30000,8,attention,o_proj,0.7257709562,0.05168352492,0.0351958938,0.07120529841,1.023113799,1.468453258,-1.603774083,-0.000127467001,-2
within_seed,seed1 selected(4000)->30k,1,4000,1,30000,8,mlp,gate_proj,0.6999804243,0.1284036585,0.07143986086,0.1678389965,1.349374627,1.797367141,-2.95487705,0.003285901022,-2
within_seed,seed1 selected(4000)->30k,1,4000,1,30000,8,mlp,up_proj,0.7191425527,0.1221150344,0.07634290487,0.1648923842,1.159891406,1.599559705,-1.768530631,0.001145746166,-2
within_seed,seed1 selected(4000)->30k,1,4000,1,30000,8,mlp,down_proj,0.7299619842,0.05620155765,0.03957144327,0.07815122234,0.9749399031,1.420255442,-1.777373419,-0.0003189990165,-3
within_seed,seed1 selected(4000)->30k,1,4000,1,30000,9,attention,q_proj,0.7104350868,0.04831164168,0.02727099218,0.0637101472,1.336187359,1.771539567,-1.230188217,0.0004547690204,-1
within_seed,seed1 selected(4000)->30k,1,4000,1,30000,9,attention,k_proj,0.7231293511,0.01828774653,0.01016767206,0.02423803864,1.383833634,1.798616874,-0.9525441886,7.538664799e-05,0
within_seed,seed1 selected(4000)->30k,1,4000,1,30000,9,attention,v_proj,0.7394848888,0.0181887623,0.01222715909,0.02526159564,1.066023305,1.487570593,-1.631079212,-1.652664615e-06,-1
within_seed,seed1 selected(4000)->30k,1,4000,1,30000,9,attention,o_proj,0.7245329748,0.04951066178,0.03279779531,0.06781185744,1.067573652,1.509572863,-1.418877292,-8.282697268e-06,-1
within_seed,seed1 selected(4000)->30k,1,4000,1,30000,9,mlp,gate_proj,0.6806213219,0.1409373383,0.07028683759,0.1790318487,1.547160392,2.005173986,-3.897086653,0.005685088223,-3
within_seed,seed1 selected(4000)->30k,1,4000,1,30000,9,mlp,up_proj,0.7188619617,0.1212547576,0.07804674839,0.1645445649,1.108282129,1.553617032,-1.051231559,0.0004951132055,-2
within_seed,seed1 selected(4000)->30k,1,4000,1,30000,9,mlp,down_proj,0.6993358297,0.06212353053,0.04133174187,0.08355370002,1.02153832,1.503046514,-1.191278181,-0.0001814828832,-2
within_seed,seed1 selected(4000)->30k,1,4000,1,30000,10,attention,q_proj,0.7444549275,0.04661990774,0.03167773505,0.06512874192,1.055978491,1.471693215,-0.6822891452,-3.284134601e-05,0
within_seed,seed1 selected(4000)->30k,1,4000,1,30000,10,attention,k_proj,0.7542907084,0.01737536328,0.01158467535,0.02436046992,1.102818525,1.499857593,1.033095329,9.292168146e-06,0
within_seed,seed1 selected(4000)->30k,1,4000,1,30000,10,attention,v_proj,0.7335846979,0.01841009129,0.01269463482,0.02557610847,1.014717937,1.450226143,-1.065588835,-1.944239318e-05,0
within_seed,seed1 selected(4000)->30k,1,4000,1,30000,10,attention,o_proj,0.7071939814,0.0508982299,0.03518066965,0.06928611915,0.9694371895,1.446766944,-1.378191305,-0.0002661969778,-2
within_seed,seed1 selected(4000)->30k,1,4000,1,30000,10,mlp,gate_proj,0.6913934343,0.1403704985,0.07269183482,0.1804343334,1.482181579,1.931035292,-3.682048234,0.005176885241,-3
within_seed,seed1 selected(4000)->30k,1,4000,1,30000,10,mlp,up_proj,0.7277826971,0.1180057599,0.07954251514,0.1625298168,1.043307487,1.483555803,-0.9092092476,-0.0003790913711,-1
within_seed,seed1 selected(4000)->30k,1,4000,1,30000,10,mlp,down_proj,0.7489800721,0.05324038721,0.04261402034,0.07705331584,0.8081681856,1.249363162,-0.5533866717,-0.0009696582839,-1
within_seed,seed1 selected(4000)->30k,1,4000,1,30000,11,attention,q_proj,0.7596436046,0.04840785245,0.03373056064,0.06877547084,1.038966134,1.435133349,-1.557644008,-7.872455695e-05,-1
within_seed,seed1 selected(4000)->30k,1,4000,1,30000,11,attention,k_proj,0.7682103923,0.01809598697,0.01219912979,0.02569543643,1.106333556,1.483383428,-0.09986264609,1.145656031e-05,0
within_seed,seed1 selected(4000)->30k,1,4000,1,30000,11,attention,v_proj,0.7534790153,0.01766048486,0.01305727986,0.02527192176,0.9354660414,1.352539354,-0.5872137115,-4.850762969e-05,-1
within_seed,seed1 selected(4000)->30k,1,4000,1,30000,11,attention,o_proj,0.7428057737,0.04711497921,0.03618376506,0.06728737145,0.859601159,1.302102728,-1.166590719,-0.000569819676,0
within_seed,seed1 selected(4000)->30k,1,4000,1,30000,11,mlp,gate_proj,0.7145774572,0.128536204,0.07548203107,0.171126923,1.267121334,1.702871559,-2.579385012,0.002535798564,-2
within_seed,seed1 selected(4000)->30k,1,4000,1,30000,11,mlp,up_proj,0.728325167,0.1134188463,0.07854723958,0.1570423606,0.9993364691,1.443957126,-1.546418391,-0.000943734727,-1
within_seed,seed1 selected(4000)->30k,1,4000,1,30000,11,mlp,down_proj,0.7694815132,0.04953960034,0.04330366644,0.07442220076,0.7186119995,1.144004756,-0.5079544457,-0.001311320958,-1
within_seed,seed1 selected(4000)->30k,1,4000,1,30000,12,attention,q_proj,0.7775940944,0.05449096563,0.03766774368,0.07836488383,1.080424155,1.446621441,-1.101672519,2.866352802e-05,-2
within_seed,seed1 selected(4000)->30k,1,4000,1,30000,12,attention,k_proj,0.7887203004,0.0179262818,0.01190068357,0.02575176637,1.163889681,1.506323708,0.466798917,2.912324102e-05,0
within_seed,seed1 selected(4000)->30k,1,4000,1,30000,12,attention,v_proj,0.7573826113,0.01757165357,0.01315115416,0.02529084448,0.9230893481,1.336130149,-1.098286101,-5.353105294e-05,0
within_seed,seed1 selected(4000)->30k,1,4000,1,30000,12,attention,o_proj,0.754016038,0.04607241925,0.03731085029,0.06714621832,0.7996432083,1.234826301,-0.7925288457,-0.0007657458938,0
within_seed,seed1 selected(4000)->30k,1,4000,1,30000,12,mlp,gate_proj,0.7327480055,0.1166267323,0.07587355033,0.1601712169,1.111028365,1.537119745,-2.327133649,0.0005028409782,-2
within_seed,seed1 selected(4000)->30k,1,4000,1,30000,12,mlp,up_proj,0.7452176282,0.106318085,0.07934935323,0.1513489793,0.9073750839,1.339873367,-1.395331005,-0.002147171765,-1
within_seed,seed1 selected(4000)->30k,1,4000,1,30000,12,mlp,down_proj,0.7909105688,0.04910980546,0.04429891705,0.07598686616,0.7153210781,1.108600587,-0.9620613789,-0.001383898213,-1
within_seed,seed1 selected(4000)->30k,1,4000,1,30000,13,attention,q_proj,0.7623234547,0.04453796891,0.03161832732,0.06366202726,1.013453356,1.408612431,-0.8858177581,-0.0001232766985,0
within_seed,seed1 selected(4000)->30k,1,4000,1,30000,13,attention,k_proj,0.7837759128,0.0169157945,0.01172985245,0.024460419,1.085313444,1.442114858,-1.314179222,4.246435435e-06,0
within_seed,seed1 selected(4000)->30k,1,4000,1,30000,13,attention,v_proj,0.7562379266,0.01602832953,0.01303988842,0.02343008534,0.7968010597,1.229176892,-0.4795224182,-9.444219847e-05,0
within_seed,seed1 selected(4000)->30k,1,4000,1,30000,13,attention,o_proj,0.7950309029,0.0443784633,0.0382804877,0.06825335912,0.7829803961,1.159297229,-0.5185754848,-0.000851854158,-1
within_seed,seed1 selected(4000)->30k,1,4000,1,30000,13,mlp,gate_proj,0.733912929,0.1146835801,0.07517929523,0.1578623686,1.099811765,1.525467614,-2.484853247,0.0003539482284,-2
within_seed,seed1 selected(4000)->30k,1,4000,1,30000,13,mlp,up_proj,0.7650792484,0.1043419285,0.08183216918,0.1526664512,0.8656043553,1.275072255,-0.6147730328,-0.002836071206,0
within_seed,seed1 selected(4000)->30k,1,4000,1,30000,13,mlp,down_proj,0.8082739492,0.04400774494,0.0439994443,0.07113747828,0.6167812894,1.000188653,-0.7684568925,-0.001697983422,-2
within_seed,seed1 selected(4000)->30k,1,4000,1,30000,14,attention,q_proj,0.7530856701,0.04169819145,0.0309622913,0.05970091086,0.9281812926,1.346741139,-0.364821924,-0.0002868775447,0
within_seed,seed1 selected(4000)->30k,1,4000,1,30000,14,attention,k_proj,0.7666595794,0.01614156441,0.01208952471,0.02342127092,0.9373194141,1.335169479,0.0272469435,-4.103456425e-05,0
within_seed,seed1 selected(4000)->30k,1,4000,1,30000,14,attention,v_proj,0.7515961,0.01626574469,0.01297663826,0.02358453334,0.8174609532,1.253463676,0.2761727257,-8.694644935e-05,0
within_seed,seed1 selected(4000)->30k,1,4000,1,30000,14,attention,o_proj,0.779533037,0.04007536285,0.03625499353,0.0612823957,0.6903160018,1.105374983,-0.1234612185,-0.0009855355905,0
within_seed,seed1 selected(4000)->30k,1,4000,1,30000,14,mlp,gate_proj,0.7568233676,0.1065171947,0.0783989843,0.1527154306,0.9479261366,1.35865529,-1.314930315,-0.001593063823,0
within_seed,seed1 selected(4000)->30k,1,4000,1,30000,14,mlp,up_proj,0.7638662902,0.09990482414,0.08181600633,0.1473076097,0.8004742146,1.22109143,-0.4577139976,-0.00367157804,0
within_seed,seed1 selected(4000)->30k,1,4000,1,30000,14,mlp,down_proj,0.8157029295,0.04027051867,0.04259390199,0.06659703457,0.5635344841,0.9454526773,-0.4718057123,-0.001752049869,-1
within_seed,seed1 selected(4000)->30k,1,4000,1,30000,15,attention,q_proj,0.7615338957,0.0443041603,0.03031136674,0.06279346818,1.071614544,1.46163519,-1.568295066,9.695893986e-07,0
within_seed,seed1 selected(4000)->30k,1,4000,1,30000,15,attention,k_proj,0.7384123536,0.01616086919,0.01094870773,0.02246037794,1.051418166,1.476052661,0.3110185181,-5.098511557e-06,0
within_seed,seed1 selected(4000)->30k,1,4000,1,30000,15,attention,v_proj,0.7355515675,0.01679481696,0.01355102753,0.02403112693,0.7733804223,1.239375901,1.06479581,-0.000110028426,0
within_seed,seed1 selected(4000)->30k,1,4000,1,30000,15,attention,o_proj,0.8052615587,0.03944470178,0.03879241444,0.06328251282,0.6313115268,1.016814817,0.009238403722,-0.001282698327,0
within_seed,seed1 selected(4000)->30k,1,4000,1,30000,15,mlp,gate_proj,0.765684796,0.09769386165,0.0777329926,0.1434485859,0.8454015612,1.256787606,-0.5065109574,-0.002796185347,0
within_seed,seed1 selected(4000)->30k,1,4000,1,30000,15,mlp,up_proj,0.7840213946,0.09218317497,0.0794325713,0.1401652721,0.7645818309,1.160521099,0.2931429406,-0.003883383462,0
within_seed,seed1 selected(4000)->30k,1,4000,1,30000,15,mlp,down_proj,0.809392392,0.04081914391,0.04267936706,0.0667621544,0.5642723641,0.956413994,-0.04661369794,-0.001756887373,0
within_seed,seed1 selected(4000)->30k,1,4000,1,30000,16,attention,q_proj,0.764510033,0.04254499699,0.03352276159,0.06227709736,0.8577555787,1.269137594,0.1164164915,-0.0004931265115,0
within_seed,seed1 selected(4000)->30k,1,4000,1,30000,16,attention,k_proj,0.7844242838,0.01563391324,0.01281723503,0.02351608451,0.834723671,1.219757085,0.7081309365,-7.940195917e-05,0
within_seed,seed1 selected(4000)->30k,1,4000,1,30000,16,attention,v_proj,0.7881450272,0.01507986155,0.01414257126,0.02346029478,0.6588422535,1.066274391,0.7439455452,-0.0001610022238,0
within_seed,seed1 selected(4000)->30k,1,4000,1,30000,16,attention,o_proj,0.8167508033,0.03712181855,0.03778015291,0.06090430075,0.6120713143,0.9825745979,-0.003275432471,-0.001263253197,0
within_seed,seed1 selected(4000)->30k,1,4000,1,30000,16,mlp,gate_proj,0.7714010326,0.09629757645,0.07859175008,0.1429181777,0.8184882965,1.225288613,-0.742025581,-0.003177120207,0
within_seed,seed1 selected(4000)->30k,1,4000,1,30000,16,mlp,up_proj,0.7812525979,0.08822124486,0.07957319687,0.1350763085,0.6975101395,1.108680414,0.3541836116,-0.004666777584,1
within_seed,seed1 selected(4000)->30k,1,4000,1,30000,16,mlp,down_proj,0.8081653999,0.04097895328,0.04346010954,0.06712476278,0.5445143486,0.9429095719,0.02461877187,-0.001882481292,0
within_seed,seed1 selected(4000)->30k,1,4000,1,30000,17,attention,q_proj,0.7415360269,0.04376930428,0.03291638053,0.06219819975,0.8895819879,1.329711942,-0.0384115435,-0.000407807489,1
within_seed,seed1 selected(4000)->30k,1,4000,1,30000,17,attention,k_proj,0.7363613706,0.01540602041,0.01172622615,0.02184079233,0.8625593656,1.313808911,1.007909582,-5.905228323e-05,0
within_seed,seed1 selected(4000)->30k,1,4000,1,30000,17,attention,v_proj,0.816720442,0.0141441913,0.01376039063,0.02294357318,0.6673635071,1.027891698,0.4217284531,-0.0001496089173,1
within_seed,seed1 selected(4000)->30k,1,4000,1,30000,17,attention,o_proj,0.7973756125,0.04025521731,0.03790443121,0.06334854589,0.6712701883,1.062018767,0.4268567227,-0.001125400174,1
within_seed,seed1 selected(4000)->30k,1,4000,1,30000,17,mlp,gate_proj,0.73538058,0.09675632664,0.07545536392,0.1376299844,0.8239920568,1.282298854,0.564048871,-0.002868853405,0
within_seed,seed1 selected(4000)->30k,1,4000,1,30000,17,mlp,up_proj,0.7428671979,0.09168014562,0.07925800328,0.1336448547,0.6862001204,1.156730448,0.6472926568,-0.004755718834,1
within_seed,seed1 selected(4000)->30k,1,4000,1,30000,17,mlp,down_proj,0.8012000794,0.04247915648,0.0448167032,0.06885050657,0.5362688831,0.9478420644,-0.3722987963,-0.002028544783,0
within_seed,seed1 selected(4000)->30k,1,4000,1,30000,18,attention,q_proj,0.8462859596,0.04159495495,0.04273844544,0.07097926426,0.6607825468,0.9732444528,-0.1150897785,-0.001464164008,0
within_seed,seed1 selected(4000)->30k,1,4000,1,30000,18,attention,k_proj,0.8584813742,0.01454730549,0.01408816227,0.02472070285,0.7547145168,1.032590711,0.3002566069,-0.0001257656853,0
within_seed,seed1 selected(4000)->30k,1,4000,1,30000,18,attention,v_proj,0.7915921392,0.0129975476,0.01348230147,0.02072562778,0.5372470217,0.9640451695,0.9667875681,-0.0001832971205,1
within_seed,seed1 selected(4000)->30k,1,4000,1,30000,18,attention,o_proj,0.7665396641,0.04184935918,0.03928968579,0.06350466491,0.6163189811,1.065148736,0.5033758194,-0.001355137641,0
within_seed,seed1 selected(4000)->30k,1,4000,1,30000,18,mlp,gate_proj,0.6897299451,0.1067163272,0.07994927788,0.1447943075,0.8110771143,1.334800388,-0.3642234974,-0.003377825998,0
within_seed,seed1 selected(4000)->30k,1,4000,1,30000,18,mlp,up_proj,0.7060780786,0.1062983528,0.08569307385,0.1477815017,0.7245442964,1.240454426,-0.4143149373,-0.005056612852,-1
within_seed,seed1 selected(4000)->30k,1,4000,1,30000,18,mlp,down_proj,0.7513430108,0.04824251047,0.04677116745,0.07221814934,0.5440741225,1.031458334,-0.09985587707,-0.002181802701,0
within_seed,seed1 selected(4000)->30k,1,4000,1,30000,19,attention,q_proj,0.6475890672,0.05050020706,0.03631126485,0.06576057969,0.8110242087,1.390758688,-0.4223382042,-0.0006969046531,-1
within_seed,seed1 selected(4000)->30k,1,4000,1,30000,19,attention,k_proj,0.6249370745,0.01617101175,0.01246288225,0.02070514161,0.6613445587,1.297533863,0.237492026,-0.0001243539101,1
within_seed,seed1 selected(4000)->30k,1,4000,1,30000,19,attention,v_proj,0.6875737245,0.01653044786,0.01392116088,0.02265145781,0.6271242039,1.187433146,0.5717175319,-0.0001665733633,0
within_seed,seed1 selected(4000)->30k,1,4000,1,30000,19,attention,o_proj,0.7098841479,0.04520726388,0.04066838393,0.06384478896,0.5698875338,1.111607089,-0.008356820448,-0.001579988553,0
within_seed,seed1 selected(4000)->30k,1,4000,1,30000,19,mlp,gate_proj,0.6283162763,0.128067026,0.07967217132,0.1621282471,1.034941993,1.607424824,-0.4634300099,-0.0004936857344,0
within_seed,seed1 selected(4000)->30k,1,4000,1,30000,19,mlp,up_proj,0.6471275835,0.1312601411,0.08981403951,0.1701065438,0.8939861154,1.461465733,-0.6097334034,-0.002965764731,-1
within_seed,seed1 selected(4000)->30k,1,4000,1,30000,19,mlp,down_proj,0.7043884505,0.05746394393,0.04840431322,0.08015655389,0.6559795721,1.187165773,-0.2386799507,-0.001897644627,0
within_seed,seed1 selected(4000)->30k,1,4000,1,30000,20,attention,q_proj,0.6221666436,0.06572781142,0.03649698228,0.08189954092,1.244008567,1.800910851,-0.4663225749,0.0005201474276,0
within_seed,seed1 selected(4000)->30k,1,4000,1,30000,20,attention,k_proj,0.6958293213,0.02004163133,0.01189868923,0.026407821,1.219389086,1.684356231,-0.08593172944,4.714188214e-05,-1
within_seed,seed1 selected(4000)->30k,1,4000,1,30000,20,attention,v_proj,0.5944984485,0.01887727461,0.01251589563,0.02341151583,0.87054259,1.508263984,-0.1199256045,-6.482982495e-05,0
within_seed,seed1 selected(4000)->30k,1,4000,1,30000,20,attention,o_proj,0.63259123,0.05489156036,0.03866185874,0.0704625481,0.8225338977,1.41978586,0.3723207376,-0.0007573312507,1
within_seed,seed1 selected(4000)->30k,1,4000,1,30000,20,mlp,gate_proj,0.607501282,0.1481315554,0.08157133212,0.1827640829,1.24054307,1.815975681,-0.5632144,0.002544161013,-1
within_seed,seed1 selected(4000)->30k,1,4000,1,30000,20,mlp,up_proj,0.627272063,0.1383345191,0.08345252908,0.1744636513,1.090573566,1.657643221,-0.4031619145,0.0002950152523,-1
within_seed,seed1 selected(4000)->30k,1,4000,1,30000,20,mlp,down_proj,0.6920890745,0.05851233175,0.04579676649,0.07997535653,0.7463101144,1.277652032,-0.2026578521,-0.001361297275,-1
within_seed,seed1 selected(4000)->30k,1,4000,1,30000,21,attention,q_proj,0.6398263681,0.06400297976,0.03642402126,0.08086195511,1.220017239,1.757164024,-0.4398965781,0.0004436946242,-1
within_seed,seed1 selected(4000)->30k,1,4000,1,30000,21,attention,k_proj,0.5950475397,0.0269314079,0.01259181096,0.03245044985,1.577107451,2.138803385,-1.370934548,0.0001951951532,-2
within_seed,seed1 selected(4000)->30k,1,4000,1,30000,21,attention,v_proj,0.5981814143,0.02228341773,0.01299063051,0.02747300838,1.11483256,1.715345357,-0.191352902,1.616050623e-05,1
within_seed,seed1 selected(4000)->30k,1,4000,1,30000,21,attention,o_proj,0.6159904534,0.05586611726,0.03755053115,0.07052288967,0.8780796837,1.487758376,-0.1051963818,-0.0005627033063,0
within_seed,seed1 selected(4000)->30k,1,4000,1,30000,21,mlp,gate_proj,0.57818824,0.1504762308,0.0774622789,0.1813477893,1.34111095,1.942574282,-0.8828569691,0.003741516141,-1
within_seed,seed1 selected(4000)->30k,1,4000,1,30000,21,mlp,up_proj,0.6091421477,0.1421925256,0.08286245594,0.1765712269,1.130895408,1.716006652,-0.5497270475,0.000902632198,0
within_seed,seed1 selected(4000)->30k,1,4000,1,30000,21,mlp,down_proj,0.6874891733,0.05944880039,0.04320105479,0.08019712888,0.8563696944,1.376096039,-0.08700970135,-0.0008239975866,0
within_seed,seed1 selected(4000)->30k,1,4000,1,30000,22,attention,q_proj,0.608239841,0.06084808471,0.03391758607,0.0751981936,1.217085657,1.793998093,-0.433383425,0.000376899046,-1
within_seed,seed1 selected(4000)->30k,1,4000,1,30000,22,attention,k_proj,0.5887583561,0.02357544444,0.01231559846,0.02862152995,1.324006425,1.914275178,-0.4711427597,8.824024687e-05,-1
within_seed,seed1 selected(4000)->30k,1,4000,1,30000,22,attention,v_proj,0.5060691322,0.02333335521,0.01235902858,0.02701070109,1.18550357,1.887960292,0.07163672519,3.892601647e-05,0
within_seed,seed1 selected(4000)->30k,1,4000,1,30000,22,attention,o_proj,0.5288956558,0.05867351161,0.03425851725,0.06908230172,1.016500049,1.712669325,0.9194278192,-0.0001371810431,1
within_seed,seed1 selected(4000)->30k,1,4000,1,30000,22,mlp,gate_proj,0.5362727794,0.1502811066,0.07379720891,0.1763401884,1.389523819,2.036406374,-1.848708336,0.004048715399,-2
within_seed,seed1 selected(4000)->30k,1,4000,1,30000,22,mlp,up_proj,0.6039307847,0.12702805,0.07894315896,0.1580262088,1.001772045,1.609107764,-0.40965382,-0.0009214831226,0
within_seed,seed1 selected(4000)->30k,1,4000,1,30000,22,mlp,down_proj,0.7411393947,0.05225830783,0.04379231715,0.07566002325,0.7277008427,1.193321368,0.01192783087,-0.001309639074,0
within_seed,seed1 selected(4000)->30k,1,4000,1,30000,23,attention,q_proj,0.6246677868,0.05238461769,0.03293447609,0.06620994621,1.010353711,1.590570852,1.30139091,-0.0001408348209,1
within_seed,seed1 selected(4000)->30k,1,4000,1,30000,23,attention,k_proj,0.510646789,0.01959298073,0.009002372304,0.02259633513,1.510042283,2.176424177,0.4446652882,8.52985686e-05,-1
within_seed,seed1 selected(4000)->30k,1,4000,1,30000,23,attention,v_proj,0.5678055366,0.02126028855,0.0137527891,0.02580445739,0.8763072131,1.54588923,0.2328073258,-7.613830059e-05,0
within_seed,seed1 selected(4000)->30k,1,4000,1,30000,23,attention,o_proj,0.6170748171,0.05640963975,0.04052043825,0.071537449,0.7654658264,1.392128076,0.007860048726,-0.001007876185,-1
within_seed,seed1 selected(4000)->30k,1,4000,1,30000,23,mlp,gate_proj,0.5978695254,0.1624717068,0.08418576158,0.1981263281,1.35344225,1.929919071,-0.1969231595,0.004633966591,-1
within_seed,seed1 selected(4000)->30k,1,4000,1,30000,23,mlp,up_proj,0.6387575138,0.1306131828,0.08827364543,0.1679510695,0.9026184844,1.479639615,-0.03552549232,-0.002731228165,0
within_seed,seed1 selected(4000)->30k,1,4000,1,30000,23,mlp,down_proj,0.7558939704,0.05438970688,0.04963938743,0.08113496088,0.6344875527,1.095696577,0.04687987995,-0.002086933406,0
within_seed,seed1 selected(4000)->30k,1,4000,1,30000,24,attention,q_proj,0.6326554421,0.06199673014,0.03502479733,0.07790683886,1.224333752,1.770081053,-0.3482846211,0.0004225791271,0
within_seed,seed1 selected(4000)->30k,1,4000,1,30000,24,attention,k_proj,0.5096811482,0.0286989132,0.01153452204,0.03280743043,1.84428174,2.488088634,-1.535152378,0.0002646649335,-1
within_seed,seed1 selected(4000)->30k,1,4000,1,30000,24,attention,v_proj,0.4668537104,0.02203602733,0.01276722967,0.02488425098,0.9490720866,1.725983467,1.144542946,-4.186691903e-05,1
within_seed,seed1 selected(4000)->30k,1,4000,1,30000,24,attention,o_proj,0.5854443788,0.05776646753,0.04020663826,0.07123008898,0.7716002149,1.436739554,1.217023351,-0.0009739657863,1
within_seed,seed1 selected(4000)->30k,1,4000,1,30000,24,mlp,gate_proj,0.6198792547,0.15815229,0.09142469487,0.1976170069,1.161527661,1.729864017,-0.2030627111,0.001674090161,0
within_seed,seed1 selected(4000)->30k,1,4000,1,30000,24,mlp,up_proj,0.6541610385,0.1176550831,0.09135073733,0.1549882936,0.6966288195,1.287948916,1.033221924,-0.006163526581,1
within_seed,seed1 selected(4000)->30k,1,4000,1,30000,24,mlp,down_proj,0.8094231603,0.04455806449,0.05208551665,0.07456169549,0.4315245445,0.8554789769,0.3069385444,-0.00318136344,1
within_seed,seed1 selected(4000)->30k,1,4000,1,30000,25,attention,q_proj,0.6338414978,0.05166877428,0.04423506373,0.06675561046,0.5091107556,1.168050183,-0.1497867202,-0.002060945033,0
within_seed,seed1 selected(4000)->30k,1,4000,1,30000,25,attention,k_proj,0.5292395748,0.02358736434,0.01521112214,0.02779351139,0.8271835006,1.550665633,0.7429007603,-0.0001151758517,1
within_seed,seed1 selected(4000)->30k,1,4000,1,30000,25,attention,v_proj,0.4862976289,0.01828568541,0.01456331225,0.02021345705,0.3879711364,1.255599351,1.891848361,-0.0002623464823,2
within_seed,seed1 selected(4000)->30k,1,4000,1,30000,25,attention,o_proj,0.5325858995,0.04655400178,0.03757600199,0.05400976141,0.4373472043,1.238929085,0.6775336637,-0.001643425798,1
within_seed,seed1 selected(4000)->30k,1,4000,1,30000,25,mlp,gate_proj,0.582293844,0.1382769179,0.08154706759,0.1688323913,1.070367413,1.695670022,-0.3785071745,-1.09630991e-05,0
within_seed,seed1 selected(4000)->30k,1,4000,1,30000,25,mlp,up_proj,0.6804649377,0.1058575181,0.09469711733,0.1443788881,0.5246386818,1.117853648,1.04360678,-0.009223975921,2
within_seed,seed1 selected(4000)->30k,1,4000,1,30000,25,mlp,down_proj,0.7622065481,0.04105428254,0.04758940743,0.0634101998,0.3324435671,0.8626769012,0.4138093399,-0.002980477933,1
within_seed,seed1 selected(4000)->30k,1,4000,1,30000,26,attention,q_proj,0.5849321438,0.05715932879,0.03606397699,0.07020278514,0.946617955,1.584942471,0.729542529,-0.0003405691232,1
within_seed,seed1 selected(4000)->30k,1,4000,1,30000,26,attention,k_proj,0.5214489023,0.02058868344,0.009796671435,0.02392376358,1.4420298,2.101599873,0.3760136825,8.409462129e-05,1
within_seed,seed1 selected(4000)->30k,1,4000,1,30000,26,attention,v_proj,0.5722537305,0.01763955911,0.01352579197,0.02145577676,0.5862861707,1.304142422,1.152776034,-0.0001698130579,2
within_seed,seed1 selected(4000)->30k,1,4000,1,30000,26,attention,o_proj,0.585839355,0.04379084944,0.03746511784,0.05350391828,0.4280995596,1.168843233,1.576262727,-0.001653210091,2
within_seed,seed1 selected(4000)->30k,1,4000,1,30000,26,mlp,gate_proj,0.6102902077,0.1320638103,0.0829178883,0.1651737623,0.9920160255,1.592705904,0.5467623879,-0.001156836192,1
within_seed,seed1 selected(4000)->30k,1,4000,1,30000,26,mlp,up_proj,0.7030272346,0.09991620098,0.08873844614,0.1398496751,0.5759761545,1.125962932,1.374064692,-0.007443576572,3
within_seed,seed1 selected(4000)->30k,1,4000,1,30000,26,mlp,down_proj,0.78184304,0.03562642496,0.04439625497,0.05713993512,0.2870440348,0.8024646446,0.6249665106,-0.002716624875,0
within_seed,seed1 selected(4000)->30k,1,4000,1,30000,27,attention,q_proj,0.6762205113,0.1053714886,0.03715957756,0.1268813793,2.414500045,2.835648185,0.4691768798,0.005326424621,1
within_seed,seed1 selected(4000)->30k,1,4000,1,30000,27,attention,k_proj,0.4847222131,0.0177202009,0.01182191547,0.02012078244,0.7019900443,1.498928067,2.868781249,-0.0001018910918,3
within_seed,seed1 selected(4000)->30k,1,4000,1,30000,27,attention,v_proj,0.5337264809,0.02426523097,0.01364856789,0.02862900317,1.09758294,1.777859125,-0.4980414045,1.075365366e-05,-1
within_seed,seed1 selected(4000)->30k,1,4000,1,30000,27,attention,o_proj,0.6421288211,0.04230417847,0.03712858751,0.05513863335,0.4850722059,1.139396387,1.386381972,-0.001503881057,2
within_seed,seed1 selected(4000)->30k,1,4000,1,30000,27,mlp,gate_proj,0.4968805845,0.1597333958,0.06545806723,0.18181605,1.77759576,2.440240028,1.331386071,0.00768276874,2
within_seed,seed1 selected(4000)->30k,1,4000,1,30000,27,mlp,up_proj,0.4425872561,0.1227458038,0.05567196054,0.1367747973,1.456798647,2.204804764,1.794190084,0.002833091947,2
within_seed,seed1 selected(4000)->30k,1,4000,1,30000,27,mlp,down_proj,0.4792860904,0.03659121493,0.03057533544,0.03953033242,0.2928830329,1.19675596,2.154366685,-0.00128111371,2
within_seed,seed1 2k->30k,1,2000,1,30000,0,attention,q_proj,0.8138907721,0.07091072128,0.02873265198,0.09230283289,2.212471754,2.467949054,0.01047215976,0.002017696115,1
within_seed,seed1 2k->30k,1,2000,1,30000,0,attention,k_proj,0.8032975539,0.02565187582,0.0105560584,0.03334917395,2.159244927,2.430061947,0.4725112472,0.0002525561514,0
within_seed,seed1 2k->30k,1,2000,1,30000,0,attention,v_proj,0.541106339,0.02143349037,0.007611008891,0.02457387749,2.228727996,2.816116848,-0.4672671625,0.0001447507184,1
within_seed,seed1 2k->30k,1,2000,1,30000,0,attention,o_proj,0.4802410746,0.05988243312,0.01921926394,0.06669044361,2.469979071,3.115750599,-1.589705283,0.001235484976,-1
within_seed,seed1 2k->30k,1,2000,1,30000,0,mlp,gate_proj,0.4809691593,0.1269011702,0.04063400776,0.1413416553,2.478407941,3.123028645,-0.4154996706,0.005573214055,0
within_seed,seed1 2k->30k,1,2000,1,30000,0,mlp,up_proj,0.4877663975,0.1332326451,0.04294251245,0.1487958645,2.46500137,3.10258151,-0.4042905082,0.006134600732,0
within_seed,seed1 2k->30k,1,2000,1,30000,0,mlp,down_proj,0.5072156202,0.05954620912,0.02151441609,0.06749833342,2.137353723,2.767735312,-1.616730583,0.001015694927,0
within_seed,seed1 2k->30k,1,2000,1,30000,1,attention,q_proj,0.5027437766,0.05082701183,0.01878084096,0.0576064148,2.067296876,2.706322467,0.9617982705,0.0006937334689,1
within_seed,seed1 2k->30k,1,2000,1,30000,1,attention,k_proj,0.5623674643,0.02046313987,0.007112820631,0.02359971347,2.317912077,2.876937425,-0.07117013988,0.0001418830583,0
within_seed,seed1 2k->30k,1,2000,1,30000,1,attention,v_proj,0.5120051764,0.02023253037,0.007679519868,0.0230589119,2.002650204,2.634608767,-0.3188783045,0.0001038791836,0
within_seed,seed1 2k->30k,1,2000,1,30000,1,attention,o_proj,0.4867137471,0.05762633944,0.02051897655,0.06475459687,2.155839509,2.808441215,-3.726913937,0.0009495184185,-1
within_seed,seed1 2k->30k,1,2000,1,30000,1,mlp,gate_proj,0.4810570467,0.1198287515,0.03464562155,0.1325819356,2.826802052,3.458698275,-0.831327554,0.00565065374,-2
within_seed,seed1 2k->30k,1,2000,1,30000,1,mlp,up_proj,0.5251661963,0.1167826482,0.03875972235,0.1323830109,2.415478822,3.012989801,-0.4163280035,0.004729778636,-1
within_seed,seed1 2k->30k,1,2000,1,30000,1,mlp,down_proj,0.490879932,0.06804217029,0.02009058783,0.07561437108,2.763671413,3.386768515,-1.04646287,0.001798904094,0
within_seed,seed1 2k->30k,1,2000,1,30000,2,attention,q_proj,0.5443825613,0.05299095418,0.01894632557,0.06086558319,2.212527039,2.796898744,0.4726284637,0.0008773792578,1
within_seed,seed1 2k->30k,1,2000,1,30000,2,attention,k_proj,0.5653909018,0.01962448611,0.007254455782,0.02279161335,2.141739923,2.705163102,-0.879778619,0.0001162405704,0
within_seed,seed1 2k->30k,1,2000,1,30000,2,attention,v_proj,0.5176937853,0.02056008127,0.007306588204,0.02336926943,2.198383264,2.813909954,-2.531513504,0.0001279529371,-1
within_seed,seed1 2k->30k,1,2000,1,30000,2,attention,o_proj,0.4970883074,0.0571918527,0.02108353922,0.064667379,2.067197511,2.712630556,-3.529818236,0.0008741362888,-1
within_seed,seed1 2k->30k,1,2000,1,30000,2,mlp,gate_proj,0.4458598516,0.1508907964,0.0371887498,0.1637541946,3.403326153,4.057431271,-1.537022563,0.009945598904,-3
within_seed,seed1 2k->30k,1,2000,1,30000,2,mlp,up_proj,0.4778229352,0.1401333201,0.04240811964,0.1553543238,2.663315542,3.30439834,-1.662688912,0.007313660676,-2
within_seed,seed1 2k->30k,1,2000,1,30000,2,mlp,down_proj,0.4747288313,0.06820204704,0.02010510571,0.07541101201,2.75083887,3.392274978,-1.085895947,0.001781101714,-1
within_seed,seed1 2k->30k,1,2000,1,30000,3,attention,q_proj,0.5024116919,0.05242545936,0.0181072426,0.05913045186,2.265569097,2.895275693,1.358152865,0.0008603582224,1
within_seed,seed1 2k->30k,1,2000,1,30000,3,attention,k_proj,0.516745866,0.02072708549,0.006868397903,0.02342468147,2.410501518,3.017746756,-0.3127206538,0.0001476829042,0
within_seed,seed1 2k->30k,1,2000,1,30000,3,attention,v_proj,0.5210479133,0.02156383354,0.007614296328,0.02452858477,2.22138563,2.832019218,-1.621399765,0.0001434385329,-1
within_seed,seed1 2k->30k,1,2000,1,30000,3,attention,o_proj,0.5105607135,0.0593754183,0.02193077285,0.06749844846,2.07779616,2.707402001,-1.688134501,0.0009621979926,-1
within_seed,seed1 2k->30k,1,2000,1,30000,3,mlp,gate_proj,0.4604275594,0.1600575649,0.04375540302,0.1754193652,3.009090378,3.65800687,-1.825569222,0.01044438675,-2
within_seed,seed1 2k->30k,1,2000,1,30000,3,mlp,up_proj,0.4896642173,0.1490354706,0.04675239275,0.1662452446,2.555866016,3.18776135,-1.680029684,0.008001320268,-2
within_seed,seed1 2k->30k,1,2000,1,30000,3,mlp,down_proj,0.462263413,0.07391305394,0.02452182098,0.08197769748,2.343050972,3.014174763,-0.358646598,0.001739073669,0
within_seed,seed1 2k->30k,1,2000,1,30000,4,attention,q_proj,0.462549857,0.05129049208,0.01729264637,0.056944174,2.29297048,2.966029085,0.4193685773,0.0008128193356,1
within_seed,seed1 2k->30k,1,2000,1,30000,4,attention,k_proj,0.4633432415,0.01929584959,0.006032875576,0.02133573122,2.536577367,3.198449785,0.002938594955,0.0001306239464,0
within_seed,seed1 2k->30k,1,2000,1,30000,4,attention,v_proj,0.5214721048,0.01957563384,0.007112520313,0.02232010757,2.138143245,2.752278093,-1.410881709,0.0001111384112,0
within_seed,seed1 2k->30k,1,2000,1,30000,4,attention,o_proj,0.4842272078,0.05569090775,0.01965071165,0.06248587035,2.179827351,2.83404025,-3.292169644,0.0009015797753,-2
within_seed,seed1 2k->30k,1,2000,1,30000,4,mlp,gate_proj,0.4571302038,0.1588225192,0.04469269658,0.1741982453,2.897689302,3.553657114,-2.667555816,0.009975697077,-2
within_seed,seed1 2k->30k,1,2000,1,30000,4,mlp,up_proj,0.488799131,0.1467628206,0.04884389186,0.1643156162,2.364097535,3.004732321,-1.11696421,0.007076028715,-2
within_seed,seed1 2k->30k,1,2000,1,30000,4,mlp,down_proj,0.4645101111,0.06985668551,0.02363157046,0.07762545065,2.284819803,2.956074613,-3.83959684,0.001502273616,-2
within_seed,seed1 2k->30k,1,2000,1,30000,5,attention,q_proj,0.5230208842,0.04957794453,0.01892828793,0.05677952641,1.99971802,2.619251393,0.5149216173,0.0006277773111,1
within_seed,seed1 2k->30k,1,2000,1,30000,5,attention,k_proj,0.489584551,0.01762518323,0.006559974944,0.01988285274,2.030934251,2.686775998,-0.006847029859,7.964330669e-05,1
within_seed,seed1 2k->30k,1,2000,1,30000,5,attention,v_proj,0.5213978793,0.01904393833,0.007648629328,0.02187859212,1.860459199,2.489849817,-0.3931768774,7.751586501e-05,0
within_seed,seed1 2k->30k,1,2000,1,30000,5,attention,o_proj,0.4889328823,0.05569403068,0.02197530913,0.0630355028,1.868469446,2.534391228,-1.43875411,0.000651472443,-1
within_seed,seed1 2k->30k,1,2000,1,30000,5,mlp,gate_proj,0.4422660477,0.1711185734,0.04744007833,0.1867255573,2.936029701,3.607046604,-1.78098652,0.01159368446,-3
within_seed,seed1 2k->30k,1,2000,1,30000,5,mlp,up_proj,0.4559175047,0.1466584715,0.04912852332,0.1623870914,2.305352582,2.985200075,-2.608742111,0.006663744706,-1
within_seed,seed1 2k->30k,1,2000,1,30000,5,mlp,down_proj,0.454438538,0.07061066728,0.02486006655,0.07834566867,2.15146657,2.84032495,-4.274787312,0.001384864897,-3
within_seed,seed1 2k->30k,1,2000,1,30000,6,attention,q_proj,0.4843504782,0.05245433411,0.02059244942,0.05923741902,1.876657254,2.547260553,0.8834348163,0.0005825019626,1
within_seed,seed1 2k->30k,1,2000,1,30000,6,attention,k_proj,0.5071957449,0.01927189796,0.007429568745,0.02194535309,1.953785589,2.593945709,0.8580292734,8.881747556e-05,1
within_seed,seed1 2k->30k,1,2000,1,30000,6,attention,v_proj,0.533022857,0.02203553954,0.008133492697,0.02526871877,2.106748811,2.709234564,-1.405153677,0.0001385464044,-1
within_seed,seed1 2k->30k,1,2000,1,30000,6,attention,o_proj,0.4802372785,0.06136091281,0.02332337808,0.06905089461,1.9605872,2.630875879,-3.147835064,0.0008867488074,-3
within_seed,seed1 2k->30k,1,2000,1,30000,6,mlp,gate_proj,0.4527519821,0.1604797483,0.04875883291,0.1765543315,2.620971237,3.291295929,-2.681526232,0.00928430114,-1
within_seed,seed1 2k->30k,1,2000,1,30000,6,mlp,up_proj,0.470712299,0.1437891519,0.05174466242,0.1607059092,2.105748529,2.778820949,0.066268975,0.005598828377,-1
within_seed,seed1 2k->30k,1,2000,1,30000,6,mlp,down_proj,0.4853797839,0.07084698188,0.02688845124,0.07988401811,1.970941592,2.634847997,-4.248327915,0.001201796567,-3
within_seed,seed1 2k->30k,1,2000,1,30000,7,attention,q_proj,0.4911909534,0.05760965779,0.01940890841,0.06460665147,2.328711234,2.968207,0.9524254027,0.001070603774,0
within_seed,seed1 2k->30k,1,2000,1,30000,7,attention,k_proj,0.5187616132,0.02180833338,0.007148216915,0.02464281629,2.447407456,3.050877392,0.918763062,0.0001667307199,1
within_seed,seed1 2k->30k,1,2000,1,30000,7,attention,v_proj,0.5000380544,0.02145903025,0.008390225089,0.024386909,1.906585788,2.557622712,-1.255362486,0.0001030783437,-1
within_seed,seed1 2k->30k,1,2000,1,30000,7,attention,o_proj,0.4905453391,0.06101575518,0.0234963905,0.06900379465,1.936782764,2.596813973,-2.896466154,0.0008593847669,-1
within_seed,seed1 2k->30k,1,2000,1,30000,7,mlp,gate_proj,0.4651977338,0.1586826488,0.0502711146,0.1757011538,2.495071776,3.156537308,-4.166977102,0.008684003853,-2
within_seed,seed1 2k->30k,1,2000,1,30000,7,mlp,up_proj,0.4854440521,0.142473626,0.05243272203,0.1603509172,2.058222251,2.717265488,-1.06739681,0.005327144909,-1
within_seed,seed1 2k->30k,1,2000,1,30000,7,mlp,down_proj,0.5073817465,0.06924367734,0.02987546605,0.07943825068,1.658979463,2.317743838,-2.315941079,0.0006630906499,-3
within_seed,seed1 2k->30k,1,2000,1,30000,8,attention,q_proj,0.5660096024,0.05464076526,0.02226512932,0.06406774726,1.877492708,2.454096021,1.8463628,0.0006822234804,1
within_seed,seed1 2k->30k,1,2000,1,30000,8,attention,k_proj,0.5570862372,0.02075677392,0.008361035148,0.02421879968,1.896626943,2.482560299,-0.5036415839,0.0001002475645,0
within_seed,seed1 2k->30k,1,2000,1,30000,8,attention,v_proj,0.5131879092,0.02151339204,0.009061652175,0.0247086969,1.726731993,2.374113641,-0.702590791,7.668793013e-05,0
within_seed,seed1 2k->30k,1,2000,1,30000,8,attention,o_proj,0.502682524,0.06236680102,0.02576323635,0.07120529841,1.763833605,2.420767335,-2.11851715,0.0006906631681,-3
within_seed,seed1 2k->30k,1,2000,1,30000,8,mlp,gate_proj,0.4729730511,0.1502561527,0.05276200465,0.1678389965,2.18105799,2.847809778,-2.802946055,0.006511059758,-1
within_seed,seed1 2k->30k,1,2000,1,30000,8,mlp,up_proj,0.4942752005,0.1455723611,0.05611668481,0.1648923842,1.938384274,2.59410123,-2.288867535,0.004917465239,-2
within_seed,seed1 2k->30k,1,2000,1,30000,8,mlp,down_proj,0.518674092,0.06759502002,0.03030952836,0.07815122234,1.578437427,2.230157435,-2.576152865,0.0004796512851,-3
within_seed,seed1 2k->30k,1,2000,1,30000,9,attention,q_proj,0.4722714076,0.05703167638,0.02014132363,0.0637101472,2.163155927,2.831575394,-0.1140572728,0.0009247055302,0
within_seed,seed1 2k->30k,1,2000,1,30000,9,attention,k_proj,0.5023957664,0.02151563798,0.007306602134,0.02423803864,2.317279112,2.94468449,-0.1189409692,0.0001496019214,0
within_seed,seed1 2k->30k,1,2000,1,30000,9,attention,v_proj,0.5144444973,0.02203441941,0.008963896032,0.02526159564,1.818149112,2.458129738,-2.386651862,9.636214182e-05,-1
within_seed,seed1 2k->30k,1,2000,1,30000,9,attention,o_proj,0.5091860632,0.05915278603,0.02489320246,0.06781185744,1.724111434,2.376262601,-1.207627763,0.000574093746,0
within_seed,seed1 2k->30k,1,2000,1,30000,9,mlp,gate_proj,0.4488210867,0.1629436781,0.04945201975,0.1790318487,2.620314189,3.2949853,-4.310414653,0.009544070276,-3
within_seed,seed1 2k->30k,1,2000,1,30000,9,mlp,up_proj,0.4864599303,0.1452611315,0.05923620316,0.1645445649,1.777770284,2.452235689,-0.9279016194,0.003793089599,-1
within_seed,seed1 2k->30k,1,2000,1,30000,9,mlp,down_proj,0.4997802293,0.07294694534,0.03260385396,0.08355370002,1.562693973,2.237371859,-1.784237118,0.00050997866,-2
within_seed,seed1 2k->30k,1,2000,1,30000,10,attention,q_proj,0.5252327075,0.05646586972,0.02339981926,0.06512874192,1.783301067,2.413089994,0.1763254654,0.0006007090404,1
within_seed,seed1 2k->30k,1,2000,1,30000,10,attention,k_proj,0.4960564165,0.02145161371,0.00851116613,0.02436046992,1.862177703,2.520408295,2.166657692,9.635749123e-05,1
within_seed,seed1 2k->30k,1,2000,1,30000,10,attention,v_proj,0.501355267,0.02238395492,0.009457278112,0.02557610847,1.704383668,2.3668496,-1.221660837,7.784791994e-05,0
within_seed,seed1 2k->30k,1,2000,1,30000,10,attention,o_proj,0.4878722182,0.06082696341,0.02732352819,0.06928611915,1.535767661,2.226175295,-1.39246489,0.0003045198009,-1
within_seed,seed1 2k->30k,1,2000,1,30000,10,mlp,gate_proj,0.4549150845,0.1633996009,0.05241101959,0.1804343334,2.442679322,3.117657358,-4.053825149,0.008916406109,-3
within_seed,seed1 2k->30k,1,2000,1,30000,10,mlp,up_proj,0.5097108001,0.1418382805,0.05907026149,0.1625298168,1.751466011,2.401179153,-1.106528383,0.003506223295,-1
within_seed,seed1 2k->30k,1,2000,1,30000,10,mlp,down_proj,0.5560525328,0.06466671495,0.03388333597,0.07705331584,1.274077024,1.908510868,-0.8988534116,-0.000288130825,-1
within_seed,seed1 2k->30k,1,2000,1,30000,11,attention,q_proj,0.5612690294,0.0587252053,0.0241563566,0.06877547084,1.84709619,2.431045636,-2.007079054,0.0007498936077,-1
within_seed,seed1 2k->30k,1,2000,1,30000,11,attention,k_proj,0.5449196056,0.02219133731,0.008686448949,0.02569543643,1.958105963,2.554707619,0.0009362576038,0.0001224191603,0
within_seed,seed1 2k->30k,1,2000,1,30000,11,attention,v_proj,0.5377620716,0.02163311492,0.009846303246,0.02527192176,1.566640609,2.197079897,-0.4737534221,4.753884166e-05,0
within_seed,seed1 2k->30k,1,2000,1,30000,11,attention,o_proj,0.5329199398,0.05749195008,0.02788468576,0.06728737145,1.413058266,2.061775076,-1.273397679,6.999363424e-05,0
within_seed,seed1 2k->30k,1,2000,1,30000,11,mlp,gate_proj,0.4859339926,0.1520520062,0.05576343665,0.171126923,2.068801589,2.726733059,-2.637121909,0.006130946332,-2
within_seed,seed1 2k->30k,1,2000,1,30000,11,mlp,up_proj,0.5072830478,0.1366497202,0.06076139217,0.1570423606,1.584574761,2.248956374,-1.370384882,0.001988862039,0
within_seed,seed1 2k->30k,1,2000,1,30000,11,mlp,down_proj,0.5913892418,0.06058899162,0.03567815523,0.07442220076,1.085931861,1.698209765,-0.7992286731,-0.0008660480091,-1
within_seed,seed1 2k->30k,1,2000,1,30000,12,attention,q_proj,0.5594226925,0.06723046761,0.02649703712,0.07836488383,1.957496096,2.537282463,-1.678266645,0.001137767914,-2
within_seed,seed1 2k->30k,1,2000,1,30000,12,attention,k_proj,0.5591513476,0.02211744639,0.008623059329,0.02575176637,1.986383995,2.56491873,1.21540675,0.0001271816809,1
within_seed,seed1 2k->30k,1,2000,1,30000,12,attention,v_proj,0.5518405805,0.0214114253,0.0102678004,0.02529084448,1.463121943,2.085298161,-0.9109509107,2.296224335e-05,0
within_seed,seed1 2k->30k,1,2000,1,30000,12,attention,o_proj,0.5483407189,0.0566703471,0.02916702668,0.06714621832,1.30212764,1.942959346,-1.08062152,-0.0001563403731,0
within_seed,seed1 2k->30k,1,2000,1,30000,12,mlp,gate_proj,0.506389587,0.1402570411,0.05669808318,0.1601712169,1.824984689,2.473752784,-2.562676345,0.003920132484,-1
within_seed,seed1 2k->30k,1,2000,1,30000,12,mlp,up_proj,0.5417701335,0.1287282767,0.06230224051,0.1513489793,1.429270248,2.066190167,-1.396779645,0.0005089123763,0
within_seed,seed1 2k->30k,1,2000,1,30000,12,mlp,down_proj,0.6227469577,0.06061409607,0.03551791943,0.07598686616,1.139395195,1.706577892,-1.549121411,-0.0007091158769,-2
within_seed,seed1 2k->30k,1,2000,1,30000,13,attention,q_proj,0.5413533219,0.054723948,0.02307945316,0.06366202726,1.758385427,2.371111119,-0.5804542351,0.0005458752065,1
within_seed,seed1 2k->30k,1,2000,1,30000,13,attention,k_proj,0.5663875068,0.02086337132,0.008477870792,0.024460419,1.885207808,2.460921125,-1.455612409,0.0001005848668,0
within_seed,seed1 2k->30k,1,2000,1,30000,13,attention,v_proj,0.5464250477,0.01974470971,0.01061281313,0.02343008534,1.207716752,1.860459566,-0.1280712482,-4.580138542e-05,1
within_seed,seed1 2k->30k,1,2000,1,30000,13,attention,o_proj,0.6075260981,0.05529235812,0.03059703287,0.06825335912,1.230718233,1.807115035,-0.1659591519,-0.000330665841,0
within_seed,seed1 2k->30k,1,2000,1,30000,13,mlp,gate_proj,0.5086922263,0.1377214013,0.05804832557,0.1578623686,1.719499091,2.372530128,-2.440078546,0.003077483004,-1
within_seed,seed1 2k->30k,1,2000,1,30000,13,mlp,up_proj,0.5685524327,0.1274720553,0.06497858203,0.1526664512,1.349488808,1.961754955,-0.533301628,-0.0002890401093,1
within_seed,seed1 2k->30k,1,2000,1,30000,13,mlp,down_proj,0.6647116261,0.05408680117,0.03724606717,0.07113747828,0.9099326098,1.452147979,-1.167329642,-0.001454525269,-2
within_seed,seed1 2k->30k,1,2000,1,30000,14,attention,q_proj,0.5267359432,0.05130141036,0.02392826605,0.05970091086,1.49499528,2.143966899,0.2395909153,0.0001720673519,1
within_seed,seed1 2k->30k,1,2000,1,30000,14,attention,k_proj,0.5484654298,0.01990071696,0.009310776852,0.02342127092,1.515501262,2.137385234,1.068260009,3.071475562e-05,0
within_seed,seed1 2k->30k,1,2000,1,30000,14,attention,v_proj,0.5509962954,0.01980490699,0.01078729794,0.02358453334,1.186324459,1.835946973,0.9116659713,-5.304536827e-05,1
within_seed,seed1 2k->30k,1,2000,1,30000,14,attention,o_proj,0.6200812303,0.04875435849,0.02990931176,0.0612823957,1.04894035,1.630072898,-0.07501774234,-0.0006802476834,0
within_seed,seed1 2k->30k,1,2000,1,30000,14,mlp,gate_proj,0.5519284479,0.1292221403,0.06236028768,0.1527154306,1.448921201,2.072186404,-0.8635348942,0.0007049939068,1
within_seed,seed1 2k->30k,1,2000,1,30000,14,mlp,up_proj,0.5677082311,0.1222084038,0.06849627215,0.1473076097,1.150593092,1.784161385,-0.3738788608,-0.002519301629,1
within_seed,seed1 2k->30k,1,2000,1,30000,14,mlp,down_proj,0.6873963263,0.04895532881,0.03821975554,0.06659703457,0.7424767278,1.280890684,-0.5453464383,-0.001999224597,0
within_seed,seed1 2k->30k,1,2000,1,30000,15,attention,q_proj,0.5273015873,0.05404142324,0.02452037827,0.06279346818,1.560868657,2.203939215,-1.188542596,0.000285505305,0
within_seed,seed1 2k->30k,1,2000,1,30000,15,attention,k_proj,0.5064104886,0.01955674487,0.008659496401,0.02246037794,1.59372796,2.258415959,0.8960826299,4.225608706e-05,1
within_seed,seed1 2k->30k,1,2000,1,30000,15,attention,v_proj,0.5388991302,0.02030802923,0.01132781123,0.02403112693,1.121427206,1.792758444,1.60808734,-7.727199784e-05,1
within_seed,seed1 2k->30k,1,2000,1,30000,15,attention,o_proj,0.6530295547,0.0485470067,0.03358454504,0.06328251282,0.884274828,1.445516283,0.2584540813,-0.001240080607,1
within_seed,seed1 2k->30k,1,2000,1,30000,15,mlp,gate_proj,0.5894967366,0.1174274293,0.0655226139,0.1434485859,1.18929889,1.792166434,0.1900996256,-0.001927813738,1
within_seed,seed1 2k->30k,1,2000,1,30000,15,mlp,up_proj,0.6320480737,0.1104042112,0.06881278446,0.1401652721,1.036907432,1.604414239,1.068269519,-0.003722606573,1
within_seed,seed1 2k->30k,1,2000,1,30000,15,mlp,down_proj,0.6979861221,0.04822990477,0.04024212478,0.0667621544,0.6590116641,1.198492998,0.2271391111,-0.002457058911,1
within_seed,seed1 2k->30k,1,2000,1,30000,16,attention,q_proj,0.5935057777,0.05083147128,0.02850146602,0.06227709736,1.185048913,1.783468655,1.233678211,-0.0003726733315,1
within_seed,seed1 2k->30k,1,2000,1,30000,16,attention,k_proj,0.5951245555,0.01925693132,0.01029592111,0.02351608451,1.284019492,1.870345655,1.483059258,-2.408939104e-05,1
within_seed,seed1 2k->30k,1,2000,1,30000,16,attention,v_proj,0.6309603291,0.01839794265,0.01211675244,0.02346029478,0.9361866883,1.51838892,0.8059392794,-0.0001461733792,1
within_seed,seed1 2k->30k,1,2000,1,30000,16,attention,o_proj,0.6873703906,0.04494539016,0.03390560429,0.06090430075,0.7962900831,1.325603572,0.245365524,-0.001458769759,0
within_seed,seed1 2k->30k,1,2000,1,30000,16,mlp,gate_proj,0.5971213263,0.1160281194,0.06745799793,0.1429181777,1.118624657,1.72000538,-0.6916560619,-0.002768598161,1
within_seed,seed1 2k->30k,1,2000,1,30000,16,mlp,up_proj,0.6290881113,0.1059569326,0.07076236894,0.1350763085,0.9088720537,1.497362711,0.8509488476,-0.005260686143,2
within_seed,seed1 2k->30k,1,2000,1,30000,16,mlp,down_proj,0.701045986,0.04821765341,0.04125919137,0.06712476278,0.6269044679,1.168652409,0.2242023377,-0.002676835742,0
within_seed,seed1 2k->30k,1,2000,1,30000,17,attention,q_proj,0.5725155454,0.05135421993,0.02955371147,0.06219819975,1.104581681,1.737657214,0.8221936683,-0.0005585087593,2
within_seed,seed1 2k->30k,1,2000,1,30000,17,attention,k_proj,0.5417247076,0.01839513342,0.01066989915,0.02184079233,1.046953962,1.724021302,3.262762954,-8.705633127e-05,2
within_seed,seed1 2k->30k,1,2000,1,30000,17,attention,v_proj,0.6826543934,0.01704644717,0.01258215944,0.02294357318,0.8235004328,1.354810933,0.9645463079,-0.0001927260134,2
within_seed,seed1 2k->30k,1,2000,1,30000,17,attention,o_proj,0.6774956448,0.04728993581,0.03483840564,0.06334854589,0.8183537602,1.357408152,0.8472115651,-0.001489472675,1
within_seed,seed1 2k->30k,1,2000,1,30000,17,mlp,gate_proj,0.5760781325,0.1129272312,0.06944910252,0.1376299844,0.9817388481,1.62604306,1.609021641,-0.004351498702,1
within_seed,seed1 2k->30k,1,2000,1,30000,17,mlp,up_proj,0.6100187759,0.1060524363,0.07581275845,0.1336448547,0.7628280175,1.398873204,1.171038002,-0.007651675801,2
within_seed,seed1 2k->30k,1,2000,1,30000,17,mlp,down_proj,0.7111923425,0.04868747857,0.04369880267,0.06885050657,0.5755696348,1.114160471,-0.2403723183,-0.003167078175,0
within_seed,seed1 2k->30k,1,2000,1,30000,18,attention,q_proj,0.7446467631,0.04898316693,0.04040897105,0.07097926426,0.7565224359,1.212185454,-0.0703172901,-0.002192807564,0
within_seed,seed1 2k->30k,1,2000,1,30000,18,attention,k_proj,0.7654669284,0.01706284102,0.01275013394,0.02472070285,0.9388582871,1.338247982,1.149753776,-0.0001609737531,0
within_seed,seed1 2k->30k,1,2000,1,30000,18,attention,v_proj,0.6909478678,0.01501381297,0.01335351063,0.02072562778,0.5520733347,1.12433452,1.443742259,-0.0003025996658,2
within_seed,seed1 2k->30k,1,2000,1,30000,18,attention,o_proj,0.6708813517,0.04724040809,0.03887279018,0.06350466491,0.6336533757,1.215256427,0.7372352937,-0.002358732791,1
within_seed,seed1 2k->30k,1,2000,1,30000,18,mlp,gate_proj,0.5512138843,0.1208749519,0.07588594914,0.1447943075,0.9080516103,1.592850234,-0.1744035158,-0.006059509751,0
within_seed,seed1 2k->30k,1,2000,1,30000,18,mlp,up_proj,0.5865720003,0.119753349,0.08272301032,0.1477815017,0.7864618462,1.447642542,-0.3448516922,-0.008809661967,0
within_seed,seed1 2k->30k,1,2000,1,30000,18,mlp,down_proj,0.6548072674,0.05458583368,0.0466575137,0.07221814934,0.5478353562,1.169925899,-0.0944642117,-0.00370917267,0
within_seed,seed1 2k->30k,1,2000,1,30000,19,attention,q_proj,0.490889047,0.05732380452,0.03418830813,0.06576057969,0.9234815435,1.676707847,-0.435099903,-0.001193729227,-1
within_seed,seed1 2k->30k,1,2000,1,30000,19,attention,k_proj,0.4831387617,0.01828924073,0.01242473278,0.02070514161,0.6664456272,1.472002743,0.995715933,-0.0002322244623,1
within_seed,seed1 2k->30k,1,2000,1,30000,19,attention,v_proj,0.5729138155,0.01859292669,0.01398706412,0.02265145781,0.6194576372,1.329294449,0.8361642155,-0.0003101090329,1
within_seed,seed1 2k->30k,1,2000,1,30000,19,attention,o_proj,0.6020869377,0.05101668902,0.04048652638,0.06384478896,0.5769391612,1.260090543,0.1061719619,-0.002714866982,0
within_seed,seed1 2k->30k,1,2000,1,30000,19,mlp,gate_proj,0.4710128982,0.1430176192,0.07628047408,0.1621282471,1.125422647,1.874891588,-0.4559849222,-0.003452261058,0
within_seed,seed1 2k->30k,1,2000,1,30000,19,mlp,up_proj,0.5084761154,0.1464746893,0.08655182367,0.1701065438,0.9653721503,1.692335102,-0.6053474825,-0.007011937037,-1
within_seed,seed1 2k->30k,1,2000,1,30000,19,mlp,down_proj,0.5934427452,0.06451610994,0.04753849358,0.08015655389,0.6861399647,1.357134084,-0.2284546876,-0.003321469575,0
within_seed,seed1 2k->30k,1,2000,1,30000,20,attention,q_proj,0.4702569914,0.07249968769,0.03285829061,0.08189954092,1.492507656,2.20643516,-0.5342070457,0.0003174517793,0
within_seed,seed1 2k->30k,1,2000,1,30000,20,attention,k_proj,0.5806699737,0.02187159512,0.01131773356,0.026407821,1.333313544,1.932506628,0.9610913513,-1.384737063e-05,0
within_seed,seed1 2k->30k,1,2000,1,30000,20,attention,v_proj,0.4406683167,0.02111153733,0.01232482376,0.02341151583,0.899541631,1.712928131,0.2025626468,-0.0001624129745,1
within_seed,seed1 2k->30k,1,2000,1,30000,20,attention,o_proj,0.4965300953,0.06127127578,0.03862999227,0.0704625481,0.8240373338,1.586106343,0.4935826969,-0.001815153521,1
within_seed,seed1 2k->30k,1,2000,1,30000,20,mlp,gate_proj,0.4465174509,0.1635801975,0.07766641348,0.1827640829,1.353193287,2.106189666,-0.6607093484,-0.0003579312338,-1
within_seed,seed1 2k->30k,1,2000,1,30000,20,mlp,up_proj,0.4808567416,0.1530080482,0.08046146998,0.1744636513,1.168288143,1.901631281,-0.3759577031,-0.003217357221,0
within_seed,seed1 2k->30k,1,2000,1,30000,20,mlp,down_proj,0.5722721302,0.0655861132,0.04536767487,0.07997535653,0.7628268751,1.445657363,-0.1861385469,-0.002740095472,-1
within_seed,seed1 2k->30k,1,2000,1,30000,21,attention,q_proj,0.4659034718,0.07164497136,0.03397707128,0.08086195511,1.379897739,2.108627043,-0.5616146054,7.876373878e-06,-1
within_seed,seed1 2k->30k,1,2000,1,30000,21,attention,k_proj,0.4777227977,0.02873701095,0.01188209619,0.03245044985,1.731037466,2.418513577,-1.190870838,0.0001335921111,-2
within_seed,seed1 2k->30k,1,2000,1,30000,21,attention,v_proj,0.4505593904,0.02453284177,0.01293903718,0.02747300838,1.123265278,1.896033022,0.2025764473,-0.0001001333372,1
within_seed,seed1 2k->30k,1,2000,1,30000,21,attention,o_proj,0.4677794793,0.06245964086,0.03699084611,0.07052288967,0.9064957166,1.688516145,-0.01066475476,-0.001444054598,0
within_seed,seed1 2k->30k,1,2000,1,30000,21,mlp,gate_proj,0.3986943438,0.1663298025,0.0747944368,0.1813477893,1.424616016,2.223825857,-0.7352534226,0.0006673036146,-1
within_seed,seed1 2k->30k,1,2000,1,30000,21,mlp,up_proj,0.4437320876,0.158285144,0.08229508031,0.1765712269,1.145586665,1.923385254,-0.4716683247,-0.003712835724,0
within_seed,seed1 2k->30k,1,2000,1,30000,21,mlp,down_proj,0.548450005,0.06706023025,0.04367196494,0.08019712888,0.8363526578,1.535544149,-0.04748112659,-0.002274897803,0
within_seed,seed1 2k->30k,1,2000,1,30000,22,attention,q_proj,0.4244768635,0.06809172771,0.03269103169,0.0751981936,1.300269821,2.082887085,-0.509088084,-0.0002011843511,-1
within_seed,seed1 2k->30k,1,2000,1,30000,22,attention,k_proj,0.4147706711,0.02604811721,0.01236319165,0.02862152995,1.315059959,2.106908794,-0.08311404282,-2.331241421e-05,-1
within_seed,seed1 2k->30k,1,2000,1,30000,22,attention,v_proj,0.325146458,0.0258583944,0.01280856479,0.02701070109,1.108799974,2.018836211,0.4977387569,-0.0001033812794,0
within_seed,seed1 2k->30k,1,2000,1,30000,22,attention,o_proj,0.3731486382,0.06477730636,0.03517150619,0.06908230172,0.9641553403,1.841755255,1.100254142,-0.001160986625,1
within_seed,seed1 2k->30k,1,2000,1,30000,22,mlp,gate_proj,0.3369495542,0.1664867224,0.07176422233,0.1763401884,1.457215904,2.319912583,-1.995685882,0.001043357576,-2
within_seed,seed1 2k->30k,1,2000,1,30000,22,mlp,up_proj,0.4336767787,0.1427599343,0.0787690901,0.1580262088,1.006195686,1.812385215,-0.390235204,-0.00528103734,0
within_seed,seed1 2k->30k,1,2000,1,30000,22,mlp,down_proj,0.6181026608,0.05952942687,0.0442475952,0.07566002325,0.709923961,1.345370898,0.02163869249,-0.002794745561,0
within_seed,seed1 2k->30k,1,2000,1,30000,23,attention,q_proj,0.4636676798,0.05869672551,0.03270004059,0.06620994621,1.024766484,1.795004668,1.408541312,-0.0008682321756,1
within_seed,seed1 2k->30k,1,2000,1,30000,23,attention,k_proj,0.3254393332,0.02144566555,0.009197549235,0.02259633513,1.456777839,2.331671732,1.498584972,1.70427306e-05,0
within_seed,seed1 2k->30k,1,2000,1,30000,23,attention,v_proj,0.4138705341,0.02371428201,0.01392827955,0.02580445739,0.8526665331,1.702599515,0.2945177704,-0.0002252823039,1
within_seed,seed1 2k->30k,1,2000,1,30000,23,attention,o_proj,0.4686533079,0.06361024974,0.04078350083,0.071537449,0.7540781824,1.55970548,0.05502167217,-0.002241114746,-1
within_seed,seed1 2k->30k,1,2000,1,30000,23,mlp,gate_proj,0.3995274779,0.1816298483,0.08024163409,0.1981263281,1.469121303,2.263536259,-0.2484264325,0.001502087143,-1
within_seed,seed1 2k->30k,1,2000,1,30000,23,mlp,up_proj,0.4753478995,0.1479459935,0.08719130853,0.1679510695,0.9262363681,1.69679749,-0.06533368953,-0.007722002338,0
within_seed,seed1 2k->30k,1,2000,1,30000,23,mlp,down_proj,0.6300222174,0.06302684245,0.04955763178,0.08113496088,0.6371839808,1.271788828,0.06039775503,-0.0038187685,0
within_seed,seed1 2k->30k,1,2000,1,30000,24,attention,q_proj,0.4226624832,0.07060752705,0.03339749125,0.07790683886,1.332715301,2.114156615,-0.5690502464,-0.0001222099827,0
within_seed,seed1 2k->30k,1,2000,1,30000,24,attention,k_proj,0.2664942444,0.03173610348,0.01144348595,0.03280743043,1.866908787,2.773289853,-1.518579384,0.0001760482765,-1
within_seed,seed1 2k->30k,1,2000,1,30000,24,attention,v_proj,0.2914045278,0.02453168113,0.0131809697,0.02488425098,0.8878922833,1.861143883,1.359807129,-0.0001897732528,2
within_seed,seed1 2k->30k,1,2000,1,30000,24,attention,o_proj,0.4477779579,0.06437953343,0.041292423,0.07123008898,0.7250159665,1.559112514,1.302150908,-0.002387637488,2
within_seed,seed1 2k->30k,1,2000,1,30000,24,mlp,gate_proj,0.4404075135,0.1774232523,0.08808111157,0.1976170069,1.243579848,2.01431668,-0.2349501567,-0.002506589087,0
within_seed,seed1 2k->30k,1,2000,1,30000,24,mlp,up_proj,0.5170296671,0.1331895196,0.09194295499,0.1549882936,0.6857005919,1.448610387,1.040408033,-0.01243098237,1
within_seed,seed1 2k->30k,1,2000,1,30000,24,mlp,down_proj,0.7127184616,0.05230132403,0.05316894602,0.07456169549,0.4023542137,0.9836817906,0.3261890761,-0.0054518073,1
within_seed,seed1 2k->30k,1,2000,1,30000,25,attention,q_proj,0.5124339921,0.05844961794,0.04561936877,0.06675561046,0.4633172763,1.281245653,-0.07516377662,-0.003823186221,0
within_seed,seed1 2k->30k,1,2000,1,30000,25,attention,k_proj,0.3561573818,0.0265892711,0.01559952876,0.02779351139,0.7816891661,1.704491944,0.88951414,-0.0003154469462,1
within_seed,seed1 2k->30k,1,2000,1,30000,25,attention,v_proj,0.348226623,0.02073904365,0.015469148,0.02021345705,0.3066949162,1.340671357,2.134604569,-0.0004939445614,2
within_seed,seed1 2k->30k,1,2000,1,30000,25,attention,o_proj,0.3932689187,0.05293007658,0.03956224881,0.05400976141,0.3651843117,1.337893527,0.7794357413,-0.003102745166,1
within_seed,seed1 2k->30k,1,2000,1,30000,25,mlp,gate_proj,0.4006235864,0.1552801537,0.08114679251,0.1688323913,1.080579972,1.91357106,-0.3500022678,-0.00455687835,0
within_seed,seed1 2k->30k,1,2000,1,30000,25,mlp,up_proj,0.5684528237,0.119577424,0.09583508856,0.1443788881,0.5065347182,1.247741571,1.079426832,-0.016255325,2
within_seed,seed1 2k->30k,1,2000,1,30000,25,mlp,down_proj,0.6554900616,0.04855580149,0.04959229224,0.0634101998,0.2786301446,0.9790997611,0.4702616356,-0.005170016191,1
within_seed,seed1 2k->30k,1,2000,1,30000,26,attention,q_proj,0.4258029659,0.06385031922,0.03637306462,0.07020278514,0.930076167,1.755428636,0.8382250842,-0.001333572445,1
within_seed,seed1 2k->30k,1,2000,1,30000,26,attention,k_proj,0.3462911535,0.0224997052,0.009873506559,0.02392376358,1.423026048,2.278795792,0.9729076955,1.12352994e-05,2
within_seed,seed1 2k->30k,1,2000,1,30000,26,attention,v_proj,0.4351212287,0.01980125038,0.01368299128,0.02145577676,0.5680618605,1.44714339,1.346484706,-0.0003128274497,2
within_seed,seed1 2k->30k,1,2000,1,30000,26,attention,o_proj,0.4612401214,0.04967032295,0.03928921067,0.05350391828,0.3617967216,1.264222979,1.645145267,-0.003067530208,2
within_seed,seed1 2k->30k,1,2000,1,30000,26,mlp,gate_proj,0.4391239997,0.1487035782,0.08208367819,0.1651737623,1.012260731,1.811609585,0.5970649534,-0.005648882145,1
within_seed,seed1 2k->30k,1,2000,1,30000,26,mlp,up_proj,0.5714089111,0.1152129412,0.0900066038,0.1398496751,0.55377127,1.280049866,1.456581274,-0.01372521825,3
within_seed,seed1 2k->30k,1,2000,1,30000,26,mlp,down_proj,0.675974033,0.04281263623,0.04636132223,0.05713993512,0.2324914903,0.9234558933,0.6576542982,-0.004648652509,1
within_seed,seed1 2k->30k,1,2000,1,30000,27,attention,q_proj,0.3407028431,0.1198566979,0.03158939602,0.1268813793,3.016581361,3.794206696,1.217930082,0.005475203885,2
within_seed,seed1 2k->30k,1,2000,1,30000,27,attention,k_proj,0.3283334831,0.01970769587,0.01182081999,0.02012078244,0.7021477738,1.667202096,3.176438522,-0.000201401737,3
within_seed,seed1 2k->30k,1,2000,1,30000,27,attention,v_proj,0.3935409999,0.02648396411,0.01421944084,0.02862900317,1.013370532,1.862517972,-0.2838068327,-0.0001690444218,-1
within_seed,seed1 2k->30k,1,2000,1,30000,27,attention,o_proj,0.5523436523,0.04674769275,0.0389768469,0.05513863335,0.4146509464,1.199370818,1.424802612,-0.002902252585,2
within_seed,seed1 2k->30k,1,2000,1,30000,27,mlp,gate_proj,0.2520787636,0.1773705225,0.06827734905,0.18181605,1.662904352,2.59779451,1.71305796,0.003514323907,2
within_seed,seed1 2k->30k,1,2000,1,30000,27,mlp,up_proj,0.238131835,0.1364546149,0.06376898942,0.1367747973,1.144848124,2.139827151,2.097011085,-0.0022360886,2
within_seed,seed1 2k->30k,1,2000,1,30000,27,mlp,down_proj,0.3862016518,0.04200702721,0.03612368479,0.03953033242,0.09430509782,1.162866619,2.180791938,-0.003041900173,2
within_seed,seed2 2k->selected(6000),2,2000,2,6000,0,attention,q_proj,0.947166186,0.03776675212,0.03302295646,0.06752928897,1.044919541,1.143651452,-0.3212615722,0.003114348225,-1
within_seed,seed2 2k->selected(6000),2,2000,2,6000,0,attention,k_proj,0.9154278185,0.01239553293,0.01041963917,0.0212029874,1.034906109,1.189631688,-0.484187183,0.0003034176137,1
within_seed,seed2 2k->selected(6000),2,2000,2,6000,0,attention,v_proj,0.801885256,0.01000596814,0.007411183254,0.01491576887,1.012602895,1.35011749,0.326388146,0.0001460793638,1
within_seed,seed2 2k->selected(6000),2,2000,2,6000,0,attention,o_proj,0.7844023517,0.02571193789,0.01904325234,0.03777590253,0.9836896484,1.350186273,0.3036890252,0.0009017682529,0
within_seed,seed2 2k->selected(6000),2,2000,2,6000,0,mlp,gate_proj,0.7754811773,0.05212650325,0.03805645342,0.07577047415,0.9910019813,1.369715214,0.8085836544,0.003664387572,1
within_seed,seed2 2k->selected(6000),2,2000,2,6000,0,mlp,up_proj,0.7804140983,0.0565062038,0.04136381237,0.08252075453,0.9949987637,1.366078235,0.7795516871,0.004369781655,1
within_seed,seed2 2k->selected(6000),2,2000,2,6000,0,mlp,down_proj,0.7811600281,0.02657972037,0.02010825267,0.0391358134,0.9462562979,1.32183143,-0.4815116044,0.0009164194111,1
within_seed,seed2 2k->selected(6000),2,2000,2,6000,1,attention,q_proj,0.7783061989,0.02179021191,0.01676860709,0.03212881106,0.9160095341,1.299464636,0.4055228872,0.0005881270264,1
within_seed,seed2 2k->selected(6000),2,2000,2,6000,1,attention,k_proj,0.8435474414,0.008267103776,0.007071529575,0.01330831276,0.8819567415,1.169068684,-0.2257657483,9.491307e-05,0
within_seed,seed2 2k->selected(6000),2,2000,2,6000,1,attention,v_proj,0.8204526458,0.009346033205,0.007547217399,0.01448251298,0.9189208707,1.238341591,-0.3407049657,0.0001200900305,0
within_seed,seed2 2k->selected(6000),2,2000,2,6000,1,attention,o_proj,0.7961445143,0.02650147765,0.01987245181,0.03943762785,0.9845376009,1.333578659,-0.7693495331,0.0009839982653,-1
within_seed,seed2 2k->selected(6000),2,2000,2,6000,1,mlp,gate_proj,0.7441656136,0.0542552987,0.0318601995,0.07361612183,1.310598269,1.702917733,-0.5621467781,0.004657014866,-2
within_seed,seed2 2k->selected(6000),2,2000,2,6000,1,mlp,up_proj,0.7753310219,0.05289599967,0.03498583752,0.07518573841,1.149033545,1.511926066,-0.3520703285,0.004295552523,0
within_seed,seed2 2k->selected(6000),2,2000,2,6000,1,mlp,down_proj,0.7578501401,0.02947865788,0.01885958657,0.04108060494,1.178234649,1.563059602,0.01807720775,0.001315513835,0
within_seed,seed2 2k->selected(6000),2,2000,2,6000,2,attention,q_proj,0.778334234,0.02379271395,0.01767029998,0.03480119574,0.9694739639,1.346480478,0.4865858575,0.0007501631553,0
within_seed,seed2 2k->selected(6000),2,2000,2,6000,2,attention,k_proj,0.8158601154,0.009461702586,0.007030481847,0.01427969286,1.031111546,1.345811395,-0.3529378296,0.0001369941489,0
within_seed,seed2 2k->selected(6000),2,2000,2,6000,2,attention,v_proj,0.7971051076,0.009272483613,0.006937658586,0.01380223883,0.9894664259,1.336543662,-0.4555896319,0.0001213381682,-1
within_seed,seed2 2k->selected(6000),2,2000,2,6000,2,attention,o_proj,0.7863476192,0.0265109399,0.01968888145,0.03903818863,0.9827529937,1.346492942,-1.302256168,0.0009617949674,-1
within_seed,seed2 2k->selected(6000),2,2000,2,6000,2,mlp,gate_proj,0.7501850532,0.05541091212,0.03556866754,0.0768550468,1.160751361,1.557857405,-0.1146778269,0.004535493792,0
within_seed,seed2 2k->selected(6000),2,2000,2,6000,2,mlp,up_proj,0.7776017169,0.05910200916,0.03989825541,0.08453872904,1.118857784,1.481318132,-0.3400434819,0.005279676013,-1
within_seed,seed2 2k->selected(6000),2,2000,2,6000,2,mlp,down_proj,0.7705956244,0.02964905202,0.01909162461,0.04174924503,1.186783256,1.552987377,-0.5749478623,0.001368441104,0
within_seed,seed2 2k->selected(6000),2,2000,2,6000,3,attention,q_proj,0.7550124462,0.02489427563,0.01780289139,0.03542897776,0.9900687472,1.39832767,0.5980400588,0.0008001479362,0
within_seed,seed2 2k->selected(6000),2,2000,2,6000,3,attention,k_proj,0.7419147649,0.009598299332,0.006494834492,0.01337218082,1.058894778,1.477835862,0.1714176341,0.0001240890109,0
within_seed,seed2 2k->selected(6000),2,2000,2,6000,3,attention,v_proj,0.7840192918,0.009951372709,0.007159090742,0.01451688091,1.027754842,1.390033046,-1.17747153,0.0001410068965,0
within_seed,seed2 2k->selected(6000),2,2000,2,6000,3,attention,o_proj,0.7793139654,0.02707969403,0.02013064733,0.03965021426,0.9696442751,1.345197379,-0.7719894399,0.0009740132022,0
within_seed,seed2 2k->selected(6000),2,2000,2,6000,3,mlp,gate_proj,0.7612112162,0.06391231784,0.04278849917,0.09014542283,1.10676758,1.493679822,-0.3939144241,0.005932302929,0
within_seed,seed2 2k->selected(6000),2,2000,2,6000,3,mlp,up_proj,0.7802655208,0.06645952102,0.04429477703,0.09497154481,1.144079984,1.500391818,-0.5841130175,0.006823111512,-1
within_seed,seed2 2k->selected(6000),2,2000,2,6000,3,mlp,down_proj,0.7694020755,0.03085206517,0.0226819404,0.04469002454,0.9702910667,1.360203961,1.444504103,0.001238506881,1
within_seed,seed2 2k->selected(6000),2,2000,2,6000,4,attention,q_proj,0.7642666985,0.02256786968,0.01631255914,0.03243308868,0.9882281131,1.383465922,0.4573413994,0.000668873282,0
within_seed,seed2 2k->selected(6000),2,2000,2,6000,4,attention,k_proj,0.7680702177,0.008288422966,0.006375961178,0.01211019525,0.8993520989,1.299948782,1.669425627,8.116213207e-05,0
within_seed,seed2 2k->selected(6000),2,2000,2,6000,4,attention,v_proj,0.7834474867,0.009613335822,0.007113144128,0.01410947368,0.983577645,1.351488969,-0.7902529005,0.0001257823606,0
within_seed,seed2 2k->selected(6000),2,2000,2,6000,4,attention,o_proj,0.7822669083,0.02516448748,0.01964990853,0.0373581672,0.9011878419,1.280641456,-0.9024698998,0.0007749057433,0
within_seed,seed2 2k->selected(6000),2,2000,2,6000,4,mlp,gate_proj,0.7668613378,0.06406704515,0.04291742682,0.09075513983,1.114645414,1.492797912,-0.3715295232,0.006059789179,-1
within_seed,seed2 2k->selected(6000),2,2000,2,6000,4,mlp,up_proj,0.7888778724,0.0637093355,0.04604107065,0.09340228883,1.028673259,1.383750087,-0.6893629287,0.005843792577,0
within_seed,seed2 2k->selected(6000),2,2000,2,6000,4,mlp,down_proj,0.7689799924,0.02972664303,0.02269605165,0.04339819667,0.9121474229,1.309771562,-2.000211174,0.001066002914,0
within_seed,seed2 2k->selected(6000),2,2000,2,6000,5,attention,q_proj,0.8094615215,0.02313413946,0.01956925442,0.035919303,0.8354967561,1.182167648,0.7870864345,0.0006278566529,1
within_seed,seed2 2k->selected(6000),2,2000,2,6000,5,attention,k_proj,0.7929934884,0.008145914889,0.006358399402,0.01220807177,0.9199913374,1.281126644,0.3201958101,8.548581014e-05,0
within_seed,seed2 2k->selected(6000),2,2000,2,6000,5,attention,v_proj,0.8029492614,0.008818290662,0.007377242398,0.0135673073,0.8390757095,1.195336982,-0.1238055617,9.029906006e-05,0
within_seed,seed2 2k->selected(6000),2,2000,2,6000,5,attention,o_proj,0.7846905583,0.02571009779,0.02096596728,0.03863510009,0.8427530471,1.226277684,-1.022406947,0.0007382394714,0
within_seed,seed2 2k->selected(6000),2,2000,2,6000,5,mlp,gate_proj,0.7608056915,0.06467261627,0.04493259611,0.09191037314,1.045516643,1.439325164,-0.9162690289,0.005773163644,0
within_seed,seed2 2k->selected(6000),2,2000,2,6000,5,mlp,up_proj,0.7768343152,0.06411631922,0.047213755,0.09348382716,0.9800125441,1.358000846,-0.719233498,0.005494433129,-1
within_seed,seed2 2k->selected(6000),2,2000,2,6000,5,mlp,down_proj,0.776804853,0.02943507696,0.02297145175,0.04347939827,0.8927579651,1.281376435,-1.506074815,0.001033760657,0
within_seed,seed2 2k->selected(6000),2,2000,2,6000,6,attention,q_proj,0.7723885814,0.02354674827,0.01945474014,0.03507061383,0.8026770639,1.210334762,-0.242970495,0.0005528868415,1
within_seed,seed2 2k->selected(6000),2,2000,2,6000,6,attention,k_proj,0.7941722103,0.008802480125,0.007672375381,0.01355946109,0.767309394,1.147295288,0.9568704067,7.486473787e-05,1
within_seed,seed2 2k->selected(6000),2,2000,2,6000,6,attention,v_proj,0.8137019326,0.01014372551,0.007996035856,0.01552258007,0.9412844501,1.2685943,-1.033329491,0.000143059222,-1
within_seed,seed2 2k->selected(6000),2,2000,2,6000,6,attention,o_proj,0.7831695301,0.02727718538,0.02196513919,0.0408138873,0.8581210411,1.24183986,-0.8959763497,0.0008513523681,0
within_seed,seed2 2k->selected(6000),2,2000,2,6000,6,mlp,gate_proj,0.7621952734,0.06481845981,0.04573304992,0.09252004299,1.023045547,1.417322044,-0.1090458688,0.005694480991,0
within_seed,seed2 2k->selected(6000),2,2000,2,6000,6,mlp,up_proj,0.7778327348,0.06247520199,0.04949294936,0.09267874609,0.8725646235,1.262305092,0.02913510737,0.004519994272,1
within_seed,seed2 2k->selected(6000),2,2000,2,6000,6,mlp,down_proj,0.7907163427,0.03023717999,0.02605817831,0.04629137635,0.7764624912,1.160371981,-1.277249449,0.0008965530966,-1
within_seed,seed2 2k->selected(6000),2,2000,2,6000,7,attention,q_proj,0.7706481432,0.02638200665,0.01990308875,0.03847137409,0.9329348614,1.325523238,1.025436665,0.000867174427,1
within_seed,seed2 2k->selected(6000),2,2000,2,6000,7,attention,k_proj,0.7505897609,0.01000763862,0.006887897089,0.01408281004,1.044573235,1.452930914,-0.7201909842,0.0001353898454,0
within_seed,seed2 2k->selected(6000),2,2000,2,6000,7,attention,v_proj,0.7906823552,0.009746414283,0.007957936648,0.01473350435,0.8514226748,1.224741376,-0.2107648516,0.0001093933785,0
within_seed,seed2 2k->selected(6000),2,2000,2,6000,7,attention,o_proj,0.7762571711,0.02805986184,0.02221842697,0.04156107176,0.8705676968,1.262909471,-1.476490137,0.0009053918999,0
within_seed,seed2 2k->selected(6000),2,2000,2,6000,7,mlp,gate_proj,0.7669604129,0.06293294357,0.04753624953,0.09150455558,0.9249426802,1.323893748,-0.5184254092,0.004842412958,1
within_seed,seed2 2k->selected(6000),2,2000,2,6000,7,mlp,up_proj,0.7836300639,0.06357711979,0.05204182318,0.09552487088,0.8355404374,1.221654352,-0.7316629544,0.004440997424,0
within_seed,seed2 2k->selected(6000),2,2000,2,6000,7,mlp,down_proj,0.801654071,0.03181030744,0.0283264059,0.04963682337,0.7523163212,1.122991302,-1.393007721,0.0009570946887,-2
within_seed,seed2 2k->selected(6000),2,2000,2,6000,8,attention,q_proj,0.8130831624,0.02548258093,0.02196647311,0.03990225562,0.8165071569,1.160067017,1.091774043,0.0007410154601,1
within_seed,seed2 2k->selected(6000),2,2000,2,6000,8,attention,k_proj,0.789752902,0.009387411786,0.007678252163,0.01418421089,0.8473228794,1.222597485,0.475821516,0.0001005010382,0
within_seed,seed2 2k->selected(6000),2,2000,2,6000,8,attention,v_proj,0.7999424947,0.01053508177,0.008764590525,0.01613949703,0.8414433602,1.202005016,-0.9940939579,0.0001284573905,-1
within_seed,seed2 2k->selected(6000),2,2000,2,6000,8,attention,o_proj,0.780312764,0.02846279586,0.0235666252,0.04273913708,0.8135450758,1.207758668,-0.851627089,0.0008439680348,0
within_seed,seed2 2k->selected(6000),2,2000,2,6000,8,mlp,gate_proj,0.7741223009,0.06244737768,0.04870725812,0.09200982453,0.8890372418,1.282095936,-0.01215656733,0.004597653333,1
within_seed,seed2 2k->selected(6000),2,2000,2,6000,8,mlp,up_proj,0.7803815982,0.06438067349,0.05183537859,0.09607761429,0.8535142773,1.242021863,-0.2304233199,0.004672496999,1
within_seed,seed2 2k->selected(6000),2,2000,2,6000,8,mlp,down_proj,0.8164010712,0.03124599779,0.0299314296,0.0504656977,0.6860436798,1.043919325,-1.460541984,0.0007630692632,-1
within_seed,seed2 2k->selected(6000),2,2000,2,6000,9,attention,q_proj,0.7394907026,0.02451740671,0.01877194028,0.03489163483,0.8587122227,1.306066733,1.321131435,0.0006229718994,1
within_seed,seed2 2k->selected(6000),2,2000,2,6000,9,attention,k_proj,0.7663806194,0.009815373189,0.007397298425,0.01425755374,0.9274001017,1.326886199,0.141657576,0.0001180376286,1
within_seed,seed2 2k->selected(6000),2,2000,2,6000,9,attention,v_proj,0.7991139969,0.009987315259,0.008746593291,0.01548052232,0.7698916369,1.141852025,-0.3390566481,9.834201196e-05,0
within_seed,seed2 2k->selected(6000),2,2000,2,6000,9,attention,o_proj,0.7984649699,0.02657603536,0.02386282862,0.04141189711,0.7354144293,1.113700131,0.2350170992,0.0006289851317,1
within_seed,seed2 2k->selected(6000),2,2000,2,6000,9,mlp,gate_proj,0.7620593077,0.06598550093,0.04762598278,0.0946298648,0.9869377865,1.385493738,-1.011706296,0.005684065306,0
within_seed,seed2 2k->selected(6000),2,2000,2,6000,9,mlp,up_proj,0.7947901189,0.06263175156,0.05586471773,0.0970627998,0.7374615633,1.121132516,0.1232135398,0.003480451627,1
within_seed,seed2 2k->selected(6000),2,2000,2,6000,9,mlp,down_proj,0.8203119574,0.03121568241,0.03134470006,0.05126742746,0.6356011496,0.9958839086,-0.6079701977,0.0005904340962,-1
within_seed,seed2 2k->selected(6000),2,2000,2,6000,10,attention,q_proj,0.8015786095,0.02508667831,0.02301077867,0.03942259319,0.7132229096,1.090214228,1.327597644,0.0005242167261,2
within_seed,seed2 2k->selected(6000),2,2000,2,6000,10,attention,k_proj,0.7791799232,0.009781902957,0.008253854248,0.01473306452,0.7849920869,1.185131535,0.8863316647,9.304766534e-05,1
within_seed,seed2 2k->selected(6000),2,2000,2,6000,10,attention,v_proj,0.7917989224,0.01022449138,0.008836048219,0.01568048063,0.7746033338,1.15713395,-0.0516624195,0.0001023155207,0
within_seed,seed2 2k->selected(6000),2,2000,2,6000,10,attention,o_proj,0.8046675895,0.02718062179,0.02572063649,0.04318173016,0.6788748664,1.056763187,-0.3516608569,0.0005395863169,0
within_seed,seed2 2k->selected(6000),2,2000,2,6000,10,mlp,gate_proj,0.7626474458,0.06723625056,0.04883362169,0.09659786763,0.9781016499,1.376843417,-1.340376085,0.005850922914,-1
within_seed,seed2 2k->selected(6000),2,2000,2,6000,10,mlp,up_proj,0.7932974966,0.0636745959,0.05593998656,0.09817756011,0.7550515498,1.138266199,0.05894342132,0.00377757887,1
within_seed,seed2 2k->selected(6000),2,2000,2,6000,10,mlp,down_proj,0.8262191977,0.02984048405,0.0324169392,0.05038333393,0.554228597,0.9205213321,-0.7970358238,0.0002232526785,-1
within_seed,seed2 2k->selected(6000),2,2000,2,6000,11,attention,q_proj,0.8024823948,0.02681423233,0.02156360802,0.04083007565,0.8934714265,1.243494702,-0.5652752325,0.0009128121051,0
within_seed,seed2 2k->selected(6000),2,2000,2,6000,11,attention,k_proj,0.7815612092,0.01003498485,0.007467298543,0.01472440327,0.9718514242,1.34385746,-0.3360721164,0.0001347481562,0
within_seed,seed2 2k->selected(6000),2,2000,2,6000,11,attention,v_proj,0.7926621442,0.01012925502,0.008879812218,0.01559987742,0.7567801026,1.140705993,-0.2573321485,9.590316486e-05,0
within_seed,seed2 2k->selected(6000),2,2000,2,6000,11,attention,o_proj,0.8096916784,0.02749458202,0.02694278874,0.04430863419,0.644545211,1.020480184,0.2757266403,0.0004681191475,0
within_seed,seed2 2k->selected(6000),2,2000,2,6000,11,mlp,gate_proj,0.7806059544,0.06154826344,0.05160868173,0.09270453397,0.7962972676,1.192595148,0.1268074016,0.003799193584,1
within_seed,seed2 2k->selected(6000),2,2000,2,6000,11,mlp,up_proj,0.7926939789,0.06284892116,0.05506630025,0.09678334391,0.7575784732,1.141331829,-0.2845681134,0.003700787538,1
within_seed,seed2 2k->selected(6000),2,2000,2,6000,11,mlp,down_proj,0.8509017946,0.02877136682,0.03418352279,0.05156617737,0.5085097487,0.8416735455,-0.5717516894,3.34529896e-06,-1
within_seed,seed2 2k->selected(6000),2,2000,2,6000,12,attention,q_proj,0.8245258645,0.02854568517,0.02418107411,0.04499091471,0.8605837979,1.180496989,-0.6601784368,0.001039808366,0
within_seed,seed2 2k->selected(6000),2,2000,2,6000,12,attention,k_proj,0.8068681773,0.01019559106,0.00810123407,0.0155392714,0.9181363318,1.258523204,0.9102236231,0.0001380722654,1
within_seed,seed2 2k->selected(6000),2,2000,2,6000,12,attention,v_proj,0.8164652429,0.01039713027,0.009816401978,0.01673110371,0.7044028707,1.059158977,-0.1410101793,9.105334252e-05,0
within_seed,seed2 2k->selected(6000),2,2000,2,6000,12,attention,o_proj,0.8172253361,0.02729284149,0.02762512999,0.04474406804,0.6196871493,0.9879715135,-0.4983773504,0.0003994445449,1
within_seed,seed2 2k->selected(6000),2,2000,2,6000,12,mlp,gate_proj,0.7950046006,0.06398790651,0.05533711559,0.0984695212,0.7794480279,1.156328909,-0.6181994537,0.004091819007,0
within_seed,seed2 2k->selected(6000),2,2000,2,6000,12,mlp,up_proj,0.8046583443,0.05990539072,0.05624644506,0.09499231772,0.6888590491,1.065052034,-0.1804992569,0.002739623057,0
within_seed,seed2 2k->selected(6000),2,2000,2,6000,12,mlp,down_proj,0.8531345083,0.02799872552,0.03329400786,0.05036423189,0.5127115996,0.840953893,-0.729571724,2.423599853e-05,-1
within_seed,seed2 2k->selected(6000),2,2000,2,6000,13,attention,q_proj,0.8058536878,0.02673950677,0.02192056176,0.04104283508,0.872344127,1.219836748,-0.7460501549,0.0008860609255,0
within_seed,seed2 2k->selected(6000),2,2000,2,6000,13,attention,k_proj,0.7951782062,0.009744711992,0.007921088401,0.01477742091,0.8655795979,1.230223866,0.1123515366,0.0001133244766,0
within_seed,seed2 2k->selected(6000),2,2000,2,6000,13,attention,v_proj,0.8180133664,0.009067680456,0.01007787602,0.01521664856,0.509906307,0.8997610647,0.4845521495,9.315763974e-07,0
within_seed,seed2 2k->selected(6000),2,2000,2,6000,13,attention,o_proj,0.8345491729,0.02517813844,0.02794419132,0.04324366854,0.5475011623,0.9010151038,0.1439161632,0.0001415070602,1
within_seed,seed2 2k->selected(6000),2,2000,2,6000,13,mlp,gate_proj,0.8001858385,0.06303456294,0.05485367165,0.09766150301,0.780400474,1.149140268,-1.149611628,0.004035906241,-1
within_seed,seed2 2k->selected(6000),2,2000,2,6000,13,mlp,up_proj,0.8276441713,0.05827952566,0.05955004167,0.09702961702,0.6293794983,0.9786647334,0.1208687975,0.002023295597,1
within_seed,seed2 2k->selected(6000),2,2000,2,6000,13,mlp,down_proj,0.8806217213,0.02515475221,0.03333104543,0.0489312503,0.4680382708,0.7546943663,-0.4620658132,-0.0001971352419,0
within_seed,seed2 2k->selected(6000),2,2000,2,6000,14,attention,q_proj,0.8070572959,0.02455454692,0.02200167915,0.03859286509,0.7540872596,1.116030588,0.7763460463,0.0005819082537,1
within_seed,seed2 2k->selected(6000),2,2000,2,6000,14,attention,k_proj,0.8118802236,0.009218037159,0.008527051857,0.0146810863,0.721707167,1.08103449,0.3335094142,7.515731715e-05,1
within_seed,seed2 2k->selected(6000),2,2000,2,6000,14,attention,v_proj,0.842732921,0.009445686382,0.009993439827,0.01618574814,0.6196373241,0.9451886984,0.6831217682,5.224892343e-05,1
within_seed,seed2 2k->selected(6000),2,2000,2,6000,14,attention,o_proj,0.8596025027,0.0231196644,0.02838680235,0.04240511634,0.4938320919,0.8144511705,0.3521110692,-5.084329822e-05,1
within_seed,seed2 2k->selected(6000),2,2000,2,6000,14,mlp,gate_proj,0.8141854035,0.05949472051,0.05599803757,0.09541791486,0.7039510491,1.062442955,-0.4413215372,0.00295580749,0
within_seed,seed2 2k->selected(6000),2,2000,2,6000,14,mlp,up_proj,0.8437845485,0.05658598209,0.06217748892,0.09816393364,0.5787696696,0.9100718456,0.5055864966,0.001266245803,1
within_seed,seed2 2k->selected(6000),2,2000,2,6000,14,mlp,down_proj,0.9009972396,0.02290307718,0.03582897094,0.0491029409,0.370481474,0.6392334634,-0.2110375239,-0.0007598659262,0
within_seed,seed2 2k->selected(6000),2,2000,2,6000,15,attention,q_proj,0.7928101668,0.02524847229,0.02265284636,0.03909880616,0.7259997059,1.114582772,0.125832342,0.0005417859245,0
within_seed,seed2 2k->selected(6000),2,2000,2,6000,15,attention,k_proj,0.8020373034,0.009244117101,0.008273208962,0.01444801091,0.7463611737,1.117355689,0.3248769781,7.950866873e-05,0
within_seed,seed2 2k->selected(6000),2,2000,2,6000,15,attention,v_proj,0.8299791368,0.009141941035,0.01022629638,0.01563166727,0.5285756149,0.8939640216,0.6700580382,9.838481128e-06,2
within_seed,seed2 2k->selected(6000),2,2000,2,6000,15,attention,o_proj,0.8794937704,0.02310914203,0.03004561061,0.04457900443,0.483711049,0.7691353765,0.1258417824,-9.767840114e-05,0
within_seed,seed2 2k->selected(6000),2,2000,2,6000,15,mlp,gate_proj,0.8447684301,0.05360364041,0.0592196105,0.09325965117,0.5748102763,0.9051670546,0.6861784308,0.001083094995,0
within_seed,seed2 2k->selected(6000),2,2000,2,6000,15,mlp,up_proj,0.8632964302,0.05369127597,0.0635700625,0.09793086606,0.5405186374,0.8446000187,0.03893077433,0.0006018962934,1
within_seed,seed2 2k->selected(6000),2,2000,2,6000,15,mlp,down_proj,0.9166634021,0.02165672774,0.03707566167,0.04977991096,0.3426573855,0.5841224881,-0.0817639567,-0.0009689854533,0
within_seed,seed2 2k->selected(6000),2,2000,2,6000,16,attention,q_proj,0.8552584964,0.02264041678,0.02597564482,0.04042029035,0.5560841943,0.8716017227,0.6816834444,0.0001491746759,1
within_seed,seed2 2k->selected(6000),2,2000,2,6000,16,attention,k_proj,0.8454636038,0.00891272081,0.00960006449,0.01540711616,0.6048971525,0.9284021809,1.227003809,4.165997896e-05,1
within_seed,seed2 2k->selected(6000),2,2000,2,6000,16,attention,v_proj,0.881754688,0.007960676697,0.01087007712,0.0156741639,0.4419551707,0.7323477664,0.67774089,-3.439046156e-05,0
within_seed,seed2 2k->selected(6000),2,2000,2,6000,16,attention,o_proj,0.9029484094,0.0201320558,0.03124981194,0.04321517477,0.382893915,0.6442296628,0.3473540842,-0.0005280926687,0
within_seed,seed2 2k->selected(6000),2,2000,2,6000,16,mlp,gate_proj,0.8594891711,0.05217458712,0.06140521653,0.09445458472,0.5382175989,0.8496767875,-0.2699763013,0.0005216179879,0
within_seed,seed2 2k->selected(6000),2,2000,2,6000,16,mlp,up_proj,0.8772113967,0.04860294405,0.06429472779,0.09394206864,0.4611162044,0.7559398059,0.4586233918,-0.0008589825923,1
within_seed,seed2 2k->selected(6000),2,2000,2,6000,16,mlp,down_proj,0.9330533272,0.01945680466,0.03770689746,0.04913133404,0.3029800208,0.5160012085,0.08764685433,-0.001225654726,0
within_seed,seed2 2k->selected(6000),2,2000,2,6000,17,attention,q_proj,0.8435783198,0.02314782487,0.02585192118,0.04033091903,0.5600743464,0.8954005666,0.02634483724,0.0001601949861,0
within_seed,seed2 2k->selected(6000),2,2000,2,6000,17,attention,k_proj,0.8320305236,0.008125964767,0.009396694197,0.01405210135,0.4954303133,0.8647684597,2.157326465,-4.939825505e-06,1
within_seed,seed2 2k->selected(6000),2,2000,2,6000,17,attention,v_proj,0.9023366397,0.007371762143,0.01076434484,0.01544153072,0.4345072504,0.6848314738,0.7836722522,-3.744024907e-05,1
within_seed,seed2 2k->selected(6000),2,2000,2,6000,17,attention,o_proj,0.9036886049,0.02103138417,0.03116742754,0.04442032137,0.4252161593,0.6747872965,0.686161425,-0.0003525133691,1
within_seed,seed2 2k->selected(6000),2,2000,2,6000,17,mlp,gate_proj,0.881626875,0.0460154795,0.06399873571,0.09113815646,0.4240618264,0.7190060708,1.381675612,-0.001506497589,1
within_seed,seed2 2k->selected(6000),2,2000,2,6000,17,mlp,up_proj,0.9024710952,0.04275619822,0.06824209904,0.09263500137,0.3574465421,0.6265369738,0.6811932909,-0.003004452887,1
within_seed,seed2 2k->selected(6000),2,2000,2,6000,17,mlp,down_proj,0.9494491576,0.01748950531,0.04049435397,0.05045929502,0.2460822331,0.4318998478,-0.150707879,-0.001769539537,0
within_seed,seed2 2k->selected(6000),2,2000,2,6000,18,attention,q_proj,0.9227169397,0.02172682258,0.0353207723,0.04952258485,0.4020810311,0.6151287517,-0.2123775685,-0.000574864886,-1
within_seed,seed2 2k->selected(6000),2,2000,2,6000,18,attention,k_proj,0.9331058209,0.007329316186,0.01202496426,0.01713834837,0.4252307118,0.6095083552,0.7704114478,-5.246467088e-05,0
within_seed,seed2 2k->selected(6000),2,2000,2,6000,18,attention,v_proj,0.9254561232,0.006195303498,0.01187288116,0.01524798303,0.2842698269,0.5218028728,0.4036973661,-0.000131731215,0
within_seed,seed2 2k->selected(6000),2,2000,2,6000,18,attention,o_proj,0.9392803664,0.01652421276,0.03461754168,0.04400201176,0.2710900204,0.477336401,0.1148140007,-0.001180283337,0
within_seed,seed2 2k->selected(6000),2,2000,2,6000,18,mlp,gate_proj,0.8936379372,0.04532504073,0.06896483478,0.09474178948,0.3737695419,0.6572195942,0.0458990497,-0.002751058121,1
within_seed,seed2 2k->selected(6000),2,2000,2,6000,18,mlp,up_proj,0.9176596244,0.04194182221,0.07636183709,0.09902890238,0.2968376109,0.5492510894,-0.01728498475,-0.005166033889,0
within_seed,seed2 2k->selected(6000),2,2000,2,6000,18,mlp,down_proj,0.9532109951,0.0173351178,0.04344029741,0.05272369656,0.2137047788,0.3990561491,-0.09364614081,-0.002261318448,0
within_seed,seed2 2k->selected(6000),2,2000,2,6000,19,attention,q_proj,0.8949494551,0.02152527433,0.03311622168,0.04529063458,0.3676268692,0.6499918542,-0.2160422418,-0.0006619873793,-1
within_seed,seed2 2k->selected(6000),2,2000,2,6000,19,attention,k_proj,0.9063681446,0.006822881944,0.0114032638,0.01516680654,0.3300408383,0.5983271162,1.106400036,-9.822680908e-05,1
within_seed,seed2 2k->selected(6000),2,2000,2,6000,19,attention,v_proj,0.926317848,0.006061529095,0.01239028003,0.01534416732,0.2384035939,0.4892164729,0.3915425111,-0.0001700497431,1
within_seed,seed2 2k->selected(6000),2,2000,2,6000,19,attention,o_proj,0.939858183,0.01636546938,0.03734569397,0.04535214781,0.2143876036,0.4382156986,0.1347174484,-0.001667849705,0
within_seed,seed2 2k->selected(6000),2,2000,2,6000,19,mlp,gate_proj,0.8926577441,0.04683527147,0.07324506051,0.09860340325,0.3462123256,0.6394324907,-0.2299506433,-0.00370502248,0
within_seed,seed2 2k->selected(6000),2,2000,2,6000,19,mlp,up_proj,0.9153016628,0.04402895248,0.08082190627,0.1036223289,0.2821069649,0.544765083,-0.1069098551,-0.006158553012,0
within_seed,seed2 2k->selected(6000),2,2000,2,6000,19,mlp,down_proj,0.9473998409,0.01887364462,0.04502969108,0.05484770195,0.2180341601,0.419137777,-0.1715445527,-0.002397868029,0
within_seed,seed2 2k->selected(6000),2,2000,2,6000,20,attention,q_proj,0.8987033671,0.02171393511,0.03312513343,0.04590824704,0.385903762,0.6555123818,-0.1581494324,-0.0005796899089,0
within_seed,seed2 2k->selected(6000),2,2000,2,6000,20,attention,k_proj,0.8995997596,0.006971076237,0.009793496093,0.01431508215,0.4616927414,0.7118067103,0.4420938745,-1.96881723e-05,0
within_seed,seed2 2k->selected(6000),2,2000,2,6000,20,attention,v_proj,0.9073938695,0.006420483186,0.01171577109,0.01475120984,0.2590899678,0.548020539,0.1948773675,-0.0001414250059,0
within_seed,seed2 2k->selected(6000),2,2000,2,6000,20,attention,o_proj,0.9286007509,0.01736676205,0.03657144856,0.04479696343,0.2249162994,0.4748721403,0.05091142,-0.001547997485,0
within_seed,seed2 2k->selected(6000),2,2000,2,6000,20,mlp,gate_proj,0.87597538,0.0505683168,0.07300649298,0.1002430868,0.3730708424,0.6926550603,-0.4488349009,-0.003098267038,0
within_seed,seed2 2k->selected(6000),2,2000,2,6000,20,mlp,up_proj,0.8971692226,0.04535331231,0.07566289792,0.09854302031,0.3023955336,0.5994128371,-0.1148146177,-0.004948109238,0
within_seed,seed2 2k->selected(6000),2,2000,2,6000,20,mlp,down_proj,0.9402379137,0.01912003376,0.04286292081,0.05265221273,0.2283860209,0.4460739819,-0.1321819519,-0.002103013951,0
within_seed,seed2 2k->selected(6000),2,2000,2,6000,21,attention,q_proj,0.8925147597,0.0202477714,0.03236357582,0.04291752575,0.3261058046,0.6256345562,-0.08875732928,-0.0008075829573,0
within_seed,seed2 2k->selected(6000),2,2000,2,6000,21,attention,k_proj,0.8876097512,0.00700151448,0.01053509327,0.01439834577,0.3667032081,0.6645897006,0.172649178,-6.741495114e-05,0
within_seed,seed2 2k->selected(6000),2,2000,2,6000,21,attention,v_proj,0.8897035647,0.006980450833,0.01173015443,0.01491383554,0.2714099916,0.5950860133,0.2760680335,-0.0001353517968,1
within_seed,seed2 2k->selected(6000),2,2000,2,6000,21,attention,o_proj,0.9145841922,0.01752061231,0.03534425738,0.04245842728,0.2012822006,0.4957131261,-0.0008369051948,-0.001553067066,0
within_seed,seed2 2k->selected(6000),2,2000,2,6000,21,mlp,gate_proj,0.8603402041,0.04931242673,0.06973500316,0.09417541146,0.3504754742,0.707140238,-0.3322678653,-0.003274746914,0
within_seed,seed2 2k->selected(6000),2,2000,2,6000,21,mlp,up_proj,0.8955307249,0.04533800641,0.07511102089,0.09789665422,0.3033593881,0.6036132364,-0.186409024,-0.004854982142,0
within_seed,seed2 2k->selected(6000),2,2000,2,6000,21,mlp,down_proj,0.9344659988,0.01947572452,0.04128738346,0.05135663133,0.2438819566,0.4717112804,-0.1193428124,-0.00185350497,0
within_seed,seed2 2k->selected(6000),2,2000,2,6000,22,attention,q_proj,0.875679495,0.02068995943,0.03024601784,0.04114021498,0.3601861637,0.6840556513,-0.2720812854,-0.0005800024073,0
within_seed,seed2 2k->selected(6000),2,2000,2,6000,22,attention,k_proj,0.8881937521,0.007052267539,0.0115534095,0.0149044022,0.2900436186,0.6104057453,-0.1107315943,-0.0001217678278,0
within_seed,seed2 2k->selected(6000),2,2000,2,6000,22,attention,v_proj,0.9004262241,0.00672669463,0.01235543981,0.01517000535,0.2277997046,0.5444318238,0.3586813009,-0.0001750701456,1
within_seed,seed2 2k->selected(6000),2,2000,2,6000,22,attention,o_proj,0.9039893691,0.01733569441,0.03495626443,0.04038369296,0.1552634017,0.4959252565,0.2483282591,-0.001717499328,0
within_seed,seed2 2k->selected(6000),2,2000,2,6000,22,mlp,gate_proj,0.8585022633,0.04967714168,0.07200700339,0.09504913499,0.3199984795,0.6898931957,-0.3420471005,-0.004123242378,0
within_seed,seed2 2k->selected(6000),2,2000,2,6000,22,mlp,up_proj,0.9065391204,0.04119823675,0.07807149056,0.09549768252,0.2232081371,0.5276988624,-0.07629011862,-0.007092725939,-1
within_seed,seed2 2k->selected(6000),2,2000,2,6000,22,mlp,down_proj,0.9454912318,0.01780427504,0.04267122534,0.0514762847,0.2063465321,0.4172431164,-0.09884015816,-0.00223048952,-1
within_seed,seed2 2k->selected(6000),2,2000,2,6000,23,attention,q_proj,0.8936510109,0.01748612692,0.03026243277,0.03805907224,0.2576342596,0.5778162997,-0.04288786306,-0.0009486310681,1
within_seed,seed2 2k->selected(6000),2,2000,2,6000,23,attention,k_proj,0.8447465666,0.005770509186,0.008912624567,0.01077673448,0.2091538695,0.647453412,1.344348793,-9.650010321e-05,1
within_seed,seed2 2k->selected(6000),2,2000,2,6000,23,attention,v_proj,0.9094026601,0.006133210167,0.01235290667,0.01458331339,0.1805572391,0.496499353,0.1383154183,-0.0002009848215,1
within_seed,seed2 2k->selected(6000),2,2000,2,6000,23,attention,o_proj,0.9028247106,0.01676697426,0.03443596498,0.03895484604,0.131225626,0.4869029884,0.06644449896,-0.001764305866,0
within_seed,seed2 2k->selected(6000),2,2000,2,6000,23,mlp,gate_proj,0.8591521457,0.05688234407,0.07834689432,0.1076635742,0.374190708,0.726031894,-0.4178849023,-0.003539853913,-1
within_seed,seed2 2k->selected(6000),2,2000,2,6000,23,mlp,up_proj,0.9024629692,0.04736279962,0.08553238833,0.106950737,0.2504121427,0.5537411096,-0.08303355387,-0.00777627771,0
within_seed,seed2 2k->selected(6000),2,2000,2,6000,23,mlp,down_proj,0.9439835552,0.01985863232,0.04635426067,0.05642180545,0.2171870424,0.4284100757,-0.1159969146,-0.0025476463,0
within_seed,seed2 2k->selected(6000),2,2000,2,6000,24,attention,q_proj,0.8576191454,0.02236953945,0.03133646726,0.04238844281,0.3526873485,0.7138500733,-0.3516203971,-0.0006524779913,0
within_seed,seed2 2k->selected(6000),2,2000,2,6000,24,attention,k_proj,0.8370708017,0.00847642761,0.01144889732,0.01529464694,0.3359056779,0.740370655,-0.5146150815,-9.594700938e-05,0
within_seed,seed2 2k->selected(6000),2,2000,2,6000,24,attention,v_proj,0.890389117,0.007111807972,0.01300278959,0.01552022698,0.193607485,0.5469447861,0.2417913015,-0.0002148478572,0
within_seed,seed2 2k->selected(6000),2,2000,2,6000,24,attention,o_proj,0.89474816,0.01944078205,0.03497389244,0.04286917282,0.2257478317,0.5558655528,0.2707622976,-0.001411977748,1
within_seed,seed2 2k->selected(6000),2,2000,2,6000,24,mlp,gate_proj,0.8469532861,0.05455572784,0.07615000583,0.1010628776,0.3271552178,0.7164244736,-0.2482788777,-0.004446929383,0
within_seed,seed2 2k->selected(6000),2,2000,2,6000,24,mlp,up_proj,0.9197912785,0.03995894825,0.08333201617,0.09961364435,0.1953826265,0.4795149582,-0.06554790048,-0.008780251432,0
within_seed,seed2 2k->selected(6000),2,2000,2,6000,24,mlp,down_proj,0.9574577937,0.01679016045,0.04815316415,0.05552897734,0.153174009,0.3486823918,-0.01166971085,-0.003275828398,0
within_seed,seed2 2k->selected(6000),2,2000,2,6000,25,attention,q_proj,0.9205216684,0.01931176003,0.04002692437,0.04817664468,0.2036059588,0.4824692463,-0.0939792993,-0.001978450114,0
within_seed,seed2 2k->selected(6000),2,2000,2,6000,25,attention,k_proj,0.9037046739,0.007803783932,0.0145138596,0.01783670324,0.228942799,0.5376780639,-0.01658354826,-0.0002406948487,0
within_seed,seed2 2k->selected(6000),2,2000,2,6000,25,attention,v_proj,0.9281617138,0.005985919314,0.01412718662,0.01597353726,0.1306948571,0.4237163049,0.3328358283,-0.0002972931786,1
within_seed,seed2 2k->selected(6000),2,2000,2,6000,25,attention,o_proj,0.9373516001,0.01435460456,0.03677755279,0.0409456185,0.1133317851,0.3903088562,0.1237806189,-0.002093715403,0
within_seed,seed2 2k->selected(6000),2,2000,2,6000,25,mlp,gate_proj,0.8765697497,0.0486293581,0.07625963261,0.09874969595,0.2949143941,0.6376815156,-0.2362513665,-0.005195602139,-1
within_seed,seed2 2k->selected(6000),2,2000,2,6000,25,mlp,up_proj,0.9322470858,0.03687982753,0.08347031029,0.09898086881,0.1858212635,0.4418316813,0.04229458882,-0.009046848336,0
within_seed,seed2 2k->selected(6000),2,2000,2,6000,25,mlp,down_proj,0.9613780043,0.01400844764,0.04532179784,0.04994604525,0.1020314204,0.309088525,-0.01573368847,-0.003256521766,0
within_seed,seed2 2k->selected(6000),2,2000,2,6000,26,attention,q_proj,0.8919719052,0.01973001457,0.03247450901,0.0421469852,0.2978482656,0.6075538991,0.09855106286,-0.0009301679025,0
within_seed,seed2 2k->selected(6000),2,2000,2,6000,26,attention,k_proj,0.8642999818,0.006041204753,0.009784143337,0.01196043054,0.2224300204,0.6174485129,2.036346313,-0.0001116697613,2
within_seed,seed2 2k->selected(6000),2,2000,2,6000,26,attention,v_proj,0.9251246285,0.00550815459,0.01278828577,0.01443197933,0.1285311884,0.4307187602,0.2863161948,-0.0002448083063,0
within_seed,seed2 2k->selected(6000),2,2000,2,6000,26,attention,o_proj,0.9270003634,0.01453532586,0.03468128814,0.03863636795,0.1140407414,0.419111476,0.2616911547,-0.001858997448,0
within_seed,seed2 2k->selected(6000),2,2000,2,6000,26,mlp,gate_proj,0.8731389975,0.04636553411,0.07454335865,0.09388481583,0.259465867,0.6219941649,0.1604354866,-0.005717480239,1
within_seed,seed2 2k->selected(6000),2,2000,2,6000,26,mlp,up_proj,0.9222728597,0.03916528982,0.08285272267,0.0989575496,0.1943789704,0.47270975,0.1280203614,-0.008704184518,0
within_seed,seed2 2k->selected(6000),2,2000,2,6000,26,mlp,down_proj,0.9603571458,0.01289182159,0.04296039386,0.04602913203,0.07143179777,0.3000862058,0.09977475369,-0.003109734479,0
within_seed,seed2 2k->selected(6000),2,2000,2,6000,27,attention,q_proj,0.6995122586,0.04029893367,0.02869614014,0.05476441077,0.9084242863,1.404332899,0.9936713566,0.001686605586,1
within_seed,seed2 2k->selected(6000),2,2000,2,6000,27,attention,k_proj,0.8767955014,0.0059842113,0.01028951282,0.01238773972,0.2039189738,0.5815835409,0.5085484896,-0.0001306211231,1
within_seed,seed2 2k->selected(6000),2,2000,2,6000,27,attention,v_proj,0.902488801,0.006313430406,0.0126785791,0.0146106676,0.1523899865,0.4979604066,0.3067719206,-0.0002275325695,0
within_seed,seed2 2k->selected(6000),2,2000,2,6000,27,attention,o_proj,0.9336497039,0.01331738215,0.03562443533,0.03707247968,0.04064750332,0.3738271786,0.143654183,-0.00226187639,0
within_seed,seed2 2k->selected(6000),2,2000,2,6000,27,mlp,gate_proj,0.8167322173,0.04422293323,0.06508437933,0.07650829496,0.1755246918,0.6794707683,0.9312096588,-0.005654461452,1
within_seed,seed2 2k->selected(6000),2,2000,2,6000,27,mlp,up_proj,0.8801405631,0.03056856305,0.06336045913,0.06122031132,-0.03377734066,0.4824548854,0.6028941492,-0.008052487093,1
within_seed,seed2 2k->selected(6000),2,2000,2,6000,27,mlp,down_proj,0.9631436297,0.009948617467,0.03384924267,0.02859251064,-0.1552983645,0.2939096028,0.09085110983,-0.002675621158,0
within_seed,seed2 selected(6000)->30k,2,6000,2,30000,0,attention,q_proj,0.9453635695,0.04712344155,0.06752928897,0.1055041624,0.5623467098,0.6978222674,0.4531987395,-0.001034525196,2
within_seed,seed2 selected(6000)->30k,2,6000,2,30000,0,attention,k_proj,0.9242696575,0.01649269655,0.0212029874,0.03396723496,0.6020023182,0.777847774,1.077074086,-7.263884358e-05,0
within_seed,seed2 selected(6000)->30k,2,6000,2,30000,0,attention,v_proj,0.8466132119,0.01514371005,0.01491576887,0.02552421682,0.7112236745,1.015281893,-0.08834442669,5.938679403e-06,0
within_seed,seed2 selected(6000)->30k,2,6000,2,30000,0,attention,o_proj,0.8215595492,0.04197766971,0.03777590253,0.06706689907,0.7753883977,1.11122877,-1.116057373,0.0002041833458,0
within_seed,seed2 selected(6000)->30k,2,6000,2,30000,0,mlp,gate_proj,0.8127403988,0.08746224942,0.07577047415,0.1370852963,0.8092178759,1.154305162,-1.349187853,0.001183673739,-1
within_seed,seed2 selected(6000)->30k,2,6000,2,30000,0,mlp,up_proj,0.8151909083,0.09261704721,0.08252075453,0.1466018657,0.7765453855,1.122348526,-0.6631688623,0.0009889137446,-1
within_seed,seed2 selected(6000)->30k,2,6000,2,30000,0,mlp,down_proj,0.8175880505,0.04267370178,0.0391358134,0.06823561627,0.7435594241,1.090400277,-1.692089296,0.0001299000408,-1
within_seed,seed2 selected(6000)->30k,2,6000,2,30000,1,attention,q_proj,0.789102739,0.03774407633,0.03212881106,0.05752630689,0.7904897505,1.174773516,-0.329365721,0.0001766192727,-1
within_seed,seed2 selected(6000)->30k,2,6000,2,30000,1,attention,k_proj,0.8101726723,0.01438194929,0.01330831276,0.02286431074,0.7180472955,1.080674129,0.7838052927,6.88380366e-06,0
within_seed,seed2 selected(6000)->30k,2,6000,2,30000,1,attention,v_proj,0.8174222685,0.01451254809,0.01448251298,0.02371338206,0.6373803418,1.002073888,-0.6648887911,-2.138376994e-05,-1
within_seed,seed2 selected(6000)->30k,2,6000,2,30000,1,attention,o_proj,0.8084790171,0.04132126605,0.03943762785,0.0660713566,0.675338001,1.047762462,-1.024493567,-5.682130541e-05,-1
within_seed,seed2 selected(6000)->30k,2,6000,2,30000,1,mlp,gate_proj,0.76846969,0.09095786499,0.07361612183,0.1343815498,0.8254364187,1.235569909,-0.4183981334,0.001283523985,-1
within_seed,seed2 selected(6000)->30k,2,6000,2,30000,1,mlp,up_proj,0.7961686862,0.08233161963,0.07518573841,0.1284818352,0.7088591259,1.095043041,-0.2707822163,0.0001271097253,-1
within_seed,seed2 selected(6000)->30k,2,6000,2,30000,1,mlp,down_proj,0.8295287123,0.04900329352,0.04108060494,0.07737864403,0.8835809292,1.192857155,-2.25011698,0.0005890454414,-1
within_seed,seed2 selected(6000)->30k,2,6000,2,30000,2,attention,q_proj,0.8232798354,0.03856868688,0.03480119574,0.06177675047,0.7751329847,1.10825752,-0.2487269451,0.0001727207715,0
within_seed,seed2 selected(6000)->30k,2,6000,2,30000,2,attention,k_proj,0.8602754305,0.01462783383,0.01427969286,0.02497194586,0.7487733184,1.024380144,-0.3927762605,1.922578848e-05,-1
within_seed,seed2 selected(6000)->30k,2,6000,2,30000,2,attention,v_proj,0.8173634869,0.01453752551,0.01380223883,0.02345144508,0.6991044258,1.053273001,-1.154759033,9.887993728e-07,-1
within_seed,seed2 selected(6000)->30k,2,6000,2,30000,2,attention,o_proj,0.8050275967,0.04037855656,0.03903818863,0.06450389011,0.6523279477,1.034334788,-2.008804065,-0.0001163854258,-1
within_seed,seed2 selected(6000)->30k,2,6000,2,30000,2,mlp,gate_proj,0.8039640987,0.10226281,0.0768550468,0.1532699935,0.9942736346,1.330593296,-1.433278288,0.003380762086,-2
within_seed,seed2 selected(6000)->30k,2,6000,2,30000,2,mlp,up_proj,0.7956953235,0.1015833122,0.08453872904,0.1550009388,0.8334902893,1.201618635,-0.7175903361,0.001802228461,-1
within_seed,seed2 selected(6000)->30k,2,6000,2,30000,2,mlp,down_proj,0.8160872022,0.05014362637,0.04174924503,0.07802803221,0.8689687003,1.201066662,-1.282206126,0.0005586532797,-1
within_seed,seed2 selected(6000)->30k,2,6000,2,30000,3,attention,q_proj,0.8328350274,0.03741226072,0.03542897776,0.06136709559,0.7321158971,1.055979119,-0.12099511,8.048410943e-05,0
within_seed,seed2 selected(6000)->30k,2,6000,2,30000,3,attention,k_proj,0.8551837101,0.01429949836,0.01337218082,0.0239430694,0.7905134339,1.06934677,-0.3319395287,3.060308763e-05,1
within_seed,seed2 selected(6000)->30k,2,6000,2,30000,3,attention,v_proj,0.8149002387,0.01484544327,0.01451688091,0.02406058045,0.6574208047,1.022633123,-0.9821500143,-1.424598678e-05,0
within_seed,seed2 selected(6000)->30k,2,6000,2,30000,3,attention,o_proj,0.8196742114,0.04120531542,0.03965021426,0.06688056214,0.686764205,1.039220498,-1.708753493,-2.6014355e-05,-1
within_seed,seed2 selected(6000)->30k,2,6000,2,30000,3,mlp,gate_proj,0.7985713318,0.117686034,0.09014542283,0.1764194073,0.957053412,1.30551314,-1.948768477,0.00402934882,-2
within_seed,seed2 selected(6000)->30k,2,6000,2,30000,3,mlp,up_proj,0.8087969326,0.11391585,0.09497154481,0.1760972172,0.8542103066,1.199473486,-1.043012544,0.002633048635,-1
within_seed,seed2 selected(6000)->30k,2,6000,2,30000,3,mlp,down_proj,0.8142885657,0.05691460477,0.04469002454,0.08704971102,0.9478555205,1.273541587,-2.393621205,0.000952984589,-2
within_seed,seed2 selected(6000)->30k,2,6000,2,30000,4,attention,q_proj,0.8118549177,0.03603447802,0.03243308868,0.05698871773,0.7571165759,1.111040591,-0.2892278762,0.0001151874665,0
within_seed,seed2 selected(6000)->30k,2,6000,2,30000,4,attention,k_proj,0.7972624514,0.01460495593,0.01211019525,0.02229885661,0.84132924,1.206004993,-0.2551600336,3.918081306e-05,0
within_seed,seed2 selected(6000)->30k,2,6000,2,30000,4,attention,v_proj,0.8302703765,0.01391682804,0.01410947368,0.02319660018,0.6440443287,0.9863463627,-0.7196439595,-1.803151859e-05,-1
within_seed,seed2 selected(6000)->30k,2,6000,2,30000,4,attention,o_proj,0.8060958619,0.03960783667,0.0373581672,0.06297787554,0.6857860078,1.060218946,-1.63579951,-2.548905886e-05,-1
within_seed,seed2 selected(6000)->30k,2,6000,2,30000,4,mlp,gate_proj,0.8100691897,0.1130833385,0.09075513983,0.1732988722,0.909521296,1.246026822,-1.545225477,0.00329649617,-2
within_seed,seed2 selected(6000)->30k,2,6000,2,30000,4,mlp,up_proj,0.8164195233,0.1019790509,0.09340228883,0.1628038966,0.74303969,1.091826037,-1.001432629,0.0007316797375,-1
within_seed,seed2 selected(6000)->30k,2,6000,2,30000,4,mlp,down_proj,0.8042771776,0.04979013385,0.04339819667,0.07749473766,0.7856672304,1.147285778,-2.786161552,0.0003053507517,-2
within_seed,seed2 selected(6000)->30k,2,6000,2,30000,5,attention,q_proj,0.8257465976,0.03364690175,0.035919303,0.05652374236,0.5736313805,0.9367359314,0.6818151058,-0.0002689391477,0
within_seed,seed2 selected(6000)->30k,2,6000,2,30000,5,attention,k_proj,0.8062201675,0.0122604911,0.01220807177,0.01974973129,0.6177600898,1.004293825,0.2258555885,-2.014671869e-05,0
within_seed,seed2 selected(6000)->30k,2,6000,2,30000,5,attention,v_proj,0.8178259883,0.01361520913,0.0135673073,0.02224991423,0.6399653771,1.003530681,-0.4219107495,-1.795519527e-05,0
within_seed,seed2 selected(6000)->30k,2,6000,2,30000,5,attention,o_proj,0.8108762866,0.04054681372,0.03863510009,0.06498589601,0.6820429057,1.049481265,-1.937974332,-3.705089983e-05,-1
within_seed,seed2 selected(6000)->30k,2,6000,2,30000,5,mlp,gate_proj,0.7972606423,0.1189529342,0.09191037314,0.1784988245,0.9420966147,1.294227519,-2.549741335,0.003932369535,-2
within_seed,seed2 selected(6000)->30k,2,6000,2,30000,5,mlp,up_proj,0.8062925074,0.1081316608,0.09348382716,0.1682982204,0.8002923661,1.156688425,-1.294297084,0.001655315147,-1
within_seed,seed2 selected(6000)->30k,2,6000,2,30000,5,mlp,down_proj,0.8041475695,0.04931349813,0.04347939827,0.07696187622,0.7700768475,1.134180787,-1.904784998,0.0002519723478,-3
within_seed,seed2 selected(6000)->30k,2,6000,2,30000,6,attention,q_proj,0.813273033,0.03774904799,0.03507061383,0.06027960196,0.7188065843,1.076372606,-0.7384053189,4.947438191e-05,0
within_seed,seed2 selected(6000)->30k,2,6000,2,30000,6,attention,k_proj,0.8139092261,0.01357704385,0.01355946109,0.02209393669,0.6294111208,1.001296715,0.1612950967,-2.123505755e-05,0
within_seed,seed2 selected(6000)->30k,2,6000,2,30000,6,attention,v_proj,0.8314903675,0.01566079281,0.01552258007,0.02597964838,0.6736681829,1.00890398,-1.0711758,-9.50375333e-06,-1
within_seed,seed2 selected(6000)->30k,2,6000,2,30000,6,attention,o_proj,0.8093924831,0.04347542927,0.0408138873,0.0693058566,0.698094967,1.065211675,-1.811167927,5.674226785e-06,-2
within_seed,seed2 selected(6000)->30k,2,6000,2,30000,6,mlp,gate_proj,0.8160039793,0.1125004038,0.09252004299,0.1744721633,0.885776937,1.215957107,-1.938123342,0.003024630514,-1
within_seed,seed2 selected(6000)->30k,2,6000,2,30000,6,mlp,up_proj,0.8073155139,0.1015399155,0.09267874609,0.1603732246,0.7304207424,1.095611667,-0.7779083908,0.0005245192891,-1
within_seed,seed2 selected(6000)->30k,2,6000,2,30000,6,mlp,down_proj,0.7983262896,0.05477846194,0.04629137635,0.0841096938,0.8169624761,1.183340532,-2.015215194,0.0004731154462,-3
within_seed,seed2 selected(6000)->30k,2,6000,2,30000,7,attention,q_proj,0.8317764033,0.0401947375,0.03847137409,0.0660516515,0.7169038813,1.044795993,-0.3304221159,5.450091186e-05,0
within_seed,seed2 selected(6000)->30k,2,6000,2,30000,7,attention,k_proj,0.8557861787,0.01504565552,0.01408281004,0.02521598764,0.7905508613,1.068370267,0.4035661764,3.395598381e-05,0
within_seed,seed2 selected(6000)->30k,2,6000,2,30000,7,attention,v_proj,0.8159854206,0.014753354,0.01473350435,0.02406896727,0.6336213494,1.001347245,-0.4850539492,-2.352000033e-05,0
within_seed,seed2 selected(6000)->30k,2,6000,2,30000,7,attention,o_proj,0.8239288652,0.04241430684,0.04156107176,0.06951742092,0.6726570794,1.02052967,-1.807231796,-7.117095643e-05,-2
within_seed,seed2 selected(6000)->30k,2,6000,2,30000,7,mlp,gate_proj,0.8056283628,0.1124122037,0.09150455558,0.172196386,0.8818340231,1.228487511,-3.654574924,0.002893886641,-2
within_seed,seed2 selected(6000)->30k,2,6000,2,30000,7,mlp,up_proj,0.8139504651,0.103077381,0.09552487088,0.1646167681,0.7232869992,1.079063285,-1.502514233,0.0004402648401,-1
within_seed,seed2 selected(6000)->30k,2,6000,2,30000,7,mlp,down_proj,0.8143244925,0.0522206991,0.04963682337,0.08397507277,0.6917898259,1.052055622,-0.9844682148,-1.900456606e-05,-2
within_seed,seed2 selected(6000)->30k,2,6000,2,30000,8,attention,q_proj,0.8436257238,0.03766329948,0.03990225562,0.06463840979,0.6199186934,0.9438889832,-0.06478571917,-0.0002094418997,0
within_seed,seed2 selected(6000)->30k,2,6000,2,30000,8,attention,k_proj,0.8231504206,0.01444667869,0.01418421089,0.0236689694,0.6686842555,1.018504222,0.08223148318,-9.679186479e-06,0
within_seed,seed2 selected(6000)->30k,2,6000,2,30000,8,attention,v_proj,0.8263195858,0.0154461308,0.01613949703,0.02582472468,0.6000947635,0.9570391673,-0.6704470704,-4.291543302e-05,0
within_seed,seed2 selected(6000)->30k,2,6000,2,30000,8,attention,o_proj,0.8227530386,0.04346898735,0.04273913708,0.07121106661,0.666179326,1.01707686,-1.291004557,-9.581656186e-05,-1
within_seed,seed2 selected(6000)->30k,2,6000,2,30000,8,mlp,gate_proj,0.8122311592,0.1085083505,0.09200982453,0.1690376071,0.8371691068,1.179312656,-2.488647079,0.002194322988,-2
within_seed,seed2 selected(6000)->30k,2,6000,2,30000,8,mlp,up_proj,0.8260157025,0.1049677885,0.09607761429,0.1692815551,0.7619250472,1.092531172,-1.951759586,0.001092081444,-2
within_seed,seed2 selected(6000)->30k,2,6000,2,30000,8,mlp,down_proj,0.8277940948,0.04920710099,0.0504656977,0.08202095197,0.6252812446,0.9750603524,-0.9700349472,-0.0003119545453,-3
within_seed,seed2 selected(6000)->30k,2,6000,2,30000,9,attention,q_proj,0.8214880744,0.04173803039,0.03489163483,0.06535377078,0.8730498326,1.196218824,-1.479514715,0.0003998731274,-1
within_seed,seed2 selected(6000)->30k,2,6000,2,30000,9,attention,k_proj,0.8501532946,0.01646108725,0.01425755374,0.02677070601,0.8776507183,1.154552005,-1.347762297,6.859319037e-05,-1
within_seed,seed2 selected(6000)->30k,2,6000,2,30000,9,attention,v_proj,0.8269216821,0.01536044227,0.01548052232,0.02545688236,0.6444459585,0.9922431527,-1.142539533,-2.154143567e-05,-1
within_seed,seed2 selected(6000)->30k,2,6000,2,30000,9,attention,o_proj,0.8289205913,0.04107004577,0.04141189711,0.0682411585,0.6478636154,0.9917450933,-0.9487876084,-0.0001441144278,-1
within_seed,seed2 selected(6000)->30k,2,6000,2,30000,9,mlp,gate_proj,0.800917533,0.1187971491,0.0946298648,0.180204243,0.9043062499,1.255387496,-2.526577963,0.003491327643,-2
within_seed,seed2 selected(6000)->30k,2,6000,2,30000,9,mlp,up_proj,0.8149445826,0.1006971843,0.0970627998,0.1626212964,0.6754235067,1.03744364,-0.5513610301,-0.0003427833271,-1
within_seed,seed2 selected(6000)->30k,2,6000,2,30000,9,mlp,down_proj,0.8185267785,0.0498680005,0.05126742746,0.08220585086,0.603471345,0.9727033902,-0.5894445394,-0.0004182370646,-2
within_seed,seed2 selected(6000)->30k,2,6000,2,30000,10,attention,q_proj,0.8338918239,0.03731317626,0.03942259319,0.06318661546,0.6028021079,0.9464921822,0.3496907112,-0.0002490382215,0
within_seed,seed2 selected(6000)->30k,2,6000,2,30000,10,attention,k_proj,0.8530182408,0.01469878263,0.01473306452,0.02509493907,0.7033074851,0.9976731328,0.3092206835,2.74160928e-06,0
within_seed,seed2 selected(6000)->30k,2,6000,2,30000,10,attention,v_proj,0.8279132349,0.01546999627,0.01568048063,0.02570912134,0.6395620741,0.9865766638,-1.057933579,-2.415318845e-05,-1
within_seed,seed2 selected(6000)->30k,2,6000,2,30000,10,attention,o_proj,0.8149636133,0.04287969913,0.04318173016,0.07001180856,0.6213293981,0.993005583,-0.8629797797,-0.0002408479865,-2
within_seed,seed2 selected(6000)->30k,2,6000,2,30000,10,mlp,gate_proj,0.8122480589,0.118011588,0.09659786763,0.182152235,0.8856755275,1.221679017,-2.486942819,0.003295270917,-2
within_seed,seed2 selected(6000)->30k,2,6000,2,30000,10,mlp,up_proj,0.8305406837,0.09630307906,0.09817756011,0.1608140096,0.6379915066,0.9809072353,-0.7776541666,-0.0009726615072,-1
within_seed,seed2 selected(6000)->30k,2,6000,2,30000,10,mlp,down_proj,0.8308424494,0.04611929405,0.05038333393,0.07847781932,0.5576146556,0.9153680484,-0.4055818847,-0.0005953761034,-2
within_seed,seed2 selected(6000)->30k,2,6000,2,30000,11,attention,q_proj,0.8475781214,0.03896253984,0.04083007565,0.06698887534,0.640674779,0.9542607801,-0.7900468452,-0.0001605974586,-1
within_seed,seed2 selected(6000)->30k,2,6000,2,30000,11,attention,k_proj,0.8512602297,0.01463769367,0.01472440327,0.02496662264,0.6955948698,0.9941111638,0.3394949118,-2.184978498e-07,0
within_seed,seed2 selected(6000)->30k,2,6000,2,30000,11,attention,v_proj,0.8399599646,0.01437704193,0.01559987742,0.02472389677,0.5848776314,0.9216124935,-0.7183556038,-4.622987556e-05,0
within_seed,seed2 selected(6000)->30k,2,6000,2,30000,11,attention,o_proj,0.8413942874,0.03849463232,0.04430863419,0.06742165175,0.521636877,0.8687839972,-0.4301749494,-0.000573617844,0
within_seed,seed2 selected(6000)->30k,2,6000,2,30000,11,mlp,gate_proj,0.8223282946,0.09984552566,0.09270453397,0.1610071082,0.7367770623,1.077029584,-1.715760344,0.000623349493,-1
within_seed,seed2 selected(6000)->30k,2,6000,2,30000,11,mlp,up_proj,0.8423057582,0.09059560342,0.09678334391,0.1555903822,0.6076152767,0.9360660601,-0.9543130472,-0.00142568378,-1
within_seed,seed2 selected(6000)->30k,2,6000,2,30000,11,mlp,down_proj,0.8613968838,0.04096091681,0.05156617737,0.07591130369,0.4721142339,0.7943368872,-0.5716935392,-0.0009820202094,-1
within_seed,seed2 selected(6000)->30k,2,6000,2,30000,12,attention,q_proj,0.863436698,0.03932162809,0.04499091471,0.07095727913,0.5771468438,0.8739904123,-0.6050656455,-0.0004102726824,0
within_seed,seed2 selected(6000)->30k,2,6000,2,30000,12,attention,k_proj,0.85426524,0.01431066909,0.0155392714,0.0250874862,0.6144570456,0.9209356551,0.02243943257,-3.398280698e-05,0
within_seed,seed2 selected(6000)->30k,2,6000,2,30000,12,attention,v_proj,0.8532787542,0.01429364413,0.01673110371,0.02559844352,0.5299913239,0.8543156733,-0.54940951,-7.807610672e-05,0
within_seed,seed2 selected(6000)->30k,2,6000,2,30000,12,attention,o_proj,0.8570191468,0.0368006155,0.04474406804,0.06702943611,0.4980630738,0.8224691475,-0.7491789779,-0.0006590926519,-1
within_seed,seed2 selected(6000)->30k,2,6000,2,30000,12,mlp,gate_proj,0.8382884596,0.09773866653,0.0984695212,0.1642185017,0.6677089486,0.992577859,-1.20990071,-0.0004828940519,-1
within_seed,seed2 selected(6000)->30k,2,6000,2,30000,12,mlp,up_proj,0.8514757148,0.08559102918,0.09499231772,0.1504857274,0.5841883956,0.9010310648,-1.13410444,-0.001724437576,0
within_seed,seed2 selected(6000)->30k,2,6000,2,30000,12,mlp,down_proj,0.8769489323,0.03721018796,0.05036423189,0.0724290904,0.4381057287,0.7388217107,-0.4609986794,-0.001067384315,0
within_seed,seed2 selected(6000)->30k,2,6000,2,30000,13,attention,q_proj,0.8531894686,0.03858866861,0.04104283508,0.06712312968,0.6354408645,0.9402047527,-1.401220429,-0.000177302756,0
within_seed,seed2 selected(6000)->30k,2,6000,2,30000,13,attention,k_proj,0.8567313378,0.01364523602,0.01477742091,0.02397853814,0.6226470286,0.9233841347,0.3100448956,-2.77203078e-05,0
within_seed,seed2 selected(6000)->30k,2,6000,2,30000,13,attention,v_proj,0.8416387207,0.01283371078,0.01521664856,0.02266465642,0.4894644068,0.8433993024,-0.09771182886,-7.932239549e-05,0
within_seed,seed2 selected(6000)->30k,2,6000,2,30000,13,attention,o_proj,0.8631038579,0.03383189007,0.04324366854,0.06316262885,0.460621427,0.7823547634,-0.3325860408,-0.0007234059742,0
within_seed,seed2 selected(6000)->30k,2,6000,2,30000,13,mlp,gate_proj,0.8431811542,0.0966917317,0.09766150301,0.1635401891,0.6745614607,0.9900700759,-1.528264131,-0.0003613548378,-1
within_seed,seed2 selected(6000)->30k,2,6000,2,30000,13,mlp,up_proj,0.8517063178,0.08423218772,0.09702961702,0.1497958301,0.543815535,0.8681080097,-0.1561773079,-0.00241776193,-1
within_seed,seed2 selected(6000)->30k,2,6000,2,30000,13,mlp,down_proj,0.882981182,0.03479004936,0.0489312503,0.06933551969,0.4169987333,0.7109985775,-0.263311763,-0.001082574557,-1
within_seed,seed2 selected(6000)->30k,2,6000,2,30000,14,attention,q_proj,0.8448778957,0.03425580926,0.03859286509,0.05994157161,0.5531775491,0.8876202682,0.38045235,-0.0003600221442,0
within_seed,seed2 selected(6000)->30k,2,6000,2,30000,14,attention,k_proj,0.8602915112,0.01301505859,0.0146810863,0.02327776987,0.5855618174,0.8865187718,0.1108498289,-4.070137327e-05,0
within_seed,seed2 selected(6000)->30k,2,6000,2,30000,14,attention,v_proj,0.8638363345,0.01284942206,0.01618574814,0.02391264697,0.4773890442,0.7938726062,0.4976007783,-9.46306354e-05,0
within_seed,seed2 selected(6000)->30k,2,6000,2,30000,14,attention,o_proj,0.8637510166,0.03190004743,0.04240511634,0.06031269261,0.422297539,0.7522688342,-0.1707362589,-0.0007989834861,1
within_seed,seed2 selected(6000)->30k,2,6000,2,30000,14,mlp,gate_proj,0.848005927,0.08839417154,0.09541791486,0.1534144843,0.6078163574,0.9263896793,-1.378380874,-0.001382677583,0
within_seed,seed2 selected(6000)->30k,2,6000,2,30000,14,mlp,up_proj,0.8650170988,0.07957586323,0.09816393364,0.1474151563,0.5017242166,0.8106425678,-0.01029020354,-0.003117278752,0
within_seed,seed2 selected(6000)->30k,2,6000,2,30000,14,mlp,down_proj,0.8847248221,0.03227192804,0.0491029409,0.06619423272,0.348070635,0.6572300446,-0.215084476,-0.001329260969,0
within_seed,seed2 selected(6000)->30k,2,6000,2,30000,15,attention,q_proj,0.8501427223,0.0376943905,0.03909880616,0.06481517552,0.6577277387,0.9640803444,-1.381757763,-0.0001025317873,-1
within_seed,seed2 selected(6000)->30k,2,6000,2,30000,15,attention,k_proj,0.8433074655,0.01395900421,0.01444801091,0.02378417791,0.6461904727,0.9661540467,0.5288517781,-1.814031399e-05,1
within_seed,seed2 selected(6000)->30k,2,6000,2,30000,15,attention,v_proj,0.8558664145,0.01306330203,0.01563166727,0.02363962702,0.5122908266,0.8356947346,0.3660912767,-7.499779337e-05,0
within_seed,seed2 selected(6000)->30k,2,6000,2,30000,15,attention,o_proj,0.8804982279,0.03221208481,0.04457900443,0.06356283115,0.4258468076,0.7225842124,0.02758872951,-0.0008725511299,0
within_seed,seed2 selected(6000)->30k,2,6000,2,30000,15,mlp,gate_proj,0.8522665467,0.08073148469,0.09325965117,0.1438063473,0.5419996273,0.8656635927,-0.3802707787,-0.002258888881,0
within_seed,seed2 selected(6000)->30k,2,6000,2,30000,15,mlp,up_proj,0.8691374195,0.07812685455,0.09793086606,0.146417736,0.4951132557,0.7977755911,-0.5213468044,-0.003201345836,0
within_seed,seed2 selected(6000)->30k,2,6000,2,30000,15,mlp,down_proj,0.8890310519,0.03321890064,0.04977991096,0.06842279215,0.3745061176,0.6673153888,0.005831047605,-0.001273377496,0
within_seed,seed2 selected(6000)->30k,2,6000,2,30000,16,attention,q_proj,0.8585590214,0.03375379709,0.04042029035,0.0613458658,0.5176997808,0.8350706243,-0.1715031344,-0.0004875298389,0
within_seed,seed2 selected(6000)->30k,2,6000,2,30000,16,attention,k_proj,0.8596538185,0.01321454949,0.01540711616,0.02385937301,0.5485943479,0.8576912996,0.6421228712,-5.913530755e-05,0
within_seed,seed2 selected(6000)->30k,2,6000,2,30000,16,attention,v_proj,0.8743830452,0.0114090781,0.0156741639,0.02220938632,0.4169423299,0.7278906977,0.2788055148,-0.0001111050568,1
within_seed,seed2 selected(6000)->30k,2,6000,2,30000,16,attention,o_proj,0.8730427964,0.0310767522,0.04321517477,0.06056874468,0.4015619513,0.7191166614,0.1341463425,-0.0008866926878,0
within_seed,seed2 selected(6000)->30k,2,6000,2,30000,16,mlp,gate_proj,0.8551152354,0.08022634074,0.09445458472,0.1443173168,0.5279016601,0.8493641783,-0.4661872945,-0.002518030017,0
within_seed,seed2 selected(6000)->30k,2,6000,2,30000,16,mlp,up_proj,0.8558621473,0.07617694877,0.09394206864,0.1390718119,0.4803997182,0.810892818,0.06232906954,-0.00314688049,0
within_seed,seed2 selected(6000)->30k,2,6000,2,30000,16,mlp,down_proj,0.8791615162,0.03313875914,0.04913133404,0.06664738805,0.3565149279,0.6744933715,0.009166341778,-0.001302117309,0
within_seed,seed2 selected(6000)->30k,2,6000,2,30000,17,attention,q_proj,0.8442883764,0.03688482905,0.04033091903,0.06394027467,0.5853909657,0.9145546378,-1.260495817,-0.0003076214741,0
within_seed,seed2 selected(6000)->30k,2,6000,2,30000,17,attention,k_proj,0.8249889966,0.01311664127,0.01405210135,0.02203210147,0.5678866047,0.933429168,0.4234348261,-4.301452943e-05,0
within_seed,seed2 selected(6000)->30k,2,6000,2,30000,17,attention,v_proj,0.8749950098,0.01172954259,0.01544153072,0.02254981907,0.4603357323,0.7596100935,0.3733983748,-9.234318854e-05,0
within_seed,seed2 selected(6000)->30k,2,6000,2,30000,17,attention,o_proj,0.8682615314,0.03332318908,0.04442032137,0.06356437189,0.4309750564,0.7501789282,0.3200096947,-0.0008513108043,0
within_seed,seed2 selected(6000)->30k,2,6000,2,30000,17,mlp,gate_proj,0.8355213918,0.08080632379,0.09113815646,0.139567103,0.5313794836,0.8866354875,0.3245990182,-0.002298333812,0
within_seed,seed2 selected(6000)->30k,2,6000,2,30000,17,mlp,up_proj,0.843388606,0.07614726301,0.09263500137,0.1357557518,0.4654909032,0.822013946,0.2141560487,-0.003255999022,0
within_seed,seed2 selected(6000)->30k,2,6000,2,30000,17,mlp,down_proj,0.8633937195,0.03580065824,0.05045929502,0.0687369318,0.3622253695,0.7094958071,-0.1620070113,-0.001352892456,0
within_seed,seed2 selected(6000)->30k,2,6000,2,30000,18,attention,q_proj,0.9023448082,0.03234691447,0.04952258485,0.06899107734,0.3931235123,0.6531750023,-0.2772069878,-0.001194503252,0
within_seed,seed2 selected(6000)->30k,2,6000,2,30000,18,attention,k_proj,0.8846081262,0.012239413,0.01713834837,0.02443044416,0.4254841618,0.7141535893,0.537252383,-0.0001291218897,1
within_seed,seed2 selected(6000)->30k,2,6000,2,30000,18,attention,v_proj,0.8568510262,0.01102760033,0.01524798303,0.02079879616,0.3640358934,0.7232169858,1.307115447,-0.0001229424094,1
within_seed,seed2 selected(6000)->30k,2,6000,2,30000,18,attention,o_proj,0.845626877,0.03335058043,0.04400201176,0.0608865931,0.3837229403,0.7579330829,0.3136312152,-0.0009693254134,0
within_seed,seed2 selected(6000)->30k,2,6000,2,30000,18,mlp,gate_proj,0.7986713832,0.09193784357,0.09474178948,0.1477934144,0.5599601319,0.9704043387,-0.3883888474,-0.002071089101,0
within_seed,seed2 selected(6000)->30k,2,6000,2,30000,18,mlp,up_proj,0.8002792622,0.09219392893,0.09902890238,0.1497751179,0.5124384328,0.9309800141,-0.1909149937,-0.003007689642,0
within_seed,seed2 selected(6000)->30k,2,6000,2,30000,18,mlp,down_proj,0.8388614447,0.03971142084,0.05272369656,0.07167443898,0.3594350105,0.7531987215,-0.08699798233,-0.001488024326,-1
within_seed,seed2 selected(6000)->30k,2,6000,2,30000,19,attention,q_proj,0.7695038977,0.04641933463,0.04529063458,0.07115734608,0.5711271601,1.024921268,-0.2482357195,-0.0004359818662,-1
within_seed,seed2 selected(6000)->30k,2,6000,2,30000,19,attention,k_proj,0.7526894236,0.01424003192,0.01516680654,0.02156819236,0.4220655017,0.9388945444,0.3657997597,-0.0001022880896,0
within_seed,seed2 selected(6000)->30k,2,6000,2,30000,19,attention,v_proj,0.7859381906,0.01409521325,0.01534416732,0.02248380446,0.465299745,0.9186039855,0.3597641587,-8.940342981e-05,0
within_seed,seed2 selected(6000)->30k,2,6000,2,30000,19,attention,o_proj,0.7899182323,0.03998258122,0.04535214781,0.06455049514,0.4233172685,0.881602816,0.1291939945,-0.0009107913798,0
within_seed,seed2 selected(6000)->30k,2,6000,2,30000,19,mlp,gate_proj,0.7594840852,0.1125357543,0.09860340325,0.1673530323,0.6972338352,1.141296858,-0.5692226622,1.832928545e-05,-1
within_seed,seed2 selected(6000)->30k,2,6000,2,30000,19,mlp,up_proj,0.7536970527,0.1120183546,0.1036223289,0.1670386449,0.6119946985,1.081025255,-0.2654891138,-0.001555521068,0
within_seed,seed2 selected(6000)->30k,2,6000,2,30000,19,mlp,down_proj,0.7910823214,0.04921172232,0.05484770195,0.07939088952,0.4474788677,0.8972431036,-0.1399155202,-0.001223551507,-1
within_seed,seed2 selected(6000)->30k,2,6000,2,30000,20,attention,q_proj,0.7469759673,0.05858325721,0.04590824704,0.08429632352,0.8361912936,1.276094405,-0.290531211,0.0005423394237,0
within_seed,seed2 selected(6000)->30k,2,6000,2,30000,20,attention,k_proj,0.796325835,0.01771092099,0.01431508215,0.02684948773,0.8756083582,1.237221051,-0.5003829341,6.833061095e-05,-1
within_seed,seed2 selected(6000)->30k,2,6000,2,30000,20,attention,v_proj,0.7422893045,0.01643179216,0.01475120984,0.02407600415,0.6321375947,1.113928439,-0.08048417118,-2.412511795e-05,1
within_seed,seed2 selected(6000)->30k,2,6000,2,30000,20,attention,o_proj,0.7633763863,0.04637531243,0.04479696343,0.07043687582,0.5723582677,1.035233393,0.1006346219,-0.0004224888097,0
within_seed,seed2 selected(6000)->30k,2,6000,2,30000,20,mlp,gate_proj,0.7563794282,0.1234581747,0.1002430868,0.1804267375,0.7998920741,1.231587919,-0.3593588207,0.001895806859,-1
within_seed,seed2 selected(6000)->30k,2,6000,2,30000,20,mlp,up_proj,0.7438346875,0.1179688861,0.09854302031,0.1711709572,0.7370175649,1.197130814,-0.1395811485,0.0007085592464,-1
within_seed,seed2 selected(6000)->30k,2,6000,2,30000,20,mlp,down_proj,0.7999128221,0.04788644177,0.05265221273,0.07809929587,0.4833051037,0.909485837,-0.04915803202,-0.0009761186536,0
within_seed,seed2 selected(6000)->30k,2,6000,2,30000,21,attention,q_proj,0.7214502364,0.056005937,0.04291752575,0.07843337212,0.8275371365,1.304966585,-0.16696251,0.0004435956337,0
within_seed,seed2 selected(6000)->30k,2,6000,2,30000,21,attention,k_proj,0.7055767879,0.02204286031,0.01439834577,0.02969841761,1.062627061,1.530930057,-1.471000562,0.0001485662181,-2
within_seed,seed2 selected(6000)->30k,2,6000,2,30000,21,attention,v_proj,0.6996842237,0.0202601676,0.01491383554,0.0276669403,0.8551190422,1.358481361,-0.8116155667,6.532083234e-05,-1
within_seed,seed2 selected(6000)->30k,2,6000,2,30000,21,attention,o_proj,0.7285381784,0.04773881059,0.04245842728,0.06878890338,0.6201472307,1.124365966,0.1742393104,-0.0002364409733,0
within_seed,seed2 selected(6000)->30k,2,6000,2,30000,21,mlp,gate_proj,0.7384993309,0.1279471127,0.09417541146,0.1806270377,0.9179851189,1.358604233,-0.5042706241,0.003699124626,-1
within_seed,seed2 selected(6000)->30k,2,6000,2,30000,21,mlp,up_proj,0.7406823322,0.1184817416,0.09789665422,0.1710593709,0.747346447,1.210273656,-0.06978577539,0.0008787394407,-1
within_seed,seed2 selected(6000)->30k,2,6000,2,30000,21,mlp,down_proj,0.7952737746,0.04932008132,0.05135663133,0.07909285457,0.5400709222,0.9603449456,0.1306152372,-0.0006931722317,0
within_seed,seed2 selected(6000)->30k,2,6000,2,30000,22,attention,q_proj,0.7564486709,0.05159419266,0.04114021498,0.07514234774,0.8264938036,1.254106054,-0.4135258326,0.0004042588474,-1
within_seed,seed2 selected(6000)->30k,2,6000,2,30000,22,attention,k_proj,0.7180547893,0.01976833003,0.0149044022,0.02753019771,0.8471185448,1.326341692,-0.505258888,6.181505041e-05,-1
within_seed,seed2 selected(6000)->30k,2,6000,2,30000,22,attention,v_proj,0.6784394851,0.01990416447,0.01517000535,0.02678345986,0.7655537518,1.312073662,0.1761776735,2.875840913e-05,0
within_seed,seed2 selected(6000)->30k,2,6000,2,30000,22,attention,o_proj,0.6840818016,0.05102736754,0.04038369296,0.06929266213,0.7158574923,1.263563676,0.3827706862,5.700612531e-05,1
within_seed,seed2 selected(6000)->30k,2,6000,2,30000,22,mlp,gate_proj,0.7226456728,0.1288757529,0.09504913499,0.1795584135,0.8891114951,1.355885595,-0.4368809289,0.003251414855,-1
within_seed,seed2 selected(6000)->30k,2,6000,2,30000,22,mlp,up_proj,0.7138319951,0.1141417385,0.09549768252,0.1606656944,0.6824041186,1.195230455,0.1366454588,-0.0002206046804,0
within_seed,seed2 selected(6000)->30k,2,6000,2,30000,22,mlp,down_proj,0.8138392639,0.04664332395,0.0514762847,0.07768239426,0.5090909281,0.9061128677,0.2140719706,-0.0008266311045,1
within_seed,seed2 selected(6000)->30k,2,6000,2,30000,23,attention,q_proj,0.7255987418,0.04650125837,0.03805907224,0.0660408181,0.7352188116,1.22181797,1.466313632,0.0001009849928,1
within_seed,seed2 selected(6000)->30k,2,6000,2,30000,23,attention,k_proj,0.5977700181,0.01828990617,0.01077673448,0.02256286912,1.093664751,1.69716589,0.179766265,9.102245996e-05,-1
within_seed,seed2 selected(6000)->30k,2,6000,2,30000,23,attention,v_proj,0.69400068,0.01742269854,0.01458331339,0.02402437511,0.6473879749,1.194700963,0.4577400411,-1.804527446e-05,0
within_seed,seed2 selected(6000)->30k,2,6000,2,30000,23,attention,o_proj,0.6727778332,0.04902803994,0.03895484604,0.06587060528,0.6909476479,1.258586413,-0.1253662923,-1.395416817e-05,-1
within_seed,seed2 selected(6000)->30k,2,6000,2,30000,23,mlp,gate_proj,0.7635199491,0.1424177807,0.1076635742,0.2064963251,0.9179776142,1.32280376,-0.06127862449,0.004834436962,0
within_seed,seed2 selected(6000)->30k,2,6000,2,30000,23,mlp,up_proj,0.7659330098,0.1146122318,0.106950737,0.1736117823,0.6232873863,1.071635736,0.08817599443,-0.00143963631,0
within_seed,seed2 selected(6000)->30k,2,6000,2,30000,23,mlp,down_proj,0.8395437662,0.0458409904,0.05642180545,0.08145314885,0.4436466222,0.8124693996,0.06458141409,-0.001313139882,0
within_seed,seed2 selected(6000)->30k,2,6000,2,30000,24,attention,q_proj,0.7441979496,0.05574413387,0.04238844281,0.07956351534,0.8770096295,1.315078596,-0.3175270612,0.0006040475599,-1
within_seed,seed2 selected(6000)->30k,2,6000,2,30000,24,attention,k_proj,0.6973006068,0.02475086047,0.01529464694,0.03285551371,1.148170784,1.618269488,-0.7202269764,0.0002114764391,-1
within_seed,seed2 selected(6000)->30k,2,6000,2,30000,24,attention,v_proj,0.6776926902,0.01969566342,0.01552022698,0.02657001172,0.7119602533,1.269031918,0.5571266562,6.7457428e-06,1
within_seed,seed2 selected(6000)->30k,2,6000,2,30000,24,attention,o_proj,0.7067158403,0.05034621943,0.04286917282,0.07048143329,0.6441052779,1.174415463,0.8562011696,-0.0001662649337,1
within_seed,seed2 selected(6000)->30k,2,6000,2,30000,24,mlp,gate_proj,0.743677021,0.1366980331,0.1010628776,0.1939916072,0.9195139883,1.352603808,-0.3205762248,0.004291152778,0
within_seed,seed2 selected(6000)->30k,2,6000,2,30000,24,mlp,up_proj,0.7474795047,0.09730328489,0.09961364435,0.1457979075,0.4636339077,0.9768067971,0.281808836,-0.003793138757,0
within_seed,seed2 selected(6000)->30k,2,6000,2,30000,24,mlp,down_proj,0.8459461112,0.03932645833,0.05552897734,0.07285325424,0.3119862407,0.7082150656,0.4016541647,-0.001853925338,1
within_seed,seed2 selected(6000)->30k,2,6000,2,30000,25,attention,q_proj,0.7268654011,0.04638735188,0.04817664468,0.06753029033,0.4017225728,0.9628597463,0.2265998891,-0.001101436211,0
within_seed,seed2 selected(6000)->30k,2,6000,2,30000,25,attention,k_proj,0.6917144402,0.01962652952,0.01783670324,0.02714589572,0.5219121685,1.100345128,1.115896603,-9.281681967e-05,1
within_seed,seed2 selected(6000)->30k,2,6000,2,30000,25,attention,v_proj,0.646308472,0.01647180333,0.01597353726,0.0214029989,0.3399035266,1.031193221,1.678845554,-0.0001435828555,1
within_seed,seed2 selected(6000)->30k,2,6000,2,30000,25,attention,o_proj,0.6845014749,0.03892775771,0.0409456185,0.05301449742,0.2947538557,0.9507185173,0.9050900656,-0.001047197876,1
within_seed,seed2 selected(6000)->30k,2,6000,2,30000,25,mlp,gate_proj,0.7586339869,0.114992821,0.09874969595,0.170225342,0.7238062392,1.164487849,-0.05827016018,0.0004795729403,1
within_seed,seed2 selected(6000)->30k,2,6000,2,30000,25,mlp,up_proj,0.7690992764,0.09100155158,0.09898086881,0.1415421319,0.4299948423,0.9193852577,1.179502627,-0.00424124566,2
within_seed,seed2 selected(6000)->30k,2,6000,2,30000,25,mlp,down_proj,0.813014682,0.0389235622,0.04994604525,0.06647874461,0.3310111797,0.7793121959,0.5237076685,-0.00143461606,1
within_seed,seed2 selected(6000)->30k,2,6000,2,30000,26,attention,q_proj,0.7235209714,0.05233800469,0.0421469852,0.07400050648,0.7557722369,1.241797117,0.810349182,0.0001901544214,1
within_seed,seed2 selected(6000)->30k,2,6000,2,30000,26,attention,k_proj,0.6423758378,0.01878996133,0.01196043054,0.02408555008,1.013769488,1.571010448,0.07698275252,8.769278612e-05,0
within_seed,seed2 selected(6000)->30k,2,6000,2,30000,26,attention,v_proj,0.6099969384,0.01669137445,0.01443197933,0.02096162582,0.4524428936,1.156554764,1.66365749,-8.315451034e-05,1
within_seed,seed2 selected(6000)->30k,2,6000,2,30000,26,attention,o_proj,0.6990847068,0.038254307,0.03863636795,0.05347078653,0.3839496143,0.9901113647,1.894612866,-0.0007468508714,2
within_seed,seed2 selected(6000)->30k,2,6000,2,30000,26,mlp,gate_proj,0.7471011835,0.114978249,0.09388481583,0.1667098944,0.7756853751,1.224673532,0.8445973125,0.001266028439,0
within_seed,seed2 selected(6000)->30k,2,6000,2,30000,26,mlp,up_proj,0.767104488,0.1009949373,0.0989575496,0.1544590288,0.5608614953,1.020588502,1.455590083,-0.002245174618,2
within_seed,seed2 selected(6000)->30k,2,6000,2,30000,26,mlp,down_proj,0.8146574733,0.0323871808,0.04602913203,0.05583773426,0.2130955289,0.7036235394,0.7565176077,-0.001549092765,1
within_seed,seed2 selected(6000)->30k,2,6000,2,30000,27,attention,q_proj,0.8760515356,0.1019487452,0.05476441077,0.1464454532,1.674098947,1.861587548,-0.08398211258,0.006668563577,0
within_seed,seed2 selected(6000)->30k,2,6000,2,30000,27,attention,k_proj,0.6342973638,0.01577993559,0.01238773972,0.02039907137,0.646714561,1.273834933,1.691361231,-1.319782792e-05,2
within_seed,seed2 selected(6000)->30k,2,6000,2,30000,27,attention,v_proj,0.6665644983,0.02021767809,0.0146106676,0.02677215788,0.8323706082,1.383761416,-0.8221582779,5.337589724e-05,1
within_seed,seed2 selected(6000)->30k,2,6000,2,30000,27,attention,o_proj,0.6279527389,0.04001209044,0.03707247968,0.05100242912,0.3757490612,1.07929361,0.9328349516,-0.0007037955834,2
within_seed,seed2 selected(6000)->30k,2,6000,2,30000,27,mlp,gate_proj,0.6885634923,0.1419504515,0.07650829496,0.1833394586,1.396334393,1.855360279,0.692772108,0.008726234771,1
within_seed,seed2 selected(6000)->30k,2,6000,2,30000,27,mlp,up_proj,0.5687503725,0.09728688611,0.06122031132,0.1180607691,0.9284575102,1.589127595,1.388730234,0.001641745876,1
within_seed,seed2 selected(6000)->30k,2,6000,2,30000,27,mlp,down_proj,0.5958602754,0.03109668433,0.02859251064,0.03800703145,0.3292652725,1.087581455,1.889686512,-0.0004721272246,2
within_seed,seed2 2k->30k,2,2000,2,30000,0,attention,q_proj,0.8706838594,0.07845135716,0.03302295646,0.1055041624,2.194873316,2.375661224,0.1319371674,0.002079823028,1
within_seed,seed2 2k->30k,2,2000,2,30000,0,attention,k_proj,0.8177896646,0.02614320828,0.01041963917,0.03396723496,2.259924304,2.509032017,0.5928869033,0.0002307787702,1
within_seed,seed2 2k->30k,2,2000,2,30000,0,attention,v_proj,0.5716066234,0.02213946137,0.007411183254,0.02552421682,2.444013722,2.987304539,0.2380437193,0.0001520180432,1
within_seed,seed2 2k->30k,2,2000,2,30000,0,attention,o_proj,0.5186434998,0.05946276667,0.01904325234,0.06706689907,2.521819586,3.122511093,-0.8123683482,0.001105951599,0
within_seed,seed2 2k->30k,2,2000,2,30000,0,mlp,gate_proj,0.4952814552,0.1227718413,0.03805645342,0.1370852963,2.602156375,3.226045265,-0.5406041991,0.00484806131,0
within_seed,seed2 2k->30k,2,2000,2,30000,0,mlp,up_proj,0.5039485096,0.1307332104,0.04136381237,0.1466018657,2.544205848,3.160569661,0.1163828248,0.005358695399,0
within_seed,seed2 2k->30k,2,2000,2,30000,0,mlp,down_proj,0.5059498811,0.06059714917,0.02010825267,0.06823561627,2.39341351,3.013546237,-2.1736009,0.001046319452,0
within_seed,seed2 2k->30k,2,2000,2,30000,1,attention,q_proj,0.4797628745,0.05162236969,0.01676860709,0.05752630689,2.430595433,3.078512688,0.0761571662,0.0007647462991,0
within_seed,seed2 2k->30k,2,2000,2,30000,1,attention,k_proj,0.5728523593,0.01968601596,0.007071529575,0.02286431074,2.23329069,2.783841283,0.5580395443,0.0001017968737,0
within_seed,seed2 2k->30k,2,2000,2,30000,1,attention,v_proj,0.554461553,0.02051392102,0.007547217399,0.02371338206,2.142003311,2.718077397,-1.005593757,9.870626055e-05,-1
within_seed,seed2 2k->30k,2,2000,2,30000,1,attention,o_proj,0.5178469913,0.05831357012,0.01987245181,0.0660713566,2.324771257,2.934392327,-1.7938431,0.0009271769599,-2
within_seed,seed2 2k->30k,2,2000,2,30000,1,mlp,gate_proj,0.4678763216,0.122748199,0.0318601995,0.1343815498,3.21785023,3.852712818,-0.9805449115,0.005940538851,-3
within_seed,seed2 2k->30k,2,2000,2,30000,1,mlp,up_proj,0.5326185781,0.1137686348,0.03498583752,0.1284818352,2.672395585,3.251848259,-0.6228525448,0.004422662248,-1
within_seed,seed2 2k->30k,2,2000,2,30000,1,mlp,down_proj,0.5031206375,0.06981906077,0.01885958657,0.07737864403,3.102881244,3.702046198,-2.232039772,0.001904559277,-1
within_seed,seed2 2k->30k,2,2000,2,30000,2,attention,q_proj,0.5152052506,0.0548068989,0.01767029998,0.06177675047,2.496078196,3.101639416,0.2378589124,0.0009228839268,0
within_seed,seed2 2k->30k,2,2000,2,30000,2,attention,k_proj,0.6081834149,0.02143535727,0.007030481847,0.02497194586,2.551953679,3.048917234,-0.7457140901,0.0001562199374,-1
within_seed,seed2 2k->30k,2,2000,2,30000,2,attention,v_proj,0.5360114152,0.0205836169,0.006937658586,0.02345144508,2.380311209,2.96694002,-1.610348665,0.0001223269676,-2
within_seed,seed2 2k->30k,2,2000,2,30000,2,attention,o_proj,0.5061260615,0.05712122315,0.01968888145,0.06450389011,2.276158185,2.901191889,-3.311060233,0.0008454095416,-2
within_seed,seed2 2k->30k,2,2000,2,30000,2,mlp,gate_proj,0.4650301919,0.1403085708,0.03556866754,0.1532699935,3.309129471,3.944723841,-1.547956115,0.007916255878,-2
within_seed,seed2 2k->30k,2,2000,2,30000,2,mlp,up_proj,0.4841458616,0.1401034875,0.03989825541,0.1550009388,2.884905172,3.51151914,-1.057633818,0.007081904474,-2
within_seed,seed2 2k->30k,2,2000,2,30000,2,mlp,down_proj,0.4860984731,0.07074319577,0.01909162461,0.07802803221,3.08702946,3.70545709,-1.857153989,0.001927094383,-1
within_seed,seed2 2k->30k,2,2000,2,30000,3,attention,q_proj,0.5197876318,0.05428733909,0.01780289139,0.06136709559,2.447029713,3.049355181,0.4770449488,0.0008806320456,0
within_seed,seed2 2k->30k,2,2000,2,30000,3,attention,k_proj,0.5354381418,0.02118786133,0.006494834492,0.0239430694,2.686478759,3.262263473,-0.1605218947,0.0001546920985,1
within_seed,seed2 2k->30k,2,2000,2,30000,3,attention,v_proj,0.5132116276,0.02129227037,0.007159090742,0.02406058045,2.360843062,2.974158471,-2.159621544,0.0001267609097,0
within_seed,seed2 2k->30k,2,2000,2,30000,3,attention,o_proj,0.5069429112,0.0592723239,0.02013064733,0.06688056214,2.32232546,2.944382411,-2.480742933,0.0009479988472,-1
within_seed,seed2 2k->30k,2,2000,2,30000,3,mlp,gate_proj,0.4656669486,0.161010194,0.04278849917,0.1764194073,3.12305668,3.762931562,-2.342682901,0.009961651749,-2
within_seed,seed2 2k->30k,2,2000,2,30000,3,mlp,up_proj,0.4972624305,0.158791616,0.04429477703,0.1760972172,2.975575204,3.584883517,-1.627125561,0.009456160148,-2
within_seed,seed2 2k->30k,2,2000,2,30000,3,mlp,down_proj,0.4533325395,0.07938483469,0.0226819404,0.08704971102,2.837842331,3.499913733,-0.9491171018,0.00219149147,-1
within_seed,seed2 2k->30k,2,2000,2,30000,4,attention,q_proj,0.4940859977,0.05094288366,0.01631255914,0.05698871773,2.493548574,3.122924075,0.1681135232,0.0007840607484,0
within_seed,seed2 2k->30k,2,2000,2,30000,4,attention,k_proj,0.4730805736,0.02008407006,0.006375961178,0.02229885661,2.497332557,3.149967433,1.414265594,0.0001203429451,0
within_seed,seed2 2k->30k,2,2000,2,30000,4,attention,v_proj,0.5359391102,0.02029330821,0.007113144128,0.02319660018,2.261089578,2.852930834,-1.50989686,0.000107750842,-1
within_seed,seed2 2k->30k,2,2000,2,30000,4,attention,o_proj,0.5039946969,0.05572194602,0.01964990853,0.06297787554,2.204995862,2.835735643,-2.53826941,0.0007494166845,-1
within_seed,seed2 2k->30k,2,2000,2,30000,4,mlp,gate_proj,0.4865730824,0.1569604711,0.04291742682,0.1732988722,3.037960452,3.657266587,-1.916755,0.009356285348,-3
within_seed,seed2 2k->30k,2,2000,2,30000,4,mlp,up_proj,0.5129768051,0.1446882291,0.04604107065,0.1628038966,2.536058008,3.142590453,-1.690795557,0.006575472315,-1
within_seed,seed2 2k->30k,2,2000,2,30000,4,mlp,down_proj,0.4738824022,0.06966773358,0.02269605165,0.07749473766,2.414458993,3.069597067,-4.786372726,0.001371353666,-2
within_seed,seed2 2k->30k,2,2000,2,30000,5,attention,q_proj,0.558451645,0.04839888151,0.01956925442,0.05652374236,1.888395294,2.473210296,1.46890154,0.0003589175052,1
within_seed,seed2 2k->30k,2,2000,2,30000,5,attention,k_proj,0.5320300327,0.01722962562,0.006358399402,0.01974973129,2.106085358,2.709742583,0.5460513986,6.533909145e-05,0
within_seed,seed2 2k->30k,2,2000,2,30000,5,attention,v_proj,0.5418290434,0.01927712343,0.007377242398,0.02224991423,2.016020489,2.613052736,-0.5457163112,7.234386479e-05,0
within_seed,seed2 2k->30k,2,2000,2,30000,5,attention,o_proj,0.4901397653,0.05768115186,0.02096596728,0.06498589601,2.09958969,2.751180096,-2.960381279,0.0007011885716,-1
within_seed,seed2 2k->30k,2,2000,2,30000,5,mlp,gate_proj,0.4571162377,0.1629363193,0.04493259611,0.1784988245,2.972590947,3.62623871,-3.466010364,0.009705533179,-2
within_seed,seed2 2k->30k,2,2000,2,30000,5,mlp,up_proj,0.4803741706,0.1513913208,0.047213755,0.1682982204,2.564601468,3.206508799,-2.013530582,0.007149748276,-2
within_seed,seed2 2k->30k,2,2000,2,30000,5,mlp,down_proj,0.4705838817,0.06918744831,0.02297145175,0.07696187622,2.350327052,3.011888367,-3.410859814,0.001285733005,-3
within_seed,seed2 2k->30k,2,2000,2,30000,6,attention,q_proj,0.4839574541,0.05363786248,0.01945474014,0.06027960196,2.098453207,2.757058799,-0.981375814,0.0006023612234,1
within_seed,seed2 2k->30k,2,2000,2,30000,6,attention,k_proj,0.5053427018,0.01938254606,0.007672375381,0.02209393669,1.879673581,2.526277078,1.118165503,5.362968032e-05,1
within_seed,seed2 2k->30k,2,2000,2,30000,6,attention,v_proj,0.5503261899,0.02258839476,0.007996035856,0.02597964838,2.249066018,2.824949158,-2.10450529,0.0001335554687,-2
within_seed,seed2 2k->30k,2,2000,2,30000,6,attention,o_proj,0.4848584845,0.06172160527,0.02196513919,0.0693058566,2.155265988,2.809980157,-2.707144277,0.0008570265948,-2
within_seed,seed2 2k->30k,2,2000,2,30000,6,mlp,gate_proj,0.4698256367,0.1582227375,0.04573304992,0.1744721633,2.815012635,3.459702288,-2.047169211,0.008719111504,-1
within_seed,seed2 2k->30k,2,2000,2,30000,6,mlp,up_proj,0.4734417507,0.14371285,0.04949294936,0.1603732246,2.240324666,2.903703493,-0.7487732834,0.005044513561,0
within_seed,seed2 2k->30k,2,2000,2,30000,6,mlp,down_proj,0.4695610263,0.07546623623,0.02605817831,0.0841096938,2.227765687,2.896067228,-3.292464643,0.001369668543,-4
within_seed,seed2 2k->30k,2,2000,2,30000,7,attention,q_proj,0.5022344046,0.05863827152,0.01990308875,0.0660516515,2.318663366,2.946189521,0.6950145487,0.0009216753389,1
within_seed,seed2 2k->30k,2,2000,2,30000,7,attention,k_proj,0.5173919412,0.02244020026,0.006887897089,0.02521598764,2.660912367,3.257917471,-0.3166248078,0.0001693458292,0
within_seed,seed2 2k->30k,2,2000,2,30000,7,attention,v_proj,0.4983486818,0.0212541104,0.007957936648,0.02406896727,2.024523608,2.670806685,-0.6958188009,8.58733782e-05,0
within_seed,seed2 2k->30k,2,2000,2,30000,7,attention,o_proj,0.4837931395,0.06190175891,0.02221842697,0.06951742092,2.128818301,2.786054971,-3.283721933,0.0008342209435,-2
within_seed,seed2 2k->30k,2,2000,2,30000,7,mlp,gate_proj,0.4683126883,0.1557063821,0.04753624953,0.172196386,2.622422628,3.275529383,-4.173000333,0.007736299599,-1
within_seed,seed2 2k->30k,2,2000,2,30000,7,mlp,up_proj,0.4820184931,0.1467929445,0.05204182318,0.1646167681,2.163162972,2.820672596,-2.234177187,0.004881262264,-1
within_seed,seed2 2k->30k,2,2000,2,30000,7,mlp,down_proj,0.4923738765,0.0742412744,0.0283264059,0.08397507277,1.964550924,2.620921082,-2.377475936,0.0009380901227,-4
within_seed,seed2 2k->30k,2,2000,2,30000,8,attention,q_proj,0.5680681577,0.05520394122,0.02196647311,0.06463840979,1.9425939,2.513099892,1.026988324,0.0005315735605,1
within_seed,seed2 2k->30k,2,2000,2,30000,8,attention,k_proj,0.5224854586,0.02071874765,0.007678252163,0.0236689694,2.082598604,2.698367703,0.5580529992,9.082185168e-05,0
within_seed,seed2 2k->30k,2,2000,2,30000,8,attention,v_proj,0.5155820946,0.02259065104,0.008764590525,0.02582472468,1.946483878,2.577490753,-1.664541028,8.554195753e-05,-1
within_seed,seed2 2k->30k,2,2000,2,30000,8,attention,o_proj,0.4833558203,0.0632776579,0.0235666252,0.07121106661,2.021691312,2.685053858,-2.142631646,0.000748151473,-1
within_seed,seed2 2k->30k,2,2000,2,30000,8,mlp,gate_proj,0.4775478907,0.1519291407,0.04870725812,0.1690376071,2.470480862,3.119229999,-2.500803646,0.006791976321,-1
within_seed,seed2 2k->30k,2,2000,2,30000,8,mlp,up_proj,0.4919954841,0.1506945702,0.05183537859,0.1692815551,2.265753231,2.907176032,-2.182182906,0.005764578442,-1
within_seed,seed2 2k->30k,2,2000,2,30000,8,mlp,down_proj,0.5211025908,0.07116676743,0.0299314296,0.08202095197,1.74029517,2.377660151,-2.430576931,0.0004511147179,-4
within_seed,seed2 2k->30k,2,2000,2,30000,9,attention,q_proj,0.4487136927,0.05935083699,0.01877194028,0.06535377078,2.481460617,3.161678341,-0.1583832803,0.001022845027,0
within_seed,seed2 2k->30k,2,2000,2,30000,9,attention,k_proj,0.5207732098,0.02377251245,0.007397298425,0.02677070601,2.618984185,3.213674923,-1.206104721,0.000186630819,0
within_seed,seed2 2k->30k,2,2000,2,30000,9,attention,v_proj,0.5152927599,0.02225049561,0.008746593291,0.02545688236,1.910491149,2.543904223,-1.481596181,7.680057629e-05,-1
within_seed,seed2 2k->30k,2,2000,2,30000,9,attention,o_proj,0.5075878025,0.05977583849,0.02386282862,0.0682411585,1.859726296,2.504977069,-0.7137705092,0.0004848707038,0
within_seed,seed2 2k->30k,2,2000,2,30000,9,mlp,gate_proj,0.4629533992,0.1636926909,0.04762598278,0.180204243,2.783738045,3.437045943,-3.53828426,0.009175392949,-2
within_seed,seed2 2k->30k,2,2000,2,30000,9,mlp,up_proj,0.4812110073,0.1443022804,0.05586471773,0.1626212964,1.910983945,2.583066491,-0.4281474903,0.0031376683,0
within_seed,seed2 2k->30k,2,2000,2,30000,9,mlp,down_proj,0.5067727036,0.07161474504,0.03134470006,0.08220585086,1.622639575,2.284748136,-1.197414737,0.0001721970316,-3
within_seed,seed2 2k->30k,2,2000,2,30000,10,attention,q_proj,0.5223610373,0.05480005827,0.02301077867,0.06318661546,1.745957291,2.38149517,1.677288355,0.0002751785046,2
within_seed,seed2 2k->30k,2,2000,2,30000,10,attention,k_proj,0.495097903,0.0221987128,0.008253854248,0.02509493907,2.040390383,2.689496584,1.195552348,9.578927462e-05,1
within_seed,seed2 2k->30k,2,2000,2,30000,10,attention,v_proj,0.489324868,0.02273142557,0.008836048219,0.02570912134,1.909572323,2.572578262,-1.109595999,7.816233226e-05,-1
within_seed,seed2 2k->30k,2,2000,2,30000,10,attention,o_proj,0.4865791409,0.06173160762,0.02572063649,0.07001180856,1.722009177,2.40008087,-1.214640637,0.0002987383303,-2
within_seed,seed2 2k->30k,2,2000,2,30000,10,mlp,gate_proj,0.473504501,0.1647433429,0.04883362169,0.182152235,2.730057872,3.373563894,-3.827318904,0.009146193831,-3
within_seed,seed2 2k->30k,2,2000,2,30000,10,mlp,up_proj,0.5029415344,0.1412146258,0.05593998656,0.1608140096,1.874759532,2.524395062,-0.7187107453,0.002804917362,0
within_seed,seed2 2k->30k,2,2000,2,30000,10,mlp,down_proj,0.531430419,0.06712448682,0.0324169392,0.07847781932,1.420889241,2.070660848,-1.202617708,-0.0003721234249,-3
within_seed,seed2 2k->30k,2,2000,2,30000,11,attention,q_proj,0.5508721168,0.05797417521,0.02156360802,0.06698887534,2.106570814,2.688519247,-1.355322078,0.0007522146465,-1
within_seed,seed2 2k->30k,2,2000,2,30000,11,attention,k_proj,0.5356229981,0.02189467853,0.007467298543,0.02496662264,2.343461159,2.932074887,0.003422795464,0.0001345296583,0
within_seed,seed2 2k->30k,2,2000,2,30000,11,attention,v_proj,0.5051935281,0.02164019789,0.008879812218,0.02472389677,1.784281488,2.437010757,-0.9756877523,4.96732893e-05,0
within_seed,seed2 2k->30k,2,2000,2,30000,11,attention,o_proj,0.5249632355,0.05800321432,0.02694278874,0.06742165175,1.502400639,2.152828903,-0.1544483091,-0.0001054986965,0
within_seed,seed2 2k->30k,2,2000,2,30000,11,mlp,gate_proj,0.494536488,0.1427171221,0.05160868173,0.1610071082,2.119767891,2.765370424,-1.588952942,0.004422543077,0
within_seed,seed2 2k->30k,2,2000,2,30000,11,mlp,up_proj,0.5219906411,0.1352629125,0.05506630025,0.1555903822,1.825510003,2.456364636,-1.238881161,0.002275103759,0
within_seed,seed2 2k->30k,2,2000,2,30000,11,mlp,down_proj,0.5962713328,0.0619394178,0.03418352279,0.07591130369,1.220698673,1.811967075,-1.143445229,-0.0009786749105,-2
within_seed,seed2 2k->30k,2,2000,2,30000,12,attention,q_proj,0.5868635588,0.06004791052,0.02418107411,0.07095727913,1.934413865,2.483260679,-1.265244082,0.0006295356833,0
within_seed,seed2 2k->30k,2,2000,2,30000,12,attention,k_proj,0.5592856216,0.02162577137,0.00810123407,0.0250874862,2.096748715,2.669441617,0.9326630556,0.0001040894584,1
within_seed,seed2 2k->30k,2,2000,2,30000,12,attention,v_proj,0.5427604916,0.02188303772,0.009816401978,0.02559844352,1.607721604,2.229232031,-0.6904196893,1.29772358e-05,0
within_seed,seed2 2k->30k,2,2000,2,30000,12,attention,o_proj,0.5539398699,0.05660950139,0.02762512999,0.06702943611,1.426393509,2.049203077,-1.247556328,-0.0002596481071,0
within_seed,seed2 2k->30k,2,2000,2,30000,12,mlp,gate_proj,0.5272279411,0.1429953609,0.05533711559,0.1642185017,1.9676014,2.584076879,-1.828100163,0.003608924955,-1
within_seed,seed2 2k->30k,2,2000,2,30000,12,mlp,up_proj,0.5441686116,0.1288317426,0.05624644506,0.1504857274,1.675470907,2.290486847,-1.314603697,0.001015185482,0
within_seed,seed2 2k->30k,2,2000,2,30000,12,mlp,down_proj,0.6209650827,0.0579621062,0.03329400786,0.0724290904,1.175439217,1.740917057,-1.190570403,-0.001043148317,-1
within_seed,seed2 2k->30k,2,2000,2,30000,13,attention,q_proj,0.5647858615,0.05765414158,0.02192056176,0.06712312968,2.062108098,2.630139784,-2.147270584,0.0007087581695,0
within_seed,seed2 2k->30k,2,2000,2,30000,13,attention,k_proj,0.5681585171,0.02053987059,0.007921088401,0.02397853814,2.027177191,2.593061654,0.4223964322,8.560416882e-05,0
within_seed,seed2 2k->30k,2,2000,2,30000,13,attention,v_proj,0.5383639735,0.01921752027,0.01007787602,0.02266465642,1.248951702,1.906901835,0.3868403206,-7.839081909e-05,0
within_seed,seed2 2k->30k,2,2000,2,30000,13,attention,o_proj,0.5790791393,0.05221315011,0.02794419132,0.06316262885,1.260313356,1.868479554,-0.1886698777,-0.0005818989141,1
within_seed,seed2 2k->30k,2,2000,2,30000,13,mlp,gate_proj,0.5316111492,0.1421843367,0.05485367165,0.1635401891,1.981390018,2.59206599,-2.677875759,0.003674551403,-2
within_seed,seed2 2k->30k,2,2000,2,30000,13,mlp,up_proj,0.5594335396,0.12650816,0.05955004167,0.1497958301,1.515461382,2.124400865,-0.03530851046,-0.0003944663327,0
within_seed,seed2 2k->30k,2,2000,2,30000,13,mlp,down_proj,0.661978953,0.05346655579,0.03333104543,0.06933551969,1.08020837,1.604106775,-0.7253775761,-0.001279709799,-1
within_seed,seed2 2k->30k,2,2000,2,30000,14,attention,q_proj,0.5404205652,0.05149403997,0.02200167915,0.05994157161,1.724408951,2.340459545,1.156798396,0.0002218861094,1
within_seed,seed2 2k->30k,2,2000,2,30000,14,attention,k_proj,0.5588130873,0.01981733395,0.008527051857,0.02327776987,1.729873145,2.324054583,0.4443592431,3.445594388e-05,1
within_seed,seed2 2k->30k,2,2000,2,30000,14,attention,v_proj,0.5845138544,0.01980710586,0.009993439827,0.02391264697,1.392834438,1.982010819,1.180722546,-4.238171197e-05,1
within_seed,seed2 2k->30k,2,2000,2,30000,14,attention,o_proj,0.6078543293,0.0486007768,0.02838680235,0.06031269261,1.124673708,1.712090576,0.1813748104,-0.0008498267843,2
within_seed,seed2 2k->30k,2,2000,2,30000,14,mlp,gate_proj,0.5537676584,0.1309849148,0.05599803757,0.1534144843,1.739640369,2.339098306,-1.819702411,0.001573129907,0
within_seed,seed2 2k->30k,2,2000,2,30000,14,mlp,up_proj,0.601126954,0.1207374186,0.06217748892,0.1474151563,1.370876645,1.941818827,0.4952962931,-0.001851032949,1
within_seed,seed2 2k->30k,2,2000,2,30000,14,mlp,down_proj,0.6846888034,0.04916989035,0.03582897094,0.06619423272,0.8475058309,1.372350058,-0.4261219999,-0.002089126895,0
within_seed,seed2 2k->30k,2,2000,2,30000,15,attention,q_proj,0.5172504339,0.05652658114,0.02265284636,0.06481517552,1.861237589,2.495341214,-1.255925421,0.0004392541372,-1
within_seed,seed2 2k->30k,2,2000,2,30000,15,attention,k_proj,0.5292583264,0.02063606609,0.008273208962,0.02378417791,1.874843126,2.494324292,0.8537287561,6.136835474e-05,1
within_seed,seed2 2k->30k,2,2000,2,30000,15,attention,v_proj,0.5534373672,0.01989539518,0.01022629638,0.02363962702,1.31165088,1.945513258,1.036149315,-6.515931224e-05,2
within_seed,seed2 2k->30k,2,2000,2,30000,15,attention,o_proj,0.6541791684,0.04943976443,0.03004561061,0.06356283115,1.115544662,1.64549042,0.1534305119,-0.000970229531,0
within_seed,seed2 2k->30k,2,2000,2,30000,15,mlp,gate_proj,0.5889752634,0.1189773823,0.0592196105,0.1438063473,1.428356859,2.009087552,0.3059076522,-0.001175793887,0
within_seed,seed2 2k->30k,2,2000,2,30000,15,mlp,up_proj,0.6294605567,0.117309589,0.0635700625,0.146417736,1.303249835,1.845359032,-0.4824160301,-0.002599449542,1
within_seed,seed2 2k->30k,2,2000,2,30000,15,mlp,down_proj,0.7081299432,0.04963352048,0.03707566167,0.06842279215,0.8454907902,1.33870896,-0.0759329091,-0.00224236295,0
within_seed,seed2 2k->30k,2,2000,2,30000,16,attention,q_proj,0.6061868816,0.05006129939,0.02597564482,0.0613458658,1.361668641,1.92723991,0.51018031,-0.000338355163,1
within_seed,seed2 2k->30k,2,2000,2,30000,16,attention,k_proj,0.5958222944,0.01970996993,0.00960006449,0.02385937301,1.485334659,2.053108076,1.869126681,-1.747532859e-05,1
within_seed,seed2 2k->30k,2,2000,2,30000,16,attention,v_proj,0.6503608875,0.01724523422,0.01087007712,0.02220938632,1.043167319,1.586486833,0.9565464049,-0.0001454955184,1
within_seed,seed2 2k->30k,2,2000,2,30000,16,attention,o_proj,0.6759948911,0.0456741596,0.03124981194,0.06056874468,0.938211494,1.461581903,0.4815004267,-0.001414785356,0
within_seed,seed2 2k->30k,2,2000,2,30000,16,mlp,gate_proj,0.6105821789,0.1173726125,0.06140521653,0.1443173168,1.350245223,1.911443672,-0.7361635958,-0.001996412029,0
within_seed,seed2 2k->30k,2,2000,2,30000,16,mlp,up_proj,0.6276597887,0.1106807801,0.06429472779,0.1390718119,1.163036017,1.721459658,0.5209524613,-0.004005863082,1
within_seed,seed2 2k->30k,2,2000,2,30000,16,mlp,down_proj,0.721757217,0.04728675372,0.03770689746,0.06664738805,0.767511849,1.254061111,0.09681319611,-0.002527772036,0
within_seed,seed2 2k->30k,2,2000,2,30000,17,attention,q_proj,0.5708150303,0.05356855519,0.02585192118,0.06394027467,1.473327775,2.072130532,-1.23415098,-0.0001474264879,0
within_seed,seed2 2k->30k,2,2000,2,30000,17,attention,k_proj,0.5333720244,0.01878468761,0.009396694197,0.02203210147,1.344665157,1.999074059,2.580761291,-4.795435494e-05,1
within_seed,seed2 2k->30k,2,2000,2,30000,17,attention,v_proj,0.6828044844,0.01711390352,0.01076434484,0.02254981907,1.094862196,1.589869497,1.157070627,-0.0001297834376,1
within_seed,seed2 2k->30k,2,2000,2,30000,17,attention,o_proj,0.6648639305,0.04875924095,0.03116742754,0.06356437189,1.039448774,1.564429431,1.00617112,-0.001203824173,1
within_seed,seed2 2k->30k,2,2000,2,30000,17,mlp,gate_proj,0.605636306,0.1129406231,0.06399873571,0.139567103,1.180779064,1.764732097,1.70627463,-0.003804831401,1
within_seed,seed2 2k->30k,2,2000,2,30000,17,mlp,up_proj,0.638802219,0.1060686183,0.06824209904,0.1357557518,0.989325559,1.554298883,0.8953493395,-0.006260451909,1
within_seed,seed2 2k->30k,2,2000,2,30000,17,mlp,down_proj,0.7262528667,0.04818267641,0.04049435397,0.0687369318,0.6974448304,1.18986159,-0.3127148902,-0.003122431994,0
within_seed,seed2 2k->30k,2,2000,2,30000,18,attention,q_proj,0.7503540254,0.04848064683,0.0353207723,0.06899107734,0.9532720505,1.372581732,-0.4895845563,-0.001769368138,-1
within_seed,seed2 2k->30k,2,2000,2,30000,18,attention,k_proj,0.754231903,0.01727127916,0.01202496426,0.02443044416,1.031643807,1.436285281,1.307663831,-0.0001815865606,1
within_seed,seed2 2k->30k,2,2000,2,30000,18,attention,v_proj,0.6976103618,0.01513331232,0.01187288116,0.02079879616,0.7517901407,1.274611623,1.710812813,-0.0002546736244,1
within_seed,seed2 2k->30k,2,2000,2,30000,18,attention,o_proj,0.6882640645,0.04476809429,0.03461754168,0.0608865931,0.7588364204,1.293219914,0.428445216,-0.002149608751,0
within_seed,seed2 2k->30k,2,2000,2,30000,18,mlp,gate_proj,0.5647537974,0.1228270367,0.06896483478,0.1477934144,1.143025716,1.781009656,-0.3424897977,-0.004822147222,1
within_seed,seed2 2k->30k,2,2000,2,30000,18,mlp,up_proj,0.5963412667,0.120925113,0.07636183709,0.1497751179,0.9613870438,1.583580458,-0.2081999784,-0.008173723531,0
within_seed,seed2 2k->30k,2,2000,2,30000,18,mlp,down_proj,0.691437603,0.05214039867,0.04344029741,0.07167443898,0.6499527687,1.200277203,-0.1806441231,-0.003749342774,-1
within_seed,seed2 2k->30k,2,2000,2,30000,19,attention,q_proj,0.5224409947,0.06080975966,0.03311622168,0.07115734608,1.148715719,1.836252947,-0.4642779613,-0.001097969246,-2
within_seed,seed2 2k->30k,2,2000,2,30000,19,attention,k_proj,0.5276195607,0.01832177994,0.0114032638,0.02156819236,0.8914051919,1.606713679,1.472199796,-0.0002005148987,1
within_seed,seed2 2k->30k,2,2000,2,30000,19,attention,v_proj,0.5792261343,0.01833897858,0.01239028003,0.02248380446,0.8146324704,1.480110097,0.7513066698,-0.0002594531729,1
within_seed,seed2 2k->30k,2,2000,2,30000,19,attention,o_proj,0.6026663786,0.05153437735,0.03734569397,0.06455049514,0.7284588468,1.379928229,0.2639114429,-0.002578641085,0
within_seed,seed2 2k->30k,2,2000,2,30000,19,mlp,gate_proj,0.4981825706,0.1454601273,0.07324506051,0.1673530323,1.284837108,1.985937704,-0.7991733055,-0.003686693194,-1
within_seed,seed2 2k->30k,2,2000,2,30000,19,mlp,up_proj,0.5182652523,0.1429703884,0.08082190627,0.1670386449,1.06674963,1.768955906,-0.3723989689,-0.007714074079,0
within_seed,seed2 2k->30k,2,2000,2,30000,19,mlp,down_proj,0.615127485,0.06270956722,0.04502969108,0.07939088952,0.7630787069,1.39262708,-0.311460073,-0.003621419536,-1
within_seed,seed2 2k->30k,2,2000,2,30000,20,attention,q_proj,0.4898335645,0.07394317875,0.03312513343,0.08429632352,1.544784422,2.232237914,-0.4486806435,-3.735048525e-05,0
within_seed,seed2 2k->30k,2,2000,2,30000,20,attention,k_proj,0.5795210782,0.02262823486,0.009793496093,0.02684948773,1.741563123,2.310536977,-0.05828905964,4.864243865e-05,-1
within_seed,seed2 2k->30k,2,2000,2,30000,20,attention,v_proj,0.4903639634,0.02098285891,0.01171577109,0.02407600415,1.055008072,1.790992565,0.1143931963,-0.0001655501238,1
within_seed,seed2 2k->30k,2,2000,2,30000,20,attention,o_proj,0.5435896117,0.0591462081,0.03657144856,0.07043687582,0.9260072705,1.617278244,0.1515460419,-0.001970486295,0
within_seed,seed2 2k->30k,2,2000,2,30000,20,mlp,gate_proj,0.4672481768,0.1599195656,0.07300649298,0.1804267375,1.471379326,2.190484149,-0.8081937216,-0.001202460179,-1
within_seed,seed2 2k->30k,2,2000,2,30000,20,mlp,up_proj,0.4719225134,0.1509978789,0.07566289792,0.1711709572,1.262283918,1.99566608,-0.2543957662,-0.004239549992,-1
within_seed,seed2 2k->30k,2,2000,2,30000,20,mlp,down_proj,0.6111669578,0.06200716946,0.04286292081,0.07809929587,0.8220712541,1.44663892,-0.1813399839,-0.003079132605,0
within_seed,seed2 2k->30k,2,2000,2,30000,21,attention,q_proj,0.4425284241,0.07037457225,0.03236357582,0.07843337212,1.423507605,2.174499278,-0.2557198393,-0.0003639873236,0
within_seed,seed2 2k->30k,2,2000,2,30000,21,attention,k_proj,0.4220227845,0.02699820245,0.01053509327,0.02969841761,1.818999022,2.562692305,-1.298351384,8.1151267e-05,-2
within_seed,seed2 2k->30k,2,2000,2,30000,21,attention,v_proj,0.40629162,0.02528522078,0.01173015443,0.0276669403,1.358616886,2.155574416,-0.5355475332,-7.003096442e-05,0
within_seed,seed2 2k->30k,2,2000,2,30000,21,attention,o_proj,0.4694119644,0.06081590243,0.03534425738,0.06878890338,0.9462540306,1.720672803,0.1734024052,-0.001789508039,0
within_seed,seed2 2k->30k,2,2000,2,30000,21,mlp,gate_proj,0.4056871535,0.1651332938,0.06973500316,0.1806270377,1.590191863,2.368011562,-0.8365384894,0.0004243777124,-1
within_seed,seed2 2k->30k,2,2000,2,30000,21,mlp,up_proj,0.4578052171,0.1521144453,0.07511102089,0.1710593709,1.277420396,2.025194752,-0.2561947994,-0.003976242702,-1
within_seed,seed2 2k->30k,2,2000,2,30000,21,mlp,down_proj,0.5841141713,0.06438505091,0.04128738346,0.07909285457,0.9156664321,1.559436455,0.01127242476,-0.002546677201,0
within_seed,seed2 2k->30k,2,2000,2,30000,22,attention,q_proj,0.4482157573,0.06725937263,0.03024601784,0.07514234774,1.4843716,2.223743072,-0.6856071179,-0.0001757435599,-1
within_seed,seed2 2k->30k,2,2000,2,30000,22,attention,k_proj,0.4154478236,0.02504220503,0.0115534095,0.02753019771,1.382863491,2.16751644,-0.6159904823,-5.995277739e-05,-1
within_seed,seed2 2k->30k,2,2000,2,30000,22,attention,v_proj,0.370569042,0.02499504237,0.01235543981,0.02678345986,1.167746375,2.022998999,0.5348589744,-0.0001463117365,1
within_seed,seed2 2k->30k,2,2000,2,30000,22,attention,o_proj,0.3912535704,0.0642496286,0.03495626443,0.06929266213,0.9822673633,1.838000417,0.6310989453,-0.001660493202,1
within_seed,seed2 2k->30k,2,2000,2,30000,22,mlp,gate_proj,0.3786234879,0.1662390911,0.07200700339,0.1795584135,1.493624301,2.308651705,-0.7789280295,-0.000871827523,-1
within_seed,seed2 2k->30k,2,2000,2,30000,22,mlp,up_proj,0.4360567438,0.1448079616,0.07807149056,0.1606656944,1.057930408,1.854812308,0.06035534019,-0.007313330619,-1
within_seed,seed2 2k->30k,2,2000,2,30000,22,mlp,down_proj,0.6282129991,0.06075017073,0.04267122534,0.07768239426,0.8204866078,1.423680015,0.1152318125,-0.003057120624,0
within_seed,seed2 2k->30k,2,2000,2,30000,23,attention,q_proj,0.4361058174,0.05944779941,0.03026243277,0.0660408181,1.182270625,1.964409136,1.423425769,-0.0008476460753,2
within_seed,seed2 2k->30k,2,2000,2,30000,23,attention,k_proj,0.2178648937,0.02238068648,0.008912624567,0.02256286912,1.531562835,2.511121871,1.524115058,-5.477643241e-06,0
within_seed,seed2 2k->30k,2,2000,2,30000,23,attention,v_proj,0.4077360392,0.02208521111,0.01235290667,0.02402437511,0.9448357994,1.787855418,0.5960554594,-0.0002190300959,1
within_seed,seed2 2k->30k,2,2000,2,30000,23,attention,o_proj,0.370734362,0.06199101207,0.03443596498,0.06587060528,0.9128433114,1.800182225,-0.05892179334,-0.001778260035,-1
within_seed,seed2 2k->30k,2,2000,2,30000,23,mlp,gate_proj,0.4278062734,0.1869132754,0.07834689432,0.2064963251,1.635667015,2.385713908,-0.4791635268,0.00129458305,-1
within_seed,seed2 2k->30k,2,2000,2,30000,23,mlp,up_proj,0.4872578122,0.1516108125,0.08553238833,0.1736117823,1.029778259,1.772554415,0.005142440557,-0.00921591402,0
within_seed,seed2 2k->30k,2,2000,2,30000,23,mlp,down_proj,0.6604982411,0.06160881324,0.04635426067,0.08145314885,0.7571879623,1.329086309,-0.05141550051,-0.003860786181,0
within_seed,seed2 2k->30k,2,2000,2,30000,24,attention,q_proj,0.3864600479,0.07338427792,0.03133646726,0.07956351534,1.539007179,2.341817197,-0.6691474582,-4.843043136e-05,-1
within_seed,seed2 2k->30k,2,2000,2,30000,24,attention,k_proj,0.2995385645,0.03138811138,0.01144889732,0.03285551371,1.869753548,2.741583796,-1.234842058,0.0001155294297,-1
within_seed,seed2 2k->30k,2,2000,2,30000,24,attention,v_proj,0.349103424,0.02517575372,0.01300278959,0.02657001172,1.043408572,1.936180966,0.7989179577,-0.0002081021144,1
within_seed,seed2 2k->30k,2,2000,2,30000,24,attention,o_proj,0.3881934021,0.06539880965,0.03497389244,0.07048143329,1.015258479,1.869932258,1.126963467,-0.001578242682,2
within_seed,seed2 2k->30k,2,2000,2,30000,24,mlp,gate_proj,0.3795777619,0.1794908658,0.07615000583,0.1939916072,1.547493005,2.357069627,-0.5688551024,-0.0001557766052,0
within_seed,seed2 2k->30k,2,2000,2,30000,24,mlp,up_proj,0.4960945649,0.1270689592,0.08333201617,0.1457979075,0.7496025447,1.524851612,0.2162609356,-0.01257339019,0
within_seed,seed2 2k->30k,2,2000,2,30000,24,mlp,down_proj,0.6979985927,0.05223988523,0.04815316415,0.07285325424,0.5129484329,1.084869212,0.3899844539,-0.005129753736,1
within_seed,seed2 2k->30k,2,2000,2,30000,25,attention,q_proj,0.477574938,0.05983891866,0.04002692437,0.06753029033,0.6871216412,1.494966691,0.1326205898,-0.003079886325,0
within_seed,seed2 2k->30k,2,2000,2,30000,25,attention,k_proj,0.3844847582,0.0253886619,0.0145138596,0.02714589572,0.8703430002,1.749270187,1.099313055,-0.0003335116684,1
within_seed,seed2 2k->30k,2,2000,2,30000,25,attention,v_proj,0.3917675069,0.02051226116,0.01412718662,0.0214029989,0.5150220266,1.451970708,2.011681382,-0.000440876034,2
within_seed,seed2 2k->30k,2,2000,2,30000,25,attention,o_proj,0.4624334814,0.04857851375,0.03677755279,0.05301449742,0.4414906214,1.320874013,1.028870684,-0.003140913278,1
within_seed,seed2 2k->30k,2,2000,2,30000,25,mlp,gate_proj,0.4444801481,0.1524871101,0.07625963261,0.170225342,1.232181512,1.999578346,-0.2945215266,-0.004716029199,0
within_seed,seed2 2k->30k,2,2000,2,30000,25,mlp,up_proj,0.5526638994,0.1180783635,0.08347031029,0.1415421319,0.6957182906,1.414615126,1.221797216,-0.013288094,2
within_seed,seed2 2k->30k,2,2000,2,30000,25,mlp,down_proj,0.6643239077,0.04970269321,0.04532179784,0.06647874461,0.466816141,1.096661994,0.5079739801,-0.004691137825,1
within_seed,seed2 2k->30k,2,2000,2,30000,26,attention,q_proj,0.4205010154,0.06715378908,0.03247450901,0.07400050648,1.278725952,2.06789236,0.9089002448,-0.0007400134811,1
within_seed,seed2 2k->30k,2,2000,2,30000,26,attention,k_proj,0.3084266351,0.02303210187,0.009784143337,0.02408555008,1.461692276,2.35402335,2.113329066,-2.397697518e-05,2
within_seed,seed2 2k->30k,2,2000,2,30000,26,attention,v_proj,0.3503986784,0.02037331551,0.01278828577,0.02096162582,0.6391271047,1.59312326,1.949973685,-0.0003279628166,1
within_seed,seed2 2k->30k,2,2000,2,30000,26,attention,o_proj,0.4565508865,0.04866855436,0.03468128814,0.05347078653,0.5417762545,1.403308728,2.15630402,-0.00260584832,2
within_seed,seed2 2k->30k,2,2000,2,30000,26,mlp,gate_proj,0.4164946151,0.1516484351,0.07454335865,0.1667098944,1.23641512,2.034365474,1.005032799,-0.0044514518,1
within_seed,seed2 2k->30k,2,2000,2,30000,26,mlp,up_proj,0.5112124601,0.1328075095,0.08285272267,0.1544590288,0.8642601456,1.602934765,1.583610444,-0.01094935914,2
within_seed,seed2 2k->30k,2,2000,2,30000,26,mlp,down_proj,0.6635802427,0.04218815903,0.04296039386,0.05583773426,0.2997491234,0.9820244937,0.8562923613,-0.004658827244,1
within_seed,seed2 2k->30k,2,2000,2,30000,27,attention,q_proj,0.345706205,0.1391550732,0.02869614014,0.1464454532,4.103315374,4.849260998,0.909689244,0.008355169163,1
within_seed,seed2 2k->30k,2,2000,2,30000,27,attention,k_proj,0.3185139816,0.01970498015,0.01028951282,0.02039907137,0.9825109044,1.915054726,2.19990972,-0.0001438189511,3
within_seed,seed2 2k->30k,2,2000,2,30000,27,attention,v_proj,0.3775044597,0.02492428379,0.0126785791,0.02677215788,1.111605541,1.965857813,-0.5153863573,-0.0001741566723,1
within_seed,seed2 2k->30k,2,2000,2,30000,27,attention,o_proj,0.3828791201,0.04978972738,0.03562443533,0.05100242912,0.4316698257,1.397628536,1.076489135,-0.002965671973,2
within_seed,seed2 2k->30k,2,2000,2,30000,27,mlp,gate_proj,0.2337144161,0.1796433207,0.06508437933,0.1833394586,1.816950249,2.76016031,1.623981767,0.003071773318,2
within_seed,seed2 2k->30k,2,2000,2,30000,27,mlp,up_proj,0.162851652,0.1245652722,0.06336045913,0.1180607691,0.8633193439,1.965978054,1.991624384,-0.006410741217,2
within_seed,seed2 2k->30k,2,2000,2,30000,27,mlp,down_proj,0.3997405895,0.03951918208,0.03384924267,0.03800703145,0.1228325497,1.167505651,1.980537622,-0.003147748383,2
cross_seed,cross-seed first_saved (s1@2k vs s2@2k),1,2000,2,2000,0,attention,q_proj,0.01612434387,0.04342213942,0.02873265198,0.03302295646,0.149318082,1.511247185,-1.395175093,0.001269270862,-2
cross_seed,cross-seed first_saved (s1@2k vs s2@2k),1,2000,2,2000,0,attention,k_proj,0.005105760697,0.01479446115,0.0105560584,0.01041963917,-0.01292331173,1.401513765,0.1260162117,3.987768185e-05,-1
cross_seed,cross-seed first_saved (s1@2k vs s2@2k),1,2000,2,2000,0,attention,v_proj,0.005367935974,0.010594693,0.007611008891,0.007411183254,-0.02625481586,1.392022155,-1.287065281,1.557721661e-05,0
cross_seed,cross-seed first_saved (s1@2k vs s2@2k),1,2000,2,2000,0,attention,o_proj,0.01511355844,0.02685074529,0.01921926394,0.01904325234,-0.009158082214,1.397074591,1.552003549,0.0001415521841,1
cross_seed,cross-seed first_saved (s1@2k vs s2@2k),1,2000,2,2000,0,mlp,gate_proj,-0.0003486089706,0.05568208331,0.04063400776,0.03805645342,-0.06343342645,1.370332054,2.265807613,4.491891625e-05,1
cross_seed,cross-seed first_saved (s1@2k vs s2@2k),1,2000,2,2000,0,mlp,up_proj,-0.01472242871,0.06006102104,0.04294251245,0.04136381237,-0.03676310469,1.398637798,2.074739149,0.0003681465995,2
cross_seed,cross-seed first_saved (s1@2k vs s2@2k),1,2000,2,2000,0,mlp,down_proj,0.004763200987,0.02937840429,0.02151441609,0.02010825267,-0.06535912534,1.365521805,0.6999046678,6.916241032e-06,0
cross_seed,cross-seed first_saved (s1@2k vs s2@2k),1,2000,2,2000,1,attention,q_proj,-0.002076221688,0.02520345004,0.01878084096,0.01676860709,-0.1071429056,1.34197665,0.9825231001,-8.638988698e-05,2
cross_seed,cross-seed first_saved (s1@2k vs s2@2k),1,2000,2,2000,1,attention,k_proj,0.003318845194,0.01001323533,0.007112820631,0.007071529575,-0.005805159198,1.407772788,-1.5443037,2.053366301e-05,0
cross_seed,cross-seed first_saved (s1@2k vs s2@2k),1,2000,2,2000,1,attention,v_proj,-0.002872083397,0.01078278452,0.007679519868,0.007547217399,-0.01722796094,1.404096182,0.1989405308,1.940357785e-05,0
cross_seed,cross-seed first_saved (s1@2k vs s2@2k),1,2000,2,2000,1,attention,o_proj,0.01334873233,0.0283735179,0.02051897655,0.01987245181,-0.03150862489,1.382794012,-1.181783724,9.859744008e-05,0
cross_seed,cross-seed first_saved (s1@2k vs s2@2k),1,2000,2,2000,1,mlp,gate_proj,0.002028409567,0.04702035114,0.03464562155,0.0318601995,-0.08039751976,1.357180187,-0.2362564238,-9.597196648e-05,0
cross_seed,cross-seed first_saved (s1@2k vs s2@2k),1,2000,2,2000,1,mlp,up_proj,0.002260370234,0.05215548478,0.03875972235,0.03498583752,-0.09736614731,1.345610381,0.9468489255,-0.0002782063202,1
cross_seed,cross-seed first_saved (s1@2k vs s2@2k),1,2000,2,2000,1,mlp,down_proj,0.00483010373,0.02748918825,0.02009058783,0.01885958657,-0.06127253537,1.368262018,0.8826520341,1.654722528e-05,1
cross_seed,cross-seed first_saved (s1@2k vs s2@2k),1,2000,2,2000,2,attention,q_proj,-6.660319581e-05,0.02590844167,0.01894632557,0.01767029998,-0.06734950188,1.367465241,1.457406213,8.233658091e-07,1
cross_seed,cross-seed first_saved (s1@2k vs s2@2k),1,2000,2,2000,2,attention,k_proj,-0.0002568413352,0.01010351437,0.007254455782,0.007030481847,-0.03087398159,1.392732229,-0.3196984813,1.254458597e-05,1
cross_seed,cross-seed first_saved (s1@2k vs s2@2k),1,2000,2,2000,2,attention,v_proj,0.0006754109315,0.01007218267,0.007306588204,0.006937658586,-0.05049273447,1.378506958,-1.714970026,5.886745402e-06,-1
cross_seed,cross-seed first_saved (s1@2k vs s2@2k),1,2000,2,2000,2,attention,o_proj,0.005218435433,0.02877212567,0.02108353922,0.01968888145,-0.06614912962,1.364672476,0.6724039342,4.408959781e-06,1
cross_seed,cross-seed first_saved (s1@2k vs s2@2k),1,2000,2,2000,2,mlp,gate_proj,-0.00302286932,0.05153765855,0.0371887498,0.03556866754,-0.04356377314,1.385840041,1.276512529,0.0002146564173,2
cross_seed,cross-seed first_saved (s1@2k vs s2@2k),1,2000,2,2000,2,mlp,up_proj,0.00909565361,0.05796153485,0.04240811964,0.03989825541,-0.05918357746,1.366755596,-0.9983783216,9.775963648e-05,-1
cross_seed,cross-seed first_saved (s1@2k vs s2@2k),1,2000,2,2000,2,mlp,down_proj,0.003435815816,0.02767792992,0.02010510571,0.01909162461,-0.05040914083,1.376661745,-0.6742505663,4.479003356e-05,0
cross_seed,cross-seed first_saved (s1@2k vs s2@2k),1,2000,2,2000,3,attention,q_proj,0.009530134987,0.02527193865,0.0181072426,0.01780289139,-0.01680825825,1.395681232,0.1556948558,0.0001087950612,0
cross_seed,cross-seed first_saved (s1@2k vs s2@2k),1,2000,2,2000,3,attention,k_proj,0.003129892708,0.00943814184,0.006868397903,0.006494834492,-0.05438872594,1.374140225,-0.4261243789,4.016475001e-06,0
cross_seed,cross-seed first_saved (s1@2k vs s2@2k),1,2000,2,2000,3,attention,v_proj,0.006823558217,0.0104156692,0.007614296328,0.007159090742,-0.0597830143,1.36790962,2.134712819,2.929050074e-06,1
cross_seed,cross-seed first_saved (s1@2k vs s2@2k),1,2000,2,2000,3,attention,o_proj,0.007535468298,0.02965717843,0.02193077285,0.02013064733,-0.08208217448,1.35230886,0.8463493683,-4.352208352e-05,0
cross_seed,cross-seed first_saved (s1@2k vs s2@2k),1,2000,2,2000,3,mlp,gate_proj,0.009211393315,0.06091715109,0.04375540302,0.04278849917,-0.02209793039,1.392220089,-0.03564308897,0.0005676948679,0
cross_seed,cross-seed first_saved (s1@2k vs s2@2k),1,2000,2,2000,3,mlp,up_proj,-0.02479191435,0.06519582806,0.04675239275,0.04429477703,-0.05256662982,1.394491794,-1.601944864,0.0002117562661,-2
cross_seed,cross-seed first_saved (s1@2k vs s2@2k),1,2000,2,2000,3,mlp,down_proj,0.002182232047,0.03336708856,0.02452182098,0.0226819404,-0.07503034073,1.360710062,-0.4341806508,-2.781901999e-05,0
cross_seed,cross-seed first_saved (s1@2k vs s2@2k),1,2000,2,2000,4,attention,q_proj,0.009432467114,0.02366038135,0.01729264637,0.01631255914,-0.05667653188,1.36823369,-1.316808048,2.106202277e-05,0
cross_seed,cross-seed first_saved (s1@2k vs s2@2k),1,2000,2,2000,4,attention,k_proj,0.01242784806,0.008723094912,0.006032875576,0.006375961178,0.05686933157,1.445926541,-1.700626549,3.069400977e-05,0
cross_seed,cross-seed first_saved (s1@2k vs s2@2k),1,2000,2,2000,4,attention,v_proj,0.005604810026,0.01003083462,0.007112520313,0.007113144128,8.77066092e-05,1.41030664,-0.5717138392,2.255516558e-05,0
cross_seed,cross-seed first_saved (s1@2k vs s2@2k),1,2000,2,2000,4,attention,o_proj,0.003537786469,0.02774053441,0.01965071165,0.01964990853,-4.086941699e-05,1.411680906,-0.496580826,0.0001718312907,-1
cross_seed,cross-seed first_saved (s1@2k vs s2@2k),1,2000,2,2000,4,mlp,gate_proj,0.002215450662,0.06189381036,0.04469269658,0.04291742682,-0.03972169707,1.384875273,0.2449306038,0.0003600820266,1
cross_seed,cross-seed first_saved (s1@2k vs s2@2k),1,2000,2,2000,4,mlp,up_proj,-0.001727690794,0.06718092368,0.04884389186,0.04604107065,-0.0573832491,1.375421186,2.344648398,0.0001572128727,2
cross_seed,cross-seed first_saved (s1@2k vs s2@2k),1,2000,2,2000,4,mlp,down_proj,0.004384753956,0.03269340019,0.02363157046,0.02269605165,-0.03958767007,1.383462865,0.2160946295,0.0001011623514,0
cross_seed,cross-seed first_saved (s1@2k vs s2@2k),1,2000,2,2000,5,attention,q_proj,0.003492445628,0.02717808881,0.01892828793,0.01956925442,0.03386288731,1.435845065,-0.3312231377,0.0002435049451,0
cross_seed,cross-seed first_saved (s1@2k vs s2@2k),1,2000,2,2000,5,attention,k_proj,0.0002558217139,0.009134614009,0.006559974944,0.006358399402,-0.03072809635,1.392476966,0.5536714971,1.029913798e-05,1
cross_seed,cross-seed first_saved (s1@2k vs s2@2k),1,2000,2,2000,5,attention,v_proj,0.0121254253,0.01056204822,0.007648629328,0.007377242398,-0.03548177298,1.380907319,0.3890321212,1.217097637e-05,0
cross_seed,cross-seed first_saved (s1@2k vs s2@2k),1,2000,2,2000,5,attention,o_proj,0.004661772598,0.03030165547,0.02197530913,0.02096596728,-0.04593072368,1.378895528,0.6256850639,6.752149402e-05,-1
cross_seed,cross-seed first_saved (s1@2k vs s2@2k),1,2000,2,2000,5,mlp,gate_proj,0.004888541597,0.06518173316,0.04744007833,0.04493259611,-0.05285577742,1.373980302,3.096731577,0.0002138358234,3
cross_seed,cross-seed first_saved (s1@2k vs s2@2k),1,2000,2,2000,5,mlp,up_proj,0.008473997647,0.06784864684,0.04912852332,0.047213755,-0.03897467689,1.381043887,-1.01964396,0.0004468958163,0
cross_seed,cross-seed first_saved (s1@2k vs s2@2k),1,2000,2,2000,5,mlp,down_proj,0.005158217789,0.03376120671,0.02486006655,0.02297145175,-0.07596982065,1.358049732,0.2867867107,-3.224531715e-05,1
cross_seed,cross-seed first_saved (s1@2k vs s2@2k),1,2000,2,2000,6,attention,q_proj,0.01084584633,0.02817526832,0.02059244942,0.01945474014,-0.05524885677,1.368232974,1.262132532,3.375711991e-05,0
cross_seed,cross-seed first_saved (s1@2k vs s2@2k),1,2000,2,2000,6,attention,k_proj,0.001414655501,0.01067251414,0.007429568745,0.007672375381,0.03268112124,1.436491741,-1.342163416,3.705687289e-05,-1
cross_seed,cross-seed first_saved (s1@2k vs s2@2k),1,2000,2,2000,6,attention,v_proj,0.001967443559,0.01139448923,0.008133492697,0.007996035856,-0.01690010025,1.40093434,-1.731862187,2.191056555e-05,-1
cross_seed,cross-seed first_saved (s1@2k vs s2@2k),1,2000,2,2000,6,attention,o_proj,0.005915235618,0.03194348978,0.02332337808,0.02196513919,-0.05823508444,1.369591046,0.12421826,3.287518414e-05,-1
cross_seed,cross-seed first_saved (s1@2k vs s2@2k),1,2000,2,2000,6,mlp,gate_proj,0.007229849186,0.06660849873,0.04875883291,0.04573304992,-0.06205609964,1.366080662,1.464559788,8.556700531e-05,1
cross_seed,cross-seed first_saved (s1@2k vs s2@2k),1,2000,2,2000,6,mlp,up_proj,0.02420688079,0.07073241603,0.05174466242,0.04949294936,-0.04351585176,1.366950961,1.633577659,0.0004164126196,1
cross_seed,cross-seed first_saved (s1@2k vs s2@2k),1,2000,2,2000,6,mlp,down_proj,0.008704313889,0.03728028791,0.02688845124,0.02605817831,-0.03087842149,1.386479555,-0.4995261467,0.0001723157084,1
cross_seed,cross-seed first_saved (s1@2k vs s2@2k),1,2000,2,2000,7,attention,q_proj,0.01619595049,0.02757400526,0.01940890841,0.01990308875,0.02546152158,1.420688102,-2.095863421,0.0002338478395,-1
cross_seed,cross-seed first_saved (s1@2k vs s2@2k),1,2000,2,2000,7,attention,k_proj,0.003842034753,0.009907663555,0.007148216915,0.006887897089,-0.03641744904,1.386032863,1.204748048,1.031678235e-05,0
cross_seed,cross-seed first_saved (s1@2k vs s2@2k),1,2000,2,2000,7,attention,v_proj,-0.003832811128,0.01158604582,0.008390225089,0.007957936648,-0.05152286582,1.380898092,0.3674145924,7.293947788e-06,0
cross_seed,cross-seed first_saved (s1@2k vs s2@2k),1,2000,2,2000,7,attention,o_proj,0.003528136067,0.0322808785,0.0234963905,0.02221842697,-0.05438978093,1.373865424,-0.1299681287,4.700043091e-05,0
cross_seed,cross-seed first_saved (s1@2k vs s2@2k),1,2000,2,2000,7,mlp,gate_proj,0.01477753874,0.06867497511,0.0502711146,0.04753624953,-0.0544023162,1.366092152,1.133033139,0.0002149437395,0
cross_seed,cross-seed first_saved (s1@2k vs s2@2k),1,2000,2,2000,7,mlp,up_proj,0.00454939734,0.07370694587,0.05243272203,0.05204182318,-0.007455246275,1.405743265,-2.056365386,0.001085131222,-1
cross_seed,cross-seed first_saved (s1@2k vs s2@2k),1,2000,2,2000,7,mlp,down_proj,0.01559602863,0.04084766835,0.02987546605,0.0283264059,-0.05185057722,1.36726464,-1.213708896,9.059141351e-05,0
cross_seed,cross-seed first_saved (s1@2k vs s2@2k),1,2000,2,2000,8,attention,q_proj,0.009985032932,0.0311206497,0.02226512932,0.02196647311,-0.01341362995,1.397730471,-0.9264972886,0.0001757768319,-1
cross_seed,cross-seed first_saved (s1@2k vs s2@2k),1,2000,2,2000,8,attention,k_proj,0.01068873355,0.01129115014,0.008361035148,0.007678252163,-0.08166249431,1.350448831,0.3937574201,-6.142553575e-06,1
cross_seed,cross-seed first_saved (s1@2k vs s2@2k),1,2000,2,2000,8,attention,v_proj,-0.002173884209,0.01262049501,0.009061652175,0.008764590525,-0.03278228347,1.392736641,-0.9142557375,1.854058536e-05,0
cross_seed,cross-seed first_saved (s1@2k vs s2@2k),1,2000,2,2000,8,attention,o_proj,0.007135028841,0.03479175289,0.02576323635,0.0235666252,-0.0852614605,1.350441862,1.163506173,-7.322366556e-05,0
cross_seed,cross-seed first_saved (s1@2k vs s2@2k),1,2000,2,2000,8,mlp,gate_proj,0.001273915858,0.07176126026,0.05276200465,0.04870725812,-0.07684974372,1.360093513,0.3741568466,-0.0001606448196,0
cross_seed,cross-seed first_saved (s1@2k vs s2@2k),1,2000,2,2000,8,mlp,up_proj,0.01301897027,0.07589630331,0.05611668481,0.05183537859,-0.07629292834,1.35247304,1.736244849,-0.0001707014275,1
cross_seed,cross-seed first_saved (s1@2k vs s2@2k),1,2000,2,2000,8,mlp,down_proj,0.01677446775,0.04223887003,0.03030952836,0.0299314296,-0.01247458417,1.393583876,-1.176046509,0.0003315345048,0
cross_seed,cross-seed first_saved (s1@2k vs s2@2k),1,2000,2,2000,9,attention,q_proj,-0.005994921349,0.02761506689,0.02014132363,0.01877194028,-0.06798874666,1.37106515,0.2910882535,-7.151149977e-07,0
cross_seed,cross-seed first_saved (s1@2k vs s2@2k),1,2000,2,2000,9,attention,k_proj,0.002923795149,0.01038221564,0.007306602134,0.007397298425,0.01241292325,1.420936223,0.3933951757,2.830948962e-05,0
cross_seed,cross-seed first_saved (s1@2k vs s2@2k),1,2000,2,2000,9,attention,v_proj,0.0108002007,0.01245635493,0.008963896032,0.008746593291,-0.02424199706,1.389613945,-2.014858242,2.268024834e-05,-1
cross_seed,cross-seed first_saved (s1@2k vs s2@2k),1,2000,2,2000,9,attention,o_proj,0.00493495655,0.03439830186,0.02489320246,0.02386282862,-0.04139177506,1.381835138,1.307979539,0.0001049511931,1
cross_seed,cross-seed first_saved (s1@2k vs s2@2k),1,2000,2,2000,9,mlp,gate_proj,0.006977265711,0.06841688948,0.04945201975,0.04762598278,-0.03692542749,1.383500408,-0.8105953595,0.0004856158765,-1
cross_seed,cross-seed first_saved (s1@2k vs s2@2k),1,2000,2,2000,9,mlp,up_proj,-0.005234048048,0.08163599463,0.05923620316,0.05586471773,-0.05691596101,1.378143606,-0.6935509211,0.000241751329,0
cross_seed,cross-seed first_saved (s1@2k vs s2@2k),1,2000,2,2000,9,mlp,down_proj,0.02707735074,0.04461118339,0.03260385396,0.03134470006,-0.03861978694,1.368279451,-1.020076111,0.0001992915086,0
cross_seed,cross-seed first_saved (s1@2k vs s2@2k),1,2000,2,2000,10,attention,q_proj,0.003685685471,0.03275787503,0.02339981926,0.02301077867,-0.01662579461,1.399920002,-2.412981418,0.0001823580274,-1
cross_seed,cross-seed first_saved (s1@2k vs s2@2k),1,2000,2,2000,10,attention,k_proj,0.004497306625,0.01182937817,0.00851116613,0.008253854248,-0.03023227115,1.389865735,0.2930001419,1.757404516e-05,0
cross_seed,cross-seed first_saved (s1@2k vs s2@2k),1,2000,2,2000,10,attention,v_proj,0.01689831288,0.01283322421,0.009457278112,0.008836048219,-0.06568802197,1.356968047,0.808914566,1.149319919e-06,1
cross_seed,cross-seed first_saved (s1@2k vs s2@2k),1,2000,2,2000,10,attention,o_proj,0.006750838951,0.0373983642,0.02732352819,0.02572063649,-0.05866342311,1.368723832,-0.8261714843,4.306956286e-05,0
cross_seed,cross-seed first_saved (s1@2k vs s2@2k),1,2000,2,2000,10,mlp,gate_proj,0.002311584324,0.07155281233,0.05241101959,0.04883362169,-0.06825659818,1.365224582,-0.6308323553,-9.508975247e-06,0
cross_seed,cross-seed first_saved (s1@2k vs s2@2k),1,2000,2,2000,10,mlp,up_proj,0.002294091938,0.08126140992,0.05907026149,0.05593998656,-0.05299239999,1.37567378,0.1553843079,0.0003284605363,0
cross_seed,cross-seed first_saved (s1@2k vs s2@2k),1,2000,2,2000,10,mlp,down_proj,0.02392356669,0.04632907723,0.03388333597,0.0324169392,-0.04327781577,1.367311568,0.06160296936,0.0001803315099,1
cross_seed,cross-seed first_saved (s1@2k vs s2@2k),1,2000,2,2000,11,attention,q_proj,0.006643158404,0.03227379644,0.0241563566,0.02156360802,-0.1073319383,1.336037424,0.3522332374,-0.0001435911597,1
cross_seed,cross-seed first_saved (s1@2k vs s2@2k),1,2000,2,2000,11,attention,k_proj,0.008338475359,0.01140759414,0.008686448949,0.007467298543,-0.1403508399,1.313263245,1.58077884,-3.342484463e-05,1
cross_seed,cross-seed first_saved (s1@2k vs s2@2k),1,2000,2,2000,11,attention,v_proj,0.01508448884,0.0131591405,0.009846303246,0.008879812218,-0.09815775567,1.336454928,0.7186353417,-1.842491916e-05,1
cross_seed,cross-seed first_saved (s1@2k vs s2@2k),1,2000,2,2000,11,attention,o_proj,0.01467805159,0.0384891489,0.02788468576,0.02694278874,-0.03377829067,1.380297029,-1.237485296,0.00017047012,-1
cross_seed,cross-seed first_saved (s1@2k vs s2@2k),1,2000,2,2000,11,mlp,gate_proj,0.008953332566,0.07564048988,0.05576343665,0.05160868173,-0.07450679459,1.35645316,1.905745092,-0.0001336061882,1
cross_seed,cross-seed first_saved (s1@2k vs s2@2k),1,2000,2,2000,11,mlp,up_proj,0.02271279023,0.08106944259,0.06076139217,0.05506630025,-0.09372879251,1.33422622,1.392220425,-0.0006010238561,1
cross_seed,cross-seed first_saved (s1@2k vs s2@2k),1,2000,2,2000,11,mlp,down_proj,0.02986986138,0.04866811199,0.03567815523,0.03418352279,-0.04189208877,1.364087119,0.09671359392,0.0002114367583,1
cross_seed,cross-seed first_saved (s1@2k vs s2@2k),1,2000,2,2000,12,attention,q_proj,0.001551083371,0.03584452092,0.02649703712,0.02418107411,-0.08740460293,1.35277468,0.897508547,-8.68115379e-05,0
cross_seed,cross-seed first_saved (s1@2k vs s2@2k),1,2000,2,2000,12,attention,k_proj,-1.850246427e-05,0.0118317256,0.008623059329,0.00810123407,-0.06051509553,1.372103003,-0.1467778701,3.408334179e-06,0
cross_seed,cross-seed first_saved (s1@2k vs s2@2k),1,2000,2,2000,12,attention,v_proj,0.01054298893,0.01413025679,0.0102678004,0.009816401978,-0.04396252426,1.376171744,-2.514219892,1.608986148e-05,-2
cross_seed,cross-seed first_saved (s1@2k vs s2@2k),1,2000,2,2000,12,attention,o_proj,0.00587997511,0.0400548094,0.02916702668,0.02762512999,-0.05286437694,1.3732908,0.9714775983,8.078310032e-05,1
cross_seed,cross-seed first_saved (s1@2k vs s2@2k),1,2000,2,2000,12,mlp,gate_proj,0.0104961387,0.07880993308,0.05669808318,0.05533711559,-0.02400376735,1.3899929,-1.919677227,0.0009124704198,-1
cross_seed,cross-seed first_saved (s1@2k vs s2@2k),1,2000,2,2000,12,mlp,up_proj,0.01921277662,0.08312988556,0.06230224051,0.05624644506,-0.09720028359,1.334300097,0.3989292287,-0.0007148524443,1
cross_seed,cross-seed first_saved (s1@2k vs s2@2k),1,2000,2,2000,12,mlp,down_proj,0.01680311409,0.04827290189,0.03551791943,0.03329400786,-0.06261379053,1.35911401,-0.3476719969,4.091400233e-05,-1
cross_seed,cross-seed first_saved (s1@2k vs s2@2k),1,2000,2,2000,13,attention,q_proj,0.003296537143,0.03177792715,0.02307945316,0.02192056176,-0.05021312179,1.376892552,-0.05061846979,5.969769632e-05,0
cross_seed,cross-seed first_saved (s1@2k vs s2@2k),1,2000,2,2000,13,attention,k_proj,0.007779185509,0.01155738415,0.008477870792,0.007921088401,-0.06567479086,1.363241365,-0.4733638121,9.296439071e-07,0
cross_seed,cross-seed first_saved (s1@2k vs s2@2k),1,2000,2,2000,13,attention,v_proj,0.003369121015,0.01461077347,0.01061281313,0.01007787602,-0.05040483668,1.376710708,-0.4444483164,1.248356766e-05,1
cross_seed,cross-seed first_saved (s1@2k vs s2@2k),1,2000,2,2000,13,attention,o_proj,0.01861227692,0.04105153965,0.03059703287,0.02794419132,-0.08670257564,1.34168368,-1.429924313,-0.0001116715579,-1
cross_seed,cross-seed first_saved (s1@2k vs s2@2k),1,2000,2,2000,13,mlp,gate_proj,0.01015871606,0.0794596713,0.05804832557,0.05485367165,-0.05503438529,1.368853805,-1.484366078,0.0002728908615,0
cross_seed,cross-seed first_saved (s1@2k vs s2@2k),1,2000,2,2000,13,mlp,up_proj,0.0007453797299,0.08810593128,0.06497858203,0.05955004167,-0.08354353376,1.355922652,-0.8108975579,-0.0004205881216,0
cross_seed,cross-seed first_saved (s1@2k vs s2@2k),1,2000,2,2000,13,mlp,down_proj,0.01793900455,0.04953470846,0.03724606717,0.03333104543,-0.1051123525,1.329931244,0.5286062761,-0.0003226384936,0
cross_seed,cross-seed first_saved (s1@2k vs s2@2k),1,2000,2,2000,14,attention,q_proj,0.01937041794,0.03219068534,0.02392826605,0.02200167915,-0.08051510704,1.345299541,-0.3344607225,-4.620078199e-05,1
cross_seed,cross-seed first_saved (s1@2k vs s2@2k),1,2000,2,2000,14,attention,k_proj,-0.002344012255,0.01264014943,0.009310776852,0.008527051857,-0.08417396397,1.357582684,0.7605286257,-8.976308352e-06,0
cross_seed,cross-seed first_saved (s1@2k vs s2@2k),1,2000,2,2000,14,attention,v_proj,0.01083584484,0.01462526514,0.01078729794,0.009993439827,-0.07359193342,1.355785779,-0.2199079103,-4.328860988e-06,0
cross_seed,cross-seed first_saved (s1@2k vs s2@2k),1,2000,2,2000,14,attention,o_proj,-4.559321448e-05,0.04123657233,0.02990931176,0.02838680235,-0.05090419395,1.378720201,-0.4115456816,9.626304352e-05,-1
cross_seed,cross-seed first_saved (s1@2k vs s2@2k),1,2000,2,2000,14,mlp,gate_proj,0.01346528509,0.08324988104,0.06236028768,0.05599803757,-0.1020240662,1.334982312,0.5317907185,-0.0008311459636,1
cross_seed,cross-seed first_saved (s1@2k vs s2@2k),1,2000,2,2000,14,mlp,up_proj,0.00465070876,0.09229390758,0.06849627215,0.06217748892,-0.09225003103,1.347429644,1.150582352,-0.0007209520399,1
cross_seed,cross-seed first_saved (s1@2k vs s2@2k),1,2000,2,2000,14,mlp,down_proj,0.01524744937,0.05198755558,0.03821975554,0.03582897094,-0.06255363411,1.360227318,-0.3450725745,4.793605282e-05,0
cross_seed,cross-seed first_saved (s1@2k vs s2@2k),1,2000,2,2000,15,attention,q_proj,0.006422349999,0.0332756026,0.02452037827,0.02265284636,-0.07616244289,1.357059105,0.1006876477,-3.209844955e-05,0
cross_seed,cross-seed first_saved (s1@2k vs s2@2k),1,2000,2,2000,15,attention,k_proj,0.01871121845,0.01186388861,0.008659496401,0.008273208962,-0.04460853394,1.370043713,-1.489810536,1.112901412e-05,-1
cross_seed,cross-seed first_saved (s1@2k vs s2@2k),1,2000,2,2000,15,attention,v_proj,0.01166510588,0.01517214015,0.01132781123,0.01022629638,-0.09723986664,1.33937085,0.9589131672,-2.366324333e-05,0
cross_seed,cross-seed first_saved (s1@2k vs s2@2k),1,2000,2,2000,15,attention,o_proj,-0.0006374927098,0.04507712202,0.03358454504,0.03004561061,-0.1053738982,1.342198382,0.6699938184,-0.0002641183203,1
cross_seed,cross-seed first_saved (s1@2k vs s2@2k),1,2000,2,2000,15,mlp,gate_proj,0.01847343677,0.08750321747,0.0655226139,0.0592196105,-0.0961958479,1.335465914,0.123699385,-0.0007641504683,1
cross_seed,cross-seed first_saved (s1@2k vs s2@2k),1,2000,2,2000,15,mlp,up_proj,0.02475904009,0.09251885552,0.06881278446,0.0635700625,-0.07618819677,1.344500971,-0.1741983503,-0.0002535615214,-1
cross_seed,cross-seed first_saved (s1@2k vs s2@2k),1,2000,2,2000,15,mlp,down_proj,0.01206864292,0.05438768595,0.04024212478,0.03707566167,-0.07868528642,1.351511289,0.3824089584,-0.0001121102039,0
cross_seed,cross-seed first_saved (s1@2k vs s2@2k),1,2000,2,2000,16,attention,q_proj,0.01044013575,0.03836155767,0.02850146602,0.02597564482,-0.08862074668,1.345950332,-0.7388855464,-0.0001065747474,-1
cross_seed,cross-seed first_saved (s1@2k vs s2@2k),1,2000,2,2000,16,attention,k_proj,0.01031155354,0.01400459963,0.01029592111,0.00960006449,-0.06758565985,1.360208521,0.3501278881,8.42532982e-08,0
cross_seed,cross-seed first_saved (s1@2k vs s2@2k),1,2000,2,2000,16,attention,v_proj,0.00395698586,0.01624598156,0.01211675244,0.01087007712,-0.1028885694,1.340786786,0.6910842918,-3.215397272e-05,1
cross_seed,cross-seed first_saved (s1@2k vs s2@2k),1,2000,2,2000,16,attention,o_proj,-0.001709396849,0.04614935655,0.03390560429,0.03124981194,-0.07832900814,1.361112934,0.5576549447,-7.701523947e-05,1
cross_seed,cross-seed first_saved (s1@2k vs s2@2k),1,2000,2,2000,16,mlp,gate_proj,0.01397554527,0.09058366881,0.06745799793,0.06140521653,-0.08972666823,1.34281585,-0.2299304256,-0.0006282163296,1
cross_seed,cross-seed first_saved (s1@2k vs s2@2k),1,2000,2,2000,16,mlp,up_proj,0.01013909579,0.09512552897,0.07076236894,0.06429472779,-0.09139944355,1.344295427,1.177836745,-0.000743116869,1
cross_seed,cross-seed first_saved (s1@2k vs s2@2k),1,2000,2,2000,16,mlp,down_proj,0.0229308968,0.05525197936,0.04125919137,0.03770689746,-0.08609703179,1.339143534,0.1897699586,-0.0001966504407,0
cross_seed,cross-seed first_saved (s1@2k vs s2@2k),1,2000,2,2000,17,attention,q_proj,0.005950136458,0.03914909502,0.02955371147,0.02585192118,-0.125256359,1.324676092,2.203609163,-0.0003090917877,2
cross_seed,cross-seed first_saved (s1@2k vs s2@2k),1,2000,2,2000,17,attention,k_proj,-6.630780247e-06,0.0142178036,0.01066989915,0.009396694197,-0.1193268028,1.332515275,1.228534183,-3.625594702e-05,1
cross_seed,cross-seed first_saved (s1@2k vs s2@2k),1,2000,2,2000,17,attention,v_proj,0.003025054512,0.01653367585,0.01258215944,0.01076434484,-0.1444755651,1.314057093,0.217971808,-7.394014296e-05,1
cross_seed,cross-seed first_saved (s1@2k vs s2@2k),1,2000,2,2000,17,attention,o_proj,0.008833043962,0.04653966903,0.03483840564,0.03116742754,-0.1053715872,1.335872529,0.5099629514,-0.0002841908105,0
cross_seed,cross-seed first_saved (s1@2k vs s2@2k),1,2000,2,2000,17,mlp,gate_proj,-0.002805344594,0.09457247797,0.06944910252,0.06399873571,-0.07848001788,1.361752342,-1.248731397,-0.0003276910512,0
cross_seed,cross-seed first_saved (s1@2k vs s2@2k),1,2000,2,2000,17,mlp,up_proj,0.01332849928,0.1013244551,0.07581275845,0.06824209904,-0.09985996497,1.336509278,0.4933988913,-0.001152302307,0
cross_seed,cross-seed first_saved (s1@2k vs s2@2k),1,2000,2,2000,17,mlp,down_proj,0.01864016395,0.05902040728,0.04369880267,0.04049435397,-0.07333035481,1.350618408,-0.8230075005,-6.788737268e-05,-1
cross_seed,cross-seed first_saved (s1@2k vs s2@2k),1,2000,2,2000,18,attention,q_proj,0.01486082232,0.05327307862,0.04040897105,0.0353207723,-0.1259175528,1.318347813,0.8127088128,-0.0005842808095,2
cross_seed,cross-seed first_saved (s1@2k vs s2@2k),1,2000,2,2000,18,attention,k_proj,0.0001684259154,0.01752466932,0.01275013394,0.01202496426,-0.0568754561,1.374469429,-1.523636787,1.124242067e-05,-1
cross_seed,cross-seed first_saved (s1@2k vs s2@2k),1,2000,2,2000,18,attention,v_proj,0.01053220714,0.01777475466,0.01335351063,0.01187288116,-0.1108794168,1.331092261,-0.6743005554,-4.7714678e-05,1
cross_seed,cross-seed first_saved (s1@2k vs s2@2k),1,2000,2,2000,18,attention,o_proj,0.01469656886,0.05167121286,0.03887279018,0.03461754168,-0.109465991,1.329238591,0.0819224619,-0.0003914098068,1
cross_seed,cross-seed first_saved (s1@2k vs s2@2k),1,2000,2,2000,18,mlp,gate_proj,0.01520713662,0.1017627327,0.07588594914,0.06896483478,-0.0912041615,1.340995716,0.907153651,-0.0008476687129,0
cross_seed,cross-seed first_saved (s1@2k vs s2@2k),1,2000,2,2000,18,mlp,up_proj,0.001001252696,0.1125236731,0.08272301032,0.07636183709,-0.07689726481,1.360246353,0.1236517649,-0.0003969338401,0
cross_seed,cross-seed first_saved (s1@2k vs s2@2k),1,2000,2,2000,18,mlp,down_proj,0.03697395191,0.06256280212,0.0466575137,0.04344029741,-0.06895387338,1.34089447,0.3205302217,-1.715855388e-05,1
cross_seed,cross-seed first_saved (s1@2k vs s2@2k),1,2000,2,2000,19,attention,q_proj,0.01908947203,0.04714126456,0.03418830813,0.03311622168,-0.03135827733,1.37887094,-0.1776711811,0.0002748803546,0
cross_seed,cross-seed first_saved (s1@2k vs s2@2k),1,2000,2,2000,19,attention,k_proj,0.01019074924,0.01677857885,0.01242473278,0.0114032638,-0.08221255099,1.350417683,-1.120400746,-1.409507791e-05,-1
cross_seed,cross-seed first_saved (s1@2k vs s2@2k),1,2000,2,2000,19,attention,v_proj,0.005637418363,0.01863338487,0.01398706412,0.01239028003,-0.1141614906,1.332186991,1.525520608,-5.622831295e-05,2
cross_seed,cross-seed first_saved (s1@2k vs s2@2k),1,2000,2,2000,19,attention,o_proj,0.007951014959,0.0548617886,0.04048652638,0.03734569397,-0.07757722605,1.355062869,-0.002110802957,-0.0001020796335,0
cross_seed,cross-seed first_saved (s1@2k vs s2@2k),1,2000,2,2000,19,mlp,gate_proj,0.0004985012734,0.1057259627,0.07628047408,0.07324506051,-0.03979279892,1.386016068,-0.04629455764,0.001046246749,0
cross_seed,cross-seed first_saved (s1@2k vs s2@2k),1,2000,2,2000,19,mlp,up_proj,0.01949121256,0.1172634027,0.08655182367,0.08082190627,-0.06620215685,1.354834568,-0.221461134,7.177734457e-05,-1
cross_seed,cross-seed first_saved (s1@2k vs s2@2k),1,2000,2,2000,19,mlp,down_proj,0.03191941662,0.06442767461,0.04753849358,0.04502969108,-0.05277412709,1.355273795,0.2579214284,0.0002159135531,1
cross_seed,cross-seed first_saved (s1@2k vs s2@2k),1,2000,2,2000,20,attention,q_proj,0.01192467862,0.04637869387,0.03285829061,0.03312513343,0.008121019547,1.411476161,-0.3023643092,0.0005406570934,0
cross_seed,cross-seed first_saved (s1@2k vs s2@2k),1,2000,2,2000,20,attention,k_proj,0.008251915538,0.01490551479,0.01131773356,0.009793496093,-0.1346769172,1.317005274,-0.2615233115,-5.24753975e-05,1
cross_seed,cross-seed first_saved (s1@2k vs s2@2k),1,2000,2,2000,20,attention,v_proj,0.0008202255126,0.01699775574,0.01232482376,0.01171577109,-0.04941674525,1.379147976,-0.6557317447,1.780660572e-05,0
cross_seed,cross-seed first_saved (s1@2k vs s2@2k),1,2000,2,2000,20,attention,o_proj,0.02861613673,0.05242987683,0.03862999227,0.03657144856,-0.05328874239,1.357232393,-0.2654103649,0.0001376235805,0
cross_seed,cross-seed first_saved (s1@2k vs s2@2k),1,2000,2,2000,20,mlp,gate_proj,0.01696745453,0.1056863458,0.07766641348,0.07300649298,-0.05999917201,1.360772837,-0.1150871765,0.000296399824,0
cross_seed,cross-seed first_saved (s1@2k vs s2@2k),1,2000,2,2000,20,mlp,up_proj,0.0004026119194,0.1104265372,0.08046146998,0.07566289792,-0.05963813558,1.37241511,-0.1665886944,0.0003330747168,1
cross_seed,cross-seed first_saved (s1@2k vs s2@2k),1,2000,2,2000,20,mlp,down_proj,0.03435013167,0.06133401981,0.04536767487,0.04286292081,-0.05521010441,1.351932185,0.19701899,0.0001643613804,0
cross_seed,cross-seed first_saved (s1@2k vs s2@2k),1,2000,2,2000,21,attention,q_proj,-0.006068612305,0.04706579163,0.03397707128,0.03236357582,-0.04748777339,1.385222147,-0.2528402294,0.0001497518618,-1
cross_seed,cross-seed first_saved (s1@2k vs s2@2k),1,2000,2,2000,21,attention,k_proj,0.00743016206,0.01582125784,0.01188209619,0.01053509327,-0.1133640814,1.331520768,1.890438393,-3.98986581e-05,1
cross_seed,cross-seed first_saved (s1@2k vs s2@2k),1,2000,2,2000,21,attention,v_proj,0.002455579731,0.01744333126,0.01293903718,0.01173015443,-0.0934291121,1.348116635,0.6351912772,-2.694509017e-05,0
cross_seed,cross-seed first_saved (s1@2k vs s2@2k),1,2000,2,2000,21,attention,o_proj,0.02731740536,0.05045898245,0.03699084611,0.03534425738,-0.04451341093,1.364093763,-0.6409723456,0.0002039230665,0
cross_seed,cross-seed first_saved (s1@2k vs s2@2k),1,2000,2,2000,21,mlp,gate_proj,-0.0008456812336,0.1023034713,0.0747944368,0.06973500316,-0.06764451819,1.367795195,0.7151365091,2.35668596e-06,0
cross_seed,cross-seed first_saved (s1@2k vs s2@2k),1,2000,2,2000,21,mlp,up_proj,0.00377823333,0.1112089797,0.08229508031,0.07511102089,-0.08729634141,1.351344203,-0.300540158,-0.0008328408792,0
cross_seed,cross-seed first_saved (s1@2k vs s2@2k),1,2000,2,2000,21,mlp,down_proj,0.02247731152,0.05942079452,0.04367196494,0.04128738346,-0.05460211092,1.360616464,0.08697412083,0.0001597635723,0
cross_seed,cross-seed first_saved (s1@2k vs s2@2k),1,2000,2,2000,22,attention,q_proj,-0.0143145309,0.04485345925,0.03269103169,0.03024601784,-0.07479157788,1.372041717,0.3200434289,-4.783506867e-05,0
cross_seed,cross-seed first_saved (s1@2k vs s2@2k),1,2000,2,2000,22,attention,k_proj,4.137691489e-05,0.01692093256,0.01236319165,0.0115534095,-0.06549944115,1.368654069,-0.4657485107,2.147448541e-06,-1
cross_seed,cross-seed first_saved (s1@2k vs s2@2k),1,2000,2,2000,22,attention,v_proj,0.006130822407,0.01774192077,0.01280856479,0.01235543981,-0.03537671737,1.385160716,0.1361829293,3.424494922e-05,0
cross_seed,cross-seed first_saved (s1@2k vs s2@2k),1,2000,2,2000,22,attention,o_proj,0.01074378842,0.04932095963,0.03517150619,0.03495626443,-0.006119776599,1.402298763,-0.1711173029,0.000499437238,0
cross_seed,cross-seed first_saved (s1@2k vs s2@2k),1,2000,2,2000,22,mlp,gate_proj,0.0253012488,0.1003674369,0.07176422233,0.07200700339,0.003383037559,1.398572069,-1.343629607,0.002411941262,-2
cross_seed,cross-seed first_saved (s1@2k vs s2@2k),1,2000,2,2000,22,mlp,up_proj,0.003567065716,0.1107061651,0.0787690901,0.07807149056,-0.008856259974,1.405451872,-0.6257123257,0.002390318607,0
cross_seed,cross-seed first_saved (s1@2k vs s2@2k),1,2000,2,2000,22,mlp,down_proj,0.0219134854,0.06079418959,0.0442475952,0.04267122534,-0.03562611386,1.373954659,0.2021419315,0.0004054666066,1
cross_seed,cross-seed first_saved (s1@2k vs s2@2k),1,2000,2,2000,23,attention,q_proj,-0.005522293532,0.04467703017,0.03270004059,0.03026243277,-0.0745444889,1.36626834,0.2724870581,-4.619739634e-05,0
cross_seed,cross-seed first_saved (s1@2k vs s2@2k),1,2000,2,2000,23,attention,k_proj,-0.003605448721,0.01283046752,0.009197549235,0.008912624567,-0.03097832482,1.394987643,-0.5985175196,2.01064385e-05,-1
cross_seed,cross-seed first_saved (s1@2k vs s2@2k),1,2000,2,2000,23,attention,v_proj,-0.00328011202,0.01864725159,0.01392827955,0.01235290667,-0.1131060645,1.338805093,0.6016575207,-5.452143264e-05,1
cross_seed,cross-seed first_saved (s1@2k vs s2@2k),1,2000,2,2000,23,attention,o_proj,0.002253145303,0.0533179229,0.04078350083,0.03443596498,-0.1556397984,1.307340513,0.06829912825,-0.0008842777299,0
cross_seed,cross-seed first_saved (s1@2k vs s2@2k),1,2000,2,2000,23,mlp,gate_proj,0.0256600571,0.110699243,0.08024163409,0.07834689432,-0.02361292608,1.379573638,0.05498483445,0.001844322351,0
cross_seed,cross-seed first_saved (s1@2k vs s2@2k),1,2000,2,2000,23,mlp,up_proj,0.01103039116,0.1214643629,0.08719130853,0.08553238833,-0.01902621054,1.393078794,-0.1940438691,0.002409904599,0
cross_seed,cross-seed first_saved (s1@2k vs s2@2k),1,2000,2,2000,23,mlp,down_proj,0.02345920323,0.06705889233,0.04955763178,0.04635426067,-0.06463930979,1.353149655,0.4295464333,4.794759799e-05,1
cross_seed,cross-seed first_saved (s1@2k vs s2@2k),1,2000,2,2000,24,attention,q_proj,0.01258149173,0.04550859309,0.03339749125,0.03133646726,-0.06171194021,1.362635078,-0.8630408918,4.259572181e-05,-1
cross_seed,cross-seed first_saved (s1@2k vs s2@2k),1,2000,2,2000,24,attention,k_proj,0.008569424515,0.0161178525,0.01144348595,0.01144889732,0.0004728777275,1.408474006,-0.5225989342,5.873033933e-05,-1
cross_seed,cross-seed first_saved (s1@2k vs s2@2k),1,2000,2,2000,24,attention,v_proj,0.005090782891,0.01846795839,0.0131809697,0.01300278959,-0.01351798149,1.401107719,-1.553269048,6.148183759e-05,-1
cross_seed,cross-seed first_saved (s1@2k vs s2@2k),1,2000,2,2000,24,attention,o_proj,0.02109029972,0.05354738044,0.041292423,0.03497389244,-0.1530191281,1.296784653,1.113938809,-0.0008807645898,1
cross_seed,cross-seed first_saved (s1@2k vs s2@2k),1,2000,2,2000,24,mlp,gate_proj,0.03121397897,0.1146227628,0.08808111157,0.07615000583,-0.1354558943,1.301331928,0.3514798079,-0.00321393347,0
cross_seed,cross-seed first_saved (s1@2k vs s2@2k),1,2000,2,2000,24,mlp,up_proj,0.02570232198,0.122490327,0.09194295499,0.08333201617,-0.09365523244,1.332242661,0.06515453073,-0.001372337575,0
cross_seed,cross-seed first_saved (s1@2k vs s2@2k),1,2000,2,2000,24,mlp,down_proj,0.0474389439,0.07001965897,0.05316894602,0.04815316415,-0.09433668054,1.316927722,-0.04003328436,-0.0004708027604,0
cross_seed,cross-seed first_saved (s1@2k vs s2@2k),1,2000,2,2000,25,attention,q_proj,0.0398417065,0.05947923443,0.04561936877,0.04002692437,-0.1225892544,1.303815376,-0.2239359594,-0.0007033840223,0
cross_seed,cross-seed first_saved (s1@2k vs s2@2k),1,2000,2,2000,25,attention,k_proj,0.006945992636,0.02123327913,0.01559952876,0.0145138596,-0.06959627915,1.361148753,-0.2331217335,-2.908359905e-06,0
cross_seed,cross-seed first_saved (s1@2k vs s2@2k),1,2000,2,2000,25,attention,v_proj,0.002166796303,0.0209266552,0.015469148,0.01412718662,-0.08675082714,1.352799468,0.474924948,-2.861589818e-05,0
cross_seed,cross-seed first_saved (s1@2k vs s2@2k),1,2000,2,2000,25,attention,o_proj,0.01601350411,0.05358321133,0.03956224881,0.03677755279,-0.07038770813,1.354402567,-0.0691920581,-2.65473661e-05,0
cross_seed,cross-seed first_saved (s1@2k vs s2@2k),1,2000,2,2000,25,mlp,gate_proj,0.006773101868,0.1109797574,0.08114679251,0.07625963261,-0.06022616236,1.367641948,-0.3004349971,0.0003139976435,0
cross_seed,cross-seed first_saved (s1@2k vs s2@2k),1,2000,2,2000,25,mlp,up_proj,0.02176822828,0.125711543,0.09583508856,0.08347031029,-0.1290214102,1.311748597,0.5693975665,-0.00345565644,1
cross_seed,cross-seed first_saved (s1@2k vs s2@2k),1,2000,2,2000,25,mlp,down_proj,0.02065319799,0.06648774371,0.04959229224,0.04532179784,-0.0861120591,1.340687045,0.07012755341,-0.0002843368459,0
cross_seed,cross-seed first_saved (s1@2k vs s2@2k),1,2000,2,2000,26,attention,q_proj,0.02370316241,0.04818295691,0.03637306462,0.03247450901,-0.1071824892,1.324687854,0.9388468482,-0.0003243537698,1
cross_seed,cross-seed first_saved (s1@2k vs s2@2k),1,2000,2,2000,26,attention,k_proj,0.008180185771,0.01384323367,0.009873506559,0.009784143337,-0.009050809019,1.402058487,-1.140715698,3.742872797e-05,0
cross_seed,cross-seed first_saved (s1@2k vs s2@2k),1,2000,2,2000,26,attention,v_proj,-0.002486434898,0.01875192432,0.01368299128,0.01278828577,-0.06538815175,1.370455038,-0.5288735491,2.762948475e-06,1
cross_seed,cross-seed first_saved (s1@2k vs s2@2k),1,2000,2,2000,26,attention,o_proj,-0.003267489315,0.05249131725,0.03928921067,0.03468128814,-0.1172821355,1.336023716,0.3427589053,-0.000472651422,1
cross_seed,cross-seed first_saved (s1@2k vs s2@2k),1,2000,2,2000,26,mlp,gate_proj,0.0250364976,0.1094899824,0.08208367819,0.07454335865,-0.09186137504,1.333882506,-0.1713822306,-0.001019164624,0
cross_seed,cross-seed first_saved (s1@2k vs s2@2k),1,2000,2,2000,26,mlp,up_proj,0.003106838992,0.1221450988,0.0900066038,0.08285272267,-0.07948173608,1.357068189,0.2374081594,-0.0006012741262,1
cross_seed,cross-seed first_saved (s1@2k vs s2@2k),1,2000,2,2000,26,mlp,down_proj,0.02502134133,0.06241231926,0.04636132223,0.04296039386,-0.07335701833,1.346215256,-0.1734872213,-7.677346074e-05,0
cross_seed,cross-seed first_saved (s1@2k vs s2@2k),1,2000,2,2000,27,attention,q_proj,0.04496116722,0.04171144168,0.03158939602,0.02869614014,-0.09158946485,1.320425426,0.07446525082,-0.0001492657161,0
cross_seed,cross-seed first_saved (s1@2k vs s2@2k),1,2000,2,2000,27,attention,k_proj,0.01079235016,0.01558783186,0.01182081999,0.01028951282,-0.1295432275,1.318676019,0.4192300954,-5.300680686e-05,0
cross_seed,cross-seed first_saved (s1@2k vs s2@2k),1,2000,2,2000,27,attention,v_proj,-0.005774028334,0.0191055169,0.01421944084,0.0126785791,-0.1083630327,1.343619424,1.089328924,-5.102017155e-05,0
cross_seed,cross-seed first_saved (s1@2k vs s2@2k),1,2000,2,2000,27,attention,o_proj,0.02367328688,0.05217808865,0.0389768469,0.03562443533,-0.08601033274,1.338694451,0.04410786369,-0.000174676531,0
cross_seed,cross-seed first_saved (s1@2k vs s2@2k),1,2000,2,2000,27,mlp,gate_proj,0.02087945389,0.09333919357,0.06827734905,0.06508437933,-0.04676469959,1.367059426,-0.007015834458,0.000626580937,0
cross_seed,cross-seed first_saved (s1@2k vs s2@2k),1,2000,2,2000,27,mlp,up_proj,0.01016298838,0.08943660356,0.06376898942,0.06336045913,-0.006406409917,1.402509345,-0.04180484833,0.001633907936,0
cross_seed,cross-seed first_saved (s1@2k vs s2@2k),1,2000,2,2000,27,mlp,down_proj,0.02730073299,0.04882547878,0.03612368479,0.03384924267,-0.062962628,1.351619555,0.0007573712022,3.941773267e-05,0
cross_seed,cross-seed selected (s1@4k vs s2@6k),1,4000,2,6000,0,attention,q_proj,0.03359580022,0.08010750345,0.04542138573,0.06752928897,0.4867289467,1.763651684,-1.189853534,0.002193180561,-2
cross_seed,cross-seed selected (s1@4k vs s2@6k),1,4000,2,6000,0,attention,k_proj,0.01233747987,0.02647551624,0.01611891515,0.0212029874,0.3154103235,1.64251229,0.2019757655,8.951092865e-05,1
cross_seed,cross-seed selected (s1@4k vs s2@6k),1,4000,2,6000,0,attention,v_proj,0.008370077672,0.01837664321,0.0108596699,0.01491576887,0.37350113,1.692191695,-0.9213868927,6.820141236e-05,0
cross_seed,cross-seed selected (s1@4k vs s2@6k),1,4000,2,6000,0,attention,o_proj,0.01672831821,0.04641316538,0.02760529272,0.03777590253,0.3684297035,1.681314009,1.782973789,0.000424840952,1
cross_seed,cross-seed selected (s1@4k vs s2@6k),1,4000,2,6000,0,mlp,gate_proj,0.003404160718,0.09497447162,0.05752094245,0.07577047415,0.3172676059,1.651128573,2.401395067,0.001164087822,1
cross_seed,cross-seed selected (s1@4k vs s2@6k),1,4000,2,6000,0,mlp,up_proj,-0.009456958776,0.1030321962,0.06091699152,0.08252075453,0.3546426451,1.691353983,2.484681357,0.001860272881,2
cross_seed,cross-seed selected (s1@4k vs s2@6k),1,4000,2,6000,0,mlp,down_proj,0.008457137399,0.04940433337,0.03048534332,0.0391358134,0.283758329,1.62059298,0.340132807,0.0002057356839,0
cross_seed,cross-seed selected (s1@4k vs s2@6k),1,4000,2,6000,1,attention,q_proj,-0.002305539676,0.04107072639,0.02551009181,0.03212881106,0.2594549362,1.60997956,0.6711487848,8.385816718e-05,2
cross_seed,cross-seed selected (s1@4k vs s2@6k),1,4000,2,6000,1,attention,k_proj,0.001780880077,0.01678936138,0.01025952138,0.01330831276,0.297167018,1.636466338,-1.940288016,2.875357387e-05,0
cross_seed,cross-seed selected (s1@4k vs s2@6k),1,4000,2,6000,1,attention,v_proj,-0.001197097771,0.01805213627,0.01075933885,0.01448251298,0.3460411636,1.677810925,-0.2038852048,5.400738304e-05,0
cross_seed,cross-seed selected (s1@4k vs s2@6k),1,4000,2,6000,1,attention,o_proj,0.01686461689,0.04829678599,0.02855229119,0.03943762785,0.3812421423,1.691520504,-1.378703277,0.0004974774858,-1
cross_seed,cross-seed selected (s1@4k vs s2@6k),1,4000,2,6000,1,mlp,gate_proj,0.007284148567,0.08864200497,0.04991597555,0.07361612183,0.4748008233,1.775824353,-0.8791864204,0.00251695838,-2
cross_seed,cross-seed selected (s1@4k vs s2@6k),1,4000,2,6000,1,mlp,up_proj,0.00964403673,0.09250510714,0.0546215257,0.07518573841,0.3764855054,1.693565054,0.6516188367,0.001762041386,2
cross_seed,cross-seed selected (s1@4k vs s2@6k),1,4000,2,6000,1,mlp,down_proj,0.008285326458,0.05065807258,0.02998391635,0.04108060494,0.370088032,1.689508201,-0.1138080338,0.0005073195221,0
cross_seed,cross-seed selected (s1@4k vs s2@6k),1,4000,2,6000,2,attention,q_proj,0.0009517001667,0.04433849901,0.02750638669,0.03480119574,0.2652041916,1.611934694,1.845841569,0.0001139338995,1
cross_seed,cross-seed selected (s1@4k vs s2@6k),1,4000,2,6000,2,attention,k_proj,0.0008773786691,0.0177961887,0.01063302121,0.01427969286,0.3429572439,1.67367189,-0.1639009787,5.134336561e-05,1
cross_seed,cross-seed selected (s1@4k vs s2@6k),1,4000,2,6000,2,attention,v_proj,0.00330271495,0.01734777631,0.01055489617,0.01380223883,0.3076622084,1.643576217,-1.720739537,3.49916697e-05,-2
cross_seed,cross-seed selected (s1@4k vs s2@6k),1,4000,2,6000,2,attention,o_proj,0.007343504861,0.04884581413,0.0296467788,0.03903818863,0.3167767363,1.647592626,-0.08218583486,0.0003075341207,-1
cross_seed,cross-seed selected (s1@4k vs s2@6k),1,4000,2,6000,2,mlp,gate_proj,0.004954564178,0.09521486459,0.05658858714,0.0768550468,0.3581368733,1.682580701,1.307517212,0.001650738418,1
cross_seed,cross-seed selected (s1@4k vs s2@6k),1,4000,2,6000,2,mlp,up_proj,0.01358196392,0.1047679186,0.06304196927,0.08453872904,0.3409912479,1.661875729,-1.133457998,0.001773417376,-2
cross_seed,cross-seed selected (s1@4k vs s2@6k),1,4000,2,6000,2,mlp,down_proj,0.008756794448,0.05110132378,0.02983556559,0.04174924503,0.399311332,1.712765378,-1.63137242,0.0006101416105,-1
cross_seed,cross-seed selected (s1@4k vs s2@6k),1,4000,2,6000,3,attention,q_proj,0.008226170688,0.04323936683,0.02508086431,0.03542897776,0.4125899856,1.723998276,-0.5857739829,0.0004663241587,-1
cross_seed,cross-seed selected (s1@4k vs s2@6k),1,4000,2,6000,3,attention,k_proj,0.003590624162,0.01666885134,0.009999782685,0.01337218082,0.3372471423,1.666921359,0.221754108,4.311946793e-05,0
cross_seed,cross-seed selected (s1@4k vs s2@6k),1,4000,2,6000,3,attention,v_proj,0.01039532514,0.01819509156,0.01112106259,0.01451688091,0.3053501676,1.636092901,1.530093034,3.772790004e-05,1
cross_seed,cross-seed selected (s1@4k vs s2@6k),1,4000,2,6000,3,attention,o_proj,0.01052640252,0.05030589543,0.03138054296,0.03965021426,0.2635286239,1.603091938,0.2472034527,0.0001420431386,0
cross_seed,cross-seed selected (s1@4k vs s2@6k),1,4000,2,6000,3,mlp,gate_proj,0.01413672995,0.1102776408,0.06480848458,0.09014542283,0.3909509445,1.701592646,-0.5966734151,0.002732242168,0
cross_seed,cross-seed selected (s1@4k vs s2@6k),1,4000,2,6000,3,mlp,up_proj,-0.01917145951,0.1179161367,0.06809303287,0.09497154481,0.3947321893,1.731691654,-2.111514668,0.003089306356,-3
cross_seed,cross-seed selected (s1@4k vs s2@6k),1,4000,2,6000,3,mlp,down_proj,0.003517828361,0.05549836289,0.03306457735,0.04469002454,0.3515982398,1.678483965,-0.5012655701,0.0005345751078,0
cross_seed,cross-seed selected (s1@4k vs s2@6k),1,4000,2,6000,4,attention,q_proj,0.004508338708,0.04025083203,0.02398412231,0.03243308868,0.3522733194,1.678228268,-1.567676574,0.0002828461589,-1
cross_seed,cross-seed selected (s1@4k vs s2@6k),1,4000,2,6000,4,attention,k_proj,0.008076220609,0.01467771732,0.008391665138,0.01211019525,0.4431218413,1.749082819,-0.2585838854,6.13935281e-05,-1
cross_seed,cross-seed selected (s1@4k vs s2@6k),1,4000,2,6000,4,attention,v_proj,0.01093857994,0.01731802618,0.0101972756,0.01410947368,0.3836513042,1.698299317,-1.054628284,6.449085425e-05,0
cross_seed,cross-seed selected (s1@4k vs s2@6k),1,4000,2,6000,4,attention,o_proj,0.01141638214,0.0466061302,0.02829548529,0.0373581672,0.3202872052,1.64712249,-0.7095279927,0.0002912320293,-1
cross_seed,cross-seed selected (s1@4k vs s2@6k),1,4000,2,6000,4,mlp,gate_proj,0.01243078449,0.1113910167,0.06572487525,0.09075513983,0.3808339612,1.694807579,0.1003865264,0.002628744623,-1
cross_seed,cross-seed selected (s1@4k vs s2@6k),1,4000,2,6000,4,mlp,up_proj,0.009283715692,0.1173931492,0.071986146,0.09340228883,0.2975036728,1.630774194,2.006696766,0.001422358619,2
cross_seed,cross-seed selected (s1@4k vs s2@6k),1,4000,2,6000,4,mlp,down_proj,0.01392383074,0.05422632387,0.03312281565,0.04339819667,0.3102206387,1.637129055,-1.434445431,0.0003555952959,0
cross_seed,cross-seed selected (s1@4k vs s2@6k),1,4000,2,6000,5,attention,q_proj,0.004391365405,0.04453085464,0.02647931466,0.035919303,0.356504255,1.681722326,-0.678175566,0.0003567869799,1
cross_seed,cross-seed selected (s1@4k vs s2@6k),1,4000,2,6000,5,attention,k_proj,0.001321945629,0.01544017974,0.009469306901,0.01220807177,0.2892254839,1.630550145,1.043205303,2.173810008e-05,0
cross_seed,cross-seed selected (s1@4k vs s2@6k),1,4000,2,6000,5,attention,v_proj,0.01452373164,0.01715897677,0.01070406864,0.0135673073,0.2674906849,1.60303314,0.2600967507,1.824688521e-05,0
cross_seed,cross-seed selected (s1@4k vs s2@6k),1,4000,2,6000,5,attention,o_proj,0.01595174506,0.04825840004,0.02954002521,0.03863510009,0.3078898819,1.633661437,-0.8922009937,0.0002748584755,-2
cross_seed,cross-seed selected (s1@4k vs s2@6k),1,4000,2,6000,5,mlp,gate_proj,0.01064612144,0.1141546638,0.06868910871,0.09191037314,0.3380632661,1.661903408,2.37505296,0.002049967608,3
cross_seed,cross-seed selected (s1@4k vs s2@6k),1,4000,2,6000,5,mlp,up_proj,0.01473041676,0.1153740272,0.06900720055,0.09348382716,0.3546967043,1.671912876,-1.27208885,0.002388242705,-2
cross_seed,cross-seed selected (s1@4k vs s2@6k),1,4000,2,6000,5,mlp,down_proj,0.01733680861,0.05489708269,0.03427691766,0.04347939827,0.2684745666,1.601575825,-0.08223659913,0.0001914967013,1
cross_seed,cross-seed selected (s1@4k vs s2@6k),1,4000,2,6000,6,attention,q_proj,0.01007320032,0.0444924776,0.02773497178,0.03507061383,0.2644906982,1.604201293,0.3784236863,0.0001137572955,1
cross_seed,cross-seed selected (s1@4k vs s2@6k),1,4000,2,6000,6,attention,k_proj,0.002003418555,0.01704452035,0.01035467354,0.01355946109,0.3095015538,1.646070278,-0.9491687514,3.444924468e-05,-1
cross_seed,cross-seed selected (s1@4k vs s2@6k),1,4000,2,6000,6,attention,v_proj,0.005938626346,0.01943400486,0.01178570881,0.01552258007,0.3170680117,1.648946633,-2.492134232,4.87610024e-05,-2
cross_seed,cross-seed selected (s1@4k vs s2@6k),1,4000,2,6000,6,attention,o_proj,0.0127766741,0.05184836055,0.03250194451,0.0408138873,0.2557367849,1.595238726,-0.3189477561,0.0001213389339,0
cross_seed,cross-seed selected (s1@4k vs s2@6k),1,4000,2,6000,6,mlp,gate_proj,0.008685005228,0.1147227509,0.06864155652,0.09252004299,0.3478721592,1.671330848,1.472276509,0.002232930032,0
cross_seed,cross-seed selected (s1@4k vs s2@6k),1,4000,2,6000,6,mlp,up_proj,0.02886402639,0.1150292272,0.07086253806,0.09267874609,0.3078665911,1.623272752,1.403659389,0.00158123009,2
cross_seed,cross-seed selected (s1@4k vs s2@6k),1,4000,2,6000,6,mlp,down_proj,0.02108122824,0.05837185666,0.03654741917,0.04629137635,0.2666113614,1.597153998,-0.6377961051,0.0002082631398,0
cross_seed,cross-seed selected (s1@4k vs s2@6k),1,4000,2,6000,7,attention,q_proj,0.01446809409,0.04725241038,0.02799842727,0.03847137409,0.3740548253,1.68768088,-2.071985953,0.0004551285076,0
cross_seed,cross-seed selected (s1@4k vs s2@6k),1,4000,2,6000,7,attention,k_proj,0.004574919194,0.01740359259,0.0102900645,0.01408281004,0.3685832615,1.691300632,-0.592437234,5.909729945e-05,0
cross_seed,cross-seed selected (s1@4k vs s2@6k),1,4000,2,6000,7,attention,v_proj,0.0009340443882,0.01868308354,0.01150208841,0.01473350435,0.2809416716,1.624320982,0.2030669899,2.785693008e-05,0
cross_seed,cross-seed selected (s1@4k vs s2@6k),1,4000,2,6000,7,attention,o_proj,0.00970299748,0.05243954664,0.03238366706,0.04156107176,0.2833960924,1.61932083,-1.334286898,0.0002306961173,0
cross_seed,cross-seed selected (s1@4k vs s2@6k),1,4000,2,6000,7,mlp,gate_proj,0.02264248112,0.1142459802,0.07050691803,0.09150455558,0.2978096069,1.620351356,0.9992335562,0.00137041167,1
cross_seed,cross-seed selected (s1@4k vs s2@6k),1,4000,2,6000,7,mlp,up_proj,0.009459684526,0.1190124829,0.0718950902,0.09552487088,0.3286702975,1.655363149,-3.088391983,0.002052000697,-1
cross_seed,cross-seed selected (s1@4k vs s2@6k),1,4000,2,6000,7,mlp,down_proj,0.04187708481,0.06180293909,0.03895831212,0.04963682337,0.274100973,1.586386466,-2.012295297,0.0002798745639,-2
cross_seed,cross-seed selected (s1@4k vs s2@6k),1,4000,2,6000,8,attention,q_proj,0.009507373396,0.0497056785,0.03002069473,0.03990225562,0.3291583017,1.655713798,-1.546672097,0.0003595333044,-1
cross_seed,cross-seed selected (s1@4k vs s2@6k),1,4000,2,6000,8,attention,k_proj,0.0109398074,0.01818579638,0.0115374144,0.01418421089,0.2294098485,1.5762454,0.655053645,2.254274299e-06,1
cross_seed,cross-seed selected (s1@4k vs s2@6k),1,4000,2,6000,8,attention,v_proj,0.006987368896,0.02024279282,0.01233161112,0.01613949703,0.3087906249,1.641536748,-1.873932411,4.843553809e-05,-1
cross_seed,cross-seed selected (s1@4k vs s2@6k),1,4000,2,6000,8,attention,o_proj,0.0162958532,0.05492138892,0.0351958938,0.04273913708,0.2143216855,1.560448762,0.8266221512,-4.738579985e-05,1
cross_seed,cross-seed selected (s1@4k vs s2@6k),1,4000,2,6000,8,mlp,gate_proj,0.006349840261,0.1161291711,0.07143986086,0.09200982453,0.2879339827,1.625551474,0.2100692842,0.001211849778,0
cross_seed,cross-seed selected (s1@4k vs s2@6k),1,4000,2,6000,8,mlp,up_proj,0.01959838261,0.1215386561,0.07634290487,0.09607761429,0.2585008975,1.592009844,2.026158433,0.0007300764983,2
cross_seed,cross-seed selected (s1@4k vs s2@6k),1,4000,2,6000,8,mlp,down_proj,0.04334794323,0.06276586683,0.03957144327,0.0504656977,0.2753059665,1.58614045,-1.837809047,0.0002959534663,-1
cross_seed,cross-seed selected (s1@4k vs s2@6k),1,4000,2,6000,9,attention,q_proj,-0.003062174705,0.04435043061,0.02727099218,0.03489163483,0.279441342,1.62628592,0.4960887442,0.0001523202746,0
cross_seed,cross-seed selected (s1@4k vs s2@6k),1,4000,2,6000,9,attention,k_proj,0.002770732569,0.0174887412,0.01016767206,0.01425755374,0.4022436653,1.720033957,-0.2985504677,7.213184487e-05,1
cross_seed,cross-seed selected (s1@4k vs s2@6k),1,4000,2,6000,9,attention,v_proj,0.01636157953,0.01956926312,0.01222715909,0.01548052232,0.2660767887,1.600475055,-1.59834224,2.300745387e-05,-1
cross_seed,cross-seed selected (s1@4k vs s2@6k),1,4000,2,6000,9,attention,o_proj,0.01063034352,0.0525524874,0.03279779531,0.04141189711,0.2626427088,1.602317683,1.33174711,0.0001515598815,1
cross_seed,cross-seed selected (s1@4k vs s2@6k),1,4000,2,6000,9,mlp,gate_proj,0.01381510773,0.1170951571,0.07028683759,0.0946298648,0.3463383479,1.665961383,-1.408973656,0.002310699129,-1
cross_seed,cross-seed selected (s1@4k vs s2@6k),1,4000,2,6000,9,mlp,up_proj,0.0002097789784,0.1245363549,0.07804674839,0.0970627998,0.2436495024,1.595663593,-0.693667321,0.000424226563,0
cross_seed,cross-seed selected (s1@4k vs s2@6k),1,4000,2,6000,9,mlp,down_proj,0.05451296792,0.06407526114,0.04133174187,0.05126742746,0.2403887457,1.550267621,-1.035087372,9.826406157e-05,-1
cross_seed,cross-seed selected (s1@4k vs s2@6k),1,4000,2,6000,10,attention,q_proj,0.005499314163,0.05043693549,0.03167773505,0.03942259319,0.2444890117,1.592188817,-1.943998385,7.302436709e-05,0
cross_seed,cross-seed selected (s1@4k vs s2@6k),1,4000,2,6000,10,attention,k_proj,0.005129514862,0.01869537121,0.01158467535,0.01473306452,0.2717718949,1.613801911,0.04576944322,2.355638742e-05,0
cross_seed,cross-seed selected (s1@4k vs s2@6k),1,4000,2,6000,10,attention,v_proj,0.02088250962,0.0199679134,0.01269463482,0.01568048063,0.235205333,1.572941143,0.9133241482,6.174527511e-06,1
cross_seed,cross-seed selected (s1@4k vs s2@6k),1,4000,2,6000,10,attention,o_proj,0.01439545382,0.05530464065,0.03518066965,0.04318173016,0.2274277491,1.57201785,-1.163558756,1.1939101e-05,-1
cross_seed,cross-seed selected (s1@4k vs s2@6k),1,4000,2,6000,10,mlp,gate_proj,0.01075109233,0.1202674736,0.07269183482,0.09659786763,0.3288681991,1.654483944,-1.599431525,0.002101893071,-1
cross_seed,cross-seed selected (s1@4k vs s2@6k),1,4000,2,6000,10,mlp,up_proj,0.01140372228,0.1256492542,0.07954251514,0.09817756011,0.2342777939,1.579648996,0.4116468647,0.0002207247394,1
cross_seed,cross-seed selected (s1@4k vs s2@6k),1,4000,2,6000,10,mlp,down_proj,0.05014637114,0.06433586012,0.04261402034,0.05038333393,0.1823182494,1.50973458,-0.3899661145,-0.0002779432705,0
cross_seed,cross-seed selected (s1@4k vs s2@6k),1,4000,2,6000,11,attention,q_proj,0.01152091143,0.05266034664,0.03373056064,0.04083007565,0.2104772309,1.561205792,0.2363930503,-5.939721929e-05,1
cross_seed,cross-seed selected (s1@4k vs s2@6k),1,4000,2,6000,11,attention,k_proj,0.009202976834,0.01903472226,0.01219912979,0.01472440327,0.2070043947,1.560334433,1.14390782,-9.639288468e-06,1
cross_seed,cross-seed selected (s1@4k vs s2@6k),1,4000,2,6000,11,attention,v_proj,0.01657672864,0.02017661121,0.01305727986,0.01559987742,0.1947264351,1.545238474,0.3478429038,-1.856822565e-05,0
cross_seed,cross-seed selected (s1@4k vs s2@6k),1,4000,2,6000,11,attention,o_proj,0.02181542508,0.05659124152,0.03618376506,0.04430863419,0.2245446019,1.563995384,-0.8549516964,-1.224042793e-06,-1
cross_seed,cross-seed selected (s1@4k vs s2@6k),1,4000,2,6000,11,mlp,gate_proj,0.01508606714,0.1186614399,0.07548203107,0.09270453397,0.2281669248,1.572048847,2.090289391,7.043962771e-05,2
cross_seed,cross-seed selected (s1@4k vs s2@6k),1,4000,2,6000,11,mlp,up_proj,0.02459237104,0.1231372361,0.07854723958,0.09678334391,0.2321673484,1.567683814,0.9316188033,0.0001671669159,1
cross_seed,cross-seed selected (s1@4k vs s2@6k),1,4000,2,6000,11,mlp,down_proj,0.05317639862,0.06554991911,0.04330366644,0.05156617737,0.1908039575,1.51372677,-0.1837638681,-0.000230490892,0
cross_seed,cross-seed selected (s1@4k vs s2@6k),1,4000,2,6000,12,attention,q_proj,0.01526772828,0.05823480653,0.03766774368,0.04499091471,0.1944149108,1.546012605,0.8139242358,-0.0001561075587,0
cross_seed,cross-seed selected (s1@4k vs s2@6k),1,4000,2,6000,12,attention,k_proj,0.0003907179689,0.0195691266,0.01190068357,0.0155392714,0.305746121,1.644369963,0.01483791954,4.342215972e-05,0
cross_seed,cross-seed selected (s1@4k vs s2@6k),1,4000,2,6000,12,attention,v_proj,0.01221054106,0.02115441408,0.01315115416,0.01673110371,0.2722156177,1.60855951,-2.842565262,3.064990771e-05,-2
cross_seed,cross-seed selected (s1@4k vs s2@6k),1,4000,2,6000,12,attention,o_proj,0.01454282624,0.05784094091,0.03731085029,0.04474406804,0.1992240247,1.550244512,0.7611929226,-0.0001291778755,2
cross_seed,cross-seed selected (s1@4k vs s2@6k),1,4000,2,6000,12,mlp,gate_proj,0.01542190572,0.123379905,0.07587355033,0.0984695212,0.2978109074,1.626125369,-2.302333984,0.001586997921,-2
cross_seed,cross-seed selected (s1@4k vs s2@6k),1,4000,2,6000,12,mlp,up_proj,0.01767591691,0.1226922697,0.07934935323,0.09499231772,0.1971404158,1.546228982,0.2198786113,-0.0006313135283,0
cross_seed,cross-seed selected (s1@4k vs s2@6k),1,4000,2,6000,12,mlp,down_proj,0.03513803615,0.06589505521,0.04429891705,0.05036423189,0.1369179032,1.487509393,-0.4901836892,-0.0006096323349,-1
cross_seed,cross-seed selected (s1@4k vs s2@6k),1,4000,2,6000,13,attention,q_proj,0.007670134949,0.0516171074,0.03161832732,0.04104283508,0.2980710417,1.632505948,-1.102032148,0.0002766067168,-1
cross_seed,cross-seed selected (s1@4k vs s2@6k),1,4000,2,6000,13,attention,k_proj,0.004738537878,0.01882335995,0.01172985245,0.01477742091,0.2598130266,1.604739704,-0.2195790886,1.791568912e-05,0
cross_seed,cross-seed selected (s1@4k vs s2@6k),1,4000,2,6000,13,attention,v_proj,0.007229206029,0.01996787911,0.01303988842,0.01521664856,0.1669308867,1.531292176,-0.3113473369,-3.522566899e-05,0
cross_seed,cross-seed selected (s1@4k vs s2@6k),1,4000,2,6000,13,attention,o_proj,0.0181697664,0.05722983972,0.0382804877,0.04324366854,0.1296530202,1.495013339,-1.638624483,-0.0004913528147,-1
cross_seed,cross-seed selected (s1@4k vs s2@6k),1,4000,2,6000,13,mlp,gate_proj,0.01366627949,0.1224296394,0.07517929523,0.09766150301,0.2990478657,1.628502089,-2.678752407,0.001585262327,-2
cross_seed,cross-seed selected (s1@4k vs s2@6k),1,4000,2,6000,13,mlp,up_proj,0.004361322521,0.1266569834,0.08183216918,0.09702961702,0.1857148356,1.547765196,-0.7715001652,-0.0009443236211,0
cross_seed,cross-seed selected (s1@4k vs s2@6k),1,4000,2,6000,13,mlp,down_proj,0.03061127942,0.06479513392,0.0439994443,0.0489312503,0.1120879156,1.472635279,0.4654132128,-0.0007632318884,0
cross_seed,cross-seed selected (s1@4k vs s2@6k),1,4000,2,6000,14,attention,q_proj,0.02086410507,0.04897152946,0.0309622913,0.03859286509,0.2464473226,1.581650692,-0.1625275155,7.676257502e-05,1
cross_seed,cross-seed selected (s1@4k vs s2@6k),1,4000,2,6000,14,attention,k_proj,-0.0003416406153,0.01902136105,0.01208952471,0.0146810863,0.2143642243,1.573375423,0.05302497396,-5.568311071e-06,1
cross_seed,cross-seed selected (s1@4k vs s2@6k),1,4000,2,6000,14,attention,v_proj,0.01046262493,0.02063919851,0.01297663826,0.01618574814,0.2472990169,1.590488854,-0.1722793877,1.401898136e-05,0
cross_seed,cross-seed selected (s1@4k vs s2@6k),1,4000,2,6000,14,attention,o_proj,0.002170334332,0.05573100677,0.03625499353,0.04240511634,0.1696351927,1.537195331,-0.1078780885,-0.0002598681618,0
cross_seed,cross-seed selected (s1@4k vs s2@6k),1,4000,2,6000,14,mlp,gate_proj,0.01504400414,0.1225801812,0.0783989843,0.09541791486,0.2170810082,1.563542976,-0.3609262391,-0.0001733962033,0
cross_seed,cross-seed selected (s1@4k vs s2@6k),1,4000,2,6000,14,mlp,up_proj,0.006117546467,0.1274038934,0.08181600633,0.09816393364,0.1998133134,1.557200103,1.572333712,-0.0006069826476,1
cross_seed,cross-seed selected (s1@4k vs s2@6k),1,4000,2,6000,14,mlp,down_proj,0.02377779271,0.06423299353,0.04259390199,0.0491029409,0.1528162157,1.508032618,-0.4825693724,-0.0004647551456,-1
cross_seed,cross-seed selected (s1@4k vs s2@6k),1,4000,2,6000,15,attention,q_proj,0.008521631966,0.04926760571,0.03031136674,0.03909880616,0.2899057468,1.625383841,-0.1532324795,0.0002251517594,0
cross_seed,cross-seed selected (s1@4k vs s2@6k),1,4000,2,6000,15,attention,k_proj,0.01872893013,0.01796368203,0.01094870773,0.01444801091,0.3196087853,1.640712536,-1.74999767,4.328308423e-05,-2
cross_seed,cross-seed selected (s1@4k vs s2@6k),1,4000,2,6000,15,attention,v_proj,0.01204891852,0.02056392085,0.01355102753,0.01563166727,0.1535411048,1.517517458,1.085679675,-4.658119033e-05,1
cross_seed,cross-seed selected (s1@4k vs s2@6k),1,4000,2,6000,15,attention,o_proj,0.003442428299,0.05899349866,0.03879241444,0.04457900443,0.1491680804,1.520748309,0.5466199232,-0.0004044144421,0
cross_seed,cross-seed selected (s1@4k vs s2@6k),1,4000,2,6000,15,mlp,gate_proj,0.01724937274,0.1203731163,0.0777329926,0.09325965117,0.1997434816,1.54854602,0.1132672328,-0.0005494270829,0
cross_seed,cross-seed selected (s1@4k vs s2@6k),1,4000,2,6000,15,mlp,up_proj,0.02322702332,0.1246540272,0.0794325713,0.09793086606,0.2328804728,1.569306208,-0.9103941544,0.0001875578827,-1
cross_seed,cross-seed selected (s1@4k vs s2@6k),1,4000,2,6000,15,mlp,down_proj,0.01663123779,0.06502998755,0.04267936706,0.04977991096,0.1663694753,1.523686784,0.02689219266,-0.0003809241188,-1
cross_seed,cross-seed selected (s1@4k vs s2@6k),1,4000,2,6000,16,attention,q_proj,0.01138541721,0.05221801357,0.03352276159,0.04042029035,0.2057565794,1.557688302,-1.174463822,-7.785325147e-05,-1
cross_seed,cross-seed selected (s1@4k vs s2@6k),1,4000,2,6000,16,attention,k_proj,0.009841325501,0.01994426932,0.01281723503,0.01540711616,0.202062389,1.556050839,0.8022033762,-1.356833587e-05,0
cross_seed,cross-seed selected (s1@4k vs s2@6k),1,4000,2,6000,16,attention,v_proj,0.005223107953,0.02105649763,0.01414257126,0.0156741639,0.1082966182,1.488873362,1.306831448,-8.137327885e-05,0
cross_seed,cross-seed selected (s1@4k vs s2@6k),1,4000,2,6000,16,attention,o_proj,-0.001173023711,0.05743449851,0.03778015291,0.04321517477,0.1438591812,1.520229382,0.6563680724,-0.0004095913458,1
cross_seed,cross-seed selected (s1@4k vs s2@6k),1,4000,2,6000,16,mlp,gate_proj,0.0164883422,0.1218750764,0.07859175008,0.09445458472,0.2018384198,1.550736258,-0.550276246,-0.0005151203876,0
cross_seed,cross-seed selected (s1@4k vs s2@6k),1,4000,2,6000,16,mlp,up_proj,0.01089089517,0.1224507294,0.07957319687,0.09394206864,0.1805742679,1.53884391,1.1396949,-0.001008190903,1
cross_seed,cross-seed selected (s1@4k vs s2@6k),1,4000,2,6000,16,mlp,down_proj,0.02582785535,0.06474852188,0.04346010954,0.04913133404,0.1304926415,1.489837982,0.07783324709,-0.0006279507176,0
cross_seed,cross-seed selected (s1@4k vs s2@6k),1,4000,2,6000,17,attention,q_proj,0.000798287953,0.05203798234,0.03291638053,0.04033091903,0.2252537607,1.580914472,1.369348789,1.804468754e-06,1
cross_seed,cross-seed selected (s1@4k vs s2@6k),1,4000,2,6000,17,attention,k_proj,0.001315074959,0.01829023075,0.01172622615,0.01405210135,0.1983481447,1.559771278,1.131007276,-1.319172448e-05,0
cross_seed,cross-seed selected (s1@4k vs s2@6k),1,4000,2,6000,17,attention,v_proj,0.004807311165,0.02063362043,0.01376039063,0.01544153072,0.1221724104,1.4994938,0.4588262054,-6.826329599e-05,1
cross_seed,cross-seed selected (s1@4k vs s2@6k),1,4000,2,6000,17,attention,o_proj,0.00846481482,0.05814985797,0.03790443121,0.04442032137,0.1719031247,1.534117677,0.775769534,-0.0002726316784,1
cross_seed,cross-seed selected (s1@4k vs s2@6k),1,4000,2,6000,17,mlp,gate_proj,-0.0007427221376,0.1183633841,0.07545536392,0.09113815646,0.2078419841,1.568654341,-0.9120285552,-0.000351543343,0
cross_seed,cross-seed selected (s1@4k vs s2@6k),1,4000,2,6000,17,mlp,up_proj,0.01285356046,0.1211376539,0.07925800328,0.09263500137,0.1687778841,1.528396489,0.6508468366,-0.001260798227,0
cross_seed,cross-seed selected (s1@4k vs s2@6k),1,4000,2,6000,17,mlp,down_proj,0.02174692183,0.06675567035,0.0448167032,0.05045929502,0.1259037684,1.489526574,-1.105641857,-0.0006988935179,-1
cross_seed,cross-seed selected (s1@4k vs s2@6k),1,4000,2,6000,18,attention,q_proj,0.02007300224,0.06476180492,0.04273844544,0.04952258485,0.1587362231,1.515305581,0.555558756,-0.0004305021395,1
cross_seed,cross-seed selected (s1@4k vs s2@6k),1,4000,2,6000,18,attention,k_proj,0.001757482576,0.02216643003,0.01408816227,0.01713834837,0.2165070247,1.573408199,-1.602722507,-6.014182361e-06,-1
cross_seed,cross-seed selected (s1@4k vs s2@6k),1,4000,2,6000,18,attention,v_proj,0.01300788235,0.02022189835,0.01348230147,0.01524798303,0.1309629198,1.499884749,-0.7475578799,-6.014334773e-05,0
cross_seed,cross-seed selected (s1@4k vs s2@6k),1,4000,2,6000,18,attention,o_proj,0.01464768122,0.05855945601,0.03928968579,0.04400201176,0.1199379908,1.49045366,-0.03712301166,-0.0005680979944,0
cross_seed,cross-seed selected (s1@4k vs s2@6k),1,4000,2,6000,18,mlp,gate_proj,0.01634318515,0.122964668,0.07994927788,0.09474178948,0.1850237051,1.538033504,0.7632327191,-0.0009170430816,1
cross_seed,cross-seed selected (s1@4k vs s2@6k),1,4000,2,6000,18,mlp,up_proj,0.001990720526,0.130829047,0.08569307385,0.09902890238,0.1556231785,1.526716701,0.03690353513,-0.001809918614,-1
cross_seed,cross-seed selected (s1@4k vs s2@6k),1,4000,2,6000,18,mlp,down_proj,0.04069751739,0.06904067129,0.04677116745,0.05272369656,0.1272692009,1.476137438,0.2214924156,-0.0007511070334,1
cross_seed,cross-seed selected (s1@4k vs s2@6k),1,4000,2,6000,19,attention,q_proj,0.02084753649,0.05745589157,0.03631126485,0.04529063458,0.2472888171,1.582315896,-0.3809517241,0.0001097175491,-1
cross_seed,cross-seed selected (s1@4k vs s2@6k),1,4000,2,6000,19,attention,k_proj,0.00928208784,0.01954089084,0.01246288225,0.01516680654,0.2169581838,1.567927102,-0.7722246165,-4.451334841e-06,0
cross_seed,cross-seed selected (s1@4k vs s2@6k),1,4000,2,6000,19,attention,v_proj,0.005611824119,0.02066022079,0.01392116088,0.01534416732,0.1022189495,1.484087496,1.652616435,-8.274238644e-05,2
cross_seed,cross-seed selected (s1@4k vs s2@6k),1,4000,2,6000,19,attention,o_proj,0.008500226894,0.06065788613,0.04066838393,0.04535214781,0.1151696581,1.49152438,0.01807786311,-0.0006350509102,0
cross_seed,cross-seed selected (s1@4k vs s2@6k),1,4000,2,6000,19,mlp,gate_proj,0.0008534585163,0.1267157313,0.07967217132,0.09860340325,0.237614108,1.590464138,-0.2836902887,0.0002997995927,0
cross_seed,cross-seed selected (s1@4k vs s2@6k),1,4000,2,6000,19,mlp,up_proj,0.02002537282,0.1357623176,0.08981403951,0.1036223289,0.1537431064,1.511593492,-0.33275691,-0.002040603361,-1
cross_seed,cross-seed selected (s1@4k vs s2@6k),1,4000,2,6000,19,mlp,down_proj,0.03583554394,0.07183989741,0.04840431322,0.05484770195,0.1331160036,1.484163138,0.07615161252,-0.0007581295276,1
cross_seed,cross-seed selected (s1@4k vs s2@6k),1,4000,2,6000,20,attention,q_proj,0.01361771423,0.05825773392,0.03649698228,0.04590824704,0.2578641895,1.596234271,-0.3926292708,0.0001636628328,0
cross_seed,cross-seed selected (s1@4k vs s2@6k),1,4000,2,6000,20,attention,k_proj,0.009200253851,0.0185301433,0.01189868923,0.01431508215,0.2030805983,1.557326437,-0.8664525178,-1.117431704e-05,0
cross_seed,cross-seed selected (s1@4k vs s2@6k),1,4000,2,6000,20,attention,v_proj,0.0001427944334,0.01934407166,0.01251589563,0.01475120984,0.1785980224,1.54556032,-0.7833426285,-2.60352506e-05,-1
cross_seed,cross-seed selected (s1@4k vs s2@6k),1,4000,2,6000,20,attention,o_proj,0.0291774863,0.05831329437,0.03866185874,0.04479696343,0.1586862322,1.508289986,-0.3357609042,-0.0003525516352,0
cross_seed,cross-seed selected (s1@4k vs s2@6k),1,4000,2,6000,20,mlp,gate_proj,0.01816528734,0.1280838981,0.08157133212,0.1002430868,0.2289009413,1.570207262,-0.4664271291,0.0001002250328,0
cross_seed,cross-seed selected (s1@4k vs s2@6k),1,4000,2,6000,20,mlp,up_proj,0.002103127332,0.1289979094,0.08345252908,0.09854302031,0.1808272488,1.545763931,-0.3086075235,-0.001102662048,0
cross_seed,cross-seed selected (s1@4k vs s2@6k),1,4000,2,6000,20,mlp,down_proj,0.03704195834,0.06849058839,0.04579676649,0.05265221273,0.1496928008,1.49553328,0.04831773284,-0.0005598543743,0
cross_seed,cross-seed selected (s1@4k vs s2@6k),1,4000,2,6000,21,attention,q_proj,-0.005048453333,0.05643055128,0.03642402126,0.04291752575,0.1782753324,1.54926747,-0.2198795314,-0.0002220128452,-1
cross_seed,cross-seed selected (s1@4k vs s2@6k),1,4000,2,6000,21,attention,k_proj,0.007924759954,0.01905236275,0.01259181096,0.01439834577,0.143469022,1.513075665,1.883023861,-4.571056709e-05,1
cross_seed,cross-seed selected (s1@4k vs s2@6k),1,4000,2,6000,21,attention,v_proj,0.004072915029,0.01973830787,0.01299063051,0.01491383554,0.1480455496,1.519426471,0.5173299614,-4.600304352e-05,1
cross_seed,cross-seed selected (s1@4k vs s2@6k),1,4000,2,6000,21,attention,o_proj,0.02612666808,0.05594149655,0.03755053115,0.04245842728,0.1307011108,1.489765786,-0.7363408778,-0.0004677927074,0
cross_seed,cross-seed selected (s1@4k vs s2@6k),1,4000,2,6000,21,mlp,gate_proj,-0.0008991603506,0.1219939818,0.0774622789,0.09417541146,0.2157583381,1.574882427,0.2352650972,-0.000198177702,0
cross_seed,cross-seed selected (s1@4k vs s2@6k),1,4000,2,6000,21,mlp,up_proj,0.004133298983,0.1279956375,0.08286245594,0.09789665422,0.1814355864,1.544675886,-0.5650079047,-0.001072355099,0
cross_seed,cross-seed selected (s1@4k vs s2@6k),1,4000,2,6000,21,mlp,down_proj,0.0238337081,0.06631799828,0.04320105479,0.05135663133,0.1887818845,1.535101367,-0.07189726634,-0.0002428411811,0
cross_seed,cross-seed selected (s1@4k vs s2@6k),1,4000,2,6000,22,attention,q_proj,-0.01114293947,0.05360986039,0.03391758607,0.04114021498,0.2129464313,1.580591858,0.1236668026,-4.975407889e-05,0
cross_seed,cross-seed selected (s1@4k vs s2@6k),1,4000,2,6000,22,attention,k_proj,0.002914813515,0.01930660777,0.01231559846,0.0149044022,0.2102052736,1.56765486,-0.9645088218,-8.067718187e-06,-1
cross_seed,cross-seed selected (s1@4k vs s2@6k),1,4000,2,6000,22,attention,v_proj,0.004669658338,0.01952238853,0.01235902858,0.01517000535,0.2274431804,1.579605419,0.06876219846,1.48209949e-06,1
cross_seed,cross-seed selected (s1@4k vs s2@6k),1,4000,2,6000,22,attention,o_proj,0.008767869399,0.0527278695,0.03425851725,0.04038369296,0.178792785,1.539117094,-0.1036153668,-0.0001942565078,0
cross_seed,cross-seed selected (s1@4k vs s2@6k),1,4000,2,6000,22,mlp,gate_proj,0.02475506884,0.1188826486,0.07379720891,0.09504913499,0.2879773693,1.610936922,-1.538699161,0.001294056708,-2
cross_seed,cross-seed selected (s1@4k vs s2@6k),1,4000,2,6000,22,mlp,up_proj,0.002512626435,0.1237495248,0.07894315896,0.09549768252,0.209701813,1.567577564,-0.7214210603,-0.0003428531143,-1
cross_seed,cross-seed selected (s1@4k vs s2@6k),1,4000,2,6000,22,mlp,down_proj,0.02441079366,0.06676464704,0.04379231715,0.0514762847,0.1754638268,1.524574432,0.09359091169,-0.0003399164262,0
cross_seed,cross-seed selected (s1@4k vs s2@6k),1,4000,2,6000,23,attention,q_proj,-0.005466314851,0.05046658559,0.03293447609,0.03805907224,0.1555997471,1.532333032,0.1224487928,-0.0002674311097,1
cross_seed,cross-seed selected (s1@4k vs s2@6k),1,4000,2,6000,23,attention,k_proj,-0.004635330228,0.01407409383,0.009002372304,0.01077673448,0.1970993999,1.563376114,-0.3080884101,-8.137826705e-06,-1
cross_seed,cross-seed selected (s1@4k vs s2@6k),1,4000,2,6000,23,attention,v_proj,-0.003574363979,0.02008098591,0.0137527891,0.01458331339,0.0603895168,1.460139159,0.6782624944,-0.0001063622507,1
cross_seed,cross-seed selected (s1@4k vs s2@6k),1,4000,2,6000,23,attention,o_proj,0.001955483606,0.05615347373,0.04052043825,0.03895484604,-0.03863709967,1.38580618,0.08758200376,-0.001415345036,0
cross_seed,cross-seed selected (s1@4k vs s2@6k),1,4000,2,6000,23,mlp,gate_proj,0.02760447992,0.1348268816,0.08418576158,0.1076635742,0.2788810382,1.601540202,-0.3113967948,0.001436347886,-1
cross_seed,cross-seed selected (s1@4k vs s2@6k),1,4000,2,6000,23,mlp,up_proj,0.01017428715,0.1379803867,0.08827364543,0.106950737,0.2115817405,1.563098318,-0.2472692258,-0.0003755989383,0
cross_seed,cross-seed selected (s1@4k vs s2@6k),1,4000,2,6000,23,mlp,down_proj,0.02664723654,0.07415001515,0.04963938743,0.05642180545,0.1366337976,1.493773775,0.3000316437,-0.0007678636084,1
cross_seed,cross-seed selected (s1@4k vs s2@6k),1,4000,2,6000,24,attention,q_proj,0.01701130599,0.05452526897,0.03502479733,0.04238844281,0.2102409163,1.55676187,-0.9938956636,-6.509315962e-05,-1
cross_seed,cross-seed selected (s1@4k vs s2@6k),1,4000,2,6000,24,attention,k_proj,0.007690996923,0.01908553869,0.01153452204,0.01529464694,0.3259887912,1.654644954,-1.053787009,5.139998696e-05,-1
cross_seed,cross-seed selected (s1@4k vs s2@6k),1,4000,2,6000,24,attention,v_proj,0.002796320061,0.0200691658,0.01276722967,0.01552022698,0.2156299669,1.571927999,-1.526741929,-5.459685772e-06,-2
cross_seed,cross-seed selected (s1@4k vs s2@6k),1,4000,2,6000,24,attention,o_proj,0.02493989811,0.05803762278,0.04020663826,0.04286917282,0.06622126798,1.443483596,1.299573549,-0.0008790706366,1
cross_seed,cross-seed selected (s1@4k vs s2@6k),1,4000,2,6000,24,mlp,gate_proj,0.03063120351,0.1341869491,0.09142469487,0.1010628776,0.1054220932,1.467731987,0.1350883758,-0.003480183605,0
cross_seed,cross-seed selected (s1@4k vs s2@6k),1,4000,2,6000,24,mlp,up_proj,0.02720004179,0.13331469,0.09135073733,0.09961364435,0.09045254872,1.4593718,-0.007579478117,-0.003885133216,0
cross_seed,cross-seed selected (s1@4k vs s2@6k),1,4000,2,6000,24,mlp,down_proj,0.04888652628,0.07425350983,0.05208551665,0.05552897734,0.06611167402,1.425607628,-0.07095352687,-0.001476187299,0
cross_seed,cross-seed selected (s1@4k vs s2@6k),1,4000,2,6000,25,attention,q_proj,0.04208618542,0.06401836044,0.04423506373,0.04817664468,0.08910535256,1.447231111,-0.3925382022,-0.0009195929486,0
cross_seed,cross-seed selected (s1@4k vs s2@6k),1,4000,2,6000,25,attention,k_proj,0.007412717738,0.02335602358,0.01521112214,0.01783670324,0.1726092977,1.535456975,-0.3963186615,-4.333211414e-05,0
cross_seed,cross-seed selected (s1@4k vs s2@6k),1,4000,2,6000,25,attention,v_proj,0.0009281223252,0.02160583584,0.01456331225,0.01597353726,0.0968340842,1.483579798,0.5650045681,-9.431099762e-05,1
cross_seed,cross-seed selected (s1@4k vs s2@6k),1,4000,2,6000,25,attention,o_proj,0.01373113649,0.05519281564,0.03757600199,0.0409456185,0.08967469467,1.468831507,-0.04731351687,-0.0006609434003,0
cross_seed,cross-seed selected (s1@4k vs s2@6k),1,4000,2,6000,25,mlp,gate_proj,0.007545981877,0.1275926914,0.08154706759,0.09874969595,0.2109533657,1.564650884,-0.5651912702,-0.0003356892452,-1
cross_seed,cross-seed selected (s1@4k vs s2@6k),1,4000,2,6000,25,mlp,up_proj,0.02240322508,0.1354428901,0.09469711733,0.09898086881,0.04523634513,1.430274689,0.5758721035,-0.005471155696,1
cross_seed,cross-seed selected (s1@4k vs s2@6k),1,4000,2,6000,25,mlp,down_proj,0.02142122547,0.06824607533,0.04758940743,0.04994604525,0.04952021765,1.434060204,-0.002058430839,-0.001351320353,0
cross_seed,cross-seed selected (s1@4k vs s2@6k),1,4000,2,6000,26,attention,q_proj,0.02471221247,0.05478918022,0.03606397699,0.0421469852,0.1686726954,1.519221805,0.9287153558,-0.0002615183505,1
cross_seed,cross-seed selected (s1@4k vs s2@6k),1,4000,2,6000,26,attention,k_proj,0.006815432327,0.0154087478,0.009796671435,0.01196043054,0.2208667626,1.572855423,0.2987366024,-1.381711439e-06,1
cross_seed,cross-seed selected (s1@4k vs s2@6k),1,4000,2,6000,26,attention,v_proj,-0.002047673195,0.01979970969,0.01352579197,0.01443197933,0.06699699058,1.463848455,-0.4362660259,-9.903096595e-05,1
cross_seed,cross-seed selected (s1@4k vs s2@6k),1,4000,2,6000,26,attention,o_proj,0.0008009889861,0.05379670152,0.03746511784,0.03863636795,0.03126241643,1.435914382,0.5355675206,-0.0009173287534,1
cross_seed,cross-seed selected (s1@4k vs s2@6k),1,4000,2,6000,26,mlp,gate_proj,0.0250802655,0.1236901315,0.0829178883,0.09388481583,0.132262504,1.491718301,-0.06124930948,-0.002244598909,1
cross_seed,cross-seed selected (s1@4k vs s2@6k),1,4000,2,6000,26,mlp,up_proj,0.002610303499,0.1327451111,0.08873844614,0.0989575496,0.1151598197,1.495914306,0.282911938,-0.003023816964,1
cross_seed,cross-seed selected (s1@4k vs s2@6k),1,4000,2,6000,26,mlp,down_proj,0.0236614032,0.06319021521,0.04439625497,0.04602913203,0.03677961273,1.423323099,-0.1064002553,-0.001254480306,-1
cross_seed,cross-seed selected (s1@4k vs s2@6k),1,4000,2,6000,27,attention,q_proj,0.03070068185,0.06523052769,0.03715957756,0.05476441077,0.4737630073,1.755416288,0.3193834053,0.001388560606,0
cross_seed,cross-seed selected (s1@4k vs s2@6k),1,4000,2,6000,27,attention,k_proj,0.01093034601,0.01702974903,0.01182191547,0.01238773972,0.04786231513,1.440523667,0.6201213122,-8.411728484e-05,1
cross_seed,cross-seed selected (s1@4k vs s2@6k),1,4000,2,6000,27,attention,v_proj,-0.003876834651,0.02003250381,0.01364856789,0.0146106676,0.0704908912,1.467736686,1.181866273,-9.875466559e-05,0
cross_seed,cross-seed selected (s1@4k vs s2@6k),1,4000,2,6000,27,attention,o_proj,0.01862868357,0.05197709016,0.03712858751,0.03707247968,-0.00151117592,1.399921022,0.1493414068,-0.001038181393,0
cross_seed,cross-seed selected (s1@4k vs s2@6k),1,4000,2,6000,27,mlp,gate_proj,0.01752359504,0.09981361857,0.06545806723,0.07650829496,0.1688138407,1.524848239,0.5425219356,-0.000859435682,1
cross_seed,cross-seed selected (s1@4k vs s2@6k),1,4000,2,6000,27,mlp,up_proj,0.00854237871,0.08239577964,0.05567196054,0.06122031132,0.0996614944,1.480022957,0.2582683002,-0.001349398611,1
cross_seed,cross-seed selected (s1@4k vs s2@6k),1,4000,2,6000,27,mlp,down_proj,0.02304881194,0.04137732566,0.03057533544,0.02859251064,-0.06485046772,1.35329098,0.06518322816,-0.0008754169619,0
cross_seed,cross-seed endpoint (s1@30k vs s2@30k),1,30000,2,30000,0,attention,q_proj,0.05624949541,0.1362181655,0.09230283289,0.1055041624,0.1430219327,1.475774483,-1.273710086,0.001331397775,-2
cross_seed,cross-seed endpoint (s1@30k vs s2@30k),1,30000,2,30000,0,attention,k_proj,0.0193658569,0.04713879478,0.03334917395,0.03396723496,0.01853302311,1.413492126,0.2463918677,1.810030066e-05,0
cross_seed,cross-seed endpoint (s1@30k vs s2@30k),1,30000,2,30000,0,attention,v_proj,0.01844709068,0.03510299132,0.02457387749,0.02552421682,0.03867274652,1.428467743,-0.5817543993,2.28445414e-05,0
cross_seed,cross-seed endpoint (s1@30k vs s2@30k),1,30000,2,30000,0,attention,o_proj,0.05062361535,0.09215602845,0.06669044361,0.06706689907,0.005644818618,1.381847585,2.329340484,1.201880686e-05,2
cross_seed,cross-seed endpoint (s1@30k vs s2@30k),1,30000,2,30000,0,mlp,gate_proj,0.038718339,0.1930529449,0.1413416553,0.1370852963,-0.03011397418,1.365860224,2.140703085,-0.0006802338284,1
cross_seed,cross-seed endpoint (s1@30k vs s2@30k),1,30000,2,30000,0,mlp,up_proj,0.0224801364,0.206522551,0.1487958645,0.1466018657,-0.01474502541,1.387958945,2.595412482,-0.000407758733,2
cross_seed,cross-seed endpoint (s1@30k vs s2@30k),1,30000,2,30000,0,mlp,down_proj,0.02993025389,0.09453263665,0.06749833342,0.06823561627,0.01092297856,1.400518085,0.1430343509,3.754076562e-05,0
cross_seed,cross-seed endpoint (s1@30k vs s2@30k),1,30000,2,30000,1,attention,q_proj,0.0002166556208,0.08140232839,0.0576064148,0.05752630689,-0.001390607433,1.413077496,0.09688199573,-1.537705672e-05,1
cross_seed,cross-seed endpoint (s1@30k vs s2@30k),1,30000,2,30000,1,attention,k_proj,0.001827304529,0.03282912102,0.02359971347,0.02286431074,-0.03116151117,1.391081339,-0.9150940163,-1.955252165e-05,0
cross_seed,cross-seed endpoint (s1@30k vs s2@30k),1,30000,2,30000,1,attention,v_proj,0.008329185101,0.03293826088,0.0230589119,0.02371338206,0.02838252571,1.428439513,-0.4877749215,1.423065483e-05,-1
cross_seed,cross-seed endpoint (s1@30k vs s2@30k),1,30000,2,30000,1,attention,o_proj,0.05787886351,0.08979599843,0.06475459687,0.0660713566,0.0203346139,1.386712338,0.7512871123,7.625598148e-05,-1
cross_seed,cross-seed endpoint (s1@30k vs s2@30k),1,30000,2,30000,1,mlp,gate_proj,0.1081856817,0.178273318,0.1325819356,0.1343815498,0.0135736001,1.34462751,-0.3854737813,0.0001939131441,-1
cross_seed,cross-seed endpoint (s1@30k vs s2@30k),1,30000,2,30000,1,mlp,up_proj,0.08593505354,0.176378959,0.1323830109,0.1284818352,-0.02946885416,1.332338325,0.7403243841,-0.0005853227078,1
cross_seed,cross-seed endpoint (s1@30k vs s2@30k),1,30000,2,30000,1,mlp,down_proj,0.04560110122,0.1056946984,0.07561437108,0.07737864403,0.02333250845,1.397812307,-0.3029248679,0.0001222024086,0
cross_seed,cross-seed endpoint (s1@30k vs s2@30k),1,30000,2,30000,2,attention,q_proj,0.003566575696,0.08656884491,0.06086558319,0.06177675047,0.01497015615,1.422295497,1.222636662,4.632803486e-05,0
cross_seed,cross-seed endpoint (s1@30k vs s2@30k),1,30000,2,30000,2,attention,k_proj,0.006084365098,0.0337065257,0.02279161335,0.02497194586,0.0956638073,1.478900383,-0.1856339524,5.252395292e-05,0
cross_seed,cross-seed endpoint (s1@30k vs s2@30k),1,30000,2,30000,2,attention,v_proj,0.02188646613,0.03274299276,0.02336926943,0.02345144508,0.003516398006,1.401113238,-0.7938051864,2.607759417e-07,-2
cross_seed,cross-seed endpoint (s1@30k vs s2@30k),1,30000,2,30000,2,attention,o_proj,0.04323576448,0.08934160998,0.064667379,0.06450389011,-0.002528150977,1.38155607,0.8911619372,-2.431778742e-05,0
cross_seed,cross-seed endpoint (s1@30k vs s2@30k),1,30000,2,30000,2,mlp,gate_proj,0.114173127,0.2111301847,0.1637541946,0.1532699935,-0.06402401541,1.289311612,1.265578977,-0.001814686609,3
cross_seed,cross-seed endpoint (s1@30k vs s2@30k),1,30000,2,30000,2,mlp,up_proj,0.1143094374,0.2065311099,0.1553543238,0.1550009388,-0.002274703394,1.329419773,-0.393323228,-0.0001339965651,-1
cross_seed,cross-seed endpoint (s1@30k vs s2@30k),1,30000,2,30000,2,mlp,down_proj,0.04662263557,0.1059552889,0.07541101201,0.07802803221,0.03470342244,1.405037356,-1.445508608,0.0001907827027,0
cross_seed,cross-seed endpoint (s1@30k vs s2@30k),1,30000,2,30000,3,attention,q_proj,0.01061038878,0.08476631221,0.05913045186,0.06136709559,0.03782558164,1.433547513,-0.72541306,0.0001290688844,-1
cross_seed,cross-seed endpoint (s1@30k vs s2@30k),1,30000,2,30000,3,attention,k_proj,0.009400916834,0.03333828281,0.02342468147,0.0239430694,0.02212998812,1.423211788,-0.2739256197,1.102566929e-05,1
cross_seed,cross-seed endpoint (s1@30k vs s2@30k),1,30000,2,30000,3,attention,v_proj,0.02986502095,0.03384245861,0.02452858477,0.02406058045,-0.0190799562,1.379715093,1.59649104,-1.374857313e-05,2
cross_seed,cross-seed endpoint (s1@30k vs s2@30k),1,30000,2,30000,3,attention,o_proj,0.0350901475,0.09333934236,0.06749844846,0.06688056214,-0.0091540819,1.382836858,0.05374093689,-5.772122889e-05,0
cross_seed,cross-seed endpoint (s1@30k vs s2@30k),1,30000,2,30000,3,mlp,gate_proj,0.09694363575,0.2364222025,0.1754193652,0.1764194073,0.00570086483,1.347754292,-0.5527567674,8.49598689e-05,0
cross_seed,cross-seed endpoint (s1@30k vs s2@30k),1,30000,2,30000,3,mlp,up_proj,0.03694921249,0.2376642818,0.1662452446,0.1760972172,0.05926168113,1.429600482,-1.549040741,0.001666596146,-2
cross_seed,cross-seed endpoint (s1@30k vs s2@30k),1,30000,2,30000,3,mlp,down_proj,0.03556643528,0.1174324543,0.08197769748,0.08704971102,0.06187065128,1.432492713,-1.024651155,0.0004245987809,-1
cross_seed,cross-seed endpoint (s1@30k vs s2@30k),1,30000,2,30000,4,attention,q_proj,0.005784121483,0.08032939639,0.056944174,0.05698871773,0.0007822351236,1.41066927,-1.568063102,-7.696564414e-06,-1
cross_seed,cross-seed endpoint (s1@30k vs s2@30k),1,30000,2,30000,4,attention,k_proj,0.009306817795,0.03071802019,0.02133573122,0.02229885661,0.04514142862,1.439745368,-0.2892995503,2.041300846e-05,0
cross_seed,cross-seed endpoint (s1@30k vs s2@30k),1,30000,2,30000,4,attention,v_proj,0.03298620581,0.03165615589,0.02232010757,0.02319660018,0.03926919277,1.418279719,-0.6707289901,1.916759639e-05,-1
cross_seed,cross-seed endpoint (s1@30k vs s2@30k),1,30000,2,30000,4,attention,o_proj,0.05544824504,0.0862223515,0.06248587035,0.06297787554,0.0078738631,1.379869577,0.2573194078,1.966819992e-05,0
cross_seed,cross-seed endpoint (s1@30k vs s2@30k),1,30000,2,30000,4,mlp,gate_proj,0.1078135229,0.2320950259,0.1741982453,0.1732988722,-0.005162928653,1.332361445,0.99573142,-0.0002593297024,0
cross_seed,cross-seed endpoint (s1@30k vs s2@30k),1,30000,2,30000,4,mlp,up_proj,0.06826002329,0.2232770752,0.1643156162,0.1628038966,-0.009200097169,1.358830526,1.770817051,-0.0003433435273,3
cross_seed,cross-seed endpoint (s1@30k vs s2@30k),1,30000,2,30000,4,mlp,down_proj,0.09437737169,0.1043823679,0.07762545065,0.07749473766,-0.001683893432,1.344692585,-0.7306812566,-2.975759844e-05,0
cross_seed,cross-seed endpoint (s1@30k vs s2@30k),1,30000,2,30000,5,attention,q_proj,0.008015827628,0.07979596616,0.05677952641,0.05652374236,-0.004504864012,1.405365124,0.6227567853,-2.535486078e-05,0
cross_seed,cross-seed endpoint (s1@30k vs s2@30k),1,30000,2,30000,5,attention,k_proj,0.002113397117,0.02799499843,0.01988285274,0.01974973129,-0.00669528968,1.407997071,1.106569926,-4.00507726e-06,0
cross_seed,cross-seed endpoint (s1@30k vs s2@30k),1,30000,2,30000,5,attention,v_proj,0.02594923095,0.03079719908,0.02187859212,0.02224991423,0.01697193796,1.407640808,0.2364926873,6.998976144e-06,0
cross_seed,cross-seed endpoint (s1@30k vs s2@30k),1,30000,2,30000,5,attention,o_proj,0.06870394384,0.08737139728,0.0630355028,0.06498589601,0.03094118592,1.386066477,-0.8959421054,0.0001172376226,-1
cross_seed,cross-seed endpoint (s1@30k vs s2@30k),1,30000,2,30000,5,mlp,gate_proj,0.1240458472,0.2417835713,0.1867255573,0.1784988245,-0.04405788305,1.294860622,1.411707732,-0.001674315454,4
cross_seed,cross-seed endpoint (s1@30k vs s2@30k),1,30000,2,30000,5,mlp,up_proj,0.08447854806,0.223777462,0.1623870914,0.1682982204,0.0364014708,1.378049573,-0.4244324314,0.0009328993862,-1
cross_seed,cross-seed endpoint (s1@30k vs s2@30k),1,30000,2,30000,5,mlp,down_proj,0.1107949794,0.1035619081,0.07834566867,0.07696187622,-0.01766265408,1.321858755,1.150714209,-0.0001313772092,1
cross_seed,cross-seed endpoint (s1@30k vs s2@30k),1,30000,2,30000,6,attention,q_proj,0.01626725884,0.08382438611,0.05923741902,0.06027960196,0.01759332131,1.415058041,-0.6026780982,5.361638072e-05,0
cross_seed,cross-seed endpoint (s1@30k vs s2@30k),1,30000,2,30000,6,attention,k_proj,0.00328255943,0.0310895063,0.02194535309,0.02209393669,0.006770617841,1.416678336,-1.082027186,1.869077651e-06,-1
cross_seed,cross-seed endpoint (s1@30k vs s2@30k),1,30000,2,30000,6,attention,v_proj,0.03820126317,0.03554284916,0.02526871877,0.02597964838,0.02813477065,1.406594829,-2.431213801,1.691962988e-05,-2
cross_seed,cross-seed endpoint (s1@30k vs s2@30k),1,30000,2,30000,6,attention,o_proj,0.07297627446,0.09419582106,0.06905089461,0.0693058566,0.003692377811,1.364150625,0.564909047,3.152971635e-06,0
cross_seed,cross-seed endpoint (s1@30k vs s2@30k),1,30000,2,30000,6,mlp,gate_proj,0.07001292926,0.2393713369,0.1765543315,0.1744721633,-0.01179335698,1.35579419,2.098916809,-0.0004796226308,1
cross_seed,cross-seed endpoint (s1@30k vs s2@30k),1,30000,2,30000,6,mlp,up_proj,0.07743156306,0.2180703664,0.1607059092,0.1603732246,-0.002070145337,1.356953005,0.8185354004,-0.0001379021959,2
cross_seed,cross-seed endpoint (s1@30k vs s2@30k),1,30000,2,30000,6,mlp,down_proj,0.1186640918,0.1089095223,0.07988401811,0.0841096938,0.05289763564,1.363345572,0.4563371259,0.0003401876844,0
cross_seed,cross-seed endpoint (s1@30k vs s2@30k),1,30000,2,30000,7,attention,q_proj,0.01810239661,0.09155512335,0.06460665147,0.0660516515,0.02236611862,1.41711606,-2.353274275,8.491940437e-05,0
cross_seed,cross-seed endpoint (s1@30k vs s2@30k),1,30000,2,30000,7,attention,k_proj,0.01062989534,0.03506998351,0.02464281629,0.02521598764,0.0232591657,1.423132125,-0.03063982129,1.293189166e-05,-1
cross_seed,cross-seed endpoint (s1@30k vs s2@30k),1,30000,2,30000,7,attention,v_proj,0.02022366293,0.03391600273,0.024386909,0.02406896727,-0.01303739386,1.39074627,0.9269582777,-9.911017707e-06,1
cross_seed,cross-seed endpoint (s1@30k vs s2@30k),1,30000,2,30000,7,attention,o_proj,0.06403093453,0.0947622661,0.06900379465,0.06951742092,0.007443449543,1.373290651,-0.5172239079,2.183660742e-05,-1
cross_seed,cross-seed endpoint (s1@30k vs s2@30k),1,30000,2,30000,7,mlp,gate_proj,0.1080980366,0.2323390974,0.1757011538,0.172196386,-0.01994732389,1.322353851,1.127009907,-0.000732760514,1
cross_seed,cross-seed endpoint (s1@30k vs s2@30k),1,30000,2,30000,7,mlp,up_proj,0.05296075139,0.2236406612,0.1603509172,0.1646167681,0.02660322096,1.394695242,-3.223145763,0.0006392485773,-1
cross_seed,cross-seed endpoint (s1@30k vs s2@30k),1,30000,2,30000,7,mlp,down_proj,0.1994806633,0.1034448848,0.07943825068,0.08397507277,0.05711130407,1.302204969,-1.275243753,0.0003655908862,-1
cross_seed,cross-seed endpoint (s1@30k vs s2@30k),1,30000,2,30000,8,attention,q_proj,0.01295432714,0.09041850681,0.06406774726,0.06463840979,0.008907173314,1.411295241,-1.745871765,2.512691206e-05,-1
cross_seed,cross-seed endpoint (s1@30k vs s2@30k),1,30000,2,30000,8,attention,k_proj,0.01272416612,0.03364792,0.02421879968,0.0236689694,-0.02270262321,1.389330621,1.455452003,-1.55682664e-05,1
cross_seed,cross-seed endpoint (s1@30k vs s2@30k),1,30000,2,30000,8,attention,v_proj,0.03526241306,0.03510604716,0.0247086969,0.02582472468,0.04516740746,1.420797192,-1.876205975,2.739461276e-05,-1
cross_seed,cross-seed endpoint (s1@30k vs s2@30k),1,30000,2,30000,8,attention,o_proj,0.09202700562,0.09595803924,0.07120529841,0.07121106661,8.100794955e-05,1.347624985,1.139391677,-1.573536069e-05,2
cross_seed,cross-seed endpoint (s1@30k vs s2@30k),1,30000,2,30000,8,mlp,gate_proj,0.06542527225,0.2302851866,0.1678389965,0.1690376071,0.007141431396,1.372060078,0.6762992556,0.0001202717442,0
cross_seed,cross-seed endpoint (s1@30k vs s2@30k),1,30000,2,30000,8,mlp,up_proj,0.08615684184,0.2259112883,0.1648923842,0.1692815551,0.02661839694,1.370052895,1.842929478,0.000676411776,2
cross_seed,cross-seed endpoint (s1@30k vs s2@30k),1,30000,2,30000,8,mlp,down_proj,0.1878128713,0.1021140292,0.07815122234,0.08202095197,0.04951591953,1.306621012,-1.030470575,0.0003029979376,-1
cross_seed,cross-seed endpoint (s1@30k vs s2@30k),1,30000,2,30000,9,attention,q_proj,0.006620684274,0.09096683542,0.0637101472,0.06535377078,0.02579845848,1.427823344,0.246762246,9.742438152e-05,0
cross_seed,cross-seed endpoint (s1@30k vs s2@30k),1,30000,2,30000,9,attention,k_proj,0.005133337765,0.03602070913,0.02423803864,0.02677070601,0.1044914324,1.4861231,-0.6937685763,6.533838725e-05,0
cross_seed,cross-seed endpoint (s1@30k vs s2@30k),1,30000,2,30000,9,attention,v_proj,0.05516639344,0.03486040882,0.02526159564,0.02545688236,0.007730577354,1.379976519,-1.109802561,3.11868281e-06,-1
cross_seed,cross-seed endpoint (s1@30k vs s2@30k),1,30000,2,30000,9,attention,o_proj,0.04740070333,0.09389677605,0.06781185744,0.0682411585,0.006330766866,1.384666039,1.801836793,1.572815091e-05,1
cross_seed,cross-seed endpoint (s1@30k vs s2@30k),1,30000,2,30000,9,mlp,gate_proj,0.1291058413,0.2370558365,0.1790318487,0.180204243,0.006548523196,1.32409869,-0.03846496638,0.0001169385497,0
cross_seed,cross-seed endpoint (s1@30k vs s2@30k),1,30000,2,30000,9,mlp,up_proj,0.04845768135,0.2256707667,0.1645445649,0.1626212964,-0.01168843519,1.371487213,-0.193796792,-0.0004136699696,1
cross_seed,cross-seed endpoint (s1@30k vs s2@30k),1,30000,2,30000,9,mlp,down_proj,0.2292758867,0.1029048717,0.08355370002,0.08220585086,-0.01613153174,1.231601612,-0.43325373,-0.0001384901198,-1
cross_seed,cross-seed endpoint (s1@30k vs s2@30k),1,30000,2,30000,10,attention,q_proj,0.01372520865,0.09011845351,0.06512874192,0.06318661546,-0.02981980611,1.383697134,-0.9120185285,-0.0001431725084,0
cross_seed,cross-seed endpoint (s1@30k vs s2@30k),1,30000,2,30000,10,attention,k_proj,0.007115828598,0.03484950934,0.02436046992,0.02509493907,0.03015004035,1.430576235,-0.6781052022,1.700582855e-05,0
cross_seed,cross-seed endpoint (s1@30k vs s2@30k),1,30000,2,30000,10,attention,v_proj,0.05520983474,0.03524898545,0.02557610847,0.02570912134,0.005200668928,1.378199717,0.9209794041,1.463732243e-06,0
cross_seed,cross-seed endpoint (s1@30k vs s2@30k),1,30000,2,30000,10,attention,o_proj,0.08788651325,0.09407216205,0.06928611915,0.07001180856,0.01047380658,1.357734611,-0.6483472309,3.728809232e-05,-1
cross_seed,cross-seed endpoint (s1@30k vs s2@30k),1,30000,2,30000,10,mlp,gate_proj,0.1257853529,0.2397242843,0.1804343334,0.182152235,0.009520924282,1.328595727,-0.4043261098,0.0002202787467,0
cross_seed,cross-seed endpoint (s1@30k vs s2@30k),1,30000,2,30000,10,mlp,up_proj,0.05939735194,0.221747923,0.1625298168,0.1608140096,-0.01055687615,1.364352261,0.5432019456,-0.0003728453967,1
cross_seed,cross-seed endpoint (s1@30k vs s2@30k),1,30000,2,30000,10,mlp,down_proj,0.1562757163,0.1010247026,0.07705331584,0.07847781932,0.01848724446,1.3111013,-0.2421613276,9.633890999e-05,-1
cross_seed,cross-seed endpoint (s1@30k vs s2@30k),1,30000,2,30000,11,attention,q_proj,0.03415354245,0.09435502632,0.06877547084,0.06698887534,-0.02597721952,1.371928468,1.003990213,-0.000141270121,1
cross_seed,cross-seed endpoint (s1@30k vs s2@30k),1,30000,2,30000,11,attention,k_proj,0.01265183497,0.03559992528,0.02569543643,0.02496662264,-0.02836354984,1.385457117,1.583265378,-2.131434663e-05,1
cross_seed,cross-seed endpoint (s1@30k vs s2@30k),1,30000,2,30000,11,attention,v_proj,0.03179259458,0.03478809824,0.02527192176,0.02472389677,-0.02168513317,1.376551359,0.2167010116,-1.629047152e-05,1
cross_seed,cross-seed endpoint (s1@30k vs s2@30k),1,30000,2,30000,11,attention,o_proj,0.06107389891,0.09229913672,0.06728737145,0.06742165175,0.00199562409,1.371715594,-0.1185359265,-5.022210761e-06,-1
cross_seed,cross-seed endpoint (s1@30k vs s2@30k),1,30000,2,30000,11,mlp,gate_proj,0.07170269345,0.2263990152,0.171126923,0.1610071082,-0.05913631025,1.322988874,2.953914059,-0.001842009443,3
cross_seed,cross-seed endpoint (s1@30k vs s2@30k),1,30000,2,30000,11,mlp,up_proj,0.05406904401,0.2150078921,0.1570423606,0.1555903822,-0.009245775656,1.369107616,1.523724147,-0.0003147821366,1
cross_seed,cross-seed endpoint (s1@30k vs s2@30k),1,30000,2,30000,11,mlp,down_proj,0.1452552879,0.09828506744,0.07442220076,0.07591130369,0.02000885379,1.320641777,-0.2475029615,9.880985687e-05,0
cross_seed,cross-seed endpoint (s1@30k vs s2@30k),1,30000,2,30000,12,attention,q_proj,0.06272984658,0.1023638826,0.07836488383,0.07095727913,-0.09452709354,1.306246849,1.31053111,-0.0005950437691,2
cross_seed,cross-seed endpoint (s1@30k vs s2@30k),1,30000,2,30000,12,attention,k_proj,0.003243680172,0.03589351327,0.02575176637,0.0250874862,-0.02579551856,1.393827233,-0.4295215649,-1.968388828e-05,0
cross_seed,cross-seed endpoint (s1@30k vs s2@30k),1,30000,2,30000,12,attention,v_proj,0.03400445994,0.03536774978,0.02529084448,0.02559844352,0.01216246613,1.39844084,-2.293688671,6.104853935e-06,-2
cross_seed,cross-seed endpoint (s1@30k vs s2@30k),1,30000,2,30000,12,attention,o_proj,0.05180094246,0.09238653234,0.06714621832,0.06702943611,-0.001739222391,1.375900753,0.8045427905,-2.252463366e-05,1
cross_seed,cross-seed endpoint (s1@30k vs s2@30k),1,30000,2,30000,12,mlp,gate_proj,0.06985918061,0.2212408465,0.1601712169,0.1642185017,0.02526848985,1.381277178,-1.185101045,0.0006012628907,-1
cross_seed,cross-seed endpoint (s1@30k vs s2@30k),1,30000,2,30000,12,mlp,up_proj,0.03553094911,0.2096043219,0.1513489793,0.1504857274,-0.005703717855,1.384907403,0.4811051762,-0.0002085793389,1
cross_seed,cross-seed endpoint (s1@30k vs s2@30k),1,30000,2,30000,12,mlp,down_proj,0.1038528615,0.09938226889,0.07598686616,0.0724290904,-0.04682093025,1.307887454,0.01087901028,-0.0002931184377,0
cross_seed,cross-seed endpoint (s1@30k vs s2@30k),1,30000,2,30000,13,attention,q_proj,0.02868250989,0.09117695085,0.06366202726,0.06712312968,0.05436682705,1.432203069,-1.617434819,0.0002225806594,-1
cross_seed,cross-seed endpoint (s1@30k vs s2@30k),1,30000,2,30000,13,attention,k_proj,0.01004688679,0.0340807407,0.024460419,0.02397853814,-0.01970043397,1.39330159,1.404645029,-1.405105411e-05,0
cross_seed,cross-seed endpoint (s1@30k vs s2@30k),1,30000,2,30000,13,attention,v_proj,0.01874163288,0.03229164954,0.02343008534,0.02266465642,-0.03266863546,1.378213057,0.07046325247,-2.010586601e-05,0
cross_seed,cross-seed endpoint (s1@30k vs s2@30k),1,30000,2,30000,13,attention,o_proj,0.03048279759,0.09157080473,0.06825335912,0.06316262885,-0.07458578347,1.34163074,-1.452635039,-0.000362904631,0
cross_seed,cross-seed endpoint (s1@30k vs s2@30k),1,30000,2,30000,13,mlp,gate_proj,0.06109403948,0.2202530604,0.1578623686,0.1635401891,0.03596690326,1.395222068,-1.722163291,0.0008699592606,-1
cross_seed,cross-seed endpoint (s1@30k vs s2@30k),1,30000,2,30000,13,mlp,up_proj,0.02185755445,0.2115327967,0.1526664512,0.1497958301,-0.0188032216,1.38558796,-0.3129044403,-0.000526014345,-1
cross_seed,cross-seed endpoint (s1@30k vs s2@30k),1,30000,2,30000,13,mlp,down_proj,0.07135645562,0.095729016,0.07113747828,0.06933551969,-0.02533065043,1.345690321,0.9705583423,-0.0001478230232,1
cross_seed,cross-seed endpoint (s1@30k vs s2@30k),1,30000,2,30000,14,attention,q_proj,0.0303164003,0.08330793636,0.05970091086,0.05994157161,0.00403110694,1.39542153,0.5827467585,3.61797549e-06,1
cross_seed,cross-seed endpoint (s1@30k vs s2@30k),1,30000,2,30000,14,attention,k_proj,0.0004658968113,0.0330136713,0.02342127092,0.02327776987,-0.006126954333,1.409559345,0.1366278594,-5.235120091e-06,1
cross_seed,cross-seed endpoint (s1@30k vs s2@30k),1,30000,2,30000,14,attention,v_proj,0.01146692907,0.03339327659,0.02358453334,0.02391264697,0.01391223795,1.41589728,0.04914866488,6.334795313e-06,0
cross_seed,cross-seed endpoint (s1@30k vs s2@30k),1,30000,2,30000,14,attention,o_proj,0.01152291175,0.08548668376,0.0612823957,0.06031269261,-0.01582351803,1.39496315,-0.1551531289,-7.331605737e-05,1
cross_seed,cross-seed endpoint (s1@30k vs s2@30k),1,30000,2,30000,14,mlp,gate_proj,0.03855652333,0.2122530182,0.1527154306,0.1534144843,0.004577492134,1.389859672,-0.4243767984,3.699003618e-05,0
cross_seed,cross-seed endpoint (s1@30k vs s2@30k),1,30000,2,30000,14,mlp,up_proj,0.01805293596,0.2065107931,0.1473076097,0.1474151563,0.0007300818191,1.401901731,2.019757506,-5.268335973e-05,1
cross_seed,cross-seed endpoint (s1@30k vs s2@30k),1,30000,2,30000,14,mlp,down_proj,0.05572876467,0.09124417142,0.06659703457,0.06619423272,-0.006048345137,1.370093609,-0.2258481362,-4.196624587e-05,0
cross_seed,cross-seed endpoint (s1@30k vs s2@30k),1,30000,2,30000,15,attention,q_proj,0.02009754079,0.0893332741,0.06279346818,0.06481517552,0.0321961407,1.422652334,0.03330482292,0.0001216503827,-1
cross_seed,cross-seed endpoint (s1@30k vs s2@30k),1,30000,2,30000,15,attention,k_proj,0.02039343215,0.03237850038,0.02246037794,0.02378417791,0.05893934549,1.441583061,-1.53216441,3.024128179e-05,-1
cross_seed,cross-seed endpoint (s1@30k vs s2@30k),1,30000,2,30000,15,attention,v_proj,0.01449659277,0.03346425524,0.02403112693,0.02363962702,-0.01629136703,1.392537909,0.3869751416,-1.155055773e-05,1
cross_seed,cross-seed endpoint (s1@30k vs s2@30k),1,30000,2,30000,15,attention,o_proj,0.01115468581,0.08919177298,0.06328251282,0.06356283115,0.004429633355,1.409422114,0.564970249,5.732755218e-06,0
cross_seed,cross-seed endpoint (s1@30k vs s2@30k),1,30000,2,30000,15,mlp,gate_proj,0.0263306687,0.2004280949,0.1434485859,0.1438063473,0.002494004765,1.397212065,0.2395074115,-1.21306167e-05,0
cross_seed,cross-seed endpoint (s1@30k vs s2@30k),1,30000,2,30000,15,mlp,up_proj,0.02860494951,0.1997757652,0.1401652721,0.146417736,0.04460779625,1.425287179,-1.724883899,0.0008695955091,-1
cross_seed,cross-seed endpoint (s1@30k vs s2@30k),1,30000,2,30000,15,mlp,down_proj,0.0350165031,0.09390926078,0.0667621544,0.06842279215,0.02487393883,1.406624181,0.07933693821,0.0001025857573,-1
cross_seed,cross-seed endpoint (s1@30k vs s2@30k),1,30000,2,30000,16,attention,q_proj,0.02631012214,0.08625960521,0.06227709736,0.0613458658,-0.01495303409,1.385093539,-1.462383448,-7.225657892e-05,-1
cross_seed,cross-seed endpoint (s1@30k vs s2@30k),1,30000,2,30000,16,attention,k_proj,0.01085901532,0.03331801884,0.02351608451,0.02385937301,0.01459802957,1.416818298,0.7361953109,6.698315746e-06,0
cross_seed,cross-seed endpoint (s1@30k vs s2@30k),1,30000,2,30000,16,attention,v_proj,0.009303783154,0.0321550464,0.02346029478,0.02220938632,-0.05332023633,1.370615617,0.8416914173,-3.147611186e-05,1
cross_seed,cross-seed endpoint (s1@30k vs s2@30k),1,30000,2,30000,16,attention,o_proj,0.004837546717,0.08568673327,0.06090430075,0.06056874468,-0.005509562803,1.406907759,0.7937898474,-3.303083679e-05,1
cross_seed,cross-seed endpoint (s1@30k vs s2@30k),1,30000,2,30000,16,mlp,gate_proj,0.03042481632,0.199995088,0.1429181777,0.1443173168,0.009789790967,1.399367744,-0.2744379595,0.0001439698017,0
cross_seed,cross-seed endpoint (s1@30k vs s2@30k),1,30000,2,30000,16,mlp,up_proj,0.01527274102,0.1923870363,0.1350763085,0.1390718119,0.02957960183,1.424284084,0.8478403584,0.0005117061915,0
cross_seed,cross-seed endpoint (s1@30k vs s2@30k),1,30000,2,30000,16,mlp,down_proj,0.04229709109,0.09256975724,0.06712476278,0.06664738805,-0.007111753013,1.379070158,0.062380817,-4.758673432e-05,0
cross_seed,cross-seed endpoint (s1@30k vs s2@30k),1,30000,2,30000,17,attention,q_proj,0.005788053233,0.08894344804,0.06219819975,0.06394027467,0.02800844597,1.43000036,0.1472645152,0.0001019904837,0
cross_seed,cross-seed endpoint (s1@30k vs s2@30k),1,30000,2,30000,17,attention,k_proj,0.006640317366,0.03091994636,0.02184079233,0.02203210147,0.008759258147,1.4156971,0.5465325203,2.846029316e-06,0
cross_seed,cross-seed endpoint (s1@30k vs s2@30k),1,30000,2,30000,17,attention,v_proj,0.0078242688,0.0320438099,0.02294357318,0.02254981907,-0.01716184759,1.396635548,0.410496127,-1.099756721e-05,0
cross_seed,cross-seed endpoint (s1@30k vs s2@30k),1,30000,2,30000,17,attention,o_proj,0.01181691932,0.08920931012,0.06334854589,0.06356437189,0.003406960599,1.4082298,0.668922506,1.457690977e-06,0
cross_seed,cross-seed endpoint (s1@30k vs s2@30k),1,30000,2,30000,17,mlp,gate_proj,0.006027328917,0.1954211747,0.1376299844,0.139567103,0.01407482943,1.419902614,-1.151478408,0.0002189762499,0
cross_seed,cross-seed endpoint (s1@30k vs s2@30k),1,30000,2,30000,17,mlp,up_proj,0.01726573726,0.1888493177,0.1336448547,0.1357557518,0.01579482546,1.413068376,0.2177102285,0.0002389215847,-1
cross_seed,cross-seed endpoint (s1@30k vs s2@30k),1,30000,2,30000,17,mlp,down_proj,0.04324519655,0.09516215627,0.06885050657,0.0687369318,-0.001649585032,1.382156225,-0.8953500724,-2.324119099e-05,-1
cross_seed,cross-seed endpoint (s1@30k vs s2@30k),1,30000,2,30000,18,attention,q_proj,0.04318400578,0.09682399543,0.07097926426,0.06899107734,-0.02801081327,1.364116639,0.3934415467,-0.0001608413843,1
cross_seed,cross-seed endpoint (s1@30k vs s2@30k),1,30000,2,30000,18,attention,k_proj,0.004830670483,0.03467167291,0.02472070285,0.02443044416,-0.01174152271,1.402535888,-1.365726731,-9.370386836e-06,0
cross_seed,cross-seed endpoint (s1@30k vs s2@30k),1,30000,2,30000,18,attention,v_proj,0.01498239796,0.02914146016,0.02072562778,0.02079879616,0.003530333734,1.406059227,-0.4072300009,2.113633336e-07,0
cross_seed,cross-seed endpoint (s1@30k vs s2@30k),1,30000,2,30000,18,attention,o_proj,0.01685712596,0.08723336942,0.06350466491,0.0608865931,-0.04122644871,1.373652936,-0.2268676158,-0.0001822857664,0
cross_seed,cross-seed endpoint (s1@30k vs s2@30k),1,30000,2,30000,18,mlp,gate_proj,0.02989590423,0.2037860676,0.1447943075,0.1477934144,0.02071287889,1.407417675,0.7390673691,0.0003896938157,1
cross_seed,cross-seed endpoint (s1@30k vs s2@30k),1,30000,2,30000,18,mlp,up_proj,0.01448169577,0.2088800678,0.1477815017,0.1497751179,0.0134902958,1.413438525,0.2603034787,0.000239004596,0
cross_seed,cross-seed endpoint (s1@30k vs s2@30k),1,30000,2,30000,18,mlp,down_proj,0.07222801707,0.09800486542,0.07221814934,0.07167443898,-0.007528721826,1.357066974,0.2343503103,-5.732865825e-05,0
cross_seed,cross-seed endpoint (s1@30k vs s2@30k),1,30000,2,30000,19,attention,q_proj,0.04226774273,0.09482747893,0.06576057969,0.07115734608,0.08206689203,1.442010995,-0.2068492395,0.0003706403359,-1
cross_seed,cross-seed endpoint (s1@30k vs s2@30k),1,30000,2,30000,19,attention,k_proj,0.009568631969,0.02975472458,0.02070514161,0.02156819236,0.04168291953,1.437069359,-0.6439168828,1.761448569e-05,-1
cross_seed,cross-seed endpoint (s1@30k vs s2@30k),1,30000,2,30000,19,attention,v_proj,0.007211693205,0.03180038214,0.02265145781,0.02248380446,-0.007401437584,1.403900023,1.440663062,-5.57245293e-06,2
cross_seed,cross-seed endpoint (s1@30k vs s2@30k),1,30000,2,30000,19,attention,o_proj,0.01446954892,0.09013134483,0.06384478896,0.06455049514,0.01105346567,1.411725942,0.1556286781,3.414626345e-05,0
cross_seed,cross-seed endpoint (s1@30k vs s2@30k),1,30000,2,30000,19,mlp,gate_proj,0.02555136411,0.2300131589,0.1621282471,0.1673530323,0.03222624825,1.418711193,-0.389482941,0.0008118146125,-1
cross_seed,cross-seed endpoint (s1@30k vs s2@30k),1,30000,2,30000,19,mlp,up_proj,0.04634950534,0.2328178719,0.1701065438,0.1670386449,-0.01803516097,1.368659116,0.01148737962,-0.0006303596978,0
cross_seed,cross-seed endpoint (s1@30k vs s2@30k),1,30000,2,30000,19,mlp,down_proj,0.09183250148,0.1075137083,0.08015655389,0.07939088952,-0.009552111879,1.341296539,0.174916043,-8.403640769e-05,0
cross_seed,cross-seed endpoint (s1@30k vs s2@30k),1,30000,2,30000,20,attention,q_proj,0.07099523388,0.1132833919,0.08189954092,0.08429632352,0.02926490882,1.383199352,-0.216837907,0.0001858548289,0
cross_seed,cross-seed endpoint (s1@30k vs s2@30k),1,30000,2,30000,20,attention,k_proj,0.01394037403,0.03739651768,0.026407821,0.02684948773,0.01672484561,1.416115236,-1.280903722,1.001441177e-05,0
cross_seed,cross-seed endpoint (s1@30k vs s2@30k),1,30000,2,30000,20,attention,v_proj,0.00626186143,0.03347676778,0.02341151583,0.02407600415,0.02838296847,1.429927392,-0.7439011952,1.46694564e-05,0
cross_seed,cross-seed endpoint (s1@30k vs s2@30k),1,30000,2,30000,20,attention,o_proj,0.04103461503,0.09756536935,0.0704625481,0.07043687582,-0.0003643393283,1.384641515,-0.6074470199,-1.770919406e-05,-1
cross_seed,cross-seed endpoint (s1@30k vs s2@30k),1,30000,2,30000,20,mlp,gate_proj,0.05964291551,0.2490441816,0.1827640829,0.1804267375,-0.01278886622,1.362653853,-0.2625715497,-0.0005481291212,0
cross_seed,cross-seed endpoint (s1@30k vs s2@30k),1,30000,2,30000,20,mlp,up_proj,0.04205277589,0.2392183288,0.1744636513,0.1711709572,-0.01887323862,1.371164291,-0.04502675752,-0.000689118054,0
cross_seed,cross-seed endpoint (s1@30k vs s2@30k),1,30000,2,30000,20,mlp,down_proj,0.09327377109,0.1064442491,0.07997535653,0.07809929587,-0.02345798431,1.330963108,0.2018175529,-0.0001746757527,1
cross_seed,cross-seed endpoint (s1@30k vs s2@30k),1,30000,2,30000,21,attention,q_proj,0.02141307506,0.1114398241,0.08086195511,0.07843337212,-0.0300336911,1.378149019,0.05305453673,-0.0002221118357,0
cross_seed,cross-seed endpoint (s1@30k vs s2@30k),1,30000,2,30000,21,attention,k_proj,0.02450428821,0.04344878382,0.03245044985,0.02969841761,-0.08480721387,1.338927011,1.782957847,-9.233950219e-05,1
cross_seed,cross-seed endpoint (s1@30k vs s2@30k),1,30000,2,30000,21,attention,v_proj,0.01690972803,0.03865901973,0.02747300838,0.0276669403,0.007058998609,1.407163686,-0.1029327034,3.157282586e-06,-1
cross_seed,cross-seed endpoint (s1@30k vs s2@30k),1,30000,2,30000,21,attention,o_proj,0.03963401,0.09654453269,0.07052288967,0.06878890338,-0.02458756715,1.36898152,-0.4569051856,-0.0001415303744,0
cross_seed,cross-seed endpoint (s1@30k vs s2@30k),1,30000,2,30000,21,mlp,gate_proj,0.02915109862,0.2521971102,0.1813477893,0.1806270377,-0.003974416283,1.390682021,0.6138514422,-0.0002405692163,0
cross_seed,cross-seed endpoint (s1@30k vs s2@30k),1,30000,2,30000,21,mlp,up_proj,0.03646598516,0.2413210671,0.1765712269,0.1710593709,-0.03121604839,1.366706634,-0.08506663259,-0.001096247856,-1
cross_seed,cross-seed endpoint (s1@30k vs s2@30k),1,30000,2,30000,21,mlp,down_proj,0.07585245948,0.1082820013,0.08019712888,0.07909285457,-0.01376949932,1.350197979,0.1457276722,-0.0001120158262,0
cross_seed,cross-seed endpoint (s1@30k vs s2@30k),1,30000,2,30000,22,attention,q_proj,0.03848405097,0.1042411972,0.0751981936,0.07514234774,-0.0007426489238,1.386219431,0.143524395,-2.23942775e-05,0
cross_seed,cross-seed endpoint (s1@30k vs s2@30k),1,30000,2,30000,22,attention,k_proj,0.01609580784,0.03939210801,0.02862152995,0.02753019771,-0.03812976601,1.376310354,-0.9986249502,-3.449291464e-05,-1
cross_seed,cross-seed endpoint (s1@30k vs s2@30k),1,30000,2,30000,22,attention,v_proj,0.009494984309,0.0378575434,0.02701070109,0.02678345986,-0.008413007488,1.401575741,0.1733031468,-8.685507851e-06,1
cross_seed,cross-seed endpoint (s1@30k vs s2@30k),1,30000,2,30000,22,attention,o_proj,0.0205680957,0.09683451214,0.06908230172,0.06929266213,0.003045069519,1.401726777,-0.6402724999,-6.933933579e-08,0
cross_seed,cross-seed endpoint (s1@30k vs s2@30k),1,30000,2,30000,22,mlp,gate_proj,0.06208299337,0.2437325851,0.1763401884,0.1795584135,0.01825009425,1.382172647,-0.126871754,0.0004967561638,-1
cross_seed,cross-seed endpoint (s1@30k vs s2@30k),1,30000,2,30000,22,mlp,up_proj,0.02129966129,0.2229443365,0.1580262088,0.1606656944,0.01670283448,1.410806082,-0.1751217815,0.0003580253279,-1
cross_seed,cross-seed endpoint (s1@30k vs s2@30k),1,30000,2,30000,22,mlp,down_proj,0.05935611771,0.1051725632,0.07566002325,0.07768239426,0.02672971704,1.390067816,0.2957350515,0.0001430915434,1
cross_seed,cross-seed endpoint (s1@30k vs s2@30k),1,30000,2,30000,23,attention,q_proj,0.004478044398,0.09330587122,0.06620994621,0.0660408181,-0.002554421501,1.409242517,0.2873715144,-2.561129605e-05,1
cross_seed,cross-seed endpoint (s1@30k vs s2@30k),1,30000,2,30000,23,attention,k_proj,0.003924141059,0.03186967321,0.02259633513,0.02256286912,-0.001481037036,1.410391244,-0.5729874333,-2.413935337e-06,-1
cross_seed,cross-seed endpoint (s1@30k vs s2@30k),1,30000,2,30000,23,attention,v_proj,0.002839774337,0.03520681275,0.02580445739,0.02402437511,-0.06898351902,1.364369427,0.9031952097,-4.826922461e-05,1
cross_seed,cross-seed endpoint (s1@30k vs s2@30k),1,30000,2,30000,23,attention,o_proj,0.01567279446,0.09648230975,0.071537449,0.06587060528,-0.07921506566,1.348696537,-0.04564433726,-0.0004214230189,0
cross_seed,cross-seed endpoint (s1@30k vs s2@30k),1,30000,2,30000,23,mlp,gate_proj,0.07139552887,0.2757768214,0.1981263281,0.2064963251,0.04224575836,1.391924153,-0.1757522598,0.001636818257,0
cross_seed,cross-seed endpoint (s1@30k vs s2@30k),1,30000,2,30000,23,mlp,up_proj,0.03824551971,0.2368929404,0.1679510695,0.1736117823,0.03370453565,1.410487835,-0.1235677391,0.000915992917,0
cross_seed,cross-seed endpoint (s1@30k vs s2@30k),1,30000,2,30000,23,mlp,down_proj,0.06840960332,0.1109653122,0.08113496088,0.08145314885,0.003921712263,1.367663348,0.3177331778,5.929916185e-06,1
cross_seed,cross-seed endpoint (s1@30k vs s2@30k),1,30000,2,30000,24,attention,q_proj,0.05176933532,0.1084344951,0.07790683886,0.07956351534,0.02126484023,1.391848221,-0.9631381037,0.0001163752732,-2
cross_seed,cross-seed endpoint (s1@30k vs s2@30k),1,30000,2,30000,24,attention,k_proj,0.01064087625,0.04618303331,0.03280743043,0.03285551371,0.001465621774,1.407700411,-0.2388616076,-1.78850748e-06,-1
cross_seed,cross-seed endpoint (s1@30k vs s2@30k),1,30000,2,30000,24,attention,v_proj,0.001446405817,0.03637689947,0.02488425098,0.02657001172,0.06774408207,1.461844261,-2.114158219,4.315297606e-05,-2
cross_seed,cross-seed endpoint (s1@30k vs s2@30k),1,30000,2,30000,24,attention,o_proj,0.0228142642,0.09905697657,0.07123008898,0.07048143329,-0.01051038531,1.39066198,0.9387513679,-7.1369784e-05,1
cross_seed,cross-seed endpoint (s1@30k vs s2@30k),1,30000,2,30000,24,mlp,gate_proj,0.07049483794,0.2669835933,0.1976170069,0.1939916072,-0.01834558542,1.351015267,0.01757486214,-0.0008631209881,0
cross_seed,cross-seed endpoint (s1@30k vs s2@30k),1,30000,2,30000,24,mlp,up_proj,0.03873140182,0.2086335938,0.1549882936,0.1457979075,-0.05929729198,1.346124851,-0.7589925664,-0.001514745393,-1
cross_seed,cross-seed endpoint (s1@30k vs s2@30k),1,30000,2,30000,24,mlp,down_proj,0.06776216941,0.1006522054,0.07456169549,0.07285325424,-0.02291312243,1.34991841,0.02376209344,-0.0001487491965,0
cross_seed,cross-seed endpoint (s1@30k vs s2@30k),1,30000,2,30000,25,attention,q_proj,0.05909998896,0.09210756264,0.06675561046,0.06753029033,0.01160471566,1.379772607,-0.01615159294,3.991587283e-05,0
cross_seed,cross-seed endpoint (s1@30k vs s2@30k),1,30000,2,30000,25,attention,k_proj,0.00621496109,0.03872984385,0.02779351139,0.02714589572,-0.02330096641,1.393485095,-0.02332281851,-2.097308207e-05,0
cross_seed,cross-seed endpoint (s1@30k vs s2@30k),1,30000,2,30000,25,attention,v_proj,0.001901419512,0.0294113412,0.02021345705,0.0214029989,0.05884900562,1.455037657,0.3520017611,2.445262922e-05,0
cross_seed,cross-seed endpoint (s1@30k vs s2@30k),1,30000,2,30000,25,attention,o_proj,0.01222438113,0.0752169337,0.05400976141,0.05301449742,-0.01842748349,1.392654434,0.180242885,-6.471547804e-05,0
cross_seed,cross-seed endpoint (s1@30k vs s2@30k),1,30000,2,30000,25,mlp,gate_proj,0.03750117023,0.2352137534,0.1688323913,0.170225342,0.008250494285,1.393179067,-0.2449542559,0.0001548467942,0
cross_seed,cross-seed endpoint (s1@30k vs s2@30k),1,30000,2,30000,25,mlp,up_proj,0.0203655305,0.2001176426,0.1443788881,0.1415421319,-0.01964799902,1.386058898,0.7117679508,-0.0004884254363,1
cross_seed,cross-seed endpoint (s1@30k vs s2@30k),1,30000,2,30000,25,mlp,down_proj,0.03559395845,0.09022299711,0.0634101998,0.06647874461,0.04839197512,1.422846757,0.1078398978,0.0001945415202,0
cross_seed,cross-seed endpoint (s1@30k vs s2@30k),1,30000,2,30000,26,attention,q_proj,0.02614553871,0.1006620667,0.07020278514,0.07400050648,0.05409644833,1.433875686,1.009522009,0.0002692051941,1
cross_seed,cross-seed endpoint (s1@30k vs s2@30k),1,30000,2,30000,26,attention,k_proj,0.00772452863,0.03381653703,0.02392376358,0.02408555008,0.006762585597,1.413512423,-0.000294327621,2.216453388e-06,0
cross_seed,cross-seed endpoint (s1@30k vs s2@30k),1,30000,2,30000,26,attention,v_proj,-0.00266806754,0.03003564598,0.02145577676,0.02096162582,-0.02303113709,1.399886209,0.0746154299,-1.237241839e-05,0
cross_seed,cross-seed endpoint (s1@30k vs s2@30k),1,30000,2,30000,26,attention,o_proj,0.002268753165,0.07555668698,0.05350391828,0.05347078653,-0.0006192397964,1.412171097,0.8539176589,-1.096953395e-05,1
cross_seed,cross-seed endpoint (s1@30k vs s2@30k),1,30000,2,30000,26,mlp,gate_proj,0.04034315457,0.2298973126,0.1651737623,0.1667098944,0.009300097661,1.391851281,0.2365856151,0.0001782657216,0
cross_seed,cross-seed endpoint (s1@30k vs s2@30k),1,30000,2,30000,26,mlp,up_proj,0.009751506005,0.2073505191,0.1398496751,0.1544590288,0.1044646956,1.482667149,0.3644373293,0.002174584989,0
cross_seed,cross-seed endpoint (s1@30k vs s2@30k),1,30000,2,30000,26,mlp,down_proj,0.02784042761,0.07877291027,0.05713993512,0.05583773426,-0.0227896804,1.378596425,0.02515084178,-8.694819522e-05,0
cross_seed,cross-seed endpoint (s1@30k vs s2@30k),1,30000,2,30000,27,attention,q_proj,0.02556929078,0.1912980368,0.1268813793,0.1464454532,0.1541918445,1.507691971,-0.2337755871,0.002730699561,-1
cross_seed,cross-seed endpoint (s1@30k vs s2@30k),1,30000,2,30000,27,attention,k_proj,0.01640453494,0.02841657388,0.02012078244,0.02039907137,0.01383091989,1.412299644,-0.5572987065,4.575979032e-06,0
cross_seed,cross-seed endpoint (s1@30k vs s2@30k),1,30000,2,30000,27,attention,v_proj,0.02146247449,0.03877457924,0.02862900317,0.02677215788,-0.06485888707,1.354381046,0.8577493999,-5.613242202e-05,2
cross_seed,cross-seed endpoint (s1@30k vs s2@30k),1,30000,2,30000,27,attention,o_proj,0.01648907556,0.07449010248,0.05513863335,0.05100242912,-0.07501463102,1.350960261,-0.3042056133,-0.0002380959193,0
cross_seed,cross-seed endpoint (s1@30k vs s2@30k),1,30000,2,30000,27,mlp,gate_proj,0.02795952384,0.2545710596,0.18181605,0.1833394586,0.008378845539,1.400157245,-0.09609202736,0.0001840303485,0
cross_seed,cross-seed endpoint (s1@30k vs s2@30k),1,30000,2,30000,27,mlp,up_proj,0.00723471311,0.1800334466,0.1367747973,0.1180607691,-0.1368236585,1.316276464,-0.1471915498,-0.002540744681,0
cross_seed,cross-seed endpoint (s1@30k vs s2@30k),1,30000,2,30000,27,mlp,down_proj,0.01409667126,0.05445018899,0.03953033242,0.03800703145,-0.03853499024,1.377428057,-0.1994969442,-6.643047673e-05,0
