seed,step,role,layer,family,module,sub_block,a_rows,a_cols,b_rows,b_cols,n_trainable,base_rows,base_cols,base_numel,rank,alpha,scale,delta_fro,delta_spec,delta_rms,base_fro,base_spec,rel_fro,rel_spec,energy,energy_share,energy_rank,energy_cumshare,norm_energy_share,norm_energy_rank,stable_rank,eff_rank_entropy,energy_top1,energy_top2,energy_top4,energy_top8,energy_top16,rank90,rank95,rank99,sv01,sv02,sv03,sv04,sv05,sv06,sv07,sv08,sv09,sv10,sv11,sv12,sv13,sv14,sv15,sv16
1,2000,first_saved,0,attention,q_proj,self_attn,16,3584,3584,16,114688,3584,3584,12845056,16,32,2,0.02873265198,0.02303202387,8.016922985e-06,74.54172753,22.88633987,0.0003854572859,0.001006365544,0.0008255652897,0.002441962551,105,0.9286040429,0.005644424747,74,1.556278155,4.413507442,0.6425586564,0.7396390149,0.8294996125,0.9271278161,1,7,10,15,0.02303202387,0.008952439571,0.006183038597,0.005996317538,0.005557736558,0.004555312351,0.003849217949,0.003760674282,0.003389641109,0.003187081708,0.003051172807,0.002914409934,0.00263833004,0.002268358041,0.002133728561,0.002012738693
1,2000,first_saved,0,attention,k_proj,self_attn,16,3584,512,16,65536,512,3584,1835008,16,32,2,0.0105560584,0.007439575568,7.79260752e-06,37.19750106,4.175160803,0.0002837840742,0.001781865638,0.0001114303689,0.0003296029901,165,0.9936952065,0.005332978965,81,2.013294233,6.039617398,0.496698388,0.6658784216,0.7889293271,0.9158644685,1,8,10,15,0.007439575568,0.004341865218,0.002834247628,0.002382991434,0.002131940127,0.002023483363,0.001792672352,0.001513638614,0.001477115574,0.001308840272,0.001150338247,0.001105682276,0.0009611274279,0.0009092313197,0.0008502738571,0.0006790254084
1,2000,first_saved,0,attention,v_proj,self_attn,16,3584,512,16,65536,512,3584,1835008,16,32,2,0.007611008891,0.00441874378,5.61853704e-06,12.18984879,1.247592157,0.0006243727072,0.003541817538,5.792745634e-05,0.0001713452356,186,0.9985403241,0.002772367256,148,2.966790085,8.655196018,0.3370646293,0.5192602649,0.705797021,0.8736285141,1,9,12,15,0.00441874378,0.003248712011,0.00247277468,0.002165868228,0.00174898004,0.001636409875,0.001440595369,0.001382015923,0.001284208203,0.001152486003,0.001081234724,0.0009665282081,0.0008361617002,0.0008192144134,0.0007220024062,0.0005900445848
1,2000,first_saved,0,attention,o_proj,self_attn,16,3584,3584,16,114688,3584,3584,12845056,16,32,2,0.01921926394,0.01340052488,5.362517839e-06,44.5817881,5.992457152,0.0004311012356,0.002236232074,0.0003693801062,0.001092599698,135,0.9768602622,0.002525467384,157,2.056979118,6.848474689,0.4861498065,0.5916659133,0.7267637061,0.8875540393,1,9,11,14,0.01340052488,0.006243040186,0.005213514265,0.004766729073,0.004532288344,0.00380614963,0.003691252337,0.003277040418,0.003173057899,0.003001993097,0.002629984747,0.002249912024,0.002042004011,0.001678573769,0.001440542738,0.00118893413
1,2000,first_saved,0,mlp,gate_proj,mlp,16,3584,18944,16,360448,18944,3584,67895296,16,32,2,0.04063400776,0.03041672763,4.931395292e-06,126.559206,37.77510071,0.0003210671831,0.0008052057323,0.001651122587,0.00488390146,67,0.7902545288,0.002135717944,173,1.784655278,5.948237642,0.5603323019,0.6303030032,0.7474453904,0.8856008056,1,9,12,15,0.03041672763,0.01074849782,0.01030427934,0.009340142856,0.008750832364,0.007728704911,0.007026274897,0.006514064848,0.006220145161,0.005661470611,0.005326584473,0.004768015022,0.004587886613,0.004133693435,0.004013142694,0.003577251722
1,2000,first_saved,0,mlp,up_proj,mlp,16,3584,18944,16,360448,18944,3584,67895296,16,32,2,0.04294251245,0.03340704484,5.211558381e-06,108.7673587,7.836136441,0.000394810658,0.004263203568,0.001844059375,0.005454594557,62,0.7650522436,0.002385280614,168,1.652337581,5.143445742,0.6052032053,0.6825611875,0.7890053328,0.9058404738,1,8,11,15,0.03340704484,0.01194373109,0.01019772022,0.009607071684,0.008353575733,0.007312143918,0.006882323674,0.006695885434,0.005906300897,0.005466083779,0.004995524723,0.004804006547,0.004243501302,0.004029028716,0.00388089753,0.003396734812
1,2000,first_saved,0,mlp,down_proj,mlp,16,18944,3584,16,360448,3584,18944,67895296,16,32,2,0.02151441609,0.01016132283,2.611017127e-06,115.2490974,6.52738734,0.0001866775234,0.001556721288,0.0004628700996,0.001369136352,126,0.9661071616,0.0005987199166,194,4.48289564,11.57755904,0.2230701047,0.3576431301,0.5738309398,0.806162174,1,11,13,16,0.01016132283,0.007892390616,0.00757714625,0.006530982141,0.005869582354,0.005320267371,0.005116365511,0.004313321637,0.004126915424,0.003956208803,0.003608173209,0.003441399756,0.003193961742,0.003093879247,0.002601876251,0.002373463336
1,2000,first_saved,1,attention,q_proj,self_attn,16,3584,3584,16,114688,3584,3584,12845056,16,32,2,0.01878084096,0.01247636359,5.24019e-06,56.73764755,10.46560968,0.0003310119783,0.001192129649,0.0003527199872,0.001043320268,138,0.9800251365,0.002411561447,167,2.265969317,6.158303412,0.4413122421,0.665698309,0.8127914013,0.9275323685,1,7,10,15,0.01247636359,0.008896372893,0.0053805438,0.00478878085,0.003749552195,0.00329709589,0.003145235967,0.002376749929,0.002338717133,0.002094420256,0.001865502707,0.001728421669,0.001673583208,0.001579633529,0.001482486771,0.001320286461
1,2000,first_saved,1,attention,k_proj,self_attn,16,3584,512,16,65536,512,3584,1835008,16,32,2,0.007112820631,0.003699542321,5.250768557e-06,29.89003685,4.705555086,0.0002379662717,0.0007862074194,5.059221733e-05,0.0001496481279,192,0.9994758798,0.002421307883,165,3.696474497,8.956841575,0.2705280399,0.5043813987,0.69685779,0.8827772333,1,9,12,15,0.003699542321,0.003439645324,0.002342095852,0.002062133467,0.001833113175,0.001562228663,0.001407003106,0.001274973267,0.001115010744,0.001006942082,0.0009583078671,0.0009257198912,0.0007405167491,0.0006872851188,0.0006796267211,0.000644553114
1,2000,first_saved,1,attention,v_proj,self_attn,16,3584,512,16,65536,512,3584,1835008,16,32,2,0.007679519868,0.005132285682,5.669112656e-06,18.31095231,1.461890916,0.000419394892,0.003510717267,5.89750254e-05,0.0001744438693,183,0.9980244423,0.002822503173,142,2.238960805,5.212559422,0.4466357774,0.7435101557,0.8516616037,0.9419464629,1,6,9,14,0.005132285682,0.004184276998,0.002022737148,0.001512206606,0.001307373468,0.001227380093,0.001039632552,0.001013917523,0.0008845444633,0.0008063310148,0.0007621112121,0.0006526636909,0.0005594795106,0.0005187073718,0.0004821001683,0.0004121184126
1,2000,first_saved,1,attention,o_proj,self_attn,16,3584,3584,16,114688,3584,3584,12845056,16,32,2,0.02051897655,0.01220222545,5.725160867e-06,51.75558905,3.71699528,0.0003964591443,0.003282819732,0.0004210283986,0.00124537162,129,0.9699216846,0.00287858894,140,2.827699797,9.376673042,0.3536443299,0.4565035954,0.6409232833,0.8453745626,1,10,12,15,0.01220222545,0.006580780486,0.006492752002,0.005957356573,0.005271781113,0.004705107377,0.004379065807,0.004119935174,0.003795515926,0.003566225319,0.003213960293,0.002877706518,0.002569903725,0.002326738742,0.001957431433,0.001875474445
1,2000,first_saved,1,mlp,gate_proj,mlp,16,3584,18944,16,360448,18944,3584,67895296,16,32,2,0.03464562155,0.03021413084,4.204637061e-06,123.1204121,20.77054609,0.0002813962442,0.001454662324,0.001200319092,0.003550457255,87,0.8743719447,0.001552606115,185,1.314850885,2.849907879,0.7605425158,0.842160925,0.9146721481,0.970333752,1,4,6,12,0.03021413084,0.009897885375,0.007177059451,0.005960404607,0.005244671254,0.00402745004,0.003739581095,0.003016668479,0.002843111401,0.002620529606,0.002371312461,0.002217075895,0.002060075854,0.001775227871,0.001322799409,0.0009873261577
1,2000,first_saved,1,mlp,up_proj,mlp,16,3584,18944,16,360448,18944,3584,67895296,16,32,2,0.03875972235,0.03559697809,4.703929611e-06,101.2989287,8.822049724,0.0003826271695,0.004035000845,0.001502316077,0.004443742542,75,0.8273259144,0.001943237546,177,1.185591433,2.109264004,0.8434608857,0.8973978559,0.949024758,0.9842082679,1,3,5,10,0.03559697809,0.009001687474,0.007274015796,0.004964737579,0.004446143875,0.0038192495,0.003183366443,0.0028927614,0.002534987791,0.002172993392,0.00197344152,0.001725200703,0.001428778891,0.001357507394,0.001056583335,0.0008394742445
1,2000,first_saved,1,mlp,down_proj,mlp,16,18944,3584,16,360448,3584,18944,67895296,16,32,2,0.02009058783,0.01224586003,2.438219503e-06,101.4703818,13.527541,0.0001979946016,0.0009052539574,0.0004036317192,0.001193913498,132,0.9735111889,0.0005220953989,196,2.691576363,8.98312441,0.3715294925,0.4994314188,0.6713881557,0.8451836836,1,10,13,16,0.01224586003,0.007185073028,0.00629190539,0.005460688595,0.004733924142,0.004378406695,0.003934451144,0.003617872155,0.003422777453,0.003249252553,0.003064280343,0.002874510455,0.002638702532,0.002529948448,0.002250075829,0.002033930307
1,2000,first_saved,2,attention,q_proj,self_attn,16,3584,3584,16,114688,3584,3584,12845056,16,32,2,0.01894632557,0.009279233599,5.286363161e-06,65.36730749,5.545589746,0.0002898440565,0.001673263625,0.0003589632526,0.001061787397,136,0.9779220496,0.002454246916,162,4.168941257,11.30899268,0.2398690551,0.3842411907,0.5882249613,0.8066849648,1,11,13,16,0.009279233599,0.00719890904,0.006211582091,0.005885484324,0.005066992342,0.00452016942,0.004038948199,0.003999958482,0.003696661404,0.003446778486,0.003297742703,0.002926367911,0.002841673301,0.002592509211,0.002319319614,0.002057477976
1,2000,first_saved,2,attention,k_proj,self_attn,16,3584,512,16,65536,512,3584,1835008,16,32,2,0.007254455782,0.003605658006,5.355325306e-06,31.76935015,3.030344924,0.000228347629,0.001189850693,5.262712869e-05,0.0001556672489,190,0.9991750904,0.002518697308,158,4.048001008,10.88513595,0.2470355116,0.3803585664,0.5954527519,0.8340578998,1,10,13,16,0.003605658006,0.002648850612,0.002471403815,0.002282970118,0.002062386342,0.001822748649,0.001647013703,0.001506187115,0.001428971214,0.001263203883,0.001121869605,0.0009861025973,0.0009347912487,0.0008800236151,0.000787028876,0.0007724849806
1,2000,first_saved,2,attention,v_proj,self_attn,16,3584,512,16,65536,512,3584,1835008,16,32,2,0.007306588204,0.004011926447,5.393810078e-06,14.76439726,1.211148926,0.0004948788681,0.003312496392,5.338623118e-05,0.0001579126193,189,0.9990194231,0.002555027418,155,3.316830958,9.305911605,0.3014926032,0.4918209564,0.6776246726,0.8624370546,1,10,12,15,0.004011926447,0.003187618776,0.002322196093,0.002127619668,0.001879405415,0.001564271565,0.00146249275,0.001322286376,0.001198899934,0.001120870876,0.001040737576,0.0009880713967,0.0008829283737,0.00087786481,0.0007724106395,0.0006663388862
1,2000,first_saved,2,attention,o_proj,self_attn,16,3584,3584,16,114688,3584,3584,12845056,16,32,2,0.02108353922,0.01160380309,5.882683933e-06,50.63907457,3.97244725,0.0004163492204,0.002921071662,0.0004445156259,0.001314845143,127,0.9674220067,0.003039172105,136,3.301310182,9.942710573,0.3029100402,0.4522192742,0.6391649289,0.837734979,1,10,12,15,0.01160380309,0.008146796155,0.006793001179,0.0060790953,0.005404345859,0.004631785671,0.00442616379,0.004244546098,0.004038890022,0.003594836686,0.003424957238,0.003064582739,0.002597554125,0.002396806295,0.002240946698,0.00206350298
1,2000,first_saved,2,mlp,gate_proj,mlp,16,3584,18944,16,360448,18944,3584,67895296,16,32,2,0.0371887498,0.03151271591,4.513274367e-06,138.7303231,23.40659957,0.0002680650414,0.001346317555,0.001383003112,0.004090823401,79,0.8442550188,0.001788906884,180,1.39268048,3.400000422,0.7180397902,0.8035281221,0.8723849966,0.9546837482,1,5,8,13,0.03151271591,0.01087339087,0.007047918277,0.006749527372,0.006282272162,0.005917001284,0.004530519414,0.004337738534,0.003799805604,0.003446377638,0.003258776523,0.002923161086,0.002516075603,0.002209450542,0.001944377093,0.001482926245
1,2000,first_saved,2,mlp,up_proj,mlp,16,3584,18944,16,360448,18944,3584,67895296,16,32,2,0.04240811964,0.03421918397,5.146703785e-06,112.6574561,6.535581694,0.0003764342024,0.005235828358,0.001798448611,0.00531968121,63,0.7703719248,0.002326283343,169,1.53588513,4.10711475,0.6510903587,0.7548860936,0.8504740345,0.94860946,1,6,9,13,0.03421918397,0.01366277041,0.009406398856,0.009133983806,0.007937990429,0.006689555018,0.006233349531,0.005465805967,0.004800120539,0.004565118336,0.004148465468,0.003322217901,0.002992783185,0.002654664668,0.00164743604,0.00125572451
1,2000,first_saved,2,mlp,down_proj,mlp,16,18944,3584,16,360448,3584,18944,67895296,16,32,2,0.02010510571,0.01023113964,2.439981413e-06,115.5624276,7.968331481,0.0001739761455,0.001283975154,0.0004042152758,0.001195639616,131,0.9723172754,0.000522850226,195,3.861576986,10.63384767,0.2589615599,0.4076276132,0.6208102695,0.826817304,1,11,13,16,0.01023113964,0.00775197328,0.007427222757,0.005568487077,0.004929553023,0.004725155216,0.004469989868,0.00408200882,0.003751019679,0.003544283432,0.003170502194,0.002914658424,0.002790293807,0.002680031946,0.00224368525,0.00219573345
1,2000,first_saved,3,attention,q_proj,self_attn,16,3584,3584,16,114688,3584,3584,12845056,16,32,2,0.0181072426,0.01027847466,5.052244028e-06,67.87416794,7.394621595,0.0002667766419,0.001389993325,0.0003278722345,0.000969822409,139,0.9809949589,0.002241676312,171,3.103468212,10.20312379,0.3222201523,0.4354014942,0.6099499537,0.8109226273,1,11,13,15,0.01027847466,0.006091717285,0.005757854728,0.004906801642,0.004642295749,0.003987710456,0.003867301263,0.003672137796,0.003661480296,0.003293146635,0.00315102674,0.002928597828,0.002629826143,0.002203335414,0.002111907994,0.001733633568
1,2000,first_saved,3,attention,k_proj,self_attn,16,3584,512,16,65536,512,3584,1835008,16,32,2,0.006868397903,0.003243394081,5.070332801e-06,32.42493487,3.686256118,0.0002118245705,0.0008798612949,4.717488976e-05,0.0001395399196,194,0.9997650552,0.002257756993,170,4.48447342,11.90265367,0.2229916216,0.3456810662,0.5415575608,0.795121475,1,11,14,16,0.003243394081,0.002405797377,0.00230091901,0.001986510446,0.001874698685,0.001743178571,0.001717154344,0.001568459106,0.001522775836,0.00127219782,0.001160141125,0.001034994781,0.0009718383005,0.0009657267123,0.0008701694625,0.0008224074453
1,2000,first_saved,3,attention,v_proj,self_attn,16,3584,512,16,65536,512,3584,1835008,16,32,2,0.007614296328,0.005028637925,5.620963865e-06,17.25056053,1.209028181,0.0004413941399,0.004159239629,5.797750857e-05,0.0001714932865,185,0.9983689789,0.00277476272,146,2.29276116,7.632630365,0.4361553299,0.5399232318,0.7141270951,0.8853886117,1,9,12,15,0.005028637925,0.002452795226,0.002315185008,0.002177113768,0.001839346104,0.001641833584,0.001435878762,0.001337444061,0.00120729463,0.001115205381,0.0009864637977,0.0009233238785,0.0008354539873,0.0007758462327,0.0006631969572,0.0006150208366
1,2000,first_saved,3,attention,o_proj,self_attn,16,3584,3584,16,114688,3584,3584,12845056,16,32,2,0.02193077285,0.01189256203,6.119077246e-06,53.06764659,3.75741149,0.0004132607014,0.003165094392,0.0004809587978,0.001422641416,125,0.9647380252,0.00328833561,127,3.400611526,9.520417036,0.2940647564,0.4912289239,0.6551842775,0.8526920535,1,10,13,15,0.01189256203,0.009737958769,0.007028209416,0.005427710584,0.005275580082,0.00522246011,0.004948763293,0.003923902337,0.003740954639,0.003463570383,0.003381701219,0.003013239882,0.00277571768,0.002557876423,0.002299910857,0.002192154956
1,2000,first_saved,3,mlp,gate_proj,mlp,16,3584,18944,16,360448,18944,3584,67895296,16,32,2,0.04375540302,0.03152905245,5.310211824e-06,153.4598448,22.24793407,0.0002851260736,0.001417167651,0.001914535294,0.005663057238,59,0.7483077535,0.002476440825,159,1.925934614,5.963494749,0.5192284269,0.6324353406,0.77448629,0.9245591623,1,8,10,14,0.03152905245,0.01472204578,0.01237701704,0.01089821111,0.01016562852,0.008762654987,0.007529425977,0.007106576479,0.006594009535,0.005215355746,0.004440155945,0.004020815354,0.003881051064,0.003148257602,0.00268070747,0.002389776639
1,2000,first_saved,3,mlp,up_proj,mlp,16,3584,18944,16,360448,18944,3584,67895296,16,32,2,0.04675239275,0.03424472578,5.67393034e-06,132.2382021,7.259781881,0.0003535467967,0.004717046096,0.002185786228,0.006465397927,52,0.7059044659,0.00282730241,141,1.863890091,6.064239464,0.5365123217,0.6463195509,0.7584396723,0.8965339767,1,9,11,15,0.03424472578,0.01549242167,0.01119162586,0.01094614671,0.009983191083,0.00890145931,0.00836824098,0.007274413346,0.006833506443,0.006367985525,0.006020825946,0.005450284582,0.004823187329,0.004609088216,0.003961763946,0.003570463279
1,2000,first_saved,3,mlp,down_proj,mlp,16,18944,3584,16,360448,3584,18944,67895296,16,32,2,0.02452182098,0.01481923691,2.975999642e-06,131.1027303,17.02716446,0.0001870427941,0.000870329111,0.0006013197043,0.001778660292,114,0.9471334043,0.0007778037155,192,2.738128044,9.089341371,0.3652130156,0.4933151146,0.6568087409,0.8501108069,1,10,13,15,0.01481923691,0.008776691652,0.00751049986,0.006473355456,0.006105832622,0.005511964042,0.005127810313,0.004720059634,0.004263191537,0.003928996841,0.003701950796,0.00337275137,0.003199071385,0.003051507306,0.00247585675,0.002400832002
1,2000,first_saved,4,attention,q_proj,self_attn,16,3584,3584,16,114688,3584,3584,12845056,16,32,2,0.01729264637,0.007612538175,4.824957133e-06,64.63333065,6.627741599,0.0002675499807,0.001148587051,0.0002990356183,0.0008845257794,140,0.9818794847,0.00204451915,176,5.160169333,12.0292765,0.19379209,0.3243307108,0.5238188622,0.8051212699,1,11,13,15,0.007612538175,0.006247855407,0.005553064112,0.005368197244,0.005234702678,0.004823846174,0.004375610971,0.003781780534,0.003426664288,0.003252898318,0.00315053094,0.002783837489,0.002640448634,0.002250390215,0.001894511016,0.001628285138
1,2000,first_saved,4,attention,k_proj,self_attn,16,3584,512,16,65536,512,3584,1835008,16,32,2,0.006032875576,0.002721055641,4.453540308e-06,29.07658056,3.357360974,0.000207482292,0.0008104745548,3.639558772e-05,0.000107655522,196,1,0.001741867191,181,4.915570079,11.6510641,0.2034352036,0.3482145746,0.5746694165,0.8108668989,1,11,13,16,0.002721055641,0.002295502188,0.002057958025,0.002001690742,0.00178530281,0.001427976079,0.001348771722,0.001245367106,0.001086361941,0.001063470776,0.001033400531,0.0009762478744,0.0009019810985,0.0008651640408,0.0007426504235,0.0006617197817
1,2000,first_saved,4,attention,v_proj,self_attn,16,3584,512,16,65536,512,3584,1835008,16,32,2,0.007112520313,0.004465670141,5.250546859e-06,20.84608852,1.508170611,0.0003411920806,0.002960984725,5.05879452e-05,0.0001496354913,193,0.9996255152,0.002421103423,166,2.536727157,7.214874396,0.3942087335,0.5977852113,0.7658178108,0.9089251843,1,8,11,15,0.004465670141,0.003209130053,0.002239391098,0.001866963162,0.001498576005,0.001404768616,0.001273822535,0.001182277128,0.001048736193,0.0009176839166,0.0008694176776,0.0007172820169,0.0006764625868,0.0006209376727,0.0005510777251,0.0004980601779
1,2000,first_saved,4,attention,o_proj,self_attn,16,3584,3584,16,114688,3584,3584,12845056,16,32,2,0.01965071165,0.01128603548,5.482899455e-06,53.27619141,3.73743622,0.0003688460291,0.003019726577,0.0003861504682,0.001142205219,133,0.9746533941,0.002640127057,151,3.031612878,8.808462936,0.3298574193,0.5053997978,0.6921157124,0.8738613792,1,10,12,15,0.01128603548,0.008233211504,0.006472510379,0.005496093814,0.00531030315,0.00415127137,0.003777958196,0.003236639099,0.003149634986,0.002883788124,0.002796385185,0.002499332459,0.002284429389,0.00216189155,0.001856504888,0.001751175904
1,2000,first_saved,4,mlp,gate_proj,mlp,16,3584,18944,16,360448,18944,3584,67895296,16,32,2,0.04469269658,0.03316199262,5.423962972e-06,156.5707198,22.80007179,0.000285447347,0.001454468781,0.001997437128,0.00590827488,57,0.7368535182,0.002583673889,152,1.816317977,5.875616329,0.5505643905,0.6367836771,0.7646396037,0.9014573,1,8,11,14,0.03316199262,0.01312317051,0.01177085893,0.01080884151,0.009470330872,0.008170955912,0.007875372497,0.007403483429,0.00653947386,0.006167834758,0.005617596843,0.005180516511,0.004977589215,0.003817372654,0.003469051495,0.002499550257
1,2000,first_saved,4,mlp,up_proj,mlp,16,3584,18944,16,360448,18944,3584,67895296,16,32,2,0.04884389186,0.0414315581,5.927757355e-06,129.500633,5.478613708,0.0003771710665,0.007562416391,0.002385725772,0.00705680467,48,0.679065177,0.003085923106,134,1.389818186,3.49808782,0.7195185745,0.7768557113,0.8611711325,0.9499590267,1,6,9,14,0.0414315581,0.011695755,0.01063838078,0.009379676316,0.008515134335,0.007343813378,0.006803818619,0.006252400484,0.005431673702,0.004248954248,0.00415304629,0.003903480212,0.003505010046,0.003328047976,0.002885474729,0.002766845478
1,2000,first_saved,4,mlp,down_proj,mlp,16,18944,3584,16,360448,3584,18944,67895296,16,32,2,0.02363157046,0.01237099237,2.867957697e-06,128.6131043,8.405113638,0.0001837415447,0.001471841179,0.0005584511226,0.001651858121,118,0.9539833486,0.0007223534419,193,3.649018712,9.876913961,0.274046279,0.4500290755,0.6585520171,0.8557851962,1,10,13,16,0.01237099237,0.009913515535,0.008324887052,0.006866303694,0.005916982628,0.00539560071,0.005140787921,0.004426533563,0.003876895795,0.003730019869,0.003257020562,0.003239590212,0.003094912363,0.00296187306,0.002482492783,0.002444683458
1,2000,first_saved,5,attention,q_proj,self_attn,16,3584,3584,16,114688,3584,3584,12845056,16,32,2,0.01892828793,0.01184191475,5.281330339e-06,63.17059862,5.959921879,0.0002996376217,0.001986924492,0.0003582800841,0.001059766634,137,0.9789818162,0.002449576064,163,2.55492883,8.486870598,0.391400335,0.5088137192,0.678786759,0.8678943438,1,10,12,15,0.01184191475,0.00648589833,0.00599568948,0.00499496373,0.004542569446,0.00417001043,0.003933914789,0.003775429997,0.003376034679,0.002914798565,0.002690111126,0.002320516905,0.002170791698,0.002066672463,0.001728794051,0.001686258485
1,2000,first_saved,5,attention,k_proj,self_attn,16,3584,512,16,65536,512,3584,1835008,16,32,2,0.006559974944,0.003632403365,4.842651314e-06,26.62700992,2.659283425,0.0002463654373,0.001365933142,4.303327127e-05,0.000127289311,195,0.9998923445,0.00205954205,175,3.261491286,9.873407191,0.3066082085,0.4403298362,0.6450541802,0.8436652814,1,10,13,15,0.003632403365,0.002398849533,0.002205909719,0.001985930648,0.001692562691,0.001603718259,0.001293955964,0.001198283205,0.001174120842,0.001069217456,0.001018040633,0.0009521146051,0.0008264333713,0.0008061571191,0.0007350330185,0.0006242793672
1,2000,first_saved,5,attention,v_proj,self_attn,16,3584,512,16,65536,512,3584,1835008,16,32,2,0.007648629328,0.00480367971,5.646308893e-06,19.82753294,1.545035145,0.0003857579938,0.003109107081,5.850153059e-05,0.0001730433058,184,0.9981974856,0.002799842045,144,2.53524038,6.809072954,0.3944399151,0.6233761001,0.7847528662,0.9193762472,1,8,10,15,0.00480367971,0.003659660809,0.002453387845,0.001849777257,0.001658138946,0.001471942001,0.001269724886,0.00116079048,0.00103044533,0.0009944575089,0.0008022503627,0.0007613363924,0.0006618396961,0.0006389766637,0.0005560232873,0.0005358414155
1,2000,first_saved,5,attention,o_proj,self_attn,16,3584,3584,16,114688,3584,3584,12845056,16,32,2,0.02197530913,0.0146481596,6.131503663e-06,53.3628664,4.012816913,0.0004118090089,0.003650343365,0.0004829142113,0.001428425388,124,0.9633153838,0.003301704854,126,2.250628738,7.414673686,0.4443202841,0.5601444212,0.7322688187,0.8860385264,1,9,12,15,0.0146481596,0.007478844954,0.006871290537,0.005992218621,0.004923855945,0.004719574133,0.004056819549,0.003358728168,0.0032549503,0.003071557305,0.002914708225,0.002688982842,0.002537532501,0.002184678065,0.00206968376,0.001944946352
1,2000,first_saved,5,mlp,gate_proj,mlp,16,3584,18944,16,360448,18944,3584,67895296,16,32,2,0.04744007833,0.03864987541,5.757388744e-06,149.2553909,21.12279898,0.0003178449907,0.001829770545,0.002250561032,0.006656997123,51,0.699439068,0.002911088261,138,1.506588328,4.027434852,0.6637513258,0.7501926167,0.8517527658,0.9477449054,1,6,9,13,0.03864987541,0.01394780989,0.01094562032,0.01042884028,0.009563155877,0.007110586375,0.00630347908,0.005855589758,0.005142769109,0.004763773238,0.004387313591,0.004041782394,0.00335116328,0.002993492204,0.002790636554,0.002213188041
1,2000,first_saved,5,mlp,up_proj,mlp,16,3584,18944,16,360448,18944,3584,67895296,16,32,2,0.04912852332,0.03446688937,5.962300594e-06,133.8345989,6.229262294,0.0003670838761,0.005533061178,0.002413611804,0.007139289541,47,0.6720083723,0.003121993534,133,2.031717123,6.502156414,0.4921945031,0.6049800333,0.7620015715,0.9086274877,1,8,11,15,0.03446688937,0.01649910564,0.01437213949,0.01313128496,0.01113218642,0.009448084037,0.008827428318,0.007923552538,0.007048655877,0.006330741223,0.005898821646,0.005198924375,0.004821777454,0.00463157203,0.00424995302,0.002487555181
1,2000,first_saved,5,mlp,down_proj,mlp,16,18944,3584,16,360448,3584,18944,67895296,16,32,2,0.02486006655,0.01502881139,3.017049558e-06,131.9044806,8.422495259,0.0001884702205,0.001784365669,0.0006180229088,0.001828067165,113,0.945354744,0.0007994092182,191,2.736247045,8.351410838,0.3654640767,0.5231253908,0.7052811785,0.8823959386,1,9,12,15,0.01502881139,0.009871084236,0.008168961025,0.006770858553,0.006349496974,0.005583374584,0.004425717139,0.004287636115,0.004055714457,0.003452257121,0.003292534285,0.00298622083,0.002707108803,0.002587765163,0.002479828326,0.002093392733
1,2000,first_saved,6,attention,q_proj,self_attn,16,3584,3584,16,114688,3584,3584,12845056,16,32,2,0.02059244942,0.01276196551,5.745661112e-06,64.21732134,5.504467816,0.0003206681468,0.002318474,0.0004240489733,0.001254306262,128,0.968676313,0.002899240737,139,2.603639687,7.843442571,0.3840777221,0.5353906861,0.7335274851,0.899256166,1,9,11,15,0.01276196551,0.008010250123,0.007292802867,0.005552903074,0.005014346732,0.004110152217,0.003888362935,0.003622248786,0.003049567741,0.002805692678,0.002445867236,0.002234568462,0.002169079972,0.001916462744,0.001823428121,0.001694212003
1,2000,first_saved,6,attention,k_proj,self_attn,16,3584,512,16,65536,512,3584,1835008,16,32,2,0.007429568745,0.003763730658,5.484595772e-06,28.53071619,2.983757002,0.0002604059672,0.001261406561,5.519849173e-05,0.0001632731552,187,0.9987035973,0.002641760932,150,3.896638684,10.26182098,0.2566314409,0.4265590539,0.6307984499,0.8452208953,1,10,12,15,0.003763730658,0.003062637416,0.00261874798,0.002101396115,0.00201742287,0.001736680511,0.001599960385,0.001479820295,0.001400575292,0.00123350871,0.001114307989,0.001104426812,0.0008877490152,0.0008678429407,0.0007308371234,0.0007236054064
1,2000,first_saved,6,attention,v_proj,self_attn,16,3584,512,16,65536,512,3584,1835008,16,32,2,0.008133492697,0.004745481721,6.004240783e-06,20.6708601,1.449466801,0.0003934762588,0.003273949922,6.615370346e-05,0.0001956778809,182,0.9978499984,0.003166069648,131,2.937606039,7.51745947,0.3404132435,0.5456269069,0.7748480575,0.9141428676,1,8,11,15,0.004745481721,0.003684514057,0.003220536797,0.002189057048,0.001683687551,0.001645029194,0.001506782198,0.00118471522,0.00110456799,0.001030836686,0.0009389247657,0.0008474569414,0.0007524491016,0.0007239670682,0.0006348185681,0.0005513682911
1,2000,first_saved,6,attention,o_proj,self_attn,16,3584,3584,16,114688,3584,3584,12845056,16,32,2,0.02332337808,0.01499612744,6.507638973e-06,54.91432347,5.067507917,0.0004247230342,0.002959270648,0.0005439799651,0.001609053481,121,0.9588450339,0.003719213992,111,2.418937571,7.655569567,0.4134046336,0.5836427588,0.7313660713,0.8767882059,1,10,12,15,0.01499612744,0.009623207855,0.006764997258,0.005881609854,0.004916972586,0.004736900826,0.004179677931,0.003875844586,0.003473237192,0.003395885419,0.003199267377,0.003065427889,0.002989120574,0.002570545085,0.0021957993,0.001852861246
1,2000,first_saved,6,mlp,gate_proj,mlp,16,3584,18944,16,360448,18944,3584,67895296,16,32,2,0.04875883291,0.03369682431,5.917434492e-06,151.057074,14.30846831,0.0003227841744,0.002355026658,0.002377423787,0.007032247998,49,0.686097425,0.003075184534,135,2.093768475,6.993079481,0.4776077259,0.6072075299,0.7350038205,0.8765089523,1,9,12,15,0.03369682431,0.01755316657,0.01296520833,0.01165029245,0.01077755944,0.009412184002,0.008552129335,0.007650735588,0.007532909768,0.007084091705,0.006854247401,0.006103124695,0.005497933164,0.005277353478,0.004856422542,0.004557418366
1,2000,first_saved,6,mlp,up_proj,mlp,16,3584,18944,16,360448,18944,3584,67895296,16,32,2,0.05174466242,0.04228546166,6.27979859e-06,129.5618208,4.117584764,0.0003993820257,0.01026948177,0.002677510089,0.007919881624,42,0.6356209695,0.003463344508,121,1.49743839,4.137642047,0.6678071074,0.7374427992,0.8354272577,0.936912065,1,7,9,14,0.04228546166,0.01365467933,0.01216713437,0.01069182946,0.008992190069,0.00870946476,0.00807450867,0.007057949161,0.006106122564,0.005726994736,0.005111301145,0.004690025744,0.004088323754,0.003713013652,0.003303729259,0.003049287087
1,2000,first_saved,6,mlp,down_proj,mlp,16,18944,3584,16,360448,3584,18944,67895296,16,32,2,0.02688845124,0.0160438724,3.263216925e-06,127.4972632,7.351193052,0.0002108943406,0.002182485521,0.00072298881,0.002138548726,109,0.9376536849,0.0009351820315,190,2.808750593,8.665020025,0.3560301874,0.4990196622,0.6900190183,0.8779456018,1,9,12,15,0.0160438724,0.01016758527,0.009081447984,0.007457727516,0.006696843042,0.006495668294,0.005210863005,0.004655567679,0.004396926842,0.003874975332,0.003591684442,0.003177019632,0.003119710266,0.002871976959,0.002740541995,0.002326048051
1,2000,first_saved,7,attention,q_proj,self_attn,16,3584,3584,16,114688,3584,3584,12845056,16,32,2,0.01940890841,0.009671348941,5.415432034e-06,60.8421112,4.562471816,0.0003190045188,0.002119760808,0.0003767057256,0.001114268352,134,0.9757676625,0.002575552953,153,4.027431063,10.45356315,0.2482972357,0.4231265871,0.6313693122,0.8386607583,1,11,13,16,0.009671348941,0.008115369226,0.006724150874,0.005764722187,0.005248567021,0.004371626482,0.004103248405,0.003820033151,0.003370972719,0.003292357741,0.003081267354,0.00278867435,0.002662553118,0.002337620313,0.002188431805,0.001990109244
1,2000,first_saved,7,attention,k_proj,self_attn,16,3584,512,16,65536,512,3584,1835008,16,32,2,0.007148216915,0.003516166926,5.276898514e-06,23.83876664,2.535220953,0.0002998568266,0.001386927211,5.109700506e-05,0.0001511412536,191,0.9993262316,0.002445466669,164,4.13291503,10.52570101,0.2419599708,0.4066242698,0.6300277972,0.8422449614,1,11,13,16,0.003516166926,0.002900664151,0.002474170328,0.002300811239,0.001946749655,0.001766737422,0.001500037274,0.001297056033,0.001264759634,0.001156692022,0.001095406614,0.001041042653,0.0008986508971,0.0008804911491,0.0008382812634,0.0007443235905
1,2000,first_saved,7,attention,v_proj,self_attn,16,3584,512,16,65536,512,3584,1835008,16,32,2,0.008390225089,0.005487980808,6.19376368e-06,24.66981772,1.714525873,0.0003401008141,0.003200873719,7.039587705e-05,0.0002082259243,180,0.997447541,0.003369097088,124,2.337340887,6.863779703,0.4278366093,0.6023019087,0.7787367507,0.9179247432,1,8,10,15,0.005487980808,0.003504516766,0.002595898184,0.002383610301,0.001768779937,0.001680337905,0.00154434636,0.001208775077,0.001186030391,0.001019322903,0.0008760464224,0.0008289627986,0.0007406460044,0.0007175115,0.0006725780764,0.0006014110388
1,2000,first_saved,7,attention,o_proj,self_attn,16,3584,3584,16,114688,3584,3584,12845056,16,32,2,0.0234963905,0.01408464108,6.555912529e-06,60.25448918,3.586358544,0.0003899525301,0.003927281922,0.0005520803666,0.001633013884,119,0.9556163625,0.003774596779,109,2.782984159,8.168219734,0.3593265153,0.5267037229,0.7272191839,0.8907542404,1,9,11,15,0.01408464108,0.009612786805,0.008061405791,0.006761241447,0.005631434373,0.005004255245,0.004347062173,0.003825169375,0.00354259326,0.00331109543,0.003295998026,0.002671418635,0.00243565078,0.002241608433,0.002098924725,0.00185373959
1,2000,first_saved,7,mlp,gate_proj,mlp,16,3584,18944,16,360448,18944,3584,67895296,16,32,2,0.0502711146,0.03070787863,6.100966937e-06,141.5222611,13.06259812,0.0003552170113,0.002350824725,0.002527184963,0.00747523075,43,0.6430962002,0.003268899788,128,2.680016069,9.337087639,0.3731320912,0.4751806102,0.6357629744,0.8292295983,1,11,13,15,0.03070787863,0.01605912459,0.01455257024,0.01392996898,0.01231221255,0.01120430035,0.01047763602,0.01010040405,0.009234656004,0.008774058845,0.008013425441,0.007665361281,0.006949724626,0.006354098301,0.005951609054,0.004715694265
1,2000,first_saved,7,mlp,up_proj,mlp,16,3584,18944,16,360448,18944,3584,67895296,16,32,2,0.05243272203,0.03028117238,6.363302387e-06,133.0640846,5.156125637,0.0003940411283,0.005872853867,0.00274919034,0.008131906633,40,0.6195759116,0.003556062516,118,2.99819198,8.952923904,0.3335343456,0.5183873475,0.6839294954,0.858298188,1,10,12,15,0.03028117238,0.0225432049,0.01606345898,0.01403823919,0.01212101814,0.01107878069,0.01043850286,0.01003752565,0.009179826089,0.00838591434,0.007404687079,0.007368254247,0.006819725764,0.005984405677,0.004932794878,0.004381516737
1,2000,first_saved,7,mlp,down_proj,mlp,16,18944,3584,16,360448,3584,18944,67895296,16,32,2,0.02987546605,0.02118769185,3.625724873e-06,132.5406245,7.649104557,0.000225406106,0.002769957148,0.000892543472,0.002640079181,102,0.9210622066,0.00115450005,189,1.988209214,5.766489271,0.5029651775,0.6506154831,0.8249066471,0.9255853451,1,7,10,15,0.02118769185,0.01147973503,0.0103767622,0.006919916677,0.005179058714,0.005014586172,0.004642846878,0.004041703101,0.003657156715,0.003447175338,0.003227074674,0.002952624967,0.002578756422,0.002459682763,0.00222530684,0.002092004236
1,2000,first_saved,8,attention,q_proj,self_attn,16,3584,3584,16,114688,3584,3584,12845056,16,32,2,0.02226512932,0.01224071178,6.212368671e-06,63.32849648,3.948352125,0.0003515815242,0.003100207729,0.0004957359836,0.001466351265,123,0.9618869584,0.003389367853,123,3.30854541,9.47872588,0.3022476273,0.4448242677,0.6678413447,0.8717974241,1,10,12,15,0.01224071178,0.008407161891,0.007691755958,0.007168994374,0.006079653567,0.005261786338,0.004404226372,0.004130686955,0.003568730047,0.003325302231,0.002886862202,0.002807006769,0.002614787596,0.002554728184,0.002297429907,0.002214941569
1,2000,first_saved,8,attention,k_proj,self_attn,16,3584,512,16,65536,512,3584,1835008,16,32,2,0.008361035148,0.003957707079,6.172215319e-06,27.2712967,2.521189182,0.0003065873706,0.001569777908,6.990690874e-05,0.0002067795913,181,0.9976543206,0.003345695409,125,4.463060795,10.15696246,0.2240614784,0.4126468109,0.629393682,0.8655269966,1,10,12,15,0.003957707079,0.003630897634,0.002911337331,0.002583837976,0.002561943834,0.002017027505,0.001846047409,0.001570828722,0.00145473124,0.001331273022,0.001193675286,0.001120862954,0.0009911745731,0.0008514582369,0.000790261687,0.0007063603856
1,2000,first_saved,8,attention,v_proj,self_attn,16,3584,512,16,65536,512,3584,1835008,16,32,2,0.009061652175,0.005701778641,6.689419119e-06,20.60217601,1.399432145,0.0004398395671,0.00407435163,8.211354014e-05,0.0002428859261,173,0.9959098327,0.003929896189,106,2.525771571,7.263432321,0.3959186221,0.562196212,0.7630240566,0.9181219698,1,8,10,14,0.005701778641,0.003695083429,0.003072525872,0.002655234462,0.002202086333,0.001933904446,0.001504624069,0.001372069427,0.001246298442,0.001211233958,0.0009576138681,0.0008950260268,0.0007990587761,0.0007620827996,0.0006906202421,0.0005372430201
1,2000,first_saved,8,attention,o_proj,self_attn,16,3584,3584,16,114688,3584,3584,12845056,16,32,2,0.02576323635,0.01963796691,7.188403001e-06,55.18688445,3.476601492,0.0004668362169,0.005648610275,0.0006637443475,0.001963307881,111,0.9416937331,0.004538048132,94,1.72110667,4.800337443,0.5810215122,0.7265354343,0.8432182652,0.9369866267,1,7,9,14,0.01963796691,0.009827718114,0.007188386251,0.005076876257,0.004584745785,0.004077691681,0.0038288718,0.003151269156,0.002942119502,0.002797850956,0.002669599024,0.002242695709,0.002086313258,0.00194360908,0.001823022807,0.001315507054
1,2000,first_saved,8,mlp,gate_proj,mlp,16,3584,18944,16,360448,18944,3584,67895296,16,32,2,0.05276200465,0.0329542529,6.403264548e-06,138.9871415,12.20566886,0.0003796178847,0.002699913726,0.002783829135,0.008234365689,39,0.611444005,0.003600867606,115,2.563419214,8.530221863,0.3901039652,0.5382780751,0.6902027609,0.8469637287,1,10,13,16,0.0329542529,0.02030988439,0.01475741282,0.0143230979,0.01168513027,0.01057221957,0.009902989855,0.009487488889,0.009238646008,0.008608558699,0.007810828453,0.007363330801,0.006813416295,0.006766210736,0.005544504477,0.005328555797
1,2000,first_saved,8,mlp,up_proj,mlp,16,3584,18944,16,360448,18944,3584,67895296,16,32,2,0.05611668481,0.0401936111,6.810392833e-06,135.5406686,4.771795697,0.0004140210122,0.008423162612,0.003149082314,0.009314758234,36,0.5856499075,0.004073320575,102,1.949260851,6.021372216,0.5130149715,0.6275169792,0.803335794,0.9130192462,1,8,11,15,0.0401936111,0.01898884534,0.0178016905,0.01538725886,0.01022206295,0.009779784125,0.008954629798,0.008067346296,0.007736360327,0.006960376597,0.006189063971,0.00580980968,0.0056024778,0.005123547507,0.004630369189,0.003804500376
1,2000,first_saved,8,mlp,down_proj,mlp,16,18944,3584,16,360448,3584,18944,67895296,16,32,2,0.03030952836,0.02073353501,3.678403232e-06,133.9759215,8.078966114,0.0002262311616,0.002566359942,0.0009186675095,0.002717352199,100,0.915776063,0.001188291348,188,2.137035065,5.981024292,0.4679380402,0.6610361537,0.8218392944,0.9254874005,1,7,10,15,0.02073353501,0.01331889497,0.009808171552,0.007178049285,0.006118924791,0.004967393719,0.004269616323,0.003856459907,0.003437749812,0.003310481972,0.003266121474,0.003001672372,0.002830082848,0.002618481212,0.002430527145,0.002285613287
1,2000,first_saved,9,attention,q_proj,self_attn,16,3584,3584,16,114688,3584,3584,12845056,16,32,2,0.02014132363,0.01127489963,5.619788958e-06,58.61718433,4.689024221,0.000343607832,0.002404530048,0.0004056729174,0.001199951215,130,0.9711216358,0.002773602867,147,3.191175184,9.152657053,0.3133641816,0.4761572174,0.6810494381,0.870342152,1,10,12,15,0.01127489963,0.008126544516,0.007113018133,0.00570299903,0.005273627057,0.00449072878,0.004210588838,0.003329276476,0.003197891385,0.003079477277,0.002951995697,0.002640855781,0.002308615618,0.002231205121,0.001910997725,0.001800193134
1,2000,first_saved,9,attention,k_proj,self_attn,16,3584,512,16,65536,512,3584,1835008,16,32,2,0.007306602134,0.004221540487,5.393820361e-06,23.26095856,2.669683376,0.0003141144039,0.001581288824,5.338643474e-05,0.0001579132214,188,0.9988615105,0.002555037161,154,2.995635725,9.389170713,0.3338189592,0.4709481258,0.6548426324,0.8494705933,1,10,12,15,0.004221540487,0.002705704586,0.002472905382,0.001924113055,0.00182437489,0.001662378482,0.001498884418,0.00143247774,0.001314941434,0.001221470235,0.001180105301,0.0009750682651,0.0009214148579,0.0008315895471,0.0007119324019,0.0006514345199
1,2000,first_saved,9,attention,v_proj,self_attn,16,3584,512,16,65536,512,3584,1835008,16,32,2,0.008963896032,0.005740319126,6.617254375e-06,24.75481428,1.539229075,0.0003621071817,0.003729346865,8.035143208e-05,0.0002376737376,174,0.9961475064,0.003845562939,108,2.43849319,7.48468013,0.4100893142,0.5749615762,0.7213445231,0.9088543182,1,8,11,15,0.005740319126,0.003639742074,0.002608691997,0.00222638844,0.002117925263,0.002073285673,0.001877307548,0.001660805837,0.001298055826,0.001104446785,0.001043360781,0.0009876967626,0.0009665336946,0.0007836021501,0.0006686217929,0.000599594034
1,2000,first_saved,9,attention,o_proj,self_attn,16,3584,3584,16,114688,3584,3584,12845056,16,32,2,0.02489320246,0.01804266216,6.945648007e-06,60.40790401,6.386428939,0.0004120851876,0.002825156645,0.0006196715286,0.001832943664,112,0.9435266768,0.004236720408,98,1.903532553,5.420550118,0.5253390589,0.7166609113,0.8177813913,0.9214829437,1,7,11,15,0.01804266216,0.01088837475,0.005955435518,0.005214812579,0.004683433695,0.004278796091,0.003618628282,0.003305114465,0.002926368232,0.002880588777,0.002705191094,0.002461984763,0.002334162385,0.002307588107,0.002105876962,0.001790513635
1,2000,first_saved,9,mlp,gate_proj,mlp,16,3584,18944,16,360448,18944,3584,67895296,16,32,2,0.04945201975,0.03196209092,6.001560535e-06,152.3015162,28.9302197,0.0003246981447,0.001104799454,0.002445502257,0.007233619199,46,0.6648690828,0.003163243659,132,2.393854239,7.929389826,0.4177363783,0.5658536402,0.7013345783,0.8691187427,1,10,12,15,0.03196209092,0.01903210703,0.01330473569,0.01242187378,0.01169094982,0.01078707806,0.009303738629,0.008409378065,0.007488909565,0.007407189635,0.006869733204,0.006596090564,0.006088531615,0.00581398352,0.005433114229,0.004245843674
1,2000,first_saved,9,mlp,up_proj,mlp,16,3584,18944,16,360448,18944,3584,67895296,16,32,2,0.05923620316,0.04488117472,7.188981581e-06,124.8133311,5.025509669,0.0004745983672,0.008930671252,0.003508927764,0.01037915511,32,0.5465382369,0.004538778678,93,1.741991359,5.253902024,0.5740556603,0.6786186282,0.8058283177,0.9257713259,1,7,10,14,0.04488117472,0.01915473574,0.01640125205,0.01331797818,0.01214778662,0.01077803655,0.009319492997,0.008383532095,0.00766253917,0.006605306516,0.006373677372,0.005937675304,0.00523682456,0.004904126349,0.003982387078,0.003860638522
1,2000,first_saved,9,mlp,down_proj,mlp,16,18944,3584,16,360448,3584,18944,67895296,16,32,2,0.03260385396,0.02618230764,3.956845528e-06,123.152261,7.968574277,0.0002647442579,0.003285695374,0.001063011293,0.003144310693,97,0.9073378762,0.001374999234,187,1.550679464,4.151338048,0.6448785989,0.7296179238,0.8691755831,0.9503828432,1,5,8,14,0.02618230764,0.009490988322,0.008921080705,0.008292507876,0.005908183326,0.004310889238,0.004133312991,0.003968571781,0.003469664608,0.002983297264,0.002728766215,0.002497111027,0.002382960784,0.002154050815,0.002088551431,0.001855464996
1,2000,first_saved,10,attention,q_proj,self_attn,16,3584,3584,16,114688,3584,3584,12845056,16,32,2,0.02339981926,0.01402221985,6.528967428e-06,63.46072333,4.326296121,0.0003687291609,0.003241160442,0.0005475515415,0.001619617946,120,0.9572359804,0.00374363301,110,2.784783661,8.214015933,0.3590943218,0.5283942293,0.7154675041,0.8935474714,1,9,11,15,0.01402221985,0.009628106009,0.007744748665,0.006515453024,0.006200185954,0.004619106417,0.004513035958,0.00416677538,0.003534389701,0.003113431419,0.002969578997,0.002737801069,0.002558107,0.002294266697,0.002121283663,0.001865880696
1,2000,first_saved,10,attention,k_proj,self_attn,16,3584,512,16,65536,512,3584,1835008,16,32,2,0.00851116613,0.005280120802,6.283043791e-06,27.07495454,2.645627635,0.0003143556942,0.00199579137,7.243994889e-05,0.0002142721413,178,0.9970267161,0.003466924927,120,2.598306728,7.70309102,0.3848660319,0.5790309556,0.7322202573,0.8904107624,1,9,11,15,0.005280120802,0.003750372935,0.002447148817,0.002260196419,0.002077454351,0.001682106092,0.001534119673,0.001400175505,0.001332829598,0.001214531288,0.0011492419,0.0009530661247,0.0009042374608,0.000787633483,0.0007777413271,0.0006443076448
1,2000,first_saved,10,attention,v_proj,self_attn,16,3584,512,16,65536,512,3584,1835008,16,32,2,0.009457278112,0.006595366385,6.981474878e-06,22.327841,1.380550377,0.0004235643793,0.004777345683,8.944010928e-05,0.0002645573889,170,0.9951602967,0.004280540627,97,2.056148458,5.416214565,0.4863462053,0.7046223529,0.8449301282,0.9428478433,1,6,9,14,0.006595366385,0.004418443447,0.002783447369,0.00219124702,0.001793978112,0.001510221702,0.001305729334,0.001246481042,0.001005844441,0.0009606777114,0.0008669695198,0.0008303976094,0.0007407974856,0.0006786212565,0.0006396654421,0.000563377755
1,2000,first_saved,10,attention,o_proj,self_attn,16,3584,3584,16,114688,3584,3584,12845056,16,32,2,0.02732352819,0.02054836777,7.623752284e-06,57.02436267,4.16756226,0.0004791553454,0.004930548481,0.0007465751926,0.002208315544,108,0.9355151362,0.005104366117,84,1.768149143,4.766473242,0.5655631506,0.7379514504,0.8552099824,0.9427928085,1,6,9,14,0.02054836777,0.01134463874,0.007434547756,0.005680652323,0.004805361745,0.004174714367,0.003623937122,0.003425566152,0.003261071403,0.002882648223,0.002413794923,0.002176709161,0.002021957317,0.00190430339,0.001769342712,0.001534762971
1,2000,first_saved,10,mlp,gate_proj,mlp,16,3584,18944,16,360448,18944,3584,67895296,16,32,2,0.05241101959,0.03331819183,6.360668551e-06,141.6545233,14.29629139,0.0003699918532,0.002330547897,0.002746914975,0.008125176267,41,0.6277010879,0.003553119344,119,2.474470999,7.989814937,0.4041267812,0.5503418497,0.7172792396,0.8766212467,1,10,12,15,0.03331819183,0.02004096708,0.01581967113,0.01443263043,0.01258752493,0.01068560442,0.009188684187,0.00897992777,0.007942425831,0.007588896179,0.006887163507,0.006323243252,0.00622117128,0.006109244676,0.005423268858,0.005038189905
1,2000,first_saved,10,mlp,up_proj,mlp,16,3584,18944,16,360448,18944,3584,67895296,16,32,2,0.05907026149,0.04414120276,7.168842687e-06,133.0485243,5.207359972,0.0004439753226,0.0084766951,0.003489295792,0.01032108515,33,0.556859322,0.00451338483,95,1.790809796,5.493619282,0.5584065946,0.6548976121,0.809716516,0.9184117355,1,8,11,15,0.04414120276,0.01834899728,0.0169109288,0.0159445739,0.01137027551,0.009941332807,0.009196019512,0.008160253306,0.007617307011,0.007104804412,0.006650497844,0.006167440481,0.005664134419,0.004878469984,0.004364537222,0.004357345441
1,2000,first_saved,10,mlp,down_proj,mlp,16,18944,3584,16,360448,3584,18944,67895296,16,32,2,0.03388333597,0.02786035699,4.112125106e-06,132.2723567,9.042357462,0.000256163395,0.003081094406,0.001148080456,0.00339593914,91,0.888040388,0.001485035728,186,1.479104881,3.746419794,0.6760845787,0.7800912946,0.8797820626,0.9544908343,1,5,8,14,0.02786035699,0.01092740032,0.008516067693,0.006475307984,0.005759793185,0.004796302107,0.004020498531,0.003664360913,0.003288036297,0.002899979754,0.002774471642,0.002630460986,0.002398962852,0.002133730481,0.002114584121,0.001905467389
1,2000,first_saved,11,attention,q_proj,self_attn,16,3584,3584,16,114688,3584,3584,12845056,16,32,2,0.0241563566,0.01535167963,6.740054855e-06,64.22327868,4.078706677,0.0003761308532,0.003763859685,0.0005835295642,0.001726038341,116,0.9506378936,0.003989616271,105,2.476002433,7.111413882,0.4038768245,0.5977350695,0.7658207086,0.9104617022,1,8,11,15,0.01535167963,0.01063588347,0.007643817008,0.006297221711,0.005725836789,0.004469584257,0.004252779928,0.003681544311,0.003522669953,0.003214838199,0.00272365912,0.002463502792,0.002353614582,0.002134211315,0.001803178358,0.001634282378
1,2000,first_saved,11,attention,k_proj,self_attn,16,3584,512,16,65536,512,3584,1835008,16,32,2,0.008686448949,0.004808876939,6.412439647e-06,28.02436584,2.629942691,0.0003099605893,0.001828510163,7.545439535e-05,0.0002231886563,175,0.9963706951,0.00361119421,114,3.262850807,8.393213464,0.306480455,0.5183474973,0.73012196,0.8987830309,1,9,11,15,0.004808876939,0.00399828708,0.003101793947,0.002521544832,0.002004062644,0.00183919264,0.001803174962,0.001440792328,0.001272169113,0.001150163351,0.001033009848,0.001005618334,0.0008993868489,0.0008405978057,0.0007794092723,0.0007032904456
1,2000,first_saved,11,attention,v_proj,self_attn,16,3584,512,16,65536,512,3584,1835008,16,32,2,0.009846303246,0.006125649637,7.268657847e-06,19.79359423,1.450042376,0.0004974489793,0.004224462496,9.694968761e-05,0.0002867701797,169,0.9948957393,0.004639943757,92,2.583700133,6.72319932,0.3870418194,0.6086924041,0.7991591598,0.9266815655,1,7,10,14,0.006125649637,0.004635618076,0.003598085959,0.002349355211,0.002029787385,0.001864779501,0.001643256403,0.001437193922,0.001259210574,0.001187580189,0.001043098029,0.0008949225734,0.0008247764975,0.000763154223,0.00072640375,0.0006580109324
1,2000,first_saved,11,attention,o_proj,self_attn,16,3584,3584,16,114688,3584,3584,12845056,16,32,2,0.02788468576,0.01970525085,7.780325267e-06,55.28331617,4.352447393,0.0005043960401,0.004527395525,0.0007775556998,0.002299953648,107,0.9333068206,0.005316181153,82,2.00247717,5.480350061,0.4993814735,0.7098298791,0.818166263,0.9334011223,1,7,10,14,0.01970525085,0.01279200365,0.007034338492,0.005895392672,0.005602258601,0.005457683226,0.003913564999,0.003621315091,0.003545989372,0.002968422127,0.002691934646,0.002593900977,0.002520393506,0.002109831471,0.001835277315,0.001500638835
1,2000,first_saved,11,mlp,gate_proj,mlp,16,3584,18944,16,360448,18944,3584,67895296,16,32,2,0.05576343665,0.03910830897,6.767522184e-06,138.8546204,12.73443785,0.0004015958309,0.003071066773,0.003109560867,0.009197856647,37,0.5948477642,0.004022199802,104,2.033110518,6.801647404,0.4918571772,0.6100975258,0.7350907951,0.8846370777,1,9,12,15,0.03910830897,0.01917486795,0.0143565895,0.01351156974,0.01265824524,0.01098692154,0.009876651811,0.009302225512,0.008266015232,0.00818017207,0.00722328896,0.006783274692,0.006063423712,0.005847148508,0.005546302327,0.004856064726
1,2000,first_saved,11,mlp,up_proj,mlp,16,3584,18944,16,360448,18944,3584,67895296,16,32,2,0.06076139217,0.04120315142,7.374080475e-06,135.3622263,5.395259534,0.0004488799705,0.007636917401,0.003691946778,0.01092051214,31,0.5361590817,0.004775512761,90,2.174676008,6.665544083,0.4598386134,0.6160041098,0.7736424537,0.9037618842,1,8,11,15,0.04120315142,0.0240115535,0.0199852738,0.01351226136,0.01258103164,0.01104968171,0.01028293884,0.009709652835,0.009164000277,0.007730144162,0.006916703881,0.006696030474,0.006148430023,0.005802928696,0.004947779677,0.004789223113
1,2000,first_saved,11,mlp,down_proj,mlp,16,18944,3584,16,360448,3584,18944,67895296,16,32,2,0.03567815523,0.02979427216,4.329946673e-06,133.9901933,9.874548009,0.0002662743769,0.00301727959,0.001272930761,0.003765237331,83,0.8598408549,0.001646528907,183,1.433967209,3.349446222,0.6973660163,0.8204714194,0.9030122904,0.9653095914,1,4,7,13,0.02979427216,0.01251817296,0.008325306129,0.005979806986,0.005348432203,0.004985159698,0.003759737387,0.003421546627,0.003048051187,0.002862380769,0.002618432497,0.002362264136,0.002320475579,0.001931277551,0.001691543766,0.00150413022
1,2000,first_saved,12,attention,q_proj,self_attn,16,3584,3584,16,114688,3584,3584,12845056,16,32,2,0.02649703712,0.02105269428,7.393146517e-06,62.2614544,3.987363562,0.0004255769059,0.005279853205,0.0007020929761,0.002076740357,110,0.9397304253,0.004800239325,89,1.584087841,4.32180727,0.6312781236,0.7367941989,0.8540264363,0.9443104321,1,6,9,14,0.02105269428,0.008607095635,0.007471361994,0.005146521199,0.00468514913,0.00410457962,0.003615793046,0.003393464848,0.002903527496,0.002787188828,0.002331392529,0.002132906307,0.002109393637,0.001832436786,0.001731203096,0.001453014213
1,2000,first_saved,12,attention,k_proj,self_attn,16,3584,512,16,65536,512,3584,1835008,16,32,2,0.008623059329,0.004726918774,6.365644678e-06,26.82323033,2.550901778,0.0003214772875,0.001853038332,7.435715219e-05,0.0002199430903,177,0.9968124439,0.003558680926,117,3.327870893,9.312261515,0.3004924266,0.4681623181,0.6774397564,0.8721128821,1,9,12,15,0.004726918774,0.003530928438,0.002956970773,0.002611053079,0.002198947391,0.002022661201,0.001753496087,0.001572915366,0.001499434145,0.001228733488,0.001209550109,0.001069266836,0.00102438534,0.0009338613891,0.0008130563334,0.0007499113937
1,2000,first_saved,12,attention,v_proj,self_attn,16,3584,512,16,65536,512,3584,1835008,16,32,2,0.0102678004,0.006311340548,7.579812047e-06,20.58290962,1.394157307,0.0004988507744,0.004526993127,0.0001054277251,0.0003118476028,167,0.9943206121,0.005045696659,86,2.646741984,7.451007379,0.3778230013,0.5517654883,0.7489864635,0.920550705,1,8,10,14,0.006311340548,0.004282331224,0.003630504859,0.002758984092,0.002662637877,0.002294619864,0.001792205886,0.001587672815,0.001318764485,0.001204359982,0.001161627189,0.001080271962,0.0009393472178,0.0008643404828,0.0007423197089,0.000699767281
1,2000,first_saved,12,attention,o_proj,self_attn,16,3584,3584,16,114688,3584,3584,12845056,16,32,2,0.02916702668,0.02310303171,8.138121285e-06,55.60919012,4.645865741,0.0005245001163,0.004972815187,0.0008507154456,0.002516354897,104,0.9261620804,0.005816377425,73,1.593846046,4.132452239,0.6274131697,0.7678297945,0.8688854378,0.9548881351,1,5,8,13,0.02310303171,0.01092952842,0.007322178217,0.005688172186,0.005639659492,0.004015287022,0.003732526711,0.003362109192,0.002906877944,0.002705470502,0.002343375704,0.002296021533,0.001896192111,0.001793587935,0.001638137732,0.001532556112
1,2000,first_saved,12,mlp,gate_proj,mlp,16,3584,18944,16,360448,18944,3584,67895296,16,32,2,0.05669808318,0.03705912431,6.880952086e-06,136.4126472,12.85028443,0.0004156365583,0.002883914712,0.003214672637,0.009508769676,35,0.5763351493,0.004158161296,99,2.340703732,7.565978873,0.4272219445,0.5788823347,0.730881326,0.8783898346,1,9,12,15,0.03705912431,0.02208027415,0.01651585124,0.01469195889,0.01296808588,0.0114084506,0.009746274055,0.008993203644,0.008901944675,0.008183640147,0.007177386837,0.006895231147,0.006684107106,0.00644439483,0.005537721257,0.005365381854
1,2000,first_saved,12,mlp,up_proj,mlp,16,3584,18944,16,360448,18944,3584,67895296,16,32,2,0.06230224051,0.04045277595,7.561079805e-06,136.8439442,5.245419205,0.0004552794854,0.007712019644,0.003881569172,0.0114814015,30,0.5252385696,0.00502078828,88,2.371978083,7.195770033,0.4215890557,0.5809291684,0.7570142446,0.9082547036,1,8,11,15,0.04045277595,0.02486945253,0.01920181857,0.01774194372,0.01460887221,0.01236279245,0.01126571944,0.00968896714,0.009195298327,0.00844009333,0.006807302453,0.006429802706,0.005754934778,0.005504587579,0.005105938162,0.004811957451
1,2000,first_saved,12,mlp,down_proj,mlp,16,18944,3584,16,360448,3584,18944,67895296,16,32,2,0.03551791943,0.02794911688,4.310500251e-06,135.7320954,10.97227654,0.0002616766457,0.002547248675,0.001261522601,0.003731492816,84,0.8635723477,0.001631772514,184,1.614949163,4.297627344,0.6192145379,0.7549172649,0.8686781494,0.9478137894,1,6,9,14,0.02794911688,0.01308403825,0.008572109221,0.00836844492,0.00589928135,0.005313501794,0.004619415866,0.003931612093,0.003851789251,0.003705000452,0.003081580079,0.002649018338,0.002565720379,0.002450289741,0.00210452418,0.001934290167
1,2000,first_saved,13,attention,q_proj,self_attn,16,3584,3584,16,114688,3584,3584,12845056,16,32,2,0.02307945316,0.01411553327,6.439579564e-06,61.02667804,4.278850652,0.0003781862932,0.003298907678,0.000532661158,0.001575573266,122,0.9604206071,0.00364182683,113,2.673353865,7.562889403,0.374061965,0.5644323483,0.7536868149,0.9031829902,1,8,11,15,0.01411553327,0.01006990113,0.008212907943,0.005775521316,0.00516753708,0.004890813476,0.004179206663,0.003397284441,0.003178883369,0.003133672939,0.002795546503,0.002621345927,0.002334729328,0.002195074617,0.001927634497,0.001724480184
1,2000,first_saved,13,attention,k_proj,self_attn,16,3584,512,16,65536,512,3584,1835008,16,32,2,0.008477870792,0.004480017447,6.258464777e-06,25.60451226,2.954482292,0.0003311084665,0.001516346014,7.187429316e-05,0.0002125989724,179,0.997239315,0.003439853042,122,3.581081261,9.837899033,0.279245269,0.4261708373,0.6524626183,0.8634882321,1,10,12,15,0.004480017447,0.00324964173,0.002935249943,0.002765658977,0.002263652688,0.002033551396,0.001804799021,0.001628054838,0.001546806748,0.001346725892,0.001161657036,0.001065084603,0.001032754577,0.0009205161392,0.0008494969117,0.0006971196594
1,2000,first_saved,13,attention,v_proj,self_attn,16,3584,512,16,65536,512,3584,1835008,16,32,2,0.01061281313,0.006468213692,7.834504535e-06,22.45929845,1.357320775,0.0004725353801,0.004765427459,0.0001126318025,0.000333156744,164,0.9933656035,0.005390478731,80,2.692106991,6.499323122,0.3714562621,0.6052114939,0.8156288686,0.941999807,1,6,9,14,0.006468213692,0.005131108371,0.004039525733,0.002716968907,0.002407202991,0.002044231889,0.001551754386,0.001360858058,0.001205961183,0.001091497522,0.0009491742425,0.0008799864875,0.0008494848388,0.0008031216062,0.0006603822746,0.0006394650576
1,2000,first_saved,13,attention,o_proj,self_attn,16,3584,3584,16,114688,3584,3584,12845056,16,32,2,0.03059703287,0.01974870245,8.537118547e-06,57.5119353,5.357018124,0.0005320118809,0.003686510292,0.0009361784206,0.00276914821,99,0.9130587108,0.006400691394,62,2.400388258,5.665381549,0.4165992718,0.6880736832,0.8513439304,0.9476933027,1,6,9,14,0.01974870245,0.01594203518,0.009998573289,0.007271768309,0.00543155309,0.004843259334,0.00447389657,0.004150364165,0.003591332546,0.002889445163,0.002648644031,0.002247545745,0.002168590603,0.002067867137,0.00186166267,0.001791762772
1,2000,first_saved,13,mlp,gate_proj,mlp,16,3584,18944,16,360448,18944,3584,67895296,16,32,2,0.05804832557,0.03663232912,7.044819233e-06,139.2511201,12.89101172,0.0004168607442,0.002841695433,0.003369608101,0.009967057599,34,0.5668263796,0.004358569463,96,2.511020908,7.920933208,0.3982443941,0.5596925692,0.718890716,0.8785610158,1,9,12,15,0.03663232912,0.0233241737,0.01684834261,0.01589241066,0.01460858741,0.01077002698,0.01067383947,0.009730939287,0.008950959497,0.008504524968,0.007588588248,0.007375274419,0.006889713174,0.006492720781,0.00602346394,0.004343746195
1,2000,first_saved,13,mlp,up_proj,mlp,16,3584,18944,16,360448,18944,3584,67895296,16,32,2,0.06497858203,0.04422064987,7.885884046e-06,135.2433981,5.287465668,0.0004804565913,0.008363297777,0.004222216123,0.0124890106,27,0.4902259959,0.005461413229,78,2.159186809,6.038582463,0.4631373236,0.6654973478,0.8130542177,0.923259823,1,7,10,15,0.04422064987,0.02923025413,0.02015074669,0.01472971157,0.01392757769,0.01026365357,0.009361243772,0.008852061564,0.008046296501,0.007464215379,0.006843764098,0.006217728935,0.005823389687,0.005721895716,0.005141471796,0.004997225579
1,2000,first_saved,13,mlp,down_proj,mlp,16,18944,3584,16,360448,3584,18944,67895296,16,32,2,0.03724606717,0.02911370617,4.520230477e-06,133.5886979,10.55101117,0.0002788115145,0.002759328533,0.00138726952,0.004103443129,78,0.8401641954,0.00179442546,179,1.636687838,3.930299982,0.6109900599,0.8104412204,0.8943382158,0.956343369,1,5,8,14,0.02911370617,0.01663407694,0.008217238399,0.006990331733,0.005322422417,0.004915563495,0.004427800616,0.003731152078,0.003494706477,0.003218583002,0.003037492319,0.002759131319,0.002573585659,0.002403647505,0.002183539691,0.001995842783
1,2000,first_saved,14,attention,q_proj,self_attn,16,3584,3584,16,114688,3584,3584,12845056,16,32,2,0.02392826605,0.01558789415,6.676413519e-06,59.87938233,4.193251929,0.0003996077635,0.003717376015,0.0005725619163,0.00169359683,117,0.9523314904,0.003914629999,107,2.35639212,6.625563484,0.4243775861,0.6354057514,0.7824572168,0.9188843084,1,7,10,14,0.01558789415,0.01099211948,0.007063075053,0.005857391876,0.005199307884,0.004988954619,0.003947044849,0.003257502625,0.003185865808,0.002835190146,0.002668331017,0.002451345188,0.002374156488,0.00198464613,0.001720155961,0.001610047272
1,2000,first_saved,14,attention,k_proj,self_attn,16,3584,512,16,65536,512,3584,1835008,16,32,2,0.009310776852,0.00509572798,6.87332591e-06,25.30762157,2.356789779,0.0003679040651,0.002162147861,8.669056558e-05,0.0002564244371,171,0.9954167211,0.004148949403,100,3.338561367,8.408128101,0.2995302138,0.5018772247,0.7357842237,0.8998272177,1,9,11,15,0.00509572798,0.004188266565,0.00351779363,0.002811166664,0.0022252725,0.001866074556,0.001828291573,0.001563412263,0.001393685549,0.001240741302,0.001169289009,0.001034503834,0.0009635740916,0.0008347990771,0.0007654283491,0.0007440139175
1,2000,first_saved,14,attention,v_proj,self_attn,16,3584,512,16,65536,512,3584,1835008,16,32,2,0.01078729794,0.007060937309,7.96331129e-06,19.75801698,1.436823609,0.0005459706785,0.004914268713,0.0001163657968,0.0003442016296,162,0.9926956963,0.005569185066,75,2.333998844,6.429408019,0.4284492269,0.609754864,0.804274805,0.9355270656,1,7,10,14,0.007060937309,0.004593231426,0.003859531932,0.002781992307,0.00243851888,0.002060813052,0.001706685879,0.001472131939,0.001266120479,0.001162343636,0.001082713107,0.0009876712713,0.0008527085245,0.0008340932469,0.000722886116,0.000674678193
1,2000,first_saved,14,attention,o_proj,self_attn,16,3584,3584,16,114688,3584,3584,12845056,16,32,2,0.02990931176,0.02157483727,8.345232075e-06,54.60895525,4.86361508,0.0005476997613,0.004435967261,0.0008945669298,0.002646064423,101,0.9184221275,0.006116191874,68,1.92184245,5.045740967,0.5203340159,0.7178482285,0.8520059159,0.9512272695,1,6,8,14,0.02157483727,0.01329246714,0.009093388445,0.006109281233,0.005736605029,0.005124228399,0.004105853844,0.00356871852,0.003043415492,0.002711857543,0.002650675274,0.002359008039,0.002076158048,0.001988062196,0.001780905616,0.001728720897
1,2000,first_saved,14,mlp,gate_proj,mlp,16,3584,18944,16,360448,18944,3584,67895296,16,32,2,0.06236028768,0.04091083048,7.568124486e-06,136.8307712,12.15682623,0.0004557475423,0.003365255841,0.00388880548,0.01150280598,29,0.5137571681,0.005030148404,87,2.323483693,6.749913335,0.4303882154,0.6479734428,0.7702621886,0.9007689147,1,8,12,15,0.04091083048,0.02908859956,0.01662913357,0.014107766,0.01327099048,0.01147678928,0.01060164273,0.009342620766,0.008364873675,0.007819893158,0.007267303153,0.007050756612,0.00662375541,0.006396505356,0.006323017877,0.005241346402
1,2000,first_saved,14,mlp,up_proj,mlp,16,3584,18944,16,360448,18944,3584,67895296,16,32,2,0.06849627215,0.05410817086,8.312795429e-06,136.2790228,5.110151387,0.00050261787,0.01058836945,0.004691739298,0.01387782627,23,0.4377884223,0.006068738862,69,1.602537373,4.356021904,0.624010408,0.7558868415,0.8574324774,0.936827435,1,6,9,14,0.05410817086,0.02487428081,0.01603828945,0.014805368,0.01081153162,0.009804390726,0.009259284099,0.008587829033,0.008124371311,0.007820657676,0.006998182152,0.005767167335,0.005699075417,0.005001369891,0.004161934702,0.003488764199
1,2000,first_saved,14,mlp,down_proj,mlp,16,18944,3584,16,360448,3584,18944,67895296,16,32,2,0.03821975554,0.02989282902,4.638398546e-06,134.806716,9.680714936,0.0002835152186,0.00308787411,0.001460749714,0.00432079224,77,0.8360607522,0.001889471685,178,1.634713969,3.787126922,0.6117278122,0.8230743988,0.9031168377,0.9605727128,1,4,7,13,0.02989282902,0.01757055679,0.008450728378,0.006745899463,0.005688267897,0.00472363122,0.003950116311,0.003695422935,0.003338205338,0.003330597998,0.002943734935,0.00270813701,0.002557309399,0.002372040669,0.002004462732,0.001781302913
1,2000,first_saved,15,attention,q_proj,self_attn,16,3584,3584,16,114688,3584,3584,12845056,16,32,2,0.02452037827,0.01502885251,6.841623401e-06,62.19952571,4.431282996,0.0003942213062,0.003391535256,0.0006012489505,0.001778451007,115,0.9489118553,0.004110764464,101,2.661967119,8.031927772,0.3756620407,0.5202875498,0.7222371509,0.8968249215,1,9,11,15,0.01502885251,0.009325016655,0.008542089423,0.006960940598,0.006209650137,0.004983849836,0.004823545955,0.00427850491,0.003823995283,0.003439771278,0.003088211858,0.002688839016,0.002560321427,0.00223572185,0.002085072533,0.001706109046
1,2000,first_saved,15,attention,k_proj,self_attn,16,3584,512,16,65536,512,3584,1835008,16,32,2,0.008659496401,0.005147700543,6.392542957e-06,26.49714436,2.554430019,0.000326808666,0.002015205155,7.498687793e-05,0.0002218057736,176,0.9965925008,0.003588819156,116,2.82981942,8.611406148,0.3533794393,0.5108213543,0.6920864132,0.8829336588,1,9,11,15,0.005147700543,0.003435997331,0.002713024548,0.002496397133,0.002115235312,0.001980612353,0.001742846711,0.001696018494,0.001386841875,0.001329905529,0.001157609587,0.001024790662,0.0009588300714,0.0008470114104,0.0007720323988,0.0006807253618
1,2000,first_saved,15,attention,v_proj,self_attn,16,3584,512,16,65536,512,3584,1835008,16,32,2,0.01132781123,0.007558099761,8.362324613e-06,20.84346331,1.513636188,0.0005434706825,0.004993339762,0.0001283193073,0.0003795592509,160,0.9919726104,0.006141271656,65,2.246294876,5.397271042,0.4451775279,0.7025625234,0.8684901943,0.9513349592,1,6,8,14,0.007558099761,0.005746952612,0.003423370559,0.003093906562,0.001862986506,0.001649524388,0.001547979878,0.00142922766,0.001127257105,0.00109216571,0.0009367008198,0.0009284061476,0.0008088701456,0.0007435711399,0.0006777514931,0.0006125907019
1,2000,first_saved,15,attention,o_proj,self_attn,16,3584,3584,16,114688,3584,3584,12845056,16,32,2,0.03358454504,0.02545541093,9.37068779e-06,55.32372416,4.436380813,0.0006070550301,0.005737877788,0.001127921665,0.003336310891,92,0.8913766989,0.007711648055,43,1.740679098,4.388335447,0.5744884289,0.7731175648,0.8792270339,0.9543062121,1,5,8,14,0.02545541093,0.01496790252,0.008300881648,0.007125905767,0.005397897128,0.004870820749,0.00405119184,0.003925441152,0.003203234552,0.003024529396,0.002729524073,0.002587949273,0.002349205558,0.002170402315,0.002101052774,0.001827267043
1,2000,first_saved,15,mlp,gate_proj,mlp,16,3584,18944,16,360448,18944,3584,67895296,16,32,2,0.0655226139,0.04267398664,7.951908451e-06,135.1894024,11.29029455,0.000484672709,0.003779705345,0.004293212933,0.01269901404,26,0.4777369853,0.00555324721,77,2.357523307,6.787315487,0.4241739612,0.6387001709,0.781871596,0.9000106262,1,8,11,15,0.04267398664,0.03034809216,0.018638138,0.01634886006,0.01233200624,0.01194095206,0.0105266351,0.01008569539,0.009644352357,0.008643193404,0.008038720993,0.007284081744,0.006825556242,0.00633631793,0.005776887715,0.004875335009
1,2000,first_saved,15,mlp,up_proj,mlp,16,3584,18944,16,360448,18944,3584,67895296,16,32,2,0.06881278446,0.04752399552,8.351207769e-06,137.7909675,5.104531584,0.0004993998208,0.009310157991,0.004735199305,0.01400637783,22,0.423910596,0.006124954141,67,2.0965845,6.270415412,0.4769662277,0.6447859255,0.7966124739,0.9115418631,1,8,11,15,0.04752399552,0.0281897094,0.02083898988,0.01687203211,0.01405429431,0.01186387528,0.01069194697,0.009571891581,0.009479543898,0.008603051698,0.007799838485,0.007462806349,0.006629779345,0.005973228994,0.005558576317,0.005284930378
1,2000,first_saved,15,mlp,down_proj,mlp,16,18944,3584,16,360448,3584,18944,67895296,16,32,2,0.04024212478,0.03169613578,4.883835871e-06,135.8289432,10.25074536,0.0002962706169,0.003092081079,0.001619428607,0.004790152955,70,0.8047231511,0.002094721956,174,1.611941103,3.694060173,0.6203700608,0.8289484815,0.9077746785,0.9628173107,1,4,7,13,0.03169613578,0.01837873394,0.008919504939,0.006935115723,0.005497123626,0.00505392424,0.004253707798,0.003909356048,0.003576333283,0.003122475085,0.002897454179,0.002846383587,0.00264163947,0.002459090752,0.002217862922,0.001798126179
1,2000,first_saved,16,attention,q_proj,self_attn,16,3584,3584,16,114688,3584,3584,12845056,16,32,2,0.02850146602,0.02079584233,7.952417976e-06,59.49077975,4.165600608,0.0004790904766,0.004992279455,0.0008123335656,0.002402824066,106,0.931006867,0.00555395889,76,1.878370965,5.208606937,0.5323762018,0.6874824158,0.8483198022,0.9421561975,1,6,9,14,0.02079584233,0.01122488235,0.009166522555,0.006828504363,0.005356224456,0.004174524446,0.004011166004,0.00374449009,0.003219104794,0.003025101737,0.002737395668,0.002444336437,0.002312403057,0.001771890972,0.001709071255,0.001612060925
1,2000,first_saved,16,attention,k_proj,self_attn,16,3584,512,16,65536,512,3584,1835008,16,32,2,0.01029592111,0.005994778422,7.600571088e-06,23.76947927,2.38045003,0.0004331572012,0.002518338275,0.0001060059915,0.0003135580732,166,0.9940087645,0.005073372083,85,2.949742746,8.269010288,0.3390126143,0.544990753,0.7265777254,0.886149797,1,9,12,15,0.005994778422,0.004672784698,0.003206549608,0.002994552833,0.002450126478,0.00203204116,0.001863106611,0.001819922633,0.001562423045,0.001398586481,0.001374501463,0.001311379341,0.001147920381,0.001084760123,0.0009795899614,0.0007801291443
1,2000,first_saved,16,attention,v_proj,self_attn,16,3584,512,16,65536,512,3584,1835008,16,32,2,0.01211675244,0.007193349356,8.944730374e-06,22.40522075,1.824063248,0.0005408004045,0.003943585488,0.0001468156897,0.0004342702155,156,0.9903747713,0.007026495492,56,2.83733205,6.262723406,0.3524437684,0.6216273362,0.8479147891,0.9450938975,1,6,9,14,0.007193349356,0.00628652298,0.004432908652,0.003684001813,0.002336290313,0.001885307397,0.001694941275,0.00154335851,0.001356163971,0.001174248212,0.001128939872,0.001008839549,0.0009528498503,0.0008141689203,0.0007534312455,0.000642123627
1,2000,first_saved,16,attention,o_proj,self_attn,16,3584,3584,16,114688,3584,3584,12845056,16,32,2,0.03390560429,0.02777037444,9.460269054e-06,57.14794744,5.305729657,0.0005932952242,0.005234034946,0.001149590002,0.003400404268,90,0.8846444488,0.007859795389,39,1.49066312,3.342891282,0.6708423831,0.833517633,0.9242321726,0.9700820494,1,4,6,12,0.02777037444,0.01367515414,0.008082715709,0.006241332763,0.00446805422,0.003665780757,0.003194202032,0.003017312759,0.002863851531,0.002474644242,0.002367164257,0.002202039003,0.001902839266,0.001599741495,0.001428113041,0.001181502335
1,2000,first_saved,16,mlp,gate_proj,mlp,16,3584,18944,16,360448,18944,3584,67895296,16,32,2,0.06745799793,0.04442517157,8.186789138e-06,134.9977526,11.1539179,0.0004996971921,0.003982920796,0.004550581484,0.01346029164,25,0.4650379712,0.00588615201,72,2.305731156,6.217218463,0.4337019072,0.6585733938,0.8168988472,0.9234650531,1,7,10,15,0.04442517157,0.03198899847,0.02099723651,0.01672091311,0.01327618613,0.01108771644,0.01031424673,0.008908419833,0.008513046876,0.007820090871,0.007330407989,0.006666527042,0.006160606339,0.005588957916,0.005366683177,0.00429935467
1,2000,first_saved,16,mlp,up_proj,mlp,16,3584,18944,16,360448,18944,3584,67895296,16,32,2,0.07076236894,0.05048897376,8.587811842e-06,137.5385522,5.143468407,0.0005144911577,0.009816133739,0.005007312858,0.01481127009,20,0.3956376062,0.006476931518,61,1.964317295,5.608536932,0.5090827244,0.6952548255,0.8230307697,0.9240647817,1,7,10,15,0.05048897376,0.03053231003,0.01820433668,0.01756178392,0.01350478944,0.01083322458,0.01066394937,0.009615144231,0.009086642931,0.007968445755,0.007856816923,0.006699916287,0.006251246236,0.005941467394,0.005271182284,0.005038378713
1,2000,first_saved,16,mlp,down_proj,mlp,16,18944,3584,16,360448,3584,18944,67895296,16,32,2,0.04125919137,0.03347565959,5.007268376e-06,134.9634501,10.57249789,0.0003057064068,0.003166296172,0.001702320873,0.005035342295,65,0.7804507239,0.002201942644,172,1.519088718,3.058198044,0.6582893996,0.8866908609,0.9345529732,0.9729580333,1,3,6,12,0.03347565959,0.01971833093,0.007327204003,0.005271503993,0.004657211861,0.004240899404,0.003633716983,0.003535390543,0.003047372744,0.002956286942,0.002626223961,0.002409870497,0.002252758308,0.002117807152,0.001785545015,0.001598519603
1,2000,first_saved,17,attention,q_proj,self_attn,16,3584,3584,16,114688,3584,3584,12845056,16,32,2,0.02955371147,0.02322106745,8.246013245e-06,61.23376521,3.918369949,0.0004826375018,0.005926205987,0.0008734218617,0.002583518837,103,0.9236457255,0.00597162215,71,1.619793672,4.192922148,0.6173625796,0.751750063,0.8819701892,0.9526248935,1,5,8,13,0.02322106745,0.01083406507,0.008792876623,0.006035099477,0.004965138987,0.003779190766,0.003447051477,0.003300653193,0.003065685447,0.002850910772,0.002420887991,0.002306438442,0.002107132003,0.001922707608,0.001659061443,0.001335171367
1,2000,first_saved,17,attention,k_proj,self_attn,16,3584,512,16,65536,512,3584,1835008,16,32,2,0.01066989915,0.007106055787,7.876646111e-06,24.23682136,2.341320681,0.0004402350865,0.003035063008,0.0001138467479,0.0003367504645,163,0.9930324467,0.005448625157,79,2.254568339,7.156695473,0.4435438851,0.5645720413,0.7458519372,0.9053306978,1,8,11,15,0.007106055787,0.003711962013,0.003525914348,0.002864621199,0.002529045171,0.002264959887,0.00195509428,0.001675598946,0.001480575282,0.001432239881,0.001208365863,0.001122443919,0.00108656348,0.001029158961,0.0009184758982,0.0008549638522
1,2000,first_saved,17,attention,v_proj,self_attn,16,3584,512,16,65536,512,3584,1835008,16,32,2,0.01258215944,0.00854756564,9.288299337e-06,22.07691202,1.650477732,0.0005699238837,0.005178843357,0.0001583107361,0.000468271733,152,0.9885824461,0.007576640313,45,2.166833189,5.200882482,0.461502992,0.7212490974,0.8733785154,0.9472749067,1,5,9,14,0.00854756564,0.006412534377,0.003524432441,0.00341498113,0.002165831749,0.001802767019,0.001435545092,0.001302691946,0.001270150884,0.001247999084,0.001144672749,0.001040059133,0.0009641572127,0.0008846577369,0.0007883790285,0.0006711219814
1,2000,first_saved,17,attention,o_proj,self_attn,16,3584,3584,16,114688,3584,3584,12845056,16,32,2,0.03483840564,0.02674754259,9.720537287e-06,56.8536688,4.791268337,0.0006127732189,0.005582559922,0.001213714507,0.003590079926,86,0.8708214875,0.008298217337,34,1.696480092,3.632392153,0.5894557825,0.8437735942,0.9187266255,0.9680281357,1,4,7,12,0.02674754259,0.01756898453,0.007867199235,0.005392472305,0.004448594611,0.00403753125,0.003566264557,0.003320852711,0.002927715129,0.002560015778,0.002489764183,0.002336933454,0.002021050504,0.001848393599,0.001631934581,0.001361954724
1,2000,first_saved,17,mlp,gate_proj,mlp,16,3584,18944,16,360448,18944,3584,67895296,16,32,2,0.06944910252,0.04430559646,8.428432145e-06,133.6220391,11.14984539,0.0005197428732,0.003973651195,0.00482317784,0.01426661199,21,0.4099042182,0.00623875389,64,2.457061915,6.989675877,0.406990151,0.5704938774,0.7893653112,0.9089525128,1,8,11,15,0.04430559646,0.02808215714,0.02708531367,0.01794551846,0.01412083039,0.01258103434,0.01099227886,0.009913620458,0.009659609079,0.008897109992,0.008472155271,0.007380869507,0.006703834235,0.006177098323,0.005475469986,0.005228599288
1,2000,first_saved,17,mlp,up_proj,mlp,16,3584,18944,16,360448,18944,3584,67895296,16,32,2,0.07581275845,0.05579953683,9.200733589e-06,138.3325325,5.228743107,0.0005480472098,0.01067169216,0.005747574343,0.01700091014,17,0.3490454384,0.00743445566,48,1.845964775,4.759943389,0.5417221464,0.7620762695,0.8586221244,0.9377180775,1,6,10,14,0.05579953683,0.03558794324,0.01866189949,0.01437490822,0.01233726478,0.01136676987,0.009784215057,0.008801559358,0.008361741556,0.00822145488,0.007437576949,0.006673925989,0.006444197799,0.005736069993,0.005043620753,0.004553219076
1,2000,first_saved,17,mlp,down_proj,mlp,16,18944,3584,16,360448,3584,18944,67895296,16,32,2,0.04369880267,0.03475327729,5.303342733e-06,135.1869596,8.604619054,0.000323247174,0.004038909459,0.001909585355,0.005648415677,60,0.7539561692,0.002470038107,160,1.581057062,3.122542198,0.632488241,0.8820881056,0.9412424545,0.9799463419,1,3,5,11,0.03475327729,0.0218319089,0.008228426531,0.006727055449,0.004956150999,0.004867893139,0.003842800189,0.003298703844,0.002977586568,0.002649136151,0.002351104112,0.002224127196,0.002114135674,0.001802794426,0.001626280328,0.001253543071
1,2000,first_saved,18,attention,q_proj,self_attn,16,3584,3584,16,114688,3584,3584,12845056,16,32,2,0.04040897105,0.03803811444,1.127482451e-05,57.74961543,4.173073378,0.0006997271021,0.009115131941,0.001632884941,0.004829955821,69,0.7999329982,0.0111641033,8,1.12854173,1.80282386,0.8860992671,0.9249151151,0.9603842159,0.9872852219,1,2,4,9,0.03803811444,0.007961269604,0.005864670452,0.00485001041,0.003949153535,0.003507388207,0.003205035284,0.002399252128,0.002152549856,0.001932323542,0.001814484352,0.001643822712,0.001444481661,0.001355887497,0.001249658889,0.0009556738456
1,2000,first_saved,18,attention,k_proj,self_attn,16,3584,512,16,65536,512,3584,1835008,16,32,2,0.01275013394,0.007139287404,9.412300108e-06,23.11234533,2.763460169,0.0005516590272,0.002583459492,0.0001625659155,0.0004808582466,151,0.9881141744,0.007780290201,42,3.189479117,7.793131769,0.3135308191,0.5235336776,0.7683406888,0.9175790527,1,8,10,15,0.007139287404,0.005842885156,0.004808672403,0.004083374292,0.003009358822,0.002470242807,0.002150253345,0.002116398301,0.001819782074,0.001679681117,0.001354349688,0.001225829222,0.001091995117,0.001042190025,0.000975067153,0.0008364278796
1,2000,first_saved,18,attention,v_proj,self_attn,16,3584,512,16,65536,512,3584,1835008,16,32,2,0.01335351063,0.009008213626,9.857719939e-06,24.89187137,1.540425882,0.0005364606956,0.005847872157,0.0001783162462,0.0005274465882,147,0.9861389237,0.008534089935,28,2.197422462,5.439817694,0.4550786283,0.6724242763,0.8735561833,0.9487240395,1,5,9,14,0.009008213626,0.0062254526,0.004749482708,0.003647944715,0.002335043154,0.001800174784,0.001609255805,0.001456327545,0.001377517329,0.001302308957,0.001225860516,0.001030658065,0.000942022272,0.0009058098467,0.0008124927568,0.000785329374
1,2000,first_saved,18,attention,o_proj,self_attn,16,3584,3584,16,114688,3584,3584,12845056,16,32,2,0.03887279018,0.03403019424,1.084620262e-05,60.79351753,5.208813475,0.0006394232767,0.006533195018,0.001511093817,0.004469706463,74,0.8228821719,0.01033141223,14,1.304855956,2.692239286,0.7663681152,0.8626719033,0.9274576103,0.9803295487,1,3,6,11,0.03403019424,0.01206333531,0.007784570199,0.006107188233,0.005404137159,0.004897493463,0.004233264828,0.002963745499,0.002517163037,0.002334096108,0.002152189362,0.002060000719,0.001861419206,0.001486446019,0.001384012577,0.001214235099
1,2000,first_saved,18,mlp,gate_proj,mlp,16,3584,18944,16,360448,18944,3584,67895296,16,32,2,0.07588594914,0.06129882062,9.209616106e-06,133.1710932,10.96432362,0.0005698379981,0.005590752583,0.005758677277,0.01703375182,16,0.3320445282,0.007448817244,47,1.532563589,4.043765946,0.6525014735,0.7707524232,0.8601776686,0.9458448317,1,6,9,13,0.06129882062,0.02609538383,0.01700905919,0.01502208487,0.01283081296,0.01118559811,0.01026995149,0.009905063154,0.0090928457,0.007652237725,0.007027713136,0.006004194758,0.005804569596,0.005032473047,0.004210907504,0.002904460362
1,2000,first_saved,18,mlp,up_proj,mlp,16,3584,18944,16,360448,18944,3584,67895296,16,32,2,0.08272301032,0.07130440065,1.003937062e-05,140.7080657,5.594933968,0.0005879052483,0.01274445794,0.006843096437,0.02024138544,7,0.1639697155,0.008851507435,25,1.345922313,3.070468048,0.7429849335,0.8245997314,0.9022991903,0.9624847247,1,4,7,13,0.07130440065,0.02363256085,0.01863100459,0.01358641079,0.01228620143,0.01043277506,0.008968522193,0.008463302252,0.007276022458,0.006769797793,0.006533480403,0.00571150968,0.005298514,0.00484486586,0.004064777044,0.00381744475
1,2000,first_saved,18,mlp,down_proj,mlp,16,18944,3584,16,360448,3584,18944,67895296,16,32,2,0.0466575137,0.04508572247,5.662415697e-06,137.802496,7.494154726,0.0003385825007,0.006016118444,0.002176923585,0.006439182868,53,0.7123436488,0.00281583863,143,1.070939945,1.454067994,0.9337591753,0.9575678528,0.9805182114,0.9936487016,1,1,2,7,0.04508572247,0.007199282711,0.005415277967,0.004542679987,0.003113346768,0.002964033929,0.002302212491,0.002192137357,0.001796178905,0.001613681953,0.001412635309,0.001327959327,0.001142532076,0.001062779277,0.001037588321,0.0008518097702
1,2000,first_saved,19,attention,q_proj,self_attn,16,3584,3584,16,114688,3584,3584,12845056,16,32,2,0.03418830813,0.03072579734,9.539148473e-06,57.3860476,4.54186206,0.0005957599375,0.006765022129,0.001168840413,0.003457345593,88,0.8778292903,0.007991411258,37,1.238080534,2.307547493,0.8077019,0.892304706,0.9530422313,0.9845213718,1,3,4,10,0.03072579734,0.009944203266,0.006869284523,0.004879078222,0.003262299293,0.003152480792,0.00310202345,0.002567257349,0.002245525618,0.001944948321,0.001570656702,0.001519256013,0.001294996991,0.001117715322,0.0009493534472,0.000814959426
1,2000,first_saved,19,attention,k_proj,self_attn,16,3584,512,16,65536,512,3584,1835008,16,32,2,0.01242473278,0.007440799055,9.17208511e-06,21.27921258,2.441338036,0.0005838906271,0.003047836451,0.0001543739846,0.0004566271062,153,0.9890390732,0.00738823016,49,2.78827087,7.536201347,0.358645213,0.5372787274,0.7577354245,0.9211692401,1,8,10,14,0.007440799055,0.005251320539,0.00466415817,0.003504055841,0.002914003037,0.002766939361,0.002322421839,0.001920655878,0.001754836674,0.001671473718,0.00135408608,0.001068948472,0.000981829865,0.0009506353413,0.0008769523218,0.000826558896
1,2000,first_saved,19,attention,v_proj,self_attn,16,3584,512,16,65536,512,3584,1835008,16,32,2,0.01398706412,0.01061034224,1.032541664e-05,25.05350919,1.621565345,0.000558287624,0.006543271457,0.0001956379627,0.0005786829757,144,0.9844838523,0.009363095086,20,1.737778209,4.407006606,0.5754474274,0.709050816,0.9002154043,0.9641862214,1,4,7,13,0.01061034224,0.005112523326,0.004744459443,0.003858646809,0.00209948248,0.001878632137,0.001736599599,0.001249902706,0.001212687646,0.001137359136,0.001033314152,0.0009497343602,0.0008845810724,0.0007849588742,0.0006733792533,0.0006484753919
1,2000,first_saved,19,attention,o_proj,self_attn,16,3584,3584,16,114688,3584,3584,12845056,16,32,2,0.04048652638,0.03808692543,1.129646383e-05,59.57677569,4.945062905,0.0006795689414,0.007702010302,0.001639158819,0.004848513497,68,0.7951030423,0.01120699806,7,1.129975958,1.748800065,0.8849745812,0.9388398491,0.9725421531,0.9917762811,1,2,3,8,0.03808692543,0.00939647428,0.005595042635,0.004892742243,0.003580493683,0.002910646583,0.00251478626,0.001977837733,0.001840504873,0.001755922758,0.001475241379,0.001176576337,0.001138948442,0.0009656242829,0.0008522554948,0.0007018661799
1,2000,first_saved,19,mlp,gate_proj,mlp,16,3584,18944,16,360448,18944,3584,67895296,16,32,2,0.07628047408,0.06191312983,9.257496158e-06,134.9815489,12.06864585,0.0005651177862,0.005130080923,0.005818710725,0.01721132642,15,0.3150107764,0.007526470177,46,1.517963221,3.779932936,0.6587774898,0.8019994345,0.8886081257,0.9495388574,1,5,9,14,0.06191312983,0.02886809772,0.0172076685,0.01441690206,0.01069105159,0.01006491823,0.008622996176,0.008036235188,0.007722169123,0.007350042718,0.006268606223,0.006104556426,0.005635881568,0.005369538348,0.004742768795,0.004507080602
1,2000,first_saved,19,mlp,up_proj,mlp,16,3584,18944,16,360448,18944,3584,67895296,16,32,2,0.08655182367,0.0742398088,1.050404032e-05,140.3816345,5.572423325,0.00061654663,0.01332271518,0.007491218181,0.02215848278,6,0.1437283301,0.009689849331,18,1.359185575,3.000169324,0.7357347067,0.833116661,0.9222638596,0.9725202572,1,4,6,12,0.0742398088,0.02700943293,0.01953349347,0.01691933059,0.01176237037,0.01077884265,0.008414610767,0.007151164907,0.006972360461,0.005893443793,0.005639149563,0.005022126736,0.00461700733,0.004412685846,0.00363569598,0.003388459156
1,2000,first_saved,19,mlp,down_proj,mlp,16,18944,3584,16,360448,3584,18944,67895296,16,32,2,0.04753849358,0.0453629163,5.769332546e-06,137.0376049,6.948771125,0.0003469010833,0.006528192609,0.002259908372,0.006684645881,50,0.6927820709,0.002923178994,137,1.098218859,1.593316968,0.9105653136,0.9493393129,0.9755015681,0.9933718357,1,1,3,7,0.0453629163,0.009360859241,0.005570144136,0.005300735209,0.003999731618,0.003451013062,0.00285364577,0.002081953205,0.001952784599,0.001705840695,0.001483900161,0.001350379934,0.001253354671,0.001044891379,0.0009488800133,0.0008168408011
1,2000,first_saved,20,attention,q_proj,self_attn,16,3584,3584,16,114688,3584,3584,12845056,16,32,2,0.03285829061,0.02847156225,9.168049835e-06,58.68717669,4.080684903,0.0005598887605,0.006977152839,0.001079667262,0.003193577847,94,0.897869527,0.00738173066,50,1.331886868,2.424672791,0.7508145202,0.9178517516,0.959731266,0.9891713257,1,2,4,9,0.02847156225,0.01342924533,0.005260776493,0.004188098771,0.003604166781,0.003100662936,0.002467853634,0.001758134895,0.001623284735,0.001589178981,0.001450584689,0.001269748899,0.001077132486,0.0009063169796,0.0007522725718,0.0005165509362
1,2000,first_saved,20,attention,k_proj,self_attn,16,3584,512,16,65536,512,3584,1835008,16,32,2,0.01131773356,0.006385360229,8.354885156e-06,22.31836675,2.351049866,0.0005071040227,0.002715961206,0.0001280910929,0.0003788842092,161,0.9923514946,0.006130349477,66,3.141580013,6.936984641,0.3183111669,0.6067050211,0.8003597642,0.9241511973,1,7,10,14,0.006385360229,0.006077884827,0.004013143142,0.002949598246,0.002406689083,0.001988229648,0.001871798057,0.00161485062,0.001466555918,0.001354005228,0.001200217877,0.001153620238,0.001024587861,0.0009163091928,0.0007464013684,0.0007166304334
1,2000,first_saved,20,attention,v_proj,self_attn,16,3584,512,16,65536,512,3584,1835008,16,32,2,0.01232482376,0.007599447476,9.098331091e-06,25.88930388,1.708510738,0.0004760585228,0.004447995151,0.0001519012808,0.0004493130268,155,0.9899405011,0.007269888298,54,2.630252248,6.327402859,0.380191672,0.6357398073,0.8320731944,0.9340056231,1,6,10,15,0.007599447476,0.006230416443,0.004356712151,0.003292772722,0.002399439438,0.002136727012,0.001728374921,0.001474270891,0.001439338843,0.001309854405,0.00118898712,0.001098621077,0.001062519156,0.0009593640814,0.000919018218,0.0008500799881
1,2000,first_saved,20,attention,o_proj,self_attn,16,3584,3584,16,114688,3584,3584,12845056,16,32,2,0.03862999227,0.03535078856,1.077845766e-05,60.8648568,4.865688361,0.0006346846817,0.007265321151,0.001492276303,0.004414045614,76,0.83173996,0.01020275609,15,1.194128409,2.012463696,0.8374308765,0.9235103124,0.9723116896,0.9912441354,1,2,3,8,0.03535078856,0.01133376823,0.006402769618,0.005641779858,0.003263634831,0.002544256061,0.00242723076,0.002288326868,0.001848380738,0.001599159353,0.001425532577,0.001287580513,0.001108616474,0.0009531541919,0.0008750545315,0.000706460653
1,2000,first_saved,20,mlp,gate_proj,mlp,16,3584,18944,16,360448,18944,3584,67895296,16,32,2,0.07766641348,0.06231253432,9.425695542e-06,134.449246,11.12103049,0.0005776634366,0.005603125931,0.006032071784,0.01784243304,14,0.29779945,0.007802451527,41,1.553515789,3.470486324,0.6437012145,0.8487715133,0.9092065606,0.9629160129,1,4,7,13,0.06231253432,0.03517099321,0.01513203452,0.01164345632,0.01027099036,0.00927811726,0.008532224624,0.007720344022,0.006815511283,0.006537615158,0.005954670477,0.005257423906,0.004743913613,0.004600838198,0.00396403061,0.003466567785
1,2000,first_saved,20,mlp,up_proj,mlp,16,3584,18944,16,360448,18944,3584,67895296,16,32,2,0.08046146998,0.06998643688,9.764907182e-06,141.1015197,5.906938779,0.0005702381529,0.01184817373,0.006474048151,0.01914976724,11,0.2425590793,0.008374145516,31,1.321746467,2.518860917,0.7565747478,0.9036781182,0.9477731313,0.9848400755,1,2,5,10,0.06998643688,0.03086023822,0.01302755383,0.01075899993,0.01002554832,0.007946980205,0.006638354236,0.00567796805,0.004731246047,0.004304512042,0.003836563126,0.003737880605,0.0033405818,0.002719585961,0.002280617037,0.002187407454
1,2000,first_saved,20,mlp,down_proj,mlp,16,18944,3584,16,360448,3584,18944,67895296,16,32,2,0.04536767487,0.04277029681,5.505879203e-06,137.8876865,6.544811273,0.0003290190445,0.006534993146,0.002058225924,0.006088083752,56,0.7309452433,0.002662303861,149,1.125145055,1.705105167,0.8887742925,0.9392473052,0.978629306,0.9926944851,1,2,3,7,0.04277029681,0.01019239242,0.007821206505,0.004459347913,0.00317339572,0.002928335082,0.002568494389,0.001925244404,0.001834003995,0.001751562075,0.001703094496,0.001224614694,0.001134737141,0.001106929623,0.001012664387,0.0008162334338
1,2000,first_saved,21,attention,q_proj,self_attn,16,3584,3584,16,114688,3584,3584,12845056,16,32,2,0.03397707128,0.02882783213,9.480209621e-06,57.10317363,3.677788686,0.0005950119603,0.00783836011,0.001154441373,0.003414754272,89,0.8812440446,0.007892964415,38,1.389146068,2.754165878,0.7198667032,0.8867776202,0.9483742565,0.9826059177,1,3,5,10,0.02882783213,0.01388124159,0.006430090087,0.005455606911,0.003880154121,0.003502467645,0.002626030036,0.00230207226,0.002290121682,0.002023697499,0.001679873586,0.001565383706,0.001462467615,0.001145329973,0.001054028744,0.0009520866794
1,2000,first_saved,21,attention,k_proj,self_attn,16,3584,512,16,65536,512,3584,1835008,16,32,2,0.01188209619,0.008849941681,8.771504342e-06,19.94945955,2.246958484,0.000595609929,0.003938631596,0.0001411842098,0.0004176127041,157,0.990792384,0.006756976828,58,1.802624668,5.043353399,0.5547466525,0.7082354126,0.8484162294,0.9326122438,1,7,10,14,0.008849941681,0.004655125059,0.003618647495,0.002587799865,0.002055582408,0.00170895391,0.00163957908,0.001432824379,0.001403290891,0.001327826696,0.001224303275,0.00109281111,0.0009965464777,0.0009222449958,0.0008755581018,0.0006916217965
1,2000,first_saved,21,attention,v_proj,self_attn,16,3584,512,16,65536,512,3584,1835008,16,32,2,0.01293903718,0.008608770858,9.551750722e-06,27.74698953,1.674629095,0.0004663221994,0.005140703026,0.0001674186832,0.0004952123833,149,0.9871480405,0.008012540246,36,2.259028059,4.771722439,0.442668251,0.7593835487,0.8863234021,0.9568823392,1,5,8,13,0.008608770858,0.007281762018,0.003930581778,0.002408864875,0.002101729813,0.001759342894,0.001519271263,0.001411433149,0.001360774958,0.001082585869,0.001046604053,0.0009646254674,0.0008627036482,0.0007901846586,0.0007179167229,0.0005339149802
1,2000,first_saved,21,attention,o_proj,self_attn,16,3584,3584,16,114688,3584,3584,12845056,16,32,2,0.03699084611,0.03056290544,1.032110662e-05,63.20318339,5.267427952,0.0005852687179,0.005802244609,0.001368322696,0.004047399792,80,0.8483024186,0.009355280053,21,1.464870574,2.712704658,0.6826541659,0.9107026415,0.9550869144,0.9872185988,1,2,4,9,0.03056290544,0.0176647645,0.00628015002,0.004614295583,0.004110200905,0.003613089518,0.002723115284,0.002569628142,0.001962865436,0.001889547349,0.001700162283,0.001514923792,0.001290616757,0.0012196839,0.001099824477,0.0007192852522
1,2000,first_saved,21,mlp,gate_proj,mlp,16,3584,18944,16,360448,18944,3584,67895296,16,32,2,0.0747944368,0.05795062845,9.077148768e-06,136.5876623,11.69046652,0.0005475929197,0.004957084335,0.005594207776,0.0165472629,18,0.3655927013,0.007236076852,55,1.665797832,4.023253947,0.6003129437,0.8066036463,0.8879883591,0.9552123451,1,5,8,14,0.05795062845,0.03397106199,0.01683526676,0.01310941596,0.01074375059,0.01030101796,0.009644172679,0.007843196438,0.00721813687,0.006486862908,0.006214743602,0.005675991635,0.005146119102,0.004939759985,0.004638853192,0.003623245599
1,2000,first_saved,21,mlp,up_proj,mlp,16,3584,18944,16,360448,18944,3584,67895296,16,32,2,0.08229508031,0.06925746864,9.987436484e-06,141.0800399,5.64851978,0.000583321924,0.0122611713,0.006772480244,0.02003250783,8,0.1840022233,0.00876016578,26,1.411934398,3.022546095,0.708248203,0.8400940855,0.9335076549,0.9758353187,1,3,6,12,0.06925746864,0.02988182783,0.02264455501,0.01094831867,0.01007871642,0.008828795424,0.007809889877,0.006792697077,0.006469356042,0.00564047594,0.004578955133,0.004560995368,0.003982487774,0.003730451364,0.003395069969,0.002629601664
1,2000,first_saved,21,mlp,down_proj,mlp,16,18944,3584,16,360448,3584,18944,67895296,16,32,2,0.04367196494,0.04078818753,5.300085671e-06,137.8420263,5.303142367,0.0003168261967,0.007691324257,0.001907240521,0.005641479828,61,0.759597649,0.002467005078,161,1.146401249,1.790666285,0.8722949324,0.9332568312,0.9773568597,0.9928427498,1,2,3,7,0.04078818753,0.01078281056,0.008262516449,0.003979972792,0.003366347839,0.002913549135,0.00230663669,0.002096110161,0.001966047642,0.001662367087,0.001410440745,0.001265246248,0.001068194087,0.0009745964598,0.0009402899627,0.0006757046309
1,2000,first_saved,22,attention,q_proj,self_attn,16,3584,3584,16,114688,3584,3584,12845056,16,32,2,0.03269103169,0.02925808536,9.121381609e-06,58.11785857,4.07368327,0.0005624954617,0.007182218996,0.001068703553,0.003161147987,96,0.9041935655,0.007306771318,53,1.248433598,2.329881974,0.8010037554,0.8933828205,0.9508601987,0.9863447665,1,3,4,9,0.02925808536,0.009936087512,0.006604765672,0.004219401467,0.003797198098,0.003266500468,0.002769577071,0.002272264901,0.002069591101,0.001777266882,0.001484326704,0.001258518508,0.001169566763,0.0009303310269,0.0008289922684,0.0006661731424
1,2000,first_saved,22,attention,k_proj,self_attn,16,3584,512,16,65536,512,3584,1835008,16,32,2,0.01236319165,0.009149734019,9.126654718e-06,19.45190466,1.92449378,0.0006355774337,0.004754358841,0.0001528485077,0.0004521148556,154,0.9894911881,0.00731522191,51,1.825762422,4.663743456,0.5477163885,0.751725356,0.8700161244,0.9506404247,1,6,8,14,0.009149734019,0.005584126274,0.003504435413,0.002408215078,0.001980886066,0.001877743552,0.001661299005,0.001453808499,0.001310193149,0.001157464557,0.001068295702,0.0009802030953,0.000909492189,0.0007941154604,0.0007226665913,0.0006372683208
1,2000,first_saved,22,attention,v_proj,self_attn,16,3584,512,16,65536,512,3584,1835008,16,32,2,0.01280856479,0.01000546552,9.455434452e-06,27.14584264,2.028233976,0.0004718425933,0.004933092354,0.0001640593319,0.0004852756646,150,0.9876333161,0.007851764059,40,1.63880145,3.949274681,0.6102020475,0.7649473615,0.9158212139,0.9656693679,1,4,7,13,0.01000546552,0.005038592346,0.004063456579,0.002870641749,0.001611757155,0.001547215216,0.001294978745,0.00122859629,0.001052412155,0.0009983938443,0.000937788111,0.000869360062,0.0007611619151,0.0007526829103,0.0006602840273,0.0005574867482
1,2000,first_saved,22,attention,o_proj,self_attn,16,3584,3584,16,114688,3584,3584,12845056,16,32,2,0.03517150619,0.03196128754,9.81347829e-06,63.4846213,4.348540535,0.0005540161613,0.007349888377,0.001237034848,0.003659059811,85,0.8672314075,0.008457659491,30,1.210970049,2.055130696,0.8257842555,0.9250010072,0.9716892071,0.9909835232,1,2,3,8,0.03196128754,0.01107856395,0.006243965593,0.004332184671,0.003258645973,0.002432633524,0.001921944036,0.001907195068,0.001712042436,0.001558500267,0.001249195925,0.001180272197,0.001013388673,0.0009078328393,0.0007755536073,0.0006225353156
1,2000,first_saved,22,mlp,gate_proj,mlp,16,3584,18944,16,360448,18944,3584,67895296,16,32,2,0.07176422233,0.05301295928,8.709398054e-06,136.7619802,12.45184745,0.000524738105,0.004257437259,0.005150103607,0.01523363482,19,0.3808263361,0.006661630563,60,1.832533278,4.657767961,0.5456926824,0.7515706073,0.8690776111,0.9514858621,1,6,8,14,0.05301295928,0.03256213512,0.02082347365,0.013097946,0.01207417323,0.01169272759,0.009118985694,0.007664828308,0.00657257031,0.006201741579,0.005974416392,0.005807179219,0.005622219927,0.005185155789,0.004745407329,0.004214437972
1,2000,first_saved,22,mlp,up_proj,mlp,16,3584,18944,16,360448,18944,3584,67895296,16,32,2,0.0787690901,0.06671857927,9.559517789e-06,141.8216006,6.529979308,0.0005554096821,0.01021727269,0.006204569555,0.018352669,13,0.2799570169,0.008025576441,35,1.393856543,2.839214724,0.7174339461,0.8668889146,0.9477566243,0.9802325905,1,3,5,11,0.06671857927,0.03045166247,0.01933440422,0.0113106208,0.008291733619,0.007716203361,0.006315414386,0.005772546368,0.005233347167,0.004712265999,0.004307168897,0.003939756856,0.003418005226,0.003348391465,0.00290797074,0.002762377028
1,2000,first_saved,22,mlp,down_proj,mlp,16,18944,3584,16,360448,3584,18944,67895296,16,32,2,0.0442475952,0.04240626631,5.369944898e-06,138.8972237,5.119180586,0.0003185635682,0.008283799642,0.001957849681,0.00579117807,58,0.7426446963,0.002532467746,156,1.088727698,1.509833147,0.9185033149,0.9577909391,0.9864370379,0.9948444176,1,1,2,6,0.04240626631,0.008770362739,0.006476792684,0.0037597755,0.002397839918,0.00206694607,0.001913659201,0.001666250843,0.001522121013,0.001369497895,0.001299866128,0.001191519064,0.0009509856764,0.0008499927591,0.0007729812081,0.000753490187
1,2000,first_saved,23,attention,q_proj,self_attn,16,3584,3584,16,114688,3584,3584,12845056,16,32,2,0.03270004059,0.02839674894,9.123895253e-06,59.48043008,4.087794552,0.000549761334,0.006946716275,0.001069292654,0.003162890507,95,0.9010324175,0.007310799031,52,1.326048289,2.610185486,0.7541203499,0.8839293155,0.9473680044,0.9796317589,1,3,5,11,0.02839674894,0.01178150132,0.007316163597,0.003782627959,0.003462160743,0.002955638226,0.002848869368,0.002379282391,0.002200404593,0.002029803433,0.001920360733,0.001646723818,0.001382289021,0.001290703698,0.001245696772,0.001135713056
1,2000,first_saved,23,attention,k_proj,self_attn,16,3584,512,16,65536,512,3584,1835008,16,32,2,0.009197549235,0.006135064756,6.789739941e-06,20.53705367,2.174488207,0.0004478514486,0.00282138332,8.459491193e-05,0.0002502256448,172,0.9956669467,0.004048652895,103,2.247532293,6.631373066,0.444932428,0.6136709532,0.7917816626,0.9152262223,1,8,10,14,0.006135064756,0.003778150431,0.002871415607,0.00261194031,0.001851459942,0.001687600449,0.001524997004,0.001356932793,0.001272092203,0.001192990004,0.001093540203,0.0009664071278,0.0007832278697,0.0007490238135,0.0007076526156,0.0005700516024
1,2000,first_saved,23,attention,v_proj,self_attn,16,3584,512,16,65536,512,3584,1835008,16,32,2,0.01392827955,0.01032212453,1.028202117e-05,27.55447356,1.867441918,0.0005054816062,0.005527413962,0.0001939969712,0.0005738290413,145,0.9850576813,0.00928455839,22,1.820777009,3.77581964,0.5492160737,0.8317313355,0.9229774372,0.9689676834,1,3,6,12,0.01032212453,0.007403182094,0.003666686485,0.002063220199,0.001660011197,0.001599074853,0.001356103337,0.001330516684,0.00118906867,0.00103100066,0.0009510179505,0.0008749064393,0.0007739872447,0.0007535055167,0.0006548411651,0.0005270565226
1,2000,first_saved,23,attention,o_proj,self_attn,16,3584,3584,16,114688,3584,3584,12845056,16,32,2,0.04078350083,0.03864898069,1.137932501e-05,64.92898925,5.386493537,0.0006281246836,0.007175165146,0.00166329394,0.004919903444,66,0.7853706274,0.0113720109,6,1.113506909,1.611933552,0.8980635789,0.9598873685,0.9819142411,0.9949768959,1,2,2,6,0.03864898069,0.01014056875,0.004699931332,0.003814159038,0.002693623399,0.002518876124,0.002221948252,0.001785955363,0.001590357499,0.001361464178,0.001156353952,0.001004774909,0.0007566618548,0.0007263475952,0.0005426610147,0.0004803653616
1,2000,first_saved,23,mlp,gate_proj,mlp,16,3584,18944,16,360448,18944,3584,67895296,16,32,2,0.08024163409,0.07012221489,9.738227617e-06,137.9935184,14.32737491,0.000581488428,0.004894282123,0.006438719842,0.01904526865,12,0.2616043479,0.008328448544,32,1.309448065,2.816806977,0.7636805361,0.8546791143,0.9127198406,0.966271815,1,4,7,12,0.07012221489,0.02420566775,0.01448193223,0.01280553063,0.01195697177,0.00879448593,0.008295928315,0.00746133882,0.007219044738,0.006657961024,0.005757108548,0.0053583766,0.004726350828,0.004266447729,0.003372217341,0.002637037222
1,2000,first_saved,23,mlp,up_proj,mlp,16,3584,18944,16,360448,18944,3584,67895296,16,32,2,0.08719130853,0.07752330645,1.058164902e-05,141.4665659,6.612890248,0.0006163386237,0.01172305959,0.007602324283,0.02248712661,5,0.1215698473,0.009833564459,17,1.264974631,2.399031818,0.790529688,0.8968197408,0.9479135979,0.9828033091,1,3,5,10,0.07752330645,0.02842624578,0.0161543288,0.01129024942,0.009922858571,0.00854418881,0.007163609081,0.006516081559,0.005889800467,0.005065017039,0.00431268763,0.003998004609,0.003486291776,0.003102055391,0.002872371413,0.002404134512
1,2000,first_saved,23,mlp,down_proj,mlp,16,18944,3584,16,360448,3584,18944,67895296,16,32,2,0.04955763178,0.04796627162,6.014377747e-06,138.762284,5.286413045,0.0003571405022,0.00907350054,0.002455958868,0.0072645491,45,0.6576354636,0.003176769228,130,1.067453989,1.395062296,0.9368085283,0.9729468563,0.9877694133,0.9964070469,1,1,2,5,0.04796627162,0.009420947257,0.004918587278,0.003494436928,0.002732135679,0.002322853864,0.002118091894,0.001966505563,0.001520080254,0.001346242588,0.001097369718,0.001037244463,0.000876872216,0.0008427519101,0.0006917900908,0.0006806808266
1,2000,first_saved,24,attention,q_proj,self_attn,16,3584,3584,16,114688,3584,3584,12845056,16,32,2,0.03339749125,0.02586727962,9.318496442e-06,56.75886606,3.822658251,0.000588410121,0.006766830284,0.001115392422,0.003299250292,93,0.8946759492,0.007625985086,44,1.66696382,3.547563896,0.5998930439,0.8460650804,0.9219088792,0.972718824,1,4,6,12,0.02586727962,0.01657040808,0.00710502948,0.005840732363,0.005034323382,0.003892855628,0.002919726434,0.002765770772,0.002498144777,0.002426044742,0.002221768707,0.002071117268,0.001757438981,0.001657723302,0.001403701039,0.001126942209
1,2000,first_saved,24,attention,k_proj,self_attn,16,3584,512,16,65536,512,3584,1835008,16,32,2,0.01144348595,0.007306461508,8.447717066e-06,19.46239995,1.825873274,0.0005879791795,0.00400162575,0.0001309533708,0.0003873506206,159,0.9915930512,0.00626733608,63,2.453027858,7.094641863,0.4076594551,0.58605568,0.7751207,0.9099022015,1,8,11,15,0.007306461508,0.004833382562,0.004035583807,0.002910801435,0.002403190978,0.002177906581,0.001941945798,0.001833121521,0.001595899609,0.001518126144,0.001378893937,0.001168271815,0.001074975522,0.0009798611279,0.0009308259132,0.0008358607824
1,2000,first_saved,24,attention,v_proj,self_attn,16,3584,512,16,65536,512,3584,1835008,16,32,2,0.0131809697,0.009128102448,9.730348174e-06,31.05244558,2.314050722,0.000424474448,0.003944642337,0.0001737379621,0.0005139043544,148,0.9866528281,0.008314976484,33,2.08513276,5.771948649,0.4795857698,0.6500236879,0.8307563958,0.9423859106,1,6,9,14,0.009128102448,0.005441648331,0.004202747777,0.003706351775,0.002968206501,0.002133469319,0.001780672724,0.001691611039,0.001480956221,0.001319501192,0.001220742984,0.001177723209,0.001070676959,0.0009728764386,0.0008189165357,0.0006593423675
1,2000,first_saved,24,attention,o_proj,self_attn,16,3584,3584,16,114688,3584,3584,12845056,16,32,2,0.041292423,0.03933508328,1.152132338e-05,65.25187348,6.236852365,0.0006328158993,0.006306880615,0.001705064197,0.005043456852,64,0.7754153816,0.01165759592,3,1.101997444,1.590704299,0.907443121,0.9541093696,0.9787916146,0.9942221992,1,1,2,6,0.03933508328,0.008920142914,0.004866613589,0.004289625219,0.003423654894,0.002805091773,0.001943388136,0.001715641907,0.001479662285,0.001365153972,0.001245272505,0.001138272439,0.0009830366101,0.0009228332622,0.0008447375827,0.0006484935924
1,2000,first_saved,24,mlp,gate_proj,mlp,16,3584,18944,16,360448,18944,3584,67895296,16,32,2,0.08808111157,0.07817084903,1.068963666e-05,135.5493945,12.74504214,0.0006498082257,0.006133431981,0.007758282215,0.02294843892,4,0.09908272067,0.01003529518,16,1.269626316,2.519846098,0.7876333277,0.8851488875,0.933645056,0.973679659,1,3,6,12,0.07817084903,0.02750551278,0.01549799754,0.01166443458,0.00992003766,0.009472085874,0.008000553678,0.007646131772,0.007115455762,0.006301976518,0.005407396611,0.004879907428,0.004399785776,0.004203410988,0.003591119241,0.00329843357
1,2000,first_saved,24,mlp,up_proj,mlp,16,3584,18944,16,360448,18944,3584,67895296,16,32,2,0.09194295499,0.08485542462,1.115831493e-05,142.8441369,6.67613588,0.0006436592848,0.01271026027,0.008453506972,0.02500486358,2,0.05217155011,0.01093456457,9,1.174025941,1.965960602,0.8517699354,0.9281783009,0.9620129176,0.9887461107,1,2,4,9,0.08485542462,0.02541492968,0.01263663211,0.01123995984,0.008654280247,0.007851231347,0.007330868352,0.005975717743,0.004752818505,0.004471323576,0.003962939028,0.003739924739,0.002951782295,0.002290367307,0.002231082045,0.001981000455
1,2000,first_saved,24,mlp,down_proj,mlp,16,18944,3584,16,360448,3584,18944,67895296,16,32,2,0.05316894602,0.05163685742,6.452651474e-06,140.9684439,5.421981501,0.0003771691349,0.00952361372,0.002826936821,0.008361875114,38,0.6032096393,0.00365662716,112,1.060221228,1.370550155,0.9431993754,0.9678040334,0.9882995201,0.9963735495,1,1,2,5,0.05163685742,0.008340012822,0.006433989567,0.004067336245,0.002806658663,0.00251355024,0.002423121149,0.001660718868,0.001633275265,0.001432799,0.001216059641,0.001152344053,0.0009973504234,0.0008555999819,0.0008224397418,0.0005669050413
1,2000,first_saved,25,attention,q_proj,self_attn,16,3584,3584,16,114688,3584,3584,12845056,16,32,2,0.04561936877,0.04116699684,1.272861852e-05,55.28542481,3.810693367,0.0008251608616,0.01080302005,0.002081126807,0.006155822913,55,0.7248571596,0.01422875186,1,1.228005102,2.027289817,0.8143288643,0.942165121,0.9755863287,0.9920452132,1,2,3,8,0.04116699684,0.01631083876,0.007149585452,0.004293855967,0.003458042318,0.003205935427,0.002643185256,0.002242881796,0.002086328299,0.001680859222,0.00151449385,0.00143775813,0.001320290508,0.001205861003,0.0009800336633,0.0009264409306
1,2000,first_saved,25,attention,k_proj,self_attn,16,3584,512,16,65536,512,3584,1835008,16,32,2,0.01559952876,0.009419680836,1.151575716e-05,17.70021914,1.800611231,0.0008813183971,0.005231379586,0.0002433452976,0.0007197978295,141,0.9825992825,0.01164633453,4,2.742524919,5.888979916,0.3646274982,0.6814527303,0.8343290504,0.9492671416,1,6,9,14,0.009419680836,0.008780542716,0.004617658307,0.00398484195,0.003340400592,0.002929524869,0.002187051886,0.001856355565,0.001619114809,0.001531869924,0.001296857292,0.001260602606,0.001156948021,0.0009986158556,0.0009795288007,0.0009006927945
1,2000,first_saved,25,attention,v_proj,self_attn,16,3584,512,16,65536,512,3584,1835008,16,32,2,0.015469148,0.01253352307,1.141950854e-05,33.9312262,3.092621101,0.0004558971112,0.004052718603,0.00023929454,0.0007078159808,142,0.9833070985,0.01145246812,5,1.52330357,3.667426661,0.6564679685,0.7768954568,0.9161511363,0.9640729806,1,4,7,13,0.01253352307,0.005368206443,0.00450596474,0.003608241334,0.001963673322,0.001674971916,0.001644575527,0.001449573448,0.001378604662,0.00134234657,0.001199079503,0.001026138437,0.0008916733985,0.0008010399293,0.0007505028194,0.0006355641621
1,2000,first_saved,25,attention,o_proj,self_attn,16,3584,3584,16,114688,3584,3584,12845056,16,32,2,0.03956224881,0.03717947466,1.103857389e-05,68.82572839,5.375983771,0.0005748177278,0.006915845778,0.001565171531,0.004629664439,71,0.8093528155,0.01070114385,10,1.132284186,1.689073086,0.8831705081,0.955761779,0.9807949839,0.9949615013,1,2,2,6,0.03717947466,0.01065916463,0.004613456361,0.004230517698,0.003046769612,0.002439371961,0.002006452775,0.001706996288,0.001492866295,0.001342281367,0.001186318817,0.0009647507417,0.0007598282195,0.0006694760845,0.0005125550993,0.0004789566582
1,2000,first_saved,25,mlp,gate_proj,mlp,16,3584,18944,16,360448,18944,3584,67895296,16,32,2,0.08114679251,0.07041596381,9.848078804e-06,134.1370003,12.38991534,0.0006049545788,0.005683328892,0.006584801935,0.01947736894,10,0.2234093121,0.008517404924,29,1.328007294,2.700449222,0.7530079126,0.8824932735,0.9336231727,0.9743180017,1,3,6,12,0.07041596381,0.02919992218,0.01498412442,0.01059038593,0.009195270802,0.008695849109,0.007601190995,0.007072374932,0.005852982102,0.005757941986,0.005157838272,0.004789288061,0.004566192477,0.003774139224,0.003011889898,0.002827238904
1,2000,first_saved,25,mlp,up_proj,mlp,16,3584,18944,16,360448,18944,3584,67895296,16,32,2,0.09583508856,0.09208479577,1.163066925e-05,144.3501976,7.779125963,0.000663906875,0.01183742187,0.009184364199,0.02716668652,1,0.02716668652,0.01187992435,2,1.083111678,1.489722653,0.9232658275,0.9649996861,0.9817263985,0.9938772172,1,1,2,7,0.09208479577,0.01957802229,0.009705233042,0.007709258766,0.006766064528,0.005129696867,0.004572434753,0.004312419914,0.003684614476,0.003498914158,0.002874651349,0.002384784138,0.002270685154,0.002225052698,0.001858634871,0.001703781945
1,2000,first_saved,25,mlp,down_proj,mlp,16,18944,3584,16,360448,3584,18944,67895296,16,32,2,0.04959229224,0.04750711713,6.018584184e-06,143.7408991,6.699544854,0.000345011702,0.007091096211,0.00245939545,0.00727471426,44,0.6503709145,0.003181214427,129,1.089710188,1.491852595,0.9176751865,0.9691114216,0.9866831839,0.9958108474,1,1,2,5,0.04750711713,0.01124731269,0.005032324843,0.004229848571,0.003030973199,0.002640148563,0.001847940722,0.001696014816,0.001552666693,0.001463684788,0.001289762093,0.001097043127,0.00103335426,0.0008505720133,0.0007996679731,0.0006722225661
1,2000,first_saved,26,attention,q_proj,self_attn,16,3584,3584,16,114688,3584,3584,12845056,16,32,2,0.03637306462,0.03289936495,1.014873455e-05,51.73384417,3.952973902,0.0007030806467,0.008322687111,0.00132299983,0.003913338023,81,0.8522157566,0.009045405701,23,1.222319551,2.022668667,0.8181166692,0.9414136013,0.9750396073,0.9907998432,1,2,3,8,0.03289936495,0.01277191529,0.005606336905,0.003613334563,0.002589408586,0.002485400791,0.002173523259,0.001801202968,0.001729513076,0.001484315552,0.001357006466,0.00124716509,0.001170131669,0.001001462193,0.0009570626166,0.0005407466831
1,2000,first_saved,26,attention,k_proj,self_attn,16,3584,512,16,65536,512,3584,1835008,16,32,2,0.009873506559,0.006474707848,7.288739655e-06,16.94211667,1.92705708,0.0005827788079,0.00335989417,9.748613177e-05,0.0002883569428,168,0.9946089691,0.004665617596,91,2.325425787,6.281839746,0.4300287739,0.5990196769,0.8080212395,0.9436089547,1,6,9,14,0.006474707848,0.004058850754,0.003703093884,0.0025810559,0.002514535303,0.001802551222,0.0014319295,0.001263099787,0.001074009383,0.001012119419,0.0008390729252,0.0008052835242,0.000776759809,0.0007392601064,0.0006587840351,0.0006189348619
1,2000,first_saved,26,attention,v_proj,self_attn,16,3584,512,16,65536,512,3584,1835008,16,32,2,0.01368299128,0.009625497944,1.010094646e-05,40.57344237,3.178246661,0.000337240088,0.003028555985,0.0001872242502,0.0005537958214,146,0.9856114771,0.008960420734,24,2.020764431,4.954392,0.4948622337,0.7138600465,0.8812382289,0.9520083225,1,5,8,13,0.009625497944,0.006403257086,0.00476120164,0.002944183018,0.002287214839,0.001762282278,0.001672808723,0.00145416579,0.00140358602,0.001333529095,0.001181200725,0.001050416435,0.0009883730007,0.0009007339198,0.0007036724462,0.0006744514412
1,2000,first_saved,26,attention,o_proj,self_attn,16,3584,3584,16,114688,3584,3584,12845056,16,32,2,0.03928921067,0.03810138744,1.096239137e-05,71.58582662,6.28160328,0.0005488406368,0.00606555138,0.001543642075,0.004565981863,72,0.8139187974,0.01055394605,11,1.063322556,1.362138136,0.9404484034,0.9774339863,0.9898469748,0.9974947459,1,1,2,5,0.03810138744,0.007555958041,0.003537014438,0.0025789029,0.00220219751,0.001688835698,0.001473005295,0.001390624613,0.001113906368,0.0009316314469,0.0007886690811,0.0005834638906,0.0005510306677,0.0004578229217,0.0004026955986,0.0003473638152
1,2000,first_saved,26,mlp,gate_proj,mlp,16,3584,18944,16,360448,18944,3584,67895296,16,32,2,0.08208367819,0.07429096179,9.961780451e-06,134.1689764,10.39277786,0.0006117932805,0.00714832577,0.006737730226,0.01992971979,9,0.2039319431,0.008715216823,27,1.220791949,2.184516602,0.8191403958,0.9162725909,0.9545174505,0.984403676,1,2,4,10,0.07429096179,0.02558223068,0.01213218092,0.01051159992,0.008048240718,0.007641945976,0.006637916506,0.005842077709,0.005293699309,0.004318880463,0.00393434093,0.003714006501,0.003235504693,0.002814514447,0.002476117701,0.002147980257
1,2000,first_saved,26,mlp,up_proj,mlp,16,3584,18944,16,360448,18944,3584,67895296,16,32,2,0.0900066038,0.08660730779,1.092331686e-05,145.8211616,10.30962363,0.0006172396574,0.0084006275,0.008101188728,0.02396273164,3,0.07613428175,0.01047884286,12,1.080039583,1.495833677,0.9258919912,0.9559966021,0.9798142174,0.9938935979,1,1,2,7,0.08660730779,0.01561675813,0.01131817986,0.008052937414,0.006366172355,0.005759304791,0.004978285362,0.003946980007,0.003385504622,0.003299915741,0.002684123837,0.002450399765,0.002251863297,0.002064571312,0.001597789492,0.001422243447
1,2000,first_saved,26,mlp,down_proj,mlp,16,18944,3584,16,360448,3584,18944,67895296,16,32,2,0.04636132223,0.04410021064,5.62646952e-06,143.6608163,5.923698747,0.0003227137603,0.007444708538,0.002149372199,0.006357687857,54,0.7187013367,0.002780201065,145,1.105173085,1.553431665,0.9048356442,0.9631143461,0.9877820029,0.9965723472,1,1,2,5,0.04410021064,0.01119207852,0.006285891801,0.003675260528,0.002667353744,0.00241736853,0.001828781273,0.001609606803,0.001415823597,0.001307813098,0.001083532394,0.0008793227185,0.0007460480863,0.0007041266679,0.0006469032486,0.0004839972471
1,2000,first_saved,27,attention,q_proj,self_attn,16,3584,3584,16,114688,3584,3584,12845056,16,32,2,0.03158939602,0.03103632974,8.814005585e-06,56.62146747,7.863893293,0.000557904933,0.003946687548,0.0009978899407,0.002951686433,98,0.9102895626,0.006822615662,57,1.035957479,1.205359934,0.965290584,0.9905745243,0.9969565951,0.999188291,1,1,1,2,0.03103632974,0.005023006039,0.002209200443,0.00121985151,0.0008977459253,0.000745653678,0.0006951082344,0.000617951623,0.0004613248308,0.0004029397179,0.0003586181654,0.0003182404697,0.0002508426367,0.0002343956068,0.0002201053944,0.0001965237009
1,2000,first_saved,27,attention,k_proj,self_attn,16,3584,512,16,65536,512,3584,1835008,16,32,2,0.01182081999,0.008604314981,8.726269531e-06,18.0091123,2.115520377,0.0006563799368,0.004067233326,0.0001397317853,0.0004133165375,158,0.9912057006,0.006687464818,59,1.887394162,4.780342076,0.5298310338,0.6944048888,0.8708873113,0.9675293918,1,5,7,12,0.008604314981,0.004795435181,0.003887507199,0.003089901578,0.002832499177,0.001636406315,0.001208520956,0.001158693373,0.001023135628,0.0009148333017,0.0008920392294,0.0007226355483,0.0006700176641,0.0006323686516,0.0005225953773,0.0004621620298
1,2000,first_saved,27,attention,v_proj,self_attn,16,3584,512,16,65536,512,3584,1835008,16,32,2,0.01421944084,0.01169090135,1.049695989e-05,36.6731718,4.568173144,0.0003877341429,0.002559207144,0.0002021924977,0.0005980708172,143,0.9839051693,0.009676790514,19,1.479343561,2.754102651,0.6759754979,0.8962848033,0.9635362748,0.9899674796,1,3,4,9,0.01169090135,0.006674195736,0.003142756088,0.001928944573,0.001626937525,0.00103457885,0.0009802696151,0.000816078247,0.000745494067,0.0006327747197,0.0005383782238,0.000489227488,0.0004386528144,0.0004006969664,0.0003468783696,0.0002642754262
1,2000,first_saved,27,attention,o_proj,self_attn,16,3584,3584,16,114688,3584,3584,12845056,16,32,2,0.0389768469,0.03872881728,1.08752363e-05,66.84974798,10.33845757,0.0005830515159,0.003746092394,0.001519194594,0.004493667978,73,0.8184124654,0.01038679759,13,1.012849545,1.075122017,0.987313471,0.9991688329,0.9997427262,0.9999263303,1,1,1,2,0.03872881728,0.004243889928,0.0008176596075,0.0004508750484,0.0003363372461,0.000275803306,0.0002308224066,0.0001909480723,0.0001805055517,0.0001575704654,0.0001402184474,0.000101606009,9.649525255e-05,7.811024014e-05,7.140508816e-05,6.333838825e-05
1,2000,first_saved,27,mlp,gate_proj,mlp,16,3584,18944,16,360448,18944,3584,67895296,16,32,2,0.06827734905,0.06795464703,8.286226641e-06,139.6109423,14.51319148,0.0004890544245,0.004682267656,0.004661796393,0.01378925732,24,0.4515776796,0.00603000788,70,1.009520121,1.069454056,0.9905696566,0.9952985136,0.9986051959,0.999753446,1,1,1,1,0.06795464703,0.004695206948,0.003362327655,0.002027272181,0.001612177011,0.00127935865,0.0008278973512,0.0006569786201,0.0005544580889,0.0005175867116,0.000396443855,0.0003716419609,0.0003210507436,0.0002964583332,0.0002162557636,0.0002026115955
1,2000,first_saved,27,mlp,up_proj,mlp,16,3584,18944,16,360448,18944,3584,67895296,16,32,2,0.06376898942,0.06342638313,7.739086335e-06,144.9409087,16.81519513,0.0004399654313,0.003771968309,0.004066484012,0.01202836625,28,0.5022543621,0.005259974603,83,1.010832452,1.073344307,0.989283633,0.9965578973,0.999256347,0.9999226501,1,1,1,2,0.06342638313,0.005438812333,0.002518677375,0.0021516196,0.00113093098,0.0009639509803,0.0006083591601,0.0003622205662,0.0003156070236,0.0002537290427,0.0002076614695,0.0001892343614,0.0001673170648,0.0001464540054,0.0001145949237,9.511618566e-05
1,2000,first_saved,27,mlp,down_proj,mlp,16,18944,3584,16,360448,3584,18944,67895296,16,32,2,0.03612368479,0.03611538198,4.384016712e-06,133.3173948,7.978114148,0.0002709600262,0.004526806875,0.001304920603,0.003859860976,82,0.8560756176,0.001687907591,182,1.000459847,1.004517874,0.9995403645,0.9998287179,0.9999692274,0.9999971518,1,1,1,1,0.03611538198,0.0006134152958,0.0003560308318,0.0002378985819,0.0001418288766,9.981506306e-05,6.917841175e-05,3.968674005e-05,3.551348775e-05,2.965035956e-05,2.314716121e-05,1.785212854e-05,1.748946838e-05,1.338523369e-05,1.16885681e-05,1.000676939e-05
1,4000,selected,0,attention,q_proj,self_attn,16,3584,3584,16,114688,3584,3584,12845056,16,32,2,0.04542138573,0.03762055179,1.267337772e-05,74.54172753,22.88633987,0.000609341737,0.001643799402,0.002063102282,0.004632401077,63,0.7604170736,0.01060904479,1,1.457707663,3.88692431,0.6860086045,0.7696886112,0.85386646,0.9322098195,1,6,10,15,0.03762055179,0.01313926987,0.009922115764,0.00867289633,0.007514997182,0.00643205516,0.005813363609,0.005476189464,0.005172473586,0.004849545869,0.004547153452,0.004327450095,0.004059570883,0.003537994795,0.003347833006,0.003158569341
1,4000,selected,0,attention,k_proj,self_attn,16,3584,512,16,65536,512,3584,1835008,16,32,2,0.01611891515,0.01183442644,1.189917436e-05,37.19750106,4.175160803,0.0004333332803,0.002834483987,0.0002598194257,0.000583387357,141,0.9820187767,0.009352445409,4,1.855142135,5.479470661,0.5390422552,0.6888538615,0.8128007742,0.923590831,1,7,10,15,0.01183442644,0.006238907396,0.00454937372,0.003392199058,0.003058654334,0.002972761534,0.002365282334,0.002235658948,0.002048472657,0.001764181697,0.001718586155,0.001608192933,0.001472725098,0.001399112422,0.001299480135,0.001090459916
1,4000,selected,0,attention,v_proj,self_attn,16,3584,512,16,65536,512,3584,1835008,16,32,2,0.0108596699,0.006535435409,8.016737128e-06,12.18984879,1.247592157,0.0008908781463,0.005238439,0.0001179324303,0.0002648004036,182,0.9968168993,0.004245089115,133,2.761113089,8.615905775,0.3621727788,0.5219289559,0.6962975021,0.8624446827,1,10,12,15,0.006535435409,0.004340556902,0.003558950015,0.002810263547,0.002427834599,0.002328561741,0.002123699235,0.001940995033,0.001899476957,0.001693881258,0.001593994067,0.001472613658,0.001260232744,0.001204028425,0.001080156715,0.0009115749138
1,4000,selected,0,attention,o_proj,self_attn,16,3584,3584,16,114688,3584,3584,12845056,16,32,2,0.02760529272,0.01942128338,7.70236962e-06,44.5817881,5.992457152,0.000619205597,0.003240954901,0.0007620521861,0.001711079183,134,0.9723270649,0.003918683936,145,2.020360472,6.921193474,0.4949611784,0.5844625127,0.7098996094,0.8750604867,1,9,11,15,0.01942128338,0.008258612929,0.007367649598,0.006427079671,0.006292858739,0.006011037133,0.005080526077,0.004931209173,0.004668725573,0.004474907186,0.003954971031,0.003417831927,0.003247161601,0.002513967015,0.002365662977,0.001898635179
1,4000,selected,0,mlp,gate_proj,mlp,16,3584,18944,16,360448,18944,3584,67895296,16,32,2,0.05752094245,0.04167363692,6.980815342e-06,126.559206,37.77510071,0.000454498288,0.00110320386,0.00330865882,0.007429120125,52,0.6977504218,0.003218872878,161,1.905150017,6.621233842,0.5248930484,0.5985141453,0.7228424183,0.8666280445,1,10,13,15,0.04167363692,0.01560727687,0.01494829311,0.0137079674,0.01258352795,0.01131051949,0.01004136523,0.009414644874,0.009092900951,0.00839846338,0.008207673094,0.007332483051,0.007059004164,0.006740961817,0.0063492651,0.005599355619
1,4000,selected,0,mlp,up_proj,mlp,16,3584,18944,16,360448,18944,3584,67895296,16,32,2,0.06091699152,0.04670563644,7.392964213e-06,108.7673587,7.836136441,0.000560066846,0.005960288823,0.003710879856,0.00833224993,51,0.6903213017,0.003610178979,154,1.701133139,5.51305522,0.5878434657,0.6588880806,0.769712862,0.8904585039,1,9,12,15,0.04670563644,0.01623693414,0.01523427365,0.01338560255,0.01100951173,0.01094014147,0.01075841303,0.009562064382,0.008853918801,0.008147522835,0.007593171067,0.006989806753,0.006862966599,0.006482515428,0.006057218023,0.005421666959
1,4000,selected,0,mlp,down_proj,mlp,16,18944,3584,16,360448,3584,18944,67895296,16,32,2,0.03048534332,0.01552733009,3.69974036e-06,115.2490974,6.52738734,0.000264516981,0.002378797103,0.0009293561574,0.00208673632,123,0.9514636067,0.0009041365372,194,3.854682473,11.45581929,0.2594247404,0.3844793658,0.5748669565,0.7935369632,1,12,14,16,0.01552733009,0.01078055129,0.009498287889,0.009312379231,0.007618004408,0.007408502189,0.007010338035,0.006415417515,0.005935702891,0.005550506025,0.005267878275,0.004965806187,0.004711832317,0.004495110575,0.004165751561,0.003696804978
1,4000,selected,1,attention,q_proj,self_attn,16,3584,3584,16,114688,3584,3584,12845056,16,32,2,0.02551009181,0.01643519892,7.117771153e-06,56.73764755,10.46560968,0.0004496149015,0.001570400524,0.0006507647843,0.001461199241,138,0.9787313332,0.003346413216,158,2.409206985,6.875200614,0.4150743403,0.6211679552,0.7821021908,0.9074615776,1,8,11,15,0.01643519892,0.01158095276,0.007847198904,0.006569003157,0.005279500812,0.005028296867,0.003794100086,0.003745314497,0.003476633881,0.003316022855,0.003138933859,0.002507455312,0.002486363039,0.002429329609,0.002261508338,0.001949218913
1,4000,selected,1,attention,k_proj,self_attn,16,3584,512,16,65536,512,3584,1835008,16,32,2,0.01025952138,0.0052127595,7.573700375e-06,29.89003685,4.705555086,0.0003432421791,0.001107788434,0.000105257779,0.0002363412871,189,0.9985529417,0.003788853081,151,3.873636148,9.127060143,0.2581553769,0.494037179,0.695860693,0.8721084251,1,9,12,15,0.0052127595,0.004982809909,0.003607228283,0.002869041468,0.002403622563,0.002244430601,0.002099929172,0.001823971533,0.001751544843,0.001544477421,0.001415236982,0.001343241986,0.001199151205,0.00109286463,0.0009386327119,0.0008292891229
1,4000,selected,1,attention,v_proj,self_attn,16,3584,512,16,65536,512,3584,1835008,16,32,2,0.01075933885,0.006945116229,7.942671558e-06,18.31095231,1.461890916,0.0005875903483,0.004750775966,0.0001157633725,0.0002599300946,183,0.9970768294,0.004167011832,137,2.40000493,5.274680191,0.4166658107,0.7398122368,0.8580897243,0.9406969514,1,6,9,14,0.006945116229,0.006116250492,0.002919207668,0.002273857391,0.001750438897,0.001616321964,0.001474684872,0.001308305277,0.001251688177,0.001192320754,0.001045270041,0.0008959085101,0.0008154520551,0.0007427870209,0.0006589604343,0.0005749816037
1,4000,selected,1,attention,o_proj,self_attn,16,3584,3584,16,114688,3584,3584,12845056,16,32,2,0.02855229119,0.01796570158,7.966599103e-06,51.75558905,3.71699528,0.0005516755139,0.004833393704,0.000815233332,0.00183048984,130,0.9653309205,0.004192156155,135,2.525768629,8.804243061,0.3959190832,0.4984676378,0.6580353632,0.8421709532,1,10,13,15,0.01796570158,0.009143358237,0.008363537812,0.007754751044,0.006780567974,0.00616357942,0.005870594448,0.005628834518,0.00523450679,0.004732810089,0.00453646825,0.004050908569,0.003699761324,0.003378740137,0.00293731988,0.002854220699
1,4000,selected,1,mlp,gate_proj,mlp,16,3584,18944,16,360448,18944,3584,67895296,16,32,2,0.04991597555,0.04325741252,6.057866806e-06,123.1204121,20.77054609,0.0004054240455,0.002082632413,0.002491604615,0.005594541774,57,0.7302848631,0.002423990793,169,1.331551751,2.930691097,0.7510034808,0.8413101325,0.9103627589,0.9685762089,1,4,7,12,0.04325741252,0.01500028234,0.009979014617,0.008512996525,0.007796862466,0.006008845122,0.005294973772,0.004484514401,0.0040899028,0.003817927407,0.003619250953,0.003201659628,0.003007843505,0.00281838771,0.002087585453,0.001514510373
1,4000,selected,1,mlp,up_proj,mlp,16,3584,18944,16,360448,18944,3584,67895296,16,32,2,0.0546215257,0.05040994037,6.628938407e-06,101.2989287,8.822049724,0.000539211287,0.005714084816,0.00298351107,0.006699047359,55,0.7185988901,0.002902548551,166,1.174073501,2.052423764,0.8517354313,0.906249269,0.9511120304,0.9827065646,1,2,4,10,0.05040994037,0.01275314229,0.009223710095,0.006983675065,0.005509894273,0.005373818503,0.004410193466,0.00394664106,0.003692658835,0.003208902412,0.00277134104,0.002546757383,0.002296855799,0.001940198312,0.001603344114,0.001373113026
1,4000,selected,1,mlp,down_proj,mlp,16,18944,3584,16,360448,3584,18944,67895296,16,32,2,0.02998391635,0.01759993287,3.63888654e-06,101.4703818,13.527541,0.0002954942694,0.001301044504,0.0008990352396,0.002018655037,126,0.9575688587,0.0008746384278,195,2.902382804,9.997661685,0.3445444889,0.4494091404,0.6158559468,0.8127004987,1,11,13,16,0.01759993287,0.009709635269,0.008745459467,0.008553273247,0.007476724718,0.006920270852,0.006137932863,0.00595855753,0.00560293636,0.005128503774,0.004997684903,0.004695858131,0.004506676269,0.004003702403,0.003880256131,0.003502901033
1,4000,selected,2,attention,q_proj,self_attn,16,3584,3584,16,114688,3584,3584,12845056,16,32,2,0.02750638669,0.0139865655,7.674773073e-06,65.36730749,5.545589746,0.000420797303,0.002522106058,0.000756601309,0.001698840018,135,0.9740259049,0.003890654013,146,3.867630012,11.40714318,0.2585562727,0.3948348236,0.5651327649,0.7916754722,1,11,13,16,0.0139865655,0.01015423705,0.008502274289,0.007520570271,0.007090031637,0.006924166225,0.006151978646,0.005945001358,0.005471882784,0.005282985626,0.004948231251,0.004473402192,0.004338691752,0.003846215582,0.003504586471,0.00306122617
1,4000,selected,2,attention,k_proj,self_attn,16,3584,512,16,65536,512,3584,1835008,16,32,2,0.01063302121,0.00535067399,7.849422378e-06,31.76935015,3.030344924,0.0003346943251,0.001765698006,0.00011306114,0.0002538626181,185,0.9975879584,0.004069742425,141,3.949084065,10.37640062,0.253223275,0.4079850652,0.627006324,0.8485788084,1,10,13,16,0.00535067399,0.004183006626,0.003824584569,0.003183605831,0.002905446864,0.002681774759,0.002307223605,0.002023467218,0.001928247552,0.001771819312,0.001545456763,0.00148193348,0.001328709544,0.001190373019,0.001130706696,0.001103110236
1,4000,selected,2,attention,v_proj,self_attn,16,3584,512,16,65536,512,3584,1835008,16,32,2,0.01055489617,0.00597995953,7.791749545e-06,14.76439726,1.211148926,0.0007148883886,0.004937427101,0.0001114058331,0.0002501458632,186,0.9978381043,0.004010158091,143,3.115382965,8.856091484,0.3209878244,0.5127662339,0.7005771693,0.868112454,1,10,12,15,0.00597995953,0.004622254155,0.003520441742,0.002920569066,0.002613705182,0.002189264173,0.002016239236,0.001724776769,0.00168226129,0.001625680606,0.001409080591,0.001371146484,0.001298470297,0.001166245229,0.001125702198,0.001020437251
1,4000,selected,2,attention,o_proj,self_attn,16,3584,3584,16,114688,3584,3584,12845056,16,32,2,0.0296467788,0.01732880623,8.271980693e-06,50.63907457,3.97244725,0.0005854526184,0.004362249551,0.0008789314934,0.00197351495,128,0.9615411028,0.004519709788,128,2.926966387,9.395044174,0.3416506607,0.4916860077,0.6503165591,0.8379463276,1,11,13,16,0.01732880623,0.01148350084,0.0084838323,0.008212793494,0.007725143114,0.006294637563,0.005752642031,0.005702676926,0.005310353407,0.005065935911,0.004960871989,0.004311382246,0.003813608459,0.003402847299,0.003205530494,0.002995637427
1,4000,selected,2,mlp,gate_proj,mlp,16,3584,18944,16,360448,18944,3584,67895296,16,32,2,0.05658858714,0.0486313299,6.867663506e-06,138.7303231,23.40659957,0.0004079035202,0.002077675988,0.003202268195,0.007190235193,53,0.704940657,0.003115369338,162,1.35402103,3.254317911,0.7385409665,0.8038157182,0.8720535008,0.9522555544,1,6,8,13,0.0486313299,0.01445777512,0.01088951766,0.009996703748,0.009347451303,0.008893659626,0.006886131033,0.006552683228,0.006006269396,0.005475925726,0.004817031141,0.00462780012,0.004008784235,0.003444055201,0.002969567028,0.002336443127
1,4000,selected,2,mlp,up_proj,mlp,16,3584,18944,16,360448,18944,3584,67895296,16,32,2,0.06304196927,0.05180523385,7.650854237e-06,112.6574561,6.535581694,0.0005595898527,0.007926644678,0.00397428989,0.008923699483,50,0.6819890518,0.003866440945,147,1.480854076,3.902150945,0.6752859829,0.7660840572,0.8500723761,0.9442714873,1,6,9,13,0.05180523385,0.01899625933,0.01323219098,0.01259773983,0.01166694064,0.00950809336,0.008898079031,0.008287184174,0.008037016599,0.006871612856,0.006046603524,0.005132335268,0.004489969717,0.003959229676,0.002657456836,0.00196694724
1,4000,selected,2,mlp,down_proj,mlp,16,18944,3584,16,360448,3584,18944,67895296,16,32,2,0.02983556559,0.01547524446,3.620882502e-06,115.5624276,7.968331481,0.0002581770409,0.001942093461,0.000890160974,0.001998729143,127,0.9595675878,0.0008660049802,196,3.717008152,11.01602166,0.2690335773,0.4139530291,0.5974828953,0.8006475298,1,12,14,16,0.01547524446,0.0113578889,0.009822936502,0.00817808308,0.007265812027,0.006758432281,0.006564968127,0.006267534694,0.005610125467,0.005507230729,0.005138921115,0.004824523547,0.004499494318,0.004480432624,0.003693738086,0.003464783783
1,4000,selected,3,attention,q_proj,self_attn,16,3584,3584,16,114688,3584,3584,12845056,16,32,2,0.02508086431,0.01281964254,6.998009016e-06,67.87416794,7.394621595,0.0003695200262,0.00173364416,0.0006290497547,0.001412441248,139,0.9801437744,0.003234748504,159,3.827658347,11.54263269,0.2612563373,0.3856204112,0.5536858582,0.7850122903,1,12,13,16,0.01281964254,0.008844839749,0.007682842956,0.006833407083,0.006570554382,0.006128805188,0.005774735303,0.005606588054,0.005001945511,0.004851346944,0.004670895241,0.004300379276,0.004000855161,0.003482161652,0.003222590397,0.002802683545
1,4000,selected,3,attention,k_proj,self_attn,16,3584,512,16,65536,512,3584,1835008,16,32,2,0.009999782685,0.004881417975,7.381958189e-06,32.42493487,3.686256118,0.0003083979266,0.001324221058,9.999565374e-05,0.0002245259375,192,0.9992430783,0.003599437918,156,4.196518402,11.42619282,0.2382927713,0.4011163592,0.5670856763,0.7989877118,1,11,14,16,0.004881417975,0.004035052802,0.003017094047,0.002737399107,0.002655162474,0.002487556551,0.002381210029,0.002069108283,0.001999092806,0.001859952983,0.001728570571,0.00159248432,0.001418594652,0.001386893889,0.001320187737,0.001200755756
1,4000,selected,3,attention,v_proj,self_attn,16,3584,512,16,65536,512,3584,1835008,16,32,2,0.01112106259,0.007641914504,8.209700314e-06,17.25056053,1.209028181,0.000644678332,0.006320708336,0.0001236780331,0.000277701333,180,0.9962829385,0.004451907511,131,2.117815979,7.059778621,0.4721845571,0.5654347872,0.7303520261,0.8893578643,1,9,11,15,0.007641914504,0.003396027833,0.003375180463,0.003000799324,0.002632870881,0.002250100748,0.002011396883,0.001903903737,0.001784048951,0.001638550749,0.001449150055,0.001309646766,0.001175487715,0.001020201292,0.0009022750955,0.0008743166402
1,4000,selected,3,attention,o_proj,self_attn,16,3584,3584,16,114688,3584,3584,12845056,16,32,2,0.03138054296,0.01720574532,8.755731852e-06,53.06764659,3.75741149,0.0005913309705,0.004579148535,0.0009847384764,0.002211089396,120,0.9451252541,0.005063798673,107,3.326395826,9.347573512,0.3006256779,0.5078475714,0.6637036024,0.8558214303,1,10,13,15,0.01720574532,0.01428493513,0.009342582763,0.008135943571,0.007756629389,0.007064200949,0.006818956815,0.005711340524,0.005120357269,0.00484205038,0.004631986732,0.004281466053,0.004029152808,0.003789434177,0.003490963828,0.003122132254
1,4000,selected,3,mlp,gate_proj,mlp,16,3584,18944,16,360448,18944,3584,67895296,16,32,2,0.06480848458,0.04666518711,7.8652408e-06,153.4598448,22.24793407,0.0004223155878,0.002097506535,0.004200139673,0.009430812867,49,0.6730653523,0.00408616192,140,1.928757864,6.130610651,0.518468398,0.6173878701,0.7598792382,0.9163513955,1,8,10,14,0.04666518711,0.02038321857,0.01816949125,0.01638149065,0.01455792505,0.01325406335,0.01213246279,0.01106367413,0.01043886038,0.008127582745,0.00713208214,0.006090069808,0.005969541309,0.004639106556,0.004110785687,0.003781213718
1,4000,selected,3,mlp,up_proj,mlp,16,3584,18944,16,360448,18944,3584,67895296,16,32,2,0.06809303287,0.05040620941,8.263857793e-06,132.2382021,7.259781881,0.0005149270922,0.006943212653,0.004636661125,0.01041095935,46,0.6443143255,0.004510837639,129,1.824892463,5.989696251,0.5479774947,0.6421404288,0.7608086281,0.890581921,1,9,12,15,0.05040620941,0.02089501414,0.01770748858,0.01538405261,0.01487656303,0.01210885743,0.01108435604,0.01053163225,0.009674602457,0.009310537419,0.008797980826,0.008354623278,0.007465895276,0.0068289679,0.006455430765,0.00598325461
1,4000,selected,3,mlp,down_proj,mlp,16,18944,3584,16,360448,3584,18944,67895296,16,32,2,0.03306457735,0.01789524584,4.01275951e-06,131.1027303,17.02716446,0.0002522035756,0.001050982146,0.001093266275,0.002454773045,112,0.9264059882,0.001063598682,192,3.413898566,10.60093039,0.2929202437,0.4217364696,0.6068196558,0.815926992,1,11,13,16,0.01789524584,0.01186719998,0.01067161727,0.009405412828,0.008083918448,0.007701065012,0.007571387715,0.006828465924,0.006348259796,0.005842142125,0.005480706067,0.005119791444,0.004874289918,0.004403872217,0.003742618586,0.003660518377
1,4000,selected,4,attention,q_proj,self_attn,16,3584,3584,16,114688,3584,3584,12845056,16,32,2,0.02398412231,0.009570774063,6.691998411e-06,64.63333065,6.627741599,0.0003710797829,0.001444047557,0.0005752381228,0.001291614925,140,0.9814353893,0.002958034151,164,6.27991163,12.73748643,0.1592379095,0.2970344826,0.5022699899,0.7787425845,1,12,14,16,0.009570774063,0.008903136639,0.007894800951,0.007465347004,0.007003664868,0.006835582591,0.005664845272,0.005583063087,0.004990735994,0.004843746675,0.004251619472,0.004157366178,0.003789457092,0.00335171745,0.003171117663,0.002810058525
1,4000,selected,4,attention,k_proj,self_attn,16,3584,512,16,65536,512,3584,1835008,16,32,2,0.008391665138,0.003766198461,6.194826741e-06,29.07658056,3.357360974,0.0002886056399,0.001121773467,7.042004379e-05,0.0001581181358,196,1,0.002534835928,168,4.9646643,11.87844707,0.201423488,0.3496335725,0.5613355998,0.8027650423,1,12,14,16,0.003766198461,0.003230628521,0.002797946126,0.002660744915,0.002310742165,0.00217344699,0.001984363315,0.001732158473,0.001685619484,0.001458527279,0.00137006441,0.00133060355,0.001260918537,0.001194991123,0.001115876973,0.001004985788
1,4000,selected,4,attention,v_proj,self_attn,16,3584,512,16,65536,512,3584,1835008,16,32,2,0.0101972756,0.006625321582,7.527749799e-06,20.84608852,1.508170611,0.000489169735,0.00439295232,0.0001039844296,0.0002334821632,190,0.9987864238,0.003743017669,152,2.368941781,6.90753594,0.4221294115,0.624062144,0.7679765776,0.90528433,1,8,11,15,0.006625321582,0.004582342196,0.003065206669,0.002359950924,0.002139466262,0.001979833604,0.001745038704,0.001653980426,0.001517705388,0.001315188786,0.001170800235,0.00109578168,0.001073003667,0.000930826259,0.0008202690855,0.0007440949393
1,4000,selected,4,attention,o_proj,self_attn,16,3584,3584,16,114688,3584,3584,12845056,16,32,2,0.02829548529,0.0178474385,7.894945673e-06,53.27619141,3.73743622,0.0005311093857,0.004775315872,0.000800634488,0.001797710224,131,0.9671286307,0.004117084845,139,2.513520927,8.118940203,0.3978482889,0.5278014575,0.7139292941,0.8733284528,1,10,12,15,0.0178474385,0.01020024454,0.009367395575,0.007827660265,0.006970036562,0.005474062155,0.005222192631,0.004669304207,0.004420343058,0.00413233728,0.00409373165,0.003680564363,0.003228709674,0.003151607528,0.002753661527,0.002560649212
1,4000,selected,4,mlp,gate_proj,mlp,16,3584,18944,16,360448,18944,3584,67895296,16,32,2,0.06572487525,0.04989668289,7.976455147e-06,156.5707198,22.80007179,0.0004197775633,0.002188444113,0.004319759226,0.009699401463,47,0.6540137269,0.004202535398,134,1.735066766,5.648630883,0.5763466973,0.642870986,0.7521440598,0.8915226674,1,9,11,14,0.04989668289,0.01695195888,0.01573184353,0.01498474117,0.01443415239,0.0121859862,0.01122283945,0.01092185358,0.01034196968,0.009442084952,0.008582954007,0.00809996707,0.007438449397,0.005970630579,0.005207442541,0.003887630464
1,4000,selected,4,mlp,up_proj,mlp,16,3584,18944,16,360448,18944,3584,67895296,16,32,2,0.071986146,0.06252103056,8.736330995e-06,129.500633,5.478613708,0.0005558748582,0.01141183407,0.005182005216,0.0116354515,37,0.5454422009,0.005041382913,108,1.325701018,3.146676524,0.7543178943,0.8040913235,0.8715137234,0.9503403374,1,6,8,14,0.06252103056,0.01606008001,0.01385741155,0.01254413699,0.01192181166,0.009983737828,0.009555591459,0.008681358335,0.007563007285,0.006516976431,0.006107634627,0.005638958877,0.005270830142,0.004957733973,0.004455430715,0.004043992121
1,4000,selected,4,mlp,down_proj,mlp,16,18944,3584,16,360448,3584,18944,67895296,16,32,2,0.03312281565,0.01919297178,4.019827384e-06,128.6131043,8.405113638,0.0002575384197,0.002283487482,0.001097120916,0.002463428091,111,0.9239512151,0.001067348721,191,2.978311001,9.527242847,0.3357607717,0.4685289143,0.6463416956,0.8449934645,1,10,13,16,0.01919297178,0.01206908059,0.01116747137,0.00838866526,0.008142327546,0.007699251753,0.007068493205,0.006511945882,0.005977406028,0.005248611419,0.004767970147,0.004574168092,0.004470416834,0.004250369676,0.003652588063,0.00342569496
1,4000,selected,5,attention,q_proj,self_attn,16,3584,3584,16,114688,3584,3584,12845056,16,32,2,0.02647931466,0.01530203726,7.388201634e-06,63.17059862,5.959921879,0.0004191715012,0.002567489569,0.0007011541046,0.001574341252,137,0.9772701339,0.003605529092,155,2.994435554,9.62090946,0.333952754,0.4644512999,0.6443263667,0.8434806157,1,10,13,16,0.01530203726,0.009565541862,0.008214316857,0.007658011492,0.006651665975,0.006015691021,0.005707116267,0.005160760053,0.004812439231,0.004543228725,0.003833335909,0.003513602269,0.003493581486,0.003263622758,0.002893999389,0.00276988583
1,4000,selected,5,attention,k_proj,self_attn,16,3584,512,16,65536,512,3584,1835008,16,32,2,0.009469306901,0.005527530112,6.990354673e-06,26.62700992,2.659283425,0.0003556278729,0.002078578785,8.966777318e-05,0.000201336159,194,0.9996599121,0.003227676111,160,2.934770536,9.704069196,0.3407421424,0.4556194221,0.6342783629,0.8326867569,1,11,13,16,0.005527530112,0.00320948436,0.002861789755,0.002798233153,0.002386285187,0.002287798283,0.001914452947,0.001788108165,0.001768059187,0.00160179207,0.001471108089,0.001431789984,0.001320057286,0.00114938592,0.001050508282,0.0009640779837
1,4000,selected,5,attention,v_proj,self_attn,16,3584,512,16,65536,512,3584,1835008,16,32,2,0.01070406864,0.006731412046,7.901870438e-06,19.82753294,1.545035145,0.0005398588255,0.004356801893,0.0001145770856,0.000257266457,184,0.9973340958,0.004124310316,138,2.528630779,6.814202763,0.3954709435,0.6307962026,0.7899314751,0.9129078695,1,8,11,15,0.006731412046,0.005192579546,0.003271786277,0.00274384225,0.002068252796,0.002036736817,0.00180716941,0.001548692703,0.001476837864,0.001409390219,0.001181671366,0.001068608889,0.0009980775982,0.0009310915312,0.0009015688867,0.0007727500634
1,4000,selected,5,attention,o_proj,self_attn,16,3584,3584,16,114688,3584,3584,12845056,16,32,2,0.02954002521,0.01920786499,8.242194535e-06,53.3628664,4.012816913,0.0005535689367,0.004786628796,0.0008726130896,0.001959327878,129,0.9635004306,0.004487218801,130,2.365176386,7.910152796,0.4228014476,0.5385157908,0.7129764571,0.869242739,1,10,12,15,0.01920786499,0.01004857455,0.009308498641,0.008098673601,0.007013667133,0.006000256629,0.005433038947,0.004652685735,0.00452408532,0.004483274437,0.004237743889,0.003877622697,0.003680925282,0.003104741112,0.003046916127,0.002840183555
1,4000,selected,5,mlp,gate_proj,mlp,16,3584,18944,16,360448,18944,3584,67895296,16,32,2,0.06868910871,0.05685482561,8.336198321e-06,149.2553909,21.12279898,0.0004602119113,0.002691633134,0.004718193655,0.01059402898,44,0.6233240002,0.004590157648,126,1.459624346,3.83284444,0.685107783,0.7578044653,0.8553981681,0.9458425558,1,6,9,14,0.05685482561,0.01852017887,0.01593196443,0.01437492605,0.01315152061,0.01050218565,0.008640266144,0.008295874834,0.007872204542,0.006726816893,0.006624870479,0.005739730993,0.004836575933,0.004542612971,0.004201843108,0.003128407611
1,4000,selected,5,mlp,up_proj,mlp,16,3584,18944,16,360448,18944,3584,67895296,16,32,2,0.06900720055,0.05083426737,8.374802355e-06,133.8345989,6.229262294,0.0005156155516,0.008160559787,0.004761993728,0.01069237578,43,0.6127299712,0.004632769133,125,1.842789297,6.035367806,0.542655637,0.6298585138,0.754785584,0.899942303,1,9,11,15,0.05083426737,0.02037791826,0.01784793755,0.01662386989,0.01487576727,0.01337527665,0.01277731113,0.01130438979,0.01011807329,0.008958013998,0.008789359194,0.007705846729,0.00758772172,0.00675120739,0.006205496129,0.003944526613
1,4000,selected,5,mlp,down_proj,mlp,16,18944,3584,16,360448,3584,18944,67895296,16,32,2,0.03427691766,0.02330716036,4.159890685e-06,131.9044806,8.422495259,0.0002598616627,0.00276725123,0.001174907084,0.002638085804,106,0.9111915345,0.001143024033,190,2.162841996,7.214359332,0.4623546249,0.5804538544,0.7330871592,0.8827391991,1,9,12,15,0.02330716036,0.0117794576,0.01023422823,0.008636580555,0.007883364856,0.006446107581,0.006089691858,0.005919725543,0.005130711693,0.00496242244,0.004454128948,0.004220367336,0.00368794012,0.003618479081,0.003557791446,0.003133331837
1,4000,selected,6,attention,q_proj,self_attn,16,3584,3584,16,114688,3584,3584,12845056,16,32,2,0.02773497178,0.01680027193,7.738552393e-06,64.21732134,5.504467816,0.0004318923804,0.003052115572,0.0007692286595,0.001727192928,133,0.9706159857,0.003955587355,144,2.72535345,8.484180922,0.3669248845,0.5056146739,0.6948472457,0.8845170621,1,9,12,15,0.01680027193,0.01032880248,0.009258703494,0.007735601281,0.007118751205,0.006290501674,0.005551942559,0.004982806681,0.00419791612,0.004064762298,0.003624577981,0.003265346703,0.003112139291,0.003022937461,0.002512527808,0.002398245346
1,4000,selected,6,attention,k_proj,self_attn,16,3584,512,16,65536,512,3584,1835008,16,32,2,0.01035467354,0.004974655973,7.643942825e-06,28.53071619,2.983757002,0.0003629307259,0.00166724568,0.0001072192641,0.0002407455213,187,0.9980788498,0.003859458588,148,4.33258127,10.82569672,0.2308092885,0.4012120373,0.6074004528,0.8332382517,1,11,13,16,0.004974655973,0.004274395551,0.003532724145,0.003102777834,0.002917877478,0.002405008016,0.002321453842,0.002127661185,0.001945840423,0.001792714694,0.001649642031,0.001484016298,0.001385207538,0.00127330399,0.00115131177,0.001044368724
1,4000,selected,6,attention,v_proj,self_attn,16,3584,512,16,65536,512,3584,1835008,16,32,2,0.01178570881,0.006953477904,8.700350038e-06,20.6708601,1.449466801,0.0005701605426,0.004797266069,0.0001389029322,0.0003118866661,173,0.9941915418,0.004999942119,111,2.872812327,7.244402024,0.3480909597,0.5633635961,0.7901999929,0.9155326635,1,8,11,15,0.006953477904,0.005468272159,0.00468884584,0.003085930219,0.002373674612,0.002311694146,0.001833764287,0.001751605835,0.001554080606,0.001497352238,0.001322343393,0.001217161005,0.001152889116,0.001034927043,0.0009216513305,0.0007718737067
1,4000,selected,6,attention,o_proj,self_attn,16,3584,3584,16,114688,3584,3584,12845056,16,32,2,0.03250194451,0.0221383573,9.068622909e-06,54.91432347,5.067507917,0.0005918664286,0.004368687265,0.001056376397,0.002371942099,116,0.9360615611,0.005432180751,96,2.155400126,7.202759234,0.4639509796,0.59242072,0.7291500719,0.8810157419,1,9,12,15,0.0221383573,0.01164956658,0.008721038949,0.008269288949,0.007187290108,0.006532790514,0.005973861215,0.005514145488,0.004702301977,0.004657819943,0.004315480738,0.004159349781,0.004067952579,0.003443985768,0.003217914217,0.002682800528
1,4000,selected,6,mlp,gate_proj,mlp,16,3584,18944,16,360448,18944,3584,67895296,16,32,2,0.06864155652,0.04864233523,8.330427326e-06,151.057074,14.30846831,0.0004544080903,0.003399548727,0.004711663281,0.01057936596,45,0.6339033661,0.004583804486,127,1.99133998,6.876316891,0.5021744202,0.6093714457,0.7194983151,0.8653911784,1,10,12,16,0.04864233523,0.02247390239,0.01710089513,0.01504792718,0.01491499262,0.01331700613,0.01221278728,0.01176631704,0.01066450747,0.01048175591,0.009466800584,0.009402780945,0.008447414818,0.007842294346,0.00717437757,0.006947504699
1,4000,selected,6,mlp,up_proj,mlp,16,3584,18944,16,360448,18944,3584,67895296,16,32,2,0.07086253806,0.05726462209,8.599968495e-06,129.5618208,4.117584764,0.0005469399677,0.01390733291,0.005021499301,0.01127505843,40,0.5797828184,0.004885232592,116,1.53130115,4.396695424,0.6530394105,0.7155283101,0.8169566879,0.927678906,1,7,10,14,0.05726462209,0.01771406125,0.01755012129,0.01418857887,0.01314473703,0.01232530734,0.01106346696,0.01043522531,0.008639346542,0.008208079828,0.007947688335,0.006602433845,0.006238298108,0.005447118226,0.005010286943,0.004549848523
1,4000,selected,6,mlp,down_proj,mlp,16,18944,3584,16,360448,3584,18944,67895296,16,32,2,0.03654741917,0.02389084068,4.43544166e-06,127.4972632,7.351193052,0.000286652578,0.003249926986,0.001335713848,0.002999154391,96,0.8824967239,0.001299467038,189,2.340187011,7.526040534,0.4273162766,0.5810913214,0.7278225312,0.8854345825,1,9,12,15,0.02389084068,0.01433176391,0.01084914321,0.008847994152,0.008075520168,0.007740689503,0.006818348767,0.006237180432,0.00565610043,0.005009767353,0.004635607196,0.00421667968,0.004140450742,0.003922286384,0.003636158867,0.003304363466
1,4000,selected,7,attention,q_proj,self_attn,16,3584,3584,16,114688,3584,3584,12845056,16,32,2,0.02799842727,0.01316306618,7.81206118e-06,60.8421112,4.562471816,0.0004601817182,0.002885073423,0.0007839119296,0.001760162111,132,0.9688887928,0.004031092807,142,4.524318224,11.45512234,0.2210277771,0.3716458939,0.584926994,0.8098159145,1,11,13,16,0.01316306618,0.01086606362,0.009747812891,0.008495513086,0.007579505894,0.006789239818,0.006347780256,0.005697026112,0.005221880145,0.004997191474,0.004776001314,0.004498372144,0.004098028118,0.003862037207,0.003395174275,0.00325049287
1,4000,selected,7,attention,k_proj,self_attn,16,3584,512,16,65536,512,3584,1835008,16,32,2,0.0102900645,0.004550179323,7.596247668e-06,23.83876664,2.535220953,0.0004316525538,0.001794786099,0.0001058854274,0.0002377505819,188,0.9983166004,0.003811445879,150,5.114217204,11.60269531,0.1955333456,0.3611226513,0.5874290779,0.8062159402,1,11,14,16,0.004550179323,0.004187301567,0.003603550864,0.003313151653,0.002739263147,0.002627865571,0.002225565489,0.001950373972,0.001932008396,0.001831184516,0.001705877614,0.001595753733,0.00156961132,0.00149508562,0.001296204436,0.001263906554
1,4000,selected,7,attention,v_proj,self_attn,16,3584,512,16,65536,512,3584,1835008,16,32,2,0.01150208841,0.007660117067,8.490978094e-06,24.66981772,1.714525873,0.0004662413213,0.00446777572,0.0001322980378,0.0002970563205,179,0.9960052372,0.004762192714,122,2.254667938,6.817362454,0.4435242915,0.6098576482,0.7636703152,0.9156751373,1,8,11,15,0.007660117067,0.004691010201,0.003284591579,0.003092017496,0.00266195184,0.002453604752,0.00202225941,0.001707115314,0.001555710406,0.001445344204,0.001248096569,0.001154834421,0.001074603599,0.001019699364,0.0009030231552,0.0008633429434
1,4000,selected,7,attention,o_proj,self_attn,16,3584,3584,16,114688,3584,3584,12845056,16,32,2,0.03238366706,0.02087037496,9.03562139e-06,60.25448918,3.586358544,0.0005374482052,0.005819377707,0.001048701892,0.002354710098,117,0.9384162712,0.005392716319,97,2.40763999,7.896048366,0.4153444885,0.5504241968,0.7045466694,0.8778358711,1,9,12,15,0.02087037496,0.01190203116,0.009149979734,0.008826460195,0.007877610544,0.007376371432,0.005870213403,0.005549928376,0.005287979333,0.004990552372,0.004403946282,0.003932195476,0.003607799789,0.003299632872,0.003033330014,0.002698818855
1,4000,selected,7,mlp,gate_proj,mlp,16,3584,18944,16,360448,18944,3584,67895296,16,32,2,0.07050691803,0.04506762984,8.556809992e-06,141.5222611,13.06259812,0.0004982037278,0.003450127565,0.004971225491,0.01116217578,41,0.5909449942,0.004836323045,117,2.447563824,8.952461813,0.4085695295,0.4995941975,0.6294425255,0.8154600747,1,11,13,15,0.04506762984,0.02127214494,0.01869910091,0.01720025998,0.01626268215,0.01560454791,0.01461703506,0.01425134107,0.01347600467,0.01235197558,0.01189146069,0.01099313971,0.01000607118,0.009517968316,0.009073921298,0.00692173322
1,4000,selected,7,mlp,up_proj,mlp,16,3584,18944,16,360448,18944,3584,67895296,16,32,2,0.0718950902,0.04255548161,8.725280346e-06,133.0640846,5.156125637,0.0005403042482,0.008253383374,0.005168903995,0.01160603458,38,0.5570482355,0.005028637215,110,2.854220007,9.253287546,0.3503584158,0.4996541645,0.6504275248,0.8435448665,1,10,13,15,0.04255548161,0.0277794059,0.02139269729,0.01793559386,0.01685504382,0.01665881986,0.01561876686,0.01387985371,0.01306453339,0.01144595212,0.0110242953,0.01072818773,0.009683037401,0.009000971713,0.007416970146,0.006371064431
1,4000,selected,7,mlp,down_proj,mlp,16,18944,3584,16,360448,3584,18944,67895296,16,32,2,0.03895831212,0.02911836951,4.728030719e-06,132.5406245,7.649104557,0.0002939348766,0.003806768399,0.001517750083,0.003407890719,83,0.8410457632,0.001476563418,188,1.790054112,5.172067951,0.55864233,0.7000761911,0.8347466806,0.9305193149,1,7,10,15,0.02911836951,0.01465132262,0.01114195324,0.008958405248,0.006765327047,0.006365471373,0.00578823436,0.005056321865,0.004390748546,0.004335468144,0.004042234104,0.003795700349,0.003336597229,0.003162496057,0.002820447982,0.002746483547
1,4000,selected,8,attention,q_proj,self_attn,16,3584,3584,16,114688,3584,3584,12845056,16,32,2,0.03002069473,0.01407578566,8.376309913e-06,63.32849648,3.948352125,0.0004740471731,0.003564977291,0.000901242112,0.002023610253,125,0.9555502036,0.004634437183,124,4.54879313,11.19067473,0.2198385311,0.3669703917,0.5884446612,0.8339379828,1,11,13,16,0.01407578566,0.01151526938,0.01015568114,0.009821612855,0.008842511316,0.007421128484,0.006815949501,0.006444268588,0.005302681261,0.005217021054,0.004676961148,0.00407921971,0.003995198552,0.00393959784,0.003670326642,0.003295300685
1,4000,selected,8,attention,k_proj,self_attn,16,3584,512,16,65536,512,3584,1835008,16,32,2,0.0115374144,0.005778385129,8.517056162e-06,27.2712967,2.521189182,0.0004230607195,0.002291928417,0.0001331119311,0.0002988838016,177,0.9954094469,0.004791489572,120,3.986612422,10.37148775,0.2508395335,0.4207508128,0.6147435167,0.8468068556,1,10,12,15,0.005778385129,0.004755756355,0.003701159882,0.003481976303,0.003315582755,0.002981197816,0.002524806388,0.002152933456,0.002063059725,0.001972237291,0.001921048775,0.001600988462,0.001389686655,0.00124889382,0.001222572648,0.001003323885
1,4000,selected,8,attention,v_proj,self_attn,16,3584,512,16,65536,512,3584,1835008,16,32,2,0.01233161112,0.007891327789,9.1033416e-06,20.60217601,1.399432145,0.0005985586726,0.005638949925,0.0001520686329,0.0003414483639,165,0.991591377,0.005473853941,94,2.441965224,7.229015037,0.4095062413,0.5727237569,0.7577827257,0.9124243038,1,8,10,15,0.007891327789,0.004981994025,0.004061156854,0.003413014707,0.002878966414,0.00273004047,0.002124465446,0.001805882431,0.001721606023,0.001681145453,0.00138550373,0.001217152352,0.001135181953,0.001110131702,0.0009805961253,0.0008022838716
1,4000,selected,8,attention,o_proj,self_attn,16,3584,3584,16,114688,3584,3584,12845056,16,32,2,0.0351958938,0.02811435615,9.820282867e-06,55.18688445,3.476601492,0.0006377583034,0.008086735341,0.00123875094,0.002781438051,103,0.9030199552,0.006370001292,53,1.567211871,4.285594375,0.6380758201,0.7546942759,0.8481217586,0.9385034349,1,6,9,14,0.02811435615,0.01201920221,0.008475895016,0.006625147981,0.005964914449,0.005632119016,0.005168939019,0.004235739231,0.003937228691,0.003588652603,0.003462594035,0.003212551809,0.002837374945,0.002715617686,0.002582633922,0.001842121077
1,4000,selected,8,mlp,gate_proj,mlp,16,3584,18944,16,360448,18944,3584,67895296,16,32,2,0.07143986086,0.04584395402,8.67003313e-06,138.9871415,12.20566886,0.0005140033826,0.003755955904,0.00510365372,0.01145952442,39,0.5685077599,0.004965157615,112,2.428382326,8.682152858,0.4117967707,0.5204712279,0.6556323576,0.8289691087,1,11,13,16,0.04584395402,0.02355072818,0.01926804326,0.01784819631,0.01674102411,0.01508997211,0.01430938878,0.01311194114,0.01263271731,0.0121347655,0.01122947325,0.0109660832,0.009916086567,0.009591139242,0.008156206028,0.007927540136
1,4000,selected,8,mlp,up_proj,mlp,16,3584,18944,16,360448,18944,3584,67895296,16,32,2,0.07634290487,0.05745623318,9.265072839e-06,135.5406686,4.771795697,0.0005632472206,0.01204079907,0.005828239124,0.01308647731,30,0.4585201506,0.005670080192,83,1.765481054,5.501035313,0.5664178598,0.6661481134,0.8010315773,0.9081570286,1,8,11,15,0.05745623318,0.02410916352,0.02071285191,0.01889737672,0.01431895091,0.01266888021,0.01185502502,0.01087558034,0.01036450458,0.009745531955,0.008502817772,0.008252599828,0.008113919879,0.007154867295,0.006772057842,0.005439903259
1,4000,selected,8,mlp,down_proj,mlp,16,18944,3584,16,360448,3584,18944,67895296,16,32,2,0.03957144327,0.02929681495,4.802441103e-06,133.9759215,8.078966114,0.0002953623518,0.003626307443,0.001565899122,0.0035160025,81,0.8341717612,0.001523405854,187,1.824412188,5.182244845,0.5481217492,0.7106056582,0.8353900614,0.9305458807,1,7,10,15,0.02929681495,0.01595096895,0.0108686823,0.00879042278,0.007615816105,0.006153020767,0.005577843489,0.00469379978,0.004398162082,0.004263802844,0.003972322375,0.003831598296,0.003455674549,0.003211981484,0.0031049472,0.002979026819
1,4000,selected,9,attention,q_proj,self_attn,16,3584,3584,16,114688,3584,3584,12845056,16,32,2,0.02727099218,0.01399206827,7.6090938e-06,58.61718433,4.689024221,0.0004652388629,0.002984004265,0.0007437070145,0.001669887725,136,0.9756957927,0.00382434797,149,3.798726676,10.268788,0.2632461046,0.4505328984,0.6335408778,0.8321947708,1,11,13,16,0.01399206827,0.01180197027,0.008854404054,0.007596304818,0.007236500459,0.005970963561,0.005710121068,0.00520725132,0.0050116501,0.004546096691,0.004299439602,0.004178925608,0.003608303271,0.003454796529,0.003188448297,0.002818513784
1,4000,selected,9,attention,k_proj,self_attn,16,3584,512,16,65536,512,3584,1835008,16,32,2,0.01016767206,0.00548754099,7.505896117e-06,23.26095856,2.669683376,0.0004371132012,0.002055502551,0.0001033815551,0.0002321284948,191,0.9990185523,0.003721316633,153,3.433108319,10.22277393,0.2912812259,0.4396995694,0.6217816247,0.8331465483,1,10,13,15,0.00548754099,0.003917105967,0.003398885674,0.002696572307,0.002528125982,0.002392945443,0.00232767312,0.002077393432,0.001962567713,0.001766385553,0.001574883226,0.001486979676,0.001329608778,0.001282761923,0.001078486659,0.001004958955
1,4000,selected,9,attention,v_proj,self_attn,16,3584,512,16,65536,512,3584,1835008,16,32,2,0.01222715909,0.008317467045,9.026233872e-06,24.75481428,1.539229075,0.0004939305524,0.005403657699,0.0001495034194,0.0003356885441,167,0.9922676277,0.005381516663,98,2.161070567,6.729107479,0.462733617,0.6197065539,0.75511449,0.9105362689,1,8,11,15,0.008317467045,0.004844377238,0.003480581194,0.002851228509,0.002679200949,0.002478438142,0.00240578656,0.002031626216,0.001660813126,0.001495373576,0.001398344669,0.001375726621,0.001296043122,0.001062710488,0.0009563607252,0.0008994401652
1,4000,selected,9,attention,o_proj,self_attn,16,3584,3584,16,114688,3584,3584,12845056,16,32,2,0.03279779531,0.02436260084,9.151170566e-06,60.40790401,6.386428939,0.0005429388066,0.003814745466,0.001075695377,0.002415320107,115,0.933689619,0.005531524313,91,1.812349711,5.631799646,0.5517698897,0.6836123487,0.7912363113,0.9034772455,1,8,11,15,0.02436260084,0.01190891782,0.008061140697,0.007126612783,0.006312256286,0.00577993564,0.005117642849,0.004614601854,0.004460902773,0.004189698504,0.003913451746,0.003617358115,0.003373987923,0.003214484402,0.003094405379,0.002585231187
1,4000,selected,9,mlp,gate_proj,mlp,16,3584,18944,16,360448,18944,3584,67895296,16,32,2,0.07028683759,0.04780373219,8.530100747e-06,152.3015162,28.9302197,0.0004614979505,0.001652380545,0.004940239538,0.01109260125,42,0.6020375954,0.004806177948,119,2.161844229,7.516061826,0.4625680179,0.5797584121,0.7048551228,0.8563614915,1,10,13,15,0.04780373219,0.02406135114,0.01780410987,0.01734996796,0.01553053947,0.01440969402,0.01270882119,0.01175273071,0.01109528344,0.01082696715,0.0105158605,0.009977255174,0.008968663466,0.008736746331,0.008016400252,0.006174206813
1,4000,selected,9,mlp,up_proj,mlp,16,3584,18944,16,360448,18944,3584,67895296,16,32,2,0.07804674839,0.05913334312,9.471853473e-06,124.8133311,5.025509669,0.0006253077911,0.01176663603,0.006091294934,0.0136771315,27,0.4183932373,0.005925997547,73,1.741986411,5.377231964,0.5740572911,0.6693210537,0.7980667262,0.9160589479,1,8,11,15,0.05913334312,0.02408899489,0.02066054017,0.0189042308,0.01607455594,0.01309581137,0.01224098879,0.01178948649,0.0106798068,0.009362166098,0.008710763304,0.00826698735,0.007678451249,0.006742889358,0.005675140686,0.005361754257
1,4000,selected,9,mlp,down_proj,mlp,16,18944,3584,16,360448,3584,18944,67895296,16,32,2,0.04133174187,0.0347116862,5.016073198e-06,123.152261,7.968574277,0.0003356149657,0.004356072366,0.001708312886,0.003835772236,77,0.8196256736,0.001661954984,186,1.417803339,3.558379111,0.7053164376,0.7763081918,0.8806316005,0.9507783671,1,5,8,14,0.0347116862,0.01101254414,0.009622946116,0.009252887738,0.006691495567,0.005414348111,0.004813768789,0.004750681737,0.004476405152,0.003705808086,0.003474615047,0.003137326654,0.002934148324,0.002790342578,0.002529392575,0.002367678177
1,4000,selected,10,attention,q_proj,self_attn,16,3584,3584,16,114688,3584,3584,12845056,16,32,2,0.03167773505,0.01852525453,8.838653754e-06,63.46072333,4.326296121,0.0004991707216,0.004282012607,0.001003478898,0.002253168333,118,0.9406694395,0.005160167125,102,2.924016888,9.072630544,0.3419952888,0.47375457,0.6720519191,0.8678996335,1,10,12,15,0.01852525453,0.01149859376,0.01033125048,0.009604814884,0.008749044142,0.007114205906,0.006057175847,0.005716814699,0.005050052356,0.004829618738,0.004426675842,0.004107597782,0.003942218931,0.0035369018,0.00343150943,0.002727241156
1,4000,selected,10,attention,k_proj,self_attn,16,3584,512,16,65536,512,3584,1835008,16,32,2,0.01158467535,0.006704060586,8.551944752e-06,27.07495454,2.645627635,0.0004278742308,0.00253401518,0.0001342047029,0.0003013374644,176,0.9951105631,0.004830824925,118,2.986014237,8.836653383,0.3348945854,0.5168555316,0.6814624091,0.8695032942,1,10,12,15,0.006704060586,0.004941661131,0.003581091685,0.003044141823,0.002902402651,0.00266921568,0.002351094784,0.002039527137,0.00192264014,0.001804900454,0.001725243391,0.001440905986,0.001362165642,0.001212796038,0.001103027079,0.000981502858
1,4000,selected,10,attention,v_proj,self_attn,16,3584,512,16,65536,512,3584,1835008,16,32,2,0.01269463482,0.00919005018,9.371329998e-06,22.327841,1.380550377,0.0005685563069,0.006656801759,0.0001611537532,0.000361847702,160,0.9898504642,0.005800881419,80,1.908115498,5.260142563,0.5240772905,0.7058642893,0.8385165324,0.9400707205,1,6,9,14,0.00919005018,0.00541254627,0.00368469233,0.002792928442,0.00254189725,0.001952621972,0.001853302146,0.001630072244,0.00137598049,0.001329291547,0.001189552626,0.001116463638,0.001056880395,0.0009193116464,0.0008722394294,0.0007829634698
1,4000,selected,10,attention,o_proj,self_attn,16,3584,3584,16,114688,3584,3584,12845056,16,32,2,0.03518066965,0.0269687669,9.816035058e-06,57.02436267,4.16756226,0.0006169410407,0.006471113138,0.001237679517,0.002779032323,104,0.9057989875,0.006364491736,54,1.701711856,4.752199657,0.5876435524,0.7399212108,0.834044433,0.9342253607,1,7,9,14,0.0269687669,0.01372847182,0.008523088082,0.006622035467,0.006546403707,0.005970541023,0.004827837414,0.004709682213,0.004473810325,0.003780397247,0.00334652961,0.003098151829,0.002833448522,0.00272900259,0.002501604253,0.002137715347
1,4000,selected,10,mlp,gate_proj,mlp,16,3584,18944,16,360448,18944,3584,67895296,16,32,2,0.07269183482,0.04905372247,8.821974296e-06,141.6545233,14.29629139,0.0005131628212,0.003431220108,0.00528410285,0.01186469713,36,0.5338067494,0.005140709958,104,2.195974652,7.618038022,0.4553786625,0.5653001689,0.7079659955,0.8629772256,1,10,13,16,0.04905372247,0.02410055072,0.02004409854,0.01876419503,0.01602616794,0.01511991293,0.01320972967,0.0126154072,0.01159843273,0.0106608586,0.01039975009,0.009543476799,0.008904654449,0.008609464266,0.008089673879,0.00760089233
1,4000,selected,10,mlp,up_proj,mlp,16,3584,18944,16,360448,18944,3584,67895296,16,32,2,0.07954251514,0.06080848257,9.653381645e-06,133.0485243,5.207359972,0.000597845903,0.01167741099,0.006327011715,0.01420639982,19,0.3067906112,0.006155317762,60,1.711079966,5.296300147,0.5844262219,0.6752977747,0.8014069387,0.9104811227,1,8,11,15,0.06080848257,0.02397801867,0.0209266346,0.01897287861,0.01511100423,0.01323756401,0.0124888096,0.01142662351,0.01037052721,0.01005516588,0.009247958606,0.008506231312,0.008326582188,0.007164267267,0.006549477355,0.006024759784
1,4000,selected,10,mlp,down_proj,mlp,16,18944,3584,16,360448,3584,18944,67895296,16,32,2,0.04261402034,0.03612411734,5.171692157e-06,132.2723567,9.042357462,0.0003221687538,0.003994988862,0.001815954729,0.004077466599,75,0.8117162839,0.001766675787,184,1.391587532,3.400953054,0.7186037364,0.7890670513,0.8826142173,0.9574660726,1,5,8,14,0.03612411734,0.01131186059,0.01011140388,0.008224167437,0.006671229643,0.006484588817,0.005249737438,0.004670400448,0.00391111748,0.003556962918,0.003466070648,0.003149960392,0.002938901311,0.002588566041,0.002530569964,0.002369254302
1,4000,selected,11,attention,q_proj,self_attn,16,3584,3584,16,114688,3584,3584,12845056,16,32,2,0.03373056064,0.02268102946,9.411428751e-06,64.22327868,4.078706677,0.0005252077025,0.005560838584,0.001137750721,0.002554656506,109,0.9189645098,0.005850630123,78,2.211676452,6.661978837,0.452145701,0.6270944201,0.7721252991,0.9099322454,1,8,11,15,0.02268102946,0.0141084383,0.009980951021,0.008086383856,0.007333390784,0.006341660132,0.005845284019,0.005350451732,0.004811478162,0.004384030056,0.003885993381,0.003660254031,0.003301293886,0.003029093844,0.002480742686,0.002319088587
1,4000,selected,11,attention,k_proj,self_attn,16,3584,512,16,65536,512,3584,1835008,16,32,2,0.01219912979,0.006656352569,9.005542309e-06,28.02436584,2.629942691,0.0004353044012,0.002530987687,0.0001488187676,0.0003341512564,168,0.992601779,0.005356871975,99,3.358807152,8.494012367,0.2977247441,0.5040241905,0.7329091455,0.897566094,1,9,11,15,0.006656352569,0.005540869009,0.004449389207,0.003776944878,0.002788590914,0.002657296132,0.002387821119,0.001991203767,0.001858463326,0.00155119998,0.001481589869,0.001325720832,0.00128530995,0.001236380054,0.001097399187,0.001022933919
1,4000,selected,11,attention,v_proj,self_attn,16,3584,512,16,65536,512,3584,1835008,16,32,2,0.01305727986,0.008197233443,9.63903887e-06,19.79359423,1.450042376,0.0006596719984,0.005653099231,0.0001704925574,0.000382816651,154,0.987614929,0.006137040488,62,2.537294153,6.83665961,0.3941206418,0.607525237,0.7907636273,0.9205131835,1,8,10,15,0.008197233443,0.00603190643,0.004644800831,0.003109116758,0.002753749502,0.002422238927,0.00222117189,0.001933223046,0.00167794361,0.001592581349,0.001388886538,0.00131150967,0.001178693021,0.001129436529,0.0009908793193,0.0009509212104
1,4000,selected,11,attention,o_proj,self_attn,16,3584,3584,16,114688,3584,3584,12845056,16,32,2,0.03618376506,0.026884306,1.009591659e-05,55.28331617,4.352447393,0.0006545150974,0.006176825031,0.001309264854,0.002939766959,101,0.8973181824,0.006732603418,41,1.811464594,5.373543101,0.5520394951,0.6921323243,0.8030067932,0.9286368137,1,7,10,14,0.026884306,0.01354321297,0.008736597774,0.008296740609,0.007606493142,0.006902606046,0.005488056946,0.00537210325,0.004761433948,0.004020334656,0.003781972558,0.003398129033,0.003322910995,0.002828057885,0.002423514454,0.001958391986
1,4000,selected,11,mlp,gate_proj,mlp,16,3584,18944,16,360448,18944,3584,67895296,16,32,2,0.07548203107,0.05380821783,9.16059609e-06,138.8546204,12.73443785,0.000543604749,0.004225409746,0.005697537014,0.01279300441,32,0.4842392162,0.005542924901,89,1.967840702,6.743910507,0.5081712148,0.6064422529,0.7244835892,0.8737553804,1,9,12,15,0.05380821783,0.02366226694,0.02004450385,0.01645487006,0.01616643188,0.0152186153,0.01393902638,0.01277596679,0.01230247891,0.01109476807,0.009931050739,0.009419709539,0.00882310911,0.008372271706,0.007567449732,0.007230030937
1,4000,selected,11,mlp,up_proj,mlp,16,3584,18944,16,360448,18944,3584,67895296,16,32,2,0.07854723958,0.05350107301,9.532593726e-06,135.3622263,5.395259534,0.0005802744362,0.009916311285,0.006169668846,0.01385310891,25,0.3909152421,0.006002244653,71,2.155444623,6.841577591,0.4639414018,0.6171826741,0.7582603941,0.8905731774,1,9,12,15,0.05350107301,0.03074813659,0.02387654644,0.01732955118,0.01597341015,0.01456705776,0.0135313305,0.01287944674,0.01215866546,0.01022181236,0.00977473959,0.009093704292,0.008812743315,0.008345014085,0.007181582631,0.006759351976
1,4000,selected,11,mlp,down_proj,mlp,16,18944,3584,16,360448,3584,18944,67895296,16,32,2,0.04330366644,0.03701652705,5.255388492e-06,133.9901933,9.874548009,0.0003231853419,0.00374868065,0.001875207527,0.00421051028,71,0.795256944,0.001824320662,181,1.368541581,3.058171994,0.7307048713,0.8433053549,0.908455798,0.9658198705,1,4,7,13,0.03701652705,0.01453097637,0.009046377247,0.006350878682,0.006258028855,0.005768883515,0.004321639227,0.004055864004,0.003520116854,0.00349347018,0.003279858998,0.002822438605,0.00260325402,0.002484937986,0.00210763363,0.001838933637
1,4000,selected,12,attention,q_proj,self_attn,16,3584,3584,16,114688,3584,3584,12845056,16,32,2,0.03766774368,0.03126696398,1.050997312e-05,62.2614544,3.987363562,0.0006049929935,0.007841513193,0.001418858914,0.003185844744,89,0.8606879916,0.007296166503,22,1.451335393,3.745213145,0.6890206114,0.7738643883,0.8681514231,0.9451881064,1,6,9,14,0.03126696398,0.01097184347,0.009370742427,0.00678005798,0.005730765229,0.005465606769,0.005000601565,0.004645819764,0.004177536837,0.003881756066,0.003288538536,0.00300706691,0.002912532299,0.002602573207,0.002515225727,0.001952170682
1,4000,selected,12,attention,k_proj,self_attn,16,3584,512,16,65536,512,3584,1835008,16,32,2,0.01190068357,0.006292109239,8.785225766e-06,26.82323033,2.550901778,0.0004436707815,0.002466621527,0.0001416262693,0.0003180015302,170,0.9932479543,0.005097971211,105,3.577266598,10.06086935,0.2795430457,0.4354158609,0.6366392279,0.8500690202,1,10,12,15,0.006292109239,0.004698476913,0.003942665191,0.003599153508,0.003309384188,0.002774624658,0.002494386905,0.002314029713,0.002096940719,0.001950619316,0.001777346487,0.001705673963,0.00157269638,0.001349776392,0.001238306773,0.001065425336
1,4000,selected,12,attention,v_proj,self_attn,16,3584,512,16,65536,512,3584,1835008,16,32,2,0.01315115416,0.008104783309,9.70833799e-06,20.58290962,1.394157307,0.0006389356219,0.005813392266,0.0001729528557,0.0003883408991,153,0.9872321123,0.006225601249,56,2.632964001,7.63834257,0.3798001034,0.5542584283,0.7444626108,0.907525874,1,8,11,15,0.008104783309,0.005493001501,0.004521661952,0.003528587496,0.003204853145,0.002810286612,0.002329294835,0.002146589872,0.00188971173,0.001656631027,0.001527610917,0.001403870801,0.001314871662,0.001218643149,0.001053693146,0.0010244663
1,4000,selected,12,attention,o_proj,self_attn,16,3584,3584,16,114688,3584,3584,12845056,16,32,2,0.03731085029,0.03051048597,1.04103935e-05,55.60919012,4.645865741,0.0006709475575,0.006567233681,0.001392099549,0.003125760418,93,0.8733018073,0.007158562419,27,1.495450501,3.844359564,0.6686948177,0.7756695193,0.8740498191,0.9507657173,1,5,8,14,0.03051048597,0.01220325505,0.008972846161,0.00751286914,0.006610785988,0.004824352322,0.004516576276,0.004406794674,0.004150079939,0.003669705609,0.00291951894,0.002849233447,0.002559777497,0.002385819145,0.002174052587,0.00205822727
1,4000,selected,12,mlp,gate_proj,mlp,16,3584,18944,16,360448,18944,3584,67895296,16,32,2,0.07587355033,0.05162610121,9.20811137e-06,136.4126472,12.85028443,0.0005562061282,0.0040175065,0.005756795639,0.01292606118,31,0.4714462118,0.005600575445,85,2.15994233,7.330436177,0.462975324,0.5919016407,0.7207648265,0.8688300977,1,10,13,16,0.05162610121,0.02724339291,0.02021618294,0.01825225941,0.0174754683,0.01460790326,0.01371048117,0.01206736856,0.01127485601,0.01102412733,0.01004301594,0.009832834921,0.009505060945,0.009123344485,0.008374468362,0.008074926007
1,4000,selected,12,mlp,up_proj,mlp,16,3584,18944,16,360448,18944,3584,67895296,16,32,2,0.07934935323,0.05323175619,9.629939267e-06,136.8439442,5.245419205,0.0005798528659,0.0101482368,0.006296319858,0.01413748564,21,0.3350952516,0.006125458779,63,2.222005827,7.194321393,0.4500438243,0.5894524068,0.7258595646,0.8950934504,1,9,11,15,0.05323175619,0.02962703203,0.0212686883,0.0201619938,0.01925871521,0.01733235753,0.01511948832,0.01287023774,0.01221616754,0.01083474177,0.009919952502,0.00951669727,0.007869651471,0.007477813682,0.006804511909,0.006385556661
1,4000,selected,12,mlp,down_proj,mlp,16,18944,3584,16,360448,3584,18944,67895296,16,32,2,0.04429891705,0.03649613722,5.376173384e-06,135.7320954,10.97227654,0.0003263702438,0.003326213761,0.001962394052,0.004406275152,66,0.7737588913,0.001909141236,177,1.473304168,3.710567312,0.678746468,0.7935979593,0.8781327331,0.953469635,1,5,8,14,0.03649613722,0.01501279066,0.009343854323,0.008864700997,0.006874816541,0.006540581244,0.005819524917,0.004891984504,0.004527190548,0.004215879566,0.003570494319,0.00319515489,0.003064499538,0.002905881645,0.002537483935,0.002410444366
1,4000,selected,13,attention,q_proj,self_attn,16,3584,3584,16,114688,3584,3584,12845056,16,32,2,0.03161832732,0.019094541,8.822077935e-06,61.02667804,4.278850652,0.0005181066434,0.004462539722,0.0009997186225,0.002244725171,119,0.9429141647,0.005140830744,103,2.741948767,7.868252926,0.3647041155,0.5638705685,0.7352439379,0.8913812845,1,9,12,15,0.019094541,0.01411064889,0.01036432149,0.007994122146,0.007658953425,0.00635184769,0.00572061658,0.004935830459,0.004503985034,0.004364515562,0.00417718583,0.004000005976,0.003282781601,0.00318298586,0.002820924741,0.002634136611
1,4000,selected,13,attention,k_proj,self_attn,16,3584,512,16,65536,512,3584,1835008,16,32,2,0.01172985245,0.006538261085,8.659116209e-06,25.60451226,2.954482292,0.0004581166134,0.002212997215,0.0001375894384,0.0003089374038,174,0.9945004792,0.004952661674,113,3.218552374,9.696465846,0.310698688,0.4429199563,0.6524264542,0.8560440241,1,10,12,15,0.006538261085,0.004265237397,0.003980978957,0.00360245582,0.00299961693,0.002718255118,0.002464918347,0.002356521171,0.002092520365,0.00181821951,0.001717740503,0.001580645009,0.001489513536,0.001408293807,0.001170253287,0.001049643923
1,4000,selected,13,attention,v_proj,self_attn,16,3584,512,16,65536,512,3584,1835008,16,32,2,0.01303988842,0.008144151118,9.626200305e-06,22.45929845,1.357320775,0.000580600879,0.006000166849,0.0001700386901,0.000381797557,155,0.9879967265,0.006120703108,64,2.563634477,6.850774292,0.3900712091,0.5947416403,0.790246002,0.9303058089,1,7,10,14,0.008144151118,0.005899312843,0.004625239794,0.003442450061,0.003036915215,0.002582768902,0.002084357083,0.00189142603,0.00152061545,0.001447226895,0.001317248759,0.001259555889,0.00117823081,0.00108931962,0.0009007398484,0.0008580030539
1,4000,selected,13,attention,o_proj,self_attn,16,3584,3584,16,114688,3584,3584,12845056,16,32,2,0.0382804877,0.02529639714,1.068093965e-05,57.5119353,5.357018124,0.0006656094513,0.00472210408,0.001465395738,0.003290336527,86,0.8510712517,0.007535471776,19,2.290011075,6.017997881,0.4366791109,0.6630253138,0.8278499422,0.940087901,1,7,9,14,0.02529639714,0.01821226952,0.01143997956,0.01051951404,0.007337405883,0.006607178224,0.006120342791,0.005433424463,0.00470089643,0.003762287144,0.003641326233,0.003100070522,0.003046895755,0.002679926513,0.002538984481,0.002399997246
1,4000,selected,13,mlp,gate_proj,mlp,16,3584,18944,16,360448,18944,3584,67895296,16,32,2,0.07517929523,0.04911828812,9.12385568e-06,139.2511201,12.89101172,0.0005398828761,0.003810274105,0.005651926431,0.01269059237,34,0.5097137753,0.005498552037,92,2.342664279,7.965707909,0.4268644077,0.5518323701,0.6964729092,0.8630434865,1,10,12,15,0.04911828812,0.02657648828,0.02193698316,0.01833756953,0.01794044756,0.01550003598,0.01429186889,0.01323164231,0.01179837816,0.01148135885,0.01075052284,0.01024199405,0.009497849513,0.008893857535,0.008751129104,0.00605644441
1,4000,selected,13,mlp,up_proj,mlp,16,3584,18944,16,360448,18944,3584,67895296,16,32,2,0.08183216918,0.05748489951,9.931256995e-06,135.2433981,5.287465668,0.0006050733,0.0108719192,0.006696503912,0.0150360417,12,0.2048601335,0.006514783176,49,2.026471844,6.120053868,0.4934684896,0.6527751171,0.7960420867,0.9086864995,1,8,11,15,0.05748489951,0.03266186544,0.02502092949,0.01825762607,0.01737205358,0.01293957837,0.01231872413,0.0115478073,0.01066497723,0.01030743862,0.009852983507,0.008560785628,0.008205616998,0.00767859299,0.006989650149,0.006780833171
1,4000,selected,13,mlp,down_proj,mlp,16,18944,3584,16,360448,3584,18944,67895296,16,32,2,0.0439994443,0.03610523261,5.339828986e-06,133.5886979,10.55101117,0.0003293650212,0.00342196895,0.001935951099,0.004346901282,68,0.7824993743,0.001883415856,178,1.485094495,3.531427232,0.6733578255,0.8248149818,0.8968160387,0.957760316,1,5,8,14,0.03610523261,0.01712348236,0.009103012795,0.007518356424,0.006418471914,0.005843118519,0.004947607695,0.004262335384,0.004028175573,0.003655686651,0.003479971124,0.00335393735,0.002853323059,0.002793035985,0.002600412486,0.002473858718
1,4000,selected,14,attention,q_proj,self_attn,16,3584,3584,16,114688,3584,3584,12845056,16,32,2,0.0309622913,0.01987411013,8.63903217e-06,59.87938233,4.193251929,0.0005170776667,0.004739545934,0.0009586634824,0.002152541727,121,0.9472777958,0.004929713814,115,2.427117492,7.229976323,0.4120113687,0.5881863111,0.7615136689,0.901234462,1,8,11,15,0.01987411013,0.01299586411,0.01025752194,0.007806782439,0.006470433346,0.00639120432,0.00556388996,0.004502704769,0.004318448265,0.004040670584,0.003940290626,0.003581779432,0.003510609711,0.002817731889,0.002465494474,0.002238126391
1,4000,selected,14,attention,k_proj,self_attn,16,3584,512,16,65536,512,3584,1835008,16,32,2,0.01208952471,0.006028704356,8.924630538e-06,25.30762157,2.356789779,0.0004777029195,0.002558015318,0.0001461566077,0.0003281737569,169,0.9929299527,0.005261045015,101,4.021337101,9.449141167,0.248673507,0.4384446732,0.6891341488,0.8833993061,1,9,12,15,0.006028704356,0.005266527308,0.004372530376,0.004185797588,0.002978520016,0.002941885285,0.00251389457,0.002132416459,0.001937520866,0.001790867539,0.001542276183,0.001438686586,0.001407499072,0.001195298553,0.001076560921,0.0010312893
1,4000,selected,14,attention,v_proj,self_attn,16,3584,512,16,65536,512,3584,1835008,16,32,2,0.01297663826,0.008268281277,9.579508282e-06,19.75801698,1.436823609,0.0006567783734,0.005754555551,0.0001683931404,0.0003781027107,157,0.9887537478,0.006061469996,68,2.463167307,7.064901265,0.4059813547,0.5769368698,0.7715753049,0.9211122032,1,8,10,15,0.008268281277,0.0053654204,0.004627185321,0.00337119168,0.003039830292,0.00248710617,0.002358883994,0.002047043945,0.001733540648,0.001519799065,0.001416112461,0.001244649294,0.001212129877,0.001071860189,0.0009781703247,0.0009163650048
1,4000,selected,14,attention,o_proj,self_attn,16,3584,3584,16,114688,3584,3584,12845056,16,32,2,0.03625499353,0.02688411053,1.01157906e-05,54.60895525,4.86361508,0.0006639019802,0.005527598317,0.001314424556,0.00295135233,100,0.8943784154,0.006759136035,40,1.818629868,5.094184443,0.5498644984,0.7079106326,0.8389932711,0.94162506,1,6,9,14,0.02688411053,0.01441317868,0.01007530896,0.0084134647,0.006757410219,0.006489523952,0.005242270675,0.004432135795,0.004105641136,0.003806146378,0.003435223684,0.003088951558,0.00268098118,0.002620056184,0.002268791984,0.002200967989
1,4000,selected,14,mlp,gate_proj,mlp,16,3584,18944,16,360448,18944,3584,67895296,16,32,2,0.0783989843,0.05277808549,9.514601276e-06,136.8307712,12.15682623,0.0005729631107,0.004341436202,0.00614640074,0.01380086371,26,0.4047161058,0.005979607966,72,2.206549162,7.201308755,0.4531963381,0.6059194131,0.7364136515,0.877541223,1,9,12,15,0.05277808549,0.03063816608,0.02240825683,0.01731877333,0.01625153197,0.01565061104,0.0141638526,0.01256017404,0.01177034546,0.01135690772,0.009956558499,0.009584101857,0.009320869668,0.008840654235,0.008489870177,0.007553713813
1,4000,selected,14,mlp,up_proj,mlp,16,3584,18944,16,360448,18944,3584,67895296,16,32,2,0.08181600633,0.0648665592,9.929295451e-06,136.2790228,5.110151387,0.0006003565675,0.01269366684,0.006693858891,0.01503010268,13,0.2198902362,0.006512209932,50,1.590870504,4.43985704,0.6285866749,0.7480505639,0.8452506647,0.9293623875,1,7,10,14,0.0648665592,0.02827851509,0.0182055882,0.01786617803,0.01309796381,0.01247633517,0.01119540114,0.01051091821,0.009806300991,0.009312156408,0.008955069205,0.007654981694,0.007383338962,0.006662995904,0.005388259572,0.004819113546
1,4000,selected,14,mlp,down_proj,mlp,16,18944,3584,16,360448,3584,18944,67895296,16,32,2,0.04259390199,0.03408933233,5.169250569e-06,134.806716,9.680714936,0.0003159627596,0.003521365163,0.001814240487,0.004073617512,76,0.8157899014,0.001765008063,185,1.561197561,3.713586196,0.6405339243,0.8205767844,0.8965768804,0.9580866567,1,5,8,13,0.03408933233,0.0180732135,0.008965303765,0.007583256533,0.006546269925,0.005545492477,0.004467928871,0.004245586097,0.003906451686,0.003548672196,0.00336544378,0.003228390817,0.002918436713,0.002740885305,0.002399932208,0.002156229672
1,4000,selected,15,attention,q_proj,self_attn,16,3584,3584,16,114688,3584,3584,12845056,16,32,2,0.03031136674,0.01876076732,8.457412596e-06,62.19952571,4.431282996,0.0004873247247,0.004233710041,0.0009187789538,0.002062986723,124,0.9535265934,0.004724616494,123,2.610416731,8.411680241,0.3830805971,0.5155161242,0.6864067852,0.8734039538,1,9,12,15,0.01876076732,0.01103081933,0.009625857541,0.008022070138,0.007607321191,0.006957037938,0.005907921593,0.00553478209,0.005233003219,0.004686935186,0.004448537795,0.003595902744,0.003368478046,0.003055115796,0.002751123811,0.002448067529
1,4000,selected,15,attention,k_proj,self_attn,16,3584,512,16,65536,512,3584,1835008,16,32,2,0.01094870773,0.006307512901,8.082465916e-06,26.49714436,2.554430019,0.0004132033092,0.002469244745,0.000119874201,0.0002691603722,181,0.9965520989,0.004314984987,132,3.013071452,9.19647026,0.3318872505,0.4754018993,0.6684215293,0.8648760754,1,10,12,15,0.006307512901,0.004147734786,0.003685822324,0.003090758439,0.002817112305,0.002571007636,0.002228666596,0.002009147819,0.001900367491,0.001704138714,0.001504844059,0.001424717726,0.00136334469,0.001180134102,0.001060297341,0.001006158639
1,4000,selected,15,attention,v_proj,self_attn,16,3584,512,16,65536,512,3584,1835008,16,32,2,0.01355102753,0.008879018672,1.000352926e-05,20.84346331,1.513636188,0.0006501332016,0.005866019024,0.0001836303472,0.000412315679,150,0.986024846,0.006609947632,46,2.329241487,5.940562573,0.4293243125,0.6700171754,0.83773015,0.9390834511,1,7,9,14,0.008879018672,0.006648196296,0.003961091461,0.003886765517,0.00253629353,0.002147543931,0.002033776666,0.001852178326,0.001573555915,0.001480006833,0.001308598565,0.001216306889,0.001069131127,0.0009243845957,0.0008726465524,0.0007541589136
1,4000,selected,15,attention,o_proj,self_attn,16,3584,3584,16,114688,3584,3584,12845056,16,32,2,0.03879241444,0.02958251781,1.082377635e-05,55.32372416,4.436380813,0.0007011894992,0.006668164671,0.001504851418,0.003378928612,84,0.8444246919,0.007738363836,14,1.71958383,4.637551125,0.581536057,0.7429241702,0.8568365962,0.9475101797,1,6,9,14,0.02958251781,0.01558413074,0.01008641782,0.008347781228,0.00710081955,0.005992491819,0.005154614368,0.004852692545,0.003854227477,0.00376752395,0.00349696821,0.003118213179,0.002906437316,0.002756275014,0.002529678046,0.002354640835
1,4000,selected,15,mlp,gate_proj,mlp,16,3584,18944,16,360448,18944,3584,67895296,16,32,2,0.0777329926,0.04971722079,9.433775668e-06,135.1894024,11.29029455,0.0005749932406,0.004403536204,0.006042418138,0.01356738565,28,0.431960623,0.005878447104,76,2.444539665,7.48392607,0.409074974,0.5979536713,0.7491877951,0.8794129249,1,9,12,15,0.04971722079,0.03378289606,0.02213140019,0.02059176871,0.01568452023,0.01413208855,0.01332262815,0.01279305138,0.01264760529,0.01067557411,0.01043508709,0.009671376038,0.00876756739,0.00835763288,0.007445545103,0.00707988443
1,4000,selected,15,mlp,up_proj,mlp,16,3584,18944,16,360448,18944,3584,67895296,16,32,2,0.0794325713,0.05203153354,9.640038719e-06,137.7909675,5.104531584,0.0005764715406,0.01019320435,0.006309533383,0.01416715472,20,0.3209577659,0.006138313734,61,2.330579866,7.045541991,0.4290777651,0.6181565007,0.7591049503,0.895103712,1,9,12,15,0.05203153354,0.03453981173,0.02221526974,0.01989474148,0.01827254793,0.01454947879,0.01274833674,0.0122472567,0.01131543719,0.0102745956,0.01012609938,0.00973676527,0.008375850931,0.007928017192,0.00724027765,0.006742978178
1,4000,selected,15,mlp,down_proj,mlp,16,18944,3584,16,360448,3584,18944,67895296,16,32,2,0.04267936706,0.03291355951,5.179622719e-06,135.8289432,10.25074536,0.0003142140848,0.003210845489,0.001821528372,0.004089981417,74,0.8076388173,0.00177209818,183,1.681458818,3.967812982,0.5947216721,0.8112224325,0.8967180805,0.9586017871,1,5,8,14,0.03291355951,0.01985855679,0.01001498363,0.007445324132,0.006035246192,0.005520381373,0.00513617105,0.004409520065,0.003913972334,0.00347624177,0.003312872414,0.003149514777,0.002937605084,0.002790477082,0.002463054852,0.002151067388
1,4000,selected,16,attention,q_proj,self_attn,16,3584,3584,16,114688,3584,3584,12845056,16,32,2,0.03352276159,0.02221228599,9.353449105e-06,59.49077975,4.165600608,0.0005634950783,0.005332312933,0.001123775545,0.002523277246,110,0.921487787,0.005778765884,81,2.277681864,6.325868657,0.4390428778,0.6236618985,0.8168071422,0.927714776,1,7,10,14,0.02221228599,0.01440383076,0.01188902943,0.008700740233,0.006379314534,0.005944808971,0.005292501165,0.004537434341,0.004091686598,0.003736559094,0.003597274898,0.00331585177,0.003060185836,0.002548692573,0.002340762235,0.002292072254
1,4000,selected,16,attention,k_proj,self_attn,16,3584,512,16,65536,512,3584,1835008,16,32,2,0.01281723503,0.006868787116,9.461834931e-06,23.76947927,2.38045003,0.0005392307879,0.002885499393,0.0001642815139,0.0003688706413,158,0.9891226184,0.005913468117,75,3.481998528,9.043938609,0.2871913908,0.5048902738,0.6943296671,0.8702431767,1,10,12,15,0.006868787116,0.005980292809,0.004239988609,0.003625449891,0.003077276292,0.002855957651,0.002427357872,0.002319730143,0.002170014453,0.00195338621,0.001796208185,0.001659394831,0.001528051109,0.001365034549,0.001250362301,0.001024864145
1,4000,selected,16,attention,v_proj,self_attn,16,3584,512,16,65536,512,3584,1835008,16,32,2,0.01414257126,0.008461234026,1.044021386e-05,22.40522075,1.824063248,0.0006312176713,0.004638673595,0.0002000123219,0.00044909906,144,0.9834636204,0.007199632271,26,2.793761558,6.32471714,0.3579403536,0.6374743016,0.8358804081,0.9367645297,1,7,9,14,0.008461234026,0.007477314625,0.004952253285,0.003893437229,0.002623349827,0.002317992932,0.002081664987,0.001894645811,0.001666924949,0.00152286788,0.001446237934,0.00128137251,0.001170823943,0.0009980183891,0.0009484726562,0.0007416996748
1,4000,selected,16,attention,o_proj,self_attn,16,3584,3584,16,114688,3584,3584,12845056,16,32,2,0.03778015291,0.03069640688,1.054133731e-05,57.14794744,5.305729657,0.0006610937855,0.005785520346,0.001427339954,0.003204887705,88,0.8575021469,0.007339778364,21,1.514789677,3.591532239,0.6601576541,0.8059572633,0.9098851817,0.9635374489,1,4,7,13,0.03069640688,0.01442586591,0.009693842951,0.007373593364,0.00552158928,0.004439641221,0.003674262718,0.003589074496,0.003326104363,0.003193952778,0.003007167312,0.002684567525,0.002251918797,0.001889575469,0.001842898263,0.001578697446
1,4000,selected,16,mlp,gate_proj,mlp,16,3584,18944,16,360448,18944,3584,67895296,16,32,2,0.07859175008,0.05414681597,9.537995577e-06,134.9977526,11.1539179,0.0005821708032,0.004854510895,0.00617666318,0.01386881369,24,0.3770621332,0.006009049184,70,2.106726083,6.267587982,0.4746701567,0.65178918,0.7942749572,0.9126953817,1,8,11,15,0.05414681597,0.0330757396,0.02252150446,0.01930980297,0.01636379183,0.01346243431,0.01237226166,0.01137362724,0.01037483859,0.009614931312,0.008968408548,0.008690969397,0.007878188625,0.007100756737,0.006534437112,0.00529303974
1,4000,selected,16,mlp,up_proj,mlp,16,3584,18944,16,360448,18944,3584,67895296,16,32,2,0.07957319687,0.05622965081,9.657105218e-06,137.5385522,5.143468407,0.0005785519449,0.01093224384,0.00633189366,0.01421736153,18,0.2925842114,0.006160067228,59,2.002639784,6.105302168,0.499340924,0.6634412622,0.7904254198,0.9078619768,1,8,11,15,0.05622965081,0.032234545,0.0204908532,0.01960038565,0.01630869391,0.01318666691,0.01252201373,0.01212160393,0.01107535884,0.009897660988,0.009490422733,0.008621810126,0.007851519859,0.007296453462,0.006536029129,0.006385365363
1,4000,selected,16,mlp,down_proj,mlp,16,18944,3584,16,360448,3584,18944,67895296,16,32,2,0.04346010954,0.03455565569,5.274374628e-06,134.9634501,10.57249789,0.0003220139194,0.003268447632,0.001888781121,0.004240987845,70,0.7910464337,0.001837525914,180,1.581770083,3.257781609,0.6322031318,0.8769564173,0.9222818319,0.9680445695,1,3,7,13,0.03455565569,0.02150082289,0.007392301767,0.00556450015,0.005545263695,0.004634631594,0.004314117504,0.003948977798,0.003571079315,0.003345632955,0.003149113436,0.00260279344,0.002554978851,0.002370473335,0.001958854478,0.001932699066
1,4000,selected,17,attention,q_proj,self_attn,16,3584,3584,16,114688,3584,3584,12845056,16,32,2,0.03291638053,0.02453095152,9.18425796e-06,61.23376521,3.918369949,0.0005375527768,0.006260499094,0.001083488107,0.002432817567,114,0.9312742989,0.005571596693,88,1.800509265,5.05352736,0.5553984196,0.7094137097,0.8381461116,0.9384148774,1,6,9,14,0.02453095152,0.01291796173,0.009454486239,0.007077620811,0.006470381222,0.005372602034,0.004384896447,0.004322269394,0.003796472802,0.003578439158,0.003094749232,0.002891510886,0.002802801637,0.002481888197,0.002194813641,0.001654489153
1,4000,selected,17,attention,k_proj,self_attn,16,3584,512,16,65536,512,3584,1835008,16,32,2,0.01172622615,0.006506013883,8.65643923e-06,24.23682136,2.341320681,0.0004838186481,0.002778779488,0.0001375043796,0.0003087464165,175,0.9948092256,0.004949599902,114,3.248527591,9.411548845,0.3078317706,0.4581356934,0.6668863125,0.8688032519,1,10,12,15,0.006506013883,0.004546146464,0.004117336788,0.003428069741,0.003086825933,0.002683259748,0.002608151378,0.002057579322,0.001909922405,0.001777085008,0.00169773402,0.001473795455,0.001351240106,0.001268818809,0.001224210009,0.001116009743
1,4000,selected,17,attention,v_proj,self_attn,16,3584,512,16,65536,512,3584,1835008,16,32,2,0.01376039063,0.008987258943,1.015808358e-05,22.07691202,1.650477732,0.0006232932676,0.005445247014,0.0001893483503,0.000425154637,147,0.9847695725,0.006815772548,36,2.344266686,5.743700337,0.4265726276,0.683356065,0.8522698256,0.9400415296,1,6,9,14,0.008987258943,0.006972913325,0.004050972718,0.003946284575,0.002584218836,0.002110632354,0.001728383109,0.001580874212,0.001487691554,0.001454679547,0.001306377205,0.001160589413,0.001114717871,0.001070456373,0.0009600876987,0.0008123351203
1,4000,selected,17,attention,o_proj,self_attn,16,3584,3584,16,114688,3584,3584,12845056,16,32,2,0.03790443121,0.02824485461,1.057601317e-05,56.8536688,4.791268337,0.0006667015869,0.00589506841,0.001436745905,0.003226007425,87,0.8542972592,0.00738814638,20,1.800948446,4.052746996,0.5552629794,0.8105758477,0.9036432547,0.9612105997,1,4,7,13,0.02824485461,0.01915253816,0.009639733147,0.006386686223,0.005235586736,0.004586166482,0.004317818187,0.003952442503,0.003509489204,0.003177257645,0.002973110343,0.002607012842,0.002364125755,0.002328934156,0.001982818588,0.001654852254
1,4000,selected,17,mlp,gate_proj,mlp,16,3584,18944,16,360448,18944,3584,67895296,16,32,2,0.07545536392,0.04548718102,9.157359731e-06,133.6220391,11.14984539,0.0005646925046,0.004079624374,0.005693511944,0.0127839667,33,0.4970231829,0.005539009058,90,2.751707007,8.034648648,0.3634107837,0.524959718,0.7418456595,0.8861001841,1,9,12,15,0.04548718102,0.03032788794,0.02855047922,0.02048689422,0.01631809036,0.01521734041,0.01301768238,0.01240996704,0.01174574732,0.01080257873,0.009728993702,0.009410010632,0.008249410499,0.007525081726,0.006771819118,0.006331894957
1,4000,selected,17,mlp,up_proj,mlp,16,3584,18944,16,360448,18944,3584,67895296,16,32,2,0.07925800328,0.05696063713,9.61885292e-06,138.3325325,5.228743107,0.0005729527383,0.01089375323,0.006281831083,0.01410495317,22,0.3492002047,0.006111363182,65,1.936139197,5.283688735,0.5164917903,0.7276002849,0.8324017944,0.9280167683,1,7,10,15,0.05696063713,0.0364163137,0.01977205116,0.01635271759,0.01439981126,0.01339893281,0.01069035485,0.009973337631,0.009211854185,0.008795177128,0.00838293351,0.007516979628,0.007290835534,0.006578880771,0.006253036375,0.005258909435
1,4000,selected,17,mlp,down_proj,mlp,16,18944,3584,16,360448,3584,18944,67895296,16,32,2,0.0448167032,0.03546798116,5.439012574e-06,135.1869596,8.604619054,0.0003315164667,0.004121969949,0.002008536886,0.004509882285,64,0.7649269559,0.001954031907,175,1.596639515,3.254468676,0.6263154522,0.8702870454,0.9343103763,0.9772392237,1,3,6,11,0.03546798116,0.02213652963,0.008502462264,0.007503423033,0.005413980818,0.005200326736,0.004133600623,0.003575322767,0.003356582962,0.002904428545,0.002731309054,0.002262402637,0.002137897675,0.001978142049,0.00172941873,0.001400159959
1,4000,selected,18,attention,q_proj,self_attn,16,3584,3584,16,114688,3584,3584,12845056,16,32,2,0.04273844544,0.04010436134,1.192478946e-05,57.74961543,4.173073378,0.0007400645896,0.009610269868,0.001826574719,0.004101312265,73,0.8035488358,0.009392754379,3,1.135675438,1.847596348,0.8805332637,0.9231454217,0.9570989263,0.985272156,1,2,4,10,0.04010436134,0.008822374426,0.006005286829,0.005094619031,0.004305781979,0.003721372777,0.003487895117,0.002628064503,0.00240872352,0.002172956961,0.002076275733,0.001797929286,0.001750736182,0.001620747669,0.0014137128,0.001069514775
1,4000,selected,18,attention,k_proj,self_attn,16,3584,512,16,65536,512,3584,1835008,16,32,2,0.01408816227,0.007301796267,1.040004849e-05,23.11234533,2.763460169,0.0006095513921,0.00264226579,0.0001984763161,0.0004456501787,145,0.9839092706,0.007144342293,28,3.722624816,8.642628938,0.2686276618,0.4502838742,0.7321845322,0.9067594202,1,8,10,15,0.007301796267,0.006004536272,0.005443726492,0.00512995575,0.003442304583,0.003056565887,0.002850247857,0.002309331498,0.002166395644,0.001974066275,0.001654567288,0.001413535238,0.001263676648,0.001211573032,0.001113340147,0.0009358686315
1,4000,selected,18,attention,v_proj,self_attn,16,3584,512,16,65536,512,3584,1835008,16,32,2,0.01348230147,0.008858433294,9.952794861e-06,24.89187137,1.540425882,0.0005416347074,0.00575063909,0.0001817724529,0.000408144043,152,0.9868437714,0.006543070971,48,2.31640359,5.916772385,0.4317036998,0.6454313716,0.8466490365,0.9420319395,1,6,9,14,0.008858433294,0.006232961026,0.004808486483,0.003668008485,0.002702966434,0.002076959835,0.001801995956,0.001571943102,0.001421140242,0.001410257566,0.001236841508,0.001123015049,0.001069304321,0.001013570755,0.0009505012468,0.0008144942038
1,4000,selected,18,attention,o_proj,self_attn,16,3584,3584,16,114688,3584,3584,12845056,16,32,2,0.03928968579,0.0338459203,1.096252394e-05,60.79351753,5.208813475,0.0006462808435,0.006497817682,0.00154367941,0.003466111313,82,0.8376378725,0.007938028151,12,1.34754866,2.92609876,0.74208823,0.8420176118,0.9184718081,0.9781524923,1,4,6,11,0.0338459203,0.01242010182,0.008002683891,0.007346959855,0.005805410106,0.005340162474,0.004454328953,0.003172802421,0.002598972407,0.002501584737,0.002312361493,0.002256459975,0.001903611324,0.00172336387,0.001430570691,0.001278313377
1,4000,selected,18,mlp,gate_proj,mlp,16,3584,18944,16,360448,18944,3584,67895296,16,32,2,0.07994927788,0.06407088541,9.702746892e-06,133.1710932,10.96432362,0.0006003500907,0.005843578466,0.006391887033,0.01435206806,16,0.2641140987,0.006218432581,57,1.557068216,4.233585927,0.6422326202,0.7601660116,0.8469084771,0.9386165115,1,6,9,14,0.06407088541,0.02745572646,0.01753587469,0.01571436092,0.01403982833,0.01193195441,0.0112187564,0.0109926605,0.009935504096,0.008256902669,0.008002766649,0.006990346392,0.006347746031,0.005902892727,0.004872977815,0.003697632943
1,4000,selected,18,mlp,up_proj,mlp,16,3584,18944,16,360448,18944,3584,67895296,16,32,2,0.08569307385,0.07381022366,1.039982134e-05,140.7080657,5.594933968,0.0006090132318,0.01319233151,0.007343302905,0.01648833632,7,0.1274185941,0.007144030206,29,1.347902256,3.139931293,0.7418935576,0.8166608575,0.8923025177,0.9575961795,1,5,8,13,0.07381022366,0.02343157978,0.0189435286,0.0140214959,0.0130778328,0.01139518417,0.009597826874,0.009299081825,0.008229684358,0.007648897132,0.007055926542,0.0060641102,0.005646884533,0.005313123612,0.004617460408,0.004141703281
1,4000,selected,18,mlp,down_proj,mlp,16,18944,3584,16,360448,3584,18944,67895296,16,32,2,0.04677116745,0.04519612341,5.676208862e-06,137.802496,7.494154726,0.000339407259,0.006030850051,0.002187542105,0.0049118129,61,0.751075387,0.002128179523,173,1.070912651,1.459459659,0.9337829736,0.9570043401,0.9783682295,0.9931166924,1,1,2,7,0.04519612341,0.007127251714,0.005211358502,0.004424494333,0.003300112721,0.003067967666,0.002617380269,0.002260317332,0.001807232064,0.00167538626,0.001490540335,0.001405016877,0.001229210771,0.001149720197,0.001074992017,0.0008946016085
1,4000,selected,19,attention,q_proj,self_attn,16,3584,3584,16,114688,3584,3584,12845056,16,32,2,0.03631126485,0.03272749319,1.013149131e-05,57.3860476,4.54186206,0.0006327542385,0.007205743539,0.001318507955,0.002960521019,99,0.8914270631,0.006780134007,38,1.230997786,2.294785794,0.8123491455,0.8884445774,0.952633359,0.9834615034,1,3,4,10,0.03272749319,0.01001660782,0.007473426604,0.005364821898,0.003594968668,0.003252749,0.003153527803,0.00268295365,0.002436517074,0.002216842118,0.001666034682,0.001616081409,0.00154825743,0.001158591291,0.001009324925,0.000899762477
1,4000,selected,19,attention,k_proj,self_attn,16,3584,512,16,65536,512,3584,1835008,16,32,2,0.01246288225,0.0071207974,9.200247501e-06,21.27921258,2.441338036,0.0005856834316,0.002916760111,0.0001553234339,0.000348756554,163,0.9909069603,0.005591013575,86,3.063230831,8.294425254,0.326452708,0.5182956646,0.7209168451,0.9040900477,1,8,11,15,0.0071207974,0.00545872758,0.004252691439,0.003658747471,0.003043689725,0.002757728211,0.002563745235,0.002238121795,0.001921607557,0.001779367531,0.001501015101,0.001239598129,0.001140569553,0.001060290596,0.001008825774,0.0008976883471
1,4000,selected,19,attention,v_proj,self_attn,16,3584,512,16,65536,512,3584,1835008,16,32,2,0.01392116088,0.01038520462,1.027676608e-05,25.05350919,1.621565345,0.0005556571246,0.006404431774,0.0001937987202,0.0004351473062,146,0.9843444179,0.006975967814,32,1.796887094,4.671453289,0.5565179935,0.6960039341,0.8877919318,0.95965182,1,5,7,13,0.01038520462,0.005199249635,0.004678208895,0.003909300455,0.002306930417,0.001928532518,0.001784558308,0.001304047693,0.001245059715,0.001194869797,0.001101486213,0.001028123847,0.0009315023707,0.0008395081415,0.0007571575778,0.0006522801644
1,4000,selected,19,attention,o_proj,self_attn,16,3584,3584,16,114688,3584,3584,12845056,16,32,2,0.04066838393,0.0379133762,1.134720534e-05,59.57677569,4.945062905,0.000682621432,0.007666914846,0.001653917452,0.003713635069,78,0.8233393087,0.008504902772,6,1.150612027,1.863328848,0.869102683,0.9249004107,0.9686115674,0.9904993279,1,2,3,8,0.0379133762,0.009606499653,0.00696296768,0.004879726017,0.003673443203,0.003331379813,0.002614461919,0.002184687962,0.001917355673,0.001865895737,0.001611676405,0.001329318788,0.001240317866,0.001090959377,0.0009545512184,0.0007424079793
1,4000,selected,19,mlp,gate_proj,mlp,16,3584,18944,16,360448,18944,3584,67895296,16,32,2,0.07967217132,0.06520759379,9.669116885e-06,134.9815489,12.06864585,0.0005902449037,0.005403058024,0.006347654884,0.0142527511,17,0.2783668498,0.006175400744,58,1.492852697,3.787378023,0.6698584542,0.7969233718,0.880926082,0.9431505756,1,5,9,14,0.06520759379,0.02840007474,0.01727977395,0.01531762468,0.01108234643,0.01054882952,0.009200755031,0.008730951319,0.008528080929,0.008032927643,0.007261040883,0.00662572602,0.006419105625,0.005909736143,0.005326711471,0.0047410676
1,4000,selected,19,mlp,up_proj,mlp,16,3584,18944,16,360448,18944,3584,67895296,16,32,2,0.08981403951,0.07725478008,1.089994701e-05,140.3816345,5.572423325,0.0006397848253,0.01386376727,0.008066561694,0.01811231048,4,0.07575281539,0.007847662168,13,1.351567495,3.004555244,0.7398816587,0.828551899,0.9196571498,0.9705804695,1,4,6,12,0.07725478008,0.02674441931,0.02024203755,0.01803236095,0.01202230948,0.01120867397,0.009140697483,0.007553373559,0.007399481409,0.006328915184,0.00597881133,0.005314690853,0.004963145712,0.004832849921,0.004177803028,0.003615459849
1,4000,selected,19,mlp,down_proj,mlp,16,18944,3584,16,360448,3584,18944,67895296,16,32,2,0.04840431322,0.04617114467,5.874409527e-06,137.0376049,6.948771125,0.0003532192004,0.006644505027,0.002342977538,0.005260820933,59,0.7410783981,0.002279396958,171,1.099073766,1.603542232,0.9098570368,0.9467346195,0.9740512686,0.9931378358,1,1,3,7,0.04617114467,0.009295340112,0.005959328289,0.00533748083,0.00441218409,0.003427465869,0.002944896121,0.002198202541,0.001986392357,0.001779844701,0.0014852996,0.001406603683,0.001304353647,0.001121138478,0.00100537934,0.0009003157241
1,4000,selected,20,attention,q_proj,self_attn,16,3584,3584,16,114688,3584,3584,12845056,16,32,2,0.03649698228,0.03183572775,1.018330979e-05,58.68717669,4.080684903,0.0006218902381,0.007801564814,0.001332029716,0.002990882199,97,0.8854876061,0.006849666657,34,1.314269257,2.35678832,0.7608790928,0.9223022658,0.9636238682,0.9893765681,1,2,4,9,0.03183572775,0.01466357608,0.006002765545,0.004359863311,0.003589640179,0.003136689457,0.002713485576,0.002053294965,0.001841497656,0.001683537303,0.001541688722,0.001397718616,0.001160968285,0.001061685234,0.0008746432859,0.0005957098482
1,4000,selected,20,attention,k_proj,self_attn,16,3584,512,16,65536,512,3584,1835008,16,32,2,0.01189868923,0.006248381487,8.783753521e-06,22.31836675,2.351049866,0.0005331344072,0.002657698409,0.0001415788053,0.0003178949565,171,0.9935658492,0.005096262698,106,3.626295318,7.984007722,0.2757635306,0.530719691,0.7496136532,0.9130670803,1,8,11,15,0.006248381487,0.006008027013,0.004293593353,0.003543416681,0.003091892111,0.002464297414,0.00195904129,0.001916021811,0.001697363223,0.001490678319,0.00139218185,0.001233594109,0.001127934889,0.001001062928,0.0009021143161,0.0008103061654
1,4000,selected,20,attention,v_proj,self_attn,16,3584,512,16,65536,512,3584,1835008,16,32,2,0.01251589563,0.007511467624,9.239382611e-06,25.88930388,1.708510738,0.0004834388629,0.004396500097,0.0001566476435,0.0003517298772,162,0.9905582037,0.005638679749,84,2.776350333,6.64989111,0.3601850919,0.6148155865,0.8191706959,0.9281163964,1,7,10,15,0.007511467624,0.006315636701,0.004540797317,0.003375337916,0.002491479605,0.002154503648,0.001958686685,0.001542814676,0.001469848594,0.001430025641,0.001325624468,0.001192617957,0.001066946743,0.001031252675,0.0009675147684,0.0008587251034
1,4000,selected,20,attention,o_proj,self_attn,16,3584,3584,16,114688,3584,3584,12845056,16,32,2,0.03866185874,0.0350616604,1.078734898e-05,60.8648568,4.865688361,0.0006352082428,0.00720589931,0.001494739321,0.003356223345,85,0.8477809152,0.007686364626,15,1.2159074,2.133725655,0.8224310506,0.905501578,0.9694514133,0.9902329332,1,2,4,8,0.0350616604,0.01114310476,0.007718084066,0.006001625765,0.003530858172,0.002651724893,0.002456044666,0.002352061909,0.001915056459,0.001689844554,0.001455918111,0.001428734051,0.001198749835,0.0009998579269,0.0009315119087,0.0007815324009
1,4000,selected,20,mlp,gate_proj,mlp,16,3584,18944,16,360448,18944,3584,67895296,16,32,2,0.08157133212,0.06633411621,9.899601475e-06,134.449246,11.12103049,0.0006067072487,0.005964745468,0.006653882223,0.01494034079,14,0.234830577,0.006473318098,51,1.512172079,3.372991376,0.6613003997,0.8524581453,0.9105810834,0.9629829946,1,4,7,13,0.06633411621,0.03566428361,0.01548936608,0.01211704266,0.0109012368,0.009578844988,0.008675985927,0.007925413454,0.006978772678,0.006602512288,0.006236038035,0.005731571462,0.005100344872,0.004844427996,0.004204367638,0.003887488676
1,4000,selected,20,mlp,up_proj,mlp,16,3584,18944,16,360448,18944,3584,67895296,16,32,2,0.08345252908,0.07278415552,1.012790595e-05,141.1015197,5.906938779,0.0005914360756,0.01232180631,0.006964324609,0.01563739476,9,0.1589693781,0.006775336115,39,1.314635364,2.546065129,0.7606671993,0.8950231908,0.9466486413,0.9829748771,1,3,5,11,0.07278415552,0.03058919317,0.0153256691,0.011165136,0.01038821788,0.008079117801,0.006836512127,0.005750007377,0.004996877007,0.004626519215,0.004325573683,0.004122424569,0.003650073068,0.003031498235,0.002718808139,0.002566148408
1,4000,selected,20,mlp,down_proj,mlp,16,18944,3584,16,360448,3584,18944,67895296,16,32,2,0.04579676649,0.04315038805,5.557954312e-06,137.8876865,6.544811273,0.0003321309367,0.006593068349,0.002097343821,0.004709285556,62,0.7557846725,0.002040428919,174,1.126419654,1.721624473,0.8877686004,0.9361547723,0.978177479,0.9922718842,1,2,3,7,0.04315038805,0.01007384925,0.007725784341,0.005333696702,0.003216033902,0.00292172691,0.002621123005,0.001952220714,0.00192210853,0.001821157278,0.001726159218,0.001275422443,0.001209466535,0.001131157122,0.001057819515,0.0008542628376
1,4000,selected,21,attention,q_proj,self_attn,16,3584,3584,16,114688,3584,3584,12845056,16,32,2,0.03642402126,0.0313953889,1.016295236e-05,57.10317363,3.677788686,0.0006378633435,0.008536485259,0.001326709325,0.002978936022,98,0.8884665421,0.006822307728,35,1.345996862,2.632447851,0.7429437828,0.891440031,0.9475958618,0.9830791105,1,3,5,10,0.0313953889,0.01403607342,0.006857670767,0.005241642493,0.004590946897,0.003328704188,0.002979569638,0.002457856132,0.002416308993,0.002201977558,0.001806373928,0.00156867341,0.001522419944,0.001222248012,0.00110912408,0.0009981560754
1,4000,selected,21,attention,k_proj,self_attn,16,3584,512,16,65536,512,3584,1835008,16,32,2,0.01259181096,0.009223736779,9.295424208e-06,19.94945955,2.246958484,0.0006311855683,0.004104987629,0.0001585537033,0.0003560096619,161,0.9902064738,0.00570729017,82,1.863642425,5.223417109,0.5365836206,0.6999018555,0.8407234027,0.9329595181,1,7,10,14,0.009223736779,0.005088684601,0.003925492878,0.002630263006,0.002297871764,0.001894000553,0.001782510508,0.001606107473,0.001494263927,0.001405532018,0.001250979083,0.00111601453,0.001041430502,0.001031655982,0.0008897043349,0.000818699751
1,4000,selected,21,attention,v_proj,self_attn,16,3584,512,16,65536,512,3584,1835008,16,32,2,0.01299063051,0.008185836745,9.589837527e-06,27.74698953,1.674629095,0.00046818162,0.004888149124,0.000168756481,0.0003789185399,156,0.9883756451,0.006074548781,66,2.518455623,5.165651788,0.3970687397,0.7214118515,0.8762551671,0.9511900274,1,5,8,13,0.008185836745,0.007398310766,0.004473048564,0.002474398833,0.002180419025,0.001761514164,0.00160412156,0.001488414621,0.001444066683,0.001269265998,0.001089356115,0.001013664536,0.0008903858326,0.0007755559542,0.0007671074199,0.0005862543397
1,4000,selected,21,attention,o_proj,self_attn,16,3584,3584,16,114688,3584,3584,12845056,16,32,2,0.03755053115,0.03075051879,1.047726874e-05,63.20318339,5.267427952,0.0005941240478,0.005837862249,0.00141004239,0.0031660485,91,0.8670243852,0.007250829488,24,1.491170401,2.807236285,0.6706141694,0.9022448183,0.9543514099,0.98500365,1,2,4,10,0.03075051879,0.01807232785,0.007163872461,0.004706531025,0.004090687629,0.0034837455,0.002735530714,0.002620614737,0.002125039003,0.002045188003,0.001852827755,0.001687934973,0.00147246181,0.001352934696,0.001225825268,0.0008146076276
1,4000,selected,21,mlp,gate_proj,mlp,16,3584,18944,16,360448,18944,3584,67895296,16,32,2,0.0774622789,0.05984531429,9.400921506e-06,136.5876623,11.69046652,0.0005671250067,0.005119155356,0.006000404652,0.01347305037,29,0.4454336733,0.005837573723,79,1.67540665,4.170857494,0.5968700196,0.7925429511,0.8817509155,0.9527273076,1,5,8,14,0.05984531429,0.03426538732,0.01677629028,0.01593235605,0.01182069346,0.01090101276,0.00971787821,0.008537508005,0.007636315622,0.006767331707,0.006667627245,0.006106129195,0.00544314081,0.00531359466,0.004882708719,0.004012506373
1,4000,selected,21,mlp,up_proj,mlp,16,3584,18944,16,360448,18944,3584,67895296,16,32,2,0.08286245594,0.06952192841,1.005629392e-05,141.0800399,5.64851978,0.0005873435816,0.01230799061,0.006866186604,0.01541703991,11,0.1898240918,0.006679861247,45,1.420600561,3.100604818,0.7039276396,0.8330140923,0.9292470653,0.9743967298,1,3,6,12,0.06952192841,0.02977132298,0.02274778256,0.01197046107,0.01030399156,0.009727559077,0.007678096179,0.007089091125,0.006549614815,0.005761054297,0.004879189849,0.004646568625,0.004157943792,0.003973179201,0.003576006373,0.002906899641
1,4000,selected,21,mlp,down_proj,mlp,16,18944,3584,16,360448,3584,18944,67895296,16,32,2,0.04320105479,0.04022425467,5.242935411e-06,137.8420263,5.303142367,0.0003134098936,0.007584984879,0.001866331135,0.004190579612,72,0.7994475236,0.001815685145,182,1.153486962,1.83019486,0.8669365436,0.9282420002,0.9760377147,0.9922465976,1,2,3,8,0.04022425467,0.0106965547,0.008476195723,0.004166141628,0.003423661088,0.002990401901,0.002257072421,0.002119624536,0.00203331733,0.001639499187,0.001418163171,0.001318856107,0.0011402384,0.001038237916,0.0009933830313,0.0007298079722
1,4000,selected,22,attention,q_proj,self_attn,16,3584,3584,16,114688,3584,3584,12845056,16,32,2,0.03391758607,0.03065459819,9.463612184e-06,58.11785857,4.07368327,0.0005836000655,0.0075250323,0.001150402645,0.00258306459,108,0.9164098533,0.005915689825,74,1.224217591,2.254177315,0.8168482526,0.892922321,0.9525769762,0.9855344753,1,3,4,10,0.03065459819,0.009354988479,0.006687722347,0.004888889744,0.003710686022,0.003209080821,0.002867203469,0.002371950233,0.002108916528,0.001957085986,0.001643667121,0.001361705045,0.001219780887,0.00100153429,0.0008980472153,0.0007142521015
1,4000,selected,22,attention,k_proj,self_attn,16,3584,512,16,65536,512,3584,1835008,16,32,2,0.01231559846,0.008816923531,9.091520862e-06,19.45190466,1.92449378,0.0006331307227,0.004581424799,0.0001516739654,0.0003405621945,166,0.9919319392,0.005459647513,95,1.951088158,5.051772173,0.5125345034,0.7331558029,0.8568975712,0.947065979,1,6,9,14,0.008816923531,0.005784678673,0.003358160791,0.002736998499,0.002077173078,0.001899583772,0.00176200228,0.001627415566,0.001308487661,0.001199737069,0.001119647357,0.001024674481,0.0008568576226,0.0008163750978,0.0008036161418,0.0007260603937
1,4000,selected,22,attention,v_proj,self_attn,16,3584,512,16,65536,512,3584,1835008,16,32,2,0.01235902858,0.009343572851,9.123581494e-06,27.14584264,2.028233976,0.0004552825546,0.00460675295,0.0001527455875,0.0003429683687,164,0.9912499286,0.005498221562,93,1.749615917,4.375376712,0.5715540138,0.7400050767,0.9015850048,0.9595868545,1,4,8,13,0.009343572851,0.005072490175,0.003946569441,0.003017484166,0.001691576486,0.001561354007,0.001364410573,0.001303323845,0.001108524937,0.00100054961,0.0009605489993,0.0009354658099,0.000826586122,0.0008162631238,0.0006728451167,0.0005856631106
1,4000,selected,22,attention,o_proj,self_attn,16,3584,3584,16,114688,3584,3584,12845056,16,32,2,0.03425851725,0.03075349757,9.558738071e-06,63.4846213,4.348540535,0.0005396348997,0.007072142326,0.001173646004,0.002635254229,107,0.9138267887,0.006035213633,69,1.240932317,2.235957019,0.8058457232,0.9007502044,0.9651175517,0.9883950162,1,2,4,9,0.03075349757,0.01055387442,0.007294741503,0.004725592699,0.003458309744,0.002601674141,0.002091635066,0.002053278192,0.001808034317,0.00172227149,0.001415646665,0.001348276692,0.001080317,0.001069241989,0.0008813563635,0.0006898389868
1,4000,selected,22,mlp,gate_proj,mlp,16,3584,18944,16,360448,18944,3584,67895296,16,32,2,0.07379720891,0.05610922032,8.956123912e-06,136.7619802,12.45184745,0.0005396032493,0.004506096027,0.005446028042,0.01222827699,35,0.5219420523,0.005298241042,100,1.729861788,4.510790414,0.5780808656,0.7572382475,0.8726068334,0.949282236,1,6,9,14,0.05610922032,0.03123613494,0.01945070785,0.01581045597,0.01204084055,0.01098004011,0.009414973373,0.007961880882,0.006793397771,0.006556480583,0.006272575809,0.00618842972,0.00579268662,0.005453187919,0.005096050626,0.004490945958
1,4000,selected,22,mlp,up_proj,mlp,16,3584,18944,16,360448,18944,3584,67895296,16,32,2,0.07894315896,0.06724147366,9.58064301e-06,141.8216006,6.529979308,0.0005566370612,0.01029734866,0.006232022347,0.01399311478,23,0.3631933195,0.006062906088,67,1.378334276,2.85863334,0.7255134093,0.8623614604,0.9445369873,0.9773623087,1,3,5,11,0.06724147366,0.02920342638,0.01830962281,0.01329952754,0.008460501475,0.007503580765,0.00646108399,0.005910898427,0.005801273819,0.00498511302,0.004571210721,0.004155217452,0.00372298205,0.003508954524,0.003057536305,0.002981406311
1,4000,selected,22,mlp,down_proj,mlp,16,18944,3584,16,360448,3584,18944,67895296,16,32,2,0.04379231715,0.04196030043,5.31469177e-06,138.8972237,5.119180586,0.0003152857629,0.00819668299,0.001917767042,0.004306071583,69,0.7868054458,0.001865725253,179,1.089227688,1.519544009,0.9180816931,0.9549458137,0.9856602676,0.9944372126,1,1,2,6,0.04196030043,0.008408138643,0.006534617773,0.004025163098,0.002415073024,0.00215526917,0.001887908854,0.00167038114,0.001544118653,0.001425220761,0.00128815612,0.001261688852,0.0009591093412,0.0008935619189,0.0008452943429,0.0007539911221
1,4000,selected,23,attention,q_proj,self_attn,16,3584,3584,16,114688,3584,3584,12845056,16,32,2,0.03293447609,0.02834509706,9.189306944e-06,59.48043008,4.087794552,0.0005537027228,0.00693408064,0.001084679715,0.002435493153,113,0.9288414813,0.005577724273,87,1.350036845,2.717335889,0.7407205245,0.879945482,0.9451628841,0.9779578626,1,3,5,11,0.02834509706,0.01228879519,0.00700923556,0.004648721325,0.003495344258,0.003009992083,0.002914732259,0.002408090525,0.002165847503,0.002142945397,0.001948892528,0.001755477969,0.001554121037,0.001455732014,0.001325157972,0.001206305289
1,4000,selected,23,attention,k_proj,self_attn,16,3584,512,16,65536,512,3584,1835008,16,32,2,0.009002372304,0.005550362635,6.645658015e-06,20.53705367,2.174488207,0.0004383478005,0.002552491486,8.10427071e-05,0.0001819698068,195,0.9998418819,0.002917208718,165,2.630699376,7.68529275,0.3801270525,0.550190695,0.7533870654,0.8996877355,1,9,11,15,0.005550362635,0.003712467908,0.003113988367,0.002602049265,0.002089556659,0.001669010774,0.00160458909,0.001459469842,0.001351355659,0.001189309282,0.001072895301,0.001051639418,0.0009052628358,0.0008785176967,0.0007919487467,0.0006429868015
1,4000,selected,23,attention,v_proj,self_attn,16,3584,512,16,65536,512,3584,1835008,16,32,2,0.0137527891,0.01014736921,1.015247204e-05,27.55447356,1.867441918,0.000499112751,0.005433833904,0.000189139208,0.000424685038,148,0.9851942575,0.006808244275,37,1.836854014,3.837530085,0.5444090779,0.8286433171,0.9207152868,0.9675162341,1,4,7,13,0.01014736921,0.007332110125,0.003566918242,0.002165990231,0.001649559771,0.001587464214,0.001372569861,0.001314098938,0.001182116963,0.001026396102,0.0009884824909,0.0008931238449,0.0007955679514,0.0007453547126,0.0006706883776,0.0005291422557
1,4000,selected,23,attention,o_proj,self_attn,16,3584,3584,16,114688,3584,3584,12845056,16,32,2,0.04052043825,0.0382911913,1.130592585e-05,64.92898925,5.386493537,0.0006240731408,0.007108741715,0.001641905916,0.003686664884,79,0.8270259736,0.008443136121,7,1.119825909,1.659095175,0.8929959489,0.9535971355,0.9787659858,0.9937811899,1,2,2,7,0.0382911913,0.009975041196,0.005003819952,0.004035674662,0.003068689776,0.002470435149,0.002217117318,0.002053785895,0.001883507658,0.001474401812,0.001221351987,0.001034787386,0.0008335678468,0.0007799027637,0.0005894293129,0.0005255883709
1,4000,selected,23,mlp,gate_proj,mlp,16,3584,18944,16,360448,18944,3584,67895296,16,32,2,0.08418576158,0.07392591197,1.021689199e-05,137.9935184,14.32737491,0.0006100704044,0.005159766701,0.007087242453,0.0159133892,8,0.1433319833,0.006894918379,33,1.296832568,2.765303704,0.7711095671,0.8495742426,0.9183762181,0.9682007541,1,4,7,12,0.07392591197,0.02358173402,0.01777297234,0.0131048745,0.01133415706,0.009163189883,0.008874347887,0.0078700287,0.007183178047,0.00654143137,0.006105095093,0.005495516975,0.004898531311,0.004344621755,0.003499681338,0.002896305319
1,4000,selected,23,mlp,up_proj,mlp,16,3584,18944,16,360448,18944,3584,67895296,16,32,2,0.08827364543,0.07898549395,1.071300281e-05,141.4665659,6.612890248,0.0006239894555,0.01194417131,0.007792236477,0.01749635244,6,0.1109302578,0.007580781221,18,1.249014405,2.36922362,0.8006312788,0.8928347598,0.9456046839,0.9820757549,1,3,5,10,0.07898549395,0.02680431547,0.0167855789,0.01137717313,0.01027793778,0.00857042208,0.007699478823,0.006769128127,0.005938198231,0.005225717279,0.004447154179,0.004113462168,0.00360879289,0.003353049259,0.003084315595,0.002573433128
1,4000,selected,23,mlp,down_proj,mlp,16,18944,3584,16,360448,3584,18944,67895296,16,32,2,0.04963938743,0.04801044298,6.024299718e-06,138.762284,5.286413045,0.0003577296799,0.00908185618,0.002464068785,0.005532714007,58,0.7358175771,0.002397202193,170,1.069009097,1.408580171,0.9354457348,0.9706086504,0.9867406036,0.9960286244,1,1,2,6,0.04801044298,0.009308267437,0.005184296521,0.003587939775,0.00278117406,0.002491245086,0.002233856932,0.001988711658,0.001621747314,0.001373907371,0.001170323185,0.001061979156,0.0009305297377,0.000883999995,0.0008032238936,0.0006914409728
1,4000,selected,24,attention,q_proj,self_attn,16,3584,3584,16,114688,3584,3584,12845056,16,32,2,0.03502479733,0.02813061963,9.772543898e-06,56.75886606,3.822658251,0.0006170806389,0.007358915651,0.001226736428,0.002754461182,105,0.9085534487,0.006308219335,55,1.550217606,3.32679827,0.6450707282,0.8564958384,0.9211218128,0.9725552807,1,4,6,12,0.02813061963,0.01610474726,0.006998133502,0.005505012675,0.005302871745,0.004201596055,0.002963043303,0.002922640066,0.002670206919,0.002489977271,0.002280905618,0.002113575705,0.001863448169,0.001845807769,0.001493331042,0.001248290576
1,4000,selected,24,attention,k_proj,self_attn,16,3584,512,16,65536,512,3584,1835008,16,32,2,0.01153452204,0.007373450733,8.514920987e-06,19.46239995,1.825873274,0.0005926567162,0.004038314618,0.0001330451987,0.0002987339636,178,0.9957081808,0.004789087478,121,2.44713338,7.111214857,0.4086413957,0.5780296082,0.7742975097,0.9034848765,1,8,11,15,0.007373450733,0.004747240082,0.004335694472,0.002704488012,0.002384706562,0.002060908683,0.00198981769,0.001814997099,0.00162863744,0.001571972431,0.001452872329,0.001227831936,0.001085464127,0.001031175098,0.0009691931299,0.0009581323017
1,4000,selected,24,attention,v_proj,self_attn,16,3584,512,16,65536,512,3584,1835008,16,32,2,0.01276722967,0.00877538332,9.42492038e-06,31.05244558,2.314050722,0.0004111505369,0.00379221736,0.0001630021535,0.0003659980206,159,0.9894886165,0.005867416333,77,2.116708968,5.987212832,0.4724315033,0.635415408,0.8190192836,0.9380559742,1,7,9,14,0.00877538332,0.005154292138,0.004079874368,0.00364450988,0.002953645782,0.002101537806,0.001849461579,0.001685895674,0.001440122251,0.001310320984,0.001222406271,0.001181880703,0.001067274943,0.001026213896,0.0008695006982,0.0006832094144
1,4000,selected,24,attention,o_proj,self_attn,16,3584,3584,16,114688,3584,3584,12845056,16,32,2,0.04020663826,0.03804397137,1.121837005e-05,65.25187348,6.236852365,0.0006161759979,0.006099867231,0.00161657376,0.00362978515,80,0.8306557587,0.008312871139,9,1.11692454,1.675831856,0.8953156319,0.9484478316,0.973832044,0.9920150676,1,2,3,8,0.03804397137,0.009267800162,0.00481640215,0.004223472738,0.003446788956,0.002903021859,0.002324079682,0.00191962562,0.001700379191,0.00153969702,0.001473822243,0.00125701189,0.00116265992,0.001030247466,0.0009388574499,0.0007742116829
1,4000,selected,24,mlp,gate_proj,mlp,16,3584,18944,16,360448,18944,3584,67895296,16,32,2,0.09142469487,0.08159218265,1.109541821e-05,135.5493945,12.74504214,0.0006744751253,0.006401876258,0.008358474832,0.01876775968,2,0.03890309712,0.008131653759,10,1.255538218,2.487958653,0.7964711749,0.8829882587,0.9305695786,0.9734189806,1,3,6,12,0.08159218265,0.02689146457,0.01577517623,0.0122004541,0.01100584873,0.00982664105,0.008512258398,0.008246546221,0.007325541778,0.006558372334,0.005543692518,0.004996106932,0.004627721525,0.004401876067,0.003947275018,0.003665250414
1,4000,selected,24,mlp,up_proj,mlp,16,3584,18944,16,360448,18944,3584,67895296,16,32,2,0.09135073733,0.08449804928,1.108644263e-05,142.8441369,6.67613588,0.0006395133838,0.01265673,0.008344957211,0.01873740779,3,0.05764050491,0.008118502962,11,1.168774555,1.97314671,0.8555969972,0.9219997452,0.9595209096,0.9869264928,1,2,4,9,0.08449804928,0.02353992546,0.01274578682,0.01227425881,0.008982539128,0.007552071641,0.007333891917,0.006098577996,0.005526841142,0.004647140846,0.004121542666,0.003824719321,0.00307084194,0.002442473633,0.002287701631,0.002170495047
1,4000,selected,24,mlp,down_proj,mlp,16,18944,3584,16,360448,3584,18944,67895296,16,32,2,0.05208551665,0.05052460263,6.321165096e-06,140.9684439,5.421981501,0.0003694835186,0.009318475657,0.002712901044,0.006091431254,56,0.7246903213,0.002639281977,167,1.062742722,1.389800687,0.9409615129,0.9651365692,0.9867353946,0.9957485908,1,1,2,6,0.05052460263,0.008098427954,0.00644286681,0.004133393692,0.00288990521,0.002513751331,0.002414466087,0.001987904645,0.001689025782,0.001486096449,0.001327643712,0.001234969512,0.001158926071,0.0008752298418,0.0008654526703,0.0005713396623
1,4000,selected,25,attention,q_proj,self_attn,16,3584,3584,16,114688,3584,3584,12845056,16,32,2,0.04423506373,0.03975646769,1.234237269e-05,55.28542481,3.810693367,0.0008001216213,0.01043286979,0.001956740863,0.004393581725,67,0.778152473,0.01006210484,2,1.237991699,2.101912761,0.8077598586,0.9327157102,0.9718136279,0.9902113276,1,2,3,8,0.03975646769,0.01563669469,0.007669578564,0.004205003904,0.003520175176,0.003259006292,0.002702911943,0.002383493765,0.002216268271,0.001809952201,0.00167332185,0.001563712614,0.001397120642,0.001329822134,0.001023572798,0.0009761382731
1,4000,selected,25,attention,k_proj,self_attn,16,3584,512,16,65536,512,3584,1835008,16,32,2,0.01521112214,0.009422459028,1.122903078e-05,17.70021914,1.800611231,0.0008593747916,0.005232922502,0.0002313782366,0.000519526735,142,0.9825383034,0.008328677968,8,2.606117494,6.035593295,0.3837125541,0.6717119813,0.8281404701,0.9423329278,1,6,9,14,0.009422459028,0.008163136628,0.004627126677,0.003844976805,0.003204457466,0.002887343822,0.002114772756,0.001828683589,0.001664006499,0.001533310054,0.001452582914,0.001336071737,0.001132077526,0.001063620402,0.001017470161,0.0009379391845
1,4000,selected,25,attention,v_proj,self_attn,16,3584,512,16,65536,512,3584,1835008,16,32,2,0.01456331225,0.01161954195,1.075080984e-05,33.9312262,3.092621101,0.0004292008831,0.003757182523,0.0002120900637,0.0004762179017,143,0.9830145213,0.007634381984,17,1.570877452,3.910182869,0.6365868952,0.7541447267,0.9063883256,0.9601401698,1,4,7,13,0.01161954195,0.004993280281,0.004513368656,0.003452369908,0.001927386067,0.001718223411,0.001624914434,0.001446643149,0.001357273416,0.001267533973,0.001191079536,0.001057475702,0.0008920719707,0.0008197571827,0.0007324779396,0.0006810263776
1,4000,selected,25,attention,o_proj,self_attn,16,3584,3584,16,114688,3584,3584,12845056,16,32,2,0.03757600199,0.03508675328,1.048437556e-05,68.82572839,5.375983771,0.0005459586534,0.006526573512,0.001411955926,0.003170345071,90,0.8638583367,0.007260669421,23,1.146924353,1.790975164,0.8718970849,0.9414580397,0.976594506,0.9933593165,1,2,3,7,0.03508675328,0.009910449147,0.005279091069,0.00466286814,0.003056866351,0.002549429773,0.00209050957,0.001859279212,0.001631920746,0.001453983159,0.001249718368,0.001012862651,0.0008905230921,0.0008285507015,0.0005261463052,0.0005050502506
1,4000,selected,25,mlp,gate_proj,mlp,16,3584,18944,16,360448,18944,3584,67895296,16,32,2,0.08154706759,0.07100240977,9.8966567e-06,134.1370003,12.38991534,0.0006079386554,0.005730661415,0.006649924232,0.01493145369,15,0.2497620307,0.006469467513,52,1.31907813,2.728954128,0.758105208,0.8760398672,0.92703623,0.9711522813,1,3,6,12,0.07100240977,0.02800458083,0.01495246265,0.01074922368,0.009358203055,0.009248348489,0.007804503444,0.007703908762,0.006493516961,0.006025842174,0.005372009352,0.005054393795,0.004635405376,0.004049165543,0.003323621987,0.003166076204
1,4000,selected,25,mlp,up_proj,mlp,16,3584,18944,16,360448,18944,3584,67895296,16,32,2,0.09469711733,0.09084254256,1.14925636e-05,144.3501976,7.779125963,0.0006560234689,0.01167773128,0.008967544031,0.02013533744,1,0.02013533744,0.008724194856,5,1.08666319,1.525542705,0.9202483433,0.9586420327,0.9782598658,0.9923909246,1,1,2,7,0.09084254256,0.01855524453,0.01059454267,0.007979940381,0.007049567343,0.005637753384,0.005022155571,0.004474168303,0.004091461863,0.003990575121,0.003143612439,0.002554581316,0.002461356453,0.002257120721,0.00206033502,0.001940086078
1,4000,selected,25,mlp,down_proj,mlp,16,18944,3584,16,360448,3584,18944,67895296,16,32,2,0.04758940743,0.04540584655,5.775511516e-06,143.7408991,6.699544854,0.0003310777082,0.00677745243,0.0022647517,0.005085176002,60,0.7461635741,0.002203293908,172,1.098492358,1.548304891,0.9103386039,0.961913073,0.9838865562,0.9949602647,1,1,2,6,0.04540584655,0.01080756062,0.00557140361,0.004327117412,0.003252494435,0.002796155331,0.001911542554,0.00174011512,0.001623034149,0.001549285288,0.00136005916,0.001171224226,0.001104117477,0.0008726693758,0.0008214921743,0.0007086752305
1,4000,selected,26,attention,q_proj,self_attn,16,3584,3584,16,114688,3584,3584,12845056,16,32,2,0.03606397699,0.03249192741,1.006249358e-05,51.73384417,3.952973902,0.0006971060738,0.008219615968,0.001300610436,0.002920334701,102,0.9002385171,0.006688099998,44,1.231959089,2.131351222,0.8117152662,0.9294827201,0.9643914468,0.9879188953,1,2,3,9,0.03249192741,0.01237616983,0.005529199081,0.003851053342,0.003368203006,0.002839313378,0.002660225995,0.002028977744,0.001977925486,0.001662062067,0.001584614063,0.001350525672,0.001246335815,0.001216549708,0.001090707773,0.0006930082629
1,4000,selected,26,attention,k_proj,self_attn,16,3584,512,16,65536,512,3584,1835008,16,32,2,0.009796671435,0.006151719133,7.232019055e-06,16.94211667,1.92705708,0.000578243653,0.003192286931,9.59747712e-05,0.0002154976209,193,0.9994585759,0.003454702456,157,2.53608665,6.878733759,0.3943082939,0.565948643,0.7906944315,0.9311263323,1,7,10,15,0.006151719133,0.004058712017,0.003696882238,0.002811225239,0.002491499849,0.001842854508,0.001439748884,0.001342146959,0.001162487384,0.001113206788,0.0009491428019,0.000878752886,0.0008445755983,0.0008163077509,0.0007126411607,0.0006774406463
1,4000,selected,26,attention,v_proj,self_attn,16,3584,512,16,65536,512,3584,1835008,16,32,2,0.01352579197,0.009434049067,9.98490007e-06,40.57344237,3.178246661,0.0003333656497,0.002968318722,0.0001829470485,0.0004107814296,151,0.9864356274,0.006585351652,47,2.055555211,5.148100672,0.4864865681,0.7045720666,0.8712989434,0.9455251538,1,5,9,14,0.009434049067,0.006316494144,0.004692044709,0.00291322956,0.002338249661,0.001748584613,0.00168231006,0.001491421927,0.00141675033,0.001377579541,0.001238262167,0.001122716053,0.001053448147,0.0009589674276,0.0008138230659,0.0007587103521
1,4000,selected,26,attention,o_proj,self_attn,16,3584,3584,16,114688,3584,3584,12845056,16,32,2,0.03746511784,0.03617891583,1.04534369e-05,71.58582662,6.28160328,0.0005233594359,0.005759503462,0.001403635055,0.003151661745,92,0.8701760469,0.007217881192,25,1.072366181,1.431020676,0.9325172854,0.9671058619,0.9857971917,0.9960581533,1,1,2,6,0.03617891583,0.006967764232,0.003717496994,0.003523637602,0.002332790118,0.001947170235,0.00169889631,0.001510964904,0.001378318704,0.001090778102,0.000858745002,0.0008007902778,0.00061516835,0.0005368523449,0.0004625847096,0.0004289752307
1,4000,selected,26,mlp,gate_proj,mlp,16,3584,18944,16,360448,18944,3584,67895296,16,32,2,0.0829178883,0.07509159079,1.006302126e-05,134.1689764,10.39277786,0.0006180108885,0.007225362825,0.0068753762,0.01543767383,10,0.1744070519,0.006688801467,43,1.219309217,2.234819167,0.8201365051,0.9054377007,0.9489643104,0.9812229519,1,2,5,11,0.07509159079,0.02421730394,0.01352736737,0.01078295638,0.008504984077,0.008003304151,0.007068861089,0.005952635338,0.005513910735,0.004765902035,0.004471210541,0.004174634469,0.003630327038,0.003281834048,0.00279810056,0.002604585078
1,4000,selected,26,mlp,up_proj,mlp,16,3584,18944,16,360448,18944,3584,67895296,16,32,2,0.08873844614,0.0849011354,1.076941162e-05,145.8211616,10.30962363,0.0006085429933,0.008235134321,0.007874511823,0.01768108996,5,0.09343390535,0.007660823889,16,1.092437609,1.57835026,0.9153840841,0.9446421106,0.9749534808,0.9916635426,1,1,3,8,0.0849011354,0.01517869149,0.01271493712,0.008775968163,0.006848532119,0.006043326516,0.00524233712,0.004547229241,0.003797385761,0.003630830349,0.00302852122,0.002927927214,0.002670364833,0.002585947597,0.001919450465,0.001671975607
1,4000,selected,26,mlp,down_proj,mlp,16,18944,3584,16,360448,3584,18944,67895296,16,32,2,0.04439625497,0.04210583629,5.387986437e-06,143.6608163,5.923698747,0.0003090352409,0.007108031332,0.001971027455,0.004425660223,65,0.7693526161,0.001917540357,176,1.111752407,1.586119452,0.8994808497,0.9625216692,0.9859703244,0.9959183936,1,2,2,6,0.04210583629,0.01114698103,0.00567619431,0.003741491856,0.002630754732,0.002398755664,0.002062279414,0.001637077262,0.001394114166,0.001309229569,0.001212467621,0.0008927769569,0.000863596024,0.0007421907753,0.0007350427977,0.0005322220808
1,4000,selected,27,attention,q_proj,self_attn,16,3584,3584,16,114688,3584,3584,12845056,16,32,2,0.03715957756,0.03224996546,1.03681857e-05,56.62146747,7.863893293,0.000656280722,0.004101017684,0.001380834204,0.003100465697,94,0.876402273,0.007100632888,30,1.327648254,1.954113136,0.7532115506,0.9777461256,0.993539532,0.9984922962,1,2,2,4,0.03224996546,0.01760809533,0.003512111885,0.00307784759,0.001912118907,0.001200585161,0.000973540835,0.000890820424,0.0008051611808,0.0006792636536,0.0005358618719,0.0004543107453,0.0003935219522,0.0003685500558,0.0003137467245,0.0002992214493
1,4000,selected,27,attention,k_proj,self_attn,16,3584,512,16,65536,512,3584,1835008,16,32,2,0.01182191547,0.008436114164,8.727078225e-06,18.0091123,2.115520377,0.0006564407658,0.003987725316,0.0001397576854,0.0003138058923,172,0.9938796551,0.00503070977,109,1.963770822,5.087999349,0.5092243906,0.681788579,0.8632898247,0.9589235966,1,5,8,13,0.008436114164,0.004910923697,0.004076011412,0.002958432857,0.00259677819,0.001780316023,0.001383975263,0.001239913297,0.001126939844,0.001017021202,0.0009282280828,0.0008721543508,0.0007591378322,0.0007265043002,0.0006244540462,0.0005657873586
1,4000,selected,27,attention,v_proj,self_attn,16,3584,512,16,65536,512,3584,1835008,16,32,2,0.01364856789,0.01100459697,1.007553471e-05,36.6731718,4.568173144,0.0003721676425,0.002408971075,0.0001862834054,0.0004182727418,149,0.9856125303,0.006705446966,42,1.538246322,2.968337223,0.6500909416,0.8810329519,0.95418636,0.9869127914,1,3,4,9,0.01100459697,0.006559013961,0.003186594675,0.001863566572,0.001597256871,0.001261960167,0.001041938397,0.0009311189439,0.0007702330186,0.0006418936513,0.0006277807027,0.0005755493154,0.0005032186343,0.0004542717058,0.0004029301644,0.0002921186426
1,4000,selected,27,attention,o_proj,self_attn,16,3584,3584,16,114688,3584,3584,12845056,16,32,2,0.03712858751,0.0367751997,1.035953893e-05,66.84974798,10.33845757,0.0005554035525,0.003557126335,0.00137853201,0.00309529645,95,0.8794975695,0.007088794368,31,1.019311152,1.113542657,0.9810547038,0.9968383913,0.9990795306,0.9998230201,1,1,1,2,0.0367751997,0.004664581284,0.001399483756,0.001063450702,0.0006378728143,0.0005634429785,0.0004525818479,0.0003094253061,0.0002636198081,0.0002386373264,0.0002025323626,0.0001759202261,0.0001252200024,0.0001188437394,9.428656061e-05,8.287458767e-05
1,4000,selected,27,mlp,gate_proj,mlp,16,3584,18944,16,360448,18944,3584,67895296,16,32,2,0.06545806723,0.06261054543,7.944074983e-06,139.6109423,14.51319148,0.0004688605788,0.004314043919,0.004284758565,0.009620812485,48,0.6636345394,0.004168484537,136,1.093028236,1.451125944,0.9148894482,0.9771740306,0.9953329972,0.9990650446,1,1,2,4,0.06261054543,0.01633629082,0.00706866384,0.005276436251,0.002939387239,0.001957166636,0.001523582376,0.001095043427,0.001025422808,0.0009779629442,0.0007745838041,0.0007260895355,0.0005474918849,0.0004915933289,0.0004712702058,0.0003278134143
1,4000,selected,27,mlp,up_proj,mlp,16,3584,18944,16,360448,18944,3584,67895296,16,32,2,0.05567196054,0.05371725087,6.756420526e-06,144.9409087,16.81519513,0.0003841010866,0.003194566014,0.00309936719,0.006959185705,54,0.7118998427,0.003015260723,163,1.074101875,1.376165307,0.9310103851,0.9799360396,0.9959274519,0.9995583061,1,1,2,3,0.05371725087,0.01231416129,0.005755177073,0.004054774408,0.002311729839,0.001843228667,0.001401017287,0.0007408874078,0.0007219493525,0.0004951570775,0.000434059765,0.0003769354823,0.0003641811427,0.0002681848018,0.0002003888261,0.0001654848501
1,4000,selected,27,mlp,down_proj,mlp,16,18944,3584,16,360448,3584,18944,67895296,16,32,2,0.03057533544,0.03051587515,3.71066192e-06,133.3173948,7.978114148,0.0002293424312,0.003824948426,0.0009348511375,0.002099074512,122,0.9493768703,0.000909482402,193,1.003900804,1.030943127,0.9961143532,0.9981013206,0.9995805702,0.9999891811,1,1,1,1,0.03051587515,0.001362908217,0.0009132262661,0.0007408750785,0.000553020003,0.0002248685895,0.0001387482109,7.96387394e-05,6.051995576e-05,4.872602243e-05,4.103309131e-05,2.748153715e-05,2.417625977e-05,2.177231189e-05,1.914166139e-05,1.460482408e-05
1,30000,endpoint,0,attention,q_proj,self_attn,16,3584,3584,16,114688,3584,3584,12845056,16,32,2,0.09230283289,0.07442498473,2.575413864e-05,74.54172753,22.88633987,0.001238270643,0.003251939155,0.008519812959,0.004459658666,58,0.7792874084,0.01061676254,2,1.538128262,4.423979602,0.6501408398,0.7415250876,0.8214084654,0.9135633914,1,8,11,15,0.07442498473,0.02790298727,0.01991324342,0.01685390679,0.01582887806,0.01452561052,0.01321979869,0.01219970954,0.01177735884,0.01159147801,0.010264756,0.009940473975,0.00862589499,0.008351662178,0.00810989075,0.007017855993
1,30000,endpoint,0,attention,k_proj,self_attn,16,3584,512,16,65536,512,3584,1835008,16,32,2,0.03334917395,0.02252866168,2.461875578e-05,37.19750106,4.175160803,0.0008965433966,0.005395878804,0.001112167403,0.0005821591414,141,0.9829013631,0.009701306937,3,2.191287572,6.512128645,0.4563526999,0.6274591238,0.7943043676,0.9065999671,1,8,11,15,0.02252866168,0.01379488989,0.01105228719,0.007962838022,0.006602516445,0.005506629258,0.005170080282,0.004923980703,0.004606565601,0.004245935181,0.003990777079,0.003558181439,0.003376898195,0.00316636028,0.002833069736,0.002566230706
1,30000,endpoint,0,attention,v_proj,self_attn,16,3584,512,16,65536,512,3584,1835008,16,32,2,0.02457387749,0.01593773399,1.814072784e-05,12.18984879,1.247592157,0.00201592964,0.01277479496,0.0006038754547,0.000316095954,162,0.9907387778,0.005267535374,91,2.37735605,8.187928855,0.4206353525,0.535991388,0.6808112238,0.8552581892,1,10,12,15,0.01593773399,0.008346297287,0.00718734228,0.005982913597,0.005598595741,0.005329002475,0.004884938999,0.004662517552,0.00447345126,0.00408706375,0.003407893911,0.003313930886,0.002995607736,0.002874678293,0.00250424727,0.002141400553
1,30000,endpoint,0,attention,o_proj,self_attn,16,3584,3584,16,114688,3584,3584,12845056,16,32,2,0.06669044361,0.05150799898,1.860782467e-05,44.5817881,5.992457152,0.001495912265,0.00859547222,0.004447615269,0.002328084674,106,0.9158216591,0.005542290118,80,1.676400786,5.258769405,0.596516065,0.6657960695,0.7807937823,0.9034168803,1,8,11,15,0.05150799898,0.01755365506,0.01688750929,0.01504252683,0.0136423244,0.01178696386,0.01066186426,0.01032760773,0.009941483247,0.009381798602,0.008191594077,0.007043957801,0.006652508521,0.005703015782,0.005369778756,0.004514309027
1,30000,endpoint,0,mlp,gate_proj,mlp,16,3584,18944,16,360448,18944,3584,67895296,16,32,2,0.1413416553,0.10819232,1.715340454e-05,126.559206,37.77510071,0.001116802639,0.002864117314,0.01997746351,0.01045711551,48,0.6888977334,0.004709759224,131,1.706661845,5.532737971,0.5859391555,0.6636519275,0.7683855548,0.8906728166,1,9,12,15,0.10819232,0.03940182821,0.03319361873,0.03147214475,0.02711683037,0.02644255638,0.0235217347,0.02133508918,0.01958161131,0.0190298126,0.01745391722,0.01678842841,0.01547984961,0.01531440105,0.01429759236,0.0131695946
1,30000,endpoint,0,mlp,up_proj,mlp,16,3584,18944,16,360448,18944,3584,67895296,16,32,2,0.1487958645,0.1187610482,1.805805693e-05,108.7673587,7.836136441,0.001368019471,0.01515556155,0.02214020928,0.01158919529,41,0.6123018724,0.005219634356,94,1.569761517,4.739155234,0.6370394416,0.7065509566,0.7993344668,0.9061321179,1,8,11,15,0.1187610482,0.03923008398,0.03516830863,0.02859084472,0.02633628024,0.02556972625,0.02370183562,0.02133857489,0.0188895349,0.01809861337,0.01696653927,0.01658247763,0.01560196905,0.01476913871,0.01437752646,0.01275837125
1,30000,endpoint,0,mlp,down_proj,mlp,16,18944,3584,16,360448,3584,18944,67895296,16,32,2,0.06749833342,0.03879573203,8.191684305e-06,115.2490974,6.52738734,0.0005856734232,0.005943531464,0.004556025015,0.002384831279,100,0.9017393753,0.001074099363,190,3.027040265,9.960828452,0.3303556981,0.4429928756,0.6389916972,0.8183030316,1,11,13,16,0.03879573203,0.02265342796,0.02249262303,0.01967377552,0.0151287382,0.01455417257,0.01425895811,0.01315014753,0.01271677075,0.01238358526,0.01103680322,0.009649335856,0.009352609272,0.008752217402,0.008437180685,0.007909940289
1,30000,endpoint,1,attention,q_proj,self_attn,16,3584,3584,16,114688,3584,3584,12845056,16,32,2,0.0576064148,0.03723172048,1.607321842e-05,56.73764755,10.46560968,0.001015312007,0.003557530009,0.003318499026,0.001737053737,133,0.9717905324,0.004135268734,155,2.393952249,7.120101682,0.4177192758,0.5973432308,0.7624080864,0.9063323625,1,8,11,15,0.03723172048,0.02441478895,0.01779381094,0.01520354744,0.01394728641,0.01060325719,0.009877570763,0.008549286784,0.008028651624,0.007048732374,0.006601735148,0.006369097088,0.005862457091,0.0055461032,0.005127216889,0.00459649511
1,30000,endpoint,1,attention,k_proj,self_attn,16,3584,512,16,65536,512,3584,1835008,16,32,2,0.02359971347,0.01247204654,1.742158841e-05,29.89003685,4.705555086,0.000789551167,0.002650494215,0.000556946476,0.0002915311862,171,0.9934967804,0.00485817935,118,3.580453313,8.885671435,0.2792942437,0.4906874396,0.6993988648,0.8897284457,1,9,11,15,0.01247204654,0.01085056199,0.008360218912,0.006807924244,0.006238928331,0.005257048235,0.004901511132,0.003926550029,0.003485352583,0.003447649838,0.003136761724,0.002755383067,0.002696784159,0.002339264503,0.002071934238,0.001706533592
1,30000,endpoint,1,attention,v_proj,self_attn,16,3584,512,16,65536,512,3584,1835008,16,32,2,0.0230589119,0.01552405169,1.702236227e-05,18.31095231,1.461890916,0.001259296158,0.01061915874,0.0005317134179,0.0002783230528,180,0.9960783082,0.004638074318,133,2.206314705,4.893681117,0.4532444976,0.7643995474,0.8725048365,0.9480573631,1,6,9,14,0.01552405169,0.01286255476,0.006115484129,0.004481281808,0.003351803461,0.003304135429,0.003120855859,0.002877612457,0.002480848809,0.002320245904,0.00202511779,0.001886639862,0.001668124961,0.001571177113,0.001327580876,0.001185843047
1,30000,endpoint,1,attention,o_proj,self_attn,16,3584,3584,16,114688,3584,3584,12845056,16,32,2,0.06475459687,0.04898405289,1.806768886e-05,51.75558905,3.71699528,0.001251161431,0.01317840062,0.004193157816,0.002194890039,111,0.9271167185,0.005225204008,93,1.74755872,5.649759105,0.5722268377,0.6600936386,0.7716800818,0.8962458612,1,9,12,15,0.04898405289,0.01919477436,0.01638860841,0.01411782847,0.01245457732,0.01147620971,0.01120802523,0.01048256919,0.009013566851,0.008298005565,0.007988999748,0.007658014467,0.007064278673,0.006611862826,0.005921487139,0.005813958933
1,30000,endpoint,1,mlp,gate_proj,mlp,16,3584,18944,16,360448,18944,3584,67895296,16,32,2,0.1325819356,0.1225926867,1.609031373e-05,123.1204121,20.77054609,0.001076847725,0.005902237052,0.01757796965,0.009201110996,55,0.7572273383,0.004144069874,154,1.169605991,2.018580325,0.8549887804,0.9152846357,0.9530813887,0.9819112763,1,2,4,11,0.1225926867,0.03255577851,0.01889982137,0.01752674895,0.01371916664,0.01180657447,0.009905402432,0.00900239738,0.008076337366,0.007549354382,0.006976050789,0.006552452929,0.006033564157,0.005690919264,0.004860364045,0.003424841242
1,30000,endpoint,1,mlp,up_proj,mlp,16,3584,18944,16,360448,18944,3584,67895296,16,32,2,0.1323830109,0.1255438561,1.606617197e-05,101.2989287,8.822049724,0.001306854994,0.01423069015,0.01752526156,0.009173521178,56,0.7664008594,0.004131643752,156,1.111920099,1.692936,0.8993451962,0.9389821215,0.9690080548,0.9878674333,1,2,3,9,0.1255438561,0.02635616595,0.01739863838,0.01494990694,0.01076921755,0.00976592773,0.007969394233,0.007460221544,0.007056516019,0.006567650827,0.005736494675,0.0051585453,0.004587773613,0.004161042515,0.003651188373,0.002913223242
1,30000,endpoint,1,mlp,down_proj,mlp,16,18944,3584,16,360448,3584,18944,67895296,16,32,2,0.07561437108,0.04829563138,9.176657044e-06,101.4703818,13.527541,0.0007451866221,0.003570170763,0.005717533114,0.002992817591,77,0.8416351856,0.001347929095,183,2.451280399,7.936661539,0.4079500659,0.5688315348,0.7133978102,0.8662131445,1,10,12,15,0.04829563138,0.03032894865,0.02183035975,0.01870822974,0.01736951569,0.01550967025,0.01332817159,0.01240308952,0.01210494671,0.01128901469,0.01082614298,0.01009122352,0.009151587315,0.008458917418,0.008287130152,0.006923847523
1,30000,endpoint,2,attention,q_proj,self_attn,16,3584,3584,16,114688,3584,3584,12845056,16,32,2,0.06086558319,0.03016636179,1.698258459e-05,65.36730749,5.545589746,0.0009311318688,0.005439703111,0.003704619216,0.001939166655,129,0.9645208256,0.004616423237,136,4.070968148,11.78162115,0.2456418138,0.3655262237,0.5453057936,0.7826104637,1,12,13,16,0.03016636179,0.02107429925,0.01860376755,0.01788615895,0.01551303064,0.01531001289,0.01441681974,0.01400814532,0.01305398331,0.01173276374,0.0110587903,0.01091099501,0.009422845468,0.008408300832,0.007293081105,0.006576929515
1,30000,endpoint,2,attention,k_proj,self_attn,16,3584,512,16,65536,512,3584,1835008,16,32,2,0.02279161335,0.01266173181,1.682503932e-05,31.76935015,3.030344924,0.0007174088625,0.004178313731,0.0005194576392,0.0002719078193,182,0.9966257617,0.004531168585,139,3.240141054,10.00535734,0.3086285391,0.4410808441,0.6264316599,0.8403976334,1,10,13,15,0.01266173181,0.008294779181,0.006959533018,0.006917137948,0.005958898545,0.005688341627,0.004854189141,0.004440428461,0.00431446915,0.003684700173,0.003605689294,0.003233322166,0.003089957307,0.002747158688,0.002343320538,0.002161891177
1,30000,endpoint,2,attention,v_proj,self_attn,16,3584,512,16,65536,512,3584,1835008,16,32,2,0.02336926943,0.01578828779,1.725147188e-05,14.76439726,1.211148926,0.001582812289,0.01303579391,0.0005461227537,0.0002858655563,179,0.9957999851,0.004763765279,130,2.190888134,6.774398101,0.4564359012,0.6149845146,0.7702727128,0.8991893515,1,9,11,15,0.01578828779,0.00930521388,0.007396769205,0.005485820243,0.005062058078,0.00425019849,0.003892222917,0.003400925068,0.003267820222,0.003057003001,0.00282018876,0.002662770945,0.00251633592,0.002336814149,0.002146667489,0.001893787397
1,30000,endpoint,2,attention,o_proj,self_attn,16,3584,3584,16,114688,3584,3584,12845056,16,32,2,0.064667379,0.04597623905,1.804335352e-05,50.63907457,3.97244725,0.001277025292,0.01157378214,0.004181869907,0.002188981432,112,0.9293056999,0.005211137849,96,1.978352308,6.412892337,0.5054711419,0.6321811442,0.7567853729,0.892183476,1,9,11,15,0.04597623905,0.02301922556,0.01708623858,0.01513734209,0.01464773374,0.01162891372,0.01072949811,0.01006515698,0.009786714991,0.009156284045,0.008456146762,0.00775645562,0.006785788054,0.005983698896,0.005833013818,0.004869569329
1,30000,endpoint,2,mlp,gate_proj,mlp,16,3584,18944,16,360448,18944,3584,67895296,16,32,2,0.1637541946,0.1542192188,1.987341906e-05,138.7303231,23.40659957,0.001180377808,0.006588706675,0.02681543625,0.01403642231,26,0.4182857515,0.00632183601,43,1.127477461,1.862977859,0.8869356902,0.910171737,0.9428117718,0.9767041391,1,2,5,12,0.1542192188,0.02496166525,0.02145393717,0.02037118925,0.01694198827,0.01651571181,0.01357962049,0.01283093218,0.01171916415,0.01093947102,0.009906384634,0.009389668718,0.008214254947,0.006989495312,0.006079739624,0.005299550829
1,30000,endpoint,2,mlp,up_proj,mlp,16,3584,18944,16,360448,18944,3584,67895296,16,32,2,0.1553543238,0.1405025825,1.885399996e-05,112.6574561,6.535581694,0.001378997264,0.02149809904,0.02413496592,0.01263334189,36,0.5517407116,0.005689905441,70,1.222582221,2.444425838,0.8179408982,0.8633615189,0.9131371953,0.9669284337,1,4,7,12,0.1405025825,0.03310929074,0.02583737279,0.02310334219,0.02024676045,0.01815798891,0.01709867143,0.01631690134,0.01473202569,0.01287783786,0.01120054533,0.01020798498,0.009062187945,0.00750728128,0.005389300473,0.004257649879
1,30000,endpoint,2,mlp,down_proj,mlp,16,18944,3584,16,360448,3584,18944,67895296,16,32,2,0.07541101201,0.04280019741,9.151977126e-06,115.5624276,7.968331481,0.0006525564891,0.005371287265,0.005686820732,0.00297674133,78,0.8446119269,0.00134068854,184,3.104402281,9.547951723,0.3221232011,0.4737385013,0.6533780288,0.8440695666,1,10,13,15,0.04280019741,0.02936339613,0.02493541288,0.01999507374,0.01926608467,0.0172843272,0.0150776794,0.01368072327,0.01303390002,0.01250333,0.01167635908,0.01078727685,0.01027701079,0.009741352517,0.007896109816,0.006706001624
1,30000,endpoint,3,attention,q_proj,self_attn,16,3584,3584,16,114688,3584,3584,12845056,16,32,2,0.05913045186,0.02977976358,1.649845197e-05,67.87416794,7.394621595,0.0008711775578,0.004027219405,0.003496410337,0.001830180631,132,0.9700534787,0.004356968688,147,3.942574462,11.56127665,0.2536413731,0.3878218807,0.5657787227,0.7852947152,1,12,14,16,0.02977976358,0.02165987336,0.01804627036,0.01722040267,0.01483483135,0.01401340054,0.01339874961,0.01309747603,0.01221780278,0.01150042465,0.01020358229,0.009637858273,0.009482885848,0.008567558998,0.008109146972,0.0065631887
1,30000,endpoint,3,attention,k_proj,self_attn,16,3584,512,16,65536,512,3584,1835008,16,32,2,0.02342468147,0.01058477131,1.729237771e-05,32.42493487,3.686256118,0.0007224280193,0.002871415055,0.0005487157021,0.0002872228238,176,0.9949400803,0.004786383266,127,4.897612598,11.58993302,0.2041811148,0.3788003907,0.5867414161,0.7941349573,1,11,13,16,0.01058477131,0.009788582053,0.00772496731,0.00737735629,0.005924685737,0.005474869957,0.005069802607,0.004798030009,0.004730427495,0.004394663001,0.00416351059,0.003992382014,0.003488824788,0.00316598304,0.003067527981,0.002528312636
1,30000,endpoint,3,attention,v_proj,self_attn,16,3584,512,16,65536,512,3584,1835008,16,32,2,0.02452858477,0.01782271481,1.810729222e-05,17.25056053,1.209028181,0.001421900739,0.01474135598,0.0006016514708,0.0003149318194,163,0.9910537097,0.005248135821,92,1.894075416,6.011230601,0.527962082,0.625170506,0.7707805972,0.9126394823,1,8,10,14,0.01782271481,0.007647587286,0.006900732997,0.006323480817,0.005732267568,0.004651439722,0.004040333047,0.003811893592,0.003526579234,0.0032639472,0.002962469462,0.002553537154,0.002125389826,0.002017577759,0.001702079432,0.001639731055
1,30000,endpoint,3,attention,o_proj,self_attn,16,3584,3584,16,114688,3584,3584,12845056,16,32,2,0.06749844846,0.04254476614,1.883327245e-05,53.06764659,3.75741149,0.0012719322,0.01132289244,0.004556040545,0.002384839409,99,0.8993545441,0.005677401701,71,2.517070031,7.832282535,0.3972873173,0.5740479057,0.7129423621,0.8856662698,1,9,12,15,0.04254476614,0.02837830875,0.01834560535,0.01721184299,0.0159224572,0.01499556236,0.01376501274,0.01091192085,0.01036043445,0.009785346345,0.008175977098,0.008027732084,0.007515803886,0.00720691264,0.006883972876,0.005541700203
1,30000,endpoint,3,mlp,gate_proj,mlp,16,3584,18944,16,360448,18944,3584,67895296,16,32,2,0.1754193652,0.1419268677,2.128911913e-05,153.4598448,22.24793407,0.001143096198,0.006379327953,0.0307719537,0.01610744399,13,0.2262417008,0.007254599299,22,1.527656929,4.137925526,0.6545972339,0.7373759132,0.8427214326,0.9494988675,1,6,9,13,0.1419268677,0.05047040407,0.04238977346,0.03801045319,0.03313302221,0.0303844334,0.02624030316,0.02400387096,0.02300142667,0.01722400792,0.01482966742,0.01228894511,0.01133758072,0.009376249248,0.008621083576,0.008159127271
1,30000,endpoint,3,mlp,up_proj,mlp,16,3584,18944,16,360448,18944,3584,67895296,16,32,2,0.1662452446,0.1336800176,2.017573608e-05,132.2382021,7.259781881,0.00125716504,0.01841377878,0.02763748134,0.01446671819,21,0.34743119,0.00651563611,35,1.546555374,4.38420978,0.6465982511,0.734862749,0.8289065973,0.9309149053,1,7,10,15,0.1336800176,0.04939036763,0.0395998062,0.03210904004,0.03104097653,0.02749985637,0.02455339865,0.0222845013,0.01866475637,0.01763566745,0.01699179048,0.01589075875,0.01468671078,0.01430802356,0.0123778799,0.01162239386
1,30000,endpoint,3,mlp,down_proj,mlp,16,18944,3584,16,360448,3584,18944,67895296,16,32,2,0.08197769748,0.04409518186,9.948918497e-06,131.1027303,17.02716446,0.0006252935946,0.002589696127,0.006720342885,0.003517733961,60,0.7864594317,0.001584345123,170,3.456281892,8.730694773,0.2893282525,0.5228596806,0.7127076342,0.8688648522,1,10,12,15,0.04409518186,0.03961579573,0.0296955363,0.01984989843,0.01799401127,0.0163029799,0.01609494081,0.01417079158,0.01309989695,0.01181362107,0.01164511658,0.01126336976,0.01004293821,0.009257316223,0.007951146751,0.007606098206
1,30000,endpoint,4,attention,q_proj,self_attn,16,3584,3584,16,114688,3584,3584,12845056,16,32,2,0.056944174,0.02340395855,1.588844141e-05,64.63333065,6.627741599,0.0008810341882,0.00353121168,0.003242638953,0.001697345115,135,0.9751969129,0.004040737505,157,5.919976123,12.44864508,0.1689196002,0.3108643107,0.5363726313,0.7849208712,1,12,14,16,0.02340395855,0.02145403103,0.01973191858,0.01849036111,0.01619134302,0.01481945253,0.01332379293,0.0121100365,0.01145342602,0.01082972525,0.01013615926,0.00941433008,0.008883917517,0.008138318505,0.008085167192,0.006860215885
1,30000,endpoint,4,attention,k_proj,self_attn,16,3584,512,16,65536,512,3584,1835008,16,32,2,0.02133573122,0.009488243102,1.575028986e-05,29.07658056,3.357360974,0.0007337771778,0.002826101565,0.0004552134267,0.0002382794685,191,0.9989180316,0.00397077379,160,5.056423679,11.6540027,0.1977682377,0.3497399059,0.5597949902,0.8228330742,1,11,13,16,0.009488243102,0.00831742411,0.007352886608,0.006446313151,0.006235699869,0.005556050166,0.00527382639,0.004708670354,0.003842722694,0.003662220236,0.00347113459,0.003359236404,0.003041293448,0.002695521025,0.002579338419,0.002443124626
1,30000,endpoint,4,attention,v_proj,self_attn,16,3584,512,16,65536,512,3584,1835008,16,32,2,0.02232010757,0.01598508765,1.647696816e-05,20.84608852,1.508170611,0.001070709623,0.01059899161,0.0004981872021,0.0002607739024,186,0.9976864398,0.004345629036,148,1.949676347,5.803992687,0.5129056427,0.6875552382,0.7968361249,0.9108436897,1,8,11,15,0.01598508765,0.009327818253,0.005754646856,0.004618049237,0.004259846331,0.003972641587,0.003417020028,0.003345580953,0.003094332672,0.002853085195,0.002672205952,0.002380048718,0.002050392651,0.001995023696,0.001714154073,0.001665434673
1,30000,endpoint,4,attention,o_proj,self_attn,16,3584,3584,16,114688,3584,3584,12845056,16,32,2,0.06248587035,0.04694027731,1.743467365e-05,53.27619141,3.73743622,0.001172866691,0.01255948585,0.003904483993,0.002043784994,124,0.9546190469,0.004865479981,117,1.772035201,5.516293292,0.5643228754,0.6606323329,0.7979037524,0.9076472428,1,8,11,15,0.04694027731,0.01939171821,0.01845183421,0.01398227001,0.01210420521,0.01093665349,0.009106444909,0.008913034798,0.008626556983,0.007837082673,0.007437459625,0.007023273892,0.005980269421,0.005662840951,0.005183332433,0.005041032148
1,30000,endpoint,4,mlp,gate_proj,mlp,16,3584,18944,16,360448,18944,3584,67895296,16,32,2,0.1741982453,0.151152737,2.114092245e-05,156.5707198,22.80007179,0.001112585071,0.006629485134,0.03034502868,0.01588397196,15,0.2580580828,0.007153950181,24,1.328175672,3.208060513,0.7529124504,0.793980304,0.8587003126,0.9420636848,1,6,9,14,0.151152737,0.03530163158,0.03268766713,0.02992401939,0.02913033904,0.02600425686,0.02257784603,0.02225099458,0.01925853071,0.01845649544,0.0170286957,0.01578833627,0.01385428535,0.01220622764,0.009931524906,0.008229791974
1,30000,endpoint,4,mlp,up_proj,mlp,16,3584,18944,16,360448,18944,3584,67895296,16,32,2,0.1643156162,0.149524745,1.99415539e-05,129.500633,5.478613708,0.001268840255,0.02729244167,0.02699962173,0.01413283338,25,0.4042493292,0.006365258402,40,1.207623452,2.38112361,0.8280726895,0.8658088033,0.9172820395,0.9635990465,1,4,7,13,0.149524745,0.03191959897,0.02756455228,0.02509887177,0.02018634427,0.01806894055,0.01672844946,0.01538588768,0.01441292832,0.01322960442,0.01154697026,0.01074559471,0.01033604421,0.009958240376,0.008964160174,0.008056065004
1,30000,endpoint,4,mlp,down_proj,mlp,16,18944,3584,16,360448,3584,18944,67895296,16,32,2,0.07762545065,0.05594806983,9.420724239e-06,128.6131043,8.405113638,0.0006035578649,0.006656432291,0.006025710588,0.003154131737,73,0.8295157502,0.001420583049,179,1.925032439,6.037317121,0.5194717655,0.642297093,0.7824255436,0.9127172597,1,8,11,15,0.05594806983,0.02720496051,0.02295299301,0.0178194725,0.01582471382,0.01503626672,0.01344544113,0.01130528203,0.01045056183,0.008976160725,0.008764630403,0.008096065982,0.007737915648,0.007325550688,0.006640442395,0.006012927024
1,30000,endpoint,5,attention,q_proj,self_attn,16,3584,3584,16,114688,3584,3584,12845056,16,32,2,0.05677952641,0.03425793753,1.584250179e-05,63.17059862,5.959921879,0.0008988283735,0.005748051438,0.003223914619,0.001687543945,136,0.9768844568,0.004017404622,158,2.747015472,9.001792215,0.3640314407,0.5166469135,0.6688082381,0.8452608377,1,11,13,16,0.03425793753,0.02218150702,0.01684059281,0.0143857413,0.01285207687,0.01219809663,0.01192571424,0.01061489586,0.009818297284,0.008777498421,0.008478988561,0.008380522117,0.007481537548,0.006928972522,0.006564393928,0.006018361687
1,30000,endpoint,5,attention,k_proj,self_attn,16,3584,512,16,65536,512,3584,1835008,16,32,2,0.01988285274,0.01159458019,1.467775773e-05,26.62700992,2.659283425,0.0007467174423,0.004360039281,0.0003953278332,0.0002069326176,196,1,0.003448398721,168,2.940677068,9.866560161,0.3400577408,0.4381265401,0.6133779976,0.8306362627,1,11,13,16,0.01159458019,0.006226501901,0.00600623473,0.005762544869,0.005453653368,0.005134960069,0.003954753096,0.003760055475,0.003487668779,0.003306016968,0.003078775889,0.002988642258,0.002825974892,0.002586035019,0.002504279796,0.002122415025
1,30000,endpoint,5,attention,v_proj,self_attn,16,3584,512,16,65536,512,3584,1835008,16,32,2,0.02187859212,0.01424781487,1.615103621e-05,19.82753294,1.545035145,0.001103445002,0.009221676875,0.0004786727932,0.0002505591708,188,0.9981890896,0.004175407116,152,2.3579914,6.415896077,0.4240897571,0.6524197621,0.8012736476,0.9177923392,1,8,10,15,0.01424781487,0.01045444218,0.006840519338,0.0049456648,0.004130290249,0.004090023017,0.003417255356,0.003210779908,0.003012795319,0.002635593035,0.002437134581,0.002145405791,0.001959052107,0.001879417319,0.001684075456,0.001605829561
1,30000,endpoint,5,attention,o_proj,self_attn,16,3584,3584,16,114688,3584,3584,12845056,16,32,2,0.0630355028,0.04595622842,1.758803091e-05,53.3628664,4.012816913,0.00118126156,0.01145236112,0.003973474613,0.002079897831,122,0.9505113056,0.004951451003,113,1.881402358,5.975919576,0.5315184155,0.646069273,0.778037705,0.9097545952,1,8,11,15,0.04595622842,0.02133459454,0.01648048833,0.01589863889,0.01342666621,0.01163894288,0.01044627329,0.009925156767,0.008640742023,0.007715176079,0.00727379571,0.00667382138,0.006473028451,0.005780918678,0.005273862583,0.004880647472
1,30000,endpoint,5,mlp,gate_proj,mlp,16,3584,18944,16,360448,18944,3584,67895296,16,32,2,0.1867255573,0.1710056581,2.26612531e-05,149.2553909,21.12279898,0.001251047324,0.008095785897,0.03486643375,0.01825068158,3,0.05923988721,0.008219887768,9,1.192302812,2.246448332,0.8387131102,0.8773919732,0.9282460633,0.9717474841,1,3,6,12,0.1710056581,0.03672320813,0.03304588809,0.02609731873,0.02468492046,0.01879710134,0.01751436645,0.0157260947,0.01493437939,0.01283204757,0.01272034926,0.01143457941,0.01001426084,0.009574414707,0.008242532739,0.00670196004
1,30000,endpoint,5,mlp,up_proj,mlp,16,3584,18944,16,360448,18944,3584,67895296,16,32,2,0.1623870914,0.1352551091,1.970750566e-05,133.8345989,6.229262294,0.001213341638,0.02171286145,0.02636956746,0.01380303425,28,0.4459160942,0.006216720831,47,1.441436941,3.893414303,0.6937521661,0.7549010384,0.8356742283,0.9322179926,1,7,10,14,0.1352551091,0.04015556391,0.03444583348,0.0307154462,0.0272698887,0.02648795215,0.02422974455,0.02266006061,0.01858084689,0.01799332828,0.01692381738,0.01525944919,0.01466111778,0.01317414274,0.01196898711,0.008206402065
1,30000,endpoint,5,mlp,down_proj,mlp,16,18944,3584,16,360448,3584,18944,67895296,16,32,2,0.07834566867,0.06341391688,9.508130822e-06,131.9044806,8.422495259,0.0005939575994,0.007529112802,0.006138043799,0.003212932063,70,0.8199875747,0.001447066009,177,1.526373527,4.076623525,0.6551476309,0.7679950896,0.8644666541,0.9371046855,1,6,10,14,0.06341391688,0.02631848483,0.01882840067,0.0154155122,0.0120890099,0.01056330129,0.009917222408,0.009475052691,0.008529274685,0.008063067053,0.007651635391,0.007088462199,0.0067133728,0.005979942408,0.005609406827,0.005215771004
1,30000,endpoint,6,attention,q_proj,self_attn,16,3584,3584,16,114688,3584,3584,12845056,16,32,2,0.05923741902,0.03631660625,1.652829772e-05,64.21732134,5.504467816,0.0009224523506,0.006597659841,0.003509071812,0.001836808225,131,0.9682232981,0.004372746484,146,2.660613199,8.726877388,0.3758532057,0.4927962613,0.6725188759,0.8691572626,1,10,12,15,0.03631660625,0.02025738334,0.01894779068,0.01648152872,0.01430127887,0.01416291479,0.01241186011,0.0114389342,0.009831060453,0.00916429778,0.008424307605,0.007640028911,0.006861398217,0.006466802366,0.006071870535,0.004837099105
1,30000,endpoint,6,attention,k_proj,self_attn,16,3584,512,16,65536,512,3584,1835008,16,32,2,0.02194535309,0.01010005517,1.620031995e-05,28.53071619,2.983757002,0.0007691833932,0.00338501264,0.0004815985221,0.0002520906308,187,0.9979385305,0.004200927909,151,4.721039714,11.11985025,0.2118177479,0.3873418469,0.6065374629,0.8233043894,1,11,13,16,0.01010005517,0.009194136538,0.007566410272,0.006950807168,0.005642983599,0.005152490181,0.005016886621,0.004564434368,0.004381338287,0.003618391003,0.003490268641,0.003239821404,0.003147831103,0.002898188113,0.002547543956,0.00230883806
1,30000,endpoint,6,attention,v_proj,self_attn,16,3584,512,16,65536,512,3584,1835008,16,32,2,0.02526871877,0.01655139832,1.865366792e-05,20.6708601,1.449466801,0.001222431899,0.01141895648,0.0006385081483,0.0003342242853,156,0.9888071846,0.005569632333,77,2.330757354,6.112305793,0.4290450905,0.6425661657,0.8330076685,0.9317737839,1,7,10,14,0.01655139832,0.01167625567,0.009002356069,0.006368362156,0.004564351188,0.004246534485,0.003643242961,0.003305055711,0.00321801329,0.002719740709,0.002653108962,0.002331370935,0.00215695016,0.001791411361,0.001677669266,0.001630936981
1,30000,endpoint,6,attention,o_proj,self_attn,16,3584,3584,16,114688,3584,3584,12845056,16,32,2,0.06905089461,0.05523820102,1.926643265e-05,54.91432347,5.067507917,0.001257429579,0.01090046664,0.004768026047,0.002495802288,93,0.8846745168,0.005941562398,58,1.562642266,4.507734503,0.6399417332,0.7208707501,0.8241282923,0.927911489,1,7,10,15,0.05523820102,0.01964361629,0.01692652846,0.01434668203,0.01305669513,0.01142417796,0.01008188361,0.009602472509,0.007782985988,0.00759398668,0.007345393885,0.006727437213,0.006260205789,0.005801718514,0.005622136617,0.004669543472
1,30000,endpoint,6,mlp,gate_proj,mlp,16,3584,18944,16,360448,18944,3584,67895296,16,32,2,0.1765543315,0.1438692801,2.142686009e-05,151.057074,14.30846831,0.001168792211,0.01005483445,0.03117143199,0.01631654914,10,0.1776980299,0.007348777748,19,1.505984884,4.311553249,0.6640172889,0.737312115,0.8251657975,0.913871362,1,8,11,15,0.1438692801,0.04779858457,0.03954264643,0.03427687564,0.02819782021,0.02670250873,0.02566870811,0.02445518057,0.02182436522,0.02081013775,0.01967665613,0.01921623335,0.01805753051,0.01638852703,0.01544795028,0.0136255795
1,30000,endpoint,6,mlp,up_proj,mlp,16,3584,18944,16,360448,18944,3584,67895296,16,32,2,0.1607059092,0.1298562727,1.950347523e-05,129.5618208,4.117584764,0.001240380139,0.03153700049,0.02582638925,0.01351871,30,0.4731938696,0.006088664606,52,1.531573439,4.203911022,0.6529233104,0.7490991956,0.8454453778,0.9371289363,1,6,9,14,0.1298562727,0.04983849765,0.03787356577,0.03246331807,0.02900586569,0.02457840001,0.02215590711,0.02077337377,0.01932420539,0.01737026213,0.01584520867,0.01375757151,0.01335011624,0.01129212689,0.01036415855,0.009751241822
1,30000,endpoint,6,mlp,down_proj,mlp,16,18944,3584,16,360448,3584,18944,67895296,16,32,2,0.07988401811,0.06176578133,9.694826883e-06,127.4972632,7.351193052,0.0006265547678,0.008402143827,0.00638145635,0.003340345293,67,0.8102569645,0.001504451398,175,1.672722597,4.416692109,0.5978277581,0.7666278529,0.8662728092,0.938982756,1,6,9,14,0.06176578133,0.03282057948,0.0205103498,0.01466988377,0.0119596297,0.01158812367,0.009881108359,0.009436190797,0.009140381681,0.007556531096,0.007445808072,0.00724460317,0.006622875351,0.006077327675,0.005870727474,0.005054203809
1,30000,endpoint,7,attention,q_proj,self_attn,16,3584,3584,16,114688,3584,3584,12845056,16,32,2,0.06460665147,0.02946766934,1.802640945e-05,60.8421112,4.562471816,0.001061873926,0.006458707151,0.004174019414,0.002184872126,113,0.931490572,0.005201355143,97,4.806875664,11.40598855,0.2080353373,0.4050249856,0.5710139841,0.8008103061,1,11,13,16,0.02946766934,0.02867470342,0.0190783103,0.01813448037,0.01794990188,0.01541269341,0.01501433347,0.01319067867,0.01246951278,0.01212040769,0.01117294927,0.01052953902,0.009851647614,0.008758231396,0.008484929408,0.006896885206
1,30000,endpoint,7,attention,k_proj,self_attn,16,3584,512,16,65536,512,3584,1835008,16,32,2,0.02464281629,0.01134938629,1.819161928e-05,23.83876664,2.535220953,0.00103372866,0.004476685267,0.0006072683947,0.0003178719735,161,0.9904226819,0.005297131595,89,4.714503071,11.44446408,0.2121114325,0.3884345998,0.6002999223,0.8015363498,1,12,14,16,0.01134938629,0.01034772858,0.008160382122,0.007878278864,0.006039115255,0.0059061416,0.005075761541,0.005008766853,0.004491568147,0.004445610368,0.004119802558,0.003909566751,0.003712401396,0.003605846236,0.003407421367,0.003151350418
1,30000,endpoint,7,attention,v_proj,self_attn,16,3584,512,16,65536,512,3584,1835008,16,32,2,0.024386909,0.0178784512,1.800270549e-05,24.66981772,1.714525873,0.0009885321928,0.0104276357,0.0005947213307,0.000311304268,165,0.9916781978,0.005187685015,98,1.860603051,5.608417217,0.5374601527,0.6735966081,0.7972620502,0.9252064271,1,7,10,15,0.0178784512,0.008997958319,0.006514263788,0.005577709531,0.005449714452,0.004537684376,0.003697345738,0.003482946664,0.003095975012,0.002735369103,0.002529711582,0.002394950102,0.002282438751,0.001983019337,0.00177818449,0.001724809757
1,30000,endpoint,7,attention,o_proj,self_attn,16,3584,3584,16,114688,3584,3584,12845056,16,32,2,0.06900379465,0.05286992701,1.925329092e-05,60.25448918,3.586358544,0.001145205869,0.01474195242,0.004761523676,0.002492398651,94,0.8871669154,0.005933459624,59,1.703446611,5.27175358,0.5870451083,0.6818364202,0.7835916784,0.9148997161,1,8,11,15,0.05286992701,0.02124502473,0.01607562802,0.01503609839,0.01469399358,0.01303495503,0.01156662696,0.01027696314,0.009311321524,0.008830586097,0.00740582923,0.007294078997,0.006607669171,0.005998041565,0.005361652324,0.004908365526
1,30000,endpoint,7,mlp,gate_proj,mlp,16,3584,18944,16,360448,18944,3584,67895296,16,32,2,0.1757011538,0.1372741991,2.132331735e-05,141.5222611,13.06259812,0.00124150895,0.01050895066,0.03087089544,0.0161592346,12,0.2101342568,0.00727792517,21,1.638216853,5.170110537,0.6104197978,0.68090585,0.777022802,0.8959001869,1,9,12,15,0.1372741991,0.0466472673,0.03962141904,0.03738127245,0.03224322346,0.03038209431,0.03016603643,0.02823410087,0.02527268014,0.0226303915,0.02236560651,0.02078957403,0.01906786104,0.01729908246,0.01696753793,0.01340320106
1,30000,endpoint,7,mlp,up_proj,mlp,16,3584,18944,16,360448,18944,3584,67895296,16,32,2,0.1603509172,0.1037695196,1.946039295e-05,133.0640846,5.156125637,0.001205065346,0.02012548314,0.02571241665,0.01345905154,31,0.4866529212,0.006061795153,54,2.387829344,7.885527094,0.4187903975,0.5583060082,0.7073566201,0.8717930848,1,9,12,15,0.1037695196,0.05989393551,0.04511717801,0.04238975921,0.03601597062,0.03446000924,0.03039145228,0.02863173314,0.02735808433,0.0247132517,0.02119009732,0.0207679537,0.01926438461,0.01752709675,0.01542295117,0.01186544781
1,30000,endpoint,7,mlp,down_proj,mlp,16,18944,3584,16,360448,3584,18944,67895296,16,32,2,0.07943825068,0.06564675598,9.640727976e-06,132.5406245,7.649104557,0.0005993502065,0.00858227986,0.006310435671,0.003303169831,68,0.8135601343,0.001487708016,176,1.464309245,3.450548192,0.6829158549,0.8055579645,0.9077020086,0.9633385451,1,4,7,13,0.06564675598,0.02781951011,0.02203096359,0.01261784701,0.01144635485,0.00931206021,0.008965405463,0.007278652678,0.00674742212,0.006157378428,0.005865995502,0.005530831215,0.004939955821,0.004843307803,0.004321404671,0.00404640694
1,30000,endpoint,8,attention,q_proj,self_attn,16,3584,3584,16,114688,3584,3584,12845056,16,32,2,0.06406774726,0.03019596752,1.787604555e-05,63.32849648,3.948352125,0.001011673272,0.00764773925,0.004104676239,0.002148574745,114,0.9336391468,0.005114944792,104,4.501746216,11.32508868,0.2221360228,0.3775488928,0.5867887566,0.8207195175,1,11,13,16,0.03019596752,0.02525706861,0.02173876994,0.01965420512,0.01712597357,0.0159341332,0.01520195989,0.01348758242,0.01178489288,0.01125046622,0.01071538115,0.009381100571,0.009191410555,0.008475906873,0.00789000382,0.007002286753
1,30000,endpoint,8,attention,k_proj,self_attn,16,3584,512,16,65536,512,3584,1835008,16,32,2,0.02421879968,0.0136406568,1.787860519e-05,27.2712967,2.521189182,0.000888069238,0.00541040589,0.0005865502579,0.0003070271558,168,0.9926033697,0.005116409697,102,3.152351709,9.653320876,0.3172234866,0.4800799151,0.6421814674,0.8425094041,1,10,13,15,0.0136406568,0.009773611416,0.007129844585,0.006651768449,0.006268037747,0.005654122705,0.005027992866,0.004578677753,0.004279724867,0.004088235149,0.003798443154,0.003456934465,0.00332718804,0.002797645475,0.002701733548,0.002184377974
1,30000,endpoint,8,attention,v_proj,self_attn,16,3584,512,16,65536,512,3584,1835008,16,32,2,0.0247086969,0.01681253451,1.824025313e-05,20.60217601,1.399432145,0.001199324619,0.01201382616,0.0006105197024,0.0003195738562,160,0.9901048099,0.005325492374,88,2.159898318,6.56084153,0.4629847579,0.6092184466,0.7784488754,0.9165597656,1,8,10,15,0.01681253451,0.00944873262,0.008002788731,0.006266887866,0.005610005102,0.004712851501,0.004137534827,0.003676560705,0.003396589409,0.003126720058,0.002812074032,0.002349344256,0.002258884171,0.002132543648,0.001974373777,0.001628827315
1,30000,endpoint,8,attention,o_proj,self_attn,16,3584,3584,16,114688,3584,3584,12845056,16,32,2,0.07120529841,0.06343193977,1.986754978e-05,55.18688445,3.476601492,0.001290257624,0.01824538703,0.005070194522,0.00265397105,85,0.864099737,0.006318102467,44,1.260110518,2.681820292,0.7935811862,0.8517868882,0.9024784883,0.9595919148,1,4,8,13,0.06343193977,0.01717888911,0.01202779092,0.01059945843,0.009549498162,0.009240807468,0.007841437542,0.007176531318,0.006711597436,0.005825291096,0.005297705761,0.005149909237,0.004840843013,0.004676566189,0.004120093921,0.003005135232
1,30000,endpoint,8,mlp,gate_proj,mlp,16,3584,18944,16,360448,18944,3584,67895296,16,32,2,0.1678389965,0.1271170498,2.036915585e-05,138.9871415,12.20566886,0.001207586505,0.01041459106,0.02816992873,0.01474542545,20,0.3329644718,0.006641162508,33,1.743324118,5.727275808,0.5736167988,0.652501079,0.7597676285,0.8846519821,1,9,12,15,0.1271170498,0.04713984038,0.04121420372,0.03637417304,0.03408492873,0.03134877622,0.02697720902,0.02541034037,0.024352647,0.02300256806,0.02179602113,0.02153824136,0.01953967566,0.01809235437,0.01574798045,0.01520139513
1,30000,endpoint,8,mlp,up_proj,mlp,16,3584,18944,16,360448,18944,3584,67895296,16,32,2,0.1648923842,0.1381694309,2.00115512e-05,135.5406686,4.771795697,0.001216552832,0.02895543726,0.02718949836,0.01423222347,23,0.3759442511,0.006410022504,37,1.424220581,3.732504681,0.702138428,0.7650513223,0.8583621023,0.9335229744,1,6,10,14,0.1381694309,0.04135903815,0.03901278061,0.03186026125,0.02703655643,0.02261536005,0.0208998504,0.01908802684,0.01885346525,0.01773881401,0.01621753133,0.01505753256,0.01447450878,0.01312467739,0.0124804961,0.01049234724
1,30000,endpoint,8,mlp,down_proj,mlp,16,18944,3584,16,360448,3584,18944,67895296,16,32,2,0.07815122234,0.06519855689,9.484532566e-06,133.9759215,8.078966114,0.0005833228944,0.008070160956,0.006107613553,0.003197003484,71,0.8231845782,0.001439891969,178,1.436797567,3.404871426,0.69599227,0.8070805001,0.9043037912,0.9635051947,1,4,7,13,0.06519855689,0.02604772504,0.01976776768,0.01424912808,0.01204704717,0.009903936405,0.008413670582,0.006897110988,0.006498753971,0.006091370777,0.005812082361,0.005212329673,0.004787431259,0.004733694573,0.004421867169,0.004210535938
1,30000,endpoint,9,attention,q_proj,self_attn,16,3584,3584,16,114688,3584,3584,12845056,16,32,2,0.0637101472,0.03756340235,1.777626875e-05,58.61718433,4.689024221,0.00108688515,0.008010920946,0.004058982856,0.002124656745,116,0.93789745,0.005058005069,106,2.876652305,9.038599781,0.347626301,0.5004441365,0.6890947082,0.8490460601,1,10,13,16,0.03756340235,0.02490552096,0.02139534985,0.01754902964,0.01450823422,0.01273101715,0.01194886399,0.01157137791,0.01033247614,0.01001198169,0.009505953267,0.009379119802,0.008305437105,0.007924370959,0.007357269884,0.006440746618
1,30000,endpoint,9,attention,k_proj,self_attn,16,3584,512,16,65536,512,3584,1835008,16,32,2,0.02423803864,0.01353736857,1.789280762e-05,23.26095856,2.669683376,0.001042005151,0.005070776816,0.0005874825171,0.0003075151428,167,0.9922963425,0.005124541685,101,3.205726303,9.270229743,0.3119417896,0.5072536231,0.6748252769,0.8510659414,1,10,13,15,0.01353736857,0.01071178265,0.007632764705,0.006339268088,0.005733144268,0.005141622103,0.004904920012,0.004491641996,0.004101307242,0.003855060137,0.003701532914,0.003523999015,0.002993369189,0.002778331358,0.002679437422,0.002415628646
1,30000,endpoint,9,attention,v_proj,self_attn,16,3584,512,16,65536,512,3584,1835008,16,32,2,0.02526159564,0.01921747672,1.864840954e-05,24.75481428,1.539229075,0.001020472033,0.01248513105,0.0006381482143,0.0003340358794,157,0.9891412205,0.005566492671,78,1.727940689,5.098028268,0.5787235677,0.6972923364,0.8182357793,0.9317665601,1,7,10,14,0.01921747672,0.008698531371,0.006835606799,0.005518543454,0.004652915128,0.004592662981,0.004047143401,0.003650742781,0.003051279844,0.002649316802,0.002542655794,0.002328233017,0.002133932848,0.002096949111,0.001963926483,0.001587520064
1,30000,endpoint,9,attention,o_proj,self_attn,16,3584,3584,16,114688,3584,3584,12845056,16,32,2,0.06781185744,0.05515388902,1.892071915e-05,60.40790401,6.386428939,0.001122565971,0.008636107838,0.004598448009,0.00240703741,98,0.8969697047,0.005730246755,68,1.511676977,4.212922355,0.6615169874,0.7556406238,0.8370902223,0.9209926201,1,7,11,15,0.05515388902,0.02080439011,0.01537457105,0.01175433152,0.01065825125,0.01002454823,0.00936381545,0.009167872579,0.008233907442,0.00781831797,0.007524564009,0.006666191179,0.006276298597,0.006033277848,0.005903118498,0.004763576289
1,30000,endpoint,9,mlp,gate_proj,mlp,16,3584,18944,16,360448,18944,3584,67895296,16,32,2,0.1790318487,0.1515109614,2.172753476e-05,152.3015162,28.9302197,0.0011755093,0.005237117553,0.03205240287,0.01677768948,8,0.1450618086,0.007556469817,17,1.396279896,3.618975173,0.7161887836,0.7872544629,0.8516845927,0.9254296591,1,7,10,15,0.1515109614,0.04772657315,0.0329765766,0.0312679688,0.0274890795,0.02568927942,0.02206667252,0.02147510123,0.02088283861,0.02000855283,0.01864087199,0.01767464383,0.01652358439,0.01603891086,0.01505869018,0.01169652414
1,30000,endpoint,9,mlp,up_proj,mlp,16,3584,18944,16,360448,18944,3584,67895296,16,32,2,0.1645445649,0.1305501357,1.996933941e-05,124.8133311,5.025509669,0.001318325241,0.0259774917,0.02707491383,0.01417224471,24,0.3901164959,0.006383008788,38,1.588592207,4.326000405,0.629488169,0.7585997079,0.8559027272,0.9365913876,1,6,10,14,0.1305501357,0.05912430795,0.03743253106,0.03511803641,0.02656861903,0.0244836965,0.02210815389,0.01976170911,0.01813071178,0.01726910791,0.01660595571,0.01559160851,0.01436109297,0.01237536024,0.01076573561,0.009782142091
1,30000,endpoint,9,mlp,down_proj,mlp,16,18944,3584,16,360448,3584,18944,67895296,16,32,2,0.08355370002,0.0750855939,1.014018419e-05,123.152261,7.968574277,0.000678458514,0.009422713687,0.006981220788,0.003654289353,59,0.7829416978,0.001645848032,169,1.238277931,2.36710093,0.8075731428,0.8878437603,0.9440771658,0.9759527965,1,3,5,12,0.0750855939,0.02367249255,0.01672962602,0.01061590469,0.008581637046,0.007858787472,0.006863476719,0.006326015193,0.00608904791,0.005308387068,0.005183834094,0.004284986789,0.004081552178,0.004007728888,0.003545046726,0.003478763608
1,30000,endpoint,10,attention,q_proj,self_attn,16,3584,3584,16,114688,3584,3584,12845056,16,32,2,0.06512874192,0.04060112015,1.817208201e-05,63.46072333,4.326296121,0.001026284267,0.009384729803,0.004241753024,0.002220326987,110,0.9249218284,0.005285759772,90,2.573175141,8.390341398,0.3886249265,0.5165970254,0.6957237044,0.873548235,1,10,12,15,0.04060112015,0.02329862737,0.0196628205,0.01931798701,0.01696600517,0.01328675168,0.01266933148,0.01137509026,0.009658218231,0.009444091207,0.008992534445,0.008283429498,0.007861961431,0.007495382105,0.007225444545,0.005850299073
1,30000,endpoint,10,attention,k_proj,self_attn,16,3584,512,16,65536,512,3584,1835008,16,32,2,0.02436046992,0.01239202782,1.798318785e-05,27.07495454,2.645627635,0.0008997418586,0.004683965219,0.0005934324949,0.0003106296325,166,0.9919888274,0.00517644265,99,3.864439956,9.869748712,0.2587697082,0.4720154472,0.6464648437,0.849850349,1,10,12,15,0.01239202782,0.01124930891,0.007664716275,0.00669149199,0.006332399721,0.005644772314,0.00512771198,0.004737024062,0.004238844599,0.004076720609,0.003695098989,0.003477215649,0.003006397226,0.002839093692,0.002417808696,0.002413869541
1,30000,endpoint,10,attention,v_proj,self_attn,16,3584,512,16,65536,512,3584,1835008,16,32,2,0.02557610847,0.02031799381,1.888058664e-05,22.327841,1.380550377,0.00114548059,0.0147173143,0.0006541373244,0.0003424053088,153,0.9878038414,0.005705963819,69,1.584554871,4.194553728,0.6310920613,0.7601161727,0.8666041208,0.9468207463,1,6,9,14,0.02031799381,0.009186919344,0.006784456893,0.004860955268,0.004252515841,0.003995380614,0.003082613717,0.002987176621,0.002691121804,0.002502623433,0.002377515761,0.001970277609,0.001956742469,0.001785348162,0.001614445747,0.001457379454
1,30000,endpoint,10,attention,o_proj,self_attn,16,3584,3584,16,114688,3584,3584,12845056,16,32,2,0.06928611915,0.05837533565,1.93320645e-05,57.02436267,4.16756226,0.001215026629,0.01400706984,0.004800566307,0.002512835345,91,0.8796806413,0.005982111671,56,1.408749229,3.374008352,0.7098495457,0.820507995,0.8899169269,0.9535984674,1,5,8,14,0.05837533565,0.02304828027,0.01418850067,0.01148427745,0.01019735156,0.009188536097,0.008036313384,0.007260161867,0.006532211979,0.006214917731,0.006088438955,0.005431936921,0.004756202148,0.004494877089,0.004294953368,0.003689391173
1,30000,endpoint,10,mlp,gate_proj,mlp,16,3584,18944,16,360448,18944,3584,67895296,16,32,2,0.1804343334,0.1501800611,2.189774209e-05,141.6545233,14.29629139,0.001273763302,0.01050482653,0.03255654866,0.01704158238,7,0.1282841191,0.007675324009,14,1.443490086,3.935989787,0.6927654089,0.7541361907,0.834962923,0.9255613255,1,7,10,15,0.1501800611,0.04469922643,0.03919773615,0.03309043553,0.03049824013,0.02777587491,0.02684566175,0.02296170434,0.02110998475,0.01990776033,0.01880404018,0.01777852448,0.0171424768,0.01516805271,0.01445773564,0.01337488834
1,30000,endpoint,10,mlp,up_proj,mlp,16,3584,18944,16,360448,18944,3584,67895296,16,32,2,0.1625298168,0.1304495647,1.972482699e-05,133.0485243,5.207359972,0.00122158301,0.02505099809,0.02641594133,0.01382730845,27,0.43211306,0.00622765364,46,1.552318462,4.387090899,0.6441977109,0.7286541522,0.8326732458,0.9313319214,1,7,10,14,0.1304495647,0.04723342458,0.03869783597,0.03535872969,0.03316343014,0.02580781945,0.02077752722,0.02021384441,0.01838310873,0.01768324217,0.01655458846,0.01610299942,0.01451680587,0.01260413782,0.01182555914,0.01097676702
1,30000,endpoint,10,mlp,down_proj,mlp,16,18944,3584,16,360448,3584,18944,67895296,16,32,2,0.07705331584,0.06657119726,9.351289225e-06,132.2723567,9.042357462,0.0005825352911,0.007362150583,0.005937213481,0.003107808315,74,0.8326235585,0.001399719536,180,1.339707318,2.847566383,0.7464316919,0.8540403016,0.9296170318,0.9752307883,1,4,6,12,0.06657119726,0.02527637808,0.01648484872,0.01330281713,0.01059954288,0.008020478584,0.007436854298,0.006231646836,0.005449459105,0.00485713048,0.004573202745,0.004444022545,0.003978853248,0.003736587012,0.003496245855,0.003330340278
1,30000,endpoint,11,attention,q_proj,self_attn,16,3584,3584,16,114688,3584,3584,12845056,16,32,2,0.06877547084,0.05208934346,1.91895845e-05,64.22327868,4.078706677,0.001070880719,0.01277104425,0.004730065389,0.002475931949,96,0.8921241849,0.005894258627,60,1.74328895,5.104334829,0.5736283705,0.7077880403,0.8232073941,0.9240945472,1,7,10,14,0.05208934346,0.02519095097,0.01793620518,0.01497443269,0.01225708743,0.01205448547,0.01004635438,0.00898480845,0.008741245361,0.007976390346,0.007499971824,0.007038685528,0.006220611077,0.005996178577,0.00451852353,0.004259776496
1,30000,endpoint,11,attention,k_proj,self_attn,16,3584,512,16,65536,512,3584,1835008,16,32,2,0.02569543643,0.01495490571,1.896867596e-05,28.02436584,2.629942691,0.0009168962675,0.005686399843,0.0006602554535,0.0003456078167,152,0.9874614361,0.005759331548,67,2.952192272,8.394149721,0.3387313251,0.5096148976,0.7279349932,0.8891332051,1,9,11,15,0.01495490571,0.01062199655,0.008980403525,0.007968650214,0.005979386768,0.005614923798,0.004623523174,0.004215992953,0.004062468785,0.003639978386,0.003314158171,0.002771199647,0.002714127937,0.002626156796,0.00234565513,0.002240274722
1,30000,endpoint,11,attention,v_proj,self_attn,16,3584,512,16,65536,512,3584,1835008,16,32,2,0.02527192176,0.01720653985,1.86560324e-05,19.79359423,1.450042376,0.001276772751,0.01186623242,0.0006386700296,0.0003343090213,155,0.9884729603,0.005571044405,76,2.157195211,6.249445898,0.4635649083,0.6147216556,0.8096561875,0.925038518,1,7,10,15,0.01720653985,0.009825440665,0.009294189412,0.006173887467,0.004980428531,0.004199862807,0.00409258254,0.003807688095,0.00326499672,0.002778279522,0.002587928688,0.00248056357,0.002206328415,0.002162286116,0.002024902968,0.00173275571
1,30000,endpoint,11,attention,o_proj,self_attn,16,3584,3584,16,114688,3584,3584,12845056,16,32,2,0.06728737145,0.05438712567,1.877437819e-05,55.28331617,4.352447393,0.001217137034,0.01249575716,0.004527590357,0.002369947283,101,0.9041093226,0.005641949175,73,1.530646532,4.206952382,0.6533186985,0.7408440566,0.8425449627,0.9429853981,1,7,9,14,0.05438712567,0.01990675683,0.01617792069,0.01409733746,0.01162693869,0.01109477615,0.009954186111,0.0098685138,0.008234543238,0.006587717297,0.006444797932,0.005565222562,0.00508510822,0.004423053199,0.004080123291,0.00351522208
1,30000,endpoint,11,mlp,gate_proj,mlp,16,3584,18944,16,360448,18944,3584,67895296,16,32,2,0.171126923,0.1404113182,2.076818283e-05,138.8546204,12.73443785,0.001232417924,0.01102611045,0.02928442377,0.01532880298,16,0.2733868858,0.006903908741,28,1.48536248,4.164525494,0.6732363404,0.7495205389,0.823783623,0.9212340402,1,7,10,15,0.1404113182,0.04726456173,0.03485269901,0.03098452835,0.03057082843,0.02570713869,0.02547899188,0.02468132404,0.02239230207,0.01892281444,0.01770337158,0.01698113132,0.01616599485,0.01543107094,0.01360055906,0.01268569729
1,30000,endpoint,11,mlp,up_proj,mlp,16,3584,18944,16,360448,18944,3584,67895296,16,32,2,0.1570423606,0.1196161645,1.905886228e-05,135.3622263,5.395259534,0.001160163842,0.02217060435,0.02466230304,0.01290937418,35,0.5391073698,0.005814227073,63,1.723669054,5.2951592,0.5801577731,0.6921402861,0.7978715835,0.9053949363,1,8,11,15,0.1196161645,0.05255232316,0.04160152136,0.02961234063,0.02823447138,0.02619108895,0.02598997269,0.02220667279,0.02164658433,0.02091038654,0.01845903134,0.01656537713,0.01607532585,0.01504116223,0.01345651614,0.01210296758
1,30000,endpoint,11,mlp,down_proj,mlp,16,18944,3584,16,360448,3584,18944,67895296,16,32,2,0.07442220076,0.06543533111,9.031973725e-06,133.9901933,9.874548009,0.0005554302067,0.006626665955,0.005538663966,0.002899189322,81,0.8533811477,0.001305760047,186,1.293541625,2.550217549,0.7730713732,0.8934313199,0.9377920672,0.9759887723,1,3,5,12,0.06543533111,0.02581924281,0.01156347008,0.01058231698,0.008271016852,0.007647713591,0.007327437603,0.005565081219,0.005241302992,0.005022158118,0.004656199682,0.004139128693,0.00359446304,0.003404621294,0.003117904848,0.002692818121
1,30000,endpoint,12,attention,q_proj,self_attn,16,3584,3584,16,114688,3584,3584,12845056,16,32,2,0.07836488383,0.06997912912,2.186520196e-05,62.2614544,3.987363562,0.001258642038,0.01755022536,0.006141055018,0.003214508272,69,0.8167746426,0.007652529836,15,1.254024211,2.643540625,0.7974327697,0.8483244741,0.9087668007,0.9595117066,1,4,8,13,0.06997912912,0.01767848287,0.01551663019,0.01141988794,0.01001624718,0.008585503683,0.008478627228,0.008105803997,0.007487550059,0.006687457741,0.005888657357,0.005696569022,0.005142225609,0.004776384481,0.004379881054,0.003505490755
1,30000,endpoint,12,attention,k_proj,self_attn,16,3584,512,16,65536,512,3584,1835008,16,32,2,0.02575176637,0.01211473232,1.901025938e-05,26.82323033,2.550901778,0.000960054626,0.004749195923,0.000663153471,0.0003471247712,151,0.9871158283,0.005784610617,66,4.518417964,10.52766827,0.2213164006,0.4142512214,0.6231076165,0.8437821474,1,10,12,15,0.01211473232,0.01131129507,0.008363586626,0.008279750123,0.007289978034,0.005852231576,0.005780897713,0.005052712998,0.004871611429,0.004241002946,0.004126597697,0.003611002829,0.003206360382,0.002855764315,0.002679121365,0.002489122192
1,30000,endpoint,12,attention,v_proj,self_attn,16,3584,512,16,65536,512,3584,1835008,16,32,2,0.02529084448,0.01694231517,1.867000138e-05,20.58290962,1.394157307,0.001228730289,0.01215236981,0.0006396268144,0.0003348098461,154,0.9881386513,0.005579390327,75,2.228338425,6.540056469,0.4487648684,0.6248672993,0.7836032348,0.9159659415,1,8,11,15,0.01694231517,0.01061319164,0.008352874229,0.005635712277,0.00554964394,0.00482754206,0.004177248039,0.003620721618,0.003244186103,0.003114711072,0.002931594903,0.002647655894,0.002353106788,0.00218508681,0.002030789783,0.00186657846
1,30000,endpoint,12,attention,o_proj,self_attn,16,3584,3584,16,114688,3584,3584,12845056,16,32,2,0.06714621832,0.05818240653,1.873499395e-05,55.60919012,4.645865741,0.001207466215,0.01252347996,0.004508614634,0.002360014524,102,0.9064693372,0.005618303029,74,1.331863617,3.051830719,0.7508276275,0.8191670121,0.8982340432,0.9602795761,1,5,8,13,0.05818240653,0.01755323188,0.01463768921,0.01192563742,0.01014633523,0.008188369891,0.007546053046,0.007266289358,0.006250688662,0.005998826462,0.004923347047,0.004608678883,0.004419360688,0.003738759827,0.003583888296,0.003492056772
1,30000,endpoint,12,mlp,gate_proj,mlp,16,3584,18944,16,360448,18944,3584,67895296,16,32,2,0.1601712169,0.1249054063,1.943858429e-05,136.4126472,12.85028443,0.001174166913,0.009720049933,0.02565481872,0.01342890216,32,0.5000818233,0.006048216233,55,1.644396249,5.003302528,0.608125931,0.7049340298,0.8027294083,0.9066668623,1,8,12,15,0.1249054063,0.04983567222,0.04003960071,0.03009573196,0.02925253542,0.02705467653,0.0245197393,0.02185434913,0.02059628013,0.01846092202,0.01797102572,0.01746757656,0.01739795126,0.01648019066,0.0150708757,0.01414007246
1,30000,endpoint,12,mlp,up_proj,mlp,16,3584,18944,16,360448,18944,3584,67895296,16,32,2,0.1513489793,0.1121494429,1.836790622e-05,136.8439442,5.245419205,0.001105996909,0.02138045379,0.02290651353,0.01199031388,40,0.6007126771,0.00540029335,85,1.821229816,5.798990388,0.5490795238,0.6693885233,0.7673551605,0.9016298457,1,8,11,15,0.1121494429,0.05249628294,0.03479173184,0.03214979777,0.03037886346,0.02916857376,0.02687455068,0.02407991652,0.02183068207,0.01925365397,0.01890284923,0.01823375138,0.0150183918,0.01387547398,0.01279499791,0.01159548005
1,30000,endpoint,12,mlp,down_proj,mlp,16,18944,3584,16,360448,3584,18944,67895296,16,32,2,0.07598686616,0.06682885416,9.221863525e-06,135.7320954,10.97227654,0.0005598297585,0.00609070086,0.005774003829,0.003022376939,75,0.8356459355,0.001361242271,181,1.292852674,2.748505933,0.7734833368,0.8515770223,0.9170767985,0.9708338147,1,4,6,13,0.06682885416,0.02123471778,0.01528450951,0.01202413105,0.01054912437,0.009267380519,0.007870023005,0.007161535374,0.005871898631,0.005609443037,0.004952096619,0.004406993198,0.004126170655,0.003916524441,0.003681870024,0.00354896546
1,30000,endpoint,13,attention,q_proj,self_attn,16,3584,3584,16,114688,3584,3584,12845056,16,32,2,0.06366202726,0.04170595596,1.776284243e-05,61.02667804,4.278850652,0.00104318356,0.009746999686,0.004052853715,0.002121448473,117,0.9400188985,0.005050367385,107,2.330047464,6.982435168,0.4291758067,0.6150651349,0.7638417563,0.8988389802,1,9,11,15,0.04170595596,0.02744780964,0.01921112928,0.01529386787,0.01374819281,0.01251209367,0.01046106023,0.009598173056,0.009189891617,0.008769434013,0.008089159353,0.007709752704,0.006465295546,0.005538779215,0.005308390795,0.004806434602
1,30000,endpoint,13,attention,k_proj,self_attn,16,3584,512,16,65536,512,3584,1835008,16,32,2,0.024460419,0.01515537726,1.805697144e-05,25.60451226,2.954482292,0.0009553167329,0.005129621966,0.0005983120979,0.0003131838393,164,0.9913668935,0.005219006859,95,2.604919344,8.382286624,0.3838890452,0.5233227345,0.703339589,0.8692395958,1,10,12,15,0.01515537726,0.009133721209,0.007586330533,0.007081938358,0.006083683126,0.004952555423,0.004446286032,0.004236922944,0.004074221192,0.003605757211,0.003254907257,0.003225079141,0.002923338765,0.002712807715,0.002563774317,0.002271791735
1,30000,endpoint,13,attention,v_proj,self_attn,16,3584,512,16,65536,512,3584,1835008,16,32,2,0.02343008534,0.01590645946,1.729636691e-05,22.45929845,1.357320775,0.001043224275,0.01171901275,0.000548968899,0.0002873553586,175,0.9946528575,0.004788591873,126,2.169705025,6.371251874,0.4608921437,0.629710307,0.7923186948,0.9259290636,1,7,10,15,0.01590645946,0.009626833398,0.007293263704,0.006006267735,0.005262093875,0.004352637613,0.00391397311,0.003375450401,0.002911121409,0.002649901732,0.002342017895,0.002247769269,0.002206579623,0.001932790505,0.001796919336,0.001671803517
1,30000,endpoint,13,attention,o_proj,self_attn,16,3584,3584,16,114688,3584,3584,12845056,16,32,2,0.06825335912,0.04727281638,1.9043906e-05,57.5119353,5.357018124,0.001186768603,0.008824464523,0.004658521031,0.002438482369,97,0.8945626673,0.005805105324,65,2.084611389,5.499422397,0.4797057164,0.6953461776,0.8455084462,0.9399205192,1,6,9,14,0.04727281638,0.03169488324,0.02136037928,0.01559706007,0.01232001662,0.01039901383,0.00968594332,0.009277975613,0.007767105183,0.007318999501,0.006603081228,0.005803636995,0.005363846401,0.004916842603,0.004351269269,0.004101613183
1,30000,endpoint,13,mlp,gate_proj,mlp,16,3584,18944,16,360448,18944,3584,67895296,16,32,2,0.1578623686,0.1203250412,1.91583795e-05,139.2511201,12.89101172,0.001133652415,0.009334026205,0.02492052742,0.0130445406,34,0.5261979956,0.005875104404,62,1.721254908,5.480854662,0.5809714733,0.6570725457,0.7823665385,0.9022666385,1,8,11,15,0.1203250412,0.04354858047,0.04174682181,0.03714290311,0.03065787684,0.0287093842,0.0265572595,0.02277172686,0.02066566078,0.02039565887,0.0186950936,0.01819425164,0.01636630271,0.01608549165,0.01608377579,0.01125568353
1,30000,endpoint,13,mlp,up_proj,mlp,16,3584,18944,16,360448,18944,3584,67895296,16,32,2,0.1526664512,0.1140918457,1.85277963e-05,135.2433981,5.287465668,0.001128827384,0.02157779414,0.02330704533,0.01219997049,39,0.5887223632,0.005494720171,82,1.790515187,5.505280835,0.5584984742,0.6741010953,0.8084726688,0.9104321447,1,8,11,15,0.1140918457,0.05190718186,0.04222453738,0.03672727596,0.02978715121,0.02384594158,0.02235468702,0.02051191817,0.01925271143,0.0181037224,0.01710794394,0.01626897165,0.01572806879,0.01548307377,0.01330948434,0.01294407673
1,30000,endpoint,13,mlp,down_proj,mlp,16,18944,3584,16,360448,3584,18944,67895296,16,32,2,0.07113747828,0.06224361338,8.633335593e-06,133.5886979,10.55101117,0.0005325112036,0.005899303145,0.005060540817,0.00264891786,86,0.8667486548,0.001193040787,188,1.306192961,2.76297034,0.7655836693,0.8565488374,0.9249869993,0.9691099091,1,3,6,13,0.06224361338,0.02145537103,0.01522316766,0.01070463815,0.008989066873,0.007924980102,0.006550575636,0.006063589046,0.005362861643,0.005130203367,0.004856526527,0.004607772463,0.004389669681,0.003879224873,0.003384419552,0.003263739572
1,30000,endpoint,14,attention,q_proj,self_attn,16,3584,3584,16,114688,3584,3584,12845056,16,32,2,0.05970091086,0.03957403937,1.665762022e-05,59.87938233,4.193251929,0.0009970194837,0.009437553487,0.003564198757,0.001865664182,130,0.9663864898,0.004441441617,143,2.275836988,6.865154399,0.4393987817,0.6121226623,0.7743044116,0.9017602155,1,8,11,15,0.03957403937,0.02481173594,0.01941061251,0.01418718123,0.01156463499,0.01092816867,0.01043819862,0.009599800756,0.008358354007,0.007739017278,0.007474534097,0.00719999345,0.006506159812,0.005378085562,0.004831007257,0.004253296492
1,30000,endpoint,14,attention,k_proj,self_attn,16,3584,512,16,65536,512,3584,1835008,16,32,2,0.02342127092,0.01166931987,1.728986e-05,25.30762157,2.356789779,0.0009254631402,0.004951362219,0.0005485559317,0.0002871391927,177,0.9952272195,0.004784989608,128,4.028374393,9.476388111,0.2482390916,0.4416256876,0.6826547524,0.8721277438,1,9,12,15,0.01166931987,0.01029967788,0.009219354799,0.006871784362,0.006176955203,0.005485714125,0.004373807086,0.004069214895,0.003921922346,0.003677956947,0.003134425676,0.002876034277,0.002721448163,0.002452172201,0.002423915494,0.001960930911
1,30000,endpoint,14,attention,v_proj,self_attn,16,3584,512,16,65536,512,3584,1835008,16,32,2,0.02358453334,0.0148979836,1.741038225e-05,19.75801698,1.436823609,0.001193669049,0.01036869349,0.0005562302126,0.0002911562613,172,0.9937879366,0.004851931468,119,2.506106891,7.34107399,0.3990252784,0.5675465079,0.758771378,0.9137539128,1,8,11,15,0.0148979836,0.009681766333,0.008003511381,0.006504525787,0.005351970456,0.005180425657,0.004162263625,0.00366075567,0.003236080508,0.00289716833,0.002462926612,0.002395878387,0.002336957843,0.002150137877,0.001920568259,0.001878187958
1,30000,endpoint,14,attention,o_proj,self_attn,16,3584,3584,16,114688,3584,3584,12845056,16,32,2,0.0612823957,0.04668136957,1.709888273e-05,54.60895525,4.86361508,0.001122204141,0.009598080606,0.003755532023,0.00196581674,127,0.9606400245,0.004679867022,132,1.723392867,4.970723225,0.5802507479,0.6959926255,0.8305586131,0.9388978291,1,6,9,14,0.04668136957,0.0208487968,0.01756344703,0.01403182825,0.01235841432,0.01054248277,0.00896500764,0.007913639214,0.006893047594,0.006369928016,0.005919334863,0.005381136309,0.005064081125,0.004606394039,0.004088390016,0.003715804306
1,30000,endpoint,14,mlp,gate_proj,mlp,16,3584,18944,16,360448,18944,3584,67895296,16,32,2,0.1527154306,0.113437182,1.85337405e-05,136.8307712,12.15682623,0.001116089819,0.009331151066,0.02332200275,0.01220779989,38,0.5765223927,0.005498246436,81,1.812403881,5.88637844,0.5517533981,0.6427624419,0.7715845539,0.8898129837,1,9,12,15,0.113437182,0.04607074091,0.0450305307,0.03125125527,0.02856906524,0.0266718669,0.0252097333,0.02437648743,0.02228949963,0.02181448167,0.01895365196,0.01812741378,0.01690259848,0.01537265069,0.01439059674,0.01342158484
1,30000,endpoint,14,mlp,up_proj,mlp,16,3584,18944,16,360448,18944,3584,67895296,16,32,2,0.1473076097,0.1211106458,1.787744043e-05,136.2790228,5.110151387,0.001080926519,0.02370001133,0.02169953189,0.01135852464,43,0.6350921205,0.005115743067,103,1.479400378,3.982143043,0.6759495367,0.7652856855,0.852913964,0.9320187387,1,7,10,14,0.1211106458,0.04402899737,0.03424837883,0.02699150182,0.02256826077,0.02063459493,0.02046319039,0.01904419906,0.01702283704,0.01587011191,0.0149640945,0.01425353685,0.01260559247,0.01197241482,0.01019165792,0.01001634211
1,30000,endpoint,14,mlp,down_proj,mlp,16,18944,3584,16,360448,3584,18944,67895296,16,32,2,0.06659703457,0.05590136325,8.082301521e-06,134.806716,9.680714936,0.0004940186703,0.005774507732,0.004435165014,0.002321567643,107,0.9181432268,0.001045606181,193,1.419269875,3.241780484,0.7045876317,0.841840777,0.9033254222,0.9637749828,1,4,7,13,0.05590136325,0.02467266399,0.01184454514,0.01150657628,0.01022064204,0.008034189353,0.00788059406,0.006081964408,0.005790796633,0.005091645176,0.005066170037,0.004426734122,0.004028954701,0.003940545746,0.003725323273,0.003210185144
1,30000,endpoint,15,attention,q_proj,self_attn,16,3584,3584,16,114688,3584,3584,12845056,16,32,2,0.06279346818,0.04374487858,1.752049893e-05,62.19952571,4.431282996,0.001009548987,0.009871831391,0.003943019646,0.002063956312,123,0.9525752619,0.004913500269,116,2.060508973,6.843385175,0.4853169839,0.5917892053,0.7353501872,0.8894532448,1,9,11,15,0.04374487858,0.0204895598,0.01788268153,0.01569310272,0.01510390592,0.01185105401,0.0115550595,0.01027309732,0.009973771393,0.008812132578,0.008679665876,0.006976624395,0.006838476739,0.005778227094,0.005557831091,0.004868899728
1,30000,endpoint,15,attention,k_proj,self_attn,16,3584,512,16,65536,512,3584,1835008,16,32,2,0.02246037794,0.0124661787,1.658051741e-05,26.49714436,2.554430019,0.0008476527746,0.004880219307,0.0005044685772,0.0002640618606,185,0.9974256659,0.00440042074,145,3.246141325,9.507488778,0.3080580603,0.4669665643,0.6627481466,0.8551873144,1,10,12,15,0.0124661787,0.008953454469,0.007590337854,0.006415015783,0.005938232988,0.004712985437,0.004644357955,0.004246717515,0.003943421632,0.003667458911,0.003369380426,0.003048536343,0.00290840331,0.002526591493,0.002228367263,0.00189689933
1,30000,endpoint,15,attention,v_proj,self_attn,16,3584,512,16,65536,512,3584,1835008,16,32,2,0.02403112693,0.01431231425,1.774006294e-05,20.84346331,1.513636188,0.001152933492,0.009455584085,0.0005774950615,0.000302287253,169,0.992905657,0.005037422272,108,2.819217278,7.005358382,0.3547083823,0.5934416162,0.7863729333,0.9224991672,1,7,10,14,0.01431231425,0.01174168913,0.008908661996,0.005661503712,0.005451957472,0.004697095779,0.00382709164,0.003489849332,0.003130295926,0.002882560752,0.00271353884,0.002335468405,0.002092317562,0.00194615139,0.001825437076,0.00152748647
1,30000,endpoint,15,attention,o_proj,self_attn,16,3584,3584,16,114688,3584,3584,12845056,16,32,2,0.06328251282,0.04906890489,1.765695112e-05,55.32372416,4.436380813,0.001143858512,0.01106057098,0.004004676429,0.002096230285,121,0.9484314078,0.004990332405,112,1.663239155,4.646789529,0.6012364469,0.7230807685,0.8488813514,0.9394564274,1,6,9,14,0.04906890489,0.02208952428,0.01798730135,0.01342563291,0.01081928218,0.01017023838,0.008798221547,0.008051369695,0.007369747791,0.00701015179,0.005655860493,0.005074486147,0.004938325882,0.00468860103,0.004481859577,0.003847821801
1,30000,endpoint,15,mlp,gate_proj,mlp,16,3584,18944,16,360448,18944,3584,67895296,16,32,2,0.1434485859,0.09758129354,1.740910435e-05,135.1894024,11.29029455,0.001061093424,0.008642936032,0.02057749679,0.0107712003,46,0.6677489244,0.004851219239,120,2.161023059,6.977415113,0.4627437897,0.6070701823,0.7540040362,0.8862535687,1,9,12,15,0.09758129354,0.0544965676,0.04112900822,0.03649569277,0.03187103228,0.02518057891,0.02403364353,0.02222440228,0.02125228406,0.01987743322,0.0175153743,0.01730695547,0.01686277316,0.01511284097,0.01443581558,0.01289891469
1,30000,endpoint,15,mlp,up_proj,mlp,16,3584,18944,16,360448,18944,3584,67895296,16,32,2,0.1401652721,0.09075027555,1.701063717e-05,137.7909675,5.104531584,0.001017231207,0.01777837477,0.0196463035,0.01028377126,49,0.6991815047,0.004631687054,134,2.385530338,7.338684931,0.4191939981,0.6162041087,0.7356638405,0.8794791793,1,9,12,15,0.09075027555,0.06221350678,0.03464342741,0.03386406775,0.03127341716,0.02849885848,0.02343392572,0.02204720761,0.02140272746,0.01967431061,0.01860699194,0.01780610537,0.01611896944,0.01570656475,0.01395927119,0.01256889965
1,30000,endpoint,15,mlp,down_proj,mlp,16,18944,3584,16,360448,3584,18944,67895296,16,32,2,0.0667621544,0.05157559694,8.102340676e-06,135.8289432,10.25074536,0.0004915164092,0.00503139968,0.004457185261,0.002333094044,104,0.9111609378,0.001050797534,192,1.675606974,3.921199284,0.5967986619,0.8137536263,0.8999930828,0.9605858912,1,5,7,13,0.05157559694,0.03109675979,0.01484589997,0.01280564282,0.01026815511,0.008389656385,0.007113132222,0.006607221739,0.006122576749,0.005545956574,0.005062890138,0.004626864888,0.004404690924,0.004227389892,0.003714831955,0.003052796298
1,30000,endpoint,16,attention,q_proj,self_attn,16,3584,3584,16,114688,3584,3584,12845056,16,32,2,0.06227709736,0.04104688099,1.737642225e-05,59.49077975,4.165600608,0.001046836125,0.009853772565,0.003878436856,0.002030150734,125,0.9566491977,0.004833021959,121,2.301952728,6.442285148,0.4344137861,0.6146350198,0.8042275206,0.9228913512,1,7,10,15,0.04104688099,0.02643816701,0.02287072904,0.01456888108,0.0128012433,0.01183724193,0.00972285156,0.00785520243,0.007756753082,0.007291471498,0.00676868891,0.006044152656,0.00575205168,0.005505994411,0.004739608985,0.00418513477
1,30000,endpoint,16,attention,k_proj,self_attn,16,3584,512,16,65536,512,3584,1835008,16,32,2,0.02351608451,0.01208343564,1.735985252e-05,23.76947927,2.38045003,0.0009893394907,0.005076113966,0.0005530062307,0.0002894686821,173,0.9940774053,0.004823809048,122,3.78746962,9.752069546,0.2640285204,0.4555149461,0.6515794795,0.8651527936,1,10,12,15,0.01208343564,0.01029044151,0.007687601047,0.007023225664,0.006592858539,0.005514542564,0.005021070603,0.004361222309,0.004045901879,0.003727227587,0.003302036605,0.003054516044,0.002839717478,0.002530787592,0.002284010781,0.002095399098
1,30000,endpoint,16,attention,v_proj,self_attn,16,3584,512,16,65536,512,3584,1835008,16,32,2,0.02346029478,0.01361112286,1.731866788e-05,22.40522075,1.824063248,0.001047090544,0.007461979659,0.0005503854314,0.0002880968362,174,0.9943655022,0.00480094812,125,2.970838351,7.068662686,0.3366053221,0.6028088717,0.7879182725,0.9209410562,1,7,10,14,0.01361112286,0.0121043197,0.007408052195,0.006855820891,0.00568294296,0.00396846858,0.003786529264,0.003291111476,0.00313518828,0.002963259707,0.002477063166,0.002289890789,0.002175305131,0.001876140044,0.001814469406,0.001406763095
1,30000,endpoint,16,attention,o_proj,self_attn,16,3584,3584,16,114688,3584,3584,12845056,16,32,2,0.06090430075,0.04980924878,1.699338749e-05,57.14794744,5.305729657,0.001065730328,0.009387822599,0.00370933385,0.001941634509,128,0.962581659,0.004622298265,135,1.495119615,3.588256806,0.668842807,0.7951329636,0.9070879333,0.9616184189,1,4,7,13,0.04980924878,0.02164376014,0.01651144967,0.01194363379,0.009434087049,0.006980520674,0.005895896809,0.005457152162,0.005300165462,0.005246546348,0.004655713814,0.004546544755,0.004114538339,0.003418514338,0.00292442297,0.002690248946
1,30000,endpoint,16,mlp,gate_proj,mlp,16,3584,18944,16,360448,18944,3584,67895296,16,32,2,0.1429181777,0.1062368354,1.734473333e-05,134.9977526,11.1539179,0.001058670792,0.009524620525,0.02042560552,0.01069169348,47,0.6784406179,0.004815410322,124,1.809775438,5.525562401,0.552554742,0.6831056318,0.8041608198,0.9109948772,1,8,11,15,0.1062368354,0.05163894826,0.03778089133,0.03233001341,0.02760669136,0.02323924301,0.0215024686,0.02043532073,0.01947994375,0.01824154614,0.01608132463,0.01549006336,0.01394543413,0.01248897799,0.01231055696,0.01025722828
1,30000,endpoint,16,mlp,up_proj,mlp,16,3584,18944,16,360448,18944,3584,67895296,16,32,2,0.1350763085,0.09476080527,1.639303403e-05,137.5385522,5.143468407,0.0009820977927,0.01842352237,0.01824560912,0.009550583943,53,0.7386769929,0.004301468292,149,2.031893221,6.45948578,0.4921518462,0.6467233451,0.762060248,0.8933889699,1,9,12,15,0.09476080527,0.05310603685,0.03297124789,0.03189496607,0.02857615039,0.02477439522,0.02264533132,0.02128366664,0.01990931049,0.01866984082,0.01634061974,0.01569718851,0.0146901624,0.0134989177,0.01266255891,0.01133401755
1,30000,endpoint,16,mlp,down_proj,mlp,16,18944,3584,16,360448,3584,18944,67895296,16,32,2,0.06712476278,0.05352529167,8.146347293e-06,134.9634501,10.57249789,0.0004973551191,0.005062691167,0.004505733778,0.002358506553,103,0.9088278437,0.001062243022,191,1.572705635,3.282400381,0.6358468985,0.8729636941,0.9222912224,0.966993813,1,3,7,13,0.05352529167,0.03268616153,0.01162783159,0.009330071966,0.00827491029,0.006907213581,0.006553482007,0.006502776803,0.006035962294,0.00496510859,0.004538744399,0.00444370933,0.003812441143,0.003785122029,0.003083282436,0.002986085635
1,30000,endpoint,17,attention,q_proj,self_attn,16,3584,3584,16,114688,3584,3584,12845056,16,32,2,0.06219819975,0.04667227025,1.735440841e-05,61.23376521,3.918369949,0.001015750045,0.01191114439,0.003868616053,0.002025010078,126,0.9586742077,0.004820783999,123,1.775978797,5.015115816,0.5630697852,0.7198549302,0.8406693345,0.9330612181,1,7,10,14,0.04667227025,0.02462806384,0.015965299,0.0145771661,0.0105904587,0.009735892242,0.009104060003,0.008221885554,0.007616081035,0.007101224133,0.006184561885,0.005472661873,0.00514429775,0.005034552182,0.004276507633,0.003497213975
1,30000,endpoint,17,attention,k_proj,self_attn,16,3584,512,16,65536,512,3584,1835008,16,32,2,0.02184079233,0.0110286259,1.612313196e-05,24.23682136,2.341320681,0.0009011409543,0.004710429455,0.0004770202097,0.0002496941332,189,0.9984387838,0.004160991822,153,3.921876995,10.41945843,0.2549799499,0.4136646025,0.6305911944,0.8379368936,1,10,13,16,0.0110286259,0.008700332536,0.00799343947,0.006291525553,0.005614728888,0.00521858504,0.004840998498,0.004088277408,0.004075475696,0.003725126854,0.003553139049,0.003025083259,0.002735865747,0.002543582297,0.002425822796,0.002281663962
1,30000,endpoint,17,attention,v_proj,self_attn,16,3584,512,16,65536,512,3584,1835008,16,32,2,0.02294357318,0.01462732039,1.693721786e-05,22.07691202,1.650477732,0.001039256449,0.008862476664,0.0005264075502,0.0002755457197,181,0.9963538539,0.004591791851,138,2.460325465,6.16542879,0.4064502904,0.6625426174,0.8269557206,0.9328640625,1,7,10,14,0.01462732039,0.01161072498,0.007092078032,0.006020857752,0.00453019763,0.003924593337,0.003279627658,0.00301162245,0.002772470096,0.00243473272,0.002292588241,0.002062070219,0.001969790517,0.00175697172,0.001726336318,0.001506981994
1,30000,endpoint,17,attention,o_proj,self_attn,16,3584,3584,16,114688,3584,3584,12845056,16,32,2,0.06334854589,0.04606795206,1.767537553e-05,56.8536688,4.791268337,0.001114238487,0.00961498059,0.004013038266,0.002100607251,120,0.9463351775,0.005000752309,110,1.890930159,4.479603719,0.5288402617,0.7700426068,0.8933588082,0.9539298793,1,5,8,13,0.04606795206,0.03111196298,0.01848136154,0.01238191869,0.009066584171,0.007851827887,0.007271392085,0.006807843544,0.006294076327,0.00605294676,0.005432693537,0.004699262819,0.004297210166,0.004129381841,0.003595823866,0.002929608683
1,30000,endpoint,17,mlp,gate_proj,mlp,16,3584,18944,16,360448,18944,3584,67895296,16,32,2,0.1376299844,0.07907275279,1.670295141e-05,133.6220391,11.14984539,0.001029994643,0.007091825045,0.01894201261,0.009915113291,51,0.7193341313,0.004465647932,141,3.029510101,8.598697519,0.3300863726,0.5123330661,0.7100378887,0.8783065018,1,9,12,15,0.07907275279,0.0587547374,0.04956864658,0.03588699653,0.03336648963,0.02863385598,0.02664206321,0.023330802,0.02141691862,0.02063437508,0.01829591152,0.01746229295,0.01617855426,0.01526174656,0.01253269847,0.01136885343
1,30000,endpoint,17,mlp,up_proj,mlp,16,3584,18944,16,360448,18944,3584,67895296,16,32,2,0.1336448547,0.09324608306,1.621931095e-05,138.3325325,5.228743107,0.0009661129763,0.01783336476,0.01786094718,0.009349234339,54,0.7480262273,0.004210782849,150,2.054202677,5.930981391,0.486806882,0.6765152749,0.8080804911,0.9167905022,1,8,11,15,0.09324608306,0.05820972071,0.03904135676,0.02873415806,0.02655833218,0.02374935022,0.01879929277,0.01785703542,0.01688781406,0.01516487505,0.01466876901,0.01415951501,0.01336037062,0.01228744319,0.01131940303,0.009887084917
1,30000,endpoint,17,mlp,down_proj,mlp,16,18944,3584,16,360448,3584,18944,67895296,16,32,2,0.06885050657,0.05717946462,8.355785772e-06,135.1869596,8.604619054,0.000509298432,0.006645205821,0.004740392255,0.002481337501,95,0.8896482529,0.001117564606,189,1.449886848,2.882169879,0.6897089943,0.8886905338,0.9438386741,0.9813382055,1,3,5,11,0.05717946462,0.03071238429,0.01204166437,0.010789909,0.008222453554,0.007171567821,0.005772219628,0.005040222354,0.004870062858,0.003858776433,0.003535069722,0.003132773088,0.002946305952,0.002930748189,0.002477194659,0.002034471896
1,30000,endpoint,18,attention,q_proj,self_attn,16,3584,3584,16,114688,3584,3584,12845056,16,32,2,0.07097926426,0.06707876413,1.980448222e-05,57.74961543,4.173073378,0.001229086354,0.01607418755,0.005038055955,0.002637148258,87,0.8693858031,0.006278053755,45,1.119677321,1.732506569,0.8931144546,0.9407751006,0.9640989598,0.9865467183,1,2,3,10,0.06707876413,0.01549570913,0.008093090936,0.007211711779,0.006401891434,0.005434768305,0.004960552382,0.004238521319,0.003940841161,0.003593736233,0.003082526522,0.00295275057,0.002770513067,0.002330863794,0.002184744059,0.001797424759
1,30000,endpoint,18,attention,k_proj,self_attn,16,3584,512,16,65536,512,3584,1835008,16,32,2,0.02472070285,0.01260031964,1.824911606e-05,23.11234533,2.763460169,0.001069588676,0.004559616882,0.0006111131494,0.0003198844934,159,0.9897852361,0.005330668943,87,3.849093883,8.942885545,0.2598014053,0.4665151185,0.6954893072,0.9002804713,1,8,11,15,0.01260031964,0.01123946032,0.009189594096,0.007448523206,0.006803854941,0.005637267281,0.005327161096,0.004324430996,0.004044098973,0.003357789103,0.002749478167,0.002656838302,0.002321196465,0.002297990301,0.002134385619,0.001862175258
1,30000,endpoint,18,attention,v_proj,self_attn,16,3584,512,16,65536,512,3584,1835008,16,32,2,0.02072562778,0.01320998652,1.529990426e-05,24.89187137,1.540425882,0.0008326263407,0.008575541783,0.0004295516467,0.0002248469225,192,0.9991428785,0.003746929067,162,2.461561211,6.883559953,0.4062462455,0.5908338594,0.7911771428,0.9224375381,1,7,10,15,0.01320998652,0.008904488391,0.006824192079,0.0062839629,0.005000301452,0.003576647635,0.003173874124,0.002917913479,0.00255875749,0.002456092481,0.002147513951,0.002074313809,0.001870902162,0.001800202025,0.001694632059,0.001486633473
1,30000,endpoint,18,attention,o_proj,self_attn,16,3584,3584,16,114688,3584,3584,12845056,16,32,2,0.06350466491,0.0524736265,1.771893552e-05,60.79351753,5.208813475,0.001044595995,0.01007400759,0.004032842465,0.002110973672,118,0.9421298722,0.005025430842,109,1.464633954,3.429474579,0.6827644526,0.7883149556,0.910079482,0.9760193894,1,4,6,12,0.0524736265,0.02063173649,0.01768950504,0.01334685597,0.01104500529,0.00842930553,0.006693489985,0.005298784489,0.004513144622,0.004267437626,0.003954394941,0.00370010786,0.003230671435,0.002738806517,0.002483777087,0.002166804417
1,30000,endpoint,18,mlp,gate_proj,mlp,16,3584,18944,16,360448,18944,3584,67895296,16,32,2,0.1447943075,0.1190089735,1.757242284e-05,133.1710932,10.96432362,0.00108728031,0.0108542011,0.02096539147,0.01097424207,44,0.6460663626,0.004942666811,114,1.480278931,3.86936243,0.6755483572,0.785000418,0.8602071545,0.9368232396,1,6,9,14,0.1190089735,0.04790308238,0.02963688787,0.02642713663,0.02259699053,0.02035192987,0.0186915298,0.01822327909,0.01718064091,0.01590765289,0.01491590992,0.01291312267,0.01206189033,0.01073160128,0.009027460986,0.006701719795
1,30000,endpoint,18,mlp,up_proj,mlp,16,3584,18944,16,360448,18944,3584,67895296,16,32,2,0.1477815017,0.1312005505,1.793495257e-05,140.7080657,5.594933968,0.001050270295,0.02344988364,0.02183937226,0.01143172347,42,0.6237335959,0.005148710939,100,1.26872891,2.725616355,0.7881904416,0.8422854055,0.9045834189,0.9608985659,1,4,7,13,0.1312005505,0.03437150062,0.02892351045,0.02289061049,0.02102967396,0.0180642652,0.01619934596,0.01410332535,0.01318455135,0.01229686414,0.01144018224,0.01088524859,0.009664326347,0.008189250178,0.007973745593,0.007449527862
1,30000,endpoint,18,mlp,down_proj,mlp,16,18944,3584,16,360448,3584,18944,67895296,16,32,2,0.07221814934,0.07033049728,8.764487218e-06,137.802496,7.494154726,0.0005240699656,0.0093847138,0.005215461094,0.002730010198,82,0.8561111579,0.001229563802,187,1.054399846,1.359603782,0.9484068154,0.9672155056,0.9833244916,0.9942284793,1,1,2,6,0.07033049728,0.009904342059,0.007353690102,0.005471657143,0.00421362499,0.004153825729,0.003614219496,0.002966114842,0.002652459856,0.002262270145,0.002122026886,0.001981429559,0.001713696416,0.001638558806,0.001519015644,0.001260806092
1,30000,endpoint,19,attention,q_proj,self_attn,16,3584,3584,16,114688,3584,3584,12845056,16,32,2,0.06576057969,0.06134374311,1.834837603e-05,57.3860476,4.54186206,0.001145933244,0.01350629815,0.004324453841,0.002263616366,109,0.9227015015,0.005388815431,86,1.149187043,1.87244759,0.8701803644,0.9254104796,0.9653914593,0.986936564,1,2,3,9,0.06134374311,0.01545445191,0.01118131049,0.006919118201,0.005782464193,0.004869076034,0.004307486425,0.004179901673,0.003653474951,0.003397281135,0.002921524892,0.002581172201,0.002429434274,0.002074210476,0.00181642138,0.001703286093
1,30000,endpoint,19,attention,k_proj,self_attn,16,3584,512,16,65536,512,3584,1835008,16,32,2,0.02070514161,0.01165700965,1.528478112e-05,21.27921258,2.441338036,0.0009730219822,0.004774844564,0.0004287028889,0.0002244026439,193,0.9993672812,0.003739525451,163,3.154874575,8.53191728,0.3169698117,0.5186248294,0.7101737358,0.8915017425,1,9,12,15,0.01165700965,0.00929785398,0.007206472914,0.005494025639,0.005105636447,0.004685919002,0.003960680561,0.00374479497,0.003092298633,0.002905767483,0.002582689654,0.002378213275,0.002302669302,0.002160996322,0.001886938779,0.001627515815
1,30000,endpoint,19,attention,v_proj,self_attn,16,3584,512,16,65536,512,3584,1835008,16,32,2,0.02265145781,0.01610904674,1.672157483e-05,25.05350919,1.621565345,0.0009041231565,0.009934256918,0.000513088541,0.0002685739428,183,0.9968943357,0.004475611683,140,1.977209244,5.243170821,0.5057633648,0.6666456416,0.866848994,0.9539294752,1,5,8,14,0.01610904674,0.009085529851,0.007707529979,0.006581491292,0.004297062637,0.003302543156,0.00303144654,0.002473618876,0.002318522679,0.002052560675,0.001838480639,0.001693272323,0.00162270985,0.001408995209,0.001383527967,0.001126906822
1,30000,endpoint,19,attention,o_proj,self_attn,16,3584,3584,16,114688,3584,3584,12845056,16,32,2,0.06384478896,0.05955340884,1.78138362e-05,59.57677569,4.945062905,0.001071638876,0.01204300329,0.004076157077,0.002133646515,115,0.9357727933,0.005079406316,105,1.149311257,1.854972027,0.8700863184,0.9279448546,0.9686887825,0.9889116542,1,2,3,9,0.05955340884,0.01535709875,0.01088832974,0.006893687374,0.005563616,0.004764609708,0.003996367531,0.003578452116,0.003341458144,0.002867399002,0.002805630892,0.00237995824,0.002154458815,0.001908743812,0.001547388323,0.001263070532
1,30000,endpoint,19,mlp,gate_proj,mlp,16,3584,18944,16,360448,18944,3584,67895296,16,32,2,0.1621282471,0.1367801956,1.967609199e-05,134.9815489,12.06864585,0.001201114141,0.0113335164,0.02628556851,0.01375906537,29,0.4596751596,0.006196917776,49,1.40498256,3.323948013,0.7117526069,0.8306843016,0.8939106034,0.9503695016,1,5,8,14,0.1367801956,0.05591231716,0.02953005392,0.02810543013,0.02149151455,0.01984727776,0.01875269593,0.01663102524,0.01603690541,0.01544402514,0.01515674071,0.01281178314,0.01142324584,0.01119655287,0.009321539111,0.008500153429
1,30000,endpoint,19,mlp,up_proj,mlp,16,3584,18944,16,360448,18944,3584,67895296,16,32,2,0.1701065438,0.1527306994,2.06443483e-05,140.3816345,5.572423325,0.001211743576,0.02740830882,0.02893623625,0.01514654575,17,0.2885334315,0.006821822274,29,1.24047884,2.394821841,0.8061403125,0.8853085823,0.9426606147,0.9757048504,1,3,5,12,0.1527306994,0.04786263428,0.03133890818,0.0260273854,0.01845303572,0.01635572372,0.01384621885,0.01250735015,0.01230874653,0.01071469627,0.01053216749,0.009195215854,0.009002596043,0.008064471441,0.007305633531,0.006462736964
1,30000,endpoint,19,mlp,down_proj,mlp,16,18944,3584,16,360448,3584,18944,67895296,16,32,2,0.08015655389,0.07800583629,9.727902175e-06,137.0376049,6.948771125,0.0005849237804,0.01122584625,0.006425073132,0.003363176306,65,0.8035686309,0.001514734212,173,1.055902652,1.364862281,0.9470570016,0.9654288476,0.984044875,0.9952721146,1,1,2,6,0.07800583629,0.01086464238,0.008745642309,0.006566816457,0.005408576494,0.004239164217,0.003983758032,0.003007040746,0.002582358919,0.002443941472,0.002064491572,0.001928028699,0.001807125369,0.001552210522,0.00151488398,0.001336498736
1,30000,endpoint,20,attention,q_proj,self_attn,16,3584,3584,16,114688,3584,3584,12845056,16,32,2,0.08189954092,0.07450297765,2.285143441e-05,58.68717669,4.080684903,0.001395527022,0.01825746889,0.006707534803,0.003511029627,61,0.7899704614,0.008358435164,8,1.208413793,1.890465745,0.8275311038,0.9599948896,0.9791494647,0.9942847735,1,2,2,7,0.07450297765,0.0298078086,0.008303491034,0.007715699299,0.006602836844,0.004784962189,0.004467880555,0.003881409093,0.003088823074,0.002797483863,0.002708318898,0.002206152021,0.001914013165,0.001496447936,0.001319108713,0.001059899922
1,30000,endpoint,20,attention,k_proj,self_attn,16,3584,512,16,65536,512,3584,1835008,16,32,2,0.026407821,0.01425769806,1.94945667e-05,22.31836675,2.351049866,0.001183232685,0.006064396282,0.0006973730101,0.0003650368386,149,0.9864201568,0.006083103678,53,3.430570182,7.898075993,0.2914967329,0.5010613412,0.7677906135,0.9214218302,1,7,10,15,0.01425769806,0.01208903229,0.01041798798,0.008802006702,0.006602510345,0.005491585864,0.004348995941,0.003804450045,0.003181358758,0.003155535614,0.002834302262,0.002686569109,0.002490920187,0.002348592424,0.002062020574,0.001869872931
1,30000,endpoint,20,attention,v_proj,self_attn,16,3584,512,16,65536,512,3584,1835008,16,32,2,0.02341151583,0.014146282,1.728265868e-05,25.88930388,1.708510738,0.0009042929828,0.008279890601,0.0005480990736,0.0002869000523,178,0.9955141196,0.004781004487,129,2.738889087,6.529965506,0.3651115355,0.6349440132,0.8200538783,0.9293706411,1,7,10,14,0.014146282,0.01216120599,0.007757599326,0.006424811149,0.00442328866,0.004352301664,0.00340788933,0.003129647639,0.002860284078,0.002544898319,0.002526319165,0.002167143543,0.002007246271,0.001894664387,0.001657695105,0.001615119284
1,30000,endpoint,20,attention,o_proj,self_attn,16,3584,3584,16,114688,3584,3584,12845056,16,32,2,0.0704625481,0.06173799531,1.966030918e-05,60.8648568,4.865688361,0.001157688555,0.0126884401,0.004964970684,0.002598892094,89,0.8745880404,0.006186980281,50,1.302601703,2.506046393,0.7676943747,0.8678276697,0.9618147894,0.9881612281,1,3,4,9,0.06173799531,0.02229705976,0.01803991651,0.01188295864,0.007208362825,0.005889004749,0.004912091294,0.004476581672,0.00394431597,0.003713639605,0.002700314985,0.002648681356,0.002314182781,0.002093193055,0.001905897451,0.00132432995
1,30000,endpoint,20,mlp,gate_proj,mlp,16,3584,18944,16,360448,18944,3584,67895296,16,32,2,0.1827640829,0.1563737233,2.218048348e-05,134.449246,11.12103049,0.001359353721,0.01406108215,0.03340270998,0.0174845018,4,0.07672438901,0.0078748096,11,1.366010849,2.809776976,0.7320586073,0.883911183,0.9304311804,0.9732263538,1,3,6,12,0.1563737233,0.07121999402,0.02834879992,0.0273905006,0.02264934616,0.0184539877,0.01713093638,0.01680664277,0.01311588804,0.01227699477,0.01209683025,0.01124253446,0.009989127561,0.008878209382,0.008035893154,0.007460059454
1,30000,endpoint,20,mlp,up_proj,mlp,16,3584,18944,16,360448,18944,3584,67895296,16,32,2,0.1744636513,0.1579941247,2.117313246e-05,141.1015197,5.906938779,0.001236440626,0.02674720877,0.03043756563,0.01593241002,14,0.2421741108,0.007175766101,23,1.219349039,2.142903214,0.8201097206,0.9222493594,0.9589076942,0.9860753663,1,2,4,10,0.1579941247,0.05575734892,0.02515156227,0.02198156924,0.01884450114,0.01321590559,0.01251495106,0.01185404657,0.01049520796,0.008905051329,0.007636891106,0.006977265231,0.006651355407,0.005715269033,0.00502742447,0.005019806855
1,30000,endpoint,20,mlp,down_proj,mlp,16,18944,3584,16,360448,3584,18944,67895296,16,32,2,0.07997535653,0.07673043033,9.705911831e-06,137.8876865,6.544811273,0.0005800036141,0.01172385683,0.006396057652,0.00334798828,66,0.8069166192,0.001507893708,174,1.086368344,1.51896662,0.9204981035,0.9546720704,0.9827030684,0.9941867848,1,1,2,6,0.07673043033,0.01478440605,0.01075683799,0.007973601175,0.005224492929,0.004627204461,0.0036709188,0.003356861573,0.002729715312,0.002661590127,0.002485080706,0.002274388044,0.001898012233,0.001754319447,0.001728533123,0.001276664074
1,30000,endpoint,21,attention,q_proj,self_attn,16,3584,3584,16,114688,3584,3584,12845056,16,32,2,0.08086195511,0.07300181168,2.256192944e-05,57.10317363,3.677788686,0.001416067619,0.01984937633,0.006538655783,0.003422630646,63,0.7968388726,0.008147990585,10,1.226933993,2.192551273,0.8150397704,0.9139691592,0.9571725954,0.9866388538,1,2,4,9,0.07300181168,0.02543354518,0.01269768922,0.01101186117,0.00954437308,0.006435276364,0.005697440088,0.005263179442,0.004789140883,0.004152173345,0.003742157108,0.003261259309,0.002962960308,0.002455239341,0.002187786397,0.001718786321
1,30000,endpoint,21,attention,k_proj,self_attn,16,3584,512,16,65536,512,3584,1835008,16,32,2,0.03245044985,0.02637862319,2.395530699e-05,19.94945955,2.246958484,0.001626633031,0.01173970208,0.001053031696,0.0005512048152,143,0.9840159668,0.009185473037,7,1.513342383,3.852482561,0.6607890002,0.7776576778,0.8850126572,0.9527458286,1,5,8,14,0.02637862319,0.01109353063,0.008327835778,0.006610245628,0.00462043394,0.004565779958,0.004070944012,0.003543703537,0.003376631444,0.002996454461,0.002734046268,0.002481031446,0.002280744022,0.002008589415,0.001945625979,0.001651529513
1,30000,endpoint,21,attention,v_proj,self_attn,16,3584,512,16,65536,512,3584,1835008,16,32,2,0.02747300838,0.01895448981,2.028090065e-05,27.74698953,1.674629095,0.0009901257342,0.01131861967,0.0007547661893,0.0003950790461,147,0.9856732256,0.006583737706,34,2.100817075,4.974298886,0.4760052704,0.7292129243,0.8716619685,0.9544687697,1,6,8,13,0.01895448981,0.01382434722,0.009107552663,0.004956632599,0.00440369479,0.004264857007,0.003663932346,0.003390256697,0.002834798991,0.002501028698,0.002336599562,0.002157517593,0.001816390043,0.001725015785,0.001586332244,0.001080842921
1,30000,endpoint,21,attention,o_proj,self_attn,16,3584,3584,16,114688,3584,3584,12845056,16,32,2,0.07052288967,0.05893623898,1.967714555e-05,63.20318339,5.267427952,0.001115812304,0.0111888078,0.004973477967,0.002603345194,88,0.8719891483,0.006197581429,48,1.431842875,2.702039903,0.698400654,0.9089466287,0.9500031038,0.9837751765,1,2,4,10,0.05893623898,0.03235963174,0.01126556963,0.008790927998,0.007955427616,0.00682633455,0.006032347294,0.00465701338,0.004490038978,0.004024811284,0.003722315398,0.002998193666,0.002825458613,0.002459882984,0.002244433981,0.00155490345
1,30000,endpoint,21,mlp,gate_proj,mlp,16,3584,18944,16,360448,18944,3584,67895296,16,32,2,0.1813477893,0.1507470725,2.200860028e-05,136.5876623,11.69046652,0.001327702563,0.01289487227,0.0328870207,0.01721456651,6,0.1112425368,0.007753233988,13,1.447194015,3.288000524,0.6909923546,0.8418885248,0.9113410992,0.9648556089,1,4,7,13,0.1507470725,0.07044519482,0.03492057393,0.03262884874,0.02503161448,0.02136998481,0.01958300098,0.01712252574,0.01634021426,0.01414794778,0.01330355816,0.01171430043,0.01110491317,0.01010904349,0.00960355101,0.007528462291
1,30000,endpoint,21,mlp,up_proj,mlp,16,3584,18944,16,360448,18944,3584,67895296,16,32,2,0.1765712269,0.1556179649,2.142891053e-05,141.0800399,5.64851978,0.001251567741,0.0275502204,0.03117739817,0.01631967211,9,0.1613814807,0.007350184296,18,1.287420459,2.55087777,0.7767470162,0.8767390134,0.9411316514,0.979155288,1,3,5,11,0.1556179649,0.05583449033,0.03877026613,0.02246021771,0.02107630248,0.01738026084,0.01499501457,0.01464047819,0.01221023487,0.01126411323,0.01014044471,0.008431863609,0.00814839877,0.007316803492,0.006985514708,0.005591013284
1,30000,endpoint,21,mlp,down_proj,mlp,16,18944,3584,16,360448,3584,18944,67895296,16,32,2,0.08019712888,0.07518321555,9.732826407e-06,137.8420263,5.303142367,0.0005818046284,0.01417710677,0.006431579481,0.003366582025,64,0.8002054546,0.001516268107,172,1.137825986,1.743185158,0.8788690115,0.9404008524,0.9784273337,0.9934181665,1,2,3,7,0.07518321555,0.01989338898,0.0142458608,0.006451804904,0.00574223575,0.005218924453,0.004801845387,0.003625819914,0.003083354337,0.002815056167,0.002608084825,0.002439698821,0.002107770266,0.00175684525,0.00164831452,0.001378256716
1,30000,endpoint,22,attention,q_proj,self_attn,16,3584,3584,16,114688,3584,3584,12845056,16,32,2,0.0751981936,0.07056227314,2.098163884e-05,58.11785857,4.07368327,0.001293891335,0.01732149224,0.00565476832,0.002959963636,79,0.8475718905,0.007046555219,27,1.135715859,1.82079389,0.8805019248,0.9184049536,0.9648997838,0.9901591104,1,2,4,8,0.07056227314,0.01464011087,0.01236202824,0.01049274754,0.007735221973,0.006693260284,0.004518875535,0.004216872255,0.003916342348,0.003362428715,0.002969511747,0.002603100617,0.002276844555,0.002055809721,0.001470083181,0.001355962476
1,30000,endpoint,22,attention,k_proj,self_attn,16,3584,512,16,65536,512,3584,1835008,16,32,2,0.02862152995,0.01922463856,2.11287529e-05,19.45190466,1.92449378,0.001471399868,0.009989452165,0.0008191919765,0.0004288024414,145,0.9848737956,0.007145716357,26,2.216508102,4.580629413,0.4511600923,0.7845753601,0.8869207039,0.9589728428,1,5,8,13,0.01922463856,0.0165266788,0.007516372675,0.005229208957,0.004584887885,0.004009739506,0.003445978497,0.003170261574,0.002718995136,0.002614081337,0.002220626021,0.002017107634,0.001843369912,0.001700619321,0.001524123126,0.001330334198
1,30000,endpoint,22,attention,v_proj,self_attn,16,3584,512,16,65536,512,3584,1835008,16,32,2,0.02701070109,0.0201326428,1.993961993e-05,27.14584264,2.028233976,0.0009950216485,0.009926193449,0.0007295779734,0.0003818943852,148,0.98605512,0.006364023828,41,1.799990186,4.447013438,0.5555585846,0.7211524208,0.9022282928,0.9702538513,1,4,7,13,0.0201326428,0.01099152471,0.008659683477,0.007557701358,0.004716398413,0.003296632503,0.003006568161,0.002734647538,0.002099901498,0.001908144881,0.0018305393,0.001709551909,0.001617588088,0.001448621909,0.001194944915,0.001111350452
1,30000,endpoint,22,attention,o_proj,self_attn,16,3584,3584,16,114688,3584,3584,12845056,16,32,2,0.06908230172,0.05645850202,1.927519579e-05,63.4846213,4.348540535,0.001088173802,0.01298332201,0.00477236441,0.002498073186,92,0.8821787145,0.005946968547,57,1.497183031,3.155384839,0.6679210086,0.8372725479,0.9427098001,0.9870940073,1,3,5,10,0.05645850202,0.02842898624,0.01765347703,0.01383978825,0.01073393203,0.006633125497,0.005611047669,0.004595443867,0.003648817175,0.003409852156,0.003275497075,0.002881660173,0.002555711304,0.002307770285,0.001904842156,0.001460276579
1,30000,endpoint,22,mlp,gate_proj,mlp,16,3584,18944,16,360448,18944,3584,67895296,16,32,2,0.1763401884,0.1570992753,2.140087141e-05,136.7619802,12.45184745,0.001289394817,0.01261654352,0.03109586206,0.01627699239,11,0.1939750222,0.007330961865,20,1.259952689,2.662082079,0.7936805951,0.8481254995,0.9061150381,0.9653594343,1,4,7,13,0.1570992753,0.0411462178,0.03281624685,0.02695048486,0.02524254976,0.02353932399,0.01825295497,0.01782692109,0.01548349636,0.01324073357,0.01234906837,0.01176696876,0.01055630063,0.009959219873,0.009351620856,0.008549103321
1,30000,endpoint,22,mlp,up_proj,mlp,16,3584,18944,16,360448,18944,3584,67895296,16,32,2,0.1580262088,0.1412103649,1.917826335e-05,141.8216006,6.529979308,0.001114260508,0.02162493298,0.02497228266,0.01307163166,33,0.513153455,0.00588730589,61,1.252348188,2.44897952,0.7984999778,0.8723915889,0.9398631963,0.9789545161,1,3,5,11,0.1412103649,0.04295628241,0.03398770395,0.02301642961,0.02091355037,0.01506367823,0.01273803036,0.01223319581,0.01138746361,0.009792958698,0.009069555068,0.007785300568,0.006857987645,0.006696770869,0.005833996919,0.005585285775
1,30000,endpoint,22,mlp,down_proj,mlp,16,18944,3584,16,360448,3584,18944,67895296,16,32,2,0.07566002325,0.07256893573,9.182197449e-06,138.8972237,5.119180586,0.0005447194783,0.01417588899,0.005724439118,0.002996432509,76,0.838642368,0.001349557211,182,1.087004728,1.53147184,0.9199592003,0.9522028115,0.9800194313,0.9945284402,1,1,2,7,0.07256893573,0.01358589669,0.009295716211,0.008533710015,0.005787339222,0.004457078162,0.004015537319,0.003684095192,0.00274695208,0.002405781533,0.002087316178,0.00192426056,0.001856606073,0.001552908332,0.001479269809,0.00137173731
1,30000,endpoint,23,attention,q_proj,self_attn,16,3584,3584,16,114688,3584,3584,12845056,16,32,2,0.06620994621,0.05159349937,1.847375731e-05,59.48043008,4.087794552,0.001113138323,0.01262135333,0.004383756977,0.002294658332,108,0.9204378851,0.005462714625,83,1.646859311,4.018726799,0.6072164107,0.7617318835,0.9012984589,0.9708352062,1,4,6,12,0.05159349937,0.0260261077,0.01931025685,0.01545768188,0.01235983961,0.00839790557,0.007117033627,0.005557839514,0.005136603366,0.004806764678,0.004440721892,0.004184683132,0.003677938348,0.003204923492,0.003093574562,0.002785881376
1,30000,endpoint,23,attention,k_proj,self_attn,16,3584,512,16,65536,512,3584,1835008,16,32,2,0.02259633513,0.011906519,1.668088262e-05,20.53705367,2.174488207,0.001100271514,0.005475550045,0.0005105943613,0.0002672683754,184,0.9971616041,0.004453855243,142,3.601690545,8.129958038,0.2776473957,0.4913529353,0.7573562127,0.9062602236,1,8,11,15,0.011906519,0.0104459008,0.009579297823,0.006637531677,0.005307898384,0.004474184425,0.004142551675,0.003267522367,0.003223611577,0.002998589845,0.002701553282,0.002440150088,0.002206906768,0.002016616745,0.001933182184,0.001597714638
1,30000,endpoint,23,attention,v_proj,self_attn,16,3584,512,16,65536,512,3584,1835008,16,32,2,0.02580445739,0.01948559844,1.904915652e-05,27.55447356,1.867441918,0.0009364888549,0.01043437991,0.0006658700211,0.0003485467374,150,0.9867687035,0.005808306768,64,1.753726909,4.070337411,0.5702142079,0.7994861613,0.9030636302,0.9650436268,1,4,7,13,0.01948559844,0.01235578085,0.006449513466,0.005231912412,0.004120219397,0.002980770778,0.002872480856,0.002675494921,0.00221504179,0.002011285161,0.001919808752,0.00168326608,0.001615927132,0.001483727373,0.001390316107,0.001029575722
1,30000,endpoint,23,attention,o_proj,self_attn,16,3584,3584,16,114688,3584,3584,12845056,16,32,2,0.071537449,0.06786945154,1.996022573e-05,64.92898925,5.386493537,0.001101779803,0.01259993186,0.00511760661,0.002678788699,83,0.8587899466,0.006377183913,39,1.111010643,1.666955224,0.9000813865,0.935703164,0.9740486737,0.9934953943,1,1,3,7,0.06786945154,0.01350178669,0.01125717492,0.008337460453,0.005638156218,0.005288293008,0.00487773674,0.003996686364,0.0035774021,0.00215092535,0.002009711559,0.001936801149,0.001793379918,0.001517932504,0.00127638193,0.0009613046673
1,30000,endpoint,23,mlp,gate_proj,mlp,16,3584,18944,16,360448,18944,3584,67895296,16,32,2,0.1981263281,0.1759250623,2.404486526e-05,137.9935184,14.32737491,0.001435765465,0.01227894596,0.0392540419,0.02054735579,1,0.02054735579,0.009254282247,5,1.268320333,2.568380544,0.7884443494,0.8658422751,0.9271106863,0.9760769587,1,3,6,12,0.1759250623,0.05511970082,0.04020885228,0.028076342,0.02755965237,0.02305956124,0.01916508018,0.01623410006,0.0150746718,0.01309888671,0.0116399043,0.01078126758,0.01062246134,0.009182982849,0.00747723034,0.005954289922
1,30000,endpoint,23,mlp,up_proj,mlp,16,3584,18944,16,360448,18944,3584,67895296,16,32,2,0.1679510695,0.1514444085,2.038275718e-05,141.4665659,6.612890248,0.001187213872,0.02290139452,0.02820756174,0.01476512428,19,0.3182190464,0.006650034625,32,1.229869583,2.333698128,0.8130943424,0.8902761311,0.9386538987,0.980630736,1,3,5,11,0.1514444085,0.04665951209,0.02780250956,0.02432363724,0.02121646893,0.01882008858,0.01464958697,0.01284988496,0.01260069287,0.01001246564,0.008554577836,0.007515570279,0.007270308338,0.006555111774,0.005770999831,0.005341991216
1,30000,endpoint,23,mlp,down_proj,mlp,16,18944,3584,16,360448,3584,18944,67895296,16,32,2,0.08113496088,0.07831784657,9.846642902e-06,138.762284,5.286413045,0.0005847047091,0.01481493139,0.006582881878,0.0034457806,62,0.793416242,0.001551938194,171,1.073234406,1.455460051,0.9317628973,0.9586176589,0.9816008047,0.9950745886,1,1,2,6,0.07831784657,0.01329592883,0.009858915945,0.007355073786,0.006422992693,0.004670069384,0.003757490971,0.00339311158,0.002981399828,0.002438020416,0.002192589967,0.002088434401,0.001663887501,0.001503103412,0.001399212541,0.001198360019
1,30000,endpoint,24,attention,q_proj,self_attn,16,3584,3584,16,114688,3584,3584,12845056,16,32,2,0.07790683886,0.06689087382,2.173739924e-05,56.75886606,3.822658251,0.001372593293,0.01749852313,0.006069475541,0.003177040309,72,0.8263616185,0.007563332772,16,1.356492594,2.978513649,0.7371953261,0.8217185094,0.9228975272,0.9756220801,1,4,6,12,0.06689087382,0.02264975483,0.02091883791,0.01328554834,0.01064934429,0.009406094268,0.008467111532,0.006814342453,0.005296866322,0.005031388358,0.004966917485,0.004468289421,0.004125335774,0.003452827277,0.00329560286,0.003186257646
1,30000,endpoint,24,attention,k_proj,self_attn,16,3584,512,16,65536,512,3584,1835008,16,32,2,0.03280743043,0.0231858553,2.421883428e-05,19.46239995,1.825873274,0.001685682676,0.01269850193,0.001076327491,0.0005633988971,142,0.983464762,0.009388679555,4,2.002157282,5.576062479,0.4994612607,0.6828590569,0.834339372,0.925958638,1,7,10,15,0.0231858553,0.01404977188,0.01076924058,0.006860458064,0.006314173173,0.00476387866,0.004519287066,0.003952854213,0.003849453194,0.003596691784,0.003348595831,0.003173550303,0.003153826871,0.002839942963,0.002638976212,0.002382784251
1,30000,endpoint,24,attention,v_proj,self_attn,16,3584,512,16,65536,512,3584,1835008,16,32,2,0.02488425098,0.01515895975,1.836984923e-05,31.05244558,2.314050722,0.0008013620349,0.006550832965,0.0006192259466,0.0003241311015,158,0.9894653516,0.00540143593,84,2.694699525,7.131755778,0.371098889,0.5963728999,0.7769314662,0.9199388827,1,8,10,14,0.01515895975,0.01181082184,0.00826228706,0.006598572702,0.005580132302,0.005033361908,0.004337647141,0.003642267353,0.003198732407,0.003039835257,0.002735023778,0.002560711802,0.002344917024,0.002123732138,0.001956613257,0.001492857763
1,30000,endpoint,24,attention,o_proj,self_attn,16,3584,3584,16,114688,3584,3584,12845056,16,32,2,0.07123008898,0.05962136736,1.987446679e-05,65.25187348,6.236852365,0.00109161753,0.009559528408,0.005073725575,0.002655819364,84,0.8614457659,0.006322502605,42,1.427325779,2.892855207,0.7006109008,0.8663662468,0.9494407104,0.9875439403,1,3,5,9,0.05962136736,0.02899995066,0.0160324116,0.01282414944,0.008382209285,0.007675718663,0.006572180335,0.004577519915,0.004194494794,0.003363975737,0.003035607233,0.002649720738,0.002560056004,0.00241124871,0.001809300897,0.001552739849
1,30000,endpoint,24,mlp,gate_proj,mlp,16,3584,18944,16,360448,18944,3584,67895296,16,32,2,0.1976170069,0.1793687622,2.398305338e-05,135.5493945,12.74504214,0.00145789664,0.01407361077,0.03905248141,0.02044184984,2,0.04098920563,0.009206763632,6,1.21382202,2.284895942,0.8238440095,0.8876932485,0.9392900231,0.9790835606,1,3,5,11,0.1793687622,0.0499346695,0.03511975851,0.02795683539,0.02396197462,0.02049386967,0.01816130158,0.0151666933,0.01341915899,0.01211385035,0.01146960863,0.01067549883,0.00883363852,0.008443259397,0.007336817818,0.006430456421
1,30000,endpoint,24,mlp,up_proj,mlp,16,3584,18944,16,360448,18944,3584,67895296,16,32,2,0.1549882936,0.130762579,1.880957808e-05,142.8441369,6.67613588,0.001085016837,0.01958656644,0.02402137117,0.01257388121,37,0.5643145929,0.005663125068,72,1.404852857,3.006368634,0.7118183198,0.8354983563,0.935548282,0.9818342861,1,3,5,11,0.130762579,0.05450655064,0.04110906641,0.02670919427,0.02205746409,0.01720844141,0.01411355344,0.01140169792,0.0102652444,0.009527443243,0.008472654791,0.007341737542,0.006052845266,0.005718224888,0.004855881484,0.004649336765
1,30000,endpoint,24,mlp,down_proj,mlp,16,18944,3584,16,360448,3584,18944,67895296,16,32,2,0.07456169549,0.0704028964,9.048902985e-06,140.9684439,5.421981501,0.0005289247257,0.01298471719,0.005559446435,0.002910067814,80,0.8504819583,0.001310659589,185,1.121632274,1.696739231,0.891557798,0.9400167728,0.9760542603,0.9935240364,1,2,3,7,0.0704028964,0.01641356374,0.01178427926,0.007840870071,0.006633894942,0.005092985965,0.003825089354,0.003541738014,0.003180203633,0.002583091945,0.002259988756,0.002130211097,0.001937020794,0.001678364918,0.001354528871,0.00108058231
1,30000,endpoint,25,attention,q_proj,self_attn,16,3584,3584,16,114688,3584,3584,12845056,16,32,2,0.06675561046,0.06191300713,1.862600738e-05,55.28542481,3.810693367,0.001207472145,0.01624717634,0.004456311527,0.002332636693,105,0.9134935744,0.005553126755,79,1.162550285,1.952126041,0.8601778461,0.916243356,0.9633866396,0.9873291088,1,2,4,9,0.06191300713,0.01580649797,0.01072881136,0.009745653626,0.006096721624,0.005198596175,0.005157209708,0.003987840614,0.00368896312,0.003585408293,0.002814179298,0.002514794823,0.002418098085,0.002043463171,0.001822730995,0.001553303161
1,30000,endpoint,25,attention,k_proj,self_attn,16,3584,512,16,65536,512,3584,1835008,16,32,2,0.02779351139,0.01742436984,2.051749978e-05,17.70021914,1.800611231,0.00157023544,0.009676919448,0.0007724792754,0.0004043508832,146,0.9852781465,0.006738246897,30,2.544325529,6.778494056,0.3930314688,0.6250509077,0.7898147274,0.9200857405,1,7,10,14,0.01742436984,0.01338768867,0.008809882699,0.007047169849,0.006156161945,0.005058273148,0.004659266916,0.003929177082,0.003761018836,0.003129871325,0.00308113291,0.002834277459,0.002652844783,0.002382943648,0.001964662622,0.001920504682
1,30000,endpoint,25,attention,v_proj,self_attn,16,3584,512,16,65536,512,3584,1835008,16,32,2,0.02021345705,0.01404646447,1.492181376e-05,33.9312262,3.092621101,0.0005957184375,0.00454192868,0.0004085838461,0.0002138714193,194,0.9995811526,0.00356402938,166,2.070842846,5.80203123,0.4828951661,0.6411354644,0.8276639764,0.9383461039,1,6,9,14,0.01404646447,0.008040797824,0.006915656041,0.005327873719,0.004487499744,0.003335224965,0.002824058701,0.002446679847,0.002402830146,0.002115184605,0.002010805274,0.001831422058,0.001589135873,0.001484793845,0.00122892743,0.00114259116
1,30000,endpoint,25,attention,o_proj,self_attn,16,3584,3584,16,114688,3584,3584,12845056,16,32,2,0.05400976141,0.04773148392,1.506968789e-05,68.82572839,5.375983771,0.0007847321441,0.008878651045,0.002917054328,0.001526919273,138,0.9800027915,0.003635017959,164,1.280367509,2.468508828,0.7810257547,0.8810417269,0.9494585581,0.9866574458,1,3,5,9,0.04773148392,0.01708075012,0.01047760739,0.009476041194,0.007544711875,0.00449813183,0.004197200733,0.003706590774,0.00329696553,0.002836703485,0.002747672517,0.001910235751,0.001863526184,0.001554520396,0.001354076735,0.001040478235
1,30000,endpoint,25,mlp,gate_proj,mlp,16,3584,18944,16,360448,18944,3584,67895296,16,32,2,0.1688323913,0.1529975358,2.048971553e-05,134.1370003,12.38991534,0.001258656381,0.01234855378,0.02850437636,0.01492049059,18,0.3034539221,0.006720009745,31,1.217706632,2.350446954,0.8212158609,0.8812746007,0.9331203278,0.9720941777,1,3,6,12,0.1529975358,0.04137555949,0.0284957863,0.02580349357,0.02025814926,0.01606837862,0.01553045337,0.01418255624,0.01306664366,0.01140770093,0.01078531315,0.01023206155,0.009578710167,0.008895116955,0.007792114595,0.006477294012
1,30000,endpoint,25,mlp,up_proj,mlp,16,3584,18944,16,360448,18944,3584,67895296,16,32,2,0.1443788881,0.1264208727,1.752200702e-05,144.3501976,7.779125963,0.001000198757,0.01625129524,0.02084526334,0.01091136152,45,0.6569777241,0.004914346169,115,1.304276946,2.569149484,0.7667083305,0.8715239075,0.9521580796,0.9852016218,1,3,4,10,0.1264208727,0.04674300274,0.03158017245,0.02614446902,0.01785273424,0.01211781464,0.01103537882,0.01007274541,0.00874838898,0.007655657924,0.006986146076,0.006089354821,0.005522649982,0.00481131877,0.004235700818,0.003982033589
1,30000,endpoint,25,mlp,down_proj,mlp,16,18944,3584,16,360448,3584,18944,67895296,16,32,2,0.0634101998,0.05828700466,7.695543166e-06,143.7408991,6.699544854,0.0004411423625,0.008700143954,0.004020853438,0.002104698069,119,0.9442345703,0.0009479307299,194,1.183517728,1.962114231,0.8449387584,0.9300554309,0.9687665036,0.9915363156,1,2,3,8,0.05828700466,0.01849977474,0.01027754137,0.007072742948,0.006169041721,0.005240470031,0.003782802549,0.003424161221,0.003043038331,0.002522240657,0.002446590284,0.002051728517,0.001611857414,0.001472033996,0.001338997156,0.001286926011
1,30000,endpoint,26,attention,q_proj,self_attn,16,3584,3584,16,114688,3584,3584,12845056,16,32,2,0.07020278514,0.05958534239,1.958783067e-05,51.73384417,3.952973902,0.0013569992,0.01507354814,0.004928431041,0.002579765578,90,0.877167806,0.006141447272,51,1.388128931,2.860893751,0.7203941778,0.8440628496,0.9470788381,0.9840394715,1,3,5,10,0.05958534239,0.02468790232,0.01983199649,0.01069575199,0.008438589542,0.006813030399,0.006142473127,0.005176946971,0.00445820732,0.004091018499,0.003399347699,0.003154295751,0.002700030788,0.002621642995,0.002121635937,0.001370640587
1,30000,endpoint,26,attention,k_proj,self_attn,16,3584,512,16,65536,512,3584,1835008,16,32,2,0.02392376358,0.01388919922,1.766080604e-05,16.94211667,1.92705708,0.001412088232,0.007207466432,0.0005723464639,0.0002995922422,170,0.9932052492,0.004992511653,111,2.966911484,7.254747442,0.3370508374,0.5800278842,0.7916677003,0.9158873979,1,8,10,15,0.01388919922,0.01179266948,0.008448421571,0.007053755974,0.005243362961,0.004017573343,0.003915787098,0.003482752555,0.003304022216,0.00306129425,0.002767008128,0.002326027216,0.002132777881,0.002066073533,0.001858939858,0.001585455691
1,30000,endpoint,26,attention,v_proj,self_attn,16,3584,512,16,65536,512,3584,1835008,16,32,2,0.02145577676,0.01408654346,1.58389089e-05,40.57344237,3.178246661,0.0005288133199,0.004432174391,0.0004603503562,0.0002409683717,190,0.9986797521,0.004015582629,159,2.319955234,6.300876706,0.4310428001,0.6392714937,0.8220940373,0.9251704203,1,7,10,15,0.01408654346,0.009790717712,0.007074697681,0.005840468797,0.004199136357,0.003513431483,0.003184286515,0.002708250746,0.002619657018,0.002387552878,0.002257990395,0.002142279361,0.002036157765,0.001768793836,0.001619249007,0.00151670469
1,30000,endpoint,26,attention,o_proj,self_attn,16,3584,3584,16,114688,3584,3584,12845056,16,32,2,0.05350391828,0.04367605265,1.492854863e-05,71.58582662,6.28160328,0.0007474093799,0.006953010355,0.002862669272,0.001498451655,139,0.9815012432,0.003567247313,165,1.500667284,3.007283403,0.6663702278,0.8510728843,0.9609684321,0.9885519933,1,3,4,9,0.04367605265,0.02299440408,0.01476126068,0.009833605182,0.005252246118,0.004755639801,0.003987778246,0.003585810729,0.003225150687,0.002522413918,0.00234108603,0.001902739698,0.001799267446,0.001244400415,0.001078477156,0.0009785587573
1,30000,endpoint,26,mlp,gate_proj,mlp,16,3584,18944,16,360448,18944,3584,67895296,16,32,2,0.1651737623,0.142090835,2.004569961e-05,134.1689764,10.39277786,0.001231087594,0.01367207468,0.02728237175,0.01428083764,22,0.3617120277,0.006431917741,36,1.351294439,2.781581555,0.7400311663,0.8656229028,0.9390702405,0.979524696,1,3,5,11,0.142090835,0.0585358048,0.03761657165,0.02426543029,0.02064892372,0.01737685184,0.01465556,0.01267182013,0.01134808172,0.009669571668,0.009231305078,0.008917457513,0.007630938467,0.006755163147,0.006044307043,0.005585708531
1,30000,endpoint,26,mlp,up_proj,mlp,16,3584,18944,16,360448,18944,3584,67895296,16,32,2,0.1398496751,0.1185937616,1.697233592e-05,145.8211616,10.30962363,0.0009590492464,0.0115032096,0.01955793163,0.01023751339,50,0.709419018,0.004610853065,137,1.390590426,2.952414952,0.7191190026,0.848205226,0.929884324,0.9830862066,1,4,5,10,0.1185937616,0.0502459902,0.03107006353,0.02514210347,0.02316077207,0.01505493201,0.01316212965,0.01020807447,0.009092709069,0.008247328829,0.006971445456,0.006252418867,0.005901090659,0.004720904842,0.00446599971,0.003918451658
1,30000,endpoint,26,mlp,down_proj,mlp,16,18944,3584,16,360448,3584,18944,67895296,16,32,2,0.05713993512,0.05131644684,6.934575804e-06,143.6608163,5.923698747,0.0003977419633,0.00866290624,0.003264972186,0.001709035348,134,0.9734995678,0.0007697289928,195,1.239841959,2.211085963,0.8065544102,0.9035709318,0.9637546361,0.9897505067,1,2,3,9,0.05131644684,0.01779764716,0.01248802894,0.006367672567,0.006268071289,0.004680916147,0.003524283899,0.003354925309,0.003099643619,0.002465525303,0.002215944568,0.001979131197,0.00181708365,0.00154683827,0.001499243452,0.001004042642
1,30000,endpoint,27,attention,q_proj,self_attn,16,3584,3584,16,114688,3584,3584,12845056,16,32,2,0.1268813793,0.1079734415,3.540217055e-05,56.62146747,7.863893293,0.002240870555,0.01373027805,0.0160988844,0.008426890318,57,0.7748277498,0.02006124238,1,1.380898932,2.423290015,0.7241659594,0.8767235899,0.9925174851,0.9988178663,1,3,3,4,0.1079734415,0.04955812403,0.037429548,0.02152165118,0.006730771236,0.005409201025,0.004004161414,0.003291361765,0.002384811336,0.001846576822,0.001713008631,0.001414334251,0.001312250378,0.001162521299,0.001083748801,0.0008666921407
1,30000,endpoint,27,attention,k_proj,self_attn,16,3584,512,16,65536,512,3584,1835008,16,32,2,0.02012078244,0.01106711881,1.485340026e-05,18.0091123,2.115520377,0.001117255648,0.00523139315,0.0004048458859,0.0002119148005,195,0.9997930674,0.003531423588,167,3.305373841,7.956780599,0.3025376397,0.5410869204,0.7480055962,0.9118486588,1,8,11,15,0.01106711881,0.009827293365,0.007022367964,0.005869967872,0.005003983774,0.003904777083,0.003854780865,0.003344355938,0.002796820489,0.002599953777,0.002414064389,0.002177517206,0.00180380064,0.001733155006,0.001540884956,0.001380074565
1,30000,endpoint,27,attention,v_proj,self_attn,16,3584,512,16,65536,512,3584,1835008,16,32,2,0.02862900317,0.02475875708,2.113426972e-05,36.6731718,4.568173144,0.0007806524978,0.005419837712,0.0008196198223,0.0004290263954,144,0.9844449932,0.007149448406,25,1.337071942,2.470295819,0.7479029126,0.9178208116,0.9549176286,0.984959501,1,2,4,10,0.02475875708,0.01180118969,0.004294578697,0.003458595146,0.002728480915,0.002690202951,0.002381688426,0.002066077033,0.001676054038,0.001493811818,0.001466951167,0.001300275756,0.001086413811,0.0009576624684,0.0008638726755,0.000774925223
1,30000,endpoint,27,attention,o_proj,self_attn,16,3584,3584,16,114688,3584,3584,12845056,16,32,2,0.05513863335,0.04611329141,1.538466332e-05,66.84974798,10.33845757,0.0008248143788,0.004460364719,0.003040268888,0.001591415394,137,0.9784758722,0.003788558856,161,1.429748836,2.499924629,0.6994235456,0.8938862029,0.9858831276,0.99956329,1,3,3,5,0.04611329141,0.02431499058,0.01430749892,0.008659726462,0.005244751297,0.003276497911,0.001587381398,0.0009103503788,0.0006458479846,0.0005432966659,0.0004594557792,0.0003983680482,0.0002959272822,0.0002636631676,0.0002351112922,0.0001823723166
1,30000,endpoint,27,mlp,gate_proj,mlp,16,3584,18944,16,360448,18944,3584,67895296,16,32,2,0.18181605,0.1488418829,2.206542899e-05,139.6109423,14.51319148,0.001302305156,0.01025562731,0.03305707602,0.01730358122,5,0.09402797024,0.007793325144,12,1.492155643,2.782512015,0.6701713757,0.844831413,0.9799303471,0.9966431812,1,3,3,6,0.1488418829,0.07598519679,0.05990663378,0.0296170722,0.01676732714,0.01200101442,0.00839652259,0.007537123307,0.006018971901,0.005405146281,0.004437358179,0.003548369715,0.002447668647,0.002005431388,0.001511827689,0.0009713140659
1,30000,endpoint,27,mlp,up_proj,mlp,16,3584,18944,16,360448,18944,3584,67895296,16,32,2,0.1367747973,0.107351892,1.65991648e-05,144.9409087,16.81519513,0.0009436590298,0.006384219225,0.01870734518,0.009792277652,52,0.729126409,0.004410324236,144,1.623277443,3.170355392,0.6160376368,0.8164451576,0.9673273356,0.9982736556,1,3,4,6,0.107351892,0.0612298348,0.04405306467,0.029697348,0.01771953891,0.01363197086,0.006975304382,0.005518689175,0.003448473559,0.002711652589,0.002387131377,0.001752686903,0.001398534008,0.001075887451,0.0008317336539,0.0006890360383
1,30000,endpoint,27,mlp,down_proj,mlp,16,18944,3584,16,360448,3584,18944,67895296,16,32,2,0.03953033242,0.0289255464,4.797451837e-06,133.3173948,7.978114148,0.000296512938,0.003625612001,0.001562647181,0.0008179608024,140,0.982319204,0.0003683997206,196,1.867659882,3.185309812,0.5354293947,0.844817737,0.9703241084,0.9997057636,1,3,4,5,0.0289255464,0.02198783348,0.01132263657,0.008241363885,0.006322866753,0.002265377017,0.000698284588,0.0005612328251,0.0004394215702,0.0003198559541,0.0002472700404,0.0002084900644,0.000166707805,0.0001194394571,0.0001108613195,7.369175345e-05
2,2000,first_saved,0,attention,q_proj,self_attn,16,3584,3584,16,114688,3584,3584,12845056,16,32,2,0.03302295646,0.02883632642,9.213994549e-06,74.54172753,22.88633987,0.0004430130285,0.001259979821,0.001090515654,0.003711233413,87,0.871358428,0.008599657425,30,1.311450908,3.018332349,0.762514246,0.8197531526,0.8898630664,0.9507061833,1,5,8,14,0.02883632642,0.007900628053,0.006793005071,0.005505546347,0.004887132189,0.003943825192,0.003839016009,0.003489198939,0.003284918032,0.003004818807,0.002801272516,0.002553108928,0.002454084178,0.002293710548,0.002201881669,0.001854357894
2,2000,first_saved,0,attention,k_proj,self_attn,16,3584,512,16,65536,512,3584,1835008,16,32,2,0.01041963917,0.007308430317,7.691901224e-06,37.19750106,4.175160803,0.0002801166441,0.001750454812,0.0001085688804,0.0003694806719,159,0.9913229342,0.005993115482,69,2.032624416,6.16563361,0.4919748046,0.6439287148,0.7840110683,0.9247218812,1,7,10,14,0.007308430317,0.004061707264,0.002869655545,0.002640769079,0.00223927384,0.002069387551,0.001859678814,0.001587985504,0.0013308346,0.001195286234,0.001096488756,0.001040995651,0.0009658745578,0.0008465871087,0.0007449003839,0.0006946737721
2,2000,first_saved,0,attention,v_proj,self_attn,16,3584,512,16,65536,512,3584,1835008,16,32,2,0.007411183254,0.00504158416,5.471023385e-06,12.18984879,1.247592157,0.0006079799167,0.004041051503,5.492563723e-05,0.0001869224522,185,0.9981988046,0.003031952487,142,2.160931805,7.368130736,0.4627633309,0.5655033687,0.7087119458,0.8802113461,1,9,12,15,0.00504158416,0.002375513006,0.0021178713,0.001838598247,0.001770913945,0.001567935452,0.001495995848,0.001259822403,0.001203443391,0.001054092372,0.0009259074295,0.0008951797226,0.0008692247489,0.00079797554,0.0007435797544,0.0006451376926
2,2000,first_saved,0,attention,o_proj,self_attn,16,3584,3584,16,114688,3584,3584,12845056,16,32,2,0.01904325234,0.01199518788,5.31340746e-06,44.5817881,5.992457152,0.000427153175,0.002001714417,0.0003626454595,0.001234151882,134,0.9754793856,0.002859772538,150,2.520392249,8.400478238,0.3967636389,0.5317883622,0.6859336221,0.858451404,1,10,12,15,0.01199518788,0.006997578354,0.005493294394,0.005071863101,0.004536541894,0.004174196213,0.00355608793,0.003451507287,0.003222638978,0.003164413188,0.002878580651,0.002614896275,0.002175672106,0.002054536627,0.001871544177,0.001830788428
2,2000,first_saved,0,mlp,gate_proj,mlp,16,3584,18944,16,360448,18944,3584,67895296,16,32,2,0.03805645342,0.0250533024,4.618579991e-06,126.559206,37.77510071,0.0003007007916,0.0006632226502,0.001448293647,0.004928820376,64,0.775149439,0.002160738392,174,2.307420063,8.214045255,0.4333844609,0.5214981175,0.6643294784,0.8501122465,1,10,13,16,0.0250533024,0.01129665655,0.01047889761,0.009851622071,0.00900553796,0.008658305677,0.007999271166,0.007000977965,0.006668700329,0.006382295781,0.005505330567,0.005196598218,0.004939269078,0.004401924273,0.00402117818,0.003823575503
2,2000,first_saved,0,mlp,up_proj,mlp,16,3584,18944,16,360448,18944,3584,67895296,16,32,2,0.04136381237,0.02887638618,5.019965315e-06,108.7673587,7.836136441,0.0003802961924,0.003685028508,0.001710964973,0.005822741157,59,0.7479689672,0.002552623022,164,2.051896432,7.218184891,0.4873540323,0.573238826,0.6938344139,0.8656176413,1,10,12,15,0.02887638618,0.01212212332,0.01053472959,0.009764952598,0.009275895506,0.009082457639,0.008265744104,0.007553759682,0.006788437801,0.006459968488,0.006261455438,0.005387575767,0.004701797078,0.004545156817,0.004037145301,0.00384886254
2,2000,first_saved,0,mlp,down_proj,mlp,16,18944,3584,16,360448,3584,18944,67895296,16,32,2,0.02010825267,0.008621162686,2.440363331e-06,115.2490974,6.52738734,0.0001744764438,0.001320767749,0.0004043418254,0.001376052593,126,0.9650880932,0.0006032456939,194,5.440226559,12.2774637,0.1838158741,0.3274830242,0.5392953509,0.7883586692,1,11,13,16,0.008621162686,0.007621721442,0.006761675166,0.006318570389,0.005568575926,0.005228969601,0.004782065099,0.004414454578,0.00417070962,0.003845270422,0.00360218457,0.003250616922,0.003153576036,0.002796874748,0.002580002188,0.002329874069
2,2000,first_saved,1,attention,q_proj,self_attn,16,3584,3584,16,114688,3584,3584,12845056,16,32,2,0.01676860709,0.01146311359,4.678740817e-06,56.73764755,10.46560968,0.0002955463932,0.001095312547,0.0002811861837,0.0009569303815,139,0.980987241,0.002217395821,173,2.139876874,7.140826512,0.4673166069,0.5832542895,0.7252093271,0.8842961408,1,9,12,15,0.01146311359,0.005709647497,0.004703866912,0.004217751929,0.004036102225,0.003574118671,0.002924625387,0.002667421026,0.002621378009,0.002352344106,0.002163421226,0.002053106746,0.002004635744,0.001799265279,0.001532835759,0.001275945522
2,2000,first_saved,1,attention,k_proj,self_attn,16,3584,512,16,65536,512,3584,1835008,16,32,2,0.007071529575,0.004735302958,5.22028701e-06,29.89003685,4.705555086,0.0002365848397,0.001006321862,5.000653053e-05,0.0001701817909,190,0.9990870364,0.002760412664,155,2.230135159,7.412537875,0.4484033158,0.5487860737,0.7173489939,0.892290782,1,9,11,15,0.004735302958,0.002240489555,0.002083684545,0.00202175803,0.00161263897,0.001518446634,0.001462002438,0.001305563523,0.001137942217,0.001006430585,0.0009531141901,0.0007998126122,0.0007175991635,0.0006522838113,0.0005631797294,0.0005221381753
2,2000,first_saved,1,attention,v_proj,self_attn,16,3584,512,16,65536,512,3584,1835008,16,32,2,0.007547217399,0.00483089147,5.571445404e-06,18.31095231,1.461890916,0.0004121695731,0.003304549893,5.696049047e-05,0.0001938474471,183,0.9978221183,0.003144278509,134,2.440726737,5.411499952,0.4097140351,0.7328832563,0.8484238445,0.9393212558,1,6,9,14,0.00483089147,0.004290440227,0.001945857621,0.001671791462,0.001418269675,0.001129677011,0.00102694539,0.0009139394287,0.0008593027534,0.0007932775409,0.0007178714571,0.0007036738051,0.0005925611163,0.0005432214434,0.000479567189,0.0004493343918
2,2000,first_saved,1,attention,o_proj,self_attn,16,3584,3584,16,114688,3584,3584,12845056,16,32,2,0.01987245181,0.01239749324,5.544768921e-06,51.75558905,3.71699528,0.0003839672619,0.003335353507,0.0003949143411,0.00134396906,128,0.9677801785,0.003114240528,137,2.569420263,8.194889318,0.389192852,0.5415743659,0.7090846606,0.8697183838,1,10,12,15,0.01239749324,0.007757425163,0.006461222763,0.004940123286,0.004486445566,0.004140471296,0.003903673165,0.003305480355,0.003249645553,0.003011527105,0.0027336903,0.002576367419,0.002530650329,0.002001807347,0.001951872306,0.001867786369
2,2000,first_saved,1,mlp,gate_proj,mlp,16,3584,18944,16,360448,18944,3584,67895296,16,32,2,0.0318601995,0.02821324124,3.86659467e-06,123.1204121,20.77054609,0.0002587726841,0.001358329295,0.001015072312,0.003454485289,91,0.8855426744,0.001514406779,186,1.27523733,2.613651455,0.7841677595,0.8615373068,0.9226757384,0.9772463904,1,4,6,11,0.02821324124,0.008862036181,0.006108846249,0.004974125712,0.004308527519,0.003891272111,0.003630033476,0.002917294443,0.002663376574,0.002254684714,0.001863537101,0.001553860085,0.001446600075,0.001165126948,0.0009780280228,0.0007908338082
2,2000,first_saved,1,mlp,up_proj,mlp,16,3584,18944,16,360448,18944,3584,67895296,16,32,2,0.03498583752,0.02997279609,4.245926108e-06,101.2989287,8.822049724,0.0003453722361,0.003397486642,0.001224008827,0.004165536222,75,0.8242231274,0.001826123363,180,1.362479672,3.056112929,0.7339559043,0.8104731591,0.9139604582,0.9746381378,1,4,6,11,0.02997279609,0.009677695761,0.008322037205,0.007577140905,0.00552636541,0.004149779262,0.003991477026,0.003252190639,0.003125569071,0.002703534676,0.002415930367,0.001692563624,0.001521920586,0.001079297595,0.001006641651,0.0008768793214
2,2000,first_saved,1,mlp,down_proj,mlp,16,18944,3584,16,360448,3584,18944,67895296,16,32,2,0.01885958657,0.01085795742,2.288823613e-06,101.4703818,13.527541,0.0001858629704,0.0008026556654,0.0003556840057,0.001210460723,135,0.9766898463,0.000530652115,196,3.016949687,9.865776444,0.3314606154,0.4617797624,0.6277032938,0.8314057659,1,11,13,16,0.01085795742,0.00680826235,0.005616013883,0.005241825479,0.004699024238,0.004539277979,0.004041381886,0.003665388156,0.003429954969,0.003115531539,0.002903092489,0.002827295876,0.002682177403,0.002426876559,0.002255614416,0.001975346771
2,2000,first_saved,2,attention,q_proj,self_attn,16,3584,3584,16,114688,3584,3584,12845056,16,32,2,0.01767029998,0.007363761205,4.930329235e-06,65.36730749,5.545589746,0.0002703232037,0.001327858991,0.0003122395014,0.001062610763,138,0.9800303106,0.00246227804,167,5.758222624,12.7663989,0.1736646992,0.312426778,0.5081465095,0.7704407585,1,12,14,16,0.007363761205,0.006582324991,0.005636753878,0.005416496755,0.004979534766,0.004699132979,0.0043626503,0.003998536063,0.003637181399,0.003534501371,0.003212830189,0.003196767114,0.00277952747,0.002683144462,0.002434874682,0.002135515145
2,2000,first_saved,2,attention,k_proj,self_attn,16,3584,512,16,65536,512,3584,1835008,16,32,2,0.007030481847,0.003406835986,5.189985091e-06,31.76935015,3.030344924,0.0002212976285,0.001124240333,4.942767501e-05,0.0001682118349,191,0.9992552482,0.002728459236,160,4.258608637,10.56543747,0.2348184784,0.414653253,0.6308869654,0.8314508672,1,11,13,15,0.003406835986,0.002981411544,0.002512147856,0.002092138336,0.001715852284,0.001679092392,0.001455863354,0.001424910146,0.001392896799,0.001198149168,0.001136434942,0.001051607611,0.0009081703619,0.0008536012862,0.0007367789472,0.0006794513313
2,2000,first_saved,2,attention,v_proj,self_attn,16,3584,512,16,65536,512,3584,1835008,16,32,2,0.006937658586,0.00403646061,5.121461858e-06,14.76439726,1.211148926,0.0004698910808,0.003332753325,4.813110665e-05,0.0001637993647,192,0.9994190476,0.002656887309,162,2.954094675,7.590941579,0.338513186,0.5791984873,0.763839939,0.8980251777,1,9,12,15,0.00403646061,0.003403593675,0.002458190288,0.001686504644,0.001530476766,0.001315182202,0.001129559661,0.001053810062,0.001001056322,0.000870325358,0.0008195830794,0.0008011288858,0.0007499883035,0.0007131050057,0.0006278987044,0.0006081111395
2,2000,first_saved,2,attention,o_proj,self_attn,16,3584,3584,16,114688,3584,3584,12845056,16,32,2,0.01968888145,0.01001118112,5.493549511e-06,50.63907457,3.97244725,0.0003888080818,0.002520154578,0.0003876520527,0.001319254103,129,0.9690994326,0.003056971115,140,3.867866274,10.61511451,0.2585404792,0.4131051097,0.6132394631,0.8354148502,1,11,13,16,0.01001118112,0.007740626348,0.006622959138,0.005806798185,0.005376072137,0.004697012287,0.004317798602,0.004064392215,0.003606136628,0.003413777514,0.003052940644,0.00281141428,0.002648082131,0.00246130713,0.002162867101,0.002042256149
2,2000,first_saved,2,mlp,gate_proj,mlp,16,3584,18944,16,360448,18944,3584,67895296,16,32,2,0.03556866754,0.02806905636,4.316659107e-06,138.7303231,23.40659957,0.0002563871168,0.001199194111,0.001265130111,0.004305479818,72,0.8115605933,0.001887473032,179,1.60575605,4.676512951,0.6227596027,0.6995867613,0.8092622626,0.9325801687,1,7,9,14,0.02806905636,0.009858821007,0.008832986615,0.007793081967,0.007646763239,0.006036953007,0.005674152924,0.005375815755,0.004857618069,0.004079907673,0.00385554983,0.003288129767,0.002562820817,0.002349792714,0.001991891649,0.001821671822
2,2000,first_saved,2,mlp,up_proj,mlp,16,3584,18944,16,360448,18944,3584,67895296,16,32,2,0.03989825541,0.03432051516,4.842103443e-06,112.6574561,6.535581694,0.0003541554796,0.005251332899,0.001591870785,0.005417440846,63,0.7702206186,0.002374944009,169,1.351450726,3.108736428,0.7399455863,0.8228966065,0.8958038321,0.9632252531,1,5,7,12,0.03432051516,0.01149118382,0.008313390243,0.00685174614,0.006039627322,0.00534662563,0.005021688557,0.004128599088,0.003835854388,0.003343796338,0.003269377354,0.002847053777,0.00208607699,0.001906346671,0.001825641578,0.00159138522
2,2000,first_saved,2,mlp,down_proj,mlp,16,18944,3584,16,360448,3584,18944,67895296,16,32,2,0.01909162461,0.01038434744,2.316984046e-06,115.5624276,7.968331481,0.0001652061575,0.001303202241,0.0003644901302,0.001240429649,133,0.9742452337,0.000543790149,195,3.380082902,9.959597103,0.2958507318,0.4652471479,0.6495298716,0.8348449463,1,11,13,16,0.01038434744,0.007857691886,0.006049090965,0.005529713592,0.004921736008,0.004146583542,0.003658779496,0.003569482866,0.003334496335,0.003061776124,0.002899747359,0.002676120498,0.002641706374,0.002482670577,0.0024012997,0.002285910429
2,2000,first_saved,3,attention,q_proj,self_attn,16,3584,3584,16,114688,3584,3584,12845056,16,32,2,0.01780289139,0.00945662061,4.967324606e-06,67.87416794,7.394621595,0.0002622925912,0.001278851188,0.0003169429417,0.00107861747,137,0.9789676999,0.002499368728,166,3.544125994,10.35881865,0.2821570118,0.4160402226,0.6313217867,0.8338259221,1,11,13,16,0.00945662061,0.006514087707,0.006336977294,0.005298555558,0.004438614988,0.00414393812,0.003758777275,0.003630471547,0.003263104578,0.003049519894,0.002768419948,0.002534541913,0.002436681591,0.002222176242,0.00204450191,0.001891230764
2,2000,first_saved,3,attention,k_proj,self_attn,16,3584,512,16,65536,512,3584,1835008,16,32,2,0.006494834492,0.003025096853,4.794563859e-06,32.42493487,3.686256118,0.000200303702,0.0008206420705,4.218287508e-05,0.0001435563946,194,0.999724062,0.00232853872,170,4.609540225,11.47652929,0.2169413762,0.3697196361,0.5854235428,0.8075890858,1,11,13,16,0.003025096853,0.002538626844,0.002349146806,0.001892226264,0.001717368341,0.001532195971,0.00150405867,0.001346257906,0.001217636453,0.001195054313,0.001103771882,0.00104302373,0.0009604201322,0.0008362083808,0.0008270333459,0.0007705880268
2,2000,first_saved,3,attention,v_proj,self_attn,16,3584,512,16,65536,512,3584,1835008,16,32,2,0.007159090742,0.004026956768,5.284925702e-06,17.25056053,1.209028181,0.0004150062677,0.003330738547,5.125258025e-05,0.0001744223365,188,0.9987446639,0.002829195909,151,3.160543703,9.767343185,0.3164012569,0.4390831812,0.6465616224,0.848245215,1,10,13,15,0.004026956768,0.002507541659,0.002375561414,0.002233945708,0.001885930099,0.00159177517,0.001511554342,0.001400545415,0.001228720652,0.001212008198,0.001076984639,0.001024049724,0.0009502593108,0.000796319847,0.0007576876091,0.000692332049
2,2000,first_saved,3,attention,o_proj,self_attn,16,3584,3584,16,114688,3584,3584,12845056,16,32,2,0.02013064733,0.009838944955,5.61681008e-06,53.06764659,3.75741149,0.0003793393644,0.002618543373,0.0004052429618,0.001379119333,125,0.9637120406,0.00319569062,132,4.186185018,10.3667664,0.2388809849,0.4344365883,0.623148617,0.8479448161,1,10,13,16,0.009838944955,0.008902108286,0.006279915174,0.006085793854,0.005483734929,0.005168064122,0.004430136294,0.003832849383,0.003579158747,0.003192274802,0.003040905983,0.002859294659,0.002555726901,0.002358108843,0.002236952179,0.002024660425
2,2000,first_saved,3,mlp,gate_proj,mlp,16,3584,18944,16,360448,18944,3584,67895296,16,32,2,0.04278849917,0.03133545308,5.192867132e-06,153.4598448,22.24793407,0.0002788253775,0.001408465747,0.001830855661,0.006230752106,57,0.7359495813,0.002731490349,159,1.864584846,5.92785166,0.5363124142,0.6560482584,0.7747723826,0.9028093967,1,8,11,15,0.03133545308,0.01480604769,0.01162332527,0.00907000796,0.008525111734,0.007724015001,0.007274062996,0.007011944225,0.006037194038,0.005721633378,0.005301140033,0.004745215471,0.004528477002,0.003975612855,0.003512202156,0.003080559194
2,2000,first_saved,3,mlp,up_proj,mlp,16,3584,18944,16,360448,18944,3584,67895296,16,32,2,0.04429477703,0.03544913513,5.375670945e-06,132.2382021,7.259781881,0.0003349620331,0.004882947686,0.001962027272,0.006677154193,52,0.7044950885,0.00292718791,149,1.561326575,4.4622946,0.6404809963,0.707080479,0.8250978084,0.9362997279,1,7,9,14,0.03544913513,0.011431098,0.01120025886,0.0103008456,0.008632474443,0.007634351965,0.007036865347,0.005988387101,0.00535958009,0.004610384498,0.004267684877,0.004191517016,0.003732428647,0.003251079351,0.002917491927,0.002491320584
2,2000,first_saved,3,mlp,down_proj,mlp,16,18944,3584,16,360448,3584,18944,67895296,16,32,2,0.0226819404,0.0140008738,2.752709375e-06,131.1027303,17.02716446,0.0001730089095,0.0008222669036,0.0005144704203,0.001750841272,116,0.9492614366,0.0007675487573,193,2.624521459,8.65516072,0.3810218418,0.5079444859,0.6752628608,0.8637647891,1,10,13,15,0.0140008738,0.008080714451,0.006907335766,0.006194276979,0.006030604532,0.005024484384,0.00461482093,0.003750794541,0.003578089828,0.00346803,0.003127310318,0.003031841866,0.002793265739,0.002692680965,0.002549554896,0.002175729294
2,2000,first_saved,4,attention,q_proj,self_attn,16,3584,3584,16,114688,3584,3584,12845056,16,32,2,0.01631255914,0.008213090667,4.551495296e-06,64.63333065,6.627741599,0.0002523861756,0.001239198986,0.0002660995858,0.0009055878022,140,0.9818928288,0.002098424971,176,3.944854269,10.71246845,0.2534947888,0.4099207699,0.6108582907,0.8313788009,1,11,13,16,0.008213090667,0.00645173533,0.005498946486,0.004819852548,0.004387786715,0.003875052616,0.003686074733,0.003290070585,0.003098194676,0.00279828849,0.002532700978,0.00235522468,0.002209376788,0.002009026832,0.001972569945,0.001634190377
2,2000,first_saved,4,attention,k_proj,self_attn,16,3584,512,16,65536,512,3584,1835008,16,32,2,0.006375961178,0.003593650751,4.706810169e-06,29.07658056,3.357360974,0.0002192816712,0.001070379616,4.065288094e-05,0.0001383495318,195,0.9998624116,0.002244081447,171,3.147890321,9.950437553,0.3176730756,0.4653714191,0.6213136012,0.8316543924,1,11,13,15,0.003593650751,0.00245038021,0.001870732392,0.001685188204,0.001628900699,0.001476862294,0.001408498473,0.001316302195,0.001178320324,0.001139212623,0.0009867536841,0.0009405079125,0.0008847832976,0.0008006789462,0.0006995713994,0.0006212273227
2,2000,first_saved,4,attention,v_proj,self_attn,16,3584,512,16,65536,512,3584,1835008,16,32,2,0.007113144128,0.004729009004,5.251007367e-06,20.84608852,1.508170611,0.0003412220054,0.003135592864,5.059681938e-05,0.0001721906568,189,0.9989168546,0.002792997225,153,2.262470552,6.643160556,0.4419947031,0.608971575,0.7820254154,0.9133822775,1,8,11,15,0.004729009004,0.002906630116,0.002519542128,0.001551734954,0.001455533375,0.001443013916,0.001172092215,0.001035167958,0.0009649938559,0.000929333677,0.0007716824281,0.0007116926605,0.0006935294751,0.0006429764559,0.0005963069057,0.0004855131727
2,2000,first_saved,4,attention,o_proj,self_attn,16,3584,3584,16,114688,3584,3584,12845056,16,32,2,0.01964990853,0.01176352492,5.482675372e-06,53.27619141,3.73743622,0.0003688309546,0.003147485128,0.0003861189053,0.001314036509,130,0.9704134691,0.003044880924,141,2.790269248,8.31188211,0.358388353,0.5040081198,0.7255645171,0.8870732762,1,9,12,15,0.01176352492,0.007498436167,0.006828446222,0.006238544364,0.004918979926,0.003882359912,0.003419336039,0.003376484023,0.003010059915,0.002731116893,0.002476046619,0.002450817181,0.002277535502,0.00205285772,0.001810398616,0.001505800498
2,2000,first_saved,4,mlp,gate_proj,mlp,16,3584,18944,16,360448,18944,3584,67895296,16,32,2,0.04291742682,0.03121722608,5.208513958e-06,156.5707198,22.80007179,0.0002741088939,0.001369172271,0.001841905525,0.006268356907,55,0.7234663841,0.002747975863,157,1.890073667,6.120546933,0.5290799069,0.6311078179,0.7607042382,0.8961534195,1,9,11,14,0.03121722608,0.01370860215,0.01207734813,0.009635456636,0.00867201335,0.008246323551,0.007568103294,0.007000195734,0.006773754726,0.006009272359,0.005587178813,0.00505403405,0.004779567814,0.004118717595,0.002960316805,0.001987228482
2,2000,first_saved,4,mlp,up_proj,mlp,16,3584,18944,16,360448,18944,3584,67895296,16,32,2,0.04604107065,0.03398659313,5.587603378e-06,129.500633,5.478613708,0.0003555277653,0.006203502372,0.002119780186,0.007214017543,47,0.6699383495,0.003162542653,133,1.835166884,5.842736219,0.5449095714,0.6388589016,0.7691057636,0.9035615114,1,8,11,14,0.03398659313,0.01411211992,0.01335757521,0.009882808399,0.00964179159,0.008782533944,0.008074916196,0.007050908518,0.006890434928,0.006661509656,0.005995631471,0.005146988362,0.004329069076,0.004017744324,0.002991112257,0.002511104544
2,2000,first_saved,4,mlp,down_proj,mlp,16,18944,3584,16,360448,3584,18944,67895296,16,32,2,0.02269605165,0.01191821199,2.754421934e-06,128.6131043,8.405113638,0.0001764676451,0.001417971548,0.0005151107605,0.001753020472,115,0.9475105953,0.0007685040938,192,3.626422578,10.09300859,0.2757538534,0.4219348509,0.6402423134,0.8556476469,1,10,13,16,0.01191821199,0.008677522962,0.008153674409,0.006780126599,0.00608269284,0.005494179132,0.00476187091,0.004593150777,0.003697259163,0.003577171643,0.003491086199,0.003080392584,0.002844984357,0.002534442356,0.002485908812,0.002349040254
2,2000,first_saved,5,attention,q_proj,self_attn,16,3584,3584,16,114688,3584,3584,12845056,16,32,2,0.01956925442,0.01270069956,5.460171433e-06,63.17059862,5.959921879,0.0003097842167,0.002131017791,0.0003829557184,0.001303271579,131,0.9717167407,0.003019936464,145,2.374068652,8.15564746,0.4212178106,0.5369191406,0.6843088668,0.8583788264,1,10,12,15,0.01270069956,0.006656461967,0.005899493173,0.004651851113,0.004530369979,0.004133162855,0.003952596892,0.003664802437,0.003319782138,0.003058174517,0.002992043721,0.002604022413,0.002416837671,0.002189813727,0.00202163648,0.001845153802
2,2000,first_saved,5,attention,k_proj,self_attn,16,3584,512,16,65536,512,3584,1835008,16,32,2,0.006358399402,0.003442469412,4.693845858e-06,26.62700992,2.659283425,0.0002387950964,0.00129451016,4.042924295e-05,0.0001375884489,196,1,0.002231736397,172,3.411578974,10.42707869,0.2931194053,0.4105558619,0.6081348714,0.8325575445,1,11,13,15,0.003442469412,0.002178960081,0.002025767576,0.001970846393,0.001718725651,0.001557796753,0.001481336531,0.001223982136,0.001163106237,0.001092572032,0.001030019239,0.0009291310487,0.000866107985,0.0007756806895,0.0007554734629,0.0006133955382
2,2000,first_saved,5,attention,v_proj,self_attn,16,3584,512,16,65536,512,3584,1835008,16,32,2,0.007377242398,0.004492147056,5.445967842e-06,19.82753294,1.545035145,0.0003720706162,0.002907472409,5.44237054e-05,0.0001852142822,187,0.9985702416,0.003004245326,147,2.696995223,7.198105076,0.3707830075,0.5746927963,0.7894098583,0.91450928,1,8,11,15,0.004492147056,0.003331294984,0.002691527094,0.002107458191,0.001598655589,0.00126171973,0.001238003693,0.001062113252,0.001027670916,0.0008820259287,0.0008294155188,0.0007624536983,0.0007166167762,0.0006556036379,0.0005610780265,0.0005396429157
2,2000,first_saved,5,attention,o_proj,self_attn,16,3584,3584,16,114688,3584,3584,12845056,16,32,2,0.02096596728,0.01155950884,5.849879262e-06,53.3628664,4.012816913,0.0003928943231,0.00288064696,0.0004395717838,0.001495946882,124,0.9623329213,0.00346640302,123,3.289660228,8.04035875,0.3039827614,0.5120050619,0.7499149837,0.9134516523,1,8,11,15,0.01155950884,0.009562464834,0.008080545743,0.006267636652,0.005271102389,0.004451807365,0.003669540338,0.003288992195,0.002807223388,0.002752805779,0.0023213951,0.002134248538,0.002079069723,0.001753344846,0.001715420633,0.001517385822
2,2000,first_saved,5,mlp,gate_proj,mlp,16,3584,18944,16,360448,18944,3584,67895296,16,32,2,0.04493259611,0.03028986447,5.453077486e-06,149.2553909,21.12279898,0.0003010450466,0.001433989146,0.002018938193,0.006870832947,51,0.6978179343,0.003012094457,146,2.200535421,7.124166429,0.4544348574,0.5698981667,0.744721355,0.8918568415,1,9,11,14,0.03028986447,0.01526804785,0.01402733044,0.01249764828,0.009565595156,0.009023224774,0.008191403116,0.00755242824,0.007085509393,0.006720193918,0.006029364475,0.005743814102,0.004671916821,0.00387910871,0.003093323333,0.002679799717
2,2000,first_saved,5,mlp,up_proj,mlp,16,3584,18944,16,360448,18944,3584,67895296,16,32,2,0.047213755,0.03512007656,5.729921855e-06,133.8345989,6.229262294,0.0003527769006,0.005637919051,0.002229138661,0.007586185357,45,0.6554118352,0.003325696759,128,1.807283053,5.482512454,0.5533167581,0.6808530926,0.8019830186,0.9159981957,1,8,11,15,0.03512007656,0.0168610846,0.01325430345,0.009712818401,0.009344725389,0.007910070252,0.007501211601,0.006927796161,0.006430089508,0.005678828233,0.00543963154,0.005206911381,0.004244646109,0.004033368063,0.00362768929,0.003083796843
2,2000,first_saved,5,mlp,down_proj,mlp,16,18944,3584,16,360448,3584,18944,67895296,16,32,2,0.02297145175,0.01405098684,2.787844844e-06,131.9044806,8.422495259,0.0001741521716,0.001668268893,0.0005276875956,0.001795821848,114,0.9457575748,0.0007872677268,191,2.672780111,8.638197548,0.3741422632,0.5197839642,0.6862292379,0.8614730491,1,10,12,15,0.01405098684,0.008766602479,0.006718172886,0.006534313991,0.005582042225,0.005182673148,0.004437095176,0.003842769237,0.003792238703,0.003649507584,0.00324462714,0.003089759121,0.002920638862,0.002579541262,0.002417559269,0.002072679348
2,2000,first_saved,6,attention,q_proj,self_attn,16,3584,3584,16,114688,3584,3584,12845056,16,32,2,0.01945474014,0.01085204435,5.428219904e-06,64.21732134,5.504467816,0.0003029515983,0.001971497465,0.0003784869138,0.001288063382,132,0.9730048041,0.002984696081,148,3.213865878,9.105575103,0.3111517525,0.4739840579,0.6861680543,0.8758194691,1,9,12,15,0.01085204435,0.007850471116,0.007114392074,0.00544924686,0.004900880109,0.004204547848,0.004051910509,0.003696721721,0.003268065562,0.002833902157,0.002568034989,0.002486201939,0.002211493051,0.002052026456,0.00185292278,0.001725865356
2,2000,first_saved,6,attention,k_proj,self_attn,16,3584,512,16,65536,512,3584,1835008,16,32,2,0.007672375381,0.004318444275,5.663838511e-06,28.53071619,2.983757002,0.0002689163262,0.001447317685,5.886534399e-05,0.0002003300281,182,0.9976282709,0.003249428411,130,3.15649457,8.919657564,0.3168071346,0.4845163495,0.689759157,0.8858827547,1,9,12,15,0.004318444275,0.003142015376,0.002600307169,0.002306532265,0.002021437453,0.001889811146,0.001436061442,0.001350931174,0.001103781489,0.001090798033,0.001054983636,0.0009367056531,0.0008196058535,0.000791455412,0.0007340209033,0.0006942815811
2,2000,first_saved,6,attention,v_proj,self_attn,16,3584,512,16,65536,512,3584,1835008,16,32,2,0.007996035856,0.005661955897,5.902768512e-06,20.6708601,1.449466801,0.0003868264706,0.003906233583,6.39365894e-05,0.0002175884465,178,0.9967982553,0.003529366449,121,1.994419453,5.785597283,0.5013990405,0.6638740063,0.8114331465,0.935691042,1,7,10,14,0.005661955897,0.003223056807,0.002338056414,0.001991963945,0.00166176861,0.001456584192,0.001311839241,0.001157839123,0.0009153499513,0.0008866635094,0.0008257647972,0.0007015845396,0.0006726198175,0.0005958675584,0.00056791495,0.0004284231614
2,2000,first_saved,6,attention,o_proj,self_attn,16,3584,3584,16,114688,3584,3584,12845056,16,32,2,0.02196513919,0.01382806577,6.128666068e-06,54.91432347,5.067507917,0.0003999892524,0.002728770432,0.0004824673396,0.001641928665,121,0.9576192563,0.003804671511,112,2.523161483,7.779787827,0.3963281807,0.5589310501,0.7271938121,0.8906385975,1,9,11,15,0.01382806577,0.008857232852,0.006628646918,0.006102649193,0.005560237265,0.004404592782,0.003872511099,0.003680183766,0.003219650023,0.003143022254,0.002911793586,0.002598046448,0.002532539223,0.002165941928,0.001893822647,0.001612004643
2,2000,first_saved,6,mlp,gate_proj,mlp,16,3584,18944,16,360448,18944,3584,67895296,16,32,2,0.04573304992,0.02928430673,5.550221587e-06,151.057074,14.30846831,0.0003027534475,0.002046641618,0.002091511855,0.007117815003,48,0.6770561645,0.003120368561,136,2.438880023,8.457639269,0.4100242696,0.530113297,0.6692908586,0.8438574588,1,10,13,15,0.02928430673,0.01584826882,0.01327212645,0.01072110906,0.01031317792,0.01011089094,0.009059002268,0.008628489873,0.008427975105,0.007707873387,0.00679931603,0.006346197549,0.005851660306,0.005397439659,0.005283107936,0.004282693664
2,2000,first_saved,6,mlp,up_proj,mlp,16,3584,18944,16,360448,18944,3584,67895296,16,32,2,0.04949294936,0.03705040971,6.006527806e-06,129.5618208,4.117584764,0.0003820025766,0.008998092774,0.002449552037,0.008336294244,39,0.6083357798,0.003654535903,117,1.784434618,5.771219706,0.5604015916,0.6407692814,0.7588302866,0.900806354,1,8,11,14,0.03705040971,0.01403085309,0.01290765579,0.01107199159,0.01056531635,0.009571084117,0.009150586513,0.007798267167,0.007521812019,0.006761473762,0.006165089019,0.005728922749,0.005334814858,0.004164189215,0.003995000431,0.002845203981
2,2000,first_saved,6,mlp,down_proj,mlp,16,18944,3584,16,360448,3584,18944,67895296,16,32,2,0.02605817831,0.01615596807,3.162453937e-06,127.4972632,7.351193052,0.0002043822562,0.002197734157,0.0006790286567,0.002310864435,106,0.9295198077,0.001013056497,190,2.601489819,8.165493878,0.3843951233,0.5625324381,0.6990568731,0.8699162707,1,10,12,15,0.01615596807,0.0109981972,0.007325022066,0.006248844326,0.006061673062,0.005762031033,0.005040449886,0.004546142354,0.004256663848,0.003977222219,0.003814688391,0.003384800949,0.002945215668,0.002748640111,0.002478160286,0.002452299957
2,2000,first_saved,7,attention,q_proj,self_attn,16,3584,3584,16,114688,3584,3584,12845056,16,32,2,0.01990308875,0.01245832012,5.553317173e-06,60.8421112,4.562471816,0.0003271268593,0.00273060758,0.0003961329417,0.001348116191,127,0.9664362094,0.003123850247,135,2.552242797,8.357699724,0.3918122527,0.529680854,0.6996325861,0.8610774329,1,10,12,15,0.01245832012,0.007390148482,0.006346120617,0.005200983821,0.004813885483,0.003837366981,0.003676067507,0.003541365694,0.003337712805,0.00320763683,0.00267262455,0.002644783024,0.002494912698,0.002285374395,0.002062917903,0.001939481729
2,2000,first_saved,7,attention,k_proj,self_attn,16,3584,512,16,65536,512,3584,1835008,16,32,2,0.006887897089,0.003010555809,5.084727331e-06,23.83876664,2.535220953,0.0002889368059,0.001187492477,4.744312631e-05,0.0001614580359,193,0.9995805056,0.002618910077,163,5.234557016,11.73044906,0.1910381331,0.3322594382,0.5702688214,0.8136078432,1,11,13,16,0.003010555809,0.002588431999,0.00255501607,0.002182613596,0.001885429621,0.001848491954,0.001594551456,0.001424921839,0.00127183027,0.001229293486,0.001175954801,0.001069680817,0.001029157125,0.000935665421,0.0008341835765,0.0007461425984
2,2000,first_saved,7,attention,v_proj,self_attn,16,3584,512,16,65536,512,3584,1835008,16,32,2,0.007957936648,0.004907557807,5.874643225e-06,24.66981772,1.714525873,0.0003225778455,0.002862341061,6.332875569e-05,0.0002155198721,179,0.9970137752,0.003495813394,122,2.629481424,7.231194295,0.380303124,0.5845297395,0.7730065157,0.9163784081,1,8,10,15,0.004907557807,0.003596306083,0.002659382242,0.002205376568,0.001734992545,0.001651161736,0.001331624041,0.001252919289,0.00119350514,0.0009110055929,0.000858857488,0.0007839809608,0.0007094201802,0.0006564656469,0.0006365659252,0.0005912385391
2,2000,first_saved,7,attention,o_proj,self_attn,16,3584,3584,16,114688,3584,3584,12845056,16,32,2,0.02221842697,0.01381997833,6.199337882e-06,60.25448918,3.586358544,0.0003687430974,0.003853484854,0.000493658497,0.001680014315,118,0.9526878035,0.003892923449,109,2.584710412,8.038251605,0.3868905372,0.5383243274,0.7274462753,0.8840907377,1,9,12,15,0.01381997833,0.008646188597,0.007036469126,0.006621915039,0.005187931825,0.004591914605,0.004076943979,0.003564699332,0.003346830404,0.003215351095,0.002815552206,0.002634383236,0.002562894866,0.002467157357,0.002252197639,0.001756370349
2,2000,first_saved,7,mlp,gate_proj,mlp,16,3584,18944,16,360448,18944,3584,67895296,16,32,2,0.04753624953,0.02644245185,5.769060204e-06,141.5222611,13.06259812,0.0003358923831,0.002024287328,0.002259695019,0.007690174489,44,0.6478256499,0.003371284404,127,3.231814195,10.47012078,0.3094237291,0.4368102646,0.6086644538,0.8059054916,1,11,13,16,0.02644245185,0.01696628185,0.0148342956,0.01297234478,0.01165420248,0.01092032132,0.01030763089,0.009186048275,0.009083680172,0.008524943997,0.008149720657,0.007627935313,0.007002308404,0.006712495838,0.005749253237,0.005626659601
2,2000,first_saved,7,mlp,up_proj,mlp,16,3584,18944,16,360448,18944,3584,67895296,16,32,2,0.05204182318,0.03653838125,6.315862401e-06,133.0640846,5.156125637,0.0003911034546,0.007086402431,0.00270835136,0.009217037856,36,0.5817911783,0.004040643813,105,2.02864661,6.896558518,0.4929394775,0.6010357468,0.7204032087,0.8827885055,1,9,12,15,0.03653838125,0.01711030911,0.01313508564,0.01227837746,0.01172610595,0.01100601895,0.009810938271,0.009214549133,0.007697003099,0.007538145801,0.007078340591,0.006372063997,0.005723436362,0.005539438544,0.005130704487,0.004572644177
2,2000,first_saved,7,mlp,down_proj,mlp,16,18944,3584,16,360448,3584,18944,67895296,16,32,2,0.0283264059,0.02226091975,3.437728946e-06,132.5406245,7.649104557,0.0002137186692,0.002910264801,0.0008023852709,0.002730670594,102,0.9194839048,0.001197094708,189,1.619185999,4.552780376,0.6175942732,0.7390544788,0.841080271,0.9335924578,1,7,10,15,0.02226091975,0.009872075766,0.006749347383,0.006025803089,0.00524895849,0.004306835356,0.003899354198,0.003595143512,0.003243104319,0.003103297398,0.002665905297,0.002527178855,0.002470142851,0.002322520446,0.00207195052,0.001963131038
2,2000,first_saved,8,attention,q_proj,self_attn,16,3584,3584,16,114688,3584,3584,12845056,16,32,2,0.02196647311,0.01265913303,6.129038257e-06,63.32849648,3.948352125,0.0003468655398,0.003206181372,0.000482525941,0.001642128097,120,0.9559773276,0.003805133633,111,3.011013749,8.552228591,0.3321140597,0.5029256669,0.7138385796,0.879405197,1,9,12,15,0.01265913303,0.009078602948,0.008257053447,0.005795862322,0.00530275194,0.004585530229,0.004119965399,0.003710769105,0.003683003809,0.003077866354,0.002993574495,0.002792774878,0.002447755689,0.002219316396,0.002012209787,0.001850783962
2,2000,first_saved,8,attention,k_proj,self_attn,16,3584,512,16,65536,512,3584,1835008,16,32,2,0.007678252163,0.004001301766,5.668176821e-06,27.2712967,2.521189182,0.0002815506812,0.001587069227,5.895555627e-05,0.0002006370377,181,0.9974279409,0.003254408223,129,3.682325114,10.55071988,0.2715675474,0.4378589844,0.6164617583,0.8217120691,1,11,13,16,0.004001301766,0.003131102708,0.002360549633,0.002226528983,0.001879908278,0.001865534956,0.001628036407,0.001560726723,0.001427962471,0.001367405076,0.001269953667,0.00117900126,0.00110332536,0.001006179086,0.0008776700381,0.0007741682608
2,2000,first_saved,8,attention,v_proj,self_attn,16,3584,512,16,65536,512,3584,1835008,16,32,2,0.008764590525,0.00605191228,6.470124685e-06,20.60217601,1.399432145,0.0004254206217,0.00432454857,7.681804707e-05,0.0002614265115,172,0.9953847324,0.004240436354,101,2.097384301,6.349176584,0.4767843449,0.6237381805,0.780792161,0.920258242,1,8,10,14,0.00605191228,0.003359867059,0.002768049652,0.002098209043,0.001964676899,0.001714595954,0.001463219097,0.001331430526,0.001266541521,0.001009765873,0.0009541185557,0.0009168308331,0.0007350899992,0.00066575042,0.0006341611034,0.0006043089867
2,2000,first_saved,8,attention,o_proj,self_attn,16,3584,3584,16,114688,3584,3584,12845056,16,32,2,0.0235666252,0.01673278528,6.575509262e-06,55.18688445,3.476601492,0.0004270330792,0.004812971896,0.0005553858231,0.001890084216,112,0.942159777,0.004379696707,98,1.983619248,5.963843615,0.5041290062,0.6324959717,0.7996307028,0.9317854128,1,7,10,14,0.01673278528,0.008443529642,0.007207336252,0.006393634676,0.00533235399,0.004079999783,0.003930248784,0.003587422415,0.002967377097,0.002620353471,0.002228240275,0.00214713023,0.002038205146,0.001841387904,0.001616548339,0.001574926787
2,2000,first_saved,8,mlp,gate_proj,mlp,16,3584,18944,16,360448,18944,3584,67895296,16,32,2,0.04870725812,0.02982431186,5.911175308e-06,138.9871415,12.20566886,0.0003504443475,0.002443480337,0.002372396993,0.008073720869,41,0.624525168,0.003539426743,120,2.667144227,8.90437871,0.3749328551,0.5139588456,0.6632196508,0.8498007801,1,10,13,15,0.02982431186,0.01816108041,0.01371366617,0.01288569927,0.01163155957,0.01099523978,0.009811199922,0.009497178028,0.008351925481,0.007835138803,0.007463660421,0.006638232336,0.0061652417,0.006037955098,0.005358872655,0.004714990966
2,2000,first_saved,8,mlp,up_proj,mlp,16,3584,18944,16,360448,18944,3584,67895296,16,32,2,0.05183537859,0.03230452308,6.290808021e-06,135.5406686,4.771795697,0.0003824341368,0.006769888138,0.002686906474,0.009144056806,37,0.5909352351,0.004008649757,107,2.574695548,7.757617065,0.3883954361,0.5654473696,0.7471823457,0.8800913619,1,9,12,15,0.03230452308,0.02181105193,0.01737927352,0.01364792056,0.01085994012,0.009117788331,0.008943249325,0.008721239837,0.007991250867,0.007683827263,0.007011171172,0.00645189378,0.006275450744,0.005635729605,0.004594558037,0.004030614806
2,2000,first_saved,8,mlp,down_proj,mlp,16,18944,3584,16,360448,3584,18944,67895296,16,32,2,0.0299314296,0.02337399961,3.632516681e-06,133.9759215,8.078966114,0.000223409022,0.002893191936,0.0008958904779,0.003048886703,99,0.911208486,0.001336597005,188,1.639792349,4.804977782,0.6098333126,0.6985520738,0.8227555819,0.9300816467,1,7,10,14,0.02337399961,0.008915284253,0.007707468691,0.007201921037,0.005938780964,0.005309100168,0.004279956514,0.003791926664,0.003637124133,0.003298135517,0.003112650713,0.002750193334,0.002614293608,0.002424697375,0.002213287476,0.00191528832
2,2000,first_saved,9,attention,q_proj,self_attn,16,3584,3584,16,114688,3584,3584,12845056,16,32,2,0.01877194028,0.009830144734,5.23770655e-06,58.61718433,4.689024221,0.0003202463662,0.002096415858,0.0003523857417,0.0011992361,136,0.9778890824,0.002778865806,154,3.646687121,9.443745307,0.2742214966,0.4906075567,0.6694180842,0.8592098112,1,10,13,16,0.009830144734,0.008732202602,0.00608814107,0.005093605666,0.005074798838,0.004174149215,0.003561323187,0.003319604003,0.00312515022,0.002796421241,0.002731567423,0.002447237725,0.002302427995,0.002241314673,0.002135349518,0.001921224266
2,2000,first_saved,9,attention,k_proj,self_attn,16,3584,512,16,65536,512,3584,1835008,16,32,2,0.007397298425,0.003881096809,5.460773439e-06,23.26095856,2.669683376,0.0003180134819,0.001453766707,5.472002399e-05,0.000186222711,186,0.9983850273,0.003020602422,144,3.632765191,9.782565888,0.275272402,0.4541853783,0.6596103895,0.8555238436,1,10,12,15,0.003881096809,0.003128917122,0.002524127593,0.002206726406,0.001921794732,0.001768329565,0.001417989195,0.001374558514,0.001282138467,0.001199541141,0.00106104873,0.001026087215,0.0009509389334,0.000834922724,0.0007649927377,0.0006765254373
2,2000,first_saved,9,attention,v_proj,self_attn,16,3584,512,16,65536,512,3584,1835008,16,32,2,0.008746593291,0.006501773905,6.456838914e-06,24.75481428,1.539229075,0.0003533289805,0.004224045666,7.65028942e-05,0.000260353986,173,0.9956450864,0.004223039586,102,1.809731473,5.469821887,0.5525681656,0.659496436,0.8067118638,0.9247979376,1,7,10,14,0.006501773905,0.002860126249,0.002648850341,0.002060581996,0.001792036408,0.00159569453,0.001371012362,0.00118178509,0.001158662096,0.001053139032,0.0009681138712,0.0007989389519,0.0007523053541,0.0006745338109,0.0006525804104,0.0005284008239
2,2000,first_saved,9,attention,o_proj,self_attn,16,3584,3584,16,114688,3584,3584,12845056,16,32,2,0.02386282862,0.0158376277,6.658155307e-06,60.40790401,6.386428939,0.0003950282502,0.002479887876,0.0005694345898,0.001937894857,111,0.9402696928,0.004490483361,95,2.270197207,6.728529657,0.4404903665,0.6145201659,0.7824259923,0.9157924919,1,8,11,15,0.0158376277,0.009954827342,0.007321283108,0.006481527524,0.005076670596,0.004533225648,0.004210573537,0.003448456083,0.003083786375,0.003000134808,0.002731332661,0.002429307976,0.002292028676,0.00201555378,0.001913281538,0.001761223003
2,2000,first_saved,9,mlp,gate_proj,mlp,16,3584,18944,16,360448,18944,3584,67895296,16,32,2,0.04762598278,0.03229602231,5.779950346e-06,152.3015162,28.9302197,0.0003127085269,0.001116342103,0.002268234236,0.007719235076,43,0.6401354754,0.003384024232,126,2.174652299,7.118794467,0.4598436266,0.5857593596,0.7372870425,0.8924215268,1,9,12,15,0.03229602231,0.01689989279,0.01352405771,0.01268069955,0.01139821865,0.009328300791,0.008636701442,0.007768664787,0.006972196765,0.006528748036,0.005897508473,0.005641920756,0.005483829027,0.004698242936,0.004626214135,0.003552111567
2,2000,first_saved,9,mlp,up_proj,mlp,16,3584,18944,16,360448,18944,3584,67895296,16,32,2,0.05586471773,0.04422541878,6.779813785e-06,124.8133311,5.025509669,0.000447586145,0.008800185792,0.003120866687,0.01062090644,32,0.5415934636,0.004656083718,91,1.595626753,4.560351103,0.6267129816,0.7172617327,0.8290078971,0.9345181736,1,7,10,14,0.04422541878,0.01681043071,0.0151955995,0.01085535066,0.01056019246,0.009246087458,0.008605402382,0.007630383921,0.006737711646,0.005595095431,0.005431819763,0.005137763505,0.004714611858,0.004505921984,0.004266330925,0.00332030754
2,2000,first_saved,9,mlp,down_proj,mlp,16,18944,3584,16,360448,3584,18944,67895296,16,32,2,0.03134470006,0.0269915077,3.804032997e-06,123.152261,7.968574277,0.000254519891,0.003387244287,0.000982490222,0.003343602202,92,0.8888862766,0.001465796904,187,1.348571411,3.131261937,0.7415254334,0.8130959265,0.8962603282,0.9622019231,1,5,7,13,0.0269915077,0.008385541702,0.006916745177,0.005819522977,0.004735574417,0.004210914877,0.003720802436,0.003284072514,0.002840407798,0.00250965007,0.002340208201,0.002255087876,0.00201820217,0.001796725494,0.001681356624,0.00144210356
2,2000,first_saved,10,attention,q_proj,self_attn,16,3584,3584,16,114688,3584,3584,12845056,16,32,2,0.02301077867,0.01696040022,6.420418156e-06,63.46072333,4.326296121,0.0003625987456,0.003920304977,0.0005294959351,0.001801975974,113,0.943961753,0.004175532588,103,1.840731473,5.801034515,0.5432622924,0.6564562485,0.7762280626,0.9097102476,1,8,11,15,0.01696040022,0.007741817591,0.005860341681,0.005392131682,0.005184146347,0.004014037319,0.003740408839,0.003701316953,0.003259200925,0.003084661059,0.002743691538,0.002275071746,0.002251911515,0.002141524986,0.001715828075,0.001537997696
2,2000,first_saved,10,attention,k_proj,self_attn,16,3584,512,16,65536,512,3584,1835008,16,32,2,0.008253854248,0.005147803279,6.093093108e-06,27.07495454,2.645627635,0.0003048520076,0.001945777709,6.812610994e-05,0.0002318461864,176,0.9963573155,0.003760632355,115,2.570808379,7.996091162,0.3889827061,0.5493051461,0.7112068105,0.8883625984,1,9,11,15,0.005147803279,0.003304866741,0.002462957321,0.0022279075,0.002038008608,0.001821674398,0.001629502757,0.001393441333,0.001334190562,0.001133799681,0.00106873424,0.0009913726607,0.0009212637104,0.0007649221654,0.0007138448079,0.0006866119278
2,2000,first_saved,10,attention,v_proj,self_attn,16,3584,512,16,65536,512,3584,1835008,16,32,2,0.008836048219,0.005910083163,6.522875603e-06,22.327841,1.380550377,0.000395741273,0.004280961608,7.807574813e-05,0.0002657067088,171,0.9951233059,0.004309862765,100,2.235264755,6.22512913,0.4473742978,0.6533558379,0.8005703407,0.9284644632,1,7,10,15,0.005910083163,0.004010257204,0.002605731847,0.002168880814,0.001999972164,0.001711341123,0.001303938321,0.001164730464,0.001108499876,0.0009249243845,0.0008950031815,0.0008609261538,0.0007959378046,0.0007376263522,0.0006769579615,0.0005681788628
2,2000,first_saved,10,attention,o_proj,self_attn,16,3584,3584,16,114688,3584,3584,12845056,16,32,2,0.02572063649,0.02098853597,7.176516879e-06,57.02436267,4.16756226,0.0004510464526,0.005036166147,0.0006615511416,0.002251385107,109,0.9363418691,0.005216901901,85,1.501755154,3.940301758,0.6658875097,0.7626752609,0.8667045127,0.9498102659,1,6,9,14,0.02098853597,0.008001877736,0.006345158346,0.005344121619,0.004553509368,0.003663085966,0.003414384734,0.003027876555,0.00263918774,0.002428175207,0.002290267972,0.001999040673,0.001928087384,0.0018199883,0.001536145971,0.001307904926
2,2000,first_saved,10,mlp,gate_proj,mlp,16,3584,18944,16,360448,18944,3584,67895296,16,32,2,0.04883362169,0.0335042178,5.926510953e-06,141.6545233,14.29629139,0.0003447374679,0.002343560081,0.002384722607,0.008115667292,40,0.6164514471,0.003557815574,119,2.124412766,7.358982581,0.4707183162,0.5659762214,0.7018275525,0.8734674617,1,10,12,15,0.0335042178,0.01507195011,0.0131253142,0.01231640644,0.01125830572,0.01062801359,0.009517952357,0.008889208865,0.007941823061,0.007099310705,0.006946045071,0.006175601142,0.005914238464,0.00532440309,0.004922780433,0.003784890346
2,2000,first_saved,10,mlp,up_proj,mlp,16,3584,18944,16,360448,18944,3584,67895296,16,32,2,0.05593998656,0.04157992255,6.788948508e-06,133.0485243,5.207359972,0.0004204480047,0.007984837378,0.003129282097,0.01064954569,31,0.5309725572,0.004668638837,90,1.809994951,5.64900359,0.552487729,0.6541860219,0.7928065255,0.9122128199,1,8,11,15,0.04157992255,0.0178393567,0.01669862341,0.01244743493,0.01072385244,0.01029902396,0.009056333533,0.008400470001,0.007509442791,0.006907581123,0.006642880336,0.005803770858,0.005429211308,0.004897401018,0.004777999745,0.004062348343
2,2000,first_saved,10,mlp,down_proj,mlp,16,18944,3584,16,360448,3584,18944,67895296,16,32,2,0.0324169392,0.02662639413,3.934161313e-06,132.2723567,9.042357462,0.0002450772028,0.002944629677,0.001050857947,0.00357627065,89,0.8785236829,0.001567796086,185,1.482242632,3.808022764,0.6746533788,0.779284129,0.8726468533,0.9503783313,1,6,8,14,0.02662639413,0.01048580256,0.007593522697,0.006359982216,0.005336268504,0.004986193943,0.003847813457,0.003679834424,0.003216978604,0.00309955195,0.002838161926,0.002678507523,0.002308868087,0.002266780892,0.001921134194,0.001673218926
2,2000,first_saved,11,attention,q_proj,self_attn,16,3584,3584,16,114688,3584,3584,12845056,16,32,2,0.02156360802,0.01393730219,6.016631703e-06,64.22327868,4.078706677,0.0003357599996,0.003417088624,0.000464989191,0.001582447182,123,0.9608369744,0.003666841219,116,2.393786562,7.46364712,0.4177481886,0.5711788185,0.7346904175,0.8983097375,1,9,11,15,0.01393730219,0.008446513154,0.006818033306,0.005435581659,0.004897862148,0.004668947762,0.004048647454,0.003728477197,0.003286118178,0.002899994692,0.002637306631,0.002535397622,0.002210517535,0.0021307261,0.001841725427,0.001369076187
2,2000,first_saved,11,attention,k_proj,self_attn,16,3584,512,16,65536,512,3584,1835008,16,32,2,0.007467298543,0.003955316123,5.512448357e-06,28.02436584,2.629942691,0.0002664573603,0.001503955252,5.576054754e-05,0.0001897638117,184,0.9980118822,0.003078040407,138,3.564221048,9.973992304,0.2805662125,0.4370510823,0.6422391916,0.8550415835,1,10,12,15,0.003955316123,0.002953926542,0.002492224218,0.002286967375,0.002066124061,0.001663931568,0.00160869595,0.001496842787,0.001298258495,0.001222222147,0.001140265092,0.0009988608346,0.0009173547345,0.000851994133,0.0007413540308,0.0006990648185
2,2000,first_saved,11,attention,v_proj,self_attn,16,3584,512,16,65536,512,3584,1835008,16,32,2,0.008879812218,0.005755171555,6.555182706e-06,19.79359423,1.450042376,0.0004486205039,0.003968967837,7.885106502e-05,0.0002683452605,170,0.9948575992,0.004352661066,99,2.380625141,7.441834662,0.4200577331,0.5627349857,0.7316392835,0.9085855142,1,8,11,15,0.005755171555,0.003354139729,0.002651590099,0.002507459614,0.002058173594,0.001927890437,0.001809886971,0.001650414436,0.001331512736,0.001205391392,0.0009171137403,0.0009113115676,0.0008955143589,0.0008003263053,0.0006942408471,0.0006214580352
2,2000,first_saved,11,attention,o_proj,self_attn,16,3584,3584,16,114688,3584,3584,12845056,16,32,2,0.02694278874,0.02122688977,7.517519179e-06,55.28331617,4.352447393,0.000487358404,0.00487700088,0.0007259138649,0.002470423768,105,0.9272089432,0.005724457542,74,1.611062401,4.242864764,0.6207084214,0.7626187781,0.8655426612,0.9516992596,1,6,8,14,0.02122688977,0.01014961553,0.007007588911,0.005060392417,0.00452819608,0.00398812182,0.003872868553,0.00333668745,0.002609281685,0.002572901555,0.002341708707,0.002094566984,0.001906546617,0.001863576331,0.001631380245,0.001412074733
2,2000,first_saved,11,mlp,gate_proj,mlp,16,3584,18944,16,360448,18944,3584,67895296,16,32,2,0.05160868173,0.03028959959,6.263295799e-06,138.8546204,12.73443785,0.0003716742128,0.002378558044,0.00266345603,0.009064250458,38,0.5999994856,0.003973663568,108,2.903076411,8.707392496,0.3444621699,0.5296269738,0.7123089597,0.8583075276,1,10,13,16,0.03028959959,0.02220761836,0.01599775511,0.01518674648,0.01096595019,0.0101149114,0.009343819605,0.008887649012,0.008347838805,0.007657230277,0.007191984242,0.007128944544,0.006618432938,0.006400069926,0.005851951568,0.005245541663
2,2000,first_saved,11,mlp,up_proj,mlp,16,3584,18944,16,360448,18944,3584,67895296,16,32,2,0.05506630025,0.03347988312,6.682916816e-06,135.3622263,5.395259534,0.0004068069929,0.006205425875,0.003032297423,0.01031948829,34,0.562334192,0.004523945454,94,2.705228353,8.057764508,0.3696545612,0.5471954319,0.7348623899,0.885035467,1,9,12,15,0.03347988312,0.02320251548,0.01830895845,0.01529196108,0.01246522986,0.01046188223,0.01031372097,0.009174075376,0.008555246964,0.007348033611,0.007101166505,0.006612844192,0.006176211896,0.005890947193,0.005317131081,0.005113100754
2,2000,first_saved,11,mlp,down_proj,mlp,16,18944,3584,16,360448,3584,18944,67895296,16,32,2,0.03418352279,0.02870387274,4.148556163e-06,133.9901933,9.874548009,0.0002551195871,0.002906854341,0.00116851323,0.003976674089,81,0.8487282436,0.001743328367,181,1.418249509,3.446159816,0.7050945503,0.7961073457,0.8924647832,0.9584352908,1,5,8,14,0.02870387274,0.01031259693,0.008448398219,0.006420242063,0.005091035415,0.004960804221,0.00392821664,0.003335911392,0.003068783434,0.002845740111,0.002564108245,0.002444562127,0.002380000021,0.002260559504,0.002064272819,0.001861976723
2,2000,first_saved,12,attention,q_proj,self_attn,16,3584,3584,16,114688,3584,3584,12845056,16,32,2,0.02418107411,0.01761432429,6.746951482e-06,62.2614544,3.987363562,0.0003883795254,0.004417536554,0.0005847243451,0.00198992882,110,0.938331798,0.004611056283,92,1.884600061,5.219315817,0.5306165594,0.7045415573,0.8479348247,0.9350497119,1,6,10,14,0.01761432429,0.01008455158,0.007101629346,0.005780345583,0.00435964712,0.003544777919,0.003246942762,0.002970451913,0.002926825677,0.002554589251,0.002365459753,0.00224942296,0.001866394723,0.001784207159,0.001734510889,0.00159847549
2,2000,first_saved,12,attention,k_proj,self_attn,16,3584,512,16,65536,512,3584,1835008,16,32,2,0.00810123407,0.004485330066,5.980427082e-06,26.82323033,2.550901778,0.0003020230587,0.001758331154,6.562999346e-05,0.0002233514245,177,0.9965806669,0.00362284412,118,3.262222255,9.165483645,0.3065395065,0.4900310661,0.678837372,0.8718714297,1,9,12,15,0.004485330066,0.003470237723,0.002598846887,0.002374310738,0.00205036996,0.001944636749,0.00161847993,0.001436564511,0.001403821715,0.001189266296,0.001083366161,0.001026245775,0.0009105489478,0.0008663872094,0.0008370083809,0.0007189128337
2,2000,first_saved,12,attention,v_proj,self_attn,16,3584,512,16,65536,512,3584,1835008,16,32,2,0.009816401978,0.007359361241,7.246584376e-06,20.58290962,1.394157307,0.0004769200351,0.005278716542,9.636174779e-05,0.0003279374643,164,0.9930525905,0.005319269026,79,1.779198592,4.936787487,0.5620508046,0.7180475078,0.8417684262,0.9441950239,1,6,9,14,0.007359361241,0.003877127155,0.00254858114,0.002329527443,0.001901225751,0.001683377764,0.001377226837,0.001234840946,0.001157781788,0.001072260396,0.0008591128432,0.0007668905547,0.0007095923154,0.0006731293223,0.0005962364189,0.0004989446842
2,2000,first_saved,12,attention,o_proj,self_attn,16,3584,3584,16,114688,3584,3584,12845056,16,32,2,0.02762512999,0.0205256083,7.707904573e-06,55.60919012,4.645865741,0.0004967727444,0.004418037336,0.000763147807,0.002597137997,104,0.9247385195,0.006018079322,68,1.811409274,5.103929837,0.5520563542,0.7041013979,0.8342912244,0.9437772875,1,6,9,14,0.0205256083,0.01077185414,0.007746222063,0.006272967749,0.005387992525,0.00491126351,0.004134670362,0.003647955214,0.003274861547,0.0028005047,0.002260094213,0.002130046463,0.002069711061,0.00193138374,0.00190911177,0.001742101161
2,2000,first_saved,12,mlp,gate_proj,mlp,16,3584,18944,16,360448,18944,3584,67895296,16,32,2,0.05533711559,0.04141901582,6.715783313e-06,136.4126472,12.85028443,0.000405659715,0.00322319837,0.003062196361,0.0104212401,33,0.5520147037,0.00456855228,93,1.78498054,5.646301647,0.5602301973,0.6586606541,0.7832860427,0.9077314645,1,8,11,15,0.04141901582,0.01736126108,0.01486605865,0.01267389884,0.01129515867,0.01040198681,0.008930164323,0.00809608201,0.007481957097,0.007294215605,0.006190438865,0.005892969351,0.005486650837,0.005230862169,0.004993144552,0.004232462693
2,2000,first_saved,12,mlp,up_proj,mlp,16,3584,18944,16,360448,18944,3584,67895296,16,32,2,0.05624644506,0.0344693153,6.826140704e-06,136.8439442,5.245419205,0.0004110261903,0.006571317554,0.003163662582,0.01076654906,29,0.5096513515,0.004719931774,88,2.66271598,7.594699262,0.3755563896,0.5752758854,0.7529199956,0.894872456,1,9,12,15,0.0344693153,0.02513652911,0.01930012691,0.01376630399,0.01234098808,0.01126297295,0.009444606086,0.008985241055,0.00816158383,0.007786834878,0.006865554965,0.006444105241,0.006077514497,0.005727008584,0.005454179377,0.004146879478
2,2000,first_saved,12,mlp,down_proj,mlp,16,18944,3584,16,360448,3584,18944,67895296,16,32,2,0.03329400786,0.02693261889,4.040603491e-06,135.7320954,10.97227654,0.000245292079,0.002454606279,0.00110849096,0.003772406818,84,0.8601807337,0.001653779936,184,1.528181663,3.949955347,0.6543724638,0.7435886287,0.8833299611,0.9584802997,1,5,8,13,0.02693261889,0.009944612223,0.009116243682,0.008473258217,0.005815104823,0.004483272132,0.004089653676,0.003558515218,0.00297571041,0.002892731881,0.002682042984,0.002522926169,0.002196886251,0.002021013783,0.001837038478,0.001719719453
2,2000,first_saved,13,attention,q_proj,self_attn,16,3584,3584,16,114688,3584,3584,12845056,16,32,2,0.02192056176,0.01228953707,6.116228171e-06,61.02667804,4.278850652,0.0003591963788,0.002872158454,0.0004805110281,0.001635270963,122,0.9592545272,0.003789244305,113,3.181502811,7.512270934,0.3143168682,0.6047537494,0.7562223656,0.9030668573,1,8,11,15,0.01228953707,0.01181347216,0.006226899893,0.005831642838,0.004720005516,0.004265739075,0.0039790334,0.003775276012,0.003262602582,0.002777416796,0.002678530183,0.002375268667,0.002152229844,0.002059181277,0.001876394987,0.001734710414
2,2000,first_saved,13,attention,k_proj,self_attn,16,3584,512,16,65536,512,3584,1835008,16,32,2,0.007921088401,0.004332340285,5.847441412e-06,25.60451226,2.954482292,0.0003093629872,0.001466361906,6.274364145e-05,0.0002135286163,180,0.9972273038,0.003463514478,124,3.342909336,9.364535221,0.2991406286,0.4829671329,0.6726838864,0.8636640224,1,10,12,15,0.004332340285,0.003396166115,0.002668318698,0.002187143179,0.002002352858,0.001814390106,0.001567866339,0.001491025114,0.001331243761,0.001266974999,0.001104676624,0.001035291215,0.0009086463801,0.0008762292568,0.0008258539987,0.0007805068702
2,2000,first_saved,13,attention,v_proj,self_attn,16,3584,512,16,65536,512,3584,1835008,16,32,2,0.01007787602,0.006649476562,7.439607614e-06,22.45929845,1.357320775,0.0004487173115,0.004898972067,0.000101563585,0.0003456403116,162,0.9923847803,0.00560641587,76,2.297011149,6.054874806,0.435348344,0.672025332,0.8055574178,0.9401821222,1,7,9,14,0.006649476562,0.004902832182,0.002757140005,0.002441347239,0.002146082352,0.00197293241,0.00184281151,0.001333747205,0.001114260253,0.001082765528,0.0009641636084,0.000887763297,0.0007973676822,0.0007313778777,0.0006919139266,0.0005423764182
2,2000,first_saved,13,attention,o_proj,self_attn,16,3584,3584,16,114688,3584,3584,12845056,16,32,2,0.02794419132,0.02136533629,7.796928381e-06,57.5119353,5.357018124,0.0004858850805,0.003988288969,0.0007808778283,0.002657476652,103,0.9221413815,0.006157895847,64,1.710659706,4.235457235,0.5845697986,0.7896573878,0.8823420616,0.9511630053,1,5,8,14,0.02136533629,0.01265497338,0.006563699084,0.005412324929,0.004316141464,0.003955716413,0.003344743616,0.002876920182,0.002752340112,0.002599233755,0.002457692065,0.002332461219,0.002032163559,0.001812712139,0.001624069384,0.001506815566
2,2000,first_saved,13,mlp,gate_proj,mlp,16,3584,18944,16,360448,18944,3584,67895296,16,32,2,0.05485367165,0.03865419612,6.657111937e-06,139.2511201,12.89101172,0.0003939190694,0.002998538592,0.003008925294,0.01023994846,35,0.5725741404,0.004489076104,96,2.01380824,6.43656713,0.4965716101,0.640621808,0.7657622819,0.8963239451,1,9,11,15,0.03865419612,0.02081913265,0.01424348067,0.01317807253,0.01104866382,0.01004262557,0.009782033175,0.008615962909,0.007804383708,0.00750158509,0.006708967785,0.006343108683,0.005802003123,0.005718669256,0.004982713181,0.004281611228
2,2000,first_saved,13,mlp,up_proj,mlp,16,3584,18944,16,360448,18944,3584,67895296,16,32,2,0.05955004167,0.0451204491,7.227069426e-06,135.2433981,5.287465668,0.0004403175498,0.008533473676,0.003546207463,0.01206842248,27,0.4869499388,0.005290658169,81,1.741876308,5.227684906,0.5740935768,0.6709725879,0.816130682,0.9262015484,1,7,10,15,0.0451204491,0.01853518471,0.01757683833,0.01434627027,0.01182282012,0.01020436963,0.008879767912,0.00822043885,0.007714399172,0.006844142033,0.005762704372,0.005567240393,0.005306174774,0.004888419109,0.004696690527,0.004127520299
2,2000,first_saved,13,mlp,down_proj,mlp,16,18944,3584,16,360448,3584,18944,67895296,16,32,2,0.03333104543,0.02575699135,4.045098418e-06,133.5886979,10.55101117,0.0002495049803,0.002441187004,0.00111095859,0.003780804636,83,0.8564083269,0.001657461442,183,1.674586582,4.458906258,0.597162315,0.7236393318,0.8739433252,0.9490826548,1,5,9,14,0.02575699135,0.01185372212,0.01072945463,0.007201410681,0.005661476878,0.0048124359,0.004105018647,0.003378408766,0.003352005093,0.003073247298,0.002992436785,0.002748038499,0.002482008445,0.002439086845,0.002006001457,0.00180175721
2,2000,first_saved,14,attention,q_proj,self_attn,16,3584,3584,16,114688,3584,3584,12845056,16,32,2,0.02200167915,0.01519752216,6.13886137e-06,59.87938233,4.193251929,0.0003674333017,0.00362428073,0.0004840738855,0.001647396048,119,0.9543351995,0.003817340512,110,2.095878408,6.291102762,0.4771269156,0.6310667532,0.7935270971,0.9209580489,1,8,10,14,0.01519752216,0.008632395688,0.006618158548,0.005902777934,0.00451555007,0.003932222629,0.003803253755,0.003371748748,0.00293027824,0.002797347808,0.00238828376,0.002269101228,0.002089713505,0.001606558379,0.001583663632,0.001241699038
2,2000,first_saved,14,attention,k_proj,self_attn,16,3584,512,16,65536,512,3584,1835008,16,32,2,0.008527051857,0.004602281022,6.294770823e-06,25.30762157,2.356789779,0.0003369361216,0.001952775366,7.271061336e-05,0.0002474481287,174,0.9958925345,0.004013701727,106,3.432824022,9.168656727,0.291305349,0.4425745511,0.6807902938,0.8893565973,1,9,11,15,0.004602281022,0.003316455407,0.003305280953,0.002529017711,0.002283248715,0.002041588603,0.001801729719,0.00159293602,0.001288694497,0.001235956879,0.001135772949,0.001042575456,0.000895874678,0.0008288595292,0.0007496044144,0.0006543520838
2,2000,first_saved,14,attention,v_proj,self_attn,16,3584,512,16,65536,512,3584,1835008,16,32,2,0.009993439827,0.006488373729,7.377275816e-06,19.75801698,1.436823609,0.0005057916407,0.00451577611,9.986883958e-05,0.0003398727686,163,0.992724653,0.005512864152,77,2.372238168,6.209500109,0.4215428338,0.6682797987,0.8086570269,0.9274429564,1,7,10,14,0.006488373729,0.004964003864,0.002761252266,0.002528793549,0.002183100614,0.001708700984,0.001473444308,0.001416470073,0.00125581815,0.001130865905,0.001077119485,0.001010619072,0.0008541182809,0.0007999720386,0.0007049317528,0.0005850738868
2,2000,first_saved,14,attention,o_proj,self_attn,16,3584,3584,16,114688,3584,3584,12845056,16,32,2,0.02838680235,0.02028938906,7.920424763e-06,54.60895525,4.86361508,0.0005198195464,0.004171668343,0.0008058105477,0.002742327466,101,0.9167532342,0.006354511865,61,1.957469517,4.634195285,0.5108636387,0.7695592008,0.8839760554,0.9505147895,1,5,8,14,0.02028938906,0.01443813051,0.007669582604,0.005777180196,0.004364424093,0.003727840943,0.003367995907,0.003054377445,0.002877959501,0.002717862647,0.00245035886,0.002307469693,0.002057700864,0.001914433796,0.001722369617,0.001418398627
2,2000,first_saved,14,mlp,gate_proj,mlp,16,3584,18944,16,360448,18944,3584,67895296,16,32,2,0.05599803757,0.03608608167,6.795993652e-06,136.8307712,12.15682623,0.0004092503249,0.002968380151,0.003135780211,0.01067166001,30,0.5203230115,0.004678333505,89,2.408053656,7.281704053,0.4152731387,0.6069272401,0.7503160607,0.8948147837,1,9,12,15,0.03608608167,0.02451499824,0.01541403098,0.01456171264,0.01266991471,0.01032208747,0.009720660066,0.009568321472,0.007995343471,0.007414800205,0.006888731948,0.006635351472,0.005799151208,0.00569127196,0.005604762416,0.004692156257
2,2000,first_saved,14,mlp,up_proj,mlp,16,3584,18944,16,360448,18944,3584,67895296,16,32,2,0.06217748892,0.04479783388,7.545939793e-06,136.2790228,5.110151387,0.0004562513559,0.008766439677,0.003866040128,0.01315687423,25,0.462049441,0.005767822948,73,1.926425985,5.506604255,0.5190959881,0.6984812507,0.8215968496,0.9238599362,1,7,10,15,0.04479783388,0.02633458987,0.0180133472,0.01230809361,0.01109634101,0.01076862791,0.008933627645,0.008743646979,0.007888722801,0.007140435576,0.006308168441,0.005910699417,0.005677490575,0.005391013606,0.004998657402,0.00448663737
2,2000,first_saved,14,mlp,down_proj,mlp,16,18944,3584,16,360448,3584,18944,67895296,16,32,2,0.03582897094,0.02937503283,4.348249861e-06,134.806716,9.680714936,0.0002657803113,0.003034386719,0.001283715158,0.004368728292,70,0.802936122,0.001915200439,178,1.487688302,3.442054348,0.672183816,0.8240464111,0.9119062054,0.9648706738,1,4,7,13,0.02937503283,0.01396238931,0.008746878411,0.006023210759,0.005086731214,0.00416912218,0.003805068391,0.003202550742,0.003177916069,0.002634818906,0.002588945279,0.002492519724,0.002286633821,0.00207659688,0.001695611628,0.001650238607
2,2000,first_saved,15,attention,q_proj,self_attn,16,3584,3584,16,114688,3584,3584,12845056,16,32,2,0.02265284636,0.01243062862,6.32054865e-06,62.19952571,4.431282996,0.0003641964485,0.002805198546,0.0005131514482,0.001746352558,117,0.9510077891,0.004046642198,104,3.320927358,8.132615419,0.3011207089,0.5173888414,0.7619088382,0.8994702662,1,9,11,15,0.01243062862,0.01053462412,0.008324286619,0.007495468149,0.005072397406,0.004220154953,0.004005002873,0.003318263807,0.003224968484,0.002944924629,0.002780471541,0.002669656353,0.002384140534,0.002265476325,0.001887573052,0.001810096011
2,2000,first_saved,15,attention,k_proj,self_attn,16,3584,512,16,65536,512,3584,1835008,16,32,2,0.008273208962,0.005403553392,6.107380987e-06,26.49714436,2.554430019,0.0003122302105,0.002115365601,6.844598653e-05,0.0002329347877,175,0.9961254693,0.003778289876,114,2.344169944,7.121595612,0.4265902318,0.578103116,0.7536122392,0.9111903179,1,8,11,15,0.005403553392,0.003220318126,0.002663602035,0.002217683314,0.001965380617,0.001873088212,0.001382559803,0.001225942503,0.00116950152,0.001074841807,0.0009338227934,0.0008278307162,0.0007972493474,0.0007467540382,0.0007182582927,0.0005377506848
2,2000,first_saved,15,attention,v_proj,self_attn,16,3584,512,16,65536,512,3584,1835008,16,32,2,0.01022629638,0.006657538913,7.549173283e-06,20.84346331,1.513636188,0.0004906236658,0.004398374568,0.0001045771376,0.0003558960075,161,0.99203914,0.005772767115,72,2.359442095,6.356184209,0.423829007,0.624634548,0.800921547,0.9411642091,1,6,9,14,0.006657538913,0.004582539546,0.003264140198,0.002789440539,0.002408367618,0.002225625433,0.001488635302,0.001302496819,0.00119273015,0.001039822483,0.0009190434425,0.0008781035042,0.000813814728,0.0007739889871,0.0006390286577,0.0006030132565
2,2000,first_saved,15,attention,o_proj,self_attn,16,3584,3584,16,114688,3584,3584,12845056,16,32,2,0.03004561061,0.02090105256,8.383261888e-06,55.32372416,4.436380813,0.0005430872752,0.004711284589,0.0009027387168,0.003072192571,98,0.9081595993,0.007118874161,55,2.066454058,5.058329266,0.4839207513,0.7372850598,0.8606727167,0.9499985258,1,6,9,14,0.02090105256,0.01512355021,0.00810443992,0.006760537594,0.00587900569,0.004656251733,0.00368834025,0.003284908594,0.003049698026,0.002812708292,0.002666718912,0.002436562678,0.002367203951,0.00190182303,0.001752655956,0.001608000283
2,2000,first_saved,15,mlp,gate_proj,mlp,16,3584,18944,16,360448,18944,3584,67895296,16,32,2,0.0592196105,0.04069692948,7.186967875e-06,135.1894024,11.29029455,0.0004380492068,0.003604594133,0.003506962268,0.01193486357,28,0.4988848024,0.005232107473,84,2.117423876,6.911014872,0.4722719958,0.5966757104,0.7503537194,0.8946093419,1,9,12,15,0.04069692948,0.02088729598,0.01763613115,0.01509668364,0.01232846916,0.01192169874,0.01101464372,0.00951097239,0.00841841831,0.007964402296,0.007500031647,0.006872046499,0.00638085235,0.006194786732,0.005321142717,0.004941545668
2,2000,first_saved,15,mlp,up_proj,mlp,16,3584,18944,16,360448,18944,3584,67895296,16,32,2,0.0635700625,0.04479311073,7.714944308e-06,137.7909675,5.104531584,0.000461351449,0.008775165751,0.004041152846,0.01375281631,23,0.4352302926,0.00602907713,67,2.014108347,6.096217062,0.4964976197,0.6476361557,0.7854678196,0.9218549026,1,7,10,14,0.04479311073,0.02471384075,0.01744041465,0.01590065274,0.01412384961,0.01273694451,0.0103278774,0.009098522624,0.00833154228,0.007897567546,0.00730796873,0.00612303683,0.005520731205,0.004849334267,0.004522175169,0.004320595066
2,2000,first_saved,15,mlp,down_proj,mlp,16,18944,3584,16,360448,3584,18944,67895296,16,32,2,0.03707566167,0.02627029824,4.499549847e-06,135.8289432,10.25074536,0.0002729584786,0.002562769565,0.001374604688,0.004678042751,67,0.7894126074,0.002050800354,177,1.991809568,4.076469131,0.5020560278,0.8238562449,0.9071793417,0.9627038534,1,4,7,13,0.02627029824,0.02103207282,0.00826407058,0.006800107124,0.005530065726,0.004326343605,0.0038865369,0.003452565592,0.003332877756,0.00291021269,0.002779123055,0.002663278657,0.002297078165,0.002178526158,0.002047465462,0.001630585351
2,2000,first_saved,16,attention,q_proj,self_attn,16,3584,3584,16,114688,3584,3584,12845056,16,32,2,0.02597564482,0.01953207602,7.247668757e-06,59.49077975,4.165600608,0.0004366331209,0.004688897919,0.000674734124,0.002296249318,107,0.931816057,0.005320861099,78,1.76862542,4.46972139,0.5654108488,0.7747615417,0.8671780878,0.9516812667,1,5,8,14,0.01953207602,0.01188511911,0.005669905443,0.005496250498,0.004783176455,0.003596940383,0.003457096556,0.003041201193,0.002632220803,0.002478852084,0.00222487318,0.002106058352,0.001779620639,0.001618934188,0.00150960692,0.001441024335
2,2000,first_saved,16,attention,k_proj,self_attn,16,3584,512,16,65536,512,3584,1835008,16,32,2,0.00960006449,0.005240621998,7.086881476e-06,23.76947927,2.38045003,0.0004038819859,0.002201525734,9.216123821e-05,0.0003136423265,167,0.9940184273,0.005087396514,86,3.355696152,8.619138176,0.2980007589,0.4995722166,0.7135256015,0.8958680029,1,9,11,15,0.005240621998,0.004310113122,0.003384179442,0.002874984935,0.002601137234,0.002013736759,0.001756939593,0.001702061724,0.001454898379,0.001281805818,0.00121055888,0.001085000693,0.001068258865,0.0009092018118,0.0008327667623,0.0007301873821
2,2000,first_saved,16,attention,v_proj,self_attn,16,3584,512,16,65536,512,3584,1835008,16,32,2,0.01087007712,0.006235897446,8.024419862e-06,22.40522075,1.824063248,0.0004851582245,0.003418684879,0.0001181585765,0.0004021162427,156,0.9901814079,0.006522476716,58,3.03855654,6.953807698,0.3291036342,0.5402099532,0.8239388109,0.9380051429,1,7,9,14,0.006235897446,0.004994399077,0.004461231383,0.003690855253,0.002241018791,0.001906048038,0.001630264909,0.00147138282,0.001294746138,0.001097081062,0.001048971023,0.0009383920532,0.0008749780334,0.0008581747466,0.0007484266924,0.0006341583613
2,2000,first_saved,16,attention,o_proj,self_attn,16,3584,3584,16,114688,3584,3584,12845056,16,32,2,0.03124981194,0.0242142451,8.719255562e-06,57.14794744,5.305729657,0.0005468229978,0.004563791723,0.000976550746,0.003323389028,94,0.8955515116,0.007700945737,45,1.665531873,3.900546227,0.6004088042,0.8213694698,0.8885810491,0.9596458085,1,5,8,13,0.0242142451,0.01468942827,0.005868497743,0.005585360522,0.004709112206,0.004402695481,0.004223463008,0.003162473508,0.002986328529,0.002659402021,0.002513179185,0.002225599131,0.001997246055,0.001837755061,0.001611699742,0.001477858594
2,2000,first_saved,16,mlp,gate_proj,mlp,16,3584,18944,16,360448,18944,3584,67895296,16,32,2,0.06140521653,0.04299007987,7.452215825e-06,134.9977526,11.1539179,0.0004548610279,0.003854258231,0.003770600617,0.01283207531,26,0.4748815163,0.005625434823,75,2.040206046,5.987288037,0.4901465722,0.6602817056,0.8035980684,0.9190913525,1,8,11,15,0.04299007987,0.02532808005,0.01938022957,0.01283726869,0.01242864455,0.01053331906,0.009726827041,0.008685958111,0.007564099214,0.007093299916,0.006969202459,0.006485799487,0.006083847855,0.00521819599,0.004833197442,0.004393830455
2,2000,first_saved,16,mlp,up_proj,mlp,16,3584,18944,16,360448,18944,3584,67895296,16,32,2,0.06429472779,0.03899794044,7.802890618e-06,137.5385522,5.143468407,0.0004674669521,0.007582031687,0.004133812022,0.01406815322,21,0.4075385554,0.006167317217,63,2.718112205,6.786373677,0.3679023987,0.6240098608,0.8019167249,0.9185076205,1,8,10,14,0.03899794044,0.0325376721,0.02171695939,0.01624214299,0.01233647724,0.01202250167,0.01023811473,0.008967532314,0.008372023951,0.007986772962,0.007254540808,0.006255365525,0.006178720364,0.005869413698,0.00479766179,0.003948763002
2,2000,first_saved,16,mlp,down_proj,mlp,16,18944,3584,16,360448,3584,18944,67895296,16,32,2,0.03770689746,0.03043694513,4.576157432e-06,134.9634501,10.57249789,0.0002793859926,0.002878879282,0.001421810116,0.004838691854,65,0.7799881308,0.002121227081,175,1.534756485,3.247968002,0.6515691642,0.8626601109,0.9267703618,0.9720079318,1,3,6,12,0.03043694513,0.01732429633,0.008072230507,0.005098205369,0.004946484022,0.003968791422,0.003859391084,0.003034027933,0.002780710871,0.002723447763,0.002681526763,0.00224985411,0.001936144898,0.001749712008,0.001713382455,0.00162838178
2,2000,first_saved,17,attention,q_proj,self_attn,16,3584,3584,16,114688,3584,3584,12845056,16,32,2,0.02585192118,0.01568267025,7.213147649e-06,61.23376521,3.918369949,0.0004221840856,0.004002345479,0.0006683218285,0.00227442705,108,0.934090484,0.005270294613,83,2.717350276,6.396531311,0.3680055563,0.6433560583,0.8102286482,0.936890575,1,7,9,14,0.01568267025,0.01356549855,0.008342379155,0.006475284125,0.006236850341,0.004440645016,0.0036674541,0.003547263817,0.003065534288,0.00271873899,0.002417459544,0.002354904054,0.002123283976,0.00192526057,0.001721588866,0.001679240618
2,2000,first_saved,17,attention,k_proj,self_attn,16,3584,512,16,65536,512,3584,1835008,16,32,2,0.009396694197,0.005146439022,6.936751114e-06,24.23682136,2.341320681,0.0003877032411,0.002198092327,8.829786183e-05,0.0003004945175,168,0.9943189218,0.004874134107,87,3.333776834,8.385229656,0.2999600903,0.5169665776,0.7345461281,0.8923534593,1,9,11,15,0.005146439022,0.004377351807,0.003501876022,0.002636033651,0.002186060914,0.001951182464,0.001757265591,0.001503360316,0.001467303116,0.001256477111,0.001191471049,0.001105298611,0.0009602428172,0.0009538184629,0.0008714108663,0.0007353673298
2,2000,first_saved,17,attention,v_proj,self_attn,16,3584,512,16,65536,512,3584,1835008,16,32,2,0.01076434484,0.006959010361,7.946367042e-06,22.07691202,1.650477732,0.0004875838085,0.004216361254,0.0001158711199,0.0003943315901,157,0.9905757395,0.006396206722,60,2.392655862,5.41885429,0.4179456043,0.712508483,0.8651370109,0.9490439365,1,6,9,14,0.006959010361,0.00584220255,0.003197456118,0.002731576985,0.001888854598,0.001546378116,0.001423262549,0.001318201872,0.001156276196,0.001004480143,0.0008971352421,0.0008866936471,0.0008135142572,0.0007333476152,0.0006509989299,0.0005864299618
2,2000,first_saved,17,attention,o_proj,self_attn,16,3584,3584,16,114688,3584,3584,12845056,16,32,2,0.03116742754,0.02356070519,8.696268845e-06,56.8536688,4.791268337,0.0005482043322,0.004917425521,0.0009714085394,0.003305889116,95,0.8988574007,0.007660394998,46,1.749948817,4.142355105,0.5714452846,0.787127585,0.9008997044,0.9642680445,1,4,7,13,0.02356070519,0.01447465469,0.008448624981,0.006256192469,0.004427191475,0.004120889206,0.003674754607,0.003386882503,0.003052266523,0.002603860836,0.002220856726,0.001964381789,0.001873872596,0.00163907868,0.001405026025,0.001284845742
2,2000,first_saved,17,mlp,gate_proj,mlp,16,3584,18944,16,360448,18944,3584,67895296,16,32,2,0.06399873571,0.04727754707,7.766968639e-06,133.6220391,11.14984539,0.0004789534432,0.004240197547,0.004095838172,0.01393892094,22,0.4214774763,0.006110663268,66,1.83245331,5.74094448,0.5457164963,0.6662170013,0.784989337,0.9101407628,1,8,11,15,0.04727754707,0.02221599802,0.01656597734,0.01456161602,0.01268838478,0.01110210287,0.01093054837,0.01043414122,0.009179090305,0.00794976188,0.00733517594,0.007009271711,0.006081564539,0.005629277314,0.005118564095,0.004773457467
2,2000,first_saved,17,mlp,up_proj,mlp,16,3584,18944,16,360448,18944,3584,67895296,16,32,2,0.06824209904,0.04905854891,8.281948655e-06,138.3325325,5.228743107,0.0004933192346,0.009382474508,0.004656984082,0.01584860783,19,0.3790545639,0.006947848125,57,1.934974995,5.25334228,0.516802544,0.7128826873,0.8448375766,0.9374112004,1,6,9,14,0.04905854891,0.03021824128,0.01949012674,0.01531818457,0.01277440635,0.01061963487,0.009545646269,0.008002026446,0.007696301473,0.0070397667,0.006500467766,0.006173315127,0.0056558311,0.005154343958,0.00498601639,0.004347611365
2,2000,first_saved,17,mlp,down_proj,mlp,16,18944,3584,16,360448,3584,18944,67895296,16,32,2,0.04049435397,0.0364031765,4.914446728e-06,135.1869596,8.604619054,0.0002995433441,0.004230655218,0.001639792703,0.005580528304,61,0.7593507389,0.002446439682,168,1.237400784,2.299534697,0.808145601,0.9016113418,0.9513656716,0.9814540237,1,2,4,11,0.0364031765,0.01238000161,0.007079140583,0.005610040604,0.00420533354,0.003567284434,0.003305566246,0.002828699987,0.002500587697,0.002465276029,0.002144468121,0.001985635015,0.001842924957,0.001621306003,0.00151183061,0.001108559698
2,2000,first_saved,18,attention,q_proj,self_attn,16,3584,3584,16,114688,3584,3584,12845056,16,32,2,0.0353207723,0.031193609,9.855126201e-06,57.74961543,4.173073378,0.0006116191778,0.007474972562,0.001247556956,0.004245675012,74,0.8200575911,0.009838063677,13,1.282121355,2.615532672,0.7799573699,0.8513803627,0.9332755146,0.9821558387,1,4,6,10,0.031193609,0.00943950483,0.007670604934,0.00658260484,0.004471637557,0.004309951955,0.003732552108,0.00291166873,0.002670662192,0.001917132026,0.001707409313,0.001642860993,0.001445954968,0.001344035471,0.001112406229,0.0008395666954
2,2000,first_saved,18,attention,k_proj,self_attn,16,3584,512,16,65536,512,3584,1835008,16,32,2,0.01202496426,0.007620879634,8.876971246e-06,23.11234533,2.763460169,0.0005202831684,0.002757730949,0.0001445997654,0.0004921006672,149,0.9870212975,0.00798205793,40,2.489759416,6.269494983,0.4016452326,0.6555584979,0.810413584,0.9339511174,1,7,10,15,0.007620879634,0.006059356284,0.003630276724,0.003035308884,0.00287799698,0.002077428339,0.001761882506,0.00146992968,0.001399821646,0.001213674896,0.001168900782,0.001102259848,0.001007086078,0.0009891448151,0.0009243536104,0.000830530126
2,2000,first_saved,18,attention,v_proj,self_attn,16,3584,512,16,65536,512,3584,1835008,16,32,2,0.01187288116,0.008978570375,8.764701701e-06,24.89187137,1.540425882,0.0004769782465,0.005828628615,0.0001409653071,0.0004797319102,150,0.9875010294,0.007781432039,42,1.748629737,4.765517139,0.571876355,0.7252313233,0.8561576727,0.9470218793,1,6,9,14,0.008978570375,0.00464948709,0.003207336512,0.002858157718,0.002141522172,0.00198593315,0.001508663448,0.001415128155,0.001344387471,0.001155158587,0.001101148657,0.000941488187,0.000870806526,0.0007794848273,0.0007068079187,0.0006015825899
2,2000,first_saved,18,attention,o_proj,self_attn,16,3584,3584,16,114688,3584,3584,12845056,16,32,2,0.03461754168,0.03014564782,9.6589123e-06,60.79351753,5.208813475,0.0005694281741,0.005787430855,0.001198374192,0.004078296656,79,0.8407159438,0.009450215121,18,1.318691495,2.774161747,0.7583274811,0.8489114723,0.9307402034,0.9776534924,1,4,5,12,0.03014564782,0.01041890192,0.007600800282,0.006347383295,0.004889953599,0.003986780906,0.003055610105,0.0026602356,0.002403356907,0.002309291841,0.001913616171,0.001812093826,0.00173501768,0.001654581875,0.00125424146,0.00118484798
2,2000,first_saved,18,mlp,gate_proj,mlp,16,3584,18944,16,360448,18944,3584,67895296,16,32,2,0.06896483478,0.05159038228,8.369660791e-06,133.1710932,10.96432362,0.0005178664013,0.004705295471,0.004756148437,0.0161860831,18,0.3632059561,0.007095793418,56,1.786972661,4.950919597,0.5596056514,0.7305951917,0.8463226487,0.9355382604,1,6,10,14,0.05159038228,0.02851756712,0.016892099,0.01628109195,0.01206786015,0.01068213045,0.00987158143,0.008193498194,0.007619042393,0.007141857647,0.00690847247,0.006509182026,0.00596087407,0.005235671426,0.005124169046,0.004270344083
2,2000,first_saved,18,mlp,up_proj,mlp,16,3584,18944,16,360448,18944,3584,67895296,16,32,2,0.07636183709,0.0644309714,9.267370478e-06,140.7080657,5.594933968,0.0005426969427,0.01151594849,0.005831130164,0.0198444516,8,0.1793093351,0.008699580257,25,1.404634651,3.194119813,0.7119288987,0.8378266186,0.9091738252,0.9627577164,1,4,7,13,0.0644309714,0.02709475949,0.0167271278,0.01167210538,0.00955849851,0.009379922639,0.008808164603,0.007451378301,0.007029011148,0.006730372672,0.006065893586,0.005199769879,0.004474566282,0.004084128228,0.003526823197,0.003080046837
2,2000,first_saved,18,mlp,down_proj,mlp,16,18944,3584,16,360448,3584,18944,67895296,16,32,2,0.04344029741,0.04076722133,5.271970202e-06,137.802496,7.494154726,0.0003152359258,0.005439869181,0.001887059439,0.006422024314,53,0.7109171128,0.002815341894,152,1.135437824,1.774598216,0.8807175337,0.9366300179,0.9717550435,0.9902686142,1,2,3,8,0.04076722133,0.01027181489,0.00693733627,0.004261029984,0.003673005728,0.00320736023,0.002574587375,0.002128280411,0.002009113828,0.001885215363,0.001766242502,0.001560986886,0.001376226838,0.001188478051,0.001016096896,0.0009369643094
2,2000,first_saved,19,attention,q_proj,self_attn,16,3584,3584,16,114688,3584,3584,12845056,16,32,2,0.03311622168,0.03020777589,9.24001721e-06,57.3860476,4.54186206,0.0005770779322,0.006650967268,0.001096684138,0.003732225947,86,0.8676471946,0.008648301253,29,1.201832823,2.129876312,0.8320624804,0.8989560237,0.9584977828,0.9891608056,1,3,4,9,0.03020777589,0.008565108751,0.006709271257,0.004503796405,0.003695545478,0.002742678875,0.002636428875,0.002344685414,0.001768520618,0.001494744448,0.001323980745,0.001232264552,0.001143030654,0.0009554960594,0.0007303525903,0.0007077702926
2,2000,first_saved,19,attention,k_proj,self_attn,16,3584,512,16,65536,512,3584,1835008,16,32,2,0.0114032638,0.007428138243,8.418024595e-06,21.27921258,2.441338036,0.0005358874891,0.003042650437,0.0001300344253,0.0004425320283,155,0.9897792917,0.00717803596,54,2.356667905,6.415800601,0.4243279241,0.6438401715,0.797860294,0.9312109298,1,7,10,14,0.007428138243,0.005342672453,0.00344234349,0.002859753383,0.002359074676,0.002135705245,0.00202522873,0.001764129149,0.001443909522,0.001366404403,0.001121800662,0.001023097235,0.0009656912252,0.0008099515563,0.0007854906275,0.0006944567928
2,2000,first_saved,19,attention,v_proj,self_attn,16,3584,512,16,65536,512,3584,1835008,16,32,2,0.01239028003,0.008360277964,9.146651684e-06,25.05350919,1.621565345,0.0004945526767,0.005155683668,0.0001535190393,0.0005224546628,146,0.9854903686,0.008474411155,32,2.196447411,5.932527213,0.4552806477,0.6326809582,0.8315449956,0.9383730427,1,6,9,14,0.008360277964,0.005218651667,0.004611157209,0.003044116485,0.002566041277,0.002253865978,0.001608414921,0.001465831136,0.001369952861,0.001289632268,0.001223251674,0.001085408904,0.001004755063,0.0009527604961,0.0008793897841,0.0007456005668
2,2000,first_saved,19,attention,o_proj,self_attn,16,3584,3584,16,114688,3584,3584,12845056,16,32,2,0.03734569397,0.03511831424,1.042011551e-05,59.57677569,4.945062905,0.000626849868,0.007101692115,0.001394700858,0.004746433864,66,0.7847345647,0.01099842038,4,1.13087277,1.746689262,0.8842727725,0.9398649677,0.9731197546,0.9918906031,1,2,3,8,0.03511831424,0.008805366681,0.005532889051,0.003970846076,0.003180501915,0.002717227094,0.002274805131,0.00187244882,0.001657719378,0.001458034278,0.001392513938,0.00131385824,0.001063679882,0.0008632250218,0.0007492708224,0.0005770508755
2,2000,first_saved,19,mlp,gate_proj,mlp,16,3584,18944,16,360448,18944,3584,67895296,16,32,2,0.07324506051,0.05970660582,8.889114475e-06,134.9815489,12.06864585,0.0005426301677,0.004947249805,0.005364838889,0.01825757317,14,0.2946858444,0.008003910935,39,1.504914815,3.733638378,0.664489438,0.7906222862,0.8843109368,0.9608495101,1,5,7,13,0.05970660582,0.02601311994,0.01635401585,0.01533527574,0.01354622536,0.009940006637,0.008548591872,0.007432007669,0.007227533383,0.006151922874,0.005818435921,0.004909258061,0.004486550408,0.004333652165,0.003707662882,0.00305634195
2,2000,first_saved,19,mlp,up_proj,mlp,16,3584,18944,16,360448,18944,3584,67895296,16,32,2,0.08082190627,0.06997881577,9.808650192e-06,140.3816345,5.572423325,0.0005757299133,0.01255805808,0.006532180533,0.02223026013,5,0.1178323049,0.009745491388,14,1.33390531,2.77870819,0.7496784011,0.8716428283,0.9271863378,0.9736952043,1,3,6,12,0.06997881577,0.0282257623,0.01500817323,0.01172923559,0.01030624552,0.009457663493,0.007762814516,0.006919315571,0.00638197893,0.005727960953,0.005098937455,0.004819473423,0.004272600604,0.003786367828,0.003073233375,0.002650572518
2,2000,first_saved,19,mlp,down_proj,mlp,16,18944,3584,16,360448,3584,18944,67895296,16,32,2,0.04502969108,0.04199774357,5.464861057e-06,137.0376049,6.948771125,0.0003285936815,0.006043909465,0.002027673079,0.006900559434,50,0.6909471013,0.003025126208,143,1.149598054,1.851238397,0.8698692524,0.9266535001,0.9692662147,0.9915918274,1,2,3,8,0.04199774357,0.01073032574,0.007412140951,0.005609351175,0.004676093106,0.003124280679,0.002678175304,0.002543510278,0.002060031048,0.001833470887,0.001693832211,0.001370323693,0.00130279549,0.00112747761,0.0009418350628,0.0009172197073
2,2000,first_saved,20,attention,q_proj,self_attn,16,3584,3584,16,114688,3584,3584,12845056,16,32,2,0.03312513343,0.02999183328,9.242503747e-06,58.68717669,4.080684903,0.000564435628,0.007349705747,0.001097274465,0.003734234941,85,0.8639149687,0.008652956486,27,1.219857908,2.122308482,0.8197676083,0.9209834701,0.9634022654,0.9896504226,1,2,3,9,0.02999183328,0.01053857583,0.005642965734,0.003834318525,0.003216970828,0.002879259938,0.002453274714,0.002035641593,0.001740700664,0.001589176729,0.001417144539,0.001096996987,0.0009261794367,0.0008619495594,0.0007517622029,0.0006505326576
2,2000,first_saved,20,attention,k_proj,self_attn,16,3584,512,16,65536,512,3584,1835008,16,32,2,0.009793496093,0.006510080712,7.22967498e-06,22.31836675,2.351049866,0.0004388088162,0.002769010053,9.591256573e-05,0.0003264088117,165,0.9933789993,0.005294473708,80,2.263094884,6.67546133,0.4418727678,0.6033483592,0.7852439231,0.914215582,1,8,11,15,0.006510080712,0.003935420978,0.003486613971,0.002299911573,0.001990145646,0.001833682784,0.001672437757,0.001499960805,0.001337328898,0.001187841741,0.001102646457,0.00107953937,0.0009688150368,0.0008518155987,0.0007732654992,0.0006205003339
2,2000,first_saved,20,attention,v_proj,self_attn,16,3584,512,16,65536,512,3584,1835008,16,32,2,0.01171577109,0.007947275129,8.648721181e-06,25.88930388,1.708510738,0.00045253326,0.00465158044,0.0001372592922,0.0004671196325,152,0.9884364164,0.00757685615,48,2.173227833,5.671671114,0.4601450363,0.6825228218,0.8464534035,0.9389262407,1,6,9,14,0.007947275129,0.005524800217,0.003599473173,0.003089464109,0.002209123543,0.001772417444,0.001569256297,0.00148610243,0.001347688346,0.001218540135,0.001154521233,0.001028252363,0.0009528370353,0.0008982638312,0.000737678158,0.0006577761343
2,2000,first_saved,20,attention,o_proj,self_attn,16,3584,3584,16,114688,3584,3584,12845056,16,32,2,0.03657144856,0.03416461234,1.020408721e-05,60.8648568,4.865688361,0.0006008631332,0.007021537305,0.00133747085,0.004551669195,69,0.7985673937,0.01054711236,7,1.145859397,1.747053331,0.8727074214,0.953370615,0.9761180452,0.9945280512,1,2,2,6,0.03416461234,0.01038675455,0.004125270352,0.003661443617,0.003573398471,0.002418553513,0.001817474187,0.001643489054,0.001369754181,0.001268640265,0.001093914906,0.0009504587781,0.0008042590948,0.0006993497989,0.0005923577986,0.0004960494308
2,2000,first_saved,20,mlp,gate_proj,mlp,16,3584,18944,16,360448,18944,3584,67895296,16,32,2,0.07300649298,0.06111670008,8.860161613e-06,134.449246,11.12103049,0.0005430041087,0.005495596846,0.005329948018,0.01813883286,15,0.3128246773,0.007951856543,41,1.426931678,3.355399148,0.7008044012,0.8109666117,0.9100253538,0.9622148812,1,4,7,13,0.06111670008,0.02423136099,0.0186737097,0.01338919387,0.008746392895,0.00862841735,0.008291553461,0.00764647858,0.006904034014,0.005592407233,0.005277380564,0.004730627229,0.004558517941,0.004367433923,0.004195946804,0.003842121859
2,2000,first_saved,20,mlp,up_proj,mlp,16,3584,18944,16,360448,18944,3584,67895296,16,32,2,0.07566289792,0.06796567993,9.182546323e-06,141.1015197,5.906938779,0.0005362302126,0.01150607488,0.005724874122,0.01948284195,11,0.2383180491,0.008541054733,31,1.239328994,2.352272223,0.8068882476,0.8874699681,0.9500308627,0.9801695736,1,3,4,11,0.06796567993,0.02147836601,0.01440626465,0.01227244007,0.007813078384,0.006307652958,0.006092382617,0.005881540675,0.005139464613,0.004674992194,0.004149477897,0.003589787747,0.003508073227,0.003026744115,0.002701641518,0.002526990044
2,2000,first_saved,20,mlp,down_proj,mlp,16,18944,3584,16,360448,3584,18944,67895296,16,32,2,0.04286292081,0.03971128415,5.201899038e-06,137.8876865,6.544811273,0.0003108538687,0.006067598055,0.00183722998,0.006252445133,56,0.7297188292,0.002741000323,158,1.165026117,1.902124157,0.8583498559,0.9194178782,0.9745282783,0.991957628,1,2,3,8,0.03971128415,0.01059226139,0.008437885618,0.005482022036,0.003450533614,0.003002211478,0.002604560936,0.002078107344,0.002034729019,0.001660184156,0.001463361977,0.001300517608,0.001207461126,0.001050937755,0.0008967009671,0.0008246659521
2,2000,first_saved,21,attention,q_proj,self_attn,16,3584,3584,16,114688,3584,3584,12845056,16,32,2,0.03236357582,0.027918093,9.030015575e-06,57.10317363,3.677788686,0.0005667561671,0.007590999751,0.00104740104,0.003564506134,90,0.8820881891,0.008259661472,38,1.343821241,2.501325649,0.7441465943,0.9088812437,0.9609855672,0.9853861952,1,2,4,10,0.027918093,0.01313557167,0.006145706874,0.004099318195,0.002848419198,0.002615581869,0.002434312598,0.002162545909,0.001961040455,0.001750593926,0.001506442448,0.001445618886,0.001217307125,0.001109832017,0.0009694018053,0.0006194910709
2,2000,first_saved,21,attention,k_proj,self_attn,16,3584,512,16,65536,512,3584,1835008,16,32,2,0.01053509327,0.006455858238,7.77713081e-06,19.94945955,2.246958484,0.0005280891566,0.002873154214,0.0001109881901,0.000377714046,158,0.9909534535,0.006126663906,65,2.662985483,6.933791792,0.3755183821,0.5923382727,0.8032254399,0.917039603,1,8,11,15,0.006455858238,0.004905552695,0.003908671671,0.002851012239,0.002155801626,0.001794818283,0.001690690732,0.001380122999,0.001370109088,0.001268329852,0.001224731887,0.001048102132,0.0009715863572,0.0009395170823,0.0008674149737,0.0007376973546
2,2000,first_saved,21,attention,v_proj,self_attn,16,3584,512,16,65536,512,3584,1835008,16,32,2,0.01173015443,0.007495140434,8.659339133e-06,27.74698953,1.674629095,0.0004227541303,0.004475701787,0.0001375965229,0.0004682672931,151,0.9879692967,0.007595471637,47,2.449333431,5.406913716,0.4082743441,0.6954880082,0.8808246924,0.9502598784,1,5,8,14,0.007495140434,0.006286461763,0.003984546688,0.003102429855,0.001704135601,0.001596921709,0.001547789713,0.001305430988,0.001193348064,0.001117542074,0.001017765045,0.0009818140746,0.0008852085376,0.0007711589165,0.0006808371226,0.0005739894717
2,2000,first_saved,21,attention,o_proj,self_attn,16,3584,3584,16,114688,3584,3584,12845056,16,32,2,0.03534425738,0.03195762439,9.861678956e-06,63.20318339,5.267427952,0.000559216411,0.006067026388,0.00124921653,0.004251322858,73,0.8158119161,0.009851150847,12,1.223175423,2.071732313,0.8175442225,0.9314885121,0.9723212199,0.9903590174,1,2,3,8,0.03195762439,0.01193067853,0.005881874695,0.004051227409,0.00293816657,0.002384468057,0.002238131925,0.001790354612,0.00172449304,0.001502569496,0.001382755764,0.001194923981,0.001084058865,0.0009482139595,0.0008820633462,0.0007873357393
2,2000,first_saved,21,mlp,gate_proj,mlp,16,3584,18944,16,360448,18944,3584,67895296,16,32,2,0.06973500316,0.04662284915,8.463129413e-06,136.5876623,11.69046652,0.0005105512605,0.003988108523,0.004862970665,0.01654961959,17,0.347019873,0.007255163647,50,2.237195977,4.738390456,0.4469881093,0.7750491296,0.8745228444,0.9571923946,1,5,8,13,0.04662284915,0.0399418467,0.01720155693,0.01370562644,0.01170030481,0.01137953987,0.009146384038,0.007209174433,0.006832742552,0.006416333687,0.005975763084,0.005138810286,0.004295994902,0.003970588584,0.003780850753,0.003111804416
2,2000,first_saved,21,mlp,up_proj,mlp,16,3584,18944,16,360448,18944,3584,67895296,16,32,2,0.07511102089,0.06468741827,9.115569819e-06,141.0800399,5.64851978,0.0005324000541,0.01145210087,0.005641665459,0.01919966695,12,0.2575177161,0.008416914056,35,1.348241506,2.722005937,0.7417068795,0.8823355781,0.9396900541,0.976291874,1,3,5,11,0.06468741827,0.02816700324,0.01468956442,0.01038226679,0.009310300944,0.006902432454,0.006032351234,0.005981695731,0.00560342436,0.005106298703,0.004701419174,0.004125680721,0.003933269275,0.003477600321,0.00219660042,0.002183281134
2,2000,first_saved,21,mlp,down_proj,mlp,16,18944,3584,16,360448,3584,18944,67895296,16,32,2,0.04128738346,0.03826341028,5.010689805e-06,137.8420263,5.303142367,0.0002995268176,0.007215233466,0.001704648033,0.005801243401,60,0.7537702106,0.002543198652,165,1.164306636,1.877640406,0.8588802721,0.9330673276,0.9739180725,0.992133212,1,2,3,8,0.03826341028,0.01124556883,0.006724865953,0.0049408825,0.003790297802,0.002755906942,0.00231790948,0.001927775101,0.001796331053,0.001689275925,0.001424253051,0.001229499451,0.001123798764,0.001045246117,0.0008943967997,0.0007962863119
2,2000,first_saved,22,attention,q_proj,self_attn,16,3584,3584,16,114688,3584,3584,12845056,16,32,2,0.03024601784,0.02606148862,8.439179086e-06,58.11785857,4.07368327,0.0005204255385,0.006397524523,0.0009148215954,0.003113312918,97,0.9050874068,0.00721415809,53,1.346908118,2.649925403,0.7424411408,0.8876196145,0.9480154139,0.9833956957,1,3,5,10,0.02606148862,0.01152442636,0.005992041331,0.004398502283,0.003565676735,0.00282737509,0.002591890231,0.002222757381,0.001962980731,0.001848291169,0.001535060579,0.001372746763,0.001218231992,0.0009534863196,0.0008564148419,0.0007436303814
2,2000,first_saved,22,attention,k_proj,self_attn,16,3584,512,16,65536,512,3584,1835008,16,32,2,0.0115534095,0.009095448174,8.528863934e-06,19.45190466,1.92449378,0.000593947467,0.004726150985,0.0001334812711,0.0004542623042,153,0.9888906787,0.007368305448,49,1.613511729,4.197994945,0.6197661797,0.7687219425,0.8683254997,0.9535733974,1,5,8,13,0.009095448174,0.004459013855,0.002749186224,0.002395242063,0.002102499863,0.001724236076,0.001524717238,0.001288696769,0.001221491807,0.001091028342,0.0009223071942,0.0008936055497,0.0007696804725,0.0007110009144,0.0006594360212,0.0005768268554
2,2000,first_saved,22,attention,v_proj,self_attn,16,3584,512,16,65536,512,3584,1835008,16,32,2,0.01235543981,0.009485371107,9.12093222e-06,27.14584264,2.028233976,0.0004551503512,0.004676665128,0.0001526568929,0.0005195206138,147,0.9860098893,0.008426819778,33,1.696710568,4.08545761,0.5893757126,0.7521229433,0.9058914606,0.9647918122,1,4,7,13,0.009485371107,0.004984424398,0.004289121173,0.002253278421,0.0018320985,0.001572759592,0.001310520388,0.001201633609,0.001114023547,0.001014200163,0.0008509348969,0.0008154164427,0.0008056357392,0.000699869477,0.0006427009495,0.0004052125414
2,2000,first_saved,22,attention,o_proj,self_attn,16,3584,3584,16,114688,3584,3584,12845056,16,32,2,0.03495626443,0.03246069031,9.753421996e-06,63.4846213,4.348540535,0.0005506257061,0.007464732144,0.001221940423,0.004158497049,77,0.8325443167,0.009636055197,16,1.159670286,1.884013393,0.8623140667,0.9118076786,0.9742948546,0.9924308219,1,2,3,7,0.03246069031,0.007776776002,0.007513598258,0.004461103851,0.003001488799,0.00240793911,0.002102027871,0.001713313926,0.001603795796,0.001367004312,0.001136948573,0.00102456924,0.0009594109913,0.0008404712583,0.0007448069132,0.0005331322669
2,2000,first_saved,22,mlp,gate_proj,mlp,16,3584,18944,16,360448,18944,3584,67895296,16,32,2,0.07200700339,0.05994095686,8.738862275e-06,136.7619802,12.45184745,0.0005265133137,0.004813820367,0.005185008537,0.01764557608,16,0.3304702534,0.00773561842,44,1.443118961,3.314138354,0.6929435668,0.811138927,0.9191485167,0.9687338978,1,4,7,13,0.05994095686,0.02475568524,0.02013674933,0.01243149109,0.00924947597,0.008288978555,0.007706923463,0.006591205048,0.005775182518,0.005255077862,0.004960430035,0.004542756549,0.00404538416,0.003952683303,0.003740306882,0.003150427472
2,2000,first_saved,22,mlp,up_proj,mlp,16,3584,18944,16,360448,18944,3584,67895296,16,32,2,0.07807149056,0.07070402099,9.474856215e-06,141.8216006,6.529979308,0.0005504908296,0.01082760261,0.006095157638,0.0207429876,7,0.1594648836,0.00909348815,22,1.219261094,2.213502398,0.8201688753,0.8991760839,0.9540847409,0.9855624216,1,3,4,10,0.07070402099,0.02194450707,0.01571697809,0.009362345858,0.007804901125,0.007370628008,0.006629906063,0.005715166883,0.004894916177,0.003933675583,0.003714860364,0.003414383196,0.00288117945,0.002654570599,0.002233851728,0.001664053639
2,2000,first_saved,22,mlp,down_proj,mlp,16,18944,3584,16,360448,3584,18944,67895296,16,32,2,0.04267122534,0.04018307988,5.178634629e-06,138.8972237,5.119180586,0.0003072143862,0.00784951404,0.001820833472,0.006196644677,58,0.742146226,0.002716538043,161,1.12767457,1.711975079,0.8867806607,0.938893592,0.9769285415,0.9945601885,1,2,3,7,0.04018307988,0.009741096947,0.007330323336,0.003939754924,0.003706049505,0.002996690422,0.002288499129,0.002037672301,0.001624392484,0.001396497966,0.001202038877,0.001153111225,0.0009607561516,0.0008331479725,0.0006838742121,0.0006757946745
2,2000,first_saved,23,attention,q_proj,self_attn,16,3584,3584,16,114688,3584,3584,12845056,16,32,2,0.03026243277,0.02610522875,8.443759145e-06,59.48043008,4.087794552,0.0005087796563,0.00638614011,0.0009158148374,0.003116693111,96,0.9019740938,0.007221990661,52,1.343855797,2.882672544,0.7441274593,0.8295390201,0.9271273192,0.9779224209,1,3,6,12,0.02610522875,0.008844273552,0.008177216028,0.004744043665,0.004297156219,0.003463191113,0.003064037318,0.002582893518,0.002011614007,0.001882878831,0.001806465592,0.001717112507,0.001423685929,0.001330419176,0.00131842198,0.0009382026714
2,2000,first_saved,23,attention,k_proj,self_attn,16,3584,512,16,65536,512,3584,1835008,16,32,2,0.008912624567,0.006070435005,6.579405171e-06,20.53705367,2.174488207,0.0004339777609,0.002791661498,7.943487668e-05,0.0002703320833,169,0.9945892539,0.004384888079,97,2.155616993,6.032855547,0.4639043036,0.6632630126,0.8043755479,0.9321427669,1,7,10,14,0.006070435005,0.003979451527,0.0025324351,0.002189983859,0.002047805141,0.001602549054,0.001392776669,0.001203194527,0.001092177543,0.0009970211237,0.000918368444,0.0008200066412,0.0007646566385,0.000705209461,0.000573380166,0.0005260528225
2,2000,first_saved,23,attention,v_proj,self_attn,16,3584,512,16,65536,512,3584,1835008,16,32,2,0.01235290667,0.009115688309,9.119062223e-06,27.55447356,1.867441918,0.0004483085711,0.00488137715,0.0001525943031,0.0005193076087,148,0.9865291969,0.008423364754,34,1.836366604,4.377477161,0.5445535754,0.7545647386,0.9089959972,0.9623260251,1,4,7,13,0.009115688309,0.005660963442,0.00372036556,0.00311836662,0.001867471828,0.001391800963,0.001193470283,0.001135308846,0.001081583699,0.001024701853,0.0009423486727,0.0008614088904,0.0008149786189,0.0007092433083,0.0006367627315,0.0005711982693
2,2000,first_saved,23,attention,o_proj,self_attn,16,3584,3584,16,114688,3584,3584,12845056,16,32,2,0.03443596498,0.03245194229,9.608249157e-06,64.92898925,5.386493537,0.0005303634844,0.006024687872,0.001185835684,0.004035625714,80,0.8447515695,0.009351338159,19,1.126012275,1.68023268,0.8880897854,0.954931632,0.9790328439,0.9925625931,1,2,2,7,0.03245194229,0.00890300213,0.004301779012,0.003174078522,0.002319277834,0.002132532128,0.001857567461,0.001633021621,0.001522374587,0.001296290275,0.001156983023,0.0009923051241,0.0009886377265,0.0008755114217,0.0006665925861,0.0005567763705
2,2000,first_saved,23,mlp,gate_proj,mlp,16,3584,18944,16,360448,18944,3584,67895296,16,32,2,0.07834689432,0.067574747,9.508279568e-06,137.9935184,14.32737491,0.0005677577848,0.004716477892,0.00613823585,0.020889591,6,0.1387218959,0.0091577574,21,1.344233501,2.871791811,0.743918374,0.8631842893,0.917979035,0.9710234335,1,4,6,12,0.067574747,0.02705701973,0.01361158046,0.01229097026,0.01175177729,0.008800616737,0.007786657961,0.007029357141,0.006653988538,0.005822585782,0.005016794558,0.004534319088,0.004120997263,0.003960786066,0.003533546623,0.002966859756
2,2000,first_saved,23,mlp,up_proj,mlp,16,3584,18944,16,360448,18944,3584,67895296,16,32,2,0.08553238833,0.07762056008,1.038032034e-05,141.4665659,6.612890248,0.0006046120353,0.01173776627,0.007315789454,0.02489703121,1,0.02489703121,0.01091457328,5,1.214248719,2.204987948,0.8235545029,0.8985117261,0.9550852995,0.9850565005,1,3,4,10,0.07762056008,0.02341732826,0.01578001106,0.01284023375,0.009025294125,0.007791950093,0.006373186926,0.006039458903,0.005221540201,0.005101055133,0.004024665578,0.003687668823,0.00327014823,0.002622933296,0.002227470696,0.001925134322
2,2000,first_saved,23,mlp,down_proj,mlp,16,18944,3584,16,360448,3584,18944,67895296,16,32,2,0.04635426067,0.043133231,5.625612521e-06,138.762284,5.286413045,0.0003340551866,0.008159262365,0.002148717482,0.007312496698,46,0.6627243319,0.003205714786,131,1.154929129,1.82460873,0.8658539951,0.9360628905,0.9783811223,0.9932033383,1,2,3,7,0.043133231,0.01228247048,0.007840818795,0.005426922249,0.003355961739,0.00296792846,0.002588539672,0.002253250667,0.001849750249,0.001728588679,0.00143754277,0.001270861198,0.001173762163,0.001101599638,0.001013938934,0.0009452946751
2,2000,first_saved,24,attention,q_proj,self_attn,16,3584,3584,16,114688,3584,3584,12845056,16,32,2,0.03133646726,0.02701034825,8.743433946e-06,56.75886606,3.822658251,0.0005520981908,0.007065854825,0.0009819741805,0.003341846014,93,0.8922281226,0.0077437142,43,1.345983393,2.684523004,0.7429512168,0.8842608909,0.9418899116,0.9815081888,1,3,5,10,0.02701034825,0.01177974751,0.006133585017,0.004355381184,0.003985186233,0.003191796404,0.002621773439,0.002441547804,0.0022453703,0.001834427346,0.001686951211,0.001446449348,0.001293159624,0.001152483612,0.001054118868,0.0008378560101
2,2000,first_saved,24,attention,k_proj,self_attn,16,3584,512,16,65536,512,3584,1835008,16,32,2,0.01144889732,0.007592934536,8.451711803e-06,19.46239995,1.825873274,0.0005882572218,0.004158522196,0.0001310772499,0.0004460809599,154,0.9893367596,0.007235600967,51,2.273568324,6.572042929,0.4398372327,0.6111778558,0.7893017292,0.9307339766,1,7,10,14,0.007592934536,0.004739077725,0.003492383671,0.003339347804,0.002627388985,0.002199177999,0.002002693294,0.001669794256,0.001388936195,0.001310592293,0.001194640937,0.001024983359,0.0009235681671,0.0008972783888,0.0008346451393,0.0007745494924
2,2000,first_saved,24,attention,v_proj,self_attn,16,3584,512,16,65536,512,3584,1835008,16,32,2,0.01300278959,0.009473340252,9.598813507e-06,31.05244558,2.314050722,0.0004187364103,0.004093834314,0.0001690725372,0.000575386192,143,0.9838643046,0.009332980469,20,1.883938831,4.218679601,0.5308027964,0.7963724577,0.8963140577,0.9664678122,1,5,7,13,0.009473340252,0.006700786254,0.003481541425,0.002185463151,0.001879744595,0.001831829612,0.00175024338,0.001381550545,0.001176078483,0.001042838118,0.0009181291954,0.0007985524617,0.0007587665791,0.0007118273588,0.000585343913,0.0005412951803
2,2000,first_saved,24,attention,o_proj,self_attn,16,3584,3584,16,114688,3584,3584,12845056,16,32,2,0.03497389244,0.02905090119,9.758340524e-06,65.25187348,6.236852365,0.0005359829622,0.004657942739,0.001223173152,0.004162692262,76,0.8283858196,0.009645776331,15,1.449334805,2.704643108,0.6899717005,0.9116072888,0.9502426067,0.9865964614,1,2,4,10,0.02905090119,0.01646507519,0.005052721536,0.004661296892,0.004109872763,0.003598594931,0.002826641172,0.00257608601,0.002016368497,0.00176396197,0.001458647729,0.001428087455,0.001287945046,0.001171428279,0.001074105822,0.0009304342288
2,2000,first_saved,24,mlp,gate_proj,mlp,16,3584,18944,16,360448,18944,3584,67895296,16,32,2,0.07615000583,0.06507466471,9.241662364e-06,135.5493945,12.74504214,0.0005617878714,0.005105880704,0.005798823387,0.01973450545,10,0.2188352072,0.008651381128,28,1.369354847,2.871325906,0.7302709024,0.8758966767,0.927010606,0.9691844308,1,3,6,13,0.06507466471,0.02905956204,0.01383341631,0.01024876783,0.009197528232,0.007978846796,0.007243739961,0.006620443412,0.00617361931,0.005824537327,0.005367568853,0.004411658073,0.004168083888,0.003995014842,0.003693475115,0.003377408072
2,2000,first_saved,24,mlp,up_proj,mlp,16,3584,18944,16,360448,18944,3584,67895296,16,32,2,0.08333201617,0.07648764791,1.011328035e-05,142.8441369,6.67613588,0.0005833772249,0.01145687405,0.006944224918,0.02363252601,3,0.0722405873,0.01036022869,9,1.186973893,2.031115132,0.842478513,0.9198027646,0.9629137509,0.9873407371,1,2,4,9,0.07648764791,0.02317233253,0.01380548781,0.01042980783,0.008482297607,0.006405651479,0.005400569301,0.005242002845,0.004986661647,0.003905396243,0.003379940397,0.003202386333,0.00289609386,0.00265481335,0.002408444426,0.002207845415
2,2000,first_saved,24,mlp,down_proj,mlp,16,18944,3584,16,360448,3584,18944,67895296,16,32,2,0.04815316415,0.04691148649,5.843929753e-06,140.9684439,5.421981501,0.0003415882507,0.008652092686,0.002318727217,0.007891072353,42,0.6324162403,0.003459355726,125,1.053637624,1.330516871,0.9490929112,0.9730614341,0.9895505928,0.9961067992,1,1,2,5,0.04691148649,0.007454962536,0.005585317865,0.002652939029,0.002409872215,0.001922802983,0.001808020306,0.001558352153,0.001422303638,0.001312779337,0.001216840783,0.001068192759,0.0009361040067,0.000821702953,0.0007837413329,0.0007024664607
2,2000,first_saved,25,attention,q_proj,self_attn,16,3584,3584,16,114688,3584,3584,12845056,16,32,2,0.04002692437,0.03743935785,1.116822667e-05,55.28542481,3.810693367,0.0007240050069,0.00982481513,0.001602154674,0.005452438891,62,0.7648031778,0.01263437283,1,1.143003759,1.803353858,0.8748877612,0.9366652693,0.973799351,0.9910175206,1,2,3,8,0.03743935785,0.009948724712,0.005870483189,0.005003195947,0.002945285441,0.002728406157,0.002552533272,0.002225272643,0.001831855712,0.001744373466,0.001513946924,0.001396493847,0.00115739163,0.0009777943109,0.0009413326485,0.0007541966747
2,2000,first_saved,25,attention,k_proj,self_attn,16,3584,512,16,65536,512,3584,1835008,16,32,2,0.0145138596,0.009433869476,1.071430331e-05,17.70021914,1.800611231,0.0008199819159,0.005239259488,0.0002106521206,0.0007168894696,141,0.9826097183,0.01162821686,2,2.366933787,5.655858182,0.4224875261,0.7028883975,0.8294439889,0.9489657429,1,6,9,14,0.009433869476,0.007685508322,0.00395043377,0.003324646859,0.002998290308,0.002821760781,0.00219890013,0.00184126871,0.001675900231,0.001257917233,0.001200046484,0.00113834391,0.001066066397,0.000963932472,0.0009336182983,0.0008283913447
2,2000,first_saved,25,attention,v_proj,self_attn,16,3584,512,16,65536,512,3584,1835008,16,32,2,0.01412718662,0.01086427283,1.042885673e-05,33.9312262,3.092621101,0.0004163476597,0.003512966017,0.0001995774018,0.0006792000826,142,0.9832889184,0.01101688083,3,1.690869294,4.142351609,0.5914117687,0.7573631085,0.902435147,0.9654749178,1,4,7,13,0.01086427283,0.00575500975,0.004457038637,0.003014615581,0.002221746414,0.001832787893,0.001562816271,0.001357810882,0.001212627231,0.00107218955,0.001025975051,0.0009728439059,0.000957874038,0.0007482984486,0.0006829390418,0.0005722254108
2,2000,first_saved,25,attention,o_proj,self_attn,16,3584,3584,16,114688,3584,3584,12845056,16,32,2,0.03677755279,0.03487930001,1.026159397e-05,68.82572839,5.375983771,0.0005343576254,0.006487984618,0.001352588389,0.004603117073,68,0.7940157245,0.0106663272,6,1.111808869,1.619881028,0.899435171,0.9494911643,0.9844380588,0.9962114366,1,2,3,6,0.03487930001,0.008228314245,0.005039346516,0.004676938137,0.002531308954,0.002147769617,0.001858837536,0.001203668488,0.001120052679,0.001011980391,0.0008830642306,0.0008074203216,0.0006669584233,0.0006502971652,0.0005823117529,0.000455200633
2,2000,first_saved,25,mlp,gate_proj,mlp,16,3584,18944,16,360448,18944,3584,67895296,16,32,2,0.07625963261,0.06831261293,9.254966811e-06,134.1370003,12.38991534,0.0005685204862,0.005513565756,0.005815531566,0.01979136658,9,0.1991007017,0.008676308395,26,1.246199644,2.400014225,0.802439645,0.8880604869,0.9423640852,0.9778449099,1,3,5,11,0.06831261293,0.02231436104,0.01411759053,0.01079342058,0.008309084311,0.007926557472,0.006415942978,0.005770990949,0.00531138908,0.004798590328,0.004438885548,0.004203539773,0.003791822416,0.003295664495,0.003001375011,0.002446482664
2,2000,first_saved,25,mlp,up_proj,mlp,16,3584,18944,16,360448,18944,3584,67895296,16,32,2,0.08347031029,0.07630543691,1.01300639e-05,144.3501976,7.779125963,0.0005782486738,0.009808998759,0.0069672927,0.02371103008,2,0.0486080613,0.01039464397,8,1.196611271,2.059120219,0.8356932819,0.913866135,0.968509104,0.9890698264,1,2,4,9,0.07630543691,0.02333780513,0.01509595739,0.01236226637,0.007611330515,0.006270339868,0.005002439239,0.004580246527,0.004431887926,0.003546691513,0.003343857519,0.003300991231,0.00283177407,0.002453295611,0.002200129502,0.001725389136
2,2000,first_saved,25,mlp,down_proj,mlp,16,18944,3584,16,360448,3584,18944,67895296,16,32,2,0.04532179784,0.04311603491,5.500311507e-06,143.7408991,6.699544854,0.000315302034,0.006435666281,0.002054065359,0.006990377414,49,0.6840465419,0.003064501382,139,1.104934741,1.561980149,0.9050308249,0.9621703248,0.9875294895,0.9959228116,1,1,2,5,0.04311603491,0.01083366362,0.005457057009,0.004723336803,0.002570404365,0.002055196912,0.001961974215,0.001600086376,0.001433569056,0.001325246625,0.001153020534,0.0009890578499,0.0008749992986,0.0007850779826,0.0007338007746,0.0005790388251
2,2000,first_saved,26,attention,q_proj,self_attn,16,3584,3584,16,114688,3584,3584,12845056,16,32,2,0.03247450901,0.02577230102,9.060967916e-06,51.73384417,3.952973902,0.0006277227129,0.006519724556,0.001054593735,0.003588984253,88,0.8749474123,0.008316382087,36,1.587737845,2.961515515,0.6298268968,0.8952821341,0.957887674,0.9855094066,1,3,4,10,0.02577230102,0.01673162964,0.006097515199,0.005370634836,0.003164829246,0.002756916786,0.002658207963,0.002108767941,0.001957695007,0.001634844888,0.001554244922,0.001394342146,0.001253162427,0.001023956021,0.000985798271,0.0009087540899
2,2000,first_saved,26,attention,k_proj,self_attn,16,3584,512,16,65536,512,3584,1835008,16,32,2,0.009784143337,0.007186220186,7.222770664e-06,16.94211667,1.92705708,0.0005775041882,0.003729116413,9.572946084e-05,0.0003257856708,166,0.993704785,0.005284366127,82,1.853721868,5.141124048,0.5394552535,0.7103287359,0.842225796,0.9442530431,1,6,9,14,0.007186220186,0.004044456248,0.00265762864,0.0023586955,0.001787775818,0.001590796565,0.0015281147,0.001305795827,0.001058187204,0.0009755643926,0.0008738922364,0.0008359450341,0.0007628596625,0.0006936985651,0.0006250486929,0.000590584378
2,2000,first_saved,26,attention,v_proj,self_attn,16,3584,512,16,65536,512,3584,1835008,16,32,2,0.01278828577,0.009922674683,9.440464238e-06,40.57344237,3.178246661,0.000315188582,0.003122059344,0.0001635402528,0.0005565587699,144,0.9844208633,0.009027592601,23,1.660990538,4.425518451,0.6020503892,0.7545253963,0.8633739768,0.9482274339,1,6,9,14,0.009922674683,0.004993575994,0.003192570478,0.002758372367,0.002140266255,0.001999731364,0.0016795502,0.001573658723,0.001372189189,0.001275043881,0.001186679622,0.001000644205,0.0009434405325,0.0008303870612,0.0007894855254,0.0005880910031
2,2000,first_saved,26,attention,o_proj,self_attn,16,3584,3584,16,114688,3584,3584,12845056,16,32,2,0.03468128814,0.03249386101,9.6766987e-06,71.58582662,6.28160328,0.0004844714349,0.005172861061,0.001202791747,0.004093330441,78,0.8366376471,0.009485051355,17,1.139168068,1.704897042,0.8778335949,0.9564570139,0.9820685523,0.9950389747,1,2,2,6,0.03249386101,0.009724587369,0.004423046993,0.003352909538,0.00259639118,0.002061457814,0.001661701641,0.001359635661,0.001240581953,0.001193791795,0.0009518336422,0.0008216861321,0.000803814856,0.0005672594116,0.0005000394787,0.0004514437655
2,2000,first_saved,26,mlp,gate_proj,mlp,16,3584,18944,16,360448,18944,3584,67895296,16,32,2,0.07454335865,0.06891498451,9.046677601e-06,134.1689764,10.39277786,0.0005555931085,0.006631045659,0.005556712318,0.01891055516,13,0.2764282713,0.008290170759,37,1.170012731,2.013134371,0.8546915546,0.9141106747,0.9541609031,0.9822790126,1,2,4,10,0.06891498451,0.01817071701,0.01244391743,0.008227789266,0.007678574154,0.006298573172,0.005598837864,0.005124913177,0.004961252484,0.004289370144,0.003761337305,0.003472109941,0.003111013698,0.002701570801,0.002615714404,0.002331447621
2,2000,first_saved,26,mlp,up_proj,mlp,16,3584,18944,16,360448,18944,3584,67895296,16,32,2,0.08285272267,0.07807807909,1.005511268e-05,145.8211616,10.30962363,0.0005681803778,0.007573320025,0.006864573654,0.02336145752,4,0.09560204482,0.01024139537,10,1.126043917,1.733241837,0.8880648299,0.9359331774,0.9739670586,0.9923143213,1,2,3,8,0.07807807909,0.01812721151,0.0127104207,0.009976551756,0.006996563889,0.006261754409,0.004576783767,0.004103378086,0.003485451779,0.003318620337,0.002952215419,0.002482949719,0.002352907206,0.001998939593,0.001875480872,0.001291246313
2,2000,first_saved,26,mlp,down_proj,mlp,16,18944,3584,16,360448,3584,18944,67895296,16,32,2,0.04296039386,0.04156527822,5.213728493e-06,143.6608163,5.923698747,0.000299040441,0.007016777861,0.001845595441,0.006280914396,54,0.7171980272,0.002753480922,156,1.068255469,1.379944443,0.9361056684,0.9774087986,0.9904614981,0.99750287,1,1,2,4,0.04156527822,0.008730914545,0.004052557217,0.002768895568,0.002240961107,0.001941568372,0.001530398706,0.001364481288,0.0012039189,0.0009212396219,0.0007685719862,0.0007140361667,0.0006534790435,0.000600782964,0.0005038729906,0.0004100915717
2,2000,first_saved,27,attention,q_proj,self_attn,16,3584,3584,16,114688,3584,3584,12845056,16,32,2,0.02869614014,0.02800482908,8.00673553e-06,56.62146747,7.863893293,0.0005068067187,0.003561191389,0.000823468459,0.002802420717,100,0.9140109067,0.00649375974,59,1.049980217,1.279825184,0.9523988965,0.9809988434,0.9957784998,0.9985248961,1,1,1,3,0.02800482908,0.004852953142,0.003341767542,0.001001584036,0.0008521885575,0.000744673149,0.0007070813085,0.0006934286518,0.0006357787247,0.000552412356,0.0004588725114,0.0003316186826,0.0002535312465,0.0002419924339,0.0001846192762,0.0001669427411
2,2000,first_saved,27,attention,k_proj,self_attn,16,3584,512,16,65536,512,3584,1835008,16,32,2,0.01028951282,0.006867955715,7.595840412e-06,18.0091123,2.115520377,0.0005713503613,0.003246461622,0.0001058740741,0.0003603097306,160,0.9916832439,0.005844359364,71,2.244577747,5.199572172,0.4455180941,0.6728208131,0.8732468942,0.9681933612,1,5,7,12,0.006867955715,0.00490565642,0.003924703989,0.00241176789,0.002190358958,0.001622990848,0.001201407546,0.001084996561,0.0009256846108,0.0008472631476,0.0006905564944,0.0005931743231,0.0005772057677,0.0005408910441,0.0004466862726,0.0003725175103
2,2000,first_saved,27,attention,v_proj,self_attn,16,3584,512,16,65536,512,3584,1835008,16,32,2,0.0126785791,0.009143865698,9.35947748e-06,36.6731718,4.568173144,0.0003457180953,0.002001646043,0.0001607463681,0.0005470506457,145,0.984967914,0.00887336725,24,1.922567037,3.843431576,0.5201379097,0.747105321,0.9434553405,0.9858143216,1,3,5,10,0.009143865698,0.006040214155,0.00524888806,0.002002929514,0.001655266653,0.001424018563,0.001173285815,0.0008153013018,0.0007372829378,0.0007049936479,0.000620592743,0.0005327059675,0.0004574424933,0.0004067258198,0.0003839356294,0.0002206739866
2,2000,first_saved,27,attention,o_proj,self_attn,16,3584,3584,16,114688,3584,3584,12845056,16,32,2,0.03562443533,0.03522537517,9.939853607e-06,66.84974798,10.33845757,0.000532903061,0.003407217655,0.001269100392,0.004318991447,71,0.8072551135,0.01000795227,11,1.02278588,1.119229881,0.9777217492,0.9989204157,0.999788506,0.9999512776,1,1,1,2,0.03522537517,0.005186832942,0.0007977725245,0.0006820943216,0.0003009315143,0.0002186088371,0.0002044725455,0.0001625267569,0.0001315014304,0.0001092441295,9.357384007e-05,8.518179669e-05,7.843503703e-05,6.769814036e-05,5.625023564e-05,5.191801517e-05
2,2000,first_saved,27,mlp,gate_proj,mlp,16,3584,18944,16,360448,18944,3584,67895296,16,32,2,0.06508437933,0.06481296461,7.898723742e-06,139.6109423,14.51319148,0.0004661839413,0.004465796838,0.004235976433,0.01441583825,20,0.3934704021,0.006319738355,62,1.008392859,1.062438221,0.9916769952,0.9954910506,0.9987384429,0.9997677359,1,1,1,1,0.06481296461,0.004019483636,0.003220374878,0.001839854065,0.001495739578,0.001183889358,0.0006723016732,0.0005188836287,0.0004795763069,0.000441495221,0.000402994299,0.0003690717179,0.0003215890581,0.0002774563954,0.0002142906042,0.0001844277987
2,2000,first_saved,27,mlp,up_proj,mlp,16,3584,18944,16,360448,18944,3584,67895296,16,32,2,0.06336045913,0.06323724225,7.689506575e-06,144.9409087,16.81519513,0.0004371468324,0.003760720097,0.004014547782,0.01366227419,24,0.4488925668,0.0059893845,70,1.003900769,1.031539458,0.9961143881,0.9975974186,0.9995973391,0.9999546774,1,1,1,1,0.06323724225,0.00244001981,0.002266268002,0.001700825038,0.0008836514846,0.0006279727913,0.0003839262034,0.0003346080611,0.0002099026917,0.0001797082521,0.0001692552432,0.000151966277,0.0001294103176,0.0001268500011,0.000109838381,9.46150904e-05
2,2000,first_saved,27,mlp,down_proj,mlp,16,18944,3584,16,360448,3584,18944,67895296,16,32,2,0.03384924267,0.03383968537,4.107987499e-06,133.3173948,7.978114148,0.0002538996709,0.004241564453,0.001145771229,0.003899278708,82,0.8526275223,0.001709399119,182,1.000564937,1.005275245,0.9994353821,0.9998617697,0.9999816093,0.9999978688,1,1,1,1,0.03383968537,0.0006989582973,0.000299502941,0.0002181897378,0.0001036581019,6.526640078e-05,5.189656002e-05,3.052216809e-05,2.70388758e-05,2.164880516e-05,2.115099972e-05,1.745696954e-05,1.34244174e-05,1.176092218e-05,9.904153084e-06,8.568088026e-06
2,6000,selected,0,attention,q_proj,self_attn,16,3584,3584,16,114688,3584,3584,12845056,16,32,2,0.06752928897,0.0602559286,1.88418775e-05,74.54172753,22.88633987,0.0009059259989,0.002632833775,0.004560204869,0.006825581638,56,0.7368617811,0.01569952292,1,1.255985965,2.697070777,0.7961872406,0.8496159161,0.9005549322,0.9503041579,1,4,8,14,0.0602559286,0.01560915456,0.01184403096,0.009592251025,0.00858229471,0.007467921213,0.007123000385,0.006834024941,0.006386643604,0.005987129698,0.005744764005,0.005285483858,0.005192047961,0.004767627763,0.00468098241,0.004177367212
2,6000,selected,0,attention,k_proj,self_attn,16,3584,512,16,65536,512,3584,1835008,16,32,2,0.0212029874,0.01550201314,1.565229679e-05,37.19750106,4.175160803,0.0005700110704,0.003712914034,0.0004495666745,0.0006728982857,141,0.9821100751,0.01083413522,2,1.870759284,5.681446427,0.534542316,0.6699245474,0.7993688428,0.9241120024,1,8,10,14,0.01550201314,0.007801495984,0.005664673865,0.005109335708,0.004114635021,0.003811974427,0.003655468978,0.00335507729,0.002658975255,0.002582860292,0.002293290488,0.002098786334,0.001828443714,0.00171944484,0.001569015088,0.001396355023
2,6000,selected,0,attention,v_proj,self_attn,16,3584,512,16,65536,512,3584,1835008,16,32,2,0.01491576887,0.01006896421,1.10109975e-05,12.18984879,1.247592157,0.001223622141,0.008070717792,0.0002224801611,0.000333001816,164,0.9906469082,0.005361563226,107,2.194429817,7.694518882,0.4556992401,0.5530919357,0.6926276479,0.8630979469,1,10,13,15,0.01006896421,0.004654883738,0.004169115406,0.003696268993,0.003503077127,0.003261450726,0.002924208042,0.002542962192,0.0023721546,0.002239122414,0.002014663266,0.001940645026,0.001921941957,0.001805865932,0.001697913329,0.00146775703
2,6000,selected,0,attention,o_proj,self_attn,16,3584,3584,16,114688,3584,3584,12845056,16,32,2,0.03777590253,0.02368587291,1.054015138e-05,44.5817881,5.992457152,0.0008473393315,0.00395261448,0.001427018812,0.002135920135,130,0.9636621177,0.004912830716,136,2.543612257,8.704167263,0.3931416816,0.5238837311,0.65726378,0.8453705944,1,10,13,16,0.02368587291,0.01365911286,0.009990529337,0.009514471215,0.009406076627,0.008842097322,0.007312794301,0.00694967911,0.006609277519,0.00620310065,0.005792517218,0.005272072179,0.004845650967,0.004768278395,0.004076667468,0.003783389096
2,6000,selected,0,mlp,gate_proj,mlp,16,3584,18944,16,360448,18944,3584,67895296,16,32,2,0.07577047415,0.0479960534,9.195601913e-06,126.559206,37.77510071,0.0005986958718,0.001270573804,0.005741164753,0.008593207948,53,0.7134636105,0.003739369895,158,2.492234791,9.022628909,0.4012463046,0.4903102163,0.6334232173,0.8239417938,1,11,13,16,0.0479960534,0.02261262016,0.02079209468,0.01973129788,0.01834531469,0.01769067244,0.01545669168,0.0143310417,0.01334457539,0.01311667274,0.01241942536,0.0113604521,0.01093405313,0.009945304221,0.009008707506,0.008816630247
2,6000,selected,0,mlp,up_proj,mlp,16,3584,18944,16,360448,18944,3584,67895296,16,32,2,0.08252075453,0.05551773336,1.00148246e-05,108.7673587,7.836136441,0.0007586904337,0.007084834954,0.006809674928,0.01019252281,50,0.6872680522,0.004435318356,148,2.20934189,7.997736578,0.4526234733,0.5312438995,0.6673488025,0.8375722164,1,11,13,16,0.05551773336,0.02313827014,0.0230936224,0.0198372062,0.01845241873,0.01741970623,0.01654435828,0.01554066925,0.01487400019,0.01401779492,0.01361690943,0.01237624704,0.01021148745,0.009758450899,0.009039927127,0.008278412558
2,6000,selected,0,mlp,down_proj,mlp,16,18944,3584,16,360448,3584,18944,67895296,16,32,2,0.0391358134,0.01958710437,4.749572503e-06,115.2490974,6.52738734,0.0003395758775,0.003000757171,0.00153161189,0.002292472004,121,0.9436045138,0.0009975786515,195,3.992162902,11.7959521,0.2504907802,0.3697084655,0.5410914422,0.7845401789,1,12,14,16,0.01958710437,0.01351278004,0.01167691203,0.01123129246,0.01052574331,0.009986174809,0.009654458637,0.008315374243,0.007889624267,0.00722089714,0.007091622141,0.00676388208,0.006020503152,0.005769452045,0.005186688082,0.004810127183
2,6000,selected,1,attention,q_proj,self_attn,16,3584,3584,16,114688,3584,3584,12845056,16,32,2,0.03212881106,0.02175271443,8.964512014e-06,56.73764755,10.46560968,0.0005662697071,0.002078494718,0.0010322605,0.001545057408,139,0.9802135193,0.003553787132,163,2.18153604,7.546349399,0.4583926103,0.5632015364,0.7051688189,0.864769709,1,10,12,15,0.02175271443,0.01040144771,0.009003255493,0.008092503231,0.00719373766,0.006815109774,0.006027474054,0.005497605697,0.005330559425,0.00505377483,0.004557027977,0.004308068996,0.003836325545,0.003655260731,0.003149817792,0.002883009658
2,6000,selected,1,attention,k_proj,self_attn,16,3584,512,16,65536,512,3584,1835008,16,32,2,0.01330831276,0.009038829446,9.824354331e-06,29.89003685,4.705555086,0.0004452424339,0.001920884844,0.0001771111884,0.0002650948609,191,0.9989397776,0.004268213534,152,2.167811988,7.186772126,0.4612946166,0.5651415772,0.7230946029,0.893486477,1,9,11,15,0.009038829446,0.004288642981,0.003890907383,0.003582748641,0.00313563317,0.003018778151,0.00255392714,0.002170379365,0.002099324692,0.001842202583,0.001733203065,0.001497799786,0.001416328113,0.001285692635,0.001131200612,0.0009369414871
2,6000,selected,1,attention,v_proj,self_attn,16,3584,512,16,65536,512,3584,1835008,16,32,2,0.01448251298,0.009953209342,1.069116287e-05,18.31095231,1.461890916,0.0007909207962,0.006808448724,0.0002097431823,0.0003139374776,176,0.994528998,0.005054613982,129,2.117198492,5.070794987,0.4723222711,0.753269726,0.8536363316,0.942354151,1,6,9,14,0.009953209342,0.007676380218,0.003397198626,0.003083869769,0.002605967757,0.002317700267,0.001923097168,0.00165736314,0.001511445486,0.001493413616,0.001381389661,0.001327884836,0.001161495137,0.00104393125,0.0008743209155,0.0008374103745
2,6000,selected,1,attention,o_proj,self_attn,16,3584,3584,16,114688,3584,3584,12845056,16,32,2,0.03943762785,0.02596176119,1.100380241e-05,51.75558905,3.71699528,0.0007619974687,0.006984609675,0.00155532649,0.002327967325,119,0.9389858491,0.005354558531,109,2.307561409,7.425539785,0.4333579146,0.60111508,0.7259241221,0.8781592341,1,9,12,15,0.02596176119,0.01615293048,0.01037937587,0.009294480403,0.008606188124,0.007900792815,0.007586200442,0.006537267339,0.006188349308,0.005541285332,0.00537225955,0.004924638433,0.004702416242,0.004092795466,0.00393654104,0.00360934557
2,6000,selected,1,mlp,gate_proj,mlp,16,3584,18944,16,360448,18944,3584,67895296,16,32,2,0.07361612183,0.06807011069,8.934146952e-06,123.1204121,20.77054609,0.000597919716,0.003277242226,0.005419333393,0.008111500155,55,0.7300361994,0.003529752761,165,1.16958814,2.051504677,0.8550018302,0.9039409368,0.9434359729,0.9822686098,1,2,5,10,0.06807011069,0.0162854946,0.01182094763,0.00861985877,0.008493235049,0.007146033011,0.006975591938,0.006211867153,0.005376118592,0.00428953803,0.003777309675,0.003286724053,0.002821814982,0.002646607114,0.002346548071,0.001801512475
2,6000,selected,1,mlp,up_proj,mlp,16,3584,18944,16,360448,18944,3584,67895296,16,32,2,0.07518573841,0.06624034703,9.124637633e-06,101.2989287,8.822049724,0.0007422165209,0.00750849849,0.005652895261,0.008461088745,54,0.7219246993,0.003681877679,160,1.288325909,2.704042601,0.7762011097,0.8365458072,0.9235867318,0.977701564,1,4,6,11,0.06624034703,0.01846949524,0.0164788293,0.01484861661,0.009933763424,0.009325109979,0.008322410866,0.00714182216,0.006150950804,0.005558531491,0.004623086196,0.003438388226,0.002949314576,0.002507663789,0.002173802899,0.002100371982
2,6000,selected,1,mlp,down_proj,mlp,16,18944,3584,16,360448,3584,18944,67895296,16,32,2,0.04108060494,0.02409180542,4.985594898e-06,101.4703818,13.527541,0.0004048531621,0.00178094492,0.001687616102,0.002525974559,109,0.9145812881,0.001099188252,194,2.907602052,9.883853652,0.3439260195,0.4504530037,0.6267508238,0.8212751969,1,11,13,16,0.02409180542,0.01340808166,0.01251884617,0.01186598207,0.01021437764,0.008925935447,0.008687204453,0.008295125613,0.007335193099,0.00700638312,0.006681021545,0.006428262186,0.005968805339,0.005466925094,0.005237701044,0.004451782831
2,6000,selected,2,attention,q_proj,self_attn,16,3584,3584,16,114688,3584,3584,12845056,16,32,2,0.03480119574,0.0135427078,9.710155062e-06,65.36730749,5.545589746,0.0005323945115,0.002442068097,0.001211123225,0.001812773918,137,0.9770940008,0.004169561979,155,6.603547654,13.25298475,0.1514337523,0.2819977551,0.4854576996,0.7514908484,1,12,14,16,0.0135427078,0.01257493921,0.01187620407,0.01026503,0.01007259079,0.00879237646,0.008788972419,0.008135718768,0.007687150025,0.006762406069,0.006591087448,0.006202549331,0.006037660911,0.005405459016,0.005129636145,0.004717333829
2,6000,selected,2,attention,k_proj,self_attn,16,3584,512,16,65536,512,3584,1835008,16,32,2,0.01427969286,0.007536946246,1.054143864e-05,31.76935015,3.030344924,0.0004494801684,0.002487157877,0.000203909628,0.0003052059837,181,0.9960754177,0.004914030796,135,3.589606944,10.21249964,0.2785820329,0.4253335264,0.6403444314,0.8371566175,1,11,13,16,0.007536946246,0.005470287237,0.005153790967,0.004157070161,0.003622965992,0.003173502251,0.003075368428,0.002734412108,0.002618597405,0.002391137572,0.002231759906,0.00211981039,0.00186920744,0.001821705122,0.001496396978,0.001450739127
2,6000,selected,2,attention,v_proj,self_attn,16,3584,512,16,65536,512,3584,1835008,16,32,2,0.01380223883,0.008414740556,1.018897642e-05,14.76439726,1.211148926,0.000934832529,0.006947733987,0.0001905017967,0.0002851375329,187,0.9978563292,0.004590914636,145,2.690404716,7.135351948,0.3716912902,0.5976847159,0.7889387246,0.9070986225,1,8,11,15,0.008414740556,0.006561413997,0.00493350349,0.003477754393,0.002738106939,0.002426206505,0.002234762269,0.002032683656,0.001874876424,0.001669762288,0.001581259576,0.001511657095,0.001368877575,0.001320731669,0.001289853867,0.001152059742
2,6000,selected,2,attention,o_proj,self_attn,16,3584,3584,16,114688,3584,3584,12845056,16,32,2,0.03903818863,0.02239666476,1.089235174e-05,50.63907457,3.97244725,0.0007709103882,0.005638001803,0.001523980172,0.002281049071,123,0.9481737014,0.005246641836,115,3.038173825,9.312858339,0.3291450909,0.4972328498,0.6614617742,0.8549511815,1,10,13,15,0.02239666476,0.01600507456,0.01196600522,0.01034873632,0.009431646333,0.008854070212,0.008485843349,0.00745076983,0.006636263014,0.006050738998,0.00567653552,0.005194551331,0.005089558918,0.004835969133,0.004099830177,0.003885210439
2,6000,selected,2,mlp,gate_proj,mlp,16,3584,18944,16,360448,18944,3584,67895296,16,32,2,0.0768550468,0.06095992336,9.32722704e-06,138.7303231,23.40659957,0.0005539888116,0.002604390406,0.005906698219,0.00884097361,51,0.6961090258,0.003847186145,156,1.589483259,4.561835124,0.629135283,0.7081652974,0.82333126,0.9347153378,1,7,9,14,0.06095992336,0.021605704,0.01957230044,0.01723878305,0.01514147263,0.01283608122,0.01202623485,0.01092028548,0.01000281454,0.009054589765,0.008156754227,0.00679514971,0.005351812539,0.004925736032,0.004452782672,0.004258656829
2,6000,selected,2,mlp,up_proj,mlp,16,3584,18944,16,360448,18944,3584,67895296,16,32,2,0.08453872904,0.07470524601,1.025972857e-05,112.6574561,6.535581694,0.0007504050948,0.01143054276,0.007146796708,0.01069711686,49,0.6770755294,0.004654894538,144,1.280587411,2.768692946,0.780891637,0.8404574001,0.9014820723,0.9654529425,1,4,7,12,0.07470524601,0.02063260524,0.01587039178,0.01357429891,0.01289017616,0.01103845835,0.009664180194,0.008705528265,0.007735691332,0.006758455563,0.006412586911,0.005823491465,0.004858057024,0.004301072579,0.003860504575,0.003057023363
2,6000,selected,2,mlp,down_proj,mlp,16,18944,3584,16,360448,3584,18944,67895296,16,32,2,0.04174924503,0.02472774849,5.066741916e-06,115.5624276,7.968331481,0.000361270059,0.00310325299,0.00174299946,0.002608870753,105,0.9043697168,0.001135260873,193,2.850546323,9.384649241,0.3508099454,0.4944932753,0.6635865164,0.8310357478,1,11,13,16,0.02472774849,0.01582529515,0.01272041278,0.01152911646,0.009189711534,0.008839981355,0.008343214659,0.007723899322,0.007145591192,0.006984737831,0.006573599745,0.00614751273,0.005809774117,0.005591616557,0.005060211306,0.004798859077
2,6000,selected,3,attention,q_proj,self_attn,16,3584,3584,16,114688,3584,3584,12845056,16,32,2,0.03542897776,0.01836794608,9.885317455e-06,67.87416794,7.394621595,0.0005219802885,0.002483960247,0.001255212465,0.001878765406,134,0.9716180686,0.004321349026,150,3.720454963,10.9568587,0.2687843315,0.413695321,0.5925763597,0.8070026151,1,11,13,16,0.01836794608,0.01348681135,0.01114985596,0.01001071534,0.009406469293,0.008543232717,0.007564224587,0.007103838764,0.006941272657,0.006488398255,0.005983974409,0.005444176561,0.005145629154,0.00492905671,0.004341681864,0.004111184286
2,6000,selected,3,attention,k_proj,self_attn,16,3584,512,16,65536,512,3584,1835008,16,32,2,0.01337218082,0.006312941157,9.871502492e-06,32.42493487,3.686256118,0.0004124042461,0.001712561731,0.0001788152198,0.0002676454055,190,0.9986746827,0.004309279093,151,4.486844292,11.64794693,0.2228737917,0.3760578772,0.572135953,0.7967226377,1,11,13,16,0.006312941157,0.005233702889,0.004336866571,0.004031542209,0.003526229976,0.003170711382,0.003084220678,0.002856464895,0.002679152468,0.002518130756,0.002300632603,0.002167492762,0.002069387446,0.001802189641,0.001738819231,0.001511808953
2,6000,selected,3,attention,v_proj,self_attn,16,3584,512,16,65536,512,3584,1835008,16,32,2,0.01451688091,0.008941323671,1.071653368e-05,17.25056053,1.209028181,0.0008415309688,0.007395463405,0.0002107398315,0.000315429233,175,0.9942150606,0.005078632293,128,2.635985371,8.589871655,0.3793647761,0.5266284795,0.6837659386,0.8645955262,1,10,12,15,0.008941323671,0.005570846259,0.004093472447,0.004044577231,0.003491937583,0.003182254908,0.0029724286,0.002636719675,0.002343690407,0.002145202974,0.00205924712,0.001936429669,0.001812752876,0.001709410414,0.001650095693,0.001232519441
2,6000,selected,3,attention,o_proj,self_attn,16,3584,3584,16,114688,3584,3584,12845056,16,32,2,0.03965021426,0.02260521613,1.106311782e-05,53.06764659,3.75741149,0.0007471636073,0.006016167297,0.001572139491,0.002353132535,118,0.9366578818,0.005412441039,104,3.076619226,9.594776964,0.3250320974,0.4561284531,0.6468694926,0.8486826461,1,10,13,15,0.02260521613,0.01435624456,0.01245274727,0.01203331235,0.01102563929,0.009086105404,0.00772511324,0.007312935158,0.007212640933,0.006161813404,0.005960171211,0.005621147291,0.005120908197,0.004572206122,0.004321767371,0.003869686493
2,6000,selected,3,mlp,gate_proj,mlp,16,3584,18944,16,360448,18944,3584,67895296,16,32,2,0.09014542283,0.06805477775,1.094016412e-05,153.4598448,22.24793407,0.0005874202657,0.00305892572,0.008126197258,0.01216305504,48,0.6663784125,0.005292803584,112,1.75456766,5.533937236,0.5699409733,0.6656490297,0.782274149,0.9062064984,1,8,11,15,0.06805477775,0.02788803588,0.02422083128,0.01900184351,0.01715759839,0.01683183143,0.01514821454,0.0141398933,0.01277647567,0.01151848264,0.01081392822,0.009904377948,0.009483014106,0.008448009675,0.007423238371,0.005901871241
2,6000,selected,3,mlp,up_proj,mlp,16,3584,18944,16,360448,18944,3584,67895296,16,32,2,0.09497154481,0.07865921399,1.152586847e-05,132.2382021,7.259781881,0.0007181853906,0.010834928,0.009019594324,0.01350026571,29,0.4212051222,0.005874696325,65,1.457765943,3.878181583,0.6859811786,0.7530827182,0.8503819722,0.9420029355,1,6,9,14,0.07865921399,0.02460139559,0.02201562296,0.01982201163,0.01701113656,0.01562794378,0.0125365872,0.01164502073,0.01108366262,0.01003866436,0.008274578375,0.007837029986,0.007155299049,0.006791871931,0.006555386551,0.00541285751
2,6000,selected,3,mlp,down_proj,mlp,16,18944,3584,16,360448,3584,18944,67895296,16,32,2,0.04469002454,0.023880736,5.42363869e-06,131.1027303,17.02716446,0.0003408779088,0.001402508096,0.001997198294,0.002989348153,88,0.8569829283,0.001300827183,190,3.502077649,10.09966482,0.2855447823,0.4416815599,0.652517346,0.8361031859,1,11,13,16,0.023880736,0.01765888178,0.01566889741,0.01325015193,0.01066984639,0.01013477728,0.008852339002,0.008469597869,0.007553768146,0.007272634393,0.007021906001,0.006587498399,0.006246358664,0.005826541253,0.005414020832,0.004733319454
2,6000,selected,4,attention,q_proj,self_attn,16,3584,3584,16,114688,3584,3584,12845056,16,32,2,0.03243308868,0.01633117874,9.049410905e-06,64.63333065,6.627741599,0.0005018012898,0.002464063889,0.001051905242,0.001574461084,138,0.9786684619,0.003621418539,161,3.944042217,11.16980985,0.2535469817,0.3899029179,0.5824400815,0.8171702035,1,11,13,16,0.01633117874,0.01197637357,0.01062920849,0.009463127314,0.00852598539,0.007923515125,0.007510219423,0.007418620566,0.006452971163,0.00540579597,0.005238085432,0.004957032881,0.004665209872,0.004340770617,0.003904044994,0.003687600894
2,6000,selected,4,attention,k_proj,self_attn,16,3584,512,16,65536,512,3584,1835008,16,32,2,0.01211019525,0.005618352862,8.939889773e-06,29.07658056,3.357360974,0.0004164931025,0.001673443191,0.0001466568289,0.0002195116639,194,0.9996120521,0.003534292031,164,4.646054145,11.61986318,0.2152364068,0.3772959095,0.5605650679,0.803345868,1,11,13,16,0.005618352862,0.004875154639,0.003895055962,0.003421434299,0.003240826885,0.003147081959,0.002833845823,0.002677255378,0.002451635227,0.00234932036,0.002075925136,0.001836000696,0.001712843735,0.001630083563,0.001533395299,0.001299299421
2,6000,selected,4,attention,v_proj,self_attn,16,3584,512,16,65536,512,3584,1835008,16,32,2,0.01410947368,0.01008334769,1.041578083e-05,20.84608852,1.508170611,0.0006768403418,0.006685813674,0.0001990772475,0.0002979730174,184,0.9969787891,0.004797574956,140,1.957997541,5.852907656,0.5107258712,0.6735368833,0.7963851328,0.9172343148,1,8,10,15,0.01008334769,0.005693150985,0.00402266466,0.002876536181,0.002777764688,0.002543018044,0.002281450206,0.002161108519,0.00189431652,0.0017133005,0.001555754315,0.001396265855,0.001380512439,0.001250818829,0.001132639972,0.0009109147305
2,6000,selected,4,attention,o_proj,self_attn,16,3584,3584,16,114688,3584,3584,12845056,16,32,2,0.0373581672,0.02503956166,1.042359576e-05,53.27619141,3.73743622,0.0007012169265,0.006699662599,0.001395632656,0.002088942253,131,0.9657510599,0.004804776871,139,2.225961657,7.40941221,0.4492440365,0.5687360562,0.7255107195,0.8820380083,1,9,12,15,0.02503956166,0.01291382843,0.01146943847,0.009340868321,0.008440043645,0.00756362251,0.007172624536,0.006210099113,0.005708545446,0.005304498917,0.005047058845,0.00469811622,0.004144268067,0.003998613732,0.00364635694,0.003146668133
2,6000,selected,4,mlp,gate_proj,mlp,16,3584,18944,16,360448,18944,3584,67895296,16,32,2,0.09075513983,0.06740523851,1.101416016e-05,156.5707198,22.80007179,0.0005796431156,0.002956360801,0.008236495406,0.01232814609,47,0.6542153575,0.005364643636,106,1.812821992,5.74901741,0.5516261412,0.6512057093,0.771533117,0.9105122435,1,8,11,14,0.06740523851,0.02863890107,0.02401922865,0.02035074436,0.01883027779,0.01698692733,0.01601510168,0.01565510757,0.01298455466,0.01140457172,0.01104785232,0.01034615693,0.009291935112,0.008107361239,0.006265444343,0.004240214389
2,6000,selected,4,mlp,up_proj,mlp,16,3584,18944,16,360448,18944,3584,67895296,16,32,2,0.09340228883,0.07226717847,1.133542155e-05,129.500633,5.478613708,0.0007212496701,0.01319077824,0.008723987558,0.01305781012,37,0.5272126877,0.005682159951,85,1.670447534,5.15337329,0.5986419685,0.6827660097,0.7869495592,0.911351326,1,8,11,14,0.07226717847,0.02709053505,0.02316176844,0.01929840595,0.01763341066,0.01739939659,0.01661527726,0.01398341352,0.01305189494,0.01202802702,0.01129026496,0.009911267033,0.009539698861,0.008509679904,0.006344010352,0.005382774641
2,6000,selected,4,mlp,down_proj,mlp,16,18944,3584,16,360448,3584,18944,67895296,16,32,2,0.04339819667,0.02816551717,5.266860803e-06,128.6131043,8.405113638,0.0003374321528,0.003350997784,0.001883403475,0.002819023387,94,0.8743959803,0.001226709658,192,2.374148647,8.092797417,0.421203618,0.5466159957,0.6946976795,0.8609257084,1,10,13,16,0.02816551717,0.01536886814,0.01268149414,0.01086633628,0.01018768619,0.009021261172,0.008147156614,0.007843862772,0.007083090873,0.006511698317,0.006139696872,0.005779818473,0.00543537665,0.005165417513,0.004760077698,0.00440173106
2,6000,selected,5,attention,q_proj,self_attn,16,3584,3584,16,114688,3584,3584,12845056,16,32,2,0.035919303,0.02259316632,1.002212695e-05,63.17059862,5.959921879,0.0005686079249,0.003790849408,0.001290196328,0.001931128232,133,0.9697393032,0.004441788781,146,2.527560749,8.942733894,0.3956383641,0.4951099668,0.6443987863,0.8297450092,1,11,13,16,0.02259316632,0.01132863171,0.01047514794,0.009104019024,0.008552930969,0.008150238133,0.007276545774,0.006826850526,0.006749008356,0.0063900636,0.005809763068,0.005234254253,0.004899147946,0.004298932711,0.003927953665,0.003770713427
2,6000,selected,5,attention,k_proj,self_attn,16,3584,512,16,65536,512,3584,1835008,16,32,2,0.01220807177,0.006471492351,9.012143386e-06,26.62700992,2.659283425,0.0004584845166,0.002433547432,0.0001490370164,0.0002230742591,193,0.9993925404,0.003591652318,162,3.558649892,10.7472745,0.2810054459,0.4123657931,0.6029183666,0.8160307205,1,11,13,16,0.006471492351,0.004424653005,0.004032476593,0.003484037821,0.003177219169,0.00284972988,0.002653141887,0.002550840152,0.002325926389,0.002150039813,0.00194264891,0.001925240277,0.001739526535,0.001694071375,0.001557434056,0.00125847591
2,6000,selected,5,attention,v_proj,self_attn,16,3584,512,16,65536,512,3584,1835008,16,32,2,0.0135673073,0.008377968502,1.001554717e-05,19.82753294,1.545035145,0.0006842660325,0.005422509984,0.0001840718273,0.0002755133422,188,0.9981318425,0.004435958403,147,2.622466066,7.074299514,0.3813204728,0.6018516759,0.7837026066,0.9121374176,1,8,11,15,0.008377968502,0.006371309249,0.004689323366,0.003388787319,0.002805505979,0.002469944967,0.002253110185,0.002143182892,0.001885362363,0.001676977025,0.001572830536,0.001414104898,0.001248559539,0.001183503328,0.001103131566,0.00107527394
2,6000,selected,5,attention,o_proj,self_attn,16,3584,3584,16,114688,3584,3584,12845056,16,32,2,0.03863510009,0.02563455828,1.077988284e-05,53.3628664,4.012816913,0.0007240072112,0.006388170414,0.001492670959,0.002234186353,126,0.9549135406,0.005138852882,124,2.27149825,7.017951802,0.4402380676,0.5782504305,0.7546280644,0.912073577,1,8,11,15,0.02563455828,0.01435294556,0.01283854544,0.00992197172,0.008850778917,0.008400024273,0.00708494556,0.005993429356,0.005408584565,0.005020454527,0.004222252551,0.004122300096,0.003643159906,0.003312761422,0.003212699529,0.002719972828
2,6000,selected,5,mlp,gate_proj,mlp,16,3584,18944,16,360448,18944,3584,67895296,16,32,2,0.09191037314,0.06692210461,1.115436075e-05,149.2553909,21.12279898,0.0006157926531,0.003168240378,0.008447516692,0.01264399659,44,0.6169222006,0.005502087287,101,1.886209282,6.2078974,0.5301638634,0.6338124395,0.7522830323,0.8856465173,1,9,11,14,0.06692210461,0.0295900841,0.02312992713,0.02158214033,0.01801508917,0.01704597905,0.01627476101,0.01570393516,0.01483218289,0.01398733741,0.01268996315,0.01249584372,0.009310622676,0.008308226882,0.006578607811,0.005847222667
2,6000,selected,5,mlp,up_proj,mlp,16,3584,18944,16,360448,18944,3584,67895296,16,32,2,0.09348382716,0.07352635649,1.134531715e-05,133.8345989,6.229262294,0.0006985026885,0.01180338105,0.00873922594,0.01308061849,36,0.5141548776,0.005692085106,84,1.616541567,4.763278956,0.6186045693,0.7105456431,0.8182332973,0.9230229042,1,7,10,15,0.07352635649,0.0283459665,0.02332765146,0.01992303738,0.01718181056,0.01611198069,0.01389395521,0.01295868528,0.01140352051,0.0112600059,0.009993365539,0.0094146554,0.008534704247,0.008109958095,0.006822749649,0.006498201158
2,6000,selected,5,mlp,down_proj,mlp,16,18944,3584,16,360448,3584,18944,67895296,16,32,2,0.04347939827,0.03006426601,5.276715533e-06,131.9044806,8.422495259,0.00032962791,0.003569520087,0.001890458074,0.002829582506,93,0.8715769569,0.001231304502,191,2.091538384,7.132122733,0.4781169724,0.5986971782,0.7193013533,0.8748641351,1,10,12,15,0.03006426601,0.01509807351,0.01144362703,0.009850915543,0.009293501094,0.0087356403,0.00826667374,0.007941438669,0.006408931878,0.006311651926,0.005695185063,0.005680281291,0.005373412068,0.004984317003,0.00461800166,0.003988622234
2,6000,selected,6,attention,q_proj,self_attn,16,3584,3584,16,114688,3584,3584,12845056,16,32,2,0.03507061383,0.02094900362,9.785327519e-06,64.21732134,5.504467816,0.0005461238977,0.003805818168,0.001229947954,0.001840950223,135,0.9734590189,0.00423437031,153,2.802592729,8.862604608,0.3568124578,0.5223495247,0.6850876537,0.852130665,1,10,13,15,0.02094900362,0.01426891645,0.01069265456,0.009264262908,0.007973645173,0.007382731698,0.006793598315,0.006420084684,0.005842762002,0.005599437102,0.005306457337,0.004966072333,0.004489508399,0.004194415172,0.003742585118,0.003435682003
2,6000,selected,6,attention,k_proj,self_attn,16,3584,512,16,65536,512,3584,1835008,16,32,2,0.01355946109,0.007105206789,1.000975501e-05,28.53071619,2.983757002,0.0004752583496,0.002381295389,0.0001838589849,0.000275194766,189,0.9984070373,0.004430829101,149,3.641928489,9.876527971,0.2745798011,0.4271137319,0.6564453218,0.8574154236,1,10,12,15,0.007105206789,0.005295727872,0.005047697907,0.004084778962,0.003659440233,0.003126304163,0.00273903324,0.002506506589,0.002357866839,0.00215298709,0.001970373727,0.001840489655,0.001597134575,0.001516574819,0.001469056467,0.001319782681
2,6000,selected,6,attention,v_proj,self_attn,16,3584,512,16,65536,512,3584,1835008,16,32,2,0.01552258007,0.01192968825,1.145895273e-05,20.6708601,1.449466801,0.0007509402122,0.008230397714,0.000240950492,0.0003606476685,153,0.9867966113,0.005806680877,72,1.693049392,4.752267792,0.5906502225,0.7244433543,0.8386223108,0.942670361,1,6,9,14,0.01192968825,0.00567780952,0.003938128936,0.003464479215,0.00303732183,0.002584027507,0.002237289697,0.002040206271,0.00178281433,0.00152733791,0.001498375215,0.001320423507,0.001180148607,0.001066424466,0.001016774145,0.0008659842028
2,6000,selected,6,attention,o_proj,self_attn,16,3584,3584,16,114688,3584,3584,12845056,16,32,2,0.0408138873,0.02808203266,1.138780338e-05,54.91432347,5.067507917,0.0007432284461,0.005541586342,0.001665773396,0.002493281033,113,0.924600562,0.005734796654,82,2.112315771,6.883811478,0.4734140671,0.5834660611,0.7464195543,0.8992490164,1,9,11,15,0.02808203266,0.01353963381,0.0124341484,0.01080904933,0.009048008028,0.009008367474,0.00701525882,0.006507554228,0.006069572119,0.005386983255,0.004857112244,0.00470219412,0.004456151001,0.003726188739,0.003622073149,0.00306686596
2,6000,selected,6,mlp,gate_proj,mlp,16,3584,18944,16,360448,18944,3584,67895296,16,32,2,0.09252004299,0.06053118444,1.122835107e-05,151.057074,14.30846831,0.0006124840138,0.004230444736,0.008559958355,0.01281229599,42,0.5916068298,0.005575323466,97,2.336217688,8.3485934,0.4280423032,0.5230264258,0.6620619397,0.8368784815,1,10,13,15,0.06053118444,0.02851420934,0.02707419951,0.0213805035,0.02094385361,0.01978953406,0.01844528453,0.01805334134,0.01693904334,0.01624834475,0.01443836281,0.01306854174,0.0118410681,0.01169492794,0.01052621351,0.008850819226
2,6000,selected,6,mlp,up_proj,mlp,16,3584,18944,16,360448,18944,3584,67895296,16,32,2,0.09267874609,0.06992533348,1.124761148e-05,129.5618208,4.117584764,0.0007153245111,0.01698212362,0.008589349977,0.01285628852,40,0.5659503789,0.005594466994,94,1.756674132,5.800354813,0.5692575429,0.6388975179,0.7426525327,0.8874518289,1,9,11,15,0.06992533348,0.02445735305,0.02149383867,0.02071721586,0.0197842368,0.01815590855,0.01623945224,0.01609220249,0.01504006606,0.0133194185,0.01172552288,0.01163061769,0.01053128533,0.008766299968,0.008262318337,0.005858676459
2,6000,selected,6,mlp,down_proj,mlp,16,18944,3584,16,360448,3584,18944,67895296,16,32,2,0.04629137635,0.03222355879,5.617980799e-06,127.4972632,7.351193052,0.0003630774121,0.004383446137,0.002142891525,0.003207417531,80,0.832489041,0.001395720973,188,2.063731448,6.888244429,0.4845591711,0.5938799534,0.7402577839,0.8884705082,1,9,12,15,0.03222355879,0.01530563876,0.01312643893,0.01188984498,0.01004203765,0.008791570443,0.008538572353,0.008158574742,0.007156928429,0.006379993939,0.006203650351,0.005482717021,0.004830578145,0.004565143152,0.004168520755,0.004119782692
2,6000,selected,7,attention,q_proj,self_attn,16,3584,3584,16,114688,3584,3584,12845056,16,32,2,0.03847137409,0.02293032249,1.073420036e-05,60.8421112,4.562471816,0.0006323149104,0.005025855155,0.001480046624,0.002215290618,128,0.9593581355,0.005095390794,127,2.814848798,9.383136389,0.3552588689,0.4749310006,0.6582594626,0.8374022264,1,11,13,16,0.02293032249,0.01330865638,0.01258405421,0.01062902869,0.008975665749,0.008430609512,0.008131727205,0.006883088192,0.006478386506,0.006235399529,0.006031995015,0.005366434219,0.00523075004,0.00498056916,0.004730976173,0.004479961629
2,6000,selected,7,attention,k_proj,self_attn,16,3584,512,16,65536,512,3584,1835008,16,32,2,0.01408281004,0.007132067722,1.039609741e-05,23.83876664,2.535220953,0.0005907524599,0.002813193743,0.0001983255385,0.0002968478813,185,0.997275637,0.004779459474,141,3.898950535,11.01025808,0.2564792733,0.3984312172,0.5950782483,0.8195953923,1,11,13,16,0.007132067722,0.005305911393,0.004609125002,0.004213798174,0.003730554936,0.00342268825,0.003124388068,0.00302222562,0.002661525486,0.002404473395,0.002345234088,0.00218048739,0.00197018426,0.001842905791,0.001775693132,0.001492638162
2,6000,selected,7,attention,v_proj,self_attn,16,3584,512,16,65536,512,3584,1835008,16,32,2,0.01473350435,0.009355354434,1.087644767e-05,24.66981772,1.714525873,0.0005972279375,0.005456525667,0.0002170761506,0.0003249132506,169,0.9922897792,0.00523133164,117,2.480228081,7.020429444,0.403188726,0.6010513785,0.7739596686,0.9140429824,1,8,10,15,0.009355354434,0.006553721306,0.00469286496,0.003938436806,0.003436399894,0.002733952127,0.002420539427,0.002294863164,0.002245160893,0.001807828987,0.001639789509,0.001402390114,0.0012880049,0.001227606698,0.001156151263,0.001091767915
2,6000,selected,7,attention,o_proj,self_attn,16,3584,3584,16,114688,3584,3584,12845056,16,32,2,0.04156107176,0.02938219672,1.159628118e-05,60.25448918,3.586358544,0.0006897589264,0.008192766106,0.001727322686,0.002585406215,106,0.906955123,0.005946693819,55,2.000805869,6.561761468,0.4997986139,0.6207064454,0.7520147988,0.8931740621,1,9,11,15,0.02938219672,0.01445153419,0.01122866925,0.01003637805,0.009003395094,0.007710097154,0.007564860408,0.006789238798,0.006230226529,0.005637084913,0.005322572725,0.004610796297,0.00447307725,0.004255641257,0.00407841019,0.003096588767
2,6000,selected,7,mlp,gate_proj,mlp,16,3584,18944,16,360448,18944,3584,67895296,16,32,2,0.09150455558,0.05458100825,1.110511021e-05,141.5222611,13.06259812,0.0006465735842,0.004178419007,0.008373083691,0.01253258745,45,0.629454788,0.005453607138,103,2.810621242,9.951695369,0.3557932265,0.4698867025,0.6082300847,0.7963640221,1,12,14,16,0.05458100825,0.03090815787,0.02612669799,0.02181184012,0.02085333272,0.02033786022,0.01964663625,0.01846025035,0.0174989977,0.01673304682,0.01570691924,0.01450612716,0.0136556981,0.0133336699,0.01243642122,0.01194934544
2,6000,selected,7,mlp,up_proj,mlp,16,3584,18944,16,360448,18944,3584,67895296,16,32,2,0.09552487088,0.07086416978,1.159302083e-05,133.0640846,5.156125637,0.0007178862062,0.01374368562,0.009125000957,0.01365803528,24,0.3533986216,0.005943350406,56,1.817102859,6.164895564,0.5503265789,0.6311798266,0.7336152297,0.8788554073,1,9,12,15,0.07086416978,0.02716221572,0.02261626822,0.02057249531,0.01946782684,0.0185775555,0.01829362421,0.01632599834,0.01455392351,0.01336723056,0.01262899257,0.01190356364,0.01119244321,0.01013727106,0.01007259509,0.009179677551
2,6000,selected,7,mlp,down_proj,mlp,16,18944,3584,16,360448,3584,18944,67895296,16,32,2,0.04963682337,0.04291456089,6.02398854e-06,132.5406245,7.649104557,0.0003745027123,0.005610403227,0.002463814235,0.003687765283,74,0.8113312557,0.001604746279,184,1.337822863,3.159772654,0.747483114,0.8128182536,0.8866159653,0.947763523,1,5,9,14,0.04291456089,0.01268753904,0.01034946721,0.008643632402,0.007631428615,0.005958299228,0.00543821448,0.005228959164,0.005104726239,0.004750385031,0.004270105682,0.004098011585,0.003699992732,0.003412157575,0.003247904611,0.003027777433
2,6000,selected,8,attention,q_proj,self_attn,16,3584,3584,16,114688,3584,3584,12845056,16,32,2,0.03990225562,0.02210810824,1.113344186e-05,63.32849648,3.948352125,0.0006300837354,0.005599325375,0.001592190004,0.002383143557,117,0.9343047493,0.005481469403,102,3.257554785,9.644002634,0.3069787205,0.4507076165,0.6548071586,0.8526238223,1,10,13,15,0.02210810824,0.01512758115,0.01433234382,0.01093385437,0.01068270313,0.009091031796,0.008029263121,0.007329777828,0.00693485644,0.00629951824,0.005811760252,0.005397577707,0.005257369164,0.004753968985,0.004234845959,0.003973693333
2,6000,selected,8,attention,k_proj,self_attn,16,3584,512,16,65536,512,3584,1835008,16,32,2,0.01418421089,0.007322333631,1.047095273e-05,27.2712967,2.521189182,0.0005201150151,0.002904317409,0.0002011918387,0.0003011380759,183,0.9966808161,0.004848534621,138,3.752419064,11.0265414,0.2664947552,0.412923179,0.5854372913,0.8073148822,1,11,13,16,0.007322333631,0.005427725473,0.004327371666,0.003997785126,0.003882083148,0.003411950768,0.003136454283,0.002844404578,0.002633766831,0.002506921251,0.002462360112,0.00224695238,0.002133141295,0.002002000079,0.001919109317,0.001480541207
2,6000,selected,8,attention,v_proj,self_attn,16,3584,512,16,65536,512,3584,1835008,16,32,2,0.01613949703,0.01206358632,1.191436814e-05,20.60217601,1.399432145,0.0007833879791,0.008620343874,0.0002604833643,0.000389883902,146,0.9842269021,0.00627740478,40,1.789893209,5.355082626,0.5586925492,0.679634106,0.8119749954,0.9262252472,1,7,10,15,0.01206358632,0.005612776816,0.004643597069,0.003592994066,0.003201195289,0.002843834254,0.002519699895,0.002253077418,0.00215013815,0.001751121717,0.001655043951,0.001515107286,0.001357087384,0.001339597987,0.001247018867,0.001140872003
2,6000,selected,8,attention,o_proj,self_attn,16,3584,3584,16,114688,3584,3584,12845056,16,32,2,0.04273913708,0.03259542506,1.192498244e-05,55.18688445,3.476601492,0.000774443738,0.009375657558,0.001826633838,0.002734052251,100,0.8910229217,0.006288594623,38,1.719246706,5.112216526,0.5816500891,0.684484134,0.8124079119,0.933096637,1,7,9,14,0.03259542506,0.01370547869,0.01148397406,0.01008901587,0.008317269371,0.007889072967,0.007160896423,0.006145016633,0.005640217934,0.004682782507,0.004090652415,0.003733579483,0.003491114032,0.003209278262,0.002926222781,0.002596971223
2,6000,selected,8,mlp,gate_proj,mlp,16,3584,18944,16,360448,18944,3584,67895296,16,32,2,0.09200982453,0.05751656571,1.11664303e-05,138.9871415,12.20566886,0.0006620024237,0.004712282986,0.008465807809,0.0126713742,43,0.604278204,0.005514000767,100,2.55907204,8.892222142,0.3907666469,0.510034178,0.653122313,0.8376387618,1,11,13,16,0.05751656571,0.03177571393,0.02615050858,0.02296753256,0.02185790465,0.0202666561,0.01840731666,0.01829606902,0.01606131963,0.0158615124,0.01448293925,0.01362983344,0.01197621791,0.01139150739,0.01043086655,0.009350848757
2,6000,selected,8,mlp,up_proj,mlp,16,3584,18944,16,360448,18944,3584,67895296,16,32,2,0.09607761429,0.06389158321,1.166010248e-05,135.5406686,4.771795697,0.0007088471327,0.01338942136,0.009230907969,0.01381655381,23,0.3397405863,0.006012330396,54,2.261294473,7.527193745,0.4422245806,0.580201778,0.7224969753,0.8730121036,1,10,12,15,0.06389158321,0.03568830076,0.02647734543,0.02474801102,0.02008963724,0.0194556123,0.01849380964,0.01628667947,0.01498030362,0.01432302852,0.0137330186,0.01240955563,0.01162194183,0.01117294956,0.008900722526,0.007806079405
2,6000,selected,8,mlp,down_proj,mlp,16,18944,3584,16,360448,3584,18944,67895296,16,32,2,0.0504656977,0.04323183752,6.124581792e-06,133.9759215,8.078966114,0.0003766773695,0.005351159654,0.002546786645,0.003811955967,68,0.7887934225,0.001658788367,178,1.362652677,3.344435799,0.7338627202,0.7945464456,0.8712216626,0.9467893427,1,6,9,14,0.04323183752,0.01243175375,0.01047259417,0.009252037074,0.008107952666,0.007444230635,0.006163781305,0.005771229704,0.005142580334,0.004954898948,0.004484287554,0.004049246204,0.003774741321,0.003690396381,0.003384566508,0.002948019269
2,6000,selected,9,attention,q_proj,self_attn,16,3584,3584,16,114688,3584,3584,12845056,16,32,2,0.03489163483,0.0173699205,9.735389184e-06,58.61718433,4.689024221,0.0005952458351,0.003704378499,0.001217426181,0.001822207999,136,0.9752812269,0.004191261312,154,4.035031929,10.76487674,0.2478295135,0.4258844991,0.6145718133,0.8229447195,1,11,13,16,0.0173699205,0.01472307037,0.01151273164,0.009857478709,0.00860414592,0.008428642675,0.007602522829,0.00712789827,0.006353460826,0.00617172117,0.005432678036,0.005096156753,0.004954177983,0.00466019357,0.004467873009,0.003922645829
2,6000,selected,9,attention,k_proj,self_attn,16,3584,512,16,65536,512,3584,1835008,16,32,2,0.01425755374,0.007939699403,1.052509528e-05,23.26095856,2.669683376,0.0006129392173,0.002974022866,0.0002032778386,0.0003042603396,182,0.996379678,0.004898805261,137,3.224645024,9.924223464,0.3101116534,0.4406411957,0.6383611262,0.8466037416,1,11,13,15,0.007939699403,0.005151093402,0.004636257696,0.004324025285,0.003782282867,0.003224277892,0.003011924949,0.002925369249,0.00239038948,0.002255959941,0.002211113602,0.002000342808,0.001915923804,0.001873558453,0.001619195196,0.001298294897
2,6000,selected,9,attention,v_proj,self_attn,16,3584,512,16,65536,512,3584,1835008,16,32,2,0.01548052232,0.01186871082,1.142790519e-05,24.75481428,1.539229075,0.0006253540077,0.007710815118,0.0002396465712,0.0003586959979,155,0.9875158456,0.00577525761,76,1.701234269,5.130765239,0.5878085212,0.6742733613,0.8089845329,0.9222510434,1,7,10,14,0.01186871082,0.004552032784,0.004366398792,0.003635606135,0.003263600098,0.002645792935,0.002266274122,0.002087253369,0.001971687357,0.001871148106,0.001710666031,0.00152981988,0.001419317217,0.001324092648,0.001118986376,0.0009782557136
2,6000,selected,9,attention,o_proj,self_attn,16,3584,3584,16,114688,3584,3584,12845056,16,32,2,0.04141189711,0.02854158423,1.155465879e-05,60.40790401,6.386428939,0.0006855377255,0.004469099164,0.001714945222,0.002566879988,107,0.909522003,0.005904081638,61,2.105203589,6.963546756,0.4750134405,0.5987014532,0.7362873072,0.8906849574,1,9,12,15,0.02854158423,0.01456427707,0.01158794012,0.01008324584,0.00940993961,0.008017422916,0.007812694308,0.007135775123,0.006348113629,0.005629961137,0.005044951592,0.004903720822,0.004513265525,0.004177704897,0.003862379325,0.003638066589
2,6000,selected,9,mlp,gate_proj,mlp,16,3584,18944,16,360448,18944,3584,67895296,16,32,2,0.0946298648,0.06997327826,1.148440175e-05,152.3015162,28.9302197,0.0006213323882,0.002418691562,0.008954811312,0.01340330038,31,0.4480434476,0.005832501464,68,1.828908578,6.10708817,0.5467741866,0.6298822179,0.7452338914,0.8856819816,1,9,12,15,0.06997327826,0.02728033612,0.02319412871,0.0222482553,0.0210218573,0.01834914021,0.01645708155,0.01443056418,0.01391408351,0.01319939626,0.01261653798,0.01182404644,0.01098157711,0.0097421528,0.0091301893,0.007617116531
2,6000,selected,9,mlp,up_proj,mlp,16,3584,18944,16,360448,18944,3584,67895296,16,32,2,0.0970627998,0.07708162922,1.177966586e-05,124.8133311,5.025509669,0.0007776637233,0.01533807202,0.009421187104,0.01410135807,19,0.2838454484,0.006136264145,49,1.585637316,4.683564643,0.6306612424,0.7104681636,0.810361588,0.9191880355,1,8,10,15,0.07708162922,0.02742035625,0.02420390868,0.01884901713,0.01739637535,0.01680108005,0.01562844859,0.01400413341,0.0130218511,0.01139850512,0.01073060544,0.009581865181,0.009275734655,0.008259814152,0.008010093278,0.00603876653
2,6000,selected,9,mlp,down_proj,mlp,16,18944,3584,16,360448,3584,18944,67895296,16,32,2,0.05126742746,0.04599198237,6.221880743e-06,123.152261,7.968574277,0.0004162930264,0.00577167016,0.002628349118,0.003934036298,67,0.7849814666,0.001711912127,177,1.242564074,2.523291739,0.804787472,0.8642343828,0.9194963807,0.9684766173,1,4,6,13,0.04599198237,0.01249988942,0.009487512735,0.007432020284,0.00683672758,0.005963893641,0.005081228028,0.004539759027,0.003957948491,0.003652054024,0.003547438541,0.003308608926,0.003138349655,0.002823018707,0.002682198638,0.002303806505
2,6000,selected,10,attention,q_proj,self_attn,16,3584,3584,16,114688,3584,3584,12845056,16,32,2,0.03942259319,0.02735509381,1.099960748e-05,63.46072333,4.326296121,0.000621212478,0.006322982303,0.001554140854,0.0023261927,120,0.9413120418,0.005350476714,111,2.076892222,7.128632159,0.4814886345,0.5785641724,0.7133909913,0.8738401559,1,10,12,15,0.02735509381,0.01228287667,0.01052835601,0.009934464618,0.00946994473,0.008415842207,0.006964462053,0.006352213521,0.006189750385,0.005845506622,0.005786415854,0.005034423494,0.004646010388,0.004190199924,0.003754797225,0.003393743054
2,6000,selected,10,attention,k_proj,self_attn,16,3584,512,16,65536,512,3584,1835008,16,32,2,0.01473306452,0.008547128112,1.087612298e-05,27.07495454,2.645627635,0.0005441584212,0.003230661791,0.0002170631901,0.0003248938518,170,0.992614673,0.005231019305,118,2.971294877,8.882422827,0.3365536042,0.5207350992,0.6840193994,0.8616558404,1,10,12,15,0.008547128112,0.006322896715,0.004487143426,0.003912614852,0.003561546421,0.003142555988,0.002879523574,0.002776041335,0.002548711183,0.002415122588,0.002055565802,0.00196491515,0.001812704239,0.001557184228,0.001519975469,0.001262296197
2,6000,selected,10,attention,v_proj,self_attn,16,3584,512,16,65536,512,3584,1835008,16,32,2,0.01568048063,0.01076376175,1.157551679e-05,22.327841,1.380550377,0.0007022837824,0.007796717833,0.0002458774727,0.0003680222295,148,0.9849768313,0.005925416492,59,2.122220905,6.173466711,0.471204481,0.6500418371,0.7962594593,0.9284709588,1,7,10,15,0.01076376175,0.006631144481,0.004623577666,0.003817610376,0.003394923873,0.003083169297,0.002452231021,0.002337295741,0.00184160486,0.001736492726,0.00160745488,0.001532657749,0.00139419146,0.001279462541,0.001233171407,0.001070517403
2,6000,selected,10,attention,o_proj,self_attn,16,3584,3584,16,114688,3584,3584,12845056,16,32,2,0.04318173016,0.03632829853,1.204847382e-05,57.02436267,4.16756226,0.0007572505529,0.008716918012,0.001864661819,0.002790971424,97,0.8827812318,0.006419514434,27,1.412895243,3.588640901,0.7077665561,0.7724062116,0.8695777211,0.9457475971,1,6,9,14,0.03632829853,0.01097866557,0.01070033712,0.008166687759,0.006961611833,0.006235775187,0.005554289977,0.004881802026,0.004590351828,0.004319747361,0.003925394626,0.003613945943,0.003246529973,0.00310608967,0.002629512929,0.002420624027
2,6000,selected,10,mlp,gate_proj,mlp,16,3584,18944,16,360448,18944,3584,67895296,16,32,2,0.09659786763,0.07239230847,1.172324109e-05,141.6545233,14.29629139,0.0006819257541,0.005063712435,0.009331148031,0.01396659021,22,0.3259240325,0.006077619355,53,1.780533822,6.018606496,0.5616293202,0.6238792166,0.7288170791,0.8787567982,1,9,12,15,0.07239230847,0.02410109951,0.02267859801,0.0215608887,0.02101904916,0.01911229372,0.01737923723,0.01702914059,0.01547803011,0.01424564108,0.01261642559,0.01241236373,0.010616136,0.01039892289,0.009635108484,0.007868566175
2,6000,selected,10,mlp,up_proj,mlp,16,3584,18944,16,360448,18944,3584,67895296,16,32,2,0.09817756011,0.07385193186,1.19149546e-05,133.0485243,5.207359972,0.0007379079223,0.01418222137,0.00963883331,0.01442712456,14,0.2123457181,0.006278022779,39,1.767261227,5.707947012,0.5658473037,0.645959972,0.768008703,0.8993581265,1,9,11,15,0.07385193186,0.02778835468,0.02709758189,0.02102685021,0.02068175795,0.01719449676,0.01672324237,0.01621735282,0.01394297252,0.01321220306,0.01213879585,0.01087957886,0.009985832239,0.009670817448,0.009036393877,0.007777395389
2,6000,selected,10,mlp,down_proj,mlp,16,18944,3584,16,360448,3584,18944,67895296,16,32,2,0.05038333393,0.04382992551,6.114586018e-06,132.2723567,9.042357462,0.000380905997,0.004847179034,0.002538480338,0.003799523328,70,0.7964039346,0.001653378253,180,1.321394025,3.01098694,0.7567765412,0.8252623484,0.8972206372,0.9588172645,1,5,8,13,0.04382992551,0.01318521426,0.009875845328,0.009226720996,0.007426076977,0.006696261512,0.005675913315,0.004915210857,0.00448191446,0.004166353131,0.004036181705,0.003687679853,0.0035340953,0.003305557249,0.002771146074,0.002471836211
2,6000,selected,11,attention,q_proj,self_attn,16,3584,3584,16,114688,3584,3584,12845056,16,32,2,0.04083007565,0.02814233564,1.139232021e-05,64.22327868,4.078706677,0.0006357519654,0.006899818465,0.001667095077,0.002495259287,112,0.9221072809,0.005739346835,81,2.104941799,6.898371887,0.4750725176,0.6049971817,0.7365212355,0.8920651204,1,9,11,15,0.02814233564,0.01471722692,0.01104995825,0.00985705459,0.009342274294,0.008282153866,0.007257620197,0.007124691735,0.006291564424,0.005677991422,0.005080242092,0.004863198789,0.004650953566,0.004009471127,0.003703404036,0.002689302045
2,6000,selected,11,attention,k_proj,self_attn,16,3584,512,16,65536,512,3584,1835008,16,32,2,0.01472440327,0.008180378852,1.086972914e-05,28.02436584,2.629942691,0.0005254143253,0.003110477988,0.0002168080516,0.0003245119679,171,0.992939185,0.005224870706,119,3.239877367,9.637920187,0.3086536578,0.4787213111,0.6563648875,0.8473674162,1,10,13,16,0.008180378852,0.00607223489,0.004721861878,0.004027229581,0.00365757866,0.003384984691,0.003037847508,0.002710417975,0.002556915212,0.002371509103,0.002111749175,0.001995497112,0.001916289365,0.001817386645,0.001712943181,0.001606043421
2,6000,selected,11,attention,v_proj,self_attn,16,3584,512,16,65536,512,3584,1835008,16,32,2,0.01559987742,0.01040909766,1.151601455e-05,19.79359423,1.450042376,0.0007881275749,0.007178478248,0.0002433561755,0.0003642484254,151,0.98607454,0.005864655593,66,2.246033375,7.184502514,0.445229359,0.5801878924,0.732194963,0.9029704956,1,8,11,15,0.01040909766,0.005730880606,0.004636171104,0.003936721588,0.003762585215,0.00334925422,0.003001526513,0.002678725023,0.002403772466,0.002140172775,0.001710139564,0.001606763235,0.001558424736,0.001409483462,0.001315323408,0.001265936469
2,6000,selected,11,attention,o_proj,self_attn,16,3584,3584,16,114688,3584,3584,12845056,16,32,2,0.04430863419,0.03477145516,1.236290016e-05,55.28331617,4.352447393,0.0008014829294,0.007988943237,0.001963255064,0.002938542916,91,0.8658493611,0.006758943679,19,1.623794231,4.518591404,0.6158415769,0.7352950517,0.8447225609,0.9417299819,1,6,9,14,0.03477145516,0.01531396876,0.01145623436,0.009142691396,0.007681433987,0.007544297959,0.006370316995,0.005826535171,0.0048735208,0.004559759614,0.004119736435,0.003826030826,0.003550661141,0.003283864309,0.002932396048,0.002501129582
2,6000,selected,11,mlp,gate_proj,mlp,16,3584,18944,16,360448,18944,3584,67895296,16,32,2,0.09270453397,0.05776923174,1.125074113e-05,138.8546204,12.73443785,0.0006676373729,0.004536457156,0.008594130619,0.01286344404,39,0.5530940903,0.00559758075,93,2.57518697,8.834199897,0.3883213187,0.5191597495,0.6739318835,0.8372047737,1,11,13,16,0.05776923174,0.03353270886,0.02644740188,0.02511308166,0.01966316989,0.01935150615,0.0181973267,0.01763306002,0.01618708414,0.01483726704,0.01393793684,0.01347861523,0.01261895797,0.01244316958,0.01134765309,0.009906477694
2,6000,selected,11,mlp,up_proj,mlp,16,3584,18944,16,360448,18944,3584,67895296,16,32,2,0.09678334391,0.06304975573,1.174575073e-05,135.3622263,5.395259534,0.0007149952134,0.01168613953,0.009367015659,0.01402027583,21,0.3119574423,0.006100980875,52,2.356320869,7.773196394,0.4243904187,0.5517186021,0.7174123421,0.8771902433,1,10,12,15,0.06304975573,0.03453527309,0.02946145731,0.02615489229,0.0245097503,0.01849771426,0.01720795321,0.01605101731,0.01438803555,0.01385349131,0.0131165927,0.01222373091,0.01153585162,0.01048808752,0.009773651163,0.009558316499
2,6000,selected,11,mlp,down_proj,mlp,16,18944,3584,16,360448,3584,18944,67895296,16,32,2,0.05156617737,0.04506837848,6.258137415e-06,133.9901933,9.874548009,0.0003848503842,0.004564095333,0.002659070648,0.003980019388,64,0.7731335367,0.001731921859,174,1.309139752,2.874408126,0.7638603886,0.8461106257,0.9072249375,0.9633506106,1,4,7,13,0.04506837848,0.0147888198,0.009710170774,0.008259531235,0.007289201568,0.006493662583,0.005646135602,0.004697144845,0.004512555127,0.003980596171,0.00365694796,0.003358034081,0.003263164947,0.00310843413,0.003031311689,0.002663812272
2,6000,selected,12,attention,q_proj,self_attn,16,3584,3584,16,114688,3584,3584,12845056,16,32,2,0.04499091471,0.03508081849,1.255326861e-05,62.2614544,3.987363562,0.0007226126524,0.008797998464,0.002024182406,0.003029737185,85,0.8479933258,0.006968699653,14,1.644789067,4.55913738,0.607980695,0.7289444758,0.8533716235,0.9393713198,1,6,9,14,0.03508081849,0.01564777162,0.01274018201,0.009463139319,0.00820491533,0.006299568671,0.006086942072,0.005479325452,0.005032350221,0.004511244136,0.004093340489,0.003896526073,0.003630989369,0.003581116674,0.003161448172,0.003017622989
2,6000,selected,12,attention,k_proj,self_attn,16,3584,512,16,65536,512,3584,1835008,16,32,2,0.0155392714,0.007647986151,1.147127447e-05,26.82323033,2.550901778,0.000579321402,0.002998149995,0.0002414689557,0.0003614236899,152,0.9864359636,0.005819175367,70,4.128260729,10.07570727,0.2422327623,0.4465589435,0.6512659263,0.8528495814,1,10,13,15,0.007647986151,0.007024131946,0.005035901727,0.00490612629,0.00393817484,0.003485825072,0.003369000299,0.00310899247,0.002895182465,0.002435042017,0.002195455228,0.002045382332,0.0019516366,0.001786676454,0.001705885422,0.001518548976
2,6000,selected,12,attention,v_proj,self_attn,16,3584,512,16,65536,512,3584,1835008,16,32,2,0.01673110371,0.0128723526,1.235109921e-05,20.58290962,1.394157307,0.0008128638769,0.009233070421,0.0002799298314,0.0004189908068,144,0.9834448965,0.006746046399,20,1.68940326,4.795777308,0.5919249854,0.7233757035,0.8289567832,0.9376377797,1,6,9,14,0.0128723526,0.006066051216,0.00408125019,0.003591474728,0.003463067884,0.002861876073,0.002444963718,0.002064468843,0.002021013404,0.001758644037,0.001578627346,0.00148441142,0.001343678516,0.001261980241,0.001129480329,0.00095414272
2,6000,selected,12,attention,o_proj,self_attn,16,3584,3584,16,114688,3584,3584,12845056,16,32,2,0.04474406804,0.03513559003,1.248439399e-05,55.60919012,4.645865741,0.0008046164303,0.00756276483,0.002002031625,0.002996582542,87,0.8539935801,0.006892440646,16,1.621722086,4.605552487,0.6166284645,0.7219177517,0.8341468365,0.9412893137,1,7,9,14,0.03513559003,0.01451869425,0.01148112342,0.009636907287,0.0076796551,0.007528933994,0.007150781204,0.006907025864,0.005453314015,0.004254641226,0.004071050734,0.003809663756,0.003414525195,0.003214036922,0.003080450607,0.00267111614
2,6000,selected,12,mlp,gate_proj,mlp,16,3584,18944,16,360448,18944,3584,67895296,16,32,2,0.0984695212,0.07720305246,1.195038737e-05,136.4126472,12.85028443,0.0007218503799,0.006007886666,0.009696246605,0.0145130591,13,0.1979185936,0.00631541755,36,1.626802041,5.028102193,0.6147029415,0.6912630595,0.7871488325,0.9034119908,1,8,11,15,0.07720305246,0.02724602327,0.02212760083,0.02097859343,0.01970919043,0.01848511842,0.01462205286,0.01354104995,0.01308750055,0.01300335852,0.01125531586,0.01113456687,0.01005269106,0.009780994486,0.009061270043,0.008165743868
2,6000,selected,12,mlp,up_proj,mlp,16,3584,18944,16,360448,18944,3584,67895296,16,32,2,0.09499231772,0.0623346452,1.15283895e-05,136.8439442,5.245419205,0.0006941653009,0.01188363461,0.009023540425,0.01350617211,28,0.4077048565,0.005877266523,64,2.322298195,7.414200005,0.4306079221,0.5797454456,0.7401431554,0.8836164048,1,9,12,15,0.0623346452,0.03668444456,0.03064237001,0.02254773555,0.02081409918,0.01863015565,0.01698046674,0.01503299674,0.01418557201,0.0131977586,0.0130454239,0.01173768806,0.01040769201,0.01001386345,0.009335822423,0.00843026042
2,6000,selected,12,mlp,down_proj,mlp,16,18944,3584,16,360448,3584,18944,67895296,16,32,2,0.05036423189,0.04289926229,6.11226777e-06,135.7320954,10.97227654,0.0003710561732,0.003909786828,0.002536555854,0.003796642817,71,0.8002005774,0.001652124787,181,1.378303255,3.220383623,0.7255297382,0.8078342094,0.9033660537,0.9654129657,1,4,7,13,0.04289926229,0.01444887152,0.01137108495,0.01063109994,0.007644230336,0.006537143208,0.005752279464,0.00480918288,0.004309685467,0.003839296181,0.003689297339,0.003364015922,0.003137438066,0.002795400504,0.002529478583,0.002331265506
2,6000,selected,13,attention,q_proj,self_attn,16,3584,3584,16,114688,3584,3584,12845056,16,32,2,0.04104283508,0.02740200217,1.14516839e-05,61.02667804,4.278850652,0.0006725392303,0.006404056696,0.001684514311,0.002521331888,110,0.91710262,0.005799316436,74,2.243417547,6.766220779,0.4457484972,0.6390948172,0.7632279699,0.9031329805,1,8,11,15,0.02740200217,0.01804701203,0.01065425355,0.009777062622,0.008949263656,0.007488501339,0.007320310571,0.006776287591,0.005537698856,0.005021378858,0.004926061259,0.004584036262,0.004457727159,0.004054761917,0.003715043402,0.003449650026
2,6000,selected,13,attention,k_proj,self_attn,16,3584,512,16,65536,512,3584,1835008,16,32,2,0.01477742091,0.008312350275,1.09088674e-05,25.60451226,2.954482292,0.0005771412773,0.002813471009,0.0002183721688,0.000326853093,167,0.9916391713,0.005262564465,114,3.160455036,9.476886758,0.3164101335,0.4853814094,0.6599743116,0.8527320101,1,10,13,15,0.008312350275,0.006074423758,0.004632021749,0.004082965249,0.003772930493,0.003175466815,0.003094297914,0.002863501896,0.002482678815,0.002400988513,0.002201251824,0.002038861345,0.001870199297,0.001709598369,0.001640889237,0.001454453767
2,6000,selected,13,attention,v_proj,self_attn,16,3584,512,16,65536,512,3584,1835008,16,32,2,0.01521664856,0.009943864764,1.123311046e-05,22.45929845,1.357320775,0.0006775210986,0.007326097815,0.0002315463934,0.000346571888,161,0.9896251507,0.005580050921,96,2.341680299,6.539426955,0.4270437772,0.6376048584,0.7918768612,0.9250140328,1,7,10,14,0.009943864764,0.006982453647,0.004416922195,0.004026403381,0.003178509741,0.002898447997,0.002703228997,0.002239656207,0.001979762685,0.001767007608,0.001630334118,0.001465283235,0.001343307616,0.00129297484,0.001124156157,0.0008808651727
2,6000,selected,13,attention,o_proj,self_attn,16,3584,3584,16,114688,3584,3584,12845056,16,32,2,0.04324366854,0.03385843473,1.206575573e-05,57.5119353,5.357018124,0.0007519077269,0.006320388311,0.001870014869,0.002798983712,95,0.877194964,0.006437943502,25,1.631215374,4.379373399,0.6130398327,0.7632099581,0.8608522769,0.9394988426,1,6,9,14,0.03385843473,0.01675769576,0.00984984632,0.009250573795,0.006927475013,0.006281436481,0.005846228564,0.005044353717,0.004803524523,0.004428400179,0.004290882065,0.004036987227,0.003298091893,0.003274369038,0.002792076057,0.002519913041
2,6000,selected,13,mlp,gate_proj,mlp,16,3584,18944,16,360448,18944,3584,67895296,16,32,2,0.09766150301,0.07522211484,1.185232525e-05,139.2511201,12.89101172,0.0007013336979,0.00583523749,0.00953776917,0.0142758547,18,0.2697440903,0.006212197076,44,1.685604682,5.286955502,0.593258912,0.6855851762,0.7848583651,0.9014318768,1,8,11,15,0.07522211484,0.02967467938,0.02187142674,0.02164452477,0.01833707989,0.01749919521,0.0159335495,0.01468001754,0.01357425672,0.01307132674,0.01151585728,0.01136676015,0.01003194411,0.009669548204,0.008398436187,0.007649050708
2,6000,selected,13,mlp,up_proj,mlp,16,3584,18944,16,360448,18944,3584,67895296,16,32,2,0.09702961702,0.07376895498,1.177563875e-05,135.2433981,5.287465668,0.0007174443884,0.013951666,0.00941474658,0.01409171808,20,0.2979371664,0.006132069264,50,1.730060824,5.348553703,0.5780143601,0.6726443168,0.7955850795,0.9148100344,1,8,11,15,0.07376895498,0.0298482338,0.02586964482,0.02209564668,0.02012187943,0.01773952687,0.01469520868,0.01367270027,0.01271120897,0.01187957716,0.01093095306,0.009447741706,0.009236950539,0.008868965816,0.008246639469,0.007655737703
2,6000,selected,13,mlp,down_proj,mlp,16,18944,3584,16,360448,3584,18944,67895296,16,32,2,0.0489312503,0.03906096011,5.938359287e-06,133.5886979,10.55101117,0.0003662828599,0.003702105843,0.002394267256,0.003583669394,78,0.8258076347,0.001559448523,187,1.569230708,3.996840445,0.6372549267,0.7620321087,0.8867667095,0.9540599952,1,5,8,14,0.03906096011,0.01728438374,0.01469454793,0.009094956376,0.007566069118,0.00676418951,0.005689870615,0.005073836942,0.004586986388,0.004496195372,0.004202037613,0.003803682421,0.003405288593,0.003298039698,0.002897014005,0.002396990984
2,6000,selected,14,attention,q_proj,self_attn,16,3584,3584,16,114688,3584,3584,12845056,16,32,2,0.03859286509,0.02599935135,1.076809852e-05,59.87938233,4.193251929,0.0006445100732,0.006200283643,0.001489409236,0.002229304302,127,0.9571428449,0.005127623673,125,2.203378039,7.067448808,0.4538485826,0.5890342669,0.7330564721,0.8996230471,1,9,11,14,0.02599935135,0.01418967254,0.01077658891,0.009918323154,0.009454480672,0.008253520585,0.007057277331,0.006385360212,0.005725437302,0.005491643394,0.005028648683,0.004540857005,0.003864608396,0.003330977541,0.003015163759,0.002352672818
2,6000,selected,14,attention,k_proj,self_attn,16,3584,512,16,65536,512,3584,1835008,16,32,2,0.0146810863,0.008228400783,1.083775204e-05,25.30762157,2.356789779,0.0005801053353,0.003491359669,0.0002155342948,0.0003226054459,172,0.9932617905,0.005194174362,121,3.183358199,9.502166141,0.3141336719,0.4576400641,0.651276814,0.8587673622,1,10,12,15,0.008228400783,0.005561523987,0.004983893974,0.004110494031,0.004030999406,0.003357735701,0.003187389408,0.002653023275,0.002510492983,0.002354087285,0.002310983481,0.002024961302,0.001805819915,0.001582258353,0.001396488763,0.00120014757
2,6000,selected,14,attention,v_proj,self_attn,16,3584,512,16,65536,512,3584,1835008,16,32,2,0.01618574814,0.009961783069,1.194851126e-05,19.75801698,1.436823609,0.0008191990195,0.006933198344,0.0002619784429,0.000392121692,145,0.9838370182,0.006313434772,37,2.639923829,6.892621877,0.3787988081,0.6199452084,0.7912719934,0.9162869539,1,8,11,15,0.009961783069,0.007948280219,0.005267551123,0.00413966539,0.003347885673,0.003038083416,0.002560741497,0.002399070309,0.002155989176,0.001998303428,0.001789351082,0.001683704027,0.001579122505,0.001443000274,0.00123577619,0.001072310834
2,6000,selected,14,attention,o_proj,self_attn,16,3584,3584,16,114688,3584,3584,12845056,16,32,2,0.04240511634,0.03083911499,1.183178469e-05,54.60895525,4.86361508,0.0007765231205,0.006340780363,0.001798193892,0.002691484168,102,0.8964126617,0.00619068376,46,1.890743889,4.986306355,0.5288923613,0.7357974602,0.8545273497,0.9406479311,1,6,9,14,0.03083911499,0.01928873985,0.01186173474,0.008532210203,0.007245228487,0.006090120453,0.00581206849,0.005612348912,0.004722731731,0.004436497743,0.004166182315,0.003573660367,0.003321922367,0.003209507232,0.002750394251,0.002389753898
2,6000,selected,14,mlp,gate_proj,mlp,16,3584,18944,16,360448,18944,3584,67895296,16,32,2,0.09541791486,0.06613938545,1.158004051e-05,136.8307712,12.15682623,0.0006973425204,0.005440514177,0.009104578476,0.0136274675,26,0.3806763507,0.005930048712,58,2.081323238,6.840382516,0.4804635733,0.621348204,0.7433103776,0.8820373137,1,9,12,15,0.06613938545,0.03581473407,0.02433091273,0.02276885738,0.02172524626,0.01691897301,0.01618899201,0.01557975744,0.01411209391,0.0127700522,0.0123865885,0.01199513943,0.01160959192,0.01047772435,0.009818467385,0.008573011619
2,6000,selected,14,mlp,up_proj,mlp,16,3584,18944,16,360448,18944,3584,67895296,16,32,2,0.09816393364,0.07062478547,1.191330087e-05,136.2790228,5.110151387,0.0007203158025,0.01382048791,0.009636157867,0.01442312003,15,0.2267688382,0.006276280193,41,1.931922156,6.012190752,0.5176191996,0.654904933,0.7861973107,0.9060064989,1,8,11,15,0.07062478547,0.03637178853,0.02869919986,0.02101213948,0.01898764354,0.01730920982,0.01643749165,0.0149723,0.01468052626,0.01191025119,0.01122887316,0.01053098084,0.009798845814,0.009404162742,0.008367475061,0.007543529412
2,6000,selected,14,mlp,down_proj,mlp,16,18944,3584,16,360448,3584,18944,67895296,16,32,2,0.0491029409,0.04107899281,5.959195879e-06,134.806716,9.680714936,0.0003642469928,0.004243384201,0.002411098805,0.003608862366,77,0.8222239653,0.001570411349,186,1.428813135,3.231016824,0.6998815837,0.8358183342,0.9174973199,0.9659529239,1,4,7,13,0.04107899281,0.01810405857,0.01143324053,0.00813738999,0.006600017005,0.005638693085,0.004811143344,0.004281245674,0.004062010284,0.003725533564,0.003501542252,0.003326404896,0.002963936552,0.002860775144,0.002481509292,0.002293191272
2,6000,selected,15,attention,q_proj,self_attn,16,3584,3584,16,114688,3584,3584,12845056,16,32,2,0.03909880616,0.02253001974,1.090926511e-05,62.19952571,4.431282996,0.0006286029629,0.005084310744,0.001528716643,0.002288138482,122,0.9458926523,0.005262948194,113,3.011645494,8.258447761,0.332044393,0.5306085111,0.7351062762,0.8880322844,1,9,12,15,0.02253001974,0.01742263677,0.0135525228,0.01135553885,0.009735289335,0.007154208709,0.007031764545,0.006194857583,0.005885900897,0.005351808168,0.005122312787,0.004522506055,0.004418483997,0.004061928166,0.003673853976,0.003416228425
2,6000,selected,15,attention,k_proj,self_attn,16,3584,512,16,65536,512,3584,1835008,16,32,2,0.01444801091,0.009263241109,1.066569303e-05,26.49714436,2.554430019,0.0005452667169,0.003626343661,0.0002087450194,0.0003124434564,177,0.9948414415,0.005030559191,130,2.432709132,7.44647259,0.4110643507,0.5607599828,0.7443030444,0.9049405288,1,8,11,15,0.009263241109,0.005590010521,0.004752165445,0.003966185008,0.003542107667,0.002904998769,0.002566161561,0.002441627542,0.002105132269,0.001851549363,0.001700309661,0.001531348153,0.001502704466,0.001413359897,0.001225518038,0.0009948330374
2,6000,selected,15,attention,v_proj,self_attn,16,3584,512,16,65536,512,3584,1835008,16,32,2,0.01563166727,0.01001806481,1.153948219e-05,20.84346331,1.513636188,0.0007499553716,0.006618542085,0.0002443490217,0.0003657344887,150,0.9857102915,0.005888582256,62,2.434685845,7.026242247,0.4107306091,0.5866312713,0.761130185,0.9236901926,1,8,10,14,0.01001806481,0.006556001428,0.005162099101,0.003998921321,0.003706158655,0.003441538297,0.002819939545,0.00248787499,0.002271755493,0.001800873599,0.0015108791,0.001472788959,0.001382455968,0.00127776108,0.001104375352,0.001013332259
2,6000,selected,15,attention,o_proj,self_attn,16,3584,3584,16,114688,3584,3584,12845056,16,32,2,0.04457900443,0.03169261127,1.243833829e-05,55.32372416,4.436380813,0.0008057845907,0.007143798651,0.001987287636,0.00297451417,89,0.8599574424,0.006841681174,17,1.978539308,5.184171048,0.5054233675,0.7215608097,0.8487820715,0.944026625,1,6,9,14,0.03169261127,0.02072503961,0.01251778585,0.009804604937,0.00877893832,0.006758702062,0.006130945295,0.005379593095,0.004930441675,0.004323195572,0.004041804056,0.003827535761,0.003561501902,0.003031732165,0.002960738117,0.002570611804
2,6000,selected,15,mlp,gate_proj,mlp,16,3584,18944,16,360448,18944,3584,67895296,16,32,2,0.09325965117,0.06207276196,1.131811086e-05,135.1894024,11.29029455,0.0006898443924,0.005497886854,0.008697362537,0.01301795857,38,0.5402306463,0.005664818383,87,2.257279999,7.597193303,0.4430110577,0.5559522423,0.7136838747,0.8743851894,1,9,12,15,0.06207276196,0.03134151285,0.02974663352,0.02206778158,0.021559241,0.01904607341,0.01769426875,0.01603236298,0.015161605,0.01337922196,0.01240941039,0.01209674795,0.01085530706,0.01015088997,0.00953922401,0.00845221101
2,6000,selected,15,mlp,up_proj,mlp,16,3584,18944,16,360448,18944,3584,67895296,16,32,2,0.09793086606,0.0704683103,1.188501549e-05,137.7909675,5.104531584,0.0007107205055,0.01380504932,0.009590454527,0.01435471261,16,0.2411235508,0.006246512419,42,1.931307711,6.135147836,0.51778388,0.6287757422,0.772727137,0.9151336065,1,8,11,15,0.0704683103,0.03262610009,0.02746372878,0.02502604458,0.02074697225,0.01950216985,0.01730273912,0.01598707297,0.01323057736,0.01219657128,0.01112081397,0.009896228585,0.009479795794,0.008117396146,0.007809682977,0.007193408042
2,6000,selected,15,mlp,down_proj,mlp,16,18944,3584,16,360448,3584,18944,67895296,16,32,2,0.04977991096,0.03545486935,6.041353833e-06,135.8289432,10.25074536,0.0003664897172,0.003458760129,0.002478039535,0.003709057298,73,0.8076434904,0.001614011587,183,1.971316933,3.994705174,0.507275103,0.8325290707,0.9078244882,0.9639841487,1,4,7,13,0.03545486935,0.0283900016,0.01002615749,0.009276916903,0.007439216654,0.005668102261,0.005451551369,0.004687976,0.00417713091,0.003796353017,0.003622477521,0.003523457702,0.003212669625,0.003016670515,0.002735532362,0.002224006001
2,6000,selected,16,attention,q_proj,self_attn,16,3584,3584,16,114688,3584,3584,12845056,16,32,2,0.04042029035,0.02901697453,1.12779828e-05,59.49077975,4.165600608,0.0006794378981,0.006965856131,0.001633799872,0.002445423994,114,0.927045986,0.00562472066,89,1.940414899,5.151404835,0.5153537013,0.7310677581,0.8413626503,0.9404211558,1,6,9,14,0.02901697453,0.01877321492,0.009796297146,0.009177817979,0.007902859855,0.006563730738,0.005805309181,0.004754198548,0.004492001669,0.004208087347,0.003914549691,0.003428879717,0.003160984695,0.002954624565,0.002719876636,0.002500710903
2,6000,selected,16,attention,k_proj,self_attn,16,3584,512,16,65536,512,3584,1835008,16,32,2,0.01540711616,0.007901331114,1.13737159e-05,23.76947927,2.38045003,0.0006481890491,0.00331925939,0.0002373792285,0.0003553023054,157,0.9882280393,0.005720616776,83,3.802263325,9.846141985,0.2630012481,0.4151877637,0.6481825055,0.8709407625,1,10,12,15,0.007901331114,0.006010483978,0.005835555019,0.0046102505,0.004574569662,0.003490965674,0.003297510313,0.002981791409,0.002575677891,0.002259567916,0.002022611572,0.001958329474,0.001894886661,0.00177103006,0.001561855813,0.001343007833
2,6000,selected,16,attention,v_proj,self_attn,16,3584,512,16,65536,512,3584,1835008,16,32,2,0.0156741639,0.008567188083,1.157085371e-05,22.40522075,1.824063248,0.0006995764104,0.004696760428,0.0002456794141,0.0003677257812,149,0.985344557,0.005920643465,60,3.347280942,7.631548588,0.2987499458,0.5067200017,0.790337355,0.9259507431,1,7,10,15,0.008567188083,0.007148004021,0.006349109523,0.00541920229,0.003439698168,0.002961456333,0.002642126303,0.002394752436,0.002037814123,0.001805102661,0.001605321641,0.001476588669,0.001347843953,0.001315886044,0.001216271814,0.000998182264
2,6000,selected,16,attention,o_proj,self_attn,16,3584,3584,16,114688,3584,3584,12845056,16,32,2,0.04321517477,0.03319296052,1.205780546e-05,57.14794744,5.305729657,0.0007561981962,0.006256059517,0.00186755133,0.00279529636,96,0.8799902604,0.006429462221,26,1.69504241,4.247900311,0.5899557404,0.7871513544,0.8726092663,0.9542209957,1,5,8,14,0.03319296052,0.01919043854,0.009590218008,0.008223427246,0.007307585892,0.00678591501,0.005522084958,0.004740381581,0.004195371125,0.00383238205,0.003623437911,0.003338536369,0.003080369685,0.002719367126,0.00258989497,0.002310850708
2,6000,selected,16,mlp,gate_proj,mlp,16,3584,18944,16,360448,18944,3584,67895296,16,32,2,0.09445458472,0.06944271149,1.146312953e-05,134.9977526,11.1539179,0.0006996752382,0.006225858224,0.008921668575,0.0133536933,32,0.4613971409,0.005810914738,71,1.850089531,5.717311736,0.5405143823,0.6742423733,0.7936504124,0.9080465215,1,8,11,15,0.06944271149,0.03454094403,0.02576696393,0.02003453318,0.0178452675,0.01682103319,0.01469320826,0.01425878935,0.01291877489,0.01161173209,0.01100669434,0.01041268773,0.01020966405,0.008790223618,0.007820484559,0.006812837613
2,6000,selected,16,mlp,up_proj,mlp,16,3584,18944,16,360448,18944,3584,67895296,16,32,2,0.09394206864,0.05801744754,1.140092992e-05,137.5385522,5.143468407,0.0006830235388,0.01127982967,0.00882511226,0.01320917062,34,0.4878811842,0.005748025099,78,2.621820785,7.244997069,0.3814143231,0.6040405841,0.7750113792,0.8979704384,1,9,11,15,0.05801744754,0.04432495624,0.03036197157,0.02422781752,0.0188039564,0.01666580947,0.01582466305,0.01426076993,0.01375262137,0.01285869102,0.01133198167,0.01073300977,0.01022647518,0.009656509247,0.00781043344,0.006595351564
2,6000,selected,16,mlp,down_proj,mlp,16,18944,3584,16,360448,3584,18944,67895296,16,32,2,0.04913133404,0.03894245193,5.962641706e-06,134.9634501,10.57249789,0.0003640343664,0.003683372874,0.002413887984,0.003613037128,76,0.8186151029,0.001572228014,185,1.591734127,3.335614857,0.6282456239,0.8648941659,0.9253490534,0.9714350405,1,3,6,13,0.03894245193,0.02390069187,0.009915945256,0.006899663487,0.006202796459,0.005039439758,0.004959950753,0.004772280578,0.003757063178,0.003442796454,0.003332428522,0.002775728576,0.002704388101,0.002520170885,0.002369274819,0.002212702634
2,6000,selected,17,attention,q_proj,self_attn,16,3584,3584,16,114688,3584,3584,12845056,16,32,2,0.04033091903,0.02643664638,1.12530466e-05,61.23376521,3.918369949,0.0006586385614,0.006746847982,0.00162658303,0.002434622036,116,0.9319216057,0.005599875071,92,2.327359717,6.422876148,0.4296714396,0.6431909063,0.7962913213,0.923009204,1,7,10,14,0.02643664638,0.01863617829,0.01257980469,0.009527804098,0.008822164599,0.007843810006,0.006146315235,0.005383681174,0.005005935572,0.004920468932,0.00450890231,0.003786894234,0.003689535116,0.003493292605,0.002804355486,0.002758727334
2,6000,selected,17,attention,k_proj,self_attn,16,3584,512,16,65536,512,3584,1835008,16,32,2,0.01405210135,0.006321288583,1.037342789e-05,24.23682136,2.341320681,0.0005797831793,0.002699881582,0.0001974615523,0.000295554692,186,0.9975711917,0.004758638217,142,4.941642368,10.54255612,0.2023618719,0.383540728,0.626058245,0.8452468936,1,10,12,15,0.006321288583,0.005981292349,0.005646606138,0.004000465533,0.00361336744,0.003495466553,0.003277912283,0.002694793346,0.002557763536,0.002497485133,0.002341967241,0.001873826189,0.001607193773,0.001532532573,0.001449700705,0.001322424715
2,6000,selected,17,attention,v_proj,self_attn,16,3584,512,16,65536,512,3584,1835008,16,32,2,0.01544153072,0.009488397209,1.139912114e-05,22.07691202,1.650477732,0.0006994425085,0.005748879263,0.000238440871,0.000356891341,156,0.987872737,0.005746201365,79,2.648469558,6.202526542,0.3775765506,0.6652282219,0.8229783545,0.9366893954,1,7,9,14,0.009488397209,0.008281782117,0.00444064981,0.004230213741,0.003107353322,0.002815244509,0.002415768584,0.001922544012,0.00186600497,0.00172240148,0.00147513271,0.001336130351,0.001190045453,0.001154143335,0.001044199817,0.0009205026821
2,6000,selected,17,attention,o_proj,self_attn,16,3584,3584,16,114688,3584,3584,12845056,16,32,2,0.04442032137,0.03148832845,1.239406288e-05,56.8536688,4.791268337,0.0007813096729,0.006572023571,0.001973164951,0.002953375746,90,0.8629108182,0.006793060679,18,1.990050874,4.82851653,0.5024997164,0.711982442,0.8843029508,0.9600902504,1,5,8,13,0.03148832845,0.02033086255,0.01612916308,0.00893682756,0.007399623561,0.006345950212,0.005542147552,0.00487851728,0.004453341072,0.003580365043,0.003336158258,0.003055588756,0.002994511804,0.002727272886,0.002164429491,0.002130917791
2,6000,selected,17,mlp,gate_proj,mlp,16,3584,18944,16,360448,18944,3584,67895296,16,32,2,0.09113815646,0.06182068512,1.106064355e-05,133.6220391,11.14984539,0.0006820593151,0.005544532947,0.008306163564,0.01243242335,46,0.6418872114,0.005410020319,105,2.173365913,7.122620092,0.4601158019,0.6087681904,0.7281769833,0.8800768281,1,9,12,15,0.06182068512,0.03513874007,0.02318584914,0.02131303273,0.01992479049,0.01878484666,0.01650963143,0.01546833173,0.01492763964,0.01391524917,0.01221353206,0.01048841641,0.009745137082,0.009339065446,0.00858284902,0.008037693375
2,6000,selected,17,mlp,up_proj,mlp,16,3584,18944,16,360448,18944,3584,67895296,16,32,2,0.09263500137,0.06442632854,1.124230256e-05,138.3325325,5.228743107,0.0006696544892,0.01232157083,0.008581243479,0.01284415495,41,0.5787945338,0.005589187021,95,2.067394986,5.934535571,0.4837005056,0.6757850194,0.8043152839,0.925935815,1,7,10,15,0.06442632854,0.04059955642,0.0250293393,0.02182846007,0.0200302757,0.01635460815,0.01380050213,0.01358368057,0.01111740549,0.01035205766,0.009890092766,0.008990467767,0.008575037634,0.007471072635,0.007391741549,0.006494036967
2,6000,selected,17,mlp,down_proj,mlp,16,18944,3584,16,360448,3584,18944,67895296,16,32,2,0.05045929502,0.04590895807,6.123804754e-06,135.1869596,8.604619054,0.0003732556391,0.005335385306,0.002546140454,0.003810988767,69,0.7926044113,0.001658367486,179,1.208057162,2.148826818,0.8277753993,0.9152476253,0.9554675024,0.9828805295,1,2,4,11,0.04590895807,0.01492369168,0.007932290769,0.006283646977,0.004772630345,0.004578275449,0.003909610877,0.003282339628,0.002953237255,0.002904781185,0.002596183351,0.002304664708,0.002283600023,0.001960764935,0.00177440713,0.001472961697
2,6000,selected,18,attention,q_proj,self_attn,16,3584,3584,16,114688,3584,3584,12845056,16,32,2,0.04952258485,0.04451618346,1.38176855e-05,57.74961543,4.173073378,0.0008575396474,0.0106674816,0.00245248641,0.003670810126,75,0.8150020658,0.008443231768,4,1.237572819,2.403155104,0.8080332605,0.872780802,0.9373649309,0.9808384592,1,3,5,11,0.04451618346,0.01260128826,0.009719342475,0.007995378671,0.005997369413,0.005719414785,0.004720300884,0.003956873965,0.003619822994,0.003028626361,0.002650220533,0.002296481278,0.002127923635,0.001877792075,0.001622749229,0.001316339649
2,6000,selected,18,attention,k_proj,self_attn,16,3584,512,16,65536,512,3584,1835008,16,32,2,0.01713834837,0.009920641091,1.265173205e-05,23.11234533,2.763460169,0.0007415235504,0.003589934533,0.0002937229847,0.0004396359964,143,0.9830259057,0.007078448458,11,2.984409795,7.039906431,0.3350746274,0.6071175498,0.7896778847,0.9218187871,1,7,10,15,0.009920641091,0.008938974166,0.0057762543,0.004500783565,0.003879757623,0.003129584237,0.002756258775,0.002523695926,0.002318593789,0.001842728257,0.001807323444,0.001670633953,0.001546590547,0.001530358809,0.001388896917,0.001213129722
2,6000,selected,18,attention,v_proj,self_attn,16,3584,512,16,65536,512,3584,1835008,16,32,2,0.01524798303,0.01133364765,1.125624194e-05,24.89187137,1.540425882,0.0006125687701,0.007357476777,0.0002325009866,0.0003480006952,160,0.9892785789,0.005603055721,91,1.810028387,5.169214505,0.552477523,0.6885587886,0.8273891177,0.9412287047,1,6,9,14,0.01133364765,0.005624858086,0.004328730386,0.003679712182,0.003444005488,0.002513779598,0.002196858565,0.001860474953,0.001786822696,0.001624387901,0.001475060405,0.00120929592,0.001185889735,0.001117607936,0.0008819871325,0.0008726566688
2,6000,selected,18,attention,o_proj,self_attn,16,3584,3584,16,114688,3584,3584,12845056,16,32,2,0.04400201176,0.03815030928,1.227734703e-05,60.79351753,5.208813475,0.0007237944694,0.007324184185,0.001936177039,0.002898013319,92,0.8687473744,0.006665721538,21,1.330298004,2.888975748,0.7517112683,0.8356102029,0.9194204093,0.9745057384,1,4,6,12,0.03815030928,0.01274532034,0.01010076542,0.007761825526,0.006609936755,0.005316634237,0.004232021524,0.004097203891,0.003336562063,0.003159277218,0.002777810475,0.002422039155,0.002253562482,0.002001305703,0.001720237711,0.001619331359
2,6000,selected,18,mlp,gate_proj,mlp,16,3584,18944,16,360448,18944,3584,67895296,16,32,2,0.09474178948,0.07152311222,1.149798507e-05,133.1710932,10.96432362,0.0007114290888,0.00652325804,0.008976006675,0.01343502498,30,0.4346401472,0.005846306555,67,1.754649428,4.996818646,0.5699144138,0.7244032138,0.836227752,0.9302189653,1,7,10,15,0.07152311222,0.03723832032,0.02355593334,0.02118621734,0.01670098766,0.01482372712,0.01346310475,0.01279627659,0.01071256704,0.009966789808,0.009861046231,0.0093218001,0.008481909313,0.008018345924,0.007316079257,0.006193640175
2,6000,selected,18,mlp,up_proj,mlp,16,3584,18944,16,360448,18944,3584,67895296,16,32,2,0.09902890238,0.08389912176,1.201827459e-05,140.7080657,5.594933968,0.0007037898066,0.01499555173,0.009806723506,0.01467841771,7,0.1104010319,0.006387374029,28,1.393185999,3.176834828,0.7177792489,0.8413314921,0.9052055818,0.9598006728,1,4,8,13,0.08389912176,0.03480865822,0.01979938781,0.015309467,0.01306713905,0.01184795211,0.01124885154,0.009886263641,0.009315789126,0.008505970604,0.008157031861,0.007234645454,0.006579335677,0.005608048003,0.004914149092,0.004162239612
2,6000,selected,18,mlp,down_proj,mlp,16,18944,3584,16,360448,3584,18944,67895296,16,32,2,0.05272369656,0.04993015771,6.398615428e-06,137.802496,7.494154726,0.0003826033496,0.00666254695,0.002779788179,0.004160705866,62,0.7650040861,0.001810548325,172,1.11502814,1.680952075,0.8968383521,0.9421495533,0.973470768,0.9910004787,1,2,3,8,0.04993015771,0.01122299165,0.007810891181,0.005104539282,0.004437236589,0.003603911661,0.003040351477,0.002609194813,0.002355590628,0.002192881231,0.001984830003,0.001888213966,0.001566001756,0.001381807709,0.001194070082,0.001169088606
2,6000,selected,19,attention,q_proj,self_attn,16,3584,3584,16,114688,3584,3584,12845056,16,32,2,0.04529063458,0.04218027298,1.263689581e-05,57.3860476,4.54186206,0.0007892272856,0.009287000006,0.00205124158,0.003070238568,84,0.8449635887,0.007061856899,12,1.15291699,1.91383407,0.867365134,0.9147183569,0.957717568,0.989773829,1,2,4,9,0.04218027298,0.009855602451,0.007533587766,0.005607746894,0.005440374125,0.003950568821,0.003560874681,0.00280546649,0.002237599689,0.001894633606,0.001792585459,0.001776916864,0.001478174961,0.001302976384,0.001076500778,0.0009835952193
2,6000,selected,19,attention,k_proj,self_attn,16,3584,512,16,65536,512,3584,1835008,16,32,2,0.01516680654,0.009196674423,1.119631649e-05,21.27921258,2.441338036,0.0007127522452,0.003767063097,0.0002300320207,0.0003443052192,163,0.9903139064,0.00554355596,99,2.719735503,7.522200637,0.3676828129,0.5589531196,0.7530644033,0.9210329468,1,8,10,15,0.009196674423,0.006633121071,0.005214427526,0.004178702719,0.003656092289,0.003128911464,0.002950614831,0.002602867232,0.001961122488,0.001868831508,0.001596326777,0.001528360175,0.001423456633,0.001242472724,0.001107168227,0.001070740614
2,6000,selected,19,attention,v_proj,self_attn,16,3584,512,16,65536,512,3584,1835008,16,32,2,0.01534416732,0.01017983273,1.132724632e-05,25.05350919,1.621565345,0.0006124558122,0.006277781385,0.0002354434707,0.0003524049197,158,0.9885804442,0.00567396683,86,2.271984514,6.324069725,0.440143845,0.6203251004,0.8071239778,0.9308148844,1,7,10,14,0.01017983273,0.006513255723,0.005333156436,0.003941829329,0.00346871122,0.002979261657,0.002076801741,0.001975133753,0.001913671746,0.001688157943,0.001542297063,0.00144884732,0.001316939795,0.001136104819,0.001115984929,0.001014318102
2,6000,selected,19,attention,o_proj,self_attn,16,3584,3584,16,114688,3584,3584,12845056,16,32,2,0.04535214781,0.04214016542,1.26540591e-05,59.57677569,4.945062905,0.000761238709,0.008521664179,0.002056817311,0.003078584159,83,0.8418933501,0.007081052595,10,1.158252501,1.881406711,0.8633696013,0.9154120409,0.9705882298,0.9909714641,1,2,3,8,0.04214016542,0.01034610026,0.009644046027,0.004525452109,0.004191129354,0.003384045709,0.002786214663,0.002268097531,0.002039018382,0.001969054734,0.001775673577,0.001668003608,0.001327444577,0.00114580003,0.0009351444978,0.0008065740075
2,6000,selected,19,mlp,gate_proj,mlp,16,3584,18944,16,360448,18944,3584,67895296,16,32,2,0.09860340325,0.08230185142,1.196663547e-05,134.9815489,12.06864585,0.0007304954201,0.006819476887,0.009722631132,0.01455255069,11,0.1688708018,0.006332602479,33,1.435372427,3.503687735,0.6966833005,0.7978971776,0.8855926415,0.9592276685,1,5,8,13,0.08230185142,0.03136981339,0.02209954489,0.0190850927,0.01766564877,0.0136649035,0.01109143116,0.009700599263,0.009344511116,0.008981506644,0.007923872411,0.00724282711,0.006056450931,0.005786864348,0.004925194079,0.00433067638
2,6000,selected,19,mlp,up_proj,mlp,16,3584,18944,16,360448,18944,3584,67895296,16,32,2,0.1036223289,0.0910725558,1.257573873e-05,140.3816345,5.572423325,0.0007381473318,0.01634343812,0.01073758706,0.01607170712,3,0.05054219771,0.006993669665,13,1.294588214,2.671798334,0.7724463957,0.8700816022,0.9267737768,0.9724700379,1,3,6,12,0.0910725558,0.03237848868,0.01864442666,0.01615928573,0.01305124273,0.01199679861,0.009967171792,0.008778664725,0.008487445876,0.00754764532,0.006736096028,0.005974424458,0.005784833696,0.004858502452,0.003920727179,0.003618216583
2,6000,selected,19,mlp,down_proj,mlp,16,18944,3584,16,360448,3584,18944,67895296,16,32,2,0.05484770195,0.05193023521,6.656387447e-06,137.0376049,6.948771125,0.0004002383288,0.007473297692,0.003008270409,0.004502691405,60,0.7563543539,0.001959364743,171,1.115517255,1.679693844,0.8964451204,0.9420334307,0.9750242107,0.9919875586,1,2,3,8,0.05193023521,0.01171076277,0.007795534513,0.006202808147,0.004624454916,0.00356570152,0.002987326084,0.002829560023,0.002589587655,0.002193167645,0.001888089171,0.001693149532,0.001503614255,0.001252392757,0.00111195607,0.001044134096
2,6000,selected,20,attention,q_proj,self_attn,16,3584,3584,16,114688,3584,3584,12845056,16,32,2,0.04590824704,0.0421471036,1.280922071e-05,58.68717669,4.080684903,0.0007822534603,0.01032843863,0.002107567146,0.003154545032,82,0.8388147659,0.007255770229,9,1.186440465,1.96415905,0.842857294,0.9333621404,0.9688938106,0.9906072613,1,2,3,8,0.0421471036,0.01381104778,0.007244908099,0.00473251386,0.004214375031,0.003695253699,0.002923877165,0.002407829054,0.002234883996,0.002033811866,0.001813114894,0.00151550333,0.001314898317,0.001256656788,0.0009900900706,0.0008900405321
2,6000,selected,20,attention,k_proj,self_attn,16,3584,512,16,65536,512,3584,1835008,16,32,2,0.01431508215,0.008921618561,1.056756344e-05,22.31836675,2.351049866,0.0006414036616,0.003794738126,0.000204921577,0.0003067206394,180,0.9957702117,0.004938417817,134,2.574544405,7.117555204,0.3884182374,0.5872571373,0.7738083358,0.9200739427,1,8,10,15,0.008921618561,0.006383289194,0.004785086108,0.003915522536,0.003422175391,0.002910571504,0.002339589422,0.002077640317,0.001915703191,0.001622132167,0.001535974738,0.001511547651,0.001327956101,0.00122491241,0.001085959815,0.0009950683282
2,6000,selected,20,attention,v_proj,self_attn,16,3584,512,16,65536,512,3584,1835008,16,32,2,0.01475120984,0.009754412208,1.088951807e-05,25.88930388,1.708510738,0.0005697800878,0.005709306938,0.0002175981918,0.0003256946266,168,0.9919648659,0.005243912343,116,2.286931063,5.866548482,0.4372672252,0.6793411611,0.8347232774,0.9369661299,1,6,9,14,0.009754412208,0.00725774419,0.004429576579,0.003766924326,0.002869222641,0.002521036752,0.002090519673,0.001813704064,0.001697922403,0.001505194568,0.001469567097,0.001344033052,0.001295448508,0.001113891656,0.0009786050555,0.0008513773406
2,6000,selected,20,attention,o_proj,self_attn,16,3584,3584,16,114688,3584,3584,12845056,16,32,2,0.04479696343,0.0418157401,1.249915274e-05,60.8648568,4.865688361,0.0007360070455,0.008594002943,0.002006767933,0.003003671709,86,0.8509969976,0.006908746442,15,1.147671447,1.797964751,0.8713295101,0.9417264023,0.9721098352,0.9932189333,1,2,3,7,0.0418157401,0.0118857152,0.006100792224,0.004873687842,0.004657381021,0.003335037611,0.002394969732,0.001952308181,0.001768970902,0.001612085265,0.001487903621,0.00141583951,0.001221902759,0.0009747331914,0.0008533680894,0.0007000737805
2,6000,selected,20,mlp,gate_proj,mlp,16,3584,18944,16,360448,18944,3584,67895296,16,32,2,0.1002430868,0.08707843788,1.216562957e-05,134.449246,11.12103049,0.000745583109,0.007830069162,0.01004867646,0.01504056582,5,0.0808703396,0.006544964277,23,1.325218848,2.906564247,0.7545923463,0.8433596618,0.9179104405,0.9634702002,1,4,7,13,0.08707843788,0.02986626915,0.02213374861,0.01610073994,0.01221090692,0.01028706105,0.0101753961,0.009967282775,0.009223527974,0.007453621128,0.0068712344,0.006552229611,0.00630889235,0.005941758358,0.005651612163,0.005408631346
2,6000,selected,20,mlp,up_proj,mlp,16,3584,18944,16,360448,18944,3584,67895296,16,32,2,0.09854302031,0.08959601841,1.195930732e-05,141.1015197,5.906938779,0.000698383834,0.01516792738,0.009710726853,0.01453473272,12,0.1834055345,0.006324848913,35,1.209690633,2.237457605,0.8266576372,0.8907039792,0.9484113617,0.980637759,1,3,5,11,0.08959601841,0.02493865539,0.01796504642,0.01541550311,0.01112767316,0.008731017919,0.007638921416,0.007384635249,0.006660174923,0.005800391849,0.005626745394,0.004689891354,0.004276566888,0.003895960325,0.003433354153,0.003332890822
2,6000,selected,20,mlp,down_proj,mlp,16,18944,3584,16,360448,3584,18944,67895296,16,32,2,0.05265221273,0.0493769166,6.38994006e-06,137.8876865,6.544811273,0.0003818485468,0.007544437042,0.002772255506,0.004149431181,63,0.7691535173,0.001805642099,173,1.137065079,1.769942205,0.8794571379,0.9311384154,0.977308881,0.9928494494,1,2,3,7,0.0493769166,0.01196969951,0.009418119862,0.006268599975,0.004034385394,0.003517960468,0.002936341977,0.002409981465,0.002229739902,0.001915852389,0.001802427648,0.001585139799,0.001360520927,0.001255310171,0.001056682423,0.0009360079137
2,6000,selected,21,attention,q_proj,self_attn,16,3584,3584,16,114688,3584,3584,12845056,16,32,2,0.04291752575,0.03766863028,1.197475607e-05,57.10317363,3.677788686,0.000751578643,0.01024219538,0.001841914017,0.002756923176,98,0.885538155,0.006341200047,32,1.298104621,2.41256832,0.770353933,0.9038807164,0.9634714631,0.9862511432,1,2,4,10,0.03766863028,0.01568262905,0.008201988684,0.006518313677,0.00365192808,0.003253134625,0.003136936481,0.002863280995,0.00233669697,0.002257175168,0.002017979036,0.001859177282,0.001740458315,0.001353953773,0.001296563701,0.0008348512642
2,6000,selected,21,attention,k_proj,self_attn,16,3584,512,16,65536,512,3584,1835008,16,32,2,0.01439834577,0.008721128968,1.062902963e-05,19.94945955,2.246958484,0.0007217411445,0.003881304007,0.0002073123608,0.0003102990948,179,0.995463491,0.004996033463,132,2.725710828,7.10644097,0.3668767756,0.5781108497,0.7977913366,0.9158342358,1,8,11,15,0.008721128968,0.006617509696,0.005380335862,0.004073630612,0.002898754157,0.002559407034,0.002284281273,0.002073757736,0.001884703119,0.001814355167,0.001728483473,0.001438463445,0.001363926014,0.001258489022,0.001119706678,0.0009219266352
2,6000,selected,21,attention,v_proj,self_attn,16,3584,512,16,65536,512,3584,1835008,16,32,2,0.01491383554,0.009541555422,1.100957029e-05,27.74698953,1.674629095,0.0005374938253,0.005697712675,0.0002224224906,0.0003329154964,165,0.9909798237,0.005360173419,108,2.443094944,5.68298175,0.40931688,0.6732239205,0.8678567298,0.9450999894,1,6,9,14,0.009541555422,0.007661518206,0.005194603266,0.004038169276,0.002395614441,0.002087211355,0.002026660216,0.001725649666,0.001486613069,0.001464861778,0.001390511266,0.001291390481,0.001222239227,0.001041212458,0.001013445137,0.0008055336887
2,6000,selected,21,attention,o_proj,self_attn,16,3584,3584,16,114688,3584,3584,12845056,16,32,2,0.04245842728,0.03849664195,1.18466594e-05,63.20318339,5.267427952,0.0006717767208,0.007308432558,0.001802718047,0.002698255792,101,0.8937211775,0.006206259175,45,1.216415964,2.070895407,0.8220872051,0.9276334712,0.9691000573,0.9891762974,1,2,3,9,0.03849664195,0.01379384495,0.007595260902,0.004130929066,0.003838830849,0.003093014161,0.002553756835,0.00231662849,0.002025064356,0.001848008529,0.001770867955,0.001593764034,0.001498166632,0.001242264173,0.001192048935,0.001054182864
2,6000,selected,21,mlp,gate_proj,mlp,16,3584,18944,16,360448,18944,3584,67895296,16,32,2,0.09417541146,0.06728080429,1.142924871e-05,136.5876623,11.69046652,0.0006894869557,0.005755185577,0.008869008123,0.01327487267,33,0.4746720136,0.005776615616,75,1.959262849,4.406122591,0.5103960402,0.7924177952,0.8885940179,0.9583169792,1,5,8,13,0.06728080429,0.05001253079,0.02237190287,0.01877460151,0.0149555478,0.01391900519,0.01068225292,0.00931964951,0.009059879645,0.008233454289,0.007604818666,0.006933992177,0.006600105553,0.005392536393,0.004965262957,0.004075250789
2,6000,selected,21,mlp,up_proj,mlp,16,3584,18944,16,360448,18944,3584,67895296,16,32,2,0.09789665422,0.08597366539,1.18808635e-05,141.0800399,5.64851978,0.0006939086088,0.01522056552,0.009583754907,0.01434468481,17,0.2554682356,0.006242148783,43,1.296596405,2.535596913,0.7712500175,0.8902944869,0.9469940518,0.9789751385,1,3,5,11,0.08597366539,0.0337771079,0.01744113583,0.01546614088,0.0109488708,0.008414277238,0.008040139269,0.007153825839,0.006810630416,0.005900567438,0.0057755323,0.005184186385,0.004624346403,0.004480072559,0.003075553058,0.003024651849
2,6000,selected,21,mlp,down_proj,mlp,16,18944,3584,16,360448,3584,18944,67895296,16,32,2,0.05135663133,0.0481332874,6.232706639e-06,137.8420263,5.303142367,0.0003725760039,0.009076370964,0.002637503581,0.003947738431,66,0.7810474303,0.001717874667,176,1.138418671,1.758297593,0.8784114541,0.9410788756,0.9783466085,0.9929850487,1,2,3,7,0.0481332874,0.01285634274,0.00774308344,0.006191804093,0.004092395683,0.003054401061,0.002685978858,0.002305946173,0.002127438881,0.001834378607,0.001610039619,0.001539375025,0.001371834299,0.001192296265,0.001161103982,0.0009987256191
2,6000,selected,22,attention,q_proj,self_attn,16,3584,3584,16,114688,3584,3584,12845056,16,32,2,0.04114021498,0.03678013387,1.147885463e-05,58.11785857,4.07368327,0.0007078756168,0.009028717119,0.001692517289,0.002533310511,108,0.9120553135,0.005826868471,69,1.251141709,2.377844117,0.7992699732,0.8921859519,0.9481715512,0.9826246044,1,3,5,11,0.03678013387,0.0125404107,0.007318895666,0.00641797172,0.004665056641,0.003831612205,0.003596366045,0.002989069047,0.002510538198,0.002339865743,0.002123943758,0.002077802328,0.001867091103,0.001589827882,0.001287364629,0.001063529309
2,6000,selected,22,attention,k_proj,self_attn,16,3584,512,16,65536,512,3584,1835008,16,32,2,0.0149044022,0.0117105324,1.100260649e-05,19.45190466,1.92449378,0.0007662181395,0.006084993634,0.000222141205,0.0003324944764,166,0.9913123182,0.005353394701,110,1.619853891,4.087263351,0.6173396291,0.7792273042,0.8846321612,0.9556879779,1,5,8,13,0.0117105324,0.005996826095,0.003877198604,0.002895184442,0.002368658194,0.002057295699,0.00175890033,0.001687509148,0.001547195941,0.001359278166,0.001180745564,0.001049746505,0.0009972086702,0.0008752172673,0.0008436839097,0.0007960608194
2,6000,selected,22,attention,v_proj,self_attn,16,3584,512,16,65536,512,3584,1835008,16,32,2,0.01517000535,0.01135149046,1.119867789e-05,27.14584264,2.028233976,0.0005588334668,0.005596736173,0.0002301290623,0.0003444504682,162,0.9899696012,0.005545894571,98,1.785935174,4.444138911,0.5599307379,0.7449588114,0.8905454721,0.959295941,1,5,8,13,0.01135149046,0.006525361066,0.004845243066,0.003166597757,0.00251189768,0.002018240943,0.001735462007,0.001557795272,0.001428101031,0.001309272705,0.001223978192,0.001075714625,0.000998602596,0.000981770132,0.0008336752364,0.0005496732168
2,6000,selected,22,attention,o_proj,self_attn,16,3584,3584,16,114688,3584,3584,12845056,16,32,2,0.04038369296,0.03672923692,1.126777147e-05,63.4846213,4.348540535,0.0006361177263,0.008446336563,0.001630842657,0.002440997721,115,0.9294869837,0.005614539788,90,1.208894081,2.132341653,0.8272023293,0.9028697093,0.9620577151,0.9902433157,1,2,4,8,0.03672923692,0.01110862688,0.008069728891,0.005604087813,0.004449000331,0.003639853237,0.002603831012,0.00247875136,0.002022801293,0.001891009668,0.001511923585,0.001352225151,0.001199610198,0.001056653654,0.000896980612,0.0008771503391
2,6000,selected,22,mlp,gate_proj,mlp,16,3584,18944,16,360448,18944,3584,67895296,16,32,2,0.09504913499,0.08185899859,1.153528491e-05,136.7619802,12.45184745,0.0006949967735,0.006574044447,0.009034338062,0.0135223337,27,0.3941986844,0.005884299304,63,1.348228436,2.972091254,0.7417140697,0.8288634113,0.922884596,0.9702035209,1,4,6,13,0.08185899859,0.02805951913,0.02375969649,0.01687886223,0.01238822788,0.01082442999,0.009661358209,0.007969745772,0.0072247412,0.006889932656,0.006211070035,0.00573689401,0.005539582069,0.005008036187,0.004942414928,0.004223647996
2,6000,selected,22,mlp,up_proj,mlp,16,3584,18944,16,360448,18944,3584,67895296,16,32,2,0.09549768252,0.08730166505,1.158972122e-05,141.8216006,6.529979308,0.0006733648621,0.0133693632,0.009119807367,0.01365026166,25,0.3670488832,0.005939967685,57,1.196576891,2.137212279,0.8357172925,0.9034554602,0.9532768763,0.9850158163,1,2,4,10,0.08730166505,0.02485475891,0.01679369535,0.01312758598,0.009825236925,0.008499389927,0.008279754819,0.007219679352,0.005962038972,0.004954580626,0.004563667804,0.004062473384,0.003673594281,0.003552746343,0.003014455976,0.002006013558
2,6000,selected,22,mlp,down_proj,mlp,16,18944,3584,16,360448,3584,18944,67895296,16,32,2,0.0514762847,0.04896132357,6.247227926e-06,138.8972237,5.119180586,0.0003706070094,0.009564289195,0.002649807887,0.003966155157,65,0.7770996918,0.001725888781,175,1.105371058,1.61313492,0.9046735869,0.947198181,0.9778949686,0.9939936263,1,1,3,7,0.04896132357,0.01061517804,0.007797182716,0.004532607571,0.004349608552,0.003445321599,0.002576868941,0.002286648468,0.002115487295,0.001731871949,0.001527034831,0.001397763043,0.001260253743,0.00104834227,0.0009324576208,0.000773792181
2,6000,selected,23,attention,q_proj,self_attn,16,3584,3584,16,114688,3584,3584,12845056,16,32,2,0.03805907224,0.03305910287,1.061916078e-05,59.48043008,4.087794552,0.0006398587264,0.008087271131,0.00144849298,0.002168062043,129,0.9615261976,0.00498676033,133,1.325361244,2.839784681,0.7545112735,0.8406652018,0.9229975567,0.9752490826,1,4,6,12,0.03305910287,0.01117109486,0.009116635957,0.006012053466,0.005386704961,0.004561176605,0.003852870148,0.003319704456,0.002935711266,0.002412409192,0.00233749801,0.002166394088,0.001879093214,0.001779634283,0.001688166789,0.001307002084
2,6000,selected,23,attention,k_proj,self_attn,16,3584,512,16,65536,512,3584,1835008,16,32,2,0.01077673448,0.006552516961,7.955513222e-06,20.53705367,2.174488207,0.0005247458889,0.003013360542,0.0001161380061,0.0001738319801,196,1,0.002798817025,167,2.704942628,7.37720434,0.3696936081,0.592699064,0.7458190907,0.9157567452,1,8,10,15,0.006552516961,0.005089146195,0.003126683853,0.002829647094,0.002598441367,0.002454029642,0.0020829472,0.001619688949,0.00150219825,0.001319074591,0.001208211476,0.0010777741,0.0009870899358,0.0009386284373,0.0008883593309,0.0007220540925
2,6000,selected,23,attention,v_proj,self_attn,16,3584,512,16,65536,512,3584,1835008,16,32,2,0.01458331339,0.01067436356,1.076557492e-05,27.55447356,1.867441918,0.0005292539289,0.005716035106,0.0002126730294,0.0003183227872,174,0.9938996313,0.005125220549,126,1.8665019,4.515792579,0.5357615762,0.7493213828,0.8976047689,0.9595656617,1,5,8,13,0.01067436356,0.00673931829,0.004543457017,0.003300435615,0.002319396532,0.00173529401,0.001600363787,0.001491777786,0.001295074617,0.001236703647,0.001136210735,0.001102364614,0.0009761038055,0.0009617648774,0.0007409600147,0.000677985541
2,6000,selected,23,attention,o_proj,self_attn,16,3584,3584,16,114688,3584,3584,12845056,16,32,2,0.03895484604,0.03657526466,1.086909767e-05,64.92898925,5.386493537,0.0005999607647,0.006790180738,0.00151748003,0.002271319848,124,0.9504450212,0.005224263646,120,1.134352493,1.746677179,0.8815601909,0.9480127137,0.9720358616,0.9902470372,1,2,3,8,0.03657526466,0.01004193091,0.004834070247,0.003617514619,0.003239400692,0.002826811211,0.002337656717,0.001919864039,0.001815175739,0.001729380714,0.001492211348,0.001380636118,0.001293431719,0.001123155489,0.0009039925239,0.0007936047141
2,6000,selected,23,mlp,gate_proj,mlp,16,3584,18944,16,360448,18944,3584,67895296,16,32,2,0.1076635742,0.09654118314,1.306618943e-05,137.9935184,14.32737491,0.0007802074722,0.006738232492,0.0115914452,0.01734973709,1,0.01734973709,0.00754980968,7,1.243690602,2.453906909,0.8040584998,0.8771407167,0.9303864055,0.9740954083,1,3,6,12,0.09654118314,0.0291054722,0.02014009332,0.01454548468,0.01324192219,0.01258545878,0.009522856981,0.009067713602,0.008316314561,0.007600437837,0.006781713716,0.006081796313,0.005519628499,0.004882971279,0.004715422158,0.003717406564
2,6000,selected,23,mlp,up_proj,mlp,16,3584,18944,16,360448,18944,3584,67895296,16,32,2,0.106950737,0.09783844068,1.297967859e-05,141.4665659,6.612890248,0.0007560142305,0.01479511031,0.01143846014,0.0171207535,2,0.03447049059,0.007450166528,8,1.194946656,2.121954395,0.8368574405,0.8963028714,0.9567267359,0.9862283684,1,3,4,10,0.09783844068,0.02607612303,0.02211123225,0.01422144064,0.01041602509,0.009969910367,0.008345743086,0.00774009869,0.006063479694,0.005770618721,0.005071758431,0.00462462014,0.004124758058,0.00323373836,0.002648013468,0.002422378884
2,6000,selected,23,mlp,down_proj,mlp,16,18944,3584,16,360448,3584,18944,67895296,16,32,2,0.05642180545,0.05309834516,6.847422666e-06,138.762284,5.286413045,0.0004066076446,0.01004430504,0.00318342013,0.004764850398,58,0.7472364186,0.002073444311,169,1.129098903,1.708611815,0.8856620063,0.9451753788,0.9805684071,0.9934679584,1,2,3,7,0.05309834516,0.01376430413,0.008506836575,0.006348591216,0.003934050897,0.00323862552,0.00296623458,0.002510117916,0.002219023597,0.002111068257,0.0018408945,0.001504472077,0.001356488668,0.001204237797,0.001159955589,0.001060887245
2,6000,selected,24,attention,q_proj,self_attn,16,3584,3584,16,114688,3584,3584,12845056,16,32,2,0.04238844281,0.03793288489,1.182713248e-05,56.75886606,3.822658251,0.0007468162378,0.009923169273,0.001796780084,0.002689368022,103,0.8991020297,0.006185816412,47,1.248714569,2.332902607,0.8008235227,0.8992433416,0.9511840214,0.9831629057,1,3,4,10,0.03793288489,0.01329807394,0.007967335283,0.005463290909,0.004622274008,0.003692186483,0.003448299039,0.003251245624,0.00263760328,0.002351623613,0.002254327282,0.001983654023,0.001747448401,0.001632211491,0.001343292774,0.00110746129
2,6000,selected,24,attention,k_proj,self_attn,16,3584,512,16,65536,512,3584,1835008,16,32,2,0.01529464694,0.01020914341,1.129068979e-05,19.46239995,1.825873274,0.0007858561627,0.005591375674,0.000233926225,0.0003501339506,159,0.9889305782,0.005637402631,88,2.244400226,6.057427848,0.4455533325,0.6568056018,0.8261468812,0.933317366,1,7,10,14,0.01020914341,0.007029754326,0.00482339011,0.004043299901,0.003021383386,0.002666661914,0.002217645867,0.001977925784,0.001779920396,0.001729985231,0.001454525435,0.00135830005,0.001327493198,0.001184882694,0.001101827982,0.001047386259
2,6000,selected,24,attention,v_proj,self_attn,16,3584,512,16,65536,512,3584,1835008,16,32,2,0.01552022698,0.01116721497,1.145721565e-05,31.05244558,2.314050722,0.0004998069136,0.004825829817,0.0002408774456,0.0003605383348,154,0.9871571496,0.005804920528,73,1.931551908,4.460470903,0.5177184189,0.7817114376,0.8871503887,0.9594794014,1,5,8,13,0.01116721497,0.007974331571,0.004103310369,0.00292586897,0.002322616662,0.002164833479,0.0021183234,0.001689402744,0.00155650593,0.00130319489,0.00120221602,0.001041426412,0.001021113602,0.000949914398,0.0008228504372,0.0006982013592
2,6000,selected,24,attention,o_proj,self_attn,16,3584,3584,16,114688,3584,3584,12845056,16,32,2,0.04286917282,0.0352499126,1.196126474e-05,65.25187348,6.236852365,0.0006569799537,0.005651875423,0.001837765978,0.002750714514,99,0.8882888695,0.0063269195,34,1.479020244,2.975405405,0.6761232675,0.8818683767,0.9376912335,0.9820887437,1,3,5,11,0.0352499126,0.01944508581,0.007990159217,0.006224684955,0.005789608811,0.004908812681,0.003836833305,0.003042191938,0.002759894608,0.002563724197,0.002189173833,0.002137699818,0.001743003514,0.001547312696,0.001428088396,0.00137589263
2,6000,selected,24,mlp,gate_proj,mlp,16,3584,18944,16,360448,18944,3584,67895296,16,32,2,0.1010628776,0.08908038093,1.226512043e-05,135.5493945,12.74504214,0.0007455797048,0.006989414392,0.01021370522,0.01528757607,4,0.06582977378,0.006652451805,22,1.287120444,2.623047029,0.776928068,0.8792375452,0.9274681087,0.969400955,1,3,6,13,0.08908038093,0.03232582314,0.01722029061,0.01400265509,0.01341906113,0.009915596841,0.009288076358,0.007976910828,0.007567671903,0.007455084657,0.007048737023,0.006529390034,0.005787012938,0.005321879871,0.00503885238,0.004490222218
2,6000,selected,24,mlp,up_proj,mlp,16,3584,18944,16,360448,18944,3584,67895296,16,32,2,0.09961364435,0.09221950433,1.208923963e-05,142.8441369,6.67613588,0.0006973589993,0.01381330548,0.009922878141,0.01485227458,6,0.09572261418,0.006463028563,24,1.166788368,1.965567232,0.8570534534,0.9168602713,0.9631879808,0.9866386447,1,2,4,9,0.09221950433,0.02436094755,0.01755041585,0.0123161325,0.009214122984,0.008168603289,0.006518555264,0.006211310275,0.00578021136,0.004668211395,0.00424013593,0.004014536973,0.003773519951,0.003474821576,0.003028929066,0.002792230358
2,6000,selected,24,mlp,down_proj,mlp,16,18944,3584,16,360448,3584,18944,67895296,16,32,2,0.05552897734,0.05417527542,6.739067902e-06,140.9684439,5.421981501,0.0003939106925,0.009991785367,0.003083467325,0.004615243955,59,0.7518516625,0.00200834245,170,1.05059927,1.31884716,0.9518377067,0.9724016493,0.9893183651,0.9962643102,1,1,1,5,0.05417527542,0.007962929419,0.006376520363,0.00339147883,0.002902712826,0.002248882574,0.002150001549,0.001819855355,0.001671116072,0.001466778602,0.001311767964,0.001198417955,0.00107109144,0.0009298924137,0.0008532542129,0.0008233399185
2,6000,selected,25,attention,q_proj,self_attn,16,3584,3584,16,114688,3584,3584,12845056,16,32,2,0.04817664468,0.04553637357,1.344214416e-05,55.28542481,3.810693367,0.0008714167405,0.01194962942,0.002320989093,0.003473988777,79,0.8292816235,0.007990522908,5,1.119325034,1.709374559,0.893395546,0.94186835,0.971651379,0.9900012741,1,2,3,8,0.04553637357,0.01060683032,0.006377627975,0.005334036656,0.003843182127,0.003293238056,0.003057630135,0.002761401527,0.00236388712,0.002090927481,0.001881065625,0.001764635919,0.001438911425,0.001369149028,0.001248872607,0.0010439962
2,6000,selected,25,attention,k_proj,self_attn,16,3584,512,16,65536,512,3584,1835008,16,32,2,0.01783670324,0.0113564408,1.31672659e-05,17.70021914,1.800611231,0.001007710871,0.006306992097,0.0003181479826,0.0004761946208,142,0.9825862697,0.007667068001,6,2.466861067,5.639274634,0.4053734575,0.6961111983,0.8456267752,0.9457220096,1,6,9,14,0.0113564408,0.009617568595,0.005715145836,0.003860723669,0.003494064244,0.003170831486,0.002253360109,0.002122453267,0.002033180693,0.001664328768,0.00153900924,0.001415136534,0.001328073152,0.00127453395,0.001178461996,0.001102937236
2,6000,selected,25,attention,v_proj,self_attn,16,3584,512,16,65536,512,3584,1835008,16,32,2,0.01597353726,0.01205904737,1.179185467e-05,33.9312262,3.092621101,0.0004707621576,0.003899296737,0.0002551538925,0.000381906904,147,0.984608809,0.006148969508,48,1.754592206,4.475187437,0.5699330002,0.7301832455,0.8863770427,0.9595599474,1,5,8,13,0.01205904737,0.006394409577,0.005262058673,0.003487720441,0.002647636392,0.002188013613,0.002064724242,0.001616302811,0.001501899147,0.00137951459,0.001209647133,0.0011789122,0.001104257392,0.0009464028305,0.0008182700983,0.0007224724538
2,6000,selected,25,attention,o_proj,self_attn,16,3584,3584,16,114688,3584,3584,12845056,16,32,2,0.0409456185,0.03851908441,1.142455873e-05,68.82572839,5.375983771,0.0005949173289,0.007165029891,0.001676543674,0.002509401671,111,0.9196120217,0.005771875738,77,1.129959715,1.743661647,0.8849873026,0.9326955734,0.9770192502,0.9935504871,1,2,3,7,0.03851908441,0.008943433327,0.006686566988,0.005440625127,0.003132373712,0.002827914097,0.00242749416,0.002003434459,0.001620391431,0.00152515948,0.001344520143,0.001115739605,0.001003751386,0.0009372607424,0.0007326999336,0.0006210291281
2,6000,selected,25,mlp,gate_proj,mlp,16,3584,18944,16,360448,18944,3584,67895296,16,32,2,0.09874969595,0.09058870099,1.198438974e-05,134.1370003,12.38991534,0.0007361853608,0.007311486682,0.009751502451,0.01459576444,10,0.1543182511,0.00635140712,31,1.188292812,2.163762858,0.8415434225,0.9002932738,0.9426654393,0.9756944,1,2,5,12,0.09058870099,0.0239353153,0.01487829825,0.01385021722,0.01005763911,0.009213127441,0.008587646301,0.007892813227,0.006873086806,0.006732392091,0.005838911017,0.005422063277,0.005059466731,0.00502323789,0.004205805908,0.003527054613
2,6000,selected,25,mlp,up_proj,mlp,16,3584,18944,16,360448,18944,3584,67895296,16,32,2,0.09898086881,0.09046442337,1.201244517e-05,144.3501976,7.779125963,0.0006856995729,0.01162912438,0.009797212391,0.01466418175,8,0.1250652136,0.006381179192,29,1.197145354,2.101414808,0.8353204534,0.9110903612,0.9610263926,0.9858119183,1,2,4,10,0.09046442337,0.02724580481,0.01627075025,0.01498321033,0.009416106442,0.007797114032,0.007236351336,0.006403610793,0.006263786172,0.004986450132,0.004422018245,0.004064196839,0.003731408585,0.003117407576,0.002971720144,0.002521754492
2,6000,selected,25,mlp,down_proj,mlp,16,18944,3584,16,360448,3584,18944,67895296,16,32,2,0.04994604525,0.04772178576,6.061516103e-06,143.7408991,6.699544854,0.0003474727483,0.007123138482,0.002494607436,0.003733855648,72,0.8039344331,0.001624802692,182,1.09539017,1.54624646,0.9129167192,0.9584099175,0.9840474591,0.9945215953,1,1,2,6,0.04772178576,0.01065305922,0.005996675979,0.005291075408,0.00333879865,0.002377131258,0.002325854331,0.001980133914,0.001868826465,0.001597439302,0.001428588838,0.001335222253,0.001127190426,0.001085853591,0.0008897223656,0.0007464701438
2,6000,selected,26,attention,q_proj,self_attn,16,3584,3584,16,114688,3584,3584,12845056,16,32,2,0.0421469852,0.03485790308,1.175976149e-05,51.73384417,3.952973902,0.0008146888342,0.008818146525,0.001776368361,0.002658816351,104,0.9017608461,0.0061155445,51,1.461943246,3.060066578,0.6840210812,0.8616090993,0.9360407455,0.9795620488,1,3,5,11,0.03485790308,0.01776124254,0.009235384438,0.006850233247,0.005995191202,0.004214842143,0.003670159076,0.003183172451,0.00313240302,0.002717934497,0.002310217852,0.002161485164,0.001765399263,0.001621169292,0.001333915786,0.001254166182
2,6000,selected,26,attention,k_proj,self_attn,16,3584,512,16,65536,512,3584,1835008,16,32,2,0.01196043054,0.007418813071,8.829331691e-06,16.94211667,1.92705708,0.0007059584566,0.003849814906,0.0001430518987,0.0002141159095,195,0.999826168,0.003447416594,166,2.599110654,7.177470362,0.3847469897,0.5795832725,0.7832053639,0.9168547253,1,8,11,15,0.007418813071,0.00527936551,0.004056350562,0.003560132989,0.002733332068,0.002107050884,0.001965527652,0.001828859846,0.001628651274,0.001367338105,0.001268053712,0.001264120331,0.001153863518,0.001057050418,0.0009954435129,0.0008522594218
2,6000,selected,26,attention,v_proj,self_attn,16,3584,512,16,65536,512,3584,1835008,16,32,2,0.01443197933,0.01109588502,1.065385833e-05,40.57344237,3.178246661,0.000355700145,0.003491196941,0.0002082820274,0.0003117504636,178,0.9951531919,0.00501940152,131,1.69171773,4.711834646,0.5911151618,0.7321254032,0.8380240968,0.9426080584,1,6,9,14,0.01109588502,0.005419400241,0.003617530041,0.002995041069,0.002738428361,0.002533202781,0.002085023029,0.001876041658,0.001679050533,0.001544369005,0.001271050481,0.001173283905,0.001091884672,0.001065944548,0.0008974987661,0.0007894968265
2,6000,selected,26,attention,o_proj,self_attn,16,3584,3584,16,114688,3584,3584,12845056,16,32,2,0.03863636795,0.03555301544,1.078023659e-05,71.58582662,6.28160328,0.0005397209165,0.005659863231,0.001492768929,0.002234332992,125,0.9526793542,0.005139190166,123,1.18097228,1.966588196,0.8467599254,0.9249469628,0.967271551,0.9914534947,1,2,3,8,0.03555301544,0.01080348,0.006911750022,0.003925371545,0.00372610343,0.002914809401,0.002786982549,0.002439430638,0.002046786259,0.001462033604,0.001419241992,0.001230902573,0.001006832993,0.0009270124081,0.0007770941171,0.0006517456693
2,6000,selected,26,mlp,gate_proj,mlp,16,3584,18944,16,360448,18944,3584,67895296,16,32,2,0.09388481583,0.08625978386,1.139398165e-05,134.1689764,10.39277786,0.0006997505561,0.008299973793,0.008814358643,0.01319307492,35,0.5010742591,0.005741020989,80,1.184606158,2.173569858,0.8441624188,0.888643897,0.9386036588,0.9766276786,1,3,5,12,0.08625978386,0.01980090155,0.01561542737,0.01401861926,0.01017666683,0.009511626842,0.008696921449,0.008092299521,0.006788499088,0.006001511765,0.005530604384,0.005242646126,0.004612269644,0.004117990861,0.003815454601,0.003612293296
2,6000,selected,26,mlp,up_proj,mlp,16,3584,18944,16,360448,18944,3584,67895296,16,32,2,0.0989575496,0.09262761052,1.200961512e-05,145.8211616,10.30962363,0.0006786226947,0.008984577307,0.009792596623,0.014657273,9,0.1397224866,0.006378172823,30,1.141345008,1.861262198,0.8761592621,0.9183369321,0.9618706589,0.9881712686,1,2,4,9,0.09262761052,0.02032311268,0.01545053953,0.01369631536,0.01022389978,0.008019370449,0.006845613796,0.006469188842,0.005449648097,0.004972627418,0.00416418856,0.003575221882,0.003382953771,0.002764222344,0.002587414114,0.002346404941
2,6000,selected,26,mlp,down_proj,mlp,16,18944,3584,16,360448,3584,18944,67895296,16,32,2,0.04602913203,0.04409063202,5.586154492e-06,143.6608163,5.923698747,0.0003204014374,0.007443091539,0.002118680996,0.003171179918,81,0.8356602209,0.001379952026,189,1.089865543,1.479719197,0.9175443762,0.9723781685,0.9875922618,0.9965717102,1,1,2,5,0.04409063202,0.01077846528,0.004596885732,0.003332034193,0.002625526051,0.002366857131,0.001951240473,0.001649802297,0.001450491623,0.00123223941,0.000974182997,0.0008899752177,0.0007770265587,0.0007327833953,0.000682914511,0.0005412116461
2,6000,selected,27,attention,q_proj,self_attn,16,3584,3584,16,114688,3584,3584,12845056,16,32,2,0.05476441077,0.04382693013,1.528024854e-05,56.62146747,7.863893293,0.0009672022505,0.005573184745,0.002999140687,0.004489026303,61,0.7608433802,0.01032521111,3,1.561402016,2.273496541,0.6404500507,0.9655307731,0.9886839218,0.9983468975,1,2,2,5,0.04382693013,0.03122439465,0.007064300178,0.004419865749,0.003867771097,0.002776999405,0.001893724291,0.001650167525,0.001247367118,0.001092694948,0.0009155942712,0.0006932830706,0.0005702778343,0.0004836225957,0.0004264212286,0.0003848156953
2,6000,selected,27,attention,k_proj,self_attn,16,3584,512,16,65536,512,3584,1835008,16,32,2,0.01238773972,0.008364553654,9.144776394e-06,18.0091123,2.115520377,0.0006878595406,0.003953898882,0.0001534560953,0.0002296886075,192,0.9991694662,0.003698147974,159,2.193302839,5.708120661,0.4559333907,0.6548641997,0.8441960986,0.9501182067,1,6,8,14,0.008364553654,0.005525137572,0.004342887927,0.003192719587,0.002574701913,0.001998183138,0.001849628796,0.001487091333,0.00126966042,0.001199480788,0.001150168514,0.0009620295451,0.0008845093869,0.0008343613396,0.000716848611,0.0006025756388
2,6000,selected,27,attention,v_proj,self_attn,16,3584,512,16,65536,512,3584,1835008,16,32,2,0.0146106676,0.01008015228,1.078576813e-05,36.6731718,4.568173144,0.0003984020712,0.002206604688,0.0002134716078,0.0003195180762,173,0.9935813085,0.00514446554,122,2.100902682,4.150203496,0.4759858744,0.7594679867,0.928849236,0.9778306988,1,3,6,11,0.01008015228,0.007779163342,0.005537847848,0.002343145073,0.002028791685,0.001688380394,0.001431950745,0.001199601859,0.00106642241,0.0009123562016,0.0008442883442,0.0007752858084,0.0007415449033,0.0006976636022,0.0005596653248,0.0003148432509
2,6000,selected,27,attention,o_proj,self_attn,16,3584,3584,16,114688,3584,3584,12845056,16,32,2,0.03707247968,0.03617292607,1.034388384e-05,66.84974798,10.33845757,0.00055456424,0.003498870679,0.00137436875,0.002057115058,132,0.967808175,0.004731571127,143,1.050354717,1.262884064,0.9520593221,0.9881569553,0.997418885,0.9997771861,1,1,1,3,0.03617292607,0.007043540236,0.003228700166,0.001518157405,0.001419480975,0.000829564112,0.000577961824,0.0004516996705,0.0003121162204,0.0002482656612,0.0002118859549,0.0001989934639,0.000155651533,0.0001448228403,9.631896736e-05,9.057412554e-05
2,6000,selected,27,mlp,gate_proj,mlp,16,3584,18944,16,360448,18944,3584,67895296,16,32,2,0.07650829496,0.06782688353,9.285144792e-06,139.6109423,14.51319148,0.0005480107339,0.004673464388,0.005853519198,0.008761376803,52,0.7048704026,0.003812549266,157,1.272369709,1.99364788,0.7859350886,0.9551770826,0.9912394985,0.998968435,1,2,2,4,0.06782688353,0.03147477182,0.01140018955,0.009007092864,0.004372245466,0.003822406531,0.002830386967,0.00187164787,0.001200512267,0.001170085575,0.0009935355747,0.000901354254,0.0007282796183,0.000699726775,0.0004644896024,0.0004389119408
2,6000,selected,27,mlp,up_proj,mlp,16,3584,18944,16,360448,18944,3584,67895296,16,32,2,0.06122031132,0.05759253079,7.429775492e-06,144.9409087,16.81519513,0.0004223811749,0.003425028991,0.003747926518,0.005609787095,57,0.7424715682,0.002441122001,168,1.129948737,1.634433607,0.8849959003,0.9459659692,0.9958986828,0.9995738245,1,2,3,4,0.05759253079,0.01511659148,0.01008927212,0.00923854586,0.002812427159,0.001954077458,0.001054390128,0.0009665697745,0.0007440043021,0.0006302738981,0.0004640770194,0.0003992925741,0.0003231887845,0.0002577367998,0.0002294063565,0.0002194958951
2,6000,selected,27,mlp,down_proj,mlp,16,18944,3584,16,360448,3584,18944,67895296,16,32,2,0.02859251064,0.02838408093,3.470023759e-06,133.3173948,7.978114148,0.0002144694672,0.003557743146,0.0008175316647,0.00122365755,140,0.9814371768,0.0005324796319,196,1.014740303,1.096126355,0.9854738169,0.9943045498,0.9991266913,0.9999792045,1,1,1,2,0.02838408093,0.002686894818,0.001626481084,0.001138776822,0.0007482449635,0.0003235912455,0.0001635748635,7.49534922e-05,7.173154139e-05,6.888311266e-05,4.741987087e-05,3.947240697e-05,3.408923289e-05,3.092890643e-05,2.771848972e-05,2.041968006e-05
2,30000,endpoint,0,attention,q_proj,self_attn,16,3584,3584,16,114688,3584,3584,12845056,16,32,2,0.1055041624,0.09123388265,2.943754532e-05,74.54172753,22.88633987,0.001415370504,0.003986390273,0.01113112829,0.005791056441,58,0.7794287913,0.01370914858,2,1.337293929,3.150269516,0.7477787628,0.8318887112,0.8802554232,0.9393375314,1,6,10,15,0.09123388265,0.0305980167,0.01777427174,0.01491480273,0.01447176381,0.01309906858,0.01229934607,0.01119638633,0.01087837531,0.01024417907,0.009532326135,0.009260699123,0.009029221967,0.00837713849,0.008172644569,0.007539115227
2,30000,endpoint,0,attention,k_proj,self_attn,16,3584,512,16,65536,512,3584,1835008,16,32,2,0.03396723496,0.02278221322,2.507501575e-05,37.19750106,4.175160803,0.0009131590561,0.005456607372,0.001153773051,0.0006002594421,141,0.9829414666,0.009946945214,3,2.222944227,6.758520513,0.4498538415,0.5986901004,0.7773498656,0.9105975685,1,8,11,15,0.02278221322,0.01310432236,0.0117310456,0.008277402451,0.006626120412,0.006470448754,0.006214052396,0.005417654728,0.004764590341,0.004115810007,0.004021117708,0.003740220417,0.003078583875,0.00301445173,0.002875527972,0.002552843045
2,30000,endpoint,0,attention,v_proj,self_attn,16,3584,512,16,65536,512,3584,1835008,16,32,2,0.02552421682,0.01726173667,1.884227961e-05,12.18984879,1.247592157,0.002093891176,0.01383604135,0.0006514856444,0.0003389404954,156,0.9887209942,0.005616608923,69,2.186431502,7.606174456,0.4573662604,0.5524517606,0.7060654635,0.8649342595,1,10,13,16,0.01726173667,0.00787063138,0.007304172796,0.006835655198,0.006151437258,0.005135345572,0.004717862786,0.004126809447,0.003752957782,0.003747252046,0.003511673369,0.003417827712,0.003294399372,0.003094101786,0.002981911078,0.00255637988
2,30000,endpoint,0,attention,o_proj,self_attn,16,3584,3584,16,114688,3584,3584,12845056,16,32,2,0.06706689907,0.04527441549,1.871286246e-05,44.5817881,5.992457152,0.001504356418,0.007555233912,0.00449796895,0.002340103481,102,0.9065843563,0.005539719159,76,2.194374506,7.58810989,0.4557107264,0.5578691917,0.698903022,0.8675708735,1,10,12,15,0.04527441549,0.02143608184,0.01909295675,0.01642634446,0.01612362271,0.01435752684,0.01295209414,0.0111712233,0.0105946328,0.01014249738,0.009807378074,0.00856765065,0.008288442712,0.007769142496,0.00701692149,0.005715002591
2,30000,endpoint,0,mlp,gate_proj,mlp,16,3584,18944,16,360448,18944,3584,67895296,16,32,2,0.1370852963,0.09395524924,1.663684736e-05,126.559206,37.77510071,0.001083171273,0.002487226969,0.01879237846,0.009776881687,53,0.7388148233,0.004378742045,146,2.128823483,7.673441056,0.4697430332,0.5522605943,0.6765162253,0.847841262,1,10,13,16,0.09395524924,0.03937894408,0.03528211556,0.03301864878,0.03206871104,0.03035724634,0.02597766964,0.02438854192,0.02315809007,0.02123223682,0.02093790564,0.01929332595,0.01787984889,0.0168398494,0.01544086095,0.01483244906
2,30000,endpoint,0,mlp,up_proj,mlp,16,3584,18944,16,360448,18944,3584,67895296,16,32,2,0.1466018657,0.1022889819,1.779179042e-05,108.7673587,7.836136441,0.001347847989,0.01305349679,0.02149210702,0.01118143656,44,0.6434538004,0.005007795731,105,2.054098581,7.334567715,0.486831552,0.5697277631,0.6933403028,0.849288689,1,10,13,16,0.1022889819,0.04220917245,0.03936832411,0.03326903952,0.03128653015,0.02949602663,0.02789589,0.02691869554,0.02538234136,0.02422482128,0.02207928324,0.0209942754,0.01769089877,0.01739167816,0.01578204279,0.01467081505
2,30000,endpoint,0,mlp,down_proj,mlp,16,18944,3584,16,360448,3584,18944,67895296,16,32,2,0.06823561627,0.03824147713,8.281161897e-06,115.2490974,6.52738734,0.0005920707215,0.005858619251,0.004656099328,0.002422372045,98,0.897162746,0.001084900346,191,3.183852342,10.1038628,0.3140849174,0.4637345624,0.6220723831,0.8225293761,1,11,13,16,0.03824147713,0.02639665909,0.02015280615,0.0181961816,0.01730142336,0.0157252332,0.01444434774,0.01334489712,0.01222646145,0.01153228707,0.01119891718,0.01044554444,0.01021014284,0.00881098258,0.008436388814,0.00750084104
2,30000,endpoint,1,attention,q_proj,self_attn,16,3584,3584,16,114688,3584,3584,12845056,16,32,2,0.05752630689,0.039547025,1.605086688e-05,56.73764755,10.46560968,0.001013900107,0.003778759788,0.003309275985,0.001721676681,133,0.9723127466,0.004075719459,155,2.115949755,7.216983678,0.4726010141,0.5667461052,0.7239243079,0.8760970728,1,9,12,15,0.039547025,0.0176508382,0.01688330408,0.0153329741,0.01284948732,0.01118179451,0.01070311248,0.009944003561,0.009634912889,0.008252560639,0.007846447829,0.007149546315,0.006794747036,0.006127686719,0.005353258092,0.00490259297
2,30000,endpoint,1,attention,k_proj,self_attn,16,3584,512,16,65536,512,3584,1835008,16,32,2,0.02286431074,0.01455972158,1.687870539e-05,29.89003685,4.705555086,0.0007649475595,0.003094156017,0.0005227767056,0.0002719786646,181,0.9963075615,0.004506979293,138,2.466096615,7.970577419,0.4054991171,0.5287824777,0.7017484083,0.8883907893,1,9,11,15,0.01455972158,0.008028055125,0.006946061147,0.006494212341,0.00559456563,0.00543168077,0.004300046069,0.004275461647,0.003759201974,0.003363623045,0.002980467316,0.002701298898,0.002463569165,0.00212232424,0.00186672827,0.001631817144
2,30000,endpoint,1,attention,v_proj,self_attn,16,3584,512,16,65536,512,3584,1835008,16,32,2,0.02371338206,0.01749748151,1.750549991e-05,18.31095231,1.461890916,0.001295038164,0.01196907465,0.0005623244886,0.0002925537077,175,0.9946054153,0.004847929909,124,1.836690207,4.405906196,0.5444576314,0.7937467914,0.8749575165,0.9499152951,1,5,9,14,0.01749748151,0.01183982261,0.004877395395,0.004677370379,0.003858113685,0.003476954761,0.002879996885,0.002623348403,0.002224244465,0.00221110709,0.002182835627,0.002023918851,0.001757876767,0.001654577446,0.001425937633,0.00126709265
2,30000,endpoint,1,attention,o_proj,self_attn,16,3584,3584,16,114688,3584,3584,12845056,16,32,2,0.0660713566,0.04590712152,1.843508834e-05,51.75558905,3.71699528,0.001276603316,0.0123505999,0.004365424163,0.00227114602,109,0.922744533,0.005376476392,85,2.071411215,6.401046218,0.4827626658,0.6543076441,0.7637520251,0.9038048458,1,8,11,15,0.04590712152,0.02736542697,0.01611252046,0.01477016687,0.01440498787,0.01302767882,0.01155551607,0.01003174587,0.009059836131,0.008383077521,0.00785396171,0.007215167811,0.007012929598,0.006381133219,0.005914658731,0.005380468328
2,30000,endpoint,1,mlp,gate_proj,mlp,16,3584,18944,16,360448,18944,3584,67895296,16,32,2,0.1343815498,0.1283226397,1.630871722e-05,123.1204121,20.77054609,0.001091464425,0.006178106206,0.01805840093,0.00939502414,55,0.7577980034,0.004207720675,153,1.096661813,1.633106543,0.9118581389,0.9381050759,0.9633906594,0.9871261416,1,1,3,9,0.1283226397,0.02177102916,0.01776217528,0.01187949214,0.01096785276,0.01086747916,0.01031022933,0.009161229586,0.00829786107,0.006247791113,0.005763371806,0.005229988637,0.004372189452,0.00433441093,0.004130931003,0.003009139299
2,30000,endpoint,1,mlp,up_proj,mlp,16,3584,18944,16,360448,18944,3584,67895296,16,32,2,0.1284818352,0.1152763692,1.559272029e-05,101.2989287,8.822049724,0.001268343475,0.01306684645,0.01650758198,0.00858819847,56,0.7663862018,0.003846370135,160,1.242232492,2.433260384,0.8050022892,0.861664611,0.9368933205,0.9818918631,1,3,5,10,0.1152763692,0.0305836218,0.02637700963,0.02336872809,0.01647427312,0.01433245829,0.01202639485,0.01101643873,0.008952423743,0.008583471389,0.007242933596,0.005628311385,0.004694971099,0.003811751916,0.003659187592,0.003316601669
2,30000,endpoint,1,mlp,down_proj,mlp,16,18944,3584,16,360448,3584,18944,67895296,16,32,2,0.07737864403,0.05069391591,9.390771472e-06,101.4703818,13.527541,0.0007625736952,0.003747459786,0.005987454552,0.00311502,75,0.8368363558,0.001395114463,182,2.329863886,7.633736671,0.429209623,0.5763722408,0.7252518527,0.8755408455,1,10,12,15,0.05069391591,0.02968382532,0.02195262378,0.0202359141,0.01701328449,0.01543341507,0.01431986947,0.0129285615,0.01172773202,0.01136187899,0.01079625462,0.009977291963,0.009208761851,0.008214587551,0.007964013295,0.006837383914
2,30000,endpoint,2,attention,q_proj,self_attn,16,3584,3584,16,114688,3584,3584,12845056,16,32,2,0.06177675047,0.02677202186,1.723681654e-05,65.36730749,5.545589746,0.0009450710583,0.004827623948,0.003816366899,0.001985494689,125,0.9571844272,0.00470025495,129,5.324609692,13.00425781,0.187807193,0.3108993477,0.4909651521,0.7520229477,1,12,14,16,0.02677202186,0.0216740588,0.01915511801,0.01789633005,0.0168796339,0.01668843743,0.01517612904,0.01423205722,0.01372501301,0.0123511861,0.01129134164,0.01104372114,0.01038341817,0.009696262343,0.009200129917,0.008337277414
2,30000,endpoint,2,attention,k_proj,self_attn,16,3584,512,16,65536,512,3584,1835008,16,32,2,0.02497194586,0.01376627766,1.843458663e-05,31.76935015,3.030344924,0.0007860389256,0.004542808826,0.00062359808,0.0003244317722,161,0.9903684608,0.005376183759,86,3.290574436,9.819723383,0.3038983069,0.4452422623,0.643317607,0.8440398244,1,10,13,15,0.01376627766,0.009388387465,0.008562193731,0.007085777529,0.006880459286,0.005733077963,0.004830247941,0.004650783943,0.004563191484,0.004342200956,0.003677547216,0.003409785016,0.003253942139,0.003033114143,0.002637715761,0.002383817896
2,30000,endpoint,2,attention,v_proj,self_attn,16,3584,512,16,65536,512,3584,1835008,16,32,2,0.02345144508,0.01613356271,1.731213493e-05,14.76439726,1.211148926,0.001588378087,0.01332087439,0.0005499702765,0.0002861263323,178,0.9954737372,0.004741421379,128,2.112898601,5.980592914,0.4732834787,0.6572147543,0.8246562037,0.9220209153,1,7,10,15,0.01613356271,0.01005767043,0.007822955734,0.005557803862,0.004195681606,0.003788962957,0.003455411811,0.003106097578,0.002942563155,0.002606950849,0.002440510927,0.002343265015,0.002151389239,0.002054254999,0.001938337984,0.001838132255
2,30000,endpoint,2,attention,o_proj,self_attn,16,3584,3584,16,114688,3584,3584,12845056,16,32,2,0.06450389011,0.04311994952,1.79977372e-05,50.63907457,3.97244725,0.00127379678,0.01085475698,0.004160751839,0.002164663645,118,0.9426517186,0.00512440102,101,2.237769376,7.304054274,0.4468735745,0.5945462829,0.7238240427,0.8870845535,1,9,12,15,0.04311994952,0.02478768834,0.01771710552,0.01496652427,0.01469363546,0.01360797763,0.01247110862,0.0110760075,0.009694344131,0.0087087646,0.008167211791,0.007932070196,0.007169409487,0.006904472951,0.006537360354,0.005344147935
2,30000,endpoint,2,mlp,gate_proj,mlp,16,3584,18944,16,360448,18944,3584,67895296,16,32,2,0.1532699935,0.1320318011,1.860104297e-05,138.7303231,23.40659957,0.001104805281,0.005640793774,0.02349169091,0.0122217357,38,0.574476168,0.005473711319,82,1.347588147,3.128556835,0.7420664854,0.8062953328,0.8939313682,0.9615778389,1,5,7,12,0.1320318011,0.03884384417,0.03576972909,0.02791496258,0.0242692965,0.02037480658,0.01798887543,0.01616783369,0.01543749989,0.01367512108,0.01230101245,0.01021175583,0.008141456901,0.007779069529,0.007015333336,0.006757897944
2,30000,endpoint,2,mlp,up_proj,mlp,16,3584,18944,16,360448,18944,3584,67895296,16,32,2,0.1550009388,0.1439691984,1.881111271e-05,112.6574561,6.535581694,0.001375860454,0.02202852097,0.02402529102,0.01249934532,35,0.537597544,0.005598043491,72,1.159122895,2.05110261,0.8627212908,0.8944539795,0.9334352368,0.9757813939,1,3,6,12,0.1439691984,0.02761135782,0.02351621026,0.01958376635,0.01902692165,0.01662054961,0.01435170224,0.01315830444,0.01143792494,0.01031791818,0.009314336519,0.009115851502,0.008202302401,0.006804272092,0.006076403589,0.004921312767
2,30000,endpoint,2,mlp,down_proj,mlp,16,18944,3584,16,360448,3584,18944,67895296,16,32,2,0.07802803221,0.04905939011,9.469582054e-06,115.5624276,7.968331481,0.0006752024327,0.00615679584,0.006088373811,0.003167524033,72,0.8274574376,0.001418629283,179,2.529630095,8.102443114,0.395314715,0.5629339739,0.7101436046,0.8655824872,1,10,12,15,0.04905939011,0.03194571499,0.02235198158,0.01991622906,0.01743174833,0.0152801079,0.01444104038,0.01415905462,0.01290667144,0.01238489384,0.01069006961,0.01010754508,0.009257610795,0.008851579425,0.008022590224,0.007318502281
2,30000,endpoint,3,attention,q_proj,self_attn,16,3584,3584,16,114688,3584,3584,12845056,16,32,2,0.06136709559,0.03270916414,1.712251551e-05,67.87416794,7.394621595,0.0009041303556,0.004423372274,0.003765920422,0.001959249516,126,0.9591436768,0.004638124838,133,3.519915568,10.83586359,0.2840977236,0.4247963743,0.5991080868,0.8044035042,1,11,14,16,0.03270916414,0.02301868637,0.01855329322,0.01766972972,0.01505748725,0.01474416212,0.01306103448,0.01258639521,0.01180963972,0.01113960571,0.01034647098,0.009478963315,0.009286578624,0.0085518997,0.007872528935,0.007402025551
2,30000,endpoint,3,attention,k_proj,self_attn,16,3584,512,16,65536,512,3584,1835008,16,32,2,0.0239430694,0.01147710106,1.767505783e-05,32.42493487,3.686256118,0.0007384153428,0.003113484438,0.0005732705721,0.0002982484931,171,0.9934249004,0.004942298635,116,4.352063638,11.3160074,0.2297760518,0.4012212926,0.5867187805,0.803241839,1,12,14,16,0.01147710106,0.00991385451,0.008126299184,0.006348504753,0.006089162857,0.005758087044,0.005421100523,0.004950201615,0.004578161883,0.004211369965,0.004010817793,0.003835837916,0.003729975391,0.003353417102,0.003043013937,0.002980283867
2,30000,endpoint,3,attention,v_proj,self_attn,16,3584,512,16,65536,512,3584,1835008,16,32,2,0.02406058045,0.015812125,1.776180588e-05,17.25056053,1.209028181,0.001394770935,0.01307837588,0.0005789115315,0.0003011832462,168,0.9925272416,0.004990930654,110,2.315430356,7.607721641,0.4318851558,0.5824964469,0.7182361961,0.8728266395,1,10,12,15,0.015812125,0.009337591401,0.006547071565,0.005976383525,0.00528903237,0.005108551796,0.004352209944,0.004059716007,0.003899733819,0.003445324064,0.003257572718,0.00323070145,0.002964986411,0.002706351533,0.002397596955,0.001905459801
2,30000,endpoint,3,attention,o_proj,self_attn,16,3584,3584,16,114688,3584,3584,12845056,16,32,2,0.06688056214,0.04349967036,1.866087113e-05,53.06764659,3.75741149,0.001260288828,0.01157703128,0.004473009592,0.00232711818,105,0.9135836262,0.005508979099,79,2.363893452,7.886023472,0.4230309108,0.5408837161,0.7047108876,0.8750224487,1,9,12,15,0.04349967036,0.02295989392,0.01942809618,0.01885071851,0.01702563632,0.0137665455,0.01201106736,0.01175369902,0.01121115372,0.0097660103,0.008771838215,0.008453473798,0.007869441207,0.007036712367,0.006894415814,0.005529746876
2,30000,endpoint,3,mlp,gate_proj,mlp,16,3584,18944,16,360448,18944,3584,67895296,16,32,2,0.1764194073,0.1484638304,2.141048552e-05,153.4598448,22.24793407,0.001149612835,0.00667315131,0.03112380728,0.01619240385,10,0.1768598921,0.007252042301,18,1.412054292,3.585168759,0.7081880672,0.7795062223,0.8709467575,0.9443195481,1,6,9,14,0.1484638304,0.04711361284,0.04140448465,0.03363995013,0.02631406055,0.02502797284,0.02294510712,0.02093641439,0.01993376659,0.01735826786,0.01552589003,0.01494832554,0.01374441282,0.0125429143,0.01168368058,0.009331423706
2,30000,endpoint,3,mlp,up_proj,mlp,16,3584,18944,16,360448,18944,3584,67895296,16,32,2,0.1760972172,0.1552321763,2.137138411e-05,132.2382021,7.259781881,0.001331666753,0.02138248488,0.03101022991,0.01613331434,11,0.1929932065,0.007225578061,19,1.286890201,2.835169039,0.7770670716,0.8327640094,0.8977666594,0.9623622048,1,5,7,13,0.1552321763,0.04155929315,0.03375636211,0.029601607,0.0263347548,0.02386611683,0.01976319002,0.01869299848,0.01620300505,0.01439919551,0.01212477273,0.01158406917,0.01113337653,0.01054042945,0.01032234841,0.008630069729
2,30000,endpoint,3,mlp,down_proj,mlp,16,18944,3584,16,360448,3584,18944,67895296,16,32,2,0.08704971102,0.05432807766,1.056446456e-05,131.1027303,17.02716446,0.0006639809165,0.003190670871,0.007577652188,0.003942332742,59,0.783371124,0.001765640486,169,2.567355391,7.706043618,0.3895058718,0.5891864449,0.7376149428,0.8813383942,1,9,12,15,0.05432807766,0.03889871375,0.02554012173,0.02173572437,0.01785608447,0.01709386735,0.01598226103,0.01492024144,0.01325514509,0.01262921229,0.01148269123,0.01094352581,0.01022725493,0.008996126107,0.008310277413,0.007601303067
2,30000,endpoint,4,attention,q_proj,self_attn,16,3584,3584,16,114688,3584,3584,12845056,16,32,2,0.05698871773,0.0303403827,1.59008699e-05,64.63333065,6.627741599,0.0008817233641,0.004577785999,0.003247713949,0.001689648551,134,0.9740023952,0.003999899373,157,3.528057557,10.88058198,0.2834420878,0.4150957014,0.5868812155,0.811781407,1,11,13,16,0.0303403827,0.02067784508,0.01737495879,0.01600065678,0.01509226524,0.01327349355,0.01286879435,0.01268240986,0.01090216111,0.009915582129,0.009461385319,0.008979082541,0.008581467514,0.007345432486,0.006957204189,0.006925523477
2,30000,endpoint,4,attention,k_proj,self_attn,16,3584,512,16,65536,512,3584,1835008,16,32,2,0.02229885661,0.01097908856,1.646128044e-05,29.07658056,3.357360974,0.0007669009279,0.003270154341,0.000497239006,0.0002586924769,186,0.9976259075,0.004286812859,149,4.125082257,11.36470315,0.2424194083,0.3704454164,0.5683048919,0.8112007734,1,11,13,16,0.01097908856,0.007978691936,0.007458523023,0.006538645366,0.006009968317,0.005980579709,0.005032824254,0.00485396064,0.004513093612,0.004135155659,0.003787264057,0.00337732524,0.002968140103,0.002913220043,0.00283621042,0.002306582412
2,30000,endpoint,4,attention,v_proj,self_attn,16,3584,512,16,65536,512,3584,1835008,16,32,2,0.02319660018,0.01748133772,1.71240054e-05,20.84608852,1.508170611,0.001112755525,0.01159108764,0.00053808226,0.0002799414988,180,0.9960355828,0.00463893203,132,1.760756694,5.133263696,0.5679376391,0.7176382345,0.8162575616,0.9222377875,1,7,10,14,0.01748133772,0.008975033965,0.005790406685,0.004420011404,0.004166234033,0.003900178046,0.003570055991,0.003422263125,0.003032463604,0.00269104576,0.002520739498,0.002312172328,0.002229078477,0.001923170679,0.001750120916,0.001405110758
2,30000,endpoint,4,attention,o_proj,self_attn,16,3584,3584,16,114688,3584,3584,12845056,16,32,2,0.06297787554,0.04661978319,1.757195188e-05,53.27619141,3.73743622,0.001182101683,0.01247373345,0.003966212807,0.002063453194,124,0.9551989326,0.004884805858,121,1.824885052,5.7736127,0.5479797202,0.6467028159,0.7805976316,0.9095244333,1,8,11,15,0.04661978319,0.01978779438,0.01856552037,0.01365198837,0.0129852387,0.01174548796,0.0106533796,0.009554251611,0.008510675592,0.008131863535,0.007120642319,0.006639622153,0.006278349458,0.00600487987,0.005187902858,0.004807060226
2,30000,endpoint,4,mlp,gate_proj,mlp,16,3584,18944,16,360448,18944,3584,67895296,16,32,2,0.1732988722,0.1404293607,2.103177338e-05,156.5707198,22.80007179,0.001106840873,0.006159163095,0.03003249912,0.01562464226,14,0.2401358924,0.006997760653,22,1.522914898,4.203791933,0.6566355094,0.7262572937,0.8339318484,0.9458257186,1,6,9,13,0.1404293607,0.04572653689,0.04202617396,0.03830844124,0.03411040357,0.0293797686,0.02677028294,0.0248417808,0.01971392516,0.01712342982,0.01574877168,0.01520104747,0.01348485876,0.01173880774,0.009863732432,0.007007743564
2,30000,endpoint,4,mlp,up_proj,mlp,16,3584,18944,16,360448,18944,3584,67895296,16,32,2,0.1628038966,0.1327977957,1.975808967e-05,129.500633,5.478613708,0.001257166801,0.02423930629,0.02650510874,0.01378948986,28,0.4449933105,0.006175856572,48,1.502961507,4.151940661,0.6653530349,0.7522622338,0.8342300261,0.9307440464,1,7,10,14,0.1327977957,0.04799518483,0.03486742325,0.03093263717,0.02738539352,0.02630277121,0.02561137831,0.02145638258,0.02052563596,0.0178752636,0.01726472233,0.01502459602,0.01441744272,0.01369983958,0.01014873199,0.008512088906
2,30000,endpoint,4,mlp,down_proj,mlp,16,18944,3584,16,360448,3584,18944,67895296,16,32,2,0.07749473766,0.05787169593,9.404860743e-06,128.6131043,8.405113638,0.0006025415377,0.006885296073,0.006005434365,0.003124374138,74,0.8337213358,0.001399303872,181,1.793130946,5.306635865,0.5576837554,0.7140289319,0.8117889137,0.9126280098,1,8,11,15,0.05787169593,0.03064181287,0.01806605269,0.0161464824,0.01385460731,0.0135640984,0.0111762087,0.01023425734,0.009790102461,0.009402425981,0.008822843597,0.008131789823,0.00784557571,0.007394458056,0.006680258187,0.00596904846
2,30000,endpoint,5,attention,q_proj,self_attn,16,3584,3584,16,114688,3584,3584,12845056,16,32,2,0.05652374236,0.0341972338,1.577113347e-05,63.17059862,5.959921879,0.0008947792739,0.005737866116,0.003194933451,0.001662189084,135,0.9756645842,0.00393489467,159,2.731994755,9.624549,0.3660329136,0.4635295151,0.6192015707,0.8156535845,1,11,13,16,0.0341972338,0.01764922529,0.01643784837,0.01507179482,0.01368560567,0.01286039976,0.01214078397,0.01129454691,0.01047596333,0.01034039832,0.009825043574,0.008935914705,0.007943677676,0.007082219141,0.006739060308,0.00610311845
2,30000,endpoint,5,attention,k_proj,self_attn,16,3584,512,16,65536,512,3584,1835008,16,32,2,0.01974973129,0.01013589283,1.457948589e-05,26.62700992,2.659283425,0.0007417179527,0.003811512807,0.0003900518858,0.0002029275404,196,1,0.003362727823,166,3.796630759,10.97313009,0.2633914287,0.4199933671,0.597968115,0.8056190415,1,11,13,16,0.01013589283,0.007815553812,0.006259073646,0.005499398432,0.004822807973,0.004616402101,0.00433956026,0.004194306512,0.003879565968,0.00354906535,0.003376191868,0.003179337172,0.002779812341,0.002723879877,0.002574170648,0.002211712764
2,30000,endpoint,5,attention,v_proj,self_attn,16,3584,512,16,65536,512,3584,1835008,16,32,2,0.02224991423,0.01421206036,1.64251506e-05,19.82753294,1.545035145,0.001122172602,0.009198535322,0.0004950586832,0.0002575581469,187,0.9978834657,0.00426801579,150,2.450995963,6.652388764,0.4079974081,0.6317602523,0.7940187612,0.9175193811,1,8,10,15,0.01421206036,0.01052500541,0.007397177718,0.005060557833,0.004465586508,0.003933586486,0.003705218307,0.003463646355,0.003051257114,0.002698471321,0.002483256274,0.002191312208,0.001972895977,0.001914279246,0.001737341394,0.001642339647
2,30000,endpoint,5,attention,o_proj,self_attn,16,3584,3584,16,114688,3584,3584,12845056,16,32,2,0.06498589601,0.04946644883,1.813222545e-05,53.3628664,4.012816913,0.001217811193,0.01232711332,0.00422316668,0.002197135454,114,0.9339599538,0.005201271425,96,1.725904476,5.07997747,0.5794063425,0.6882288215,0.814318449,0.935048247,1,7,10,14,0.04946644883,0.02143771134,0.01816126376,0.01423608135,0.01288085859,0.01232032028,0.01132291488,0.007996677379,0.007840994339,0.007214084729,0.006157038381,0.005972550206,0.005220651022,0.005002236185,0.004479658428,0.003853892472
2,30000,endpoint,5,mlp,gate_proj,mlp,16,3584,18944,16,360448,18944,3584,67895296,16,32,2,0.1784988245,0.150508846,2.166284626e-05,149.2553909,21.12279898,0.001195928827,0.007125421499,0.03186183036,0.01657636613,9,0.1606674883,0.007424006307,17,1.406522453,3.658156064,0.7109733639,0.7790398936,0.846176061,0.9298168125,1,7,10,14,0.150508846,0.04656956326,0.03319428732,0.03220590732,0.02914570765,0.0263180799,0.02394598953,0.02343978282,0.02307068939,0.02023077349,0.01942968119,0.01899729555,0.01412470211,0.01286834212,0.01043668263,0.009065780562
2,30000,endpoint,5,mlp,up_proj,mlp,16,3584,18944,16,360448,18944,3584,67895296,16,32,2,0.1682982204,0.1429424835,2.042488786e-05,133.8345989,6.229262294,0.001257509058,0.02294693605,0.02832429099,0.01473593363,21,0.3456146862,0.006599737446,31,1.386233534,3.468981872,0.7213791725,0.7833832741,0.8676526622,0.947448522,1,6,9,14,0.1429424835,0.04190730502,0.03528452435,0.03379161156,0.02880591691,0.02491180237,0.02125387499,0.01892234672,0.01700450826,0.01661755154,0.01481839164,0.01371895297,0.01279527126,0.01206669559,0.01034221826,0.009955252132
2,30000,endpoint,5,mlp,down_proj,mlp,16,18944,3584,16,360448,3584,18944,67895296,16,32,2,0.07696187622,0.05809812645,9.340191996e-06,131.9044806,8.422495259,0.0005834667318,0.006897970811,0.005923130392,0.003081554853,76,0.8399179106,0.00138012653,183,1.754797627,5.227337734,0.5698662825,0.6928862535,0.8137725932,0.9213810124,1,7,11,15,0.05809812645,0.02699376464,0.02239907774,0.01463922364,0.01401612626,0.01352024894,0.01204604191,0.01063121092,0.009481953556,0.008672846516,0.008178133233,0.007887129897,0.007315284536,0.006666554261,0.00635220109,0.005757545617
2,30000,endpoint,6,attention,q_proj,self_attn,16,3584,3584,16,114688,3584,3584,12845056,16,32,2,0.06027960196,0.03753731565,1.681908537e-05,64.21732134,5.504467816,0.0009386813512,0.006819426856,0.003633630413,0.001890424605,131,0.9687217878,0.004475195858,141,2.578780201,8.124199289,0.387780238,0.5693257586,0.7110962676,0.8621787376,1,10,12,15,0.03753731565,0.0256840286,0.01758548808,0.01434894568,0.01282144235,0.01171219221,0.01134218115,0.01089807112,0.01003460199,0.009332027387,0.008478850203,0.00810561216,0.007285960635,0.006995466027,0.006123802548,0.005991409194
2,30000,endpoint,6,attention,k_proj,self_attn,16,3584,512,16,65536,512,3584,1835008,16,32,2,0.02209393669,0.01115636799,1.631000613e-05,28.53071619,2.983757002,0.00077439124,0.003739033703,0.0004881420383,0.0002539597084,189,0.9983940461,0.00420838579,152,3.921936415,10.03782307,0.2549760869,0.4621393355,0.6477506104,0.8445424897,1,10,13,16,0.01115636799,0.01005609718,0.007042283259,0.006403976311,0.00546542469,0.005235826355,0.004547803713,0.004253836597,0.003965247537,0.003721794725,0.003319136449,0.002943568478,0.002824300802,0.002659962426,0.002446866689,0.00236429864
2,30000,endpoint,6,attention,v_proj,self_attn,16,3584,512,16,65536,512,3584,1835008,16,32,2,0.02597964838,0.02155593464,1.917848459e-05,20.6708601,1.449466801,0.00125682474,0.01487163046,0.0006749421298,0.0003511439152,152,0.9873503015,0.005818832727,63,1.452555789,3.681091992,0.688441716,0.7805854979,0.877618623,0.9529500063,1,5,8,13,0.02155593464,0.007886172736,0.006051946782,0.00537267943,0.004291506389,0.003630377453,0.003270370948,0.002924436801,0.002651399304,0.002393987075,0.002206267599,0.002073601736,0.001762914124,0.00153179338,0.001520271792,0.001435968734
2,30000,endpoint,6,attention,o_proj,self_attn,16,3584,3584,16,114688,3584,3584,12845056,16,32,2,0.0693058566,0.05284606493,1.93375716e-05,54.91432347,5.067507917,0.001262072484,0.0104284129,0.004803301759,0.00249895526,91,0.8799877068,0.005915768445,59,1.719945016,5.07264355,0.5814139353,0.700252607,0.8124894626,0.93316283,1,7,10,14,0.05284606493,0.02389179778,0.01681160493,0.0160149126,0.01387668761,0.01328281491,0.01064124658,0.009869084987,0.008391719085,0.007445695001,0.006793318502,0.006355610369,0.006021041233,0.005413366837,0.005006102338,0.004244793848
2,30000,endpoint,6,mlp,gate_proj,mlp,16,3584,18944,16,360448,18944,3584,67895296,16,32,2,0.1744721633,0.1266248339,2.117416548e-05,151.057074,14.30846831,0.001155008227,0.008849642821,0.03044053576,0.01583692651,12,0.208830133,0.007092835751,20,1.898517107,6.410470058,0.526726884,0.6184217862,0.7338351335,0.8821614858,1,9,12,15,0.1266248339,0.05283220561,0.04431420864,0.03936362582,0.03691468426,0.03533691505,0.03152990376,0.03015969696,0.0287268912,0.02509815099,0.02352639961,0.02039440634,0.01928660552,0.01857777692,0.0156599663,0.01414748265
2,30000,endpoint,6,mlp,up_proj,mlp,16,3584,18944,16,360448,18944,3584,67895296,16,32,2,0.1603732246,0.1259063788,1.946310021e-05,129.5618208,4.117584764,0.001237812372,0.03057772602,0.02571957117,0.01338080781,33,0.5125036066,0.005992821393,57,1.622438549,5.022446423,0.6163561638,0.6879474874,0.7766266032,0.9047190212,1,8,11,15,0.1259063788,0.04291035007,0.03503629992,0.03245375967,0.03122046431,0.02956215428,0.02820965274,0.0254962585,0.02391531448,0.02119534952,0.01861357729,0.01815683904,0.01649371854,0.01450385862,0.01331715413,0.009670237001
2,30000,endpoint,6,mlp,down_proj,mlp,16,18944,3584,16,360448,3584,18944,67895296,16,32,2,0.0841096938,0.06195019492,1.02076603e-05,127.4972632,7.351193052,0.0006596980337,0.00842723004,0.007074440591,0.003680532977,61,0.7907485414,0.001648389027,170,1.843345527,4.873029235,0.5424918905,0.7469761402,0.8524807401,0.940305663,1,6,9,14,0.06195019492,0.03803434864,0.02193683058,0.01628377991,0.01431215304,0.01307193167,0.01117138641,0.01099086907,0.009259022678,0.008739990132,0.007956173525,0.00748232952,0.006604614221,0.006031105816,0.005724249317,0.005304617178
2,30000,endpoint,7,attention,q_proj,self_attn,16,3584,3584,16,114688,3584,3584,12845056,16,32,2,0.0660516515,0.04019829452,1.842959026e-05,60.8421112,4.562471816,0.001085623924,0.008810639527,0.004362820665,0.00226979153,110,0.9250143245,0.005373269912,88,2.699927523,9.052714273,0.3703803127,0.507242308,0.6649519184,0.8406693551,1,11,13,16,0.04019829452,0.02443571856,0.01965472682,0.01737096603,0.01579935964,0.01483461437,0.01278634126,0.01155195191,0.01089165572,0.01042693811,0.01007075537,0.009667503801,0.00886305648,0.008335920303,0.008220202975,0.007568884295
2,30000,endpoint,7,attention,k_proj,self_attn,16,3584,512,16,65536,512,3584,1835008,16,32,2,0.02521598764,0.01207249149,1.861474117e-05,23.83876664,2.535220953,0.001057772326,0.004761909007,0.0006358460325,0.0003308038652,158,0.9893889527,0.0054817762,81,4.362728128,11.41382425,0.2292143747,0.3796507417,0.5768833511,0.8080675343,1,11,13,16,0.01207249149,0.009780305061,0.008492640777,0.007299631826,0.007114063281,0.006141219181,0.00562364784,0.005200736605,0.004901783329,0.004516702847,0.004286261822,0.003967348466,0.003810546903,0.00325403573,0.003178148741,0.002879213874
2,30000,endpoint,7,attention,v_proj,self_attn,16,3584,512,16,65536,512,3584,1835008,16,32,2,0.02406896727,0.01603552343,1.776799713e-05,24.66981772,1.714525873,0.0009756443092,0.009352745081,0.0005793151852,0.0003013932503,167,0.9922260584,0.004994410647,109,2.252934841,6.535375494,0.4438654779,0.6321218741,0.7813341386,0.9197888091,1,8,10,15,0.01603552343,0.01044316949,0.00701829956,0.006097901433,0.005700049624,0.004441516339,0.003883144937,0.003593389126,0.003452572102,0.002835700933,0.00265959802,0.00225834652,0.002127564145,0.001958826675,0.001826341177,0.001622794851
2,30000,endpoint,7,attention,o_proj,self_attn,16,3584,3584,16,114688,3584,3584,12845056,16,32,2,0.06951742092,0.05464756103,1.939660182e-05,60.25448918,3.586358544,0.001153730151,0.01523761787,0.004832671811,0.002514235259,89,0.8749876567,0.005951940735,58,1.618250446,4.754529672,0.6179513204,0.7195901163,0.8146604256,0.9203605451,1,7,10,14,0.05464756103,0.02216273773,0.0165861314,0.0135773285,0.01308517569,0.01159892906,0.01035614145,0.009889759567,0.009209633677,0.008384471745,0.007432862895,0.006939652119,0.006403838112,0.006133698761,0.005359054017,0.00435861724
2,30000,endpoint,7,mlp,gate_proj,mlp,16,3584,18944,16,360448,18944,3584,67895296,16,32,2,0.172196386,0.1264559271,2.089797423e-05,141.5222611,13.06259812,0.001216744169,0.009680763805,0.02965159534,0.01542647409,15,0.2555623665,0.006909007683,24,1.854255966,6.297120445,0.5392998693,0.6355467649,0.74065829,0.871407003,1,10,13,16,0.1264559271,0.05342166228,0.0421512875,0.03660591986,0.03489193463,0.0318489359,0.02916770917,0.02818423051,0.02492287223,0.02440673925,0.02384233949,0.02290652831,0.0206646987,0.0201107942,0.0189114235,0.01771629428
2,30000,endpoint,7,mlp,up_proj,mlp,16,3584,18944,16,360448,18944,3584,67895296,16,32,2,0.1646167681,0.1318718937,1.997810208e-05,133.0640846,5.156125637,0.001237123966,0.025575772,0.02709868034,0.01409830012,25,0.4032591557,0.006314162478,38,1.558273397,4.662381331,0.6417359125,0.7048946846,0.8057140055,0.9093820324,1,8,11,15,0.1318718937,0.04137051339,0.03882303563,0.03499774923,0.02865911488,0.02767961071,0.02647710158,0.02281937995,0.02150061316,0.01947922721,0.01883192448,0.01845988269,0.01639482961,0.01528878281,0.01484778214,0.01398242025
2,30000,endpoint,7,mlp,down_proj,mlp,16,18944,3584,16,360448,3584,18944,67895296,16,32,2,0.08397507277,0.07717376366,1.019132252e-05,132.5406245,7.649104557,0.0006335798784,0.01008925464,0.007051812847,0.003668760717,62,0.7944173021,0.001643116621,171,1.184026483,2.175304439,0.8445757037,0.8931814234,0.9383845054,0.9715812869,1,3,5,13,0.07717376366,0.01851373649,0.01352677217,0.0116529013,0.009069473851,0.007635091749,0.007254851416,0.006396455176,0.00630595124,0.005928688612,0.005366232862,0.004968839845,0.004752164889,0.004290463628,0.004059862561,0.003811773725
2,30000,endpoint,8,attention,q_proj,self_attn,16,3584,3584,16,114688,3584,3584,12845056,16,32,2,0.06463840979,0.03761150503,1.803527059e-05,63.32849648,3.948352125,0.001020684421,0.009525874045,0.00417812402,0.002173701658,116,0.9383192622,0.005145796678,98,2.95351991,9.579216915,0.3385790618,0.4585125385,0.6410341612,0.8483248194,1,10,13,15,0.03761150503,0.02238519466,0.0209966481,0.01793707737,0.01583356582,0.01527986197,0.01462388729,0.01296348758,0.01093698705,0.01061449809,0.01003354527,0.008826498488,0.008201973835,0.008067435444,0.00699390524,0.00644846911
2,30000,endpoint,8,attention,k_proj,self_attn,16,3584,512,16,65536,512,3584,1835008,16,32,2,0.0236689694,0.01190675482,1.747271395e-05,27.2712967,2.521189182,0.0008679077367,0.00472267409,0.0005602201123,0.0002914588894,176,0.9948968742,0.004829787592,125,3.951589967,11.10877288,0.2530626933,0.4194444872,0.5810924479,0.8071737338,1,11,13,16,0.01190675482,0.00965455474,0.007015834539,0.006429347125,0.006270474889,0.005894767706,0.005183012654,0.005071934691,0.004346019965,0.004284261642,0.003957411582,0.003788182127,0.00364889723,0.003320599146,0.003145403814,0.00255666581
2,30000,endpoint,8,attention,v_proj,self_attn,16,3584,512,16,65536,512,3584,1835008,16,32,2,0.02582472468,0.02013441848,1.906411807e-05,20.60217601,1.399432145,0.001253495003,0.01438756324,0.0006669164047,0.000346968469,153,0.98769727,0.005749641089,64,1.645103471,4.684635556,0.6078645009,0.7261202235,0.8313210134,0.9342016,1,7,10,14,0.02013441848,0.008880691492,0.006593039173,0.005166426914,0.005098535857,0.00420787787,0.003659342474,0.003394209705,0.003200698398,0.002603755527,0.002511712306,0.002330001595,0.00213266977,0.002020403053,0.001868806832,0.00173137671
2,30000,endpoint,8,attention,o_proj,self_attn,16,3584,3584,16,114688,3584,3584,12845056,16,32,2,0.07121106661,0.05861616876,1.986915921e-05,55.18688445,3.476601492,0.001290362145,0.01686019202,0.005071016008,0.002638235689,83,0.8595039443,0.006245486539,40,1.475910844,3.821211969,0.6775477013,0.7684812519,0.8668119844,0.9530944338,1,6,8,13,0.05861616876,0.0214738327,0.01703498359,0.0144376609,0.01231094943,0.01057309645,0.009710545756,0.008938408082,0.007684013772,0.006831705182,0.005636291397,0.005385661582,0.004908501953,0.004455357342,0.003841373129,0.00355945701
2,30000,endpoint,8,mlp,gate_proj,mlp,16,3584,18944,16,360448,18944,3584,67895296,16,32,2,0.1690376071,0.1224376474,2.051462078e-05,138.9871415,12.20566886,0.001216210401,0.01003121163,0.02857371263,0.01486569719,20,0.3308787526,0.006657854252,30,1.906060671,6.403575064,0.5246422715,0.6112532384,0.742788292,0.8838890599,1,9,12,15,0.1224376474,0.04974733036,0.04890496034,0.03696957768,0.03439048619,0.03231933845,0.03008821902,0.02998710881,0.02685471467,0.02423790346,0.02185588571,0.0205820382,0.01854535175,0.0176866883,0.01574696631,0.01424966563
2,30000,endpoint,8,mlp,up_proj,mlp,16,3584,18944,16,360448,18944,3584,67895296,16,32,2,0.1692815551,0.1272486148,2.054422662e-05,135.5406686,4.771795697,0.001248935518,0.02666681955,0.0286562449,0.01490863525,19,0.3160130554,0.006677084789,29,1.769755022,5.575434159,0.5650499575,0.6628238851,0.779865039,0.9114704095,1,8,11,15,0.1272486148,0.05293234941,0.04450887872,0.03705293085,0.03550358424,0.03113055123,0.02969354932,0.02569033169,0.02321048316,0.02041885383,0.01930022178,0.01802962864,0.01749481056,0.01577943822,0.01372532331,0.01184313594
2,30000,endpoint,8,mlp,down_proj,mlp,16,18944,3584,16,360448,3584,18944,67895296,16,32,2,0.08202095197,0.07436830239,9.954167917e-06,133.9759215,8.078966114,0.0006122066639,0.009205175681,0.006727436563,0.003500001421,64,0.8014331028,0.001567534913,173,1.216392897,2.374400852,0.8221027949,0.8783754637,0.9260511707,0.9687467176,1,3,6,13,0.07436830239,0.01945689619,0.01383249563,0.01137529599,0.009885313474,0.008941397477,0.007634135389,0.007161253327,0.006118823156,0.006000818245,0.005511365601,0.005262023882,0.004785553281,0.004587843108,0.004241951005,0.004098370283
2,30000,endpoint,9,attention,q_proj,self_attn,16,3584,3584,16,114688,3584,3584,12845056,16,32,2,0.06535377078,0.03839747671,1.823486908e-05,58.61718433,4.689024221,0.001114925112,0.00818879897,0.004271115356,0.002222081126,113,0.9317628184,0.005260325233,93,2.896916183,9.285362027,0.3451946611,0.4850945735,0.6701207275,0.846084534,1,10,13,16,0.03839747671,0.02444439944,0.02064312497,0.01908217595,0.01488223673,0.01406951642,0.01365863666,0.01206528484,0.0115464776,0.01098628467,0.009396598606,0.00906490272,0.008593687948,0.007750373667,0.007386240204,0.0066653041
2,30000,endpoint,9,attention,k_proj,self_attn,16,3584,512,16,65536,512,3584,1835008,16,32,2,0.02677070601,0.01657539462,1.976245272e-05,23.26095856,2.669683376,0.001150885762,0.006208749235,0.0007166707005,0.00037285353,150,0.9866318736,0.006178584419,47,2.608506339,8.576461167,0.3833611538,0.5063361398,0.6896507175,0.8627860065,1,10,13,15,0.01657539462,0.00938789483,0.009041192128,0.00704507145,0.006571635388,0.00539571101,0.005208293977,0.004965337219,0.004290659484,0.003910939961,0.003643488243,0.003582199315,0.003497179245,0.003242091774,0.003168741093,0.002396359381
2,30000,endpoint,9,attention,v_proj,self_attn,16,3584,512,16,65536,512,3584,1835008,16,32,2,0.02545688236,0.02093608531,1.879257251e-05,24.75481428,1.539229075,0.001028360871,0.01360166959,0.0006480528595,0.0003371545622,157,0.9890581488,0.005587014088,73,1.478493681,3.988225707,0.6763640678,0.7420674968,0.8492187961,0.9398391803,1,6,9,14,0.02093608531,0.006525281224,0.006242017253,0.005520591136,0.004764501514,0.003942255566,0.003341276146,0.003053001672,0.002864843876,0.002646419113,0.002417134989,0.002167573684,0.002107377626,0.002007924237,0.001609835164,0.001473512813
2,30000,endpoint,9,attention,o_proj,self_attn,16,3584,3584,16,114688,3584,3584,12845056,16,32,2,0.0682411585,0.04984287941,1.904050181e-05,60.40790401,6.386428939,0.001129672675,0.007804499178,0.004656855713,0.00242276556,97,0.894740374,0.005735404824,65,1.874504707,6.014759148,0.533474254,0.6477545102,0.7664948165,0.9045210278,1,8,11,15,0.04984287941,0.02306917129,0.0171821564,0.01605397069,0.01525860812,0.01195601632,0.01176319189,0.011341253,0.01015449626,0.008414916348,0.007826955193,0.007606502862,0.006755180849,0.006282328521,0.00605771027,0.005458122255
2,30000,endpoint,9,mlp,gate_proj,mlp,16,3584,18944,16,360448,18944,3584,67895296,16,32,2,0.180204243,0.1530014133,2.186981802e-05,152.3015162,28.9302197,0.00118320715,0.00528863641,0.03247356918,0.01689462803,7,0.1273173736,0.007566545289,15,1.387200191,3.580510207,0.7208764866,0.777996199,0.8486507075,0.9308662039,1,7,10,14,0.1530014133,0.04306832864,0.0370711623,0.0303336941,0.02938413809,0.02753815839,0.02440934387,0.02126585999,0.02091222664,0.01959577554,0.01854705695,0.01733249383,0.01587660462,0.01435681988,0.01362668591,0.01163724128
2,30000,endpoint,9,mlp,up_proj,mlp,16,3584,18944,16,360448,18944,3584,67895296,16,32,2,0.1626212964,0.1325052926,1.973592908e-05,124.8133311,5.025509669,0.001302916082,0.02636653819,0.02644568605,0.01375857474,29,0.4587518852,0.006162010712,49,1.50621992,4.132203613,0.6639136735,0.7567972562,0.8390628616,0.9327791424,1,7,10,14,0.1325052926,0.04956178031,0.0350333092,0.03079346715,0.02992916251,0.0252622268,0.02267368647,0.02074512983,0.01850945893,0.01825029126,0.01685195298,0.01487464255,0.01355241374,0.0131483624,0.01237731638,0.009329516092
2,30000,endpoint,9,mlp,down_proj,mlp,16,18944,3584,16,360448,3584,18944,67895296,16,32,2,0.08220585086,0.0766829432,9.976607483e-06,123.152261,7.968574277,0.0006675139389,0.009623169784,0.006757801916,0.003515799233,63,0.7979331014,0.00157461023,172,1.149232531,1.9338472,0.8701459219,0.9189031203,0.9523381133,0.979661738,1,2,4,12,0.0766829432,0.01815190042,0.01205910066,0.008973580721,0.008044914621,0.007314995675,0.006123007864,0.005378345977,0.004886599086,0.004572944283,0.004563315887,0.004407073986,0.004027215071,0.003617934536,0.003572659963,0.003214546941
2,30000,endpoint,10,attention,q_proj,self_attn,16,3584,3584,16,114688,3584,3584,12845056,16,32,2,0.06318661546,0.04264322417,1.763019405e-05,63.46072333,4.326296121,0.0009956806691,0.009856751127,0.003992548374,0.002077154478,122,0.9510599016,0.004917240862,118,2.195584317,7.47832287,0.4554596206,0.5609609275,0.7166673429,0.8723926734,1,10,12,15,0.04264322417,0.02052362227,0.01920671265,0.01589866612,0.01424052883,0.01321006755,0.01187585814,0.01016889192,0.009596421825,0.009306062189,0.008971237909,0.008363250657,0.007654498321,0.007183241604,0.006219182309,0.005611480603
2,30000,endpoint,10,attention,k_proj,self_attn,16,3584,512,16,65536,512,3584,1835008,16,32,2,0.02509493907,0.01379112372,1.852538168e-05,27.07495454,2.645627635,0.0009268691119,0.005212798484,0.0006297559671,0.0003276354611,159,0.9897165881,0.005429272333,83,3.311105221,9.19164351,0.3020139601,0.5127914395,0.6787981194,0.8558300356,1,10,12,15,0.01379112372,0.01152121414,0.007809121979,0.00660009933,0.005714062488,0.0053636882,0.005280924092,0.004709467608,0.004296108497,0.004170385366,0.003644698474,0.003442158958,0.003192908662,0.002771218582,0.002593579592,0.002282536859
2,30000,endpoint,10,attention,v_proj,self_attn,16,3584,512,16,65536,512,3584,1835008,16,32,2,0.02570912134,0.01915640119,1.897877832e-05,22.327841,1.380550377,0.001151437855,0.01387591609,0.0006609589201,0.0003438690411,154,0.9880411391,0.005698280231,66,1.801136471,5.115533132,0.5552050142,0.6977065288,0.8320988781,0.9417366107,1,6,9,14,0.01915640119,0.009705032054,0.007687968996,0.005451876266,0.005106281078,0.004485576131,0.003713917995,0.003532470917,0.002812040872,0.00254708612,0.002435279226,0.002183614008,0.002061466552,0.001890013321,0.001791854714,0.001543759126
2,30000,endpoint,10,attention,o_proj,self_attn,16,3584,3584,16,114688,3584,3584,12845056,16,32,2,0.07001180856,0.06215625497,1.95345448e-05,57.02436267,4.16756226,0.001227752583,0.01491429548,0.004901653338,0.002550123437,88,0.8724734214,0.0060368987,54,1.268740823,2.725661121,0.7881830407,0.8377009266,0.9088923637,0.9607370844,1,4,7,13,0.06215625497,0.01557945797,0.0142991448,0.0120204078,0.009146929767,0.008347631049,0.007341352307,0.006846906303,0.006231328829,0.005980573243,0.005442837816,0.004932757395,0.004467668241,0.004191689072,0.003736593355,0.003522422534
2,30000,endpoint,10,mlp,gate_proj,mlp,16,3584,18944,16,360448,18944,3584,67895296,16,32,2,0.182152235,0.1555619223,2.210622884e-05,141.6545233,14.29629139,0.001285890706,0.01088127809,0.03317943671,0.01726186112,4,0.07651237559,0.007731016851,10,1.371078771,3.531663678,0.7293526974,0.7750345793,0.8404219738,0.9272217944,1,7,10,15,0.1555619223,0.03893198054,0.03527371591,0.03041844647,0.03021109911,0.02765006886,0.02502709213,0.02400785278,0.02312657474,0.02070306547,0.0179825583,0.01768781201,0.0153314644,0.01502824599,0.01431336591,0.01221797731
2,30000,endpoint,10,mlp,up_proj,mlp,16,3584,18944,16,360448,18944,3584,67895296,16,32,2,0.1608140096,0.1259078123,1.951659444e-05,133.0485243,5.207359972,0.001208686909,0.02417881863,0.02586114569,0.01345446305,31,0.4856931418,0.006025809142,55,1.631332186,4.930292845,0.6129959357,0.695796124,0.8057027783,0.9136539525,1,8,11,15,0.1259078123,0.04627426643,0.04216204266,0.03262934502,0.02848612791,0.02784684347,0.02661506834,0.02228167421,0.02111355555,0.01993265699,0.0183313654,0.01611529406,0.01567192527,0.01531510216,0.01333437475,0.01167072687
2,30000,endpoint,10,mlp,down_proj,mlp,16,18944,3584,16,360448,3584,18944,67895296,16,32,2,0.07847781932,0.06875154878,9.524168795e-06,132.2723567,9.042357462,0.0005933047634,0.007603277029,0.006158768126,0.003204147225,69,0.8179160822,0.0014350316,177,1.302953394,2.605405055,0.7674871603,0.8885551991,0.9376811321,0.9737846257,1,3,6,12,0.06875154878,0.027306226,0.01348157425,0.01099101388,0.008284111848,0.007933549795,0.007268925095,0.006160199045,0.005569016732,0.005173314726,0.004840943565,0.004463768295,0.004345050883,0.004253258033,0.003547555284,0.003280624514
2,30000,endpoint,11,attention,q_proj,self_attn,16,3584,3584,16,114688,3584,3584,12845056,16,32,2,0.06698887534,0.04845628136,1.869109245e-05,64.22327868,4.078706677,0.001043062215,0.0118803055,0.004487509419,0.002334661828,104,0.911256508,0.005526837152,78,1.911195915,6.108325042,0.5232325961,0.6455373669,0.7647031461,0.9022128992,1,8,11,15,0.04845628136,0.0234274158,0.0165887882,0.01611116577,0.01480263102,0.01293177381,0.01130902793,0.01014068738,0.01001837447,0.009189688224,0.007781419292,0.007692146476,0.006926211129,0.006020933542,0.00570224747,0.004188444613
2,30000,endpoint,11,attention,k_proj,self_attn,16,3584,512,16,65536,512,3584,1835008,16,32,2,0.02496662264,0.01309984811,1.843065697e-05,28.02436584,2.629942691,0.0008908898345,0.004981039381,0.0006233322461,0.00032429347,162,0.9906927543,0.005373891943,87,3.632344855,9.977415099,0.2753042566,0.465544384,0.6422985196,0.8417876303,1,10,13,16,0.01309984811,0.01088957327,0.008031814525,0.006757699887,0.006415002833,0.00601602213,0.005073384322,0.004611288691,0.004539416641,0.004023414785,0.003709679144,0.003579558309,0.0032116717,0.003123304226,0.002871831919,0.002632956848
2,30000,endpoint,11,attention,v_proj,self_attn,16,3584,512,16,65536,512,3584,1835008,16,32,2,0.02472389677,0.01721755454,1.825147386e-05,19.79359423,1.450042376,0.001249085764,0.01187382853,0.0006112710717,0.0003180185498,163,0.9910107728,0.00526990976,92,2.062010673,6.46614691,0.4849635423,0.6210515503,0.7700623689,0.9104328912,1,8,11,15,0.01721755454,0.009120672262,0.007242126943,0.006215915066,0.005697300867,0.004625679766,0.004184191669,0.003800109108,0.003581661059,0.003036926493,0.002718117238,0.002504113772,0.002449158458,0.002192610734,0.002128590949,0.001924317697
2,30000,endpoint,11,attention,o_proj,self_attn,16,3584,3584,16,114688,3584,3584,12845056,16,32,2,0.06742165175,0.05451440959,1.88118448e-05,55.28331617,4.352447393,0.001219565982,0.01252500138,0.004545679125,0.002364925072,100,0.9019002237,0.005598479228,71,1.529593926,4.088416455,0.6537682866,0.7543321386,0.8606742038,0.945382078,1,6,9,14,0.05451440959,0.02138062212,0.01654331204,0.01448156527,0.01206669532,0.01054455053,0.00842689675,0.007566342896,0.007323708588,0.006789814018,0.006245527859,0.005674385277,0.005023519591,0.004721413643,0.004180026677,0.003511677732
2,30000,endpoint,11,mlp,gate_proj,mlp,16,3584,18944,16,360448,18944,3584,67895296,16,32,2,0.1610071082,0.1118625541,1.954002913e-05,138.8546204,12.73443785,0.001159537275,0.008784255371,0.02592328888,0.01348679353,30,0.4722386787,0.006040288897,53,2.071670287,7.118439553,0.4827022941,0.5918276246,0.714801489,0.8717764399,1,10,12,15,0.1118625541,0.05318728671,0.04185243142,0.0378980342,0.0376099316,0.03162552657,0.03005226357,0.02741327358,0.02553309421,0.02430360903,0.02173593868,0.01972921278,0.01888895387,0.01854068853,0.01721102476,0.01493017513
2,30000,endpoint,11,mlp,up_proj,mlp,16,3584,18944,16,360448,18944,3584,67895296,16,32,2,0.1555903822,0.1088515835,1.888264832e-05,135.3622263,5.395259534,0.001149437228,0.02017541191,0.02420836704,0.01259459205,34,0.5250981986,0.00564070135,68,2.043129963,6.818883347,0.4894451249,0.5868053112,0.7388269371,0.8906804001,1,9,12,15,0.1088515835,0.04854823503,0.04416830951,0.04158552337,0.03750805606,0.03098810128,0.0259494386,0.0252117892,0.02330533525,0.02109588071,0.01884204997,0.0185633435,0.01782224034,0.01520614747,0.01444695616,0.01418026378
2,30000,endpoint,11,mlp,down_proj,mlp,16,18944,3584,16,360448,3584,18944,67895296,16,32,2,0.07591130369,0.06906546389,9.212693166e-06,133.9901933,9.874548009,0.0005665437285,0.006994291165,0.005762526028,0.002997999179,77,0.8429159098,0.001342704706,184,1.208067035,2.302714587,0.8277686347,0.8807468848,0.9346473327,0.973230189,1,3,6,13,0.06906546389,0.01747250826,0.01423688039,0.01038816494,0.008249384607,0.00781268074,0.007371208635,0.006237761625,0.005509198827,0.004904251757,0.004722483432,0.004454039297,0.004124155374,0.003862184698,0.00374297708,0.003432703658
2,30000,endpoint,12,attention,q_proj,self_attn,16,3584,3584,16,114688,3584,3584,12845056,16,32,2,0.07095727913,0.05771069065,1.979834797e-05,62.2614544,3.987363562,0.001139666264,0.0144733957,0.005034935461,0.002619464503,85,0.8647576655,0.006201049573,44,1.511754829,3.954071735,0.6614829209,0.768181728,0.8686009769,0.947239781,1,6,9,14,0.05771069065,0.0231780415,0.01815613376,0.01326496304,0.012364053,0.009830824007,0.009085391209,0.007992625516,0.007361544,0.006514224228,0.006158264304,0.005893757192,0.005518205055,0.005048542368,0.004531536535,0.004459043247
2,30000,endpoint,12,attention,k_proj,self_attn,16,3584,512,16,65536,512,3584,1835008,16,32,2,0.0250874862,0.01244729575,1.851987988e-05,26.82323033,2.550901778,0.0009352895191,0.004879566849,0.0006293819638,0.0003274408829,160,0.990044029,0.005426047963,84,4.06222782,10.0981467,0.2461703391,0.4455207302,0.6572729036,0.8469060769,1,10,13,15,0.01244729575,0.01120122943,0.008589710471,0.00771296783,0.005997954693,0.005729444625,0.005172997726,0.004877478579,0.004623643687,0.003836794526,0.003629865858,0.003552768531,0.003337483325,0.002993826025,0.002862849782,0.002481872751
2,30000,endpoint,12,attention,v_proj,self_attn,16,3584,512,16,65536,512,3584,1835008,16,32,2,0.02559844352,0.02055140347,1.889707464e-05,20.58290962,1.394157307,0.001243674679,0.01474109368,0.0006552803105,0.0003409147001,155,0.9883820538,0.00564932362,67,1.551472734,4.246367798,0.6445488715,0.7488676231,0.8489687119,0.939417102,1,6,9,14,0.02055140347,0.00826789114,0.006252888391,0.005147393451,0.004795140048,0.003910081412,0.003365353621,0.00310826952,0.002903926128,0.002558524509,0.002391306871,0.002256689524,0.002144748626,0.001972136879,0.001739609112,0.001547074348
2,30000,endpoint,12,attention,o_proj,self_attn,16,3584,3584,16,114688,3584,3584,12845056,16,32,2,0.06702943611,0.05508084632,1.870240963e-05,55.60919012,4.645865741,0.001205366163,0.01185588422,0.004492945305,0.00233748989,103,0.9089218462,0.005533532014,77,1.480914286,3.856373509,0.6752585276,0.775134887,0.8649748272,0.949086653,1,6,9,14,0.05508084632,0.021183461,0.0149068655,0.01346964359,0.01060259764,0.009853908554,0.009356027412,0.00899221849,0.007605198566,0.006354251958,0.005638013946,0.00510000716,0.004763990362,0.004615756108,0.004048813282,0.003513452497
2,30000,endpoint,12,mlp,gate_proj,mlp,16,3584,18944,16,360448,18944,3584,67895296,16,32,2,0.1642185017,0.1376567004,1.992976796e-05,136.4126472,12.85028443,0.001203836338,0.01071234658,0.02696771629,0.01403016505,26,0.4172893208,0.006283647033,39,1.423146011,3.818201483,0.7026685892,0.7645320803,0.8399430095,0.9260606717,1,7,10,15,0.1376567004,0.04084503736,0.0326626563,0.0310935914,0.02754056449,0.02470415913,0.02221611844,0.02144906972,0.01838549018,0.01822825004,0.0175367801,0.01611465088,0.01469920066,0.01425499792,0.01335210781,0.01260589555
2,30000,endpoint,12,mlp,up_proj,mlp,16,3584,18944,16,360448,18944,3584,67895296,16,32,2,0.1504857274,0.1078774223,1.826314086e-05,136.8439442,5.245419205,0.001099688614,0.02056602497,0.02264595415,0.01178173454,39,0.5862579025,0.005276649349,91,1.945940256,6.280095564,0.5138903916,0.6396584569,0.7676321624,0.8937040525,1,9,11,15,0.1078774223,0.0533679477,0.04185708814,0.03385366804,0.02954545815,0.02782262594,0.02562031496,0.02348584877,0.02290943441,0.02101260849,0.01802069917,0.0170860868,0.01613162174,0.014618206,0.01344177159,0.01301994246
2,30000,endpoint,12,mlp,down_proj,mlp,16,18944,3584,16,360448,3584,18944,67895296,16,32,2,0.0724290904,0.06349566782,8.790087296e-06,135.7320954,10.97227654,0.0005336180084,0.005786918292,0.005245973136,0.002729258502,81,0.8541930271,0.001222344643,186,1.301181476,2.759384944,0.768532306,0.850106999,0.9245596439,0.9733976673,1,4,6,12,0.06349566782,0.02068667803,0.01421711209,0.0137277201,0.009331299472,0.008823132564,0.007372155987,0.006077290242,0.005302191499,0.004640076561,0.004488344584,0.004247115846,0.004016164033,0.003613336667,0.003522469575,0.003183516937
2,30000,endpoint,13,attention,q_proj,self_attn,16,3584,3584,16,114688,3584,3584,12845056,16,32,2,0.06712312968,0.05033991129,1.872855181e-05,61.02667804,4.278850652,0.00109989814,0.01176482083,0.004505514539,0.002344029132,101,0.9042442528,0.00554901234,75,1.777949837,5.36500035,0.5624455647,0.7030788618,0.8040919819,0.9122365324,1,8,11,15,0.05033991129,0.02517191619,0.01632064637,0.01373872568,0.01258436674,0.01140486854,0.01089699422,0.008947907517,0.008510555392,0.008031119399,0.007490491906,0.007095942229,0.006656726321,0.006484348838,0.006001425334,0.005445676342
2,30000,endpoint,13,attention,k_proj,self_attn,16,3584,512,16,65536,512,3584,1835008,16,32,2,0.02397853814,0.01320665062,1.770124127e-05,25.60451226,2.954482292,0.0009364965787,0.004470038847,0.0005749702911,0.0002991327852,170,0.9931266519,0.004956952306,114,3.296552736,9.786931653,0.3033471872,0.4666909057,0.6471877544,0.843090852,1,10,13,16,0.01320665062,0.009691118891,0.007851979907,0.006490511318,0.00600593184,0.005414152907,0.005005323205,0.004711786467,0.00438363198,0.004104294538,0.003595811679,0.003356741519,0.003101624256,0.002780125724,0.002603074685,0.002415344778
2,30000,endpoint,13,attention,v_proj,self_attn,16,3584,512,16,65536,512,3584,1835008,16,32,2,0.02266465642,0.01519727783,1.67313182e-05,22.45929845,1.357320775,0.001009143561,0.01119652635,0.0005136866507,0.0002672494925,182,0.996574811,0.004428611821,142,2.224163316,6.441715126,0.4496072715,0.6256828544,0.8015815135,0.9244295572,1,7,10,14,0.01519727783,0.009510398333,0.007119556983,0.006298309412,0.004677025792,0.003993255863,0.003646050855,0.003462809642,0.002800967555,0.002625415925,0.00238757625,0.002223740243,0.002127741149,0.001994597836,0.001705243224,0.001422041219
2,30000,endpoint,13,attention,o_proj,self_attn,16,3584,3584,16,114688,3584,3584,12845056,16,32,2,0.06316262885,0.05102518577,1.762350135e-05,57.5119353,5.357018124,0.001098252537,0.009524923118,0.003989517684,0.002075577738,123,0.9531354794,0.00491350825,119,1.532326123,4.046787358,0.6526025924,0.7679721258,0.8708093399,0.9433203126,1,6,9,14,0.05102518577,0.02145387595,0.01509941501,0.01350105739,0.009472177511,0.008879875096,0.008082649002,0.007441791755,0.00694814019,0.006307136662,0.005735710374,0.005534069455,0.004979710614,0.004474306441,0.004063498067,0.003635208304
2,30000,endpoint,13,mlp,gate_proj,mlp,16,3584,18944,16,360448,18944,3584,67895296,16,32,2,0.1635401891,0.1374669404,1.984744708e-05,139.2511201,12.89101172,0.001174426382,0.01066378214,0.02674539346,0.01391449986,27,0.4312038206,0.00623184442,42,1.415312876,3.758691371,0.7065575513,0.7661128907,0.8410894872,0.9294673401,1,7,10,15,0.1374669404,0.0399102867,0.03295751196,0.03031634839,0.02866270806,0.02409673487,0.02225416271,0.02159280497,0.01867519994,0.01819669668,0.01656592827,0.01612385237,0.01403547379,0.01372234273,0.01227173988,0.01167216642
2,30000,endpoint,13,mlp,up_proj,mlp,16,3584,18944,16,360448,18944,3584,67895296,16,32,2,0.1497958301,0.1146736227,1.817941404e-05,135.2433981,5.287465668,0.001107601792,0.02168782361,0.02243879072,0.01167395615,40,0.5979318586,0.00522837897,94,1.706366759,5.192376395,0.5860404832,0.6811150988,0.8079049059,0.9185542576,1,7,11,15,0.1146736227,0.04618830374,0.03994015224,0.0353524283,0.03005038151,0.02541839409,0.02292826026,0.0201993153,0.01924898217,0.01730120593,0.01682125478,0.01467839592,0.01390969972,0.01295202534,0.01267044435,0.01172621603
2,30000,endpoint,13,mlp,down_proj,mlp,16,18944,3584,16,360448,3584,18944,67895296,16,32,2,0.06933551969,0.05563763814,8.414647587e-06,133.5886979,10.55101117,0.0005190223484,0.005273204363,0.004807414291,0.002501094836,90,0.8774887515,0.001120157681,188,1.553009738,3.733528682,0.6439109656,0.7896010926,0.9033754615,0.9614823986,1,4,7,13,0.05563763814,0.02646493527,0.02053895211,0.01118534635,0.009858134237,0.009357938913,0.007092394033,0.006654940686,0.006318810635,0.005997461263,0.005107523875,0.004879174113,0.00421244012,0.004119364252,0.003915137657,0.003055797956
2,30000,endpoint,14,attention,q_proj,self_attn,16,3584,3584,16,114688,3584,3584,12845056,16,32,2,0.05994157161,0.03919221789,1.672476887e-05,59.87938233,4.193251929,0.001001038576,0.009346497313,0.003592992008,0.001869282158,132,0.9705910699,0.004425145412,143,2.339141906,7.447901158,0.4275071972,0.5597588896,0.7358309521,0.8949903098,1,9,11,15,0.03919221789,0.02179860715,0.01869746556,0.01682350425,0.01378566247,0.0124243251,0.01126352438,0.01002910639,0.009041567488,0.00865130447,0.0082842621,0.0067982258,0.005954755175,0.005648711161,0.005018573912,0.003647733847
2,30000,endpoint,14,attention,k_proj,self_attn,16,3584,512,16,65536,512,3584,1835008,16,32,2,0.02327776987,0.01308213996,1.718392582e-05,25.30762157,2.356789779,0.0009197928698,0.005550830235,0.00054185457,0.0002819040726,179,0.9957556413,0.00467145399,130,3.166103868,9.61301597,0.3158456077,0.4707174124,0.6511604266,0.8487733592,1,10,12,15,0.01308213996,0.009160676568,0.00758192688,0.006347303099,0.005696430233,0.005405101967,0.005236616201,0.004241565358,0.004045266858,0.003782338965,0.003591400539,0.003387868058,0.002902313555,0.002754375336,0.002531009019,0.002116778809
2,30000,endpoint,14,attention,v_proj,self_attn,16,3584,512,16,65536,512,3584,1835008,16,32,2,0.02391264697,0.0144020881,1.765259963e-05,19.75801698,1.436823609,0.001210275656,0.01002356031,0.0005718146853,0.0002974910566,172,0.9937223915,0.004929747097,117,2.756794401,7.390222655,0.3627401447,0.5780863111,0.7731229855,0.9060181255,1,8,11,15,0.0144020881,0.01109676081,0.008482776269,0.006290257656,0.005372671549,0.004296893447,0.003919578955,0.003646834326,0.003339088693,0.003115801326,0.002903402906,0.002607792808,0.002421543218,0.002323888201,0.001860655208,0.001710493287
2,30000,endpoint,14,attention,o_proj,self_attn,16,3584,3584,16,114688,3584,3584,12845056,16,32,2,0.06031269261,0.04561064166,1.682831825e-05,54.60895525,4.86361508,0.001104446923,0.009377929978,0.00363762089,0.001892500682,130,0.9668313632,0.004480110547,140,1.748578247,4.815570096,0.5718931949,0.7390470332,0.8458213396,0.9373972516,1,7,9,14,0.04561064166,0.02465851362,0.01510908496,0.01265385313,0.01032837894,0.00909786312,0.008638387971,0.008309643723,0.007043807687,0.006401784462,0.006108409766,0.005382895143,0.004852018617,0.004608705279,0.00388482206,0.003311294746
2,30000,endpoint,14,mlp,gate_proj,mlp,16,3584,18944,16,360448,18944,3584,67895296,16,32,2,0.1534144843,0.116703675,1.861857856e-05,136.8307712,12.15682623,0.001121198711,0.00959984726,0.02353600399,0.01224478992,37,0.5622544323,0.005484036544,80,1.728079287,5.462001642,0.5786771517,0.6816264942,0.7849578384,0.8963337496,1,9,12,15,0.116703675,0.04922414178,0.03669680595,0.03294467126,0.03011568167,0.02529531937,0.02390050199,0.02243440282,0.02141424637,0.01974396338,0.01850053191,0.01842666432,0.01716133076,0.01573780999,0.01446476267,0.01258031443
2,30000,endpoint,14,mlp,up_proj,mlp,16,3584,18944,16,360448,18944,3584,67895296,16,32,2,0.1474151563,0.1068974896,1.789049242e-05,136.2790228,5.110151387,0.001081715684,0.02091865417,0.02173122832,0.01130584128,43,0.6322723639,0.005063512494,103,1.901731771,6.001900548,0.5258365113,0.6551962114,0.7792218066,0.9044849406,1,8,11,15,0.1068974896,0.05302023367,0.0399112294,0.03320123935,0.03002906653,0.02596098445,0.0253976634,0.02239113459,0.02135495653,0.01875703931,0.01706139792,0.01684307552,0.01502108041,0.01342343193,0.01278809379,0.01112032621
2,30000,endpoint,14,mlp,down_proj,mlp,16,18944,3584,16,360448,3584,18944,67895296,16,32,2,0.06619423272,0.05657991477,8.033416972e-06,134.806716,9.680714936,0.0004910306749,0.005844600853,0.004381676446,0.002279601397,108,0.920473387,0.001020958093,194,1.36872351,3.015932348,0.7306077469,0.8484434281,0.9200740936,0.9670268266,1,4,7,13,0.05657991477,0.02272262813,0.01370874156,0.01122197864,0.008848686224,0.007170342169,0.006397685188,0.005923533886,0.005447601059,0.00487922635,0.004718521862,0.004204307723,0.003831512585,0.003799264315,0.003486402013,0.003127942024
2,30000,endpoint,15,attention,q_proj,self_attn,16,3584,3584,16,114688,3584,3584,12845056,16,32,2,0.06481517552,0.04333226613,1.808459138e-05,62.19952571,4.431282996,0.001042052568,0.00977871785,0.004201006977,0.002185606695,115,0.9361455605,0.005173979433,97,2.23733285,6.876689998,0.446960764,0.6063153307,0.7736209041,0.9031077134,1,8,11,15,0.04333226613,0.02587372502,0.01989807359,0.01751909097,0.01419320362,0.01183167255,0.01040323571,0.009711445424,0.008744442025,0.008064443626,0.007798452392,0.007344240103,0.006759450153,0.006498720674,0.00585886545,0.005342386268
2,30000,endpoint,15,attention,k_proj,self_attn,16,3584,512,16,65536,512,3584,1835008,16,32,2,0.02378417791,0.01442736133,1.755776225e-05,26.49714436,2.554430019,0.0008976128744,0.005647976738,0.0005656871191,0.0002943031424,174,0.9943128616,0.004876919926,122,2.717705995,7.975324368,0.3679573883,0.5358196144,0.7367201511,0.8909450741,1,9,11,15,0.01442736133,0.00974461385,0.008423756871,0.006533541615,0.005602925612,0.004756454725,0.00437742076,0.003750280378,0.003547658989,0.003375084375,0.003295651296,0.002791497048,0.002509162359,0.002343280419,0.002128615083,0.001655975164
2,30000,endpoint,15,attention,v_proj,self_attn,16,3584,512,16,65536,512,3584,1835008,16,32,2,0.02363962702,0.01496707474,1.745105306e-05,20.84346331,1.513636188,0.001134150629,0.009888158636,0.0005588319657,0.0002907366953,177,0.9951876109,0.004817820058,127,2.494637149,7.392333524,0.4008599008,0.5599095382,0.7489892948,0.9107067019,1,8,11,15,0.01496707474,0.009427726213,0.008227668754,0.006161921689,0.005738945795,0.0047489754,0.004525406192,0.003795430033,0.003490374122,0.003125498101,0.002649329449,0.002328659351,0.002165471732,0.002129352059,0.00194510689,0.001581154535
2,30000,endpoint,15,attention,o_proj,self_attn,16,3584,3584,16,114688,3584,3584,12845056,16,32,2,0.06356283115,0.0446676948,1.773516494e-05,55.32372416,4.436380813,0.001148925386,0.01006849878,0.004040233504,0.00210196304,121,0.9489827471,0.004975970087,112,2.024973694,5.211759778,0.4938335758,0.7235536629,0.8515161411,0.9427633009,1,6,9,14,0.0446676948,0.03046510779,0.0179822974,0.01391528913,0.0122479996,0.009776652753,0.007907410135,0.007780505392,0.007063293586,0.006348519632,0.00571444568,0.005478126034,0.004892812289,0.004701125713,0.004324249374,0.003694824698
2,30000,endpoint,15,mlp,gate_proj,mlp,16,3584,18944,16,360448,18944,3584,67895296,16,32,2,0.1438063473,0.09883919259,1.745252273e-05,135.1894024,11.29029455,0.001063739796,0.008754350224,0.02068026554,0.01075906968,49,0.6984186259,0.004818631574,126,2.116887278,7.216922524,0.4723917095,0.574583969,0.7217088504,0.8746302018,1,9,12,15,0.09883919259,0.04597132869,0.04386624683,0.03344150123,0.03077864471,0.02843738888,0.02699352909,0.02603446723,0.02337464719,0.02138640229,0.01896253634,0.01858002651,0.01627209716,0.01547309532,0.0147881334,0.01269828724
2,30000,endpoint,15,mlp,up_proj,mlp,16,3584,18944,16,360448,18944,3584,67895296,16,32,2,0.146417736,0.1096429121,1.776944421e-05,137.7909675,5.104531584,0.001062607649,0.02147952466,0.02143815341,0.01115336677,46,0.6657647571,0.004995224202,108,1.783307562,5.613801032,0.5607557673,0.6496928256,0.7853851037,0.9146008198,1,8,11,15,0.1096429121,0.04366516117,0.03944808972,0.03678097459,0.03036566927,0.02768365977,0.02465773165,0.02176427641,0.02023943593,0.01741925851,0.01656184506,0.01478074895,0.01415395533,0.01297143009,0.01213555186,0.01044538517
2,30000,endpoint,15,mlp,down_proj,mlp,16,18944,3584,16,360448,3584,18944,67895296,16,32,2,0.06842279215,0.0492842003,8.303877802e-06,135.8289432,10.25074536,0.0005037423583,0.004807865044,0.004681678486,0.002435679802,96,0.8923176084,0.00109086045,190,1.927463476,4.000536222,0.5188165754,0.830706505,0.9034260911,0.9626744716,1,4,7,13,0.0492842003,0.03821214955,0.01430412187,0.01165511987,0.01068731603,0.008409264635,0.007272991901,0.006288958706,0.005742357844,0.005528789298,0.0050966261,0.004664384537,0.004581694852,0.004244459341,0.00380595735,0.003158984594
2,30000,endpoint,16,attention,q_proj,self_attn,16,3584,3584,16,114688,3584,3584,12845056,16,32,2,0.0613458658,0.04512507501,1.711659202e-05,59.49077975,4.165600608,0.001031182749,0.01083278962,0.003763315251,0.001957894155,127,0.9611015709,0.004634916298,134,1.848139404,4.9799017,0.5410847243,0.7370473124,0.8470898844,0.9390052235,1,6,9,14,0.04512507501,0.0271563804,0.01498747738,0.01376591483,0.01120746129,0.009579221029,0.008559206636,0.007434898453,0.007002090282,0.006255088842,0.006087049917,0.00557839672,0.004820313808,0.004621933355,0.003994101174,0.003558924555
2,30000,endpoint,16,attention,k_proj,self_attn,16,3584,512,16,65536,512,3584,1835008,16,32,2,0.02385937301,0.01148544953,1.761327216e-05,23.76947927,2.38045003,0.001003781898,0.004824906799,0.0005692696803,0.0002961669979,173,0.9940185585,0.004907806018,120,4.315409943,10.48826486,0.2317276952,0.3984519952,0.6163970732,0.8587941846,1,10,12,15,0.01148544953,0.009742232238,0.008282866571,0.007447391908,0.006723402613,0.006163193732,0.005704628462,0.0047177792,0.004186708374,0.003858035755,0.003337102976,0.003061655114,0.002965798747,0.002736765921,0.002609213933,0.0020898294
2,30000,endpoint,16,attention,v_proj,self_attn,16,3584,512,16,65536,512,3584,1835008,16,32,2,0.02220938632,0.01256716898,1.639523242e-05,22.40522075,1.824063248,0.0009912594289,0.006889656369,0.0004932568408,0.0002566207244,188,0.9981400864,0.004252481689,151,3.12318858,7.910354103,0.320185597,0.511672263,0.7679350988,0.9133086715,1,8,11,15,0.01256716898,0.009718647433,0.008349367445,0.007529373152,0.004953669208,0.004274474459,0.004069407114,0.003512330344,0.003196763015,0.002740937716,0.002395832483,0.002315018532,0.002044701031,0.001939592255,0.001918215798,0.001519000034
2,30000,endpoint,16,attention,o_proj,self_attn,16,3584,3584,16,114688,3584,3584,12845056,16,32,2,0.06056874468,0.0464550378,1.689976135e-05,57.14794744,5.305729657,0.001059858619,0.008755636038,0.003668572832,0.001908603672,129,0.9649388625,0.004518231101,137,1.699931846,4.382046654,0.5882588777,0.7615419849,0.8778341169,0.9493253524,1,5,9,14,0.0464550378,0.02521312553,0.01701443621,0.01171047039,0.009227280359,0.008896426319,0.00731457809,0.006669231406,0.006088504894,0.005810530223,0.005330750522,0.004866226015,0.004414302734,0.003986592667,0.003843726145,0.00358067105
2,30000,endpoint,16,mlp,gate_proj,mlp,16,3584,18944,16,360448,18944,3584,67895296,16,32,2,0.1443173168,0.1099551766,1.751453464e-05,134.9977526,11.1539179,0.001069034958,0.009857986903,0.02082748793,0.01083566328,48,0.6876595562,0.004852935315,123,1.722683646,5.251124441,0.5804896345,0.6914754063,0.8010807676,0.9146752686,1,8,11,15,0.1099551766,0.04807863166,0.03764977063,0.02941596693,0.02723141261,0.02636001774,0.02183600474,0.0212761986,0.0190136736,0.01719581472,0.01577634902,0.01540560262,0.01441072915,0.01401826968,0.01145283721,0.009915126115
2,30000,endpoint,16,mlp,up_proj,mlp,16,3584,18944,16,360448,18944,3584,67895296,16,32,2,0.1390718119,0.0885627488,1.687793345e-05,137.5385522,5.143468407,0.001011147854,0.01721848795,0.01934096888,0.01006229013,52,0.7290379416,0.004506567052,139,2.465903351,7.307326138,0.405530898,0.6060125282,0.7587587172,0.8869958724,1,9,12,15,0.0885627488,0.06226964727,0.04234330964,0.03407790218,0.02774429324,0.02495554457,0.02397032431,0.02265235897,0.02156641816,0.01947662966,0.01879891431,0.01656977216,0.01516890731,0.01453842068,0.01297336401,0.01017023561
2,30000,endpoint,16,mlp,down_proj,mlp,16,18944,3584,16,360448,3584,18944,67895296,16,32,2,0.06664738805,0.0527884383,8.088412483e-06,134.9634501,10.57249789,0.0004938180523,0.004992995871,0.004441874333,0.002310919818,106,0.915894546,0.001034984578,192,1.594001184,3.344781198,0.6273521062,0.8657388167,0.9229981493,0.9706109568,1,3,6,13,0.0527884383,0.03254049494,0.01272454236,0.009613780817,0.008613475466,0.007687891387,0.006443212204,0.00605635952,0.005527553666,0.004542369288,0.004354775322,0.003745203556,0.003726567243,0.003454437518,0.003292127477,0.003115494375
2,30000,endpoint,17,attention,q_proj,self_attn,16,3584,3584,16,114688,3584,3584,12845056,16,32,2,0.06394027467,0.04744877032,1.784047842e-05,61.23376521,3.918369949,0.001044199625,0.01210931355,0.004088358725,0.002127000562,119,0.9447787192,0.005035241329,104,1.815929867,5.162380331,0.5506820601,0.7086359435,0.8305539939,0.9342066017,1,7,10,14,0.04744877032,0.0254120471,0.01778940192,0.01349006687,0.01235187101,0.01069578066,0.009456698237,0.008208011982,0.007372401475,0.007146057572,0.006486575496,0.005541868664,0.005340484013,0.005107998493,0.004611023654,0.003860912379
2,30000,endpoint,17,attention,k_proj,self_attn,16,3584,512,16,65536,512,3584,1835008,16,32,2,0.02203210147,0.009777588896,1.626435864e-05,24.23682136,2.341320681,0.0009090342805,0.00417609983,0.0004854134952,0.0002525401626,190,0.9986465863,0.004184862387,154,5.077480918,10.96599095,0.1969480568,0.3683993466,0.5996939223,0.843745298,1,10,13,15,0.009777588896,0.009122761088,0.008032752133,0.006910021823,0.006440893722,0.005474531074,0.005293520851,0.004357621582,0.003894036262,0.00369705855,0.003628959323,0.003030941884,0.002799702724,0.002614347343,0.00230983576,0.002156835095
2,30000,endpoint,17,attention,v_proj,self_attn,16,3584,512,16,65536,512,3584,1835008,16,32,2,0.02254981907,0.01348726285,1.664654391e-05,22.07691202,1.650477732,0.001021420888,0.008171732694,0.0005084943402,0.0002645481525,184,0.9971042136,0.004383847707,145,2.795364727,6.575924917,0.3577350713,0.6435293776,0.8044140743,0.9312060853,1,7,10,14,0.01348726285,0.01205507309,0.007078189657,0.005631002475,0.004548571669,0.004184078455,0.003861959849,0.003370796542,0.002768505858,0.002525897584,0.002249539515,0.002106413354,0.001864550398,0.001718523131,0.001687128734,0.001470664622
2,30000,endpoint,17,attention,o_proj,self_attn,16,3584,3584,16,114688,3584,3584,12845056,16,32,2,0.06356437189,0.04358842535,1.773559483e-05,56.8536688,4.791268337,0.001118034653,0.009097471125,0.004040429373,0.002102064942,120,0.9468807841,0.00497621132,111,2.126596816,5.148526224,0.4702348807,0.6674130364,0.8745542647,0.9523181468,1,5,8,14,0.04358842535,0.02822559853,0.02634046892,0.01196324373,0.01074536494,0.009091993324,0.007809662607,0.007421686694,0.006607427771,0.005745406582,0.005555200993,0.004770205023,0.00464480517,0.00407359523,0.003707354682,0.003234095788
2,30000,endpoint,17,mlp,gate_proj,mlp,16,3584,18944,16,360448,18944,3584,67895296,16,32,2,0.139567103,0.09097502214,1.69380426e-05,133.6220391,11.14984539,0.001044491642,0.008159307951,0.01947897623,0.01013408954,51,0.7189756515,0.004538723632,136,2.353541106,7.447219111,0.4248916654,0.6056163277,0.7256385233,0.8754887487,1,9,12,15,0.09097502214,0.05933238071,0.03579107767,0.03251012543,0.02981468528,0.02896255247,0.02512856017,0.02365881526,0.02276721548,0.02163896118,0.0188093701,0.01620047193,0.0157080659,0.01493492501,0.01434072179,0.01212689774
2,30000,endpoint,17,mlp,up_proj,mlp,16,3584,18944,16,360448,18944,3584,67895296,16,32,2,0.1357557518,0.09353825893,1.647549214e-05,138.3325325,5.228743107,0.0009813725622,0.01788924356,0.01842962415,0.009588155924,54,0.7484029792,0.004294218016,148,2.106385782,6.14869162,0.4747468429,0.6562302573,0.8017945803,0.9201603408,1,7,11,15,0.09353825893,0.05783313165,0.03863437039,0.03449755336,0.02931845154,0.02358719829,0.02021096583,0.01889512676,0.01725484151,0.01573829376,0.01505738245,0.01408017063,0.0120257659,0.01157305773,0.01101121917,0.01006050872
2,30000,endpoint,17,mlp,down_proj,mlp,16,18944,3584,16,360448,3584,18944,67895296,16,32,2,0.0687369318,0.06342746047,8.342002193e-06,135.1869596,8.604619054,0.0005084583009,0.007371326966,0.004724765794,0.00245809631,95,0.8898819286,0.001100900063,189,1.17442595,1.986819807,0.8514798229,0.9268066073,0.9600577421,0.9839322231,1,2,4,10,0.06342746047,0.01886534957,0.009957504165,0.007612616843,0.006323638154,0.005578223726,0.004864936658,0.004246026702,0.003835135403,0.003741937743,0.003431150588,0.003135898553,0.003076601932,0.002551239444,0.002387822536,0.001980774726
2,30000,endpoint,18,attention,q_proj,self_attn,16,3584,3584,16,114688,3584,3584,12845056,16,32,2,0.06899107734,0.06330366401,1.924974256e-05,57.74961543,4.173073378,0.001194658645,0.0151695545,0.004759768753,0.002476306873,93,0.8849620175,0.005862152995,61,1.187758531,2.125948116,0.8419219684,0.8991485359,0.9482368859,0.9825690024,1,3,5,10,0.06330366401,0.01650409731,0.01225544374,0.0091352774,0.007669117905,0.006953794989,0.005753667084,0.004810157581,0.004606724646,0.004003253522,0.003683842105,0.003116971486,0.002635461888,0.00248628451,0.002368571524,0.001922488551
2,30000,endpoint,18,attention,k_proj,self_attn,16,3584,512,16,65536,512,3584,1835008,16,32,2,0.02443044416,0.01479287603,1.803484365e-05,23.11234533,2.763460169,0.001057030077,0.005353026687,0.0005968466017,0.0003105141066,164,0.9913212869,0.005145553056,99,2.727454346,7.577158813,0.3666422506,0.5478353968,0.7632701575,0.9066704925,1,8,11,15,0.01479287603,0.01039925543,0.009183075822,0.006652264519,0.005746318178,0.00455175305,0.004280116805,0.00367831134,0.003504128107,0.003015471506,0.002867128179,0.002674450034,0.002427990807,0.002278593316,0.002022221923,0.001944685545
2,30000,endpoint,18,attention,v_proj,self_attn,16,3584,512,16,65536,512,3584,1835008,16,32,2,0.02079879616,0.01403914146,1.535391803e-05,24.89187137,1.540425882,0.0008355657896,0.009113805229,0.0004325899217,0.0002250582858,194,0.9995805817,0.003729458101,162,2.194801746,6.476329952,0.4556220177,0.6049050115,0.7857477785,0.9265492841,1,7,10,14,0.01403914146,0.008036063626,0.006706596288,0.005766482869,0.005259041109,0.003751941515,0.003359330745,0.002808848636,0.002538203686,0.002502780571,0.002193751917,0.002020909777,0.001811780366,0.001712810873,0.001522451888,0.00127941322
2,30000,endpoint,18,attention,o_proj,self_attn,16,3584,3584,16,114688,3584,3584,12845056,16,32,2,0.0608865931,0.05183629835,1.698844673e-05,60.79351753,5.208813475,0.001001531011,0.009951651868,0.003707177219,0.001928687906,128,0.9630302588,0.004565776441,135,1.379670524,3.202606963,0.72481073,0.7960621113,0.901001995,0.9711275547,1,4,6,12,0.05183629835,0.01625243052,0.01492078001,0.01289965386,0.01061657316,0.008831770163,0.006240334711,0.005505843294,0.004835083242,0.004445618167,0.004096876479,0.003630117921,0.003343678679,0.003208958366,0.002515425104,0.002475197633
2,30000,endpoint,18,mlp,gate_proj,mlp,16,3584,18944,16,360448,18944,3584,67895296,16,32,2,0.1477934144,0.1141501595,1.793639831e-05,133.1710932,10.96432362,0.001109801015,0.01041105347,0.02184289334,0.01136393588,42,0.6209665226,0.005089531145,102,1.676320747,4.608429799,0.5965445466,0.7539784717,0.8488873147,0.9325970315,1,7,10,15,0.1141501595,0.05864138841,0.03501398706,0.02910505878,0.02371623313,0.02215125213,0.02022663474,0.01913656125,0.01682980557,0.01564568023,0.01479079952,0.01363769712,0.01276867395,0.0122472285,0.01176826222,0.009379020099
2,30000,endpoint,18,mlp,up_proj,mlp,16,3584,18944,16,360448,18944,3584,67895296,16,32,2,0.1497751179,0.129176693,1.817690038e-05,140.7080657,5.594933968,0.001064438752,0.02308815327,0.02243258595,0.01167072806,41,0.6096025867,0.005226933219,95,1.344345866,2.985919834,0.7438561946,0.8454160654,0.9096641385,0.9634573937,1,4,7,13,0.129176693,0.04773102272,0.03063057005,0.02242807613,0.02035972315,0.01810993266,0.01606406677,0.01435895514,0.01318284305,0.0121532885,0.01154569566,0.01037034054,0.00946028603,0.008204387159,0.007307755285,0.006869939234
2,30000,endpoint,18,mlp,down_proj,mlp,16,18944,3584,16,360448,3584,18944,67895296,16,32,2,0.07167443898,0.06837448532,8.698501832e-06,137.802496,7.494154726,0.0005201243886,0.009123708786,0.005137225203,0.00267268154,82,0.8568657086,0.001197005692,187,1.098855191,1.593954093,0.9100380182,0.948548338,0.9781419668,0.9922605599,1,1,3,8,0.06837448532,0.01406542518,0.01013926574,0.00701601214,0.005142288282,0.004495357885,0.003776437393,0.003408451524,0.002785139806,0.002666347725,0.002462213306,0.002302494799,0.002163989975,0.001895774065,0.001737505966,0.001494361747
2,30000,endpoint,19,attention,q_proj,self_attn,16,3584,3584,16,114688,3584,3584,12845056,16,32,2,0.07115734608,0.06760846276,1.985417022e-05,57.3860476,4.54186206,0.001239976424,0.01488562662,0.005063367901,0.002634256702,84,0.862138201,0.006236067096,41,1.107738784,1.665598351,0.9027399009,0.9398629039,0.9682141083,0.9913539261,1,1,3,8,0.06760846276,0.01371012115,0.008974606665,0.00793782172,0.007039844908,0.005425060921,0.005067801185,0.003534416376,0.003057184423,0.002886012285,0.002562614275,0.002366403459,0.002126161231,0.002027668075,0.00169329449,0.001560995477
2,30000,endpoint,19,attention,k_proj,self_attn,16,3584,512,16,65536,512,3584,1835008,16,32,2,0.02156819236,0.01321137527,1.592189543e-05,21.27921258,2.441338036,0.001013580379,0.005411530514,0.0004651869215,0.0002420171296,191,0.9988886034,0.004010484401,156,2.665210025,7.888000397,0.3752049522,0.5127406593,0.7407786377,0.9049641211,1,8,11,15,0.01321137527,0.007998738164,0.007519116384,0.007038691209,0.00512786534,0.004850563369,0.003772762604,0.003510019083,0.003194220141,0.002784411308,0.00243917759,0.002284076565,0.002140582417,0.002047360022,0.001813796688,0.001738744285
2,30000,endpoint,19,attention,v_proj,self_attn,16,3584,512,16,65536,512,3584,1835008,16,32,2,0.02248380446,0.01426806544,1.659781114e-05,25.05350919,1.621565345,0.0008974313454,0.008798945714,0.0005055214631,0.0002630014899,185,0.997367215,0.004358217844,147,2.483186933,6.683833883,0.4027083047,0.6121826648,0.7959352575,0.9276043562,1,7,10,15,0.01426806544,0.01029047059,0.007455415931,0.006107999086,0.005327595072,0.004305248261,0.003404346422,0.002837877555,0.00263798873,0.00257517397,0.00250078266,0.002113300799,0.002006463471,0.001753208617,0.001725967364,0.0014860998
2,30000,endpoint,19,attention,o_proj,self_attn,16,3584,3584,16,114688,3584,3584,12845056,16,32,2,0.06455049514,0.05915947816,1.801074083e-05,59.57677569,4.945062905,0.0010834842,0.01196334188,0.004166766423,0.002167792779,117,0.940487055,0.005131808609,100,1.190557806,2.010600705,0.8399424162,0.9047980337,0.9706429613,0.9907743985,1,2,3,8,0.05915947816,0.01643892361,0.01516076005,0.006671715546,0.005984994596,0.004431950518,0.00398256365,0.003543986085,0.002966754667,0.002694524494,0.002411637386,0.002238338928,0.002063698823,0.001751014228,0.001647688078,0.00122999816
2,30000,endpoint,19,mlp,gate_proj,mlp,16,3584,18944,16,360448,18944,3584,67895296,16,32,2,0.1673530323,0.145041102,2.031017861e-05,134.9815489,12.06864585,0.001239821543,0.01201800963,0.0280070374,0.01457087998,22,0.3601855662,0.006525815371,34,1.331327766,2.934465072,0.7511298314,0.8450116587,0.9103666759,0.9646858162,1,4,7,13,0.145041102,0.05127720594,0.03234089236,0.0280083397,0.02529713451,0.02005784985,0.01604706017,0.01488447847,0.01455437493,0.01366410949,0.01195120432,0.01147937758,0.01068957685,0.009813710414,0.008275173215,0.006070098721
2,30000,endpoint,19,mlp,up_proj,mlp,16,3584,18944,16,360448,18944,3584,67895296,16,32,2,0.1670386449,0.1494627027,2.027202416e-05,140.3816345,5.572423325,0.001189889586,0.02682185002,0.02790190889,0.01451618605,23,0.3747017522,0.006501319768,35,1.249016726,2.406309221,0.800629791,0.8936957512,0.9394500184,0.9764676326,1,3,5,12,0.1494627027,0.05095800175,0.02587790369,0.02463666971,0.01985323554,0.01522995957,0.01482381505,0.01367530534,0.01203751768,0.01132244763,0.01022128595,0.009167468468,0.008001131236,0.007412062042,0.006651963914,0.005636999691
2,30000,endpoint,19,mlp,down_proj,mlp,16,18944,3584,16,360448,3584,18944,67895296,16,32,2,0.07939088952,0.07599949708,9.634980165e-06,137.0376049,6.948771125,0.000579336523,0.0109371133,0.006302913339,0.003279139898,67,0.8114573688,0.001468618339,175,1.091239051,1.539778324,0.9163894927,0.9584775149,0.9806608638,0.9932896839,1,1,2,7,0.07599949708,0.01628733116,0.008764133979,0.007937863764,0.005272852094,0.004822130207,0.003810644179,0.003744521434,0.003349104376,0.002934121156,0.002631255111,0.002257363261,0.001941189253,0.001609126136,0.00153449321,0.001318184189
2,30000,endpoint,20,attention,q_proj,self_attn,16,3584,3584,16,114688,3584,3584,12845056,16,32,2,0.08429632352,0.07936639931,2.352017955e-05,58.68717669,4.080684903,0.001436366993,0.01944928393,0.007105870159,0.003696884456,60,0.7870680084,0.008751622231,7,1.128090423,1.673627839,0.8864537628,0.954023304,0.9810083069,0.9945342803,1,2,2,7,0.07936639931,0.02191210594,0.01236939058,0.006224958149,0.005967103292,0.005165344925,0.004577108014,0.003588423457,0.003421003944,0.002558276534,0.00233226577,0.002223465632,0.001860757214,0.001624565522,0.001572541117,0.001277837387
2,30000,endpoint,20,attention,k_proj,self_attn,16,3584,512,16,65536,512,3584,1835008,16,32,2,0.02684948773,0.01653401448,1.982061032e-05,22.31836675,2.351049866,0.001203022069,0.007032609016,0.0007208949915,0.0003750512504,147,0.9855129172,0.006215003011,43,2.637031885,6.61717227,0.3792142241,0.6115201297,0.8144033265,0.9299575936,1,7,10,14,0.01653401448,0.01294094911,0.009476708647,0.007513286471,0.00603243305,0.004450207141,0.003776454283,0.003584172623,0.003434985229,0.002969768847,0.002765326813,0.002440800591,0.002336494313,0.002123725644,0.001946962219,0.001584282596
2,30000,endpoint,20,attention,v_proj,self_attn,16,3584,512,16,65536,512,3584,1835008,16,32,2,0.02407600415,0.016195254,1.777319184e-05,25.88930388,1.708510738,0.000929959502,0.009479164304,0.0005796539758,0.0003015695087,166,0.9919246651,0.004997331439,107,2.210005181,5.786064311,0.4524876271,0.6769800124,0.8347962242,0.9338605021,1,7,10,14,0.016195254,0.01140736182,0.007930327037,0.005346840905,0.004646223875,0.003804666277,0.003483612775,0.003037196533,0.002871791461,0.002721178334,0.002430880608,0.002242602749,0.002056987454,0.001786591178,0.001572397493,0.001360896138
2,30000,endpoint,20,attention,o_proj,self_attn,16,3584,3584,16,114688,3584,3584,12845056,16,32,2,0.07043687582,0.06513198581,1.965314616e-05,60.8648568,4.865688361,0.001157266763,0.01338597563,0.004961353475,0.0025811829,87,0.869923298,0.006110425662,51,1.169530442,1.898599373,0.855044011,0.936034629,0.9700744882,0.9919917531,1,2,3,8,0.06513198581,0.02004552529,0.009322850669,0.00905363071,0.007196118536,0.005011389461,0.004341310693,0.003604743166,0.003009980511,0.002918962086,0.002562973799,0.002440281942,0.002034862625,0.001591511395,0.001378726021,0.001026231427
2,30000,endpoint,20,mlp,gate_proj,mlp,16,3584,18944,16,360448,18944,3584,67895296,16,32,2,0.1804267375,0.1608974,2.189682024e-05,134.449246,11.12103049,0.001341969128,0.01446784992,0.03255380759,0.01693637268,6,0.1104227456,0.007585241341,13,1.257487682,2.547205426,0.795236418,0.8705146997,0.9306324803,0.9674803146,1,3,6,13,0.1608974,0.04950348166,0.03482947676,0.02727581733,0.01883325292,0.01812041149,0.01654987909,0.01557556045,0.01492099851,0.01304459299,0.01279130837,0.01181156836,0.0108839621,0.00981532248,0.009061111816,0.008112109867
2,30000,endpoint,20,mlp,up_proj,mlp,16,3584,18944,16,360448,18944,3584,67895296,16,32,2,0.1711709572,0.1570449048,2.077352688e-05,141.1015197,5.906938779,0.001213104987,0.02658651303,0.02929949658,0.01524329196,16,0.2708056585,0.006826966466,25,1.187989103,2.097876457,0.8417585625,0.9108774089,0.9520816574,0.9814575579,1,2,4,11,0.1570449048,0.0450016378,0.02769962352,0.02097604814,0.01854426053,0.01375528468,0.01323699691,0.0123443733,0.01091395501,0.01059676341,0.009237633244,0.009094090498,0.006788971175,0.006118067476,0.005628988152,0.005351231081
2,30000,endpoint,20,mlp,down_proj,mlp,16,18944,3584,16,360448,3584,18944,67895296,16,32,2,0.07809929587,0.07354563142,9.478230703e-06,137.8876865,6.544811273,0.0005663978984,0.01123724251,0.006099500016,0.003173312528,71,0.8242899136,0.001421221759,178,1.12766597,1.720784173,0.8867874231,0.9381536022,0.9772018299,0.9930719656,1,2,3,7,0.07354563142,0.01770050875,0.01319527556,0.008003709692,0.006299844507,0.005157223449,0.003987579461,0.003822840336,0.003064499864,0.002884786075,0.002694868181,0.002459846035,0.001922317424,0.001709698471,0.00167280428,0.001347067778
2,30000,endpoint,21,attention,q_proj,self_attn,16,3584,3584,16,114688,3584,3584,12845056,16,32,2,0.07843337212,0.07015099685,2.188431142e-05,57.10317363,3.677788686,0.001373537881,0.0190742326,0.006151793863,0.00320051881,70,0.821116601,0.007576577495,14,1.250069275,2.24560581,0.7999556663,0.9125851095,0.963144332,0.9871603516,1,2,4,10,0.07015099685,0.02632248311,0.01474056689,0.009682231277,0.007595139514,0.00583625249,0.00553124628,0.00503973506,0.004107131843,0.003810005269,0.003594335098,0.003272802635,0.003203344658,0.002427589325,0.002337922318,0.001533371577
2,30000,endpoint,21,attention,k_proj,self_attn,16,3584,512,16,65536,512,3584,1835008,16,32,2,0.02969841761,0.02060746242,2.192372414e-05,19.94945955,2.246958484,0.001488682816,0.009171269772,0.0008819960087,0.000458865313,143,0.9839619423,0.007603892265,11,2.076909566,5.635440408,0.4814846137,0.6678871827,0.8468154092,0.9394193439,1,6,9,14,0.02060746242,0.01282210286,0.009844037298,0.007804416141,0.005233322075,0.004811997338,0.004186673429,0.003688507561,0.003399226102,0.003010410967,0.002894752391,0.002546797812,0.002387837006,0.002188392651,0.002080863472,0.001768613397
2,30000,endpoint,21,attention,v_proj,self_attn,16,3584,512,16,65536,512,3584,1835008,16,32,2,0.0276669403,0.01999307998,2.04240635e-05,27.74698953,1.674629095,0.0009971150304,0.01193881083,0.0007654595858,0.0003982363287,144,0.9843601786,0.006599204721,32,1.914973901,4.871366183,0.5222003285,0.7101732508,0.879638889,0.953246452,1,5,8,14,0.01999307998,0.01199523552,0.00965678925,0.006038668614,0.004481146436,0.003791125242,0.003431511601,0.003180414877,0.002703035489,0.002552637227,0.002336344513,0.002107982606,0.002030454282,0.001802424096,0.001590660274,0.001470312951
2,30000,endpoint,21,attention,o_proj,self_attn,16,3584,3584,16,114688,3584,3584,12845056,16,32,2,0.06878890338,0.06121285727,1.919333242e-05,63.20318339,5.267427952,0.001088377194,0.01162101462,0.004731913228,0.002461814819,94,0.8874238323,0.005827846003,62,1.262849128,2.245134718,0.7918602294,0.9212314445,0.963134801,0.9879603315,1,2,3,9,0.06121285727,0.02474213742,0.01201250998,0.007347288663,0.006603769414,0.005884492774,0.004847723215,0.003966712788,0.003322271773,0.003255439221,0.002833768582,0.002686145178,0.002594337346,0.002383261551,0.002154817446,0.001742386825
2,30000,endpoint,21,mlp,gate_proj,mlp,16,3584,18944,16,360448,18944,3584,67895296,16,32,2,0.1806270377,0.1343052559,2.192112894e-05,136.5876623,11.69046652,0.001322425721,0.0114884428,0.03262612676,0.0169739973,5,0.09348637289,0.007602092162,12,1.808753988,3.901851967,0.5528667838,0.8318225899,0.9013108044,0.9651846213,1,4,7,13,0.1343052559,0.09540045854,0.03676197773,0.03026034182,0.02696876439,0.02571697904,0.0209609944,0.01599733414,0.01521989475,0.0147665536,0.01375605606,0.01218710861,0.01163044434,0.009602327057,0.008280406027,0.007238985943
2,30000,endpoint,21,mlp,up_proj,mlp,16,3584,18944,16,360448,18944,3584,67895296,16,32,2,0.1710593709,0.1506592296,2.075998463e-05,141.0800399,5.64851978,0.001212498742,0.02667233815,0.02926130838,0.01522342425,17,0.2860290827,0.006818068375,26,1.289146448,2.465811138,0.775707059,0.9012861821,0.9488497445,0.9800932875,1,2,5,11,0.1506592296,0.06061855696,0.02830619307,0.0243008539,0.01793547008,0.01534394084,0.01425407967,0.01240687512,0.01148671703,0.01066374311,0.00937378464,0.00845917653,0.008072071908,0.006866069302,0.005809918103,0.005599505557
2,30000,endpoint,21,mlp,down_proj,mlp,16,18944,3584,16,360448,3584,18944,67895296,16,32,2,0.07909285457,0.07310901786,9.598810261e-06,137.8420263,5.303142367,0.00057379347,0.01378598061,0.006255679644,0.003254566199,68,0.814711935,0.001457612592,176,1.170395385,1.88891283,0.8544121179,0.9333118011,0.9769420257,0.9921385795,1,2,3,8,0.07310901786,0.02221646107,0.01361455287,0.009358453827,0.006022120193,0.004976821514,0.004489235599,0.003725164683,0.003386127175,0.003263675929,0.002688318605,0.002455511143,0.002268039596,0.001910100011,0.001619600413,0.001545609093
2,30000,endpoint,22,attention,q_proj,self_attn,16,3584,3584,16,114688,3584,3584,12845056,16,32,2,0.07514234774,0.06976127288,2.096605685e-05,58.11785857,4.07368327,0.001292930428,0.01712486422,0.005646372424,0.002937569358,78,0.8458534792,0.006954098136,23,1.160221015,1.964318285,0.8619047466,0.9175940726,0.9513700515,0.9864063868,1,2,4,9,0.06976127288,0.01773253153,0.009959629982,0.009566479316,0.008367134501,0.007700408748,0.00642007932,0.005225470705,0.004608657951,0.003745451976,0.00327825944,0.003193139626,0.002824603972,0.002416555014,0.002018080335,0.001628669571
2,30000,endpoint,22,attention,k_proj,self_attn,16,3584,512,16,65536,512,3584,1835008,16,32,2,0.02753019771,0.02231836217,2.032311849e-05,19.45190466,1.92449378,0.001415295735,0.01159700405,0.0007579117858,0.0003943095268,145,0.9847544881,0.006534133385,33,1.521577295,3.582004463,0.657212751,0.8108128733,0.9043133468,0.9678833449,1,4,7,13,0.02231836217,0.0107895942,0.006751935694,0.0050275715,0.004811457273,0.003198180312,0.002803408777,0.002634932939,0.002284227542,0.002024845477,0.001923044096,0.001786942834,0.001565760152,0.001503171256,0.001456004233,0.001140857787
2,30000,endpoint,22,attention,v_proj,self_attn,16,3584,512,16,65536,512,3584,1835008,16,32,2,0.02678345986,0.01918677128,1.977186776e-05,27.14584264,2.028233976,0.000986650524,0.009459841177,0.0007173537221,0.0003732088773,148,0.985886126,0.006184472906,45,1.948630783,4.620316584,0.5131808491,0.7608184943,0.8900080854,0.9572193109,1,5,8,13,0.01918677128,0.01332830771,0.007254743286,0.006327980239,0.004348426651,0.003368766817,0.003179009806,0.002801912777,0.002662550135,0.002477210925,0.00213188506,0.001915085199,0.001768596704,0.001635173244,0.001449077161,0.001161509227
2,30000,endpoint,22,attention,o_proj,self_attn,16,3584,3584,16,114688,3584,3584,12845056,16,32,2,0.06929266213,0.060694737,1.93338901e-05,63.4846213,4.348540535,0.001091487367,0.01395749597,0.004801473025,0.002498003847,92,0.8824857106,0.005913516167,60,1.30338412,2.515112339,0.7672335302,0.8633976362,0.9544977161,0.9884223895,1,3,4,9,0.060694737,0.0214878887,0.01865109679,0.009463147712,0.008785487424,0.006908171258,0.00465611634,0.00403749495,0.003905828826,0.003447433874,0.002870279987,0.002643236017,0.00217431073,0.00191494724,0.001658178923,0.001442176899
2,30000,endpoint,22,mlp,gate_proj,mlp,16,3584,18944,16,360448,18944,3584,67895296,16,32,2,0.1795584135,0.1599882759,2.179143933e-05,136.7619802,12.45184745,0.001312926394,0.01284855734,0.03224122386,0.01677374856,8,0.1440911222,0.007512407371,16,1.259607397,2.535210325,0.7938981642,0.8700831307,0.9279673896,0.974977576,1,3,6,12,0.1599882759,0.04956103875,0.03437135679,0.02617000536,0.02501661964,0.01924480107,0.01709478328,0.01507450504,0.01289687509,0.01169858469,0.01140560336,0.009980279154,0.00952871939,0.008462515519,0.00777904732,0.007137878122
2,30000,endpoint,22,mlp,up_proj,mlp,16,3584,18944,16,360448,18944,3584,67895296,16,32,2,0.1606656944,0.1448354395,1.949859471e-05,141.8216006,6.529979308,0.001132871817,0.02218007633,0.02581346535,0.01342965698,32,0.4991227988,0.006014699325,56,1.230542528,2.273857738,0.8126496866,0.9016543617,0.9505474547,0.9824723313,1,2,4,10,0.1448354395,0.04793244305,0.02688051143,0.02322796304,0.01858716725,0.01367245636,0.01248625342,0.01165188067,0.01037041774,0.009728799079,0.008209628453,0.007656119667,0.006921483598,0.005774655347,0.00523857683,0.003942630809
2,30000,endpoint,22,mlp,down_proj,mlp,16,18944,3584,16,360448,3584,18944,67895296,16,32,2,0.07768239426,0.07257489895,9.427634989e-06,138.8972237,5.119180586,0.0005592796758,0.01417705387,0.006034554378,0.003139524052,73,0.8305969616,0.001406089018,180,1.145703726,1.827206891,0.8728259997,0.9270510849,0.9720341855,0.9922472477,1,2,3,8,0.07257489895,0.01808934009,0.01305646973,0.0100489584,0.007545978072,0.005454654764,0.004405753234,0.003983857135,0.003626049174,0.002948197308,0.002659622636,0.002342645269,0.002045184917,0.00183644245,0.00163684121,0.001465665239
2,30000,endpoint,23,attention,q_proj,self_attn,16,3584,3584,16,114688,3584,3584,12845056,16,32,2,0.0660408181,0.05037307053,1.842656755e-05,59.48043008,4.087794552,0.001110294899,0.01232279898,0.004361389655,0.002269047036,111,0.9272833716,0.005371507473,89,1.718810667,4.306098313,0.581797646,0.740667237,0.8928641688,0.9656804885,1,5,7,13,0.05037307053,0.02632284541,0.0208229641,0.01517215508,0.01191493009,0.008090804635,0.00772412936,0.007105736441,0.006034714529,0.005275010477,0.004701242887,0.004388665202,0.003746955866,0.003478532944,0.003355668262,0.002583563705
2,30000,endpoint,23,attention,k_proj,self_attn,16,3584,512,16,65536,512,3584,1835008,16,32,2,0.02256286912,0.0121873294,1.665617761e-05,20.53705367,2.174488207,0.001098641971,0.005604688664,0.0005090830629,0.0002648544401,183,0.9968396654,0.004388923223,144,3.427453326,7.556970605,0.2917618141,0.514513528,0.7813269346,0.9237431364,1,7,10,15,0.0121873294,0.01064890252,0.009763210977,0.006364738619,0.005423047422,0.004122869409,0.003771769186,0.003444987364,0.003075676685,0.002574825473,0.002328463085,0.002175229134,0.001946691689,0.001911497254,0.001696639976,0.001502060176
2,30000,endpoint,23,attention,v_proj,self_attn,16,3584,512,16,65536,512,3584,1835008,16,32,2,0.02402437511,0.01682536179,1.773507867e-05,27.55447356,1.867441918,0.0008718865582,0.009009844766,0.0005771705994,0.0003002775128,169,0.9928275191,0.004975921675,113,2.038803532,4.97353262,0.490483749,0.7260122613,0.8777663165,0.9534425319,1,5,8,14,0.01682536179,0.01165933671,0.007561554054,0.005514605994,0.004310290093,0.003226274931,0.00283123774,0.002583549659,0.002374416847,0.002165806692,0.00199308648,0.001890817105,0.001705236778,0.001623114154,0.001398503924,0.001223641903
2,30000,endpoint,23,attention,o_proj,self_attn,16,3584,3584,16,114688,3584,3584,12845056,16,32,2,0.06587060528,0.06273182398,1.837907514e-05,64.92898925,5.386493537,0.001014502244,0.01164613371,0.00433893664,0.00225736568,112,0.9295407372,0.005343854238,90,1.102573317,1.621310886,0.9069691646,0.9452127865,0.9746311929,0.9914338872,1,1,3,8,0.06273182398,0.01288164013,0.009391757705,0.006280086659,0.005701724145,0.00407308847,0.003608016657,0.003284559943,0.00284025287,0.002691870983,0.002355321375,0.00229680669,0.001974900703,0.001805794595,0.001425870163,0.001355552433
2,30000,endpoint,23,mlp,gate_proj,mlp,16,3584,18944,16,360448,18944,3584,67895296,16,32,2,0.2064963251,0.1858181448,2.506065883e-05,137.9935184,14.32737491,0.001496420466,0.01296944807,0.04264073229,0.02218417405,1,0.02218417405,0.00993555806,4,1.234947271,2.392628284,0.8097511718,0.8731484137,0.9376118252,0.979412393,1,3,5,11,0.1858181448,0.05199331512,0.04081475767,0.03290778979,0.02764883501,0.02171047948,0.01805080418,0.01485840816,0.01474048264,0.01261786349,0.01160420399,0.01018749678,0.009380329108,0.008541763013,0.007931883433,0.00625049011
2,30000,endpoint,23,mlp,up_proj,mlp,16,3584,18944,16,360448,18944,3584,67895296,16,32,2,0.1736117823,0.1574453001,2.106974854e-05,141.4665659,6.612890248,0.001227228364,0.02380884821,0.03014105095,0.01568111719,13,0.2245112502,0.007023053911,21,1.215903165,2.210130389,0.8224339151,0.8997310576,0.9513437987,0.9849498647,1,3,4,10,0.1574453001,0.04826817907,0.03388188106,0.02019109694,0.01837784522,0.01699134144,0.01475422074,0.01299169881,0.01078510427,0.008749434191,0.008631382477,0.00788292901,0.007106365447,0.005639911375,0.004915195053,0.0042007519
2,30000,endpoint,23,mlp,down_proj,mlp,16,18944,3584,16,360448,3584,18944,67895296,16,32,2,0.08145314885,0.07657047512,9.885258602e-06,138.762284,5.286413045,0.0005869977527,0.0144843913,0.006634615458,0.003451710517,65,0.8048848133,0.001545907013,174,1.131600348,1.773193229,0.8837042172,0.9291821768,0.9684946704,0.9919424655,1,2,3,8,0.07657047512,0.01737034177,0.0130701111,0.009486594411,0.008619751593,0.00687634665,0.004224265039,0.004017266251,0.003461559309,0.003370616557,0.003125647247,0.002713785507,0.002063124517,0.001885758741,0.001751297462,0.001449579281
2,30000,endpoint,24,attention,q_proj,self_attn,16,3584,3584,16,114688,3584,3584,12845056,16,32,2,0.07956351534,0.07363594725,2.219964156e-05,56.75886606,3.822658251,0.00140178127,0.01926302128,0.006330352974,0.003293415582,66,0.8081782289,0.007796491714,9,1.167476562,2.015375546,0.8565482446,0.9032404555,0.9534796981,0.9844223015,1,2,4,10,0.07363594725,0.01719238716,0.01493793007,0.009741169525,0.008120969669,0.007432309201,0.006462174522,0.005738338959,0.00491723864,0.004350494333,0.003924412493,0.003737936396,0.003178624751,0.00283818035,0.002157517319,0.001821896561
2,30000,endpoint,24,attention,k_proj,self_attn,16,3584,512,16,65536,512,3584,1835008,16,32,2,0.03285551371,0.02179768267,2.425432993e-05,19.46239995,1.825873274,0.001688153249,0.0119382232,0.001079484781,0.0005616103897,142,0.983503077,0.009306488805,5,2.271934844,5.337200871,0.4401534676,0.7219279499,0.8569916614,0.9389703925,1,6,9,15,0.02179768267,0.01744050645,0.01042538021,0.006091852653,0.005606175673,0.005111300061,0.004051416403,0.00381132834,0.003525689251,0.003241057852,0.003130448081,0.002988177734,0.002724014772,0.00241412365,0.00238277476,0.002300177266
2,30000,endpoint,24,attention,v_proj,self_attn,16,3584,512,16,65536,512,3584,1835008,16,32,2,0.02657001172,0.01833748134,1.96142978e-05,31.05244558,2.314050722,0.0008556495704,0.007924407689,0.0007059655226,0.0003672840776,151,0.9869991576,0.006086292596,52,2.099443165,5.017597559,0.4763167761,0.7518517277,0.8547156126,0.9476156601,1,6,9,14,0.01833748134,0.01394697731,0.00667485328,0.005297611722,0.005079234954,0.004218848922,0.003417867076,0.003210155956,0.002978486331,0.002406324304,0.002343887171,0.00219149855,0.001928277747,0.001817681009,0.001762780267,0.001376108235
2,30000,endpoint,24,attention,o_proj,self_attn,16,3584,3584,16,114688,3584,3584,12845056,16,32,2,0.07048143329,0.05240056698,1.966557849e-05,65.25187348,6.236852365,0.001080144209,0.008401764851,0.004967632439,0.00258444958,86,0.8673421151,0.006118158863,50,1.809162104,3.831606575,0.5527420665,0.8072372875,0.9272345295,0.9778351353,1,4,6,11,0.05240056698,0.03555613471,0.02091041497,0.01260383822,0.01046804127,0.007919161935,0.006649993995,0.005903369969,0.00536978145,0.004465565318,0.00433789453,0.003522689818,0.003395423743,0.00267449973,0.002563083632,0.002202987248
2,30000,endpoint,24,mlp,gate_proj,mlp,16,3584,18944,16,360448,18944,3584,67895296,16,32,2,0.1939916072,0.1754676726,2.354307023e-05,135.5493945,12.74504214,0.001431150673,0.01376752393,0.03763274366,0.01957872885,2,0.0417629029,0.0087686653,6,1.222282661,2.302470804,0.8181413611,0.8867575382,0.9429657646,0.9771734703,1,3,5,12,0.1754676726,0.05081549966,0.04022587158,0.02229683905,0.02107698139,0.01894584475,0.01621371696,0.01487484533,0.01340029141,0.01234600319,0.01195995347,0.01054189354,0.009476155414,0.008450740563,0.007713844734,0.007221176588
2,30000,endpoint,24,mlp,up_proj,mlp,16,3584,18944,16,360448,18944,3584,67895296,16,32,2,0.1457979075,0.132077211,1.769422103e-05,142.8441369,6.67613588,0.001020678277,0.01978348155,0.02125702984,0.01105913582,47,0.6768238929,0.004953021274,115,1.218559678,2.247376068,0.8206409733,0.9020268573,0.9464440391,0.9797318557,1,2,5,11,0.132077211,0.04159353513,0.02568674473,0.01686322939,0.01565433326,0.01397983522,0.01264405079,0.01035539222,0.009091285042,0.008534132236,0.008132461997,0.007633579392,0.007117765612,0.006554536262,0.00584135018,0.004816979722
2,30000,endpoint,24,mlp,down_proj,mlp,16,18944,3584,16,360448,3584,18944,67895296,16,32,2,0.07285325424,0.06861252692,8.841564363e-06,140.9684439,5.421981501,0.0005168054087,0.01265451144,0.005307596653,0.002761318617,80,0.8514637686,0.001236703309,185,1.127433885,1.720501324,0.8869699711,0.9402158532,0.9767367211,0.9937314266,1,2,3,7,0.06861252692,0.01681093885,0.01065905277,0.008956708702,0.00660225848,0.00461532271,0.003871101353,0.003213190842,0.002913076023,0.002445004004,0.002174463897,0.001935366214,0.001791910118,0.001731770569,0.001542253414,0.00132081427
2,30000,endpoint,25,attention,q_proj,self_attn,16,3584,3584,16,114688,3584,3584,12845056,16,32,2,0.06753029033,0.06290899875,1.88421569e-05,55.28542481,3.810693367,0.001221484515,0.0165085439,0.004560340113,0.002372552565,99,0.8995352986,0.005616535768,70,1.152316254,1.935974448,0.8678173175,0.9072521158,0.9548530562,0.9877209674,1,2,4,9,0.06290899875,0.01341029801,0.01130105601,0.009453179937,0.007746655825,0.006168441767,0.005701775965,0.004395253611,0.003799421131,0.003318655938,0.002940588516,0.002672843001,0.002416537739,0.001931050504,0.001802453717,0.001392438964
2,30000,endpoint,25,attention,k_proj,self_attn,16,3584,512,16,65536,512,3584,1835008,16,32,2,0.02714589572,0.01639719904,2.00394222e-05,17.70021914,1.800611231,0.001533647437,0.009106462717,0.0007368996542,0.0003833778012,146,0.9851378659,0.006352982922,37,2.740747431,6.755171237,0.3648639743,0.5712561195,0.8171080199,0.9290027901,1,7,10,15,0.01639719904,0.01233248963,0.01146147706,0.007057104506,0.005477083095,0.004600828845,0.004163870391,0.003735148657,0.003229336721,0.003032198654,0.002672862872,0.002520221899,0.002432239954,0.00228121358,0.002098271049,0.001917496486
2,30000,endpoint,25,attention,v_proj,self_attn,16,3584,512,16,65536,512,3584,1835008,16,32,2,0.0214029989,0.01351429133,1.579994766e-05,33.9312262,3.092621101,0.0006307758751,0.004369850329,0.000458088362,0.0002383240486,192,0.9991269274,0.003949286072,158,2.508203124,6.154032991,0.3986917927,0.6494270049,0.824829077,0.9420174598,1,6,9,14,0.01351429133,0.01071722364,0.006785973411,0.005856638349,0.004986639211,0.003714119802,0.002912566964,0.002557016127,0.002397316259,0.002299754027,0.001901844993,0.001860517879,0.001652302818,0.001471734634,0.001376645488,0.001286596931
2,30000,endpoint,25,attention,o_proj,self_attn,16,3584,3584,16,114688,3584,3584,12845056,16,32,2,0.05301449742,0.04597937515,1.479199147e-05,68.82572839,5.375983771,0.0007702715055,0.008552736971,0.002810536937,0.001462203795,138,0.9802363573,0.003461470163,165,1.329422936,2.648751713,0.7522060683,0.8752135179,0.9429732561,0.9867622924,1,3,5,9,0.04597937515,0.01859346608,0.01103715268,0.008283870332,0.007021151759,0.006120099967,0.004892716628,0.003518498606,0.003019248129,0.002903654612,0.002456796147,0.002024572101,0.001795519859,0.001711313696,0.0014700291,0.001099902547
2,30000,endpoint,25,mlp,gate_proj,mlp,16,3584,18944,16,360448,18944,3584,67895296,16,32,2,0.170225342,0.1576403964,2.065876581e-05,134.1370003,12.38991534,0.001269040918,0.01272328277,0.02897666706,0.01507533738,18,0.3011044201,0.006751745163,27,1.166039854,2.105492698,0.85760362,0.8901897443,0.9279389078,0.972930394,1,3,6,12,0.1576403964,0.03072844404,0.02425493629,0.02248428362,0.02074844537,0.01834222833,0.01743177665,0.0152610993,0.01458771169,0.01142796796,0.01048016151,0.009452107124,0.009082897077,0.00793617601,0.007416627389,0.006428280698
2,30000,endpoint,25,mlp,up_proj,mlp,16,3584,18944,16,360448,18944,3584,67895296,16,32,2,0.1415421319,0.1184019117,1.717773464e-05,144.3501976,7.779125963,0.0009805468526,0.01522046464,0.0200341751,0.01042293609,50,0.7088415619,0.004668088449,131,1.429071758,3.280917435,0.6997549247,0.8232041518,0.9009984097,0.9757838346,1,4,7,11,0.1184019117,0.04973131239,0.03075979003,0.0247462947,0.02190330081,0.02106041141,0.01808530423,0.01574454043,0.01356496251,0.009306185609,0.007045379294,0.006658307188,0.006150628186,0.005690549296,0.005343840203,0.00466882948
2,30000,endpoint,25,mlp,down_proj,mlp,16,18944,3584,16,360448,3584,18944,67895296,16,32,2,0.06647874461,0.06062197911,8.067945699e-06,143.7408991,6.699544854,0.0004624901127,0.00904867128,0.004419423485,0.002299239589,107,0.9181937856,0.00102975339,193,1.202556245,2.069954129,0.8315619365,0.9215260622,0.9637164346,0.9900745429,1,2,4,8,0.06062197911,0.01993964818,0.0104250947,0.008818986518,0.006926388589,0.005528216952,0.004461150708,0.004248498027,0.003440518052,0.002940021843,0.002444944153,0.002211054683,0.002058403798,0.001845173527,0.001702342985,0.001406317015
2,30000,endpoint,26,attention,q_proj,self_attn,16,3584,3584,16,114688,3584,3584,12845056,16,32,2,0.07400050648,0.05657595854,2.064746274e-05,51.73384417,3.952973902,0.001430408037,0.01431225198,0.005476074959,0.002848970772,79,0.8487024499,0.006744358998,28,1.710824823,3.87041576,0.5845133802,0.786802465,0.9125155493,0.9802646271,1,4,6,11,0.05657595854,0.03328288136,0.02255564804,0.01340361943,0.01255722051,0.01066821399,0.007194652872,0.006909516756,0.005428993362,0.004344091143,0.00429690623,0.003376702807,0.003327151921,0.003023592212,0.002399011594,0.001973436914
2,30000,endpoint,26,attention,k_proj,self_attn,16,3584,512,16,65536,512,3584,1835008,16,32,2,0.02408555008,0.01438293046,1.778023876e-05,16.94211667,1.92705708,0.0014216376,0.007463676403,0.0005801137226,0.0003018086956,165,0.9916230956,0.005001295023,106,2.804260649,7.254453114,0.3566002328,0.5698072448,0.7789220622,0.9235059809,1,8,10,15,0.01438293046,0.01112134495,0.008762187272,0.006673413623,0.00579270644,0.004637889087,0.003869320742,0.003719947477,0.003173286525,0.002816710781,0.002532117537,0.002301569019,0.002167476742,0.002021364296,0.001775037574,0.001651713226
2,30000,endpoint,26,attention,v_proj,self_attn,16,3584,512,16,65536,512,3584,1835008,16,32,2,0.02096162582,0.0143828096,1.547412081e-05,40.57344237,3.178246661,0.0005166341478,0.004525391243,0.0004393897571,0.0002285959533,193,0.9993555234,0.00378808106,161,2.124038897,6.375492136,0.4708011709,0.6119349415,0.787427188,0.9255359293,1,7,10,14,0.0143828096,0.007874816389,0.006984618938,0.005322085479,0.004700523555,0.003969641675,0.003468861956,0.003285968095,0.002667817338,0.002575220661,0.002149989287,0.001924488935,0.00185782954,0.001728748912,0.001477267889,0.00142169044
2,30000,endpoint,26,attention,o_proj,self_attn,16,3584,3584,16,114688,3584,3584,12845056,16,32,2,0.05347078653,0.04030467589,1.491930428e-05,71.58582662,6.28160328,0.0007469465542,0.006416303943,0.002859125012,0.001487482121,137,0.9787741535,0.003521311459,164,1.760038948,3.861201062,0.5681692447,0.7760023458,0.9349166671,0.9841194596,1,4,5,10,0.04030467589,0.02437664492,0.01619254189,0.01386208852,0.008649353469,0.005447516338,0.004400463698,0.004101963447,0.003508589599,0.002952520559,0.002844546097,0.002243178883,0.002041860273,0.001784919357,0.001504770809,0.001278323925
2,30000,endpoint,26,mlp,gate_proj,mlp,16,3584,18944,16,360448,18944,3584,67895296,16,32,2,0.1667098944,0.1412320188,2.023212658e-05,134.1689764,10.39277786,0.001242536829,0.01358943881,0.02779218889,0.01445910336,24,0.3891608556,0.00647575432,36,1.393337798,3.01816717,0.7177010494,0.8294838314,0.9323495939,0.9780509486,1,3,5,11,0.1412320188,0.055737673,0.0452178492,0.02853437954,0.0236133467,0.01930948978,0.013576694,0.01246465108,0.0113149545,0.01086662321,0.009401229067,0.008817782449,0.007606568994,0.0072732317,0.00680550439,0.006378825119
2,30000,endpoint,26,mlp,up_proj,mlp,16,3584,18944,16,360448,18944,3584,67895296,16,32,2,0.1544590288,0.1253499525,1.874534582e-05,145.8211616,10.30962363,0.001059236034,0.01215853817,0.02385759159,0.01241209838,36,0.5500096423,0.005558968471,74,1.518372231,3.316852281,0.6586000322,0.8422347987,0.9184870285,0.9809174147,1,4,6,11,0.1253499525,0.06618975194,0.0319274003,0.02828136604,0.02497479489,0.02212738677,0.01398447948,0.01343545181,0.01053673543,0.009218151315,0.008600937298,0.007310271346,0.006875478934,0.005895641628,0.005171858352,0.004803364452
2,30000,endpoint,26,mlp,down_proj,mlp,16,18944,3584,16,360448,3584,18944,67895296,16,32,2,0.05583773426,0.05002026593,6.776539038e-06,143.6608163,5.923698747,0.0003886775511,0.008444093473,0.003117852568,0.001622087153,136,0.9772866714,0.000726479203,195,1.246130663,2.236236805,0.8024840653,0.9039438326,0.9668499837,0.9905037,1,2,4,8,0.05002026593,0.01778585382,0.01145010419,0.008063945614,0.005386613523,0.004171135139,0.004015964662,0.003347664002,0.002974519551,0.002407835383,0.001947656569,0.001817802472,0.001741931927,0.001472574678,0.001308631533,0.0009744403855
2,30000,endpoint,27,attention,q_proj,self_attn,16,3584,3584,16,114688,3584,3584,12845056,16,32,2,0.1464454532,0.1273287243,4.086089653e-05,56.62146747,7.863893293,0.002586394519,0.01619156308,0.02144627075,0.01115758988,45,0.6546113903,0.02641332528,1,1.322814687,2.189514428,0.7559637866,0.9261744731,0.9925263775,0.998948861,1,2,3,4,0.1273287243,0.06041841167,0.03119753922,0.02120647195,0.00770843849,0.00643328516,0.004822382975,0.003698075302,0.003229725047,0.001869856881,0.001693620177,0.001422814876,0.001227244775,0.0009758395446,0.0008256125719,0.0007633759562
2,30000,endpoint,27,attention,k_proj,self_attn,16,3584,512,16,65536,512,3584,1835008,16,32,2,0.02039907137,0.01186922157,1.505883644e-05,18.0091123,2.115520377,0.001132708322,0.005610544668,0.0004161221127,0.0002164907795,195,0.9997970725,0.003587485298,163,2.953767585,7.399481892,0.3385506717,0.5757089427,0.7687836554,0.9191481198,1,8,10,14,0.01186922157,0.009934123051,0.006937088945,0.005676218313,0.005125019463,0.003743495156,0.003382750696,0.003293538497,0.002610240036,0.002536384035,0.002415985878,0.002041043635,0.001861904974,0.001801535953,0.001411249672,0.001300370624
2,30000,endpoint,27,attention,v_proj,self_attn,16,3584,512,16,65536,512,3584,1835008,16,32,2,0.02677215788,0.02190978363,1.97635245e-05,36.6731718,4.568173144,0.0007300202456,0.004796180647,0.0007167484377,0.0003728939734,149,0.98625902,0.006179254609,46,1.493105783,3.328045218,0.669744911,0.8295851452,0.928614416,0.9730417881,1,4,6,12,0.02190978363,0.01070351523,0.006854478609,0.004898489372,0.003222122872,0.002940253281,0.00255204519,0.002510607438,0.002227731626,0.001906359628,0.001721584523,0.001490556525,0.001423030083,0.001237654644,0.001181705523,0.0007657789893
2,30000,endpoint,27,attention,o_proj,self_attn,16,3584,3584,16,114688,3584,3584,12845056,16,32,2,0.05100242912,0.04524156075,1.423058848e-05,66.84974798,10.33845757,0.0007629412325,0.004376045501,0.002601247776,0.001353319474,139,0.9815896768,0.003203708674,168,1.270885908,2.195719015,0.7868526938,0.8851671457,0.9828258049,0.9993946838,1,3,3,5,0.04524156075,0.01599188073,0.01384695676,0.007892791554,0.005154095461,0.003655753686,0.001519040657,0.0009289994395,0.000790886482,0.0006370199225,0.0004436431576,0.0003781281206,0.0002781537347,0.0002228162356,0.000203793901,0.0001869035098
2,30000,endpoint,27,mlp,gate_proj,mlp,16,3584,18944,16,360448,18944,3584,67895296,16,32,2,0.1833394586,0.1505963608,2.225031181e-05,139.6109423,14.51319148,0.001313216969,0.01037651581,0.03361335706,0.01748761157,3,0.05925051447,0.007832123013,8,1.482118521,2.686419988,0.6747098734,0.8816848069,0.9797519194,0.9980282098,1,3,3,6,0.1505963608,0.08340936604,0.04825775333,0.03110553184,0.0176019808,0.01366312341,0.00924334068,0.005690119384,0.004966681389,0.003603173224,0.003199948654,0.002700632569,0.002012325545,0.001800031014,0.001447528432,0.001307560685
2,30000,endpoint,27,mlp,up_proj,mlp,16,3584,18944,16,360448,18944,3584,67895296,16,32,2,0.1180607691,0.09346180508,1.432800635e-05,144.9409087,16.81519513,0.0008145441489,0.005558175471,0.01393834521,0.007251532971,57,0.7736377348,0.003247721853,167,1.595669292,3.023163842,0.6266962741,0.8322852369,0.9803777474,0.998325725,1,3,4,6,0.09346180508,0.05353101844,0.03550318173,0.02834940248,0.01079181842,0.009075251337,0.006005206149,0.003908845908,0.003067065162,0.002835059194,0.001383922626,0.001145603117,0.001035625269,0.0007701939063,0.0007203017306,0.0006927999337
2,30000,endpoint,27,mlp,down_proj,mlp,16,18944,3584,16,360448,3584,18944,67895296,16,32,2,0.03800703145,0.02964908359,4.612582078e-06,133.3173948,7.978114148,0.0002850868148,0.003716302255,0.001444534439,0.0007515303257,140,0.9823412071,0.0003365855843,196,1.643256471,2.985812868,0.6085477327,0.8269026611,0.98883652,0.9998400139,1,3,4,5,0.02964908359,0.01776010175,0.01190373622,0.009603129703,0.003779314737,0.0008996544775,0.0007871531635,0.0004274549601,0.0003079492889,0.0002418889071,0.0001708494396,0.0001397710741,0.0001096718917,9.460201211e-05,7.844474773e-05,4.365715332e-05
