seed,step,reward,reward_std,loss,kl,entropy,frac_reward_zero_std,grad_norm,learning_rate,epoch
seed1,10,-0.0107886672019958,0.0098267503082752,0.0,0.0,0.070436242967844,0.9,0.0,6e-09,0.0001011122345803
seed1,20,-0.2559692233800888,0.4234504878520965,-0.0056707724928855,0.0001555409282445,0.1738756761653349,0.6,1.5760735550429672e-05,1.2666666666666666e-08,0.0002022244691607
seed1,30,-0.2590481579303741,0.1624857011483982,-5.629309453070164e-05,7.392875850200653e-05,0.1366870386525988,0.6,0.0001431372802471,1.933333333333333e-08,0.0003033367037411
seed1,40,-0.1743936061859131,0.0780139744281768,1.74348424479831e-06,4.381313920021057e-05,0.099118586955592,0.9,1.900686402223073e-05,2.6e-08,0.0004044489383215
seed1,50,-0.1957670893520116,0.0014850346371531,5.8349786513645095e-08,1.5251338481903075e-06,0.0764227230567485,0.9,5.48462367078173e-07,3.266666666666666e-08,0.0005055611729019
seed1,60,-0.007612856477499,0.0069340944290161,-0.0011263554915785,2.6593729853630065e-05,0.14439549499657,0.9,3.0122911994112656e-05,3.9333333333333335e-08,0.0006066734074823
seed1,70,-0.1406513288617134,0.115786201134324,5.730619159294293e-06,0.0001303765922784,0.1181242402875795,0.7,1.0861861483135726e-05,4.6e-08,0.0007077856420626
seed1,80,0.06057690680027,0.1493279870599508,0.0002826300449669,7.009828987065702e-05,0.0914178400067612,0.6,3.685511956064147e-06,5.266666666666666e-08,0.000808897876643
seed1,90,-0.1238747164607048,0.1496168598532676,-0.0080128505825996,5.102921277284622e-05,0.1029035319341346,0.7,2.980904127980466e-06,5.9333333333333335e-08,0.0009100101112234
seed1,100,-0.0888724774122238,0.0999007582664489,-0.0054152585566043,5.005933344364167e-05,0.0992268797708675,0.7,1.207977948070038e-05,6.6e-08,0.0010111223458038
seed1,110,0.2027523752301931,0.2242806794121861,0.0041317451745271,0.0003368657082319,0.1197582476306706,0.6,1.360821806883905e-05,7.266666666666668e-08,0.0011122345803842
seed1,120,0.0692773818969726,0.0631006121635437,1.576445356477052e-06,3.9409101009368894e-05,0.0975056579103693,0.9,3.3118656119768275e-06,7.933333333333334e-08,0.0012133468149646
seed1,130,0.1056923747062683,0.105979211628437,2.270197910547722e-06,5.682148039340973e-05,0.0842331755673512,0.8,1.1066270417359192e-05,8.6e-08,0.0013144590495449
seed1,140,0.0005399249494075,0.1479278849437832,-0.0123328484594821,0.0001250989735126,0.0946299441391602,0.5,3.0186643600463867,9.266666666666666e-08,0.0014155712841253
seed1,150,-0.1998101890087127,0.2255767464637756,-0.0122847408056259,4.920288920402527e-05,0.1136613107984885,0.7,6.166635102999862e-06,9.933333333333332e-08,0.0015166835187057
seed1,160,-0.138414835371077,0.152193034812808,-0.0012641569599509,0.0002947945147752,0.129766772990115,0.5,4.097507189726457e-05,1.06e-07,0.0016177957532861
seed1,170,-0.0388616800308227,0.2057606846094131,4.265614916221239e-06,0.0001065926626324,0.1354449972975999,0.6,5.877982766833156e-05,1.1266666666666667e-07,0.0017189079878665
seed1,180,-0.0823279276490211,0.1206934049725532,3.4671975299716e-06,8.671712130308152e-05,0.0892800256609916,0.6,0.9421054124832152,1.1933333333333334e-07,0.0018200202224469
seed1,190,-0.3917958542704582,0.3730813354253769,0.0012707207351922,0.0002446216240059,0.1383084713248536,0.5,2.4878304429876152e-06,1.26e-07,0.0019211324570273
seed1,200,-0.4693135011941194,0.4120791314169764,4.0378403355134654e-06,0.0001006489619612,0.1288632024778053,0.5,1.511332499148921e-07,1.3266666666666666e-07,0.0020222446916076
seed1,210,0.0026763197034597,0.1603213921189308,1.0584112897049637e-05,0.0002646135166287,0.1287744547938928,0.7,1.927790253830608e-05,1.3933333333333336e-07,0.002123356926188
seed1,220,-0.1570032350718975,0.3389362480491399,5.572116424445994e-06,0.0001397419720888,0.1480677237734198,0.4,7.850885594962165e-06,1.4599999999999998e-07,0.0022244691607684
seed1,230,0.0623613357543945,0.081687518581748,4.045106470584869e-06,0.0001011790707707,0.0996706034522503,0.7,1.9698091745376587,1.5266666666666668e-07,0.0023255813953488
seed1,240,-0.0982058048248291,0.0647153258323669,1.6754556781961585e-06,4.204418510198593e-05,0.1034412008477374,0.7,2.220952410425525e-05,1.5933333333333333e-07,0.0024266936299292
seed1,250,-0.3463045578449965,0.3034532995894551,5.846016574651003e-06,0.0001462813466787,0.1677655057050287,0.3,0.5002818703651428,1.66e-07,0.0025278058645096
seed1,260,-0.2568380191922187,0.3673318956047297,6.319070234894753e-06,0.0001578545197844,0.1769202467519789,0.3,2.22893500328064,1.7266666666666665e-07,0.0026289180990899
seed1,270,-0.3311288207769394,0.5786616448312998,-0.0126316905021667,0.0002180583775043,0.1516668963013216,0.6,0.0013537395279854,1.7933333333333332e-07,0.0027300303336703
seed1,280,-0.3747915744781494,0.3546817868947983,8.767136750975624e-06,0.000219234265387,0.1312513815937563,0.6,3.922344149032142e-06,1.86e-07,0.0028311425682507
seed1,290,-0.1430090330541134,0.1668086791411042,-0.0009010177105665,0.0001466188579797,0.1221784144174307,0.5,2.5397024154663086,1.926666666666667e-07,0.0029322548028311
seed1,300,-0.2986308719962835,0.341826045140624,8.995835378300398e-06,0.0002251775935292,0.1551536097889766,0.6,1.151705220081567e-07,1.993333333333333e-07,0.0030333670374115
seed1,310,-0.0113024652004241,0.1234341323375702,-0.0005063102114945,0.0001290647312998,0.1006962806684896,0.8,0.0001501061342423,2.06e-07,0.0031344792719919
seed1,320,-0.0774536222219467,0.0736804611980915,3.432389348745346e-06,8.578710258007049e-05,0.0979016725905239,0.8,3.603268384933472,2.126666666666667e-07,0.0032355915065722
seed1,330,-0.0859969191253185,0.0768339866772294,1.975375926122069e-06,4.941020160913468e-05,0.1034767156234011,0.8,0.1163817048072815,2.193333333333333e-07,0.0033367037411526
seed1,340,0.2479516983032226,0.1416866779327392,-0.0134257018566131,1.2549199163913729e-05,0.0822358419885858,0.8,9.064755431609228e-06,2.26e-07,0.003437815975733
seed1,350,-0.030590933561325,0.0174805328249931,1.590087777003646e-06,3.97656112909317e-05,0.085124846198596,0.9,8.741970668779686e-05,2.3266666666666666e-07,0.0035389282103134
seed1,360,0.0606186434626579,0.1458848647773266,0.001372305676341,7.604453712701797e-05,0.1024897398659959,0.6,4.249404446454719e-05,2.3933333333333333e-07,0.0036400404448938
seed1,370,0.0214908450841903,0.1479731202125549,0.0003867221064865,0.0001993265002965,0.1258958369959145,0.7,3.022878170013428,2.46e-07,0.0037411526794742
seed1,380,-0.2234040163457393,0.221232771128416,-0.0011905580759048,0.0001138146348239,0.1417132494272664,0.5,5.274347358863452e-07,2.526666666666666e-07,0.0038422649140546
seed1,390,0.137313312292099,0.0935926273465156,5.036060974816791e-06,0.0001258995383977,0.1308946462348103,0.7,0.0001416269369656,2.5933333333333335e-07,0.0039433771486349
seed1,400,-0.1653258234262466,0.1563747555017471,1.1831149458885192e-05,0.0002958046272397,0.1522777132224291,0.6,4.025345325469971,2.66e-07,0.0040444893832153
seed1,410,-0.3641325389966369,0.7205364817753435,1.2648850679397583e-05,0.0003167450428009,0.2296060563996434,0.1,21.36612319946289,2.7266666666666665e-07,0.0041456016177957
seed1,420,0.0437471453100442,0.0249983697198331,-0.0051796425133943,1.3419054448604584e-05,0.0876929554389789,0.8,0.0113502824679017,2.793333333333333e-07,0.0042467138523761
seed1,430,0.0,0.0,1.7049164853233377e-07,4.262290894985199e-06,0.0912104470655322,1.0,6.97258728905581e-05,2.86e-07,0.0043478260869565
seed1,440,0.1990961015224456,0.1137692019343376,4.812254246644442e-07,1.2071244418621065e-05,0.0757292132824659,0.8,3.1295820690502296e-07,2.926666666666667e-07,0.0044489383215369
seed1,450,-0.2215175414457917,0.2204621592536568,-5.406161653809249e-06,8.167140185832977e-05,0.1355334172956645,0.6,0.0286146104335784,2.9933333333333334e-07,0.0045500505561172
seed1,460,-0.2039356678724289,0.408287638425827,9.393235814059152e-06,0.0002349223941564,0.1319063159171492,0.7,6.318971941254858e-07,3.06e-07,0.0046511627906976
seed1,470,-0.0047091720625758,0.0700643651187419,-0.0001623976044356,0.0001155123114585,0.116371633647941,0.6,1.345727801322937,3.126666666666667e-07,0.004752275025278
seed1,480,0.0051897078752517,0.1290165618062019,8.393824100494384e-06,0.0002099338918924,0.0936508470680564,0.6,2.6168487071990967,3.1933333333333336e-07,0.0048533872598584
seed1,490,0.1932345625944435,0.1805397347081452,3.8065871194703503e-06,9.506568312644958e-05,0.0869323714869096,0.7,1.876821215773816e-06,3.26e-07,0.0049544994944388
seed1,500,0.1176973655819892,0.0993687778711319,3.074585401918739e-06,7.676910609006881e-05,0.0982056089211255,0.8,2.874371966754552e-05,3.3266666666666665e-07,0.0050556117290192
seed1,510,-0.3217908047139645,0.2745669260621071,1.3066455721855164e-05,0.0003266364336013,0.1477024644380435,0.4,10.94431495666504,3.3933333333333333e-07,0.0051567239635995
seed1,520,0.2456715067848563,0.2911753222346306,-0.0006087387446314,0.0004579167813062,0.1122894613072276,0.5,0.0001645497541176,3.46e-07,0.0052578361981799
seed1,530,-0.2422503322362899,0.3988509401679039,-0.0035721022635698,0.0005182739347219,0.1606864483328536,0.4,0.6759024858474731,3.526666666666667e-07,0.0053589484327603
seed1,540,0.0909409999847412,0.1023064017295837,4.068477574037388e-06,0.0001019094139337,0.140360088320449,0.8,4.303625973989256e-05,3.5933333333333335e-07,0.0054600606673407
seed1,550,-0.3608101963996887,0.5367673158645629,1.9598423386923967e-05,0.0004902143031358,0.1377786247292533,0.6,1.4487530108908686e-07,3.66e-07,0.0055611729019211
seed1,560,-0.0664618656039238,0.332359105348587,-0.001073785405606,0.0002642583101987,0.1120929537108168,0.5,0.0001604588615009,3.726666666666666e-07,0.0056622851365015
seed1,570,-0.1469952777028083,0.1458325881510973,3.4166686236858365e-05,0.0008542962372303,0.1099241220857948,0.6,2.8345487117767334,3.793333333333333e-07,0.0057633973710819
seed1,580,-0.0865553021430969,0.2364826917648315,2.3908913135528564e-05,0.0005981490015983,0.0954329164465889,0.8,7.516288757324219,3.86e-07,0.0058645096056622
seed1,590,0.036043444275856,0.2063979599624872,2.3226137273013592e-05,0.0005806165436979,0.1146798702189698,0.6,1.030958890914917,3.9266666666666666e-07,0.0059656218402426
seed1,600,0.0057325676083564,0.0966206073760986,1.3102251978125424e-05,0.000327612273395,0.1183400738751515,0.7,1.0940654647129122e-05,3.993333333333333e-07,0.006066734074823
seed1,610,-0.0947139367461204,0.1326746556907892,2.121689612977206e-06,5.290154367685318e-05,0.1086557408096268,0.8,1.3854126336809712e-05,4.06e-07,0.0061678463094034
seed1,620,0.0459370594471693,0.2705086288973689,-0.002343893609941,0.000437918677926,0.1176438672700896,0.5,1.355905806121882e-05,4.126666666666667e-07,0.0062689585439838
seed1,630,-0.3120874300599098,0.2912671983242035,2.3223117750603706e-05,0.0005806101486086,0.1010207878658548,0.6,1.3714519582208595e-06,4.193333333333333e-07,0.0063700707785642
seed1,640,0.0008385196328163,0.0427455388009548,-0.0018203906714916,0.0003132810816168,0.0950556043535471,0.7,1.1040822267532349,4.26e-07,0.0064711830131445
seed1,650,-0.1951444089412689,0.1754662156105041,0.0016240995377302,0.0004941773290283,0.1336004616692662,0.6,5.068425252829911e-06,4.3266666666666665e-07,0.0065722952477249
seed1,660,-0.046288301795721,0.2450219139456749,-0.019961692392826,0.0006535273045301,0.1216747654601931,0.6,6.923305136297131e-06,4.393333333333333e-07,0.0066734074823053
seed1,670,0.1191807985305786,0.1226581782102584,2.4902075529098512e-05,0.0006225483492016,0.0838404568377882,0.7,3.1726765632629395,4.46e-07,0.0067745197168857
seed1,680,-0.2076701298356056,0.1383513854816556,2.4439021944999696e-05,0.0006111981347203,0.1527974578784778,0.5,4.165507793426514,4.526666666666666e-07,0.0068756319514661
seed1,690,-0.1124186523258686,0.0969051256775856,2.697301097214222e-05,0.000664835050702,0.129248287086375,0.7,0.0005353045999072,4.593333333333333e-07,0.0069767441860465
seed1,700,-0.1842691957950592,0.2637385606765747,-0.0016173906624317,0.0006695739924907,0.1131268118973821,0.6,2.827569961547852,4.66e-07,0.0070778564206268
seed1,710,-0.0160388741642236,0.214658224210143,5.021223332732916e-05,0.001255246065557,0.1441900879144668,0.6,0.0003293493646197,4.726666666666666e-07,0.0071789686552072
seed1,720,0.1109291687607765,0.1835390917956829,2.702276688069105e-05,0.0006757702678442,0.1281455002957955,0.7,0.3383765816688537,4.793333333333333e-07,0.0072800808897876
seed1,730,-0.0443488124758005,0.0577554132789373,7.434025756083428e-05,0.0018584763631224,0.1528961141360923,0.8,1.934854708451894e-06,4.86e-07,0.007381193124368
seed1,740,-0.1325803559273481,0.1416650298982858,7.035650778561831e-05,0.0017589403316378,0.1321088254684582,0.4,2.604912151582539e-05,4.926666666666667e-07,0.0074823053589484
seed1,750,0.0115956664085388,0.1479551397264003,-0.0033992923796176,0.0012052949517965,0.1036936215590685,0.7,8.104198627734149e-07,4.993333333333333e-07,0.0075834175935288
seed1,760,-0.0199549011886119,0.2127070292830467,-0.0013356875628232,0.0017147842794656,0.1414850521367043,0.4,0.7235161066055298,5.06e-07,0.0076845298281092
seed1,770,-0.0108458258211612,0.1170941635966301,-0.0080891825258731,0.0017218509688973,0.1409548553172498,0.6,2.659895896911621,5.126666666666667e-07,0.0077856420626895
seed1,780,-0.1465093553066253,0.1980476357042789,0.0001047976315021,0.0026201535016298,0.1003371579339727,0.7,1.0280820788466372e-05,5.193333333333332e-07,0.0078867542972699
seed1,790,0.1757116019725799,0.747686293721199,-0.0020540000870823,0.0032335320487618,0.171741940244101,0.3,5.459963321685791,5.26e-07,0.0079878665318503
seed1,800,-0.1756598234176635,0.1003770425915718,2.8607883723452688e-05,0.0007151497527956,0.1251324701821431,0.8,7.330099469982088e-05,5.326666666666666e-07,0.0080889787664307
seed1,810,-0.0664037153124809,0.0902172639966011,5.61441236641258e-05,0.0014043709263205,0.124232838046737,0.8,0.000298228347674,5.393333333333333e-07,0.0081900910010111
seed1,820,-0.3449521215632558,0.2486817481927573,0.0001152016222476,0.0028797823935747,0.1461577349342405,0.5,8.632120132446289,5.46e-07,0.0082912032355915
seed1,830,0.1976762451231479,0.3043674713000655,0.0002897117054089,0.0072429109364748,0.1321981441229582,0.6,3.241446620450006e-06,5.526666666666666e-07,0.0083923154701718
seed1,840,-0.0617995530366897,0.0202512636780738,3.325500874780118e-05,0.0008382137864828,0.0982163798063993,0.9,0.006768443621695,5.593333333333333e-07,0.0084934277047522
seed1,850,-0.2677642928436398,0.3999163217842579,0.0004624304361641,0.0115606781095266,0.169102824293077,0.3,3.317625045776367,5.66e-07,0.0085945399393326
seed1,860,0.1211834169924259,0.1707711175084114,-0.017857702076435,0.009353581815958,0.1516547449631616,0.4,2.8625736236572266,5.726666666666666e-07,0.008695652173913
seed1,870,-0.0320009797811508,0.0982997559010982,-0.006690789759159,0.0024986686185002,0.1017869993578642,0.7,2.147315717593301e-05,5.793333333333333e-07,0.0087967644084934
seed1,880,-0.1011491313576698,0.1502075359225273,0.0003213010728359,0.0080324882641434,0.1301524639362469,0.7,9.135870933532717,5.86e-07,0.0088978766430738
seed1,890,0.0891348287463188,0.161394814401865,0.0004847368691116,0.012107491120696,0.1887079906417056,0.5,0.9826385974884032,5.926666666666667e-07,0.0089989888776541
seed1,900,-0.0031756371259689,0.3109832718968391,0.0003827531822025,0.009568995796144,0.1633131419774144,0.6,8.629946387372911e-05,5.993333333333333e-07,0.0091001011122345
seed1,910,-0.0410929042845964,0.1981079742312431,0.0004778852686285,0.0119470696896314,0.1504039129707962,0.5,0.6864446401596069,6.06e-07,0.0092012133468149
seed1,920,0.0603878144174814,0.0689303286373615,6.236238987185061e-05,0.0138142956420779,0.144209540891461,0.6,0.0008248684462159,6.126666666666667e-07,0.0093023255813953
seed1,930,0.1242929026484489,0.6206409111618996,0.0013559410348534,0.0338987179100513,0.2216088001383468,0.1,4.487550258636475,6.193333333333332e-07,0.0094034378159757
seed1,940,0.00037302672863,0.0651958061382174,0.000392463710159,0.0103400163352489,0.13349773529917,0.6,0.0004618720849975,6.26e-07,0.0095045500505561
seed1,950,-0.1182098865509033,0.4691457867622375,0.0006914435420185,0.0172861544415354,0.1615400035399943,0.5,1.9854043785016984e-05,6.326666666666667e-07,0.0096056622851365
seed1,960,0.0956836506724357,0.0607793472707271,0.0004368057940155,0.0109202230349183,0.147919832332991,0.6,2.0083670616149902,6.393333333333333e-07,0.0097067745197168
seed1,970,-0.2160489317029714,0.2169856399297714,-0.0003248614026233,0.0184063639491796,0.1888730572536587,0.5,1.5725017874501646e-05,6.46e-07,0.0098078867542972
seed1,980,0.0569140195846557,0.1987047428265214,-0.0015027871355414,0.0086860965937376,0.1146166571648791,0.5,1.8684860378925805e-06,6.526666666666666e-07,0.0099089989888776
seed1,990,-0.1956508010625839,0.2515028282999992,-0.0001025402918457,0.0079663056880235,0.1372053832979873,0.5,5.725735187530518,6.593333333333333e-07,0.010010111223458
seed1,1000,0.0219771977514028,0.3844018816947937,-0.0221441566944122,0.0192962244153022,0.1360933567630127,0.4,0.0004404362698551,6.66e-07,0.0101112234580384
seed1,1010,-0.0214261148124933,0.3622179806232452,0.0001985790207982,0.0374263167381286,0.2150557527318596,0.2,4.261592864990234,6.726666666666666e-07,0.0102123356926188
seed1,1020,-0.0704234585165977,0.2371561661362648,3.774468787014485e-05,0.0233194433152675,0.2117050333879888,0.2,2.3589835166931152,6.793333333333333e-07,0.0103134479271991
seed1,1030,-0.0303695999085903,0.205225733667612,0.0011659230105578,0.0291479848325252,0.1962103109806776,0.3,1.647993803024292,6.86e-07,0.0104145601617795
seed1,1040,-0.1784640833735466,0.4380457319319248,0.0016020264476537,0.0348801303654909,0.1897660167189315,0.2,7.665962696075439,6.926666666666666e-07,0.0105156723963599
seed1,1050,0.0413261011242866,0.3178853668272495,0.0011662770994007,0.0291568720713257,0.174270187667571,0.4,0.9542962908744812,6.993333333333333e-07,0.0106167846309403
seed1,1060,0.0103369945660233,0.678395465016365,-0.0006815077736973,0.0663675447925925,0.278464745124802,0.1,0.3958921730518341,7.059999999999999e-07,0.0107178968655207
seed1,1070,-0.0062233952805399,0.3463557723909616,-0.0060068536549806,0.0535653982311487,0.2282838137820363,0.2,0.2511255741119385,7.126666666666667e-07,0.0108190091001011
seed1,1080,-0.0205794088542461,0.1466505549848079,0.0009873837232589,0.0246849920600652,0.1549982412019744,0.6,0.6466764807701111,7.193333333333333e-07,0.0109201213346814
seed1,1090,-0.0185585111379623,0.2109207063913345,0.0010600715875625,0.0265017723664641,0.1545644020428881,0.6,14.382843017578123,7.259999999999999e-07,0.0110212335692618
seed1,1100,0.3417276509106159,0.5956862412393094,0.0021283701062202,0.0631612662225961,0.2374630880542099,0.3,23.79288673400879,7.326666666666667e-07,0.0111223458038422
seed1,1110,-0.3554521545767784,0.6823819467797876,0.0024716023355722,0.0617902783676981,0.235904789250344,0.1,2.870856523513794,7.393333333333333e-07,0.0112234580384226
seed1,1120,-0.0726581761613488,0.2907383131794631,0.000748520065099,0.0598107475787401,0.1947857544058933,0.1,0.0108983442187309,7.459999999999999e-07,0.011324570273003
seed1,1130,0.2736761480569839,0.4945945084095001,-0.0115495681762695,0.059812393784523,0.1909804559545591,0.4,19.55714607238769,7.526666666666667e-07,0.0114256825075834
seed1,1140,0.3729400049895048,0.5292111825197935,0.0025810392573475,0.1023383114486932,0.2759963011369109,0.1,2.481306552886963,7.593333333333333e-07,0.0115267947421638
seed1,1150,0.1425279922783374,0.1264786664396524,-0.0140156880021095,0.0211293756961822,0.1189442262053489,0.3,0.1029403805732727,7.66e-07,0.0116279069767441
seed1,1160,-0.1310922475531697,0.3015978053212166,0.0004042960703372,0.068051591143012,0.2226701981853693,0.3,1.430724024772644,7.726666666666666e-07,0.0117290192113245
seed1,1170,-0.0256812512874603,0.0853297479450702,0.001214759517461,0.0289888866245746,0.1907881187740713,0.6,0.436770498752594,7.793333333333333e-07,0.0118301314459049
seed1,1180,-0.0425522673875093,0.0860377471894025,0.0020556854084134,0.0513921186327934,0.2243502849712967,0.4,0.0009621047647669,7.86e-07,0.0119312436804853
seed1,1190,-0.0308777000755071,0.1346396658569574,0.0047303013503551,0.1161793565377593,0.2812525761313736,0.2,0.0138175264000892,7.926666666666666e-07,0.0120323559150657
seed1,1200,-0.1477146591991186,0.4319568805396557,0.0017328057438135,0.1283653376623988,0.2697973085567355,0.2,2.499114513397217,7.993333333333333e-07,0.0121334681496461
seed1,1210,0.0329901807010173,0.2611352406442165,0.0046751294285058,0.1168782396242022,0.2451741637196391,0.2,0.0006729267770424,8.06e-07,0.0122345803842264
seed1,1220,0.2101991668343544,0.3568630743538961,-0.0011196242645382,0.1617323193699121,0.1956905596423894,0.2,1.1369341611862185,8.126666666666666e-07,0.0123356926188068
seed1,1230,0.1373752832412719,0.5257119618356227,-0.0048012144863605,0.100900324806571,0.2394790829159319,0.3,0.0043659289367496,8.193333333333333e-07,0.0124368048533872
seed1,1240,-0.0272009651176631,0.3676839357241988,0.0062754459679126,0.1568861905485391,0.2769532179459929,0.0,1.7572509050369265,8.259999999999999e-07,0.0125379170879676
seed1,1250,-0.2996618216857314,0.4357846528291702,0.0022967342287302,0.0574182407930493,0.1792171407490968,0.3,8.364470481872559,8.326666666666666e-07,0.012639029322548
seed1,1260,-0.1751617170870304,0.426247964054346,-0.0090451292693614,0.054410695657134,0.1808123611379414,0.3,4.887709617614746,8.393333333333334e-07,0.0127401415571284
seed1,1270,0.0613426018506288,0.282652641274035,0.0032211054116487,0.1320461403578519,0.2075937337940558,0.4,0.9019049406051636,8.459999999999999e-07,0.0128412537917087
seed1,1280,-0.2072544168680906,0.2653740005567669,0.0035034961998462,0.0873562805354595,0.2334726322442293,0.2,0.3140836358070373,8.526666666666666e-07,0.0129423660262891
seed1,1290,-0.1140851896256208,0.603819577395916,0.0054341822862625,0.1477880530059337,0.2805477211251855,0.0,3.6547634601593018,8.593333333333333e-07,0.0130434782608695
seed1,1300,0.0685946301557123,0.4893198572099209,0.0065270155668258,0.2345855262130499,0.2641223533544689,0.2,22.92322540283203,8.659999999999999e-07,0.0131445904954499
seed1,1310,-0.0536308698356151,0.3187277846038341,0.0067338734865188,0.1560502527281642,0.278010394750163,0.2,3.576007843017578,8.726666666666666e-07,0.0132457027300303
seed1,1320,0.2824430959764868,0.6726766475010664,0.0034328110516071,0.2942300125956535,0.2552617080044001,0.3,0.8877282738685608,8.793333333333333e-07,0.0133468149646107
seed1,1330,0.0063970647752285,0.4348370779305696,0.008505330979824,0.2354947479441761,0.2326655675889924,0.4,0.0082164742052555,8.86e-07,0.0134479271991911
seed1,1340,0.4010985180735588,0.47601183578372,-0.0051109578460454,0.211767878010869,0.2587899507023394,0.2,6.935154438018799,8.926666666666666e-07,0.0135490394337714
seed1,1350,0.1470489618368446,0.2386345952749252,0.0110242709517478,0.2756569487974047,0.2541414555162191,0.3,0.0019148001447319,8.993333333333333e-07,0.0136501516683518
seed1,1360,0.4938182258978486,0.6146965406835079,-0.0011929404921829,0.3082910690456629,0.2481185235548764,0.2,0.0003741217951755,9.06e-07,0.0137512639029322
seed1,1370,-0.0251240449491888,0.3401270172558724,0.0116738721728324,0.2622493735205353,0.2939157304819673,0.1,15.054742813110352,9.126666666666666e-07,0.0138523761375126
seed1,1380,0.1824924690648913,0.461886983551085,0.0102745682001113,0.256863996386528,0.2545458262786269,0.2,4.425808429718018,9.193333333333332e-07,0.013953488372093
seed1,1390,-0.0647825537249446,0.1496667470782995,0.0120159223675727,0.3003981644287705,0.240152420476079,0.5,0.0557975396513938,9.26e-07,0.0140546006066734
seed1,1400,0.0706251494586467,0.2494924947619438,0.0172610715031623,0.2795076202601194,0.2541288834298029,0.3,11.79842472076416,9.326666666666666e-07,0.0141557128412537
seed1,1410,0.0271237723529338,0.4557751696556806,0.0235525667667388,0.5888140548020602,0.3043243512511253,0.0,16.172649383544922,9.393333333333334e-07,0.0142568250758341
seed1,1420,0.051746345218271,0.120740235550329,0.0102398216724395,0.2839969798300444,0.187605602433905,0.5,2.488302707672119,9.46e-07,0.0143579373104145
seed1,1430,0.3728637849912047,0.4867399992421269,-0.0050599250942468,0.4393367510288953,0.2249283196637407,0.2,0.0421904064714908,9.526666666666666e-07,0.0144590495449949
seed1,1440,0.3162795785814524,0.4293249011039733,-0.0087495245039463,0.3869156822562217,0.2642817181069404,0.3,8.726478576660156,9.593333333333333e-07,0.0145601617795753
seed1,1450,0.188095324486494,0.4349574534222483,0.0117655538022518,0.7195469073951244,0.2687692564446479,0.1,10.031411170959473,9.66e-07,0.0146612740141557
seed1,1460,0.1571255132555961,0.817505007982254,0.023260560631752,0.7404967319220305,0.2801018456928432,0.2,1.6660197973251345,9.726666666666666e-07,0.014762386248736
seed1,1470,0.3640793927013874,0.4455283194780349,0.0198239505290985,0.4955985438078641,0.2455553644802421,0.3,0.013086955063045,9.793333333333333e-07,0.0148634984833164
seed1,1480,0.2112191518768668,0.2827403496950865,0.0167237713932991,0.4722368251532316,0.2915149266598746,0.2,16.664459228515625,9.86e-07,0.0149646107178968
seed1,1490,0.1636595547199249,0.4597349196672439,0.0137460246682167,0.3436506487429142,0.2911562997847795,0.1,9.090545654296877,9.926666666666666e-07,0.0150657229524772
seed1,1500,0.2126073721796274,0.654595871642232,0.0141748055815696,0.3543702065944671,0.2217353558167815,0.2,14.67731475830078,9.99333333333333e-07,0.0151668351870576
seed1,1510,0.1703047469258308,0.3265926800668239,0.0136153653264045,0.3283994127064943,0.2679280035197734,0.1,20.168607711791992,9.999997539434003e-07,0.015267947421638
seed1,1520,0.1534219222143292,0.5739039726555347,0.0160998448729515,0.40249601341784,0.3023884853813797,0.1,11.729375839233398,9.999989033776898e-07,0.0153690596562184
seed1,1530,0.2473734820960089,0.7593794422224164,0.0181699350476264,0.4981941388919949,0.3232408322393894,0.0,6.832821369171143,9.99997445266164e-07,0.0154701718907987
seed1,1540,0.1537563145160675,0.3997677862644195,0.015240278840065,0.2464965444058179,0.2008154978044331,0.4,5.768517075921409e-05,9.999953796105958e-07,0.0155712841253791
seed1,1550,0.3488226030021906,0.760006001777947,0.031946450471878,0.4629664696753025,0.2678973789792508,0.1,6.510729789733887,9.999927064134948e-07,0.0156723963599595
seed1,1560,-0.2020928340964019,0.3310144824907183,0.0189834952354431,0.5008876372128725,0.3002290883101522,0.1,0.5871674418449402,9.999894256781094e-07,0.0157735085945399
seed1,1570,0.2533051252365112,0.4534823656082153,0.0117035649716854,0.2874145278707146,0.2658131660893559,0.3,3.968337774276733,9.999855374084258e-07,0.0158746208291203
seed1,1580,0.2074911415576935,0.3965278252959251,0.0247505441308021,0.6187639150768518,0.2332442211918532,0.4,3.5594871044158936,9.999810416091688e-07,0.0159757330637007
seed1,1590,0.0492535188794136,0.2568925673142075,0.0201248586177825,0.5396966155618429,0.2661732706939801,0.2,12.428930282592772,9.99975938285801e-07,0.016076845298281
seed1,1600,0.1033336667343974,0.2866217106580734,0.020192152261734,0.5548508942127228,0.2846336489077657,0.0,0.015346735715866,9.999702274445234e-07,0.0161779575328614
seed1,1610,0.2480677369982004,0.4708200998604298,-0.0146441385149955,0.2619185768067836,0.2230815984075889,0.3,20.794546127319336,9.999639090922756e-07,0.0162790697674418
seed1,1620,-0.0149343999102711,0.3082036390900612,0.0337045967578888,0.8426148599013686,0.3228239961899817,0.0,13.61589527130127,9.999569832367346e-07,0.0163801820020222
seed1,1630,0.1770823551341891,0.3911762289702892,0.0204690694808959,0.5117269933223725,0.2452380141709,0.1,2.5082664489746094,9.99949449886316e-07,0.0164812942366026
seed1,1640,0.515071927011013,0.5267969727516174,0.0138912871479988,0.3472822137176991,0.2208346887724474,0.2,11.780126571655272,9.999413090501738e-07,0.016582406471183
seed1,1650,0.5003526153042912,0.5351548120379448,0.0202013090252876,0.5050326516851783,0.2464465235825628,0.2,3.4129772186279297,9.999325607381997e-07,0.0166835187057633
seed1,1660,0.3295520301908254,0.5314485378563404,0.0102670051157474,0.2566848682239652,0.2589738468406722,0.2,3.2501745223999023,9.999232049610235e-07,0.0167846309403437
seed1,1670,0.1163607770344242,0.1533069570548832,0.002032034471631,0.1468346931040287,0.2327018764102831,0.2,1.541843488439554e-07,9.99913241730014e-07,0.0168857431749241
seed1,1680,0.0106505546718835,0.2912855271250009,0.004463093355298,0.1115772631019353,0.1898581223562359,0.5,3.459986686706543,9.999026710572768e-07,0.0169868554095045
seed1,1690,0.1242357119917869,0.5533841609954834,0.0102021865546703,0.2669602233916521,0.2381925492547452,0.2,15.440766334533691,9.998914929556569e-07,0.0170879676440849
seed1,1700,0.6113109566271305,0.529462669044733,-0.0444048166275024,0.1895968420431018,0.1854632870526984,0.2,7.3954572677612305,9.99879707438736e-07,0.0171890798786653
seed1,1710,0.1862972734961658,0.2549022864550352,0.0118633024394512,0.2964969459921122,0.2346303629223257,0.3,16.89276123046875,9.99867314520835e-07,0.0172901921132457
seed1,1720,0.0872927725198678,0.2637279644142836,0.0049064394086599,0.187658747471869,0.233304618881084,0.3,0.0014655716950073,9.998543142170124e-07,0.017391304347826
seed1,1730,0.1255907144397497,0.2252658754587173,0.0112202003598213,0.2998423837125301,0.2265021601226181,0.4,0.3646748661994934,9.99840706543065e-07,0.0174924165824064
seed1,1740,0.203429727256298,0.4376825898885726,0.0101100422441959,0.2527515370398759,0.2148342517670244,0.3,30.464740753173828,9.998264915155271e-07,0.0175935288169868
seed1,1750,0.021294505149126,0.1262177690863609,0.0084104008972644,0.2736751206219196,0.2506394540891051,0.4,1.6945323944091797,9.998116691516716e-07,0.0176946410515672
seed1,1760,0.0413949370384216,0.4553801763802766,0.0137531787157058,0.4557478755712509,0.240645773941651,0.2,9.583227157592772,9.99796239469509e-07,0.0177957532861476
seed1,1770,0.0562817204743623,0.2195252195000648,0.0073268964886665,0.2541365064680576,0.2194701433414593,0.4,5.319701671600342,9.997802024877875e-07,0.017896865520728
seed1,1780,-0.1142502561211586,0.2101719789206981,0.0128550231456756,0.3237168423831463,0.187905700225383,0.5,17.924678802490234,9.99763558225994e-07,0.0179979777553083
seed1,1790,-0.0123631045222282,0.2649749770760536,0.0207794293761253,0.6212581779807806,0.1702889460837468,0.5,6.126986026763916,9.997463067043523e-07,0.0180990899898887
seed1,1800,0.1895543150603771,0.4783595331013203,0.0034855540841817,0.3418414432555437,0.198921592021361,0.4,0.0127445412799716,9.997284479438252e-07,0.0182002022244691
seed1,1810,0.3977747648954391,0.2378065273165703,-0.0029404662549495,0.1593135623261332,0.1179093514569103,0.5,0.0030222779605537,9.997099819661125e-07,0.0183013144590495
seed1,1820,0.035650076251477,0.2128074251115322,0.011966199427843,0.2991550341248512,0.2468998585594818,0.5,1.6705384254455566,9.996909087936525e-07,0.0184024266936299
seed1,1830,-0.0269526346586644,0.4357757061719894,0.013713526725769,0.3428381200879812,0.2261904337676242,0.2,7.097949981689453,9.9967122844962e-07,0.0185035389282103
seed1,1840,0.0959941998124122,0.2605709683150053,0.0172382801771163,0.4309570718556642,0.2462226470233872,0.2,0.6215212941169739,9.99650940957929e-07,0.0186046511627906
seed1,1850,-0.0405350737273693,0.4102721899747849,0.0208546906709671,0.5213672379031777,0.2339229634031653,0.5,0.0001261790166608,9.996300463432312e-07,0.018705763397371
seed1,1860,0.0388691587373614,0.1412205353379249,0.0147663682699203,0.365945353358984,0.1898793431697413,0.6,4.427469730377197,9.996085446309146e-07,0.0188068756319514
seed1,1870,0.2429410308599472,0.6160882338881493,0.0145303443074226,0.3632586807012558,0.2705989294685423,0.2,5.912973403930664,9.995864358471066e-07,0.0189079878665318
seed1,1880,0.0496344164945185,0.3364833857864141,0.0168222784996032,0.4352313196286559,0.2887972790049389,0.2,6.761937618255615,9.995637200186708e-07,0.0190091001011122
seed1,1890,0.0431958727538585,0.3570983279496431,0.0218234866857528,0.5541038867086172,0.2559412284521386,0.3,4.195892333984375,9.995403971732098e-07,0.0191102123356926
seed1,1900,0.2511465281248092,0.278131090849638,0.0101948328316211,0.2548719815909862,0.1653916507260873,0.4,0.3115173280239105,9.995164673390625e-07,0.019211324570273
seed1,1910,0.1170018851757049,0.1622449919581413,0.0002612836658954,0.1268987253308296,0.1614389333641156,0.7,7.487901210784912,9.994919305453057e-07,0.0193124368048533
seed1,1920,0.236252724006772,0.508310229703784,0.0125224843621253,0.6342802532017231,0.3084692530333995,0.0,0.3517810106277466,9.994667868217549e-07,0.0194135490394337
seed1,1930,0.0456627731211483,0.1880908977240324,0.0254447817802429,0.6225478809326888,0.190060296957381,0.5,18.61528205871582,9.99441036198961e-07,0.0195146612740141
seed1,1940,-0.1921942636370658,0.3638057723641396,0.0161102622747421,0.402756255865097,0.200347736198455,0.5,6.0055251121521,9.99414678708214e-07,0.0196157735085945
seed1,1950,-0.0632250836119055,0.1368024356663227,0.0205273747444152,0.5131842996925116,0.2425990428775549,0.3,0.6566775441169739,9.993877143815403e-07,0.0197168857431749
seed1,1960,0.2238739633932709,0.4457909335382283,0.0242548912763595,0.6460182726383209,0.2827501789201051,0.0,0.0036569377407431,9.993601432517052e-07,0.0198179979777553
seed1,1970,0.2013564435765147,0.3361512191593647,0.0471493542194366,1.1787334766238928,0.243192913243547,0.2,10.27768611907959,9.99331965352209e-07,0.0199191102123356
seed1,1980,0.1400108486413955,0.6427682690322399,0.0209973946213722,0.5249350070953369,0.2969903661869466,0.1,23.7556095123291,9.99303180717291e-07,0.020020222446916
seed1,1990,-0.0347869465127587,0.1145090391859412,0.0294088244438171,0.738950452581048,0.2005840881029144,0.4,0.0352696999907493,9.992737893819274e-07,0.0201213346814964
seed1,2000,0.1085641510784626,0.2472219169139862,0.0093965336680412,0.7095058171078563,0.1906348499236628,0.6,1.8280786275863647,9.99243791381831e-07,0.0202224469160768
seed2,10,-0.3595320850610733,0.2803165569901466,8.943186912802048e-07,1.552117319079116e-05,0.1522200718987733,0.6,0.0049111908301711,6e-09,0.0001011122345803
seed2,20,-0.0711421072483062,0.1320974707603454,-0.0114321440458297,7.880106568336487e-05,0.0794518328737467,0.7,6.35845765373233e-07,1.2666666666666666e-08,0.0002022244691607
seed2,30,-0.2098255097866058,0.4211346268653869,4.351139068603516e-06,0.000108884461224,0.1154811801854521,0.8,23.904258728027344,1.933333333333333e-08,0.0003033367037411
seed2,40,-0.1335788011550903,0.1723114848136901,1.2502074241638184e-06,3.112964332103729e-05,0.0862204869976267,0.9,14.936338424682615,2.6e-08,0.0004044489383215
seed2,50,-0.0260494316928088,0.248212730884552,-0.0117387808859348,0.0001672562211751,0.130969203193672,0.6,0.0342417918145656,3.266666666666666e-08,0.0005055611729019
seed2,60,0.027431571483612,0.097434464097023,-0.0003464853623881,1.8716603517532348e-05,0.0930618792073801,0.7,6.497604090327513e-07,3.9333333333333335e-08,0.0006066734074823
seed2,70,0.2471564754843712,0.1654424123466014,-0.0001766748726367,3.486163914203644e-05,0.1008361355401575,0.7,5.462324619293213,4.6e-08,0.0007077856420626
seed2,80,-0.0900593407452106,0.0792490780353546,2.469865830789786e-06,6.194114685058594e-05,0.0951720329467207,0.8,0.0001551680907141,5.266666666666666e-08,0.000808897876643
seed2,90,0.0855592340230941,0.0936808302998542,7.085781544446945e-06,0.0001770978793501,0.1012439792510122,0.6,1.7417923212051392,5.9333333333333335e-08,0.0009100101112234
seed2,100,-0.0836289346218109,0.103713384270668,-0.0002294502919539,5.447901785373688e-05,0.1041264565195888,0.7,0.733421266078949,6.6e-08,0.0010111223458038
seed2,110,-0.1934935763478279,0.1563128761947155,3.1466770451515917e-06,7.866732776165008e-05,0.1062851555179804,0.7,3.987328227594844e-07,7.266666666666668e-08,0.0011122345803842
seed2,120,0.0,0.0,2.954155320367136e-08,7.385388016700745e-07,0.0836515007074922,1.0,1.7151771317003295e-05,7.933333333333334e-08,0.0012133468149646
seed2,130,-0.0500617381185293,0.2162844901904463,6.079415106796659e-06,0.0001520590856671,0.1302614495158195,0.6,1.5669102140236646e-05,8.6e-08,0.0013144590495449
seed2,140,-0.4052094221115112,0.308747860789299,3.8433372537838295e-06,9.616278111934662e-05,0.089407922886312,0.7,5.798777991117277e-08,9.266666666666666e-08,0.0014155712841253
seed2,150,-0.1134188048541545,0.0924031481146812,-0.0004756845533847,0.0001498283818364,0.109787059109658,0.7,2.9917526245117188,9.933333333333332e-08,0.0015166835187057
seed2,160,-0.1105134159326553,0.1022781522944569,2.5914618163369595e-06,6.479285657405854e-05,0.1245040186215192,0.6,1.2919304936076514e-05,1.06e-07,0.0016177957532861
seed2,170,-0.0727979481220245,0.0637110337615013,2.6458434149390087e-06,6.610527634620667e-05,0.1202207954367622,0.8,6.958592990713441e-08,1.1266666666666667e-07,0.0017189079878665
seed2,180,-0.0099794968962669,0.0090897262096405,2.0954757928848267e-06,4.6809390187263486e-05,0.0863824596628546,0.9,0.6434730887413025,1.1933333333333334e-07,0.0018200202224469
seed2,190,-0.0579568494111299,0.0331182001158595,6.103144187363796e-07,1.522991806268692e-05,0.0984727066708728,0.8,2.235508645753725e-06,1.26e-07,0.0019211324570273
seed2,200,-0.0290983073413372,0.0819144066423177,3.5459379432722926e-06,8.862894028425217e-05,0.1208571916213259,0.7,8.687901754456107e-06,1.3266666666666666e-07,0.0020222446916076
seed2,210,-0.129928234219551,0.1714452624320984,1.0449439287185669e-07,2.6386231184005736e-06,0.0892697251634672,0.8,1.006645917892456,1.3933333333333336e-07,0.002123356926188
seed2,220,-0.0108639881014823,0.0062079932540655,7.487649327231338e-08,1.869536936283112e-06,0.0860898962710052,0.9,8.774672460276634e-05,1.4599999999999998e-07,0.0022244691607684
seed2,230,-0.1976347431540489,0.1381336458027363,-0.0004845816642045,0.0001481540501117,0.1301183559466153,0.5,3.950639963150024,1.5266666666666668e-07,0.0023255813953488
seed2,240,-0.1039912834763527,0.1187949106097221,-0.000192884914577,6.37538731098175e-05,0.112875964003615,0.7,3.7916741371154794,1.5933333333333333e-07,0.0024266936299292
seed2,250,-0.0308624755591154,0.1724991766735911,0.0001263555604964,0.0002972709015011,0.0989292603917419,0.4,1.872336983680725,1.66e-07,0.0025278058645096
seed2,260,-0.3336228385567665,0.2566953122615814,0.0008529948070645,9.763153890745002e-05,0.1665686714928597,0.6,6.569577217102051,1.7266666666666665e-07,0.0026289180990899
seed2,270,-0.2520991284400224,0.149617438018322,1.918140878842678e-06,4.7722086310386655e-05,0.1217576790833845,0.6,0.0004614460922311,1.7933333333333332e-07,0.0027300303336703
seed2,280,0.0767539374530315,0.3452290087938309,1.8656253814697264e-06,4.681739956140519e-05,0.1293104319833219,0.6,11.372447967529297,1.86e-07,0.0028311425682507
seed2,290,-0.3242806991562247,0.3089554365724325,6.4104795455932615e-06,0.0001599196344614,0.1240693457890302,0.5,5.739725112915039,1.926666666666667e-07,0.0029322548028311
seed2,300,0.0461414039134979,0.0263665169477462,1.7554386431584134e-06,4.3892860412597655e-05,0.0683450237149372,0.9,5.035057711211266e-06,1.993333333333333e-07,0.0030333670374115
seed2,310,-0.0025298984721302,0.2025874068960547,-0.0056310832500457,0.0001642068848013,0.1275717498036101,0.6,3.336935606057523e-06,2.06e-07,0.0031344792719919
seed2,320,-0.1401035517454147,0.1308351278305053,2.950981252070051e-06,7.373951375484466e-05,0.1171335370512679,0.6,5.968146797385998e-05,2.126666666666667e-07,0.0032355915065722
seed2,330,0.0353283464908599,0.0201876267790794,4.7474168241024025e-08,1.191161572933197e-06,0.0725038540782407,0.9,1.1105525493621826,2.193333333333333e-07,0.0033367037411526
seed2,340,0.0164161995053291,0.228186796233058,6.122186459833756e-06,0.0001531394198536,0.1177234803326428,0.4,1.7200454749399796e-07,2.26e-07,0.003437815975733
seed2,350,-0.0977957248687744,0.345177286863327,-0.0195378690958023,0.0001374006271362,0.1285067431163042,0.6,0.0063961623236536,2.3266666666666666e-07,0.0035389282103134
seed2,360,0.0359684363007545,0.1591179404407739,8.518691174685955e-06,0.0002129044383764,0.1315588371828198,0.4,0.756354808807373,2.3933333333333333e-07,0.0036400404448938
seed2,370,0.0107935115694999,0.006167721375823,4.188786988379434e-07,1.0477006435394287e-05,0.0894392614020034,0.9,6.366842058014299e-07,2.46e-07,0.0037411526794742
seed2,380,0.0537098497152328,0.0810400493443012,2.2961292415857318e-06,5.741249769926071e-05,0.1001181065104901,0.6,0.6382529735565186,2.526666666666666e-07,0.0038422649140546
seed2,390,-0.2691593647003173,0.3641646355390548,2.153962850570679e-06,5.383230745792389e-05,0.1152506988728419,0.7,15.42955493927002,2.5933333333333335e-07,0.0039433771486349
seed2,400,0.004031104594469,0.0221748873591423,4.070557770319283e-06,0.0001017745584249,0.118009629053995,0.8,1.1725636568371556e-06,2.66e-07,0.0040444893832153
seed2,410,0.0450121380388736,0.303593260794878,3.90585046261549e-06,9.781215339899064e-05,0.1285232968395576,0.4,0.5717604756355286,2.7266666666666665e-07,0.0041456016177957
seed2,420,-0.0809697013348341,0.1626277120783925,2.4682654839125463e-06,6.139818578958512e-05,0.1059579404769465,0.6,1.1471199286461342e-05,2.793333333333333e-07,0.0042467138523761
seed2,430,0.1105247549712657,0.3661469578742981,6.094805939937942e-06,0.000152407772839,0.1078658521873876,0.6,2.868738135930471e-07,2.86e-07,0.0043478260869565
seed2,440,-0.2673839882016182,0.3070770144462585,5.0657428801059725e-06,0.0001268422231078,0.1323045314988121,0.6,0.8227081894874573,2.926666666666667e-07,0.0044489383215369
seed2,450,-0.0275953777134418,0.0624724105000495,3.3394971978850663e-06,8.347127586603165e-05,0.1195032957475632,0.7,4.788359092344763e-06,2.9933333333333334e-07,0.0045500505561172
seed2,460,-0.2271400362253189,0.4311820063740015,0.0226438850164413,7.030665874481201e-05,0.1058456816012039,0.4,2.8426101207733154,3.06e-07,0.0046511627906976
seed2,470,-0.1249340616166591,0.1063946831971407,-0.0051830537617206,0.0002932947740191,0.1022046332014724,0.6,0.2806759774684906,3.126666666666667e-07,0.004752275025278
seed2,480,-0.2408039540052414,0.2644289016723632,6.130399560788646e-06,0.0001533346250653,0.1566133784363046,0.5,0.0010005489457398,3.1933333333333336e-07,0.0048533872598584
seed2,490,-0.0055148512125015,0.1274115458130836,7.483283116016537e-06,0.00018713735044,0.1500947281485423,0.6,3.00351621262962e-05,3.26e-07,0.0049544994944388
seed2,500,0.0802002288401126,0.0986132178455591,9.649465937400237e-06,0.0002412898465991,0.1407790525117889,0.5,3.615932655520737e-05,3.3266666666666665e-07,0.0050556117290192
seed2,510,0.1270236879587173,0.5691143065690994,8.94517928827554e-05,0.0001519033685326,0.1082409341586753,0.5,7.3430524025752675e-06,3.3933333333333333e-07,0.0051567239635995
seed2,520,-0.1481428667902946,0.3555119335651397,-0.001905913464725,0.0001791583374142,0.1341301542008295,0.3,3.9373347759246826,3.46e-07,0.0052578361981799
seed2,530,-0.127674862742424,0.1497027188539505,0.0001927082659676,8.464697748422623e-05,0.0986857701325789,0.8,4.89780006773799e-07,3.526666666666667e-07,0.0053589484327603
seed2,540,-0.2824486672878265,0.2630863755941391,-0.0033247247338294,0.0001676015555858,0.1615176149411127,0.5,1.736761450767517,3.5933333333333335e-07,0.0054600606673407
seed2,550,-0.0261990249156951,0.1047027185559272,1.4125336747383698e-06,3.520604223012924e-05,0.0950397214619442,0.7,0.0021747371647506,3.66e-07,0.0055611729019211
seed2,560,-0.2690977264195681,0.2433802869170904,1.0098610073328018e-05,0.0002524627372622,0.1183971960563212,0.4,2.5799882411956787,3.726666666666666e-07,0.0056622851365015
seed2,570,-0.3433804959058761,0.2069694206118583,2.939440310001373e-06,7.362794131040573e-05,0.1232453311095014,0.6,5.411884307861328,3.793333333333333e-07,0.0057633973710819
seed2,580,-0.1422839600592851,0.1519259963184595,1.816852018237114e-05,0.0004542721435427,0.1223031368805095,0.5,0.9130885004997252,3.86e-07,0.0058645096056622
seed2,590,0.0396289091557264,0.0657875148579478,6.702542304992676e-06,0.0001675769686698,0.1114016620675101,0.7,5.772239685058594,3.9266666666666666e-07,0.0059656218402426
seed2,600,-0.256955948472023,0.3410755142569542,1.2620724737644195e-05,0.0003157308325171,0.1453314777463674,0.3,1.5360212326049805,3.993333333333333e-07,0.006066734074823
seed2,610,0.093298153579235,0.2948335915803909,-0.0136547431349754,0.0006064109504222,0.125154542340897,0.6,1.3233981917437632e-05,4.06e-07,0.0061678463094034
seed2,620,-0.1957656905055046,0.1196669682860374,6.162561476230621e-06,0.0001539625227451,0.1223318977281451,0.6,1.437577247619629,4.126666666666667e-07,0.0062689585439838
seed2,630,-0.1547432512044906,0.1398139920085668,7.023283978924156e-06,0.0001756289973855,0.0832551555242389,0.8,0.1245232224464416,4.193333333333333e-07,0.0063700707785642
seed2,640,-0.0346540838479995,0.0690222188830375,1.490139402449131e-05,0.0003725554794073,0.1239031225442886,0.7,0.984597146511078,4.26e-07,0.0064711830131445
seed2,650,-0.1929627060890197,0.392882502451539,8.248910307884217e-06,0.0002061342820525,0.1255892124725505,0.4,2.436479091644287,4.3266666666666665e-07,0.0065722952477249
seed2,660,-0.1668551199138164,0.1924662578850984,6.387910689227283e-05,0.0005846600979566,0.1699556415667757,0.5,0.1770268976688385,4.393333333333333e-07,0.0066734074823053
seed2,670,0.0163917571306228,0.0093667179346084,1.8912134692072868e-06,4.7293677926063535e-05,0.0920916695846244,0.9,0.5519675612449646,4.46e-07,0.0067745197168857
seed2,680,-0.1010568991303444,0.2123114749789238,1.5605778025928883e-05,0.0003902414813637,0.1073798769153654,0.8,0.0002120423450833,4.526666666666666e-07,0.0068756319514661
seed2,690,0.0008956342935562,0.0229753367602825,-0.0017872344702482,0.0001328947022557,0.0836231427500024,0.8,0.0002151243243133,4.593333333333333e-07,0.0069767441860465
seed2,700,-0.1898741483688354,0.1244376208633184,1.3876541925128549e-05,0.0003468437120318,0.1197312723845243,0.6,3.248600842198357e-05,4.66e-07,0.0070778564206268
seed2,710,-0.0103554308414459,0.2309836853295564,-0.0141738787293434,0.0002433693036437,0.1176079791272059,0.3,0.5718944072723389,4.726666666666666e-07,0.0071789686552072
seed2,720,-0.2418113470077514,0.2762255609035492,-0.0166071861982345,0.0005562494819287,0.1136945120990276,0.7,4.465069650905207e-06,4.793333333333333e-07,0.0072800808897876
seed2,730,-0.1909974529407918,0.4142594617791474,8.419998921453953e-05,0.002105113863945,0.1567665240727365,0.3,1.5235636234283447,4.86e-07,0.007381193124368
seed2,740,-0.0621933236718177,0.0870023973286151,2.265326911583543e-05,0.0005663588643074,0.0787457087310031,0.7,5.339560402717325e-07,4.926666666666667e-07,0.0074823053589484
seed2,750,0.0223410822451114,0.3974680438637733,7.676398381590843e-05,0.0019191544502973,0.1147191379917785,0.4,1.148765206336975,4.993333333333333e-07,0.0075834175935288
seed2,760,-0.2299232088029384,0.4051764644682407,0.0001986138522624,0.0027368588373064,0.1578883609967306,0.5,0.3347229361534118,5.06e-07,0.0076845298281092
seed2,770,0.0814546444453299,0.2006282187066972,5.883947014808655e-05,0.0014712831005454,0.1313256279565394,0.4,2.3922154903411865,5.126666666666667e-07,0.0077856420626895
seed2,780,-0.0564403504133224,0.105707062408328,-0.0001410450786352,0.0010518760733248,0.1272376677021384,0.5,0.6072113513946533,5.193333333333332e-07,0.0078867542972699
seed2,790,-0.1324866570532322,0.0797131657600402,3.975443542003632e-05,0.0009940292686223,0.1291807387722656,0.6,0.8433895111083984,5.26e-07,0.0079878665318503
seed2,800,-0.1613407552242279,0.1988620474934578,0.0037688352167606,0.0022063134238123,0.1251213789684698,0.6,3.739857912063599,5.326666666666666e-07,0.0080889787664307
seed2,810,-0.0139196038246154,0.0225497279316186,2.7218388277105982e-05,0.0006804972887039,0.1165210486622527,0.8,8.489283231938317e-08,5.393333333333333e-07,0.0081900910010111
seed2,820,-0.02625651396811,0.0272343300282955,9.671772713772952e-05,0.0024179697036743,0.1037962881382554,0.6,4.868185715167783e-05,5.46e-07,0.0082912032355915
seed2,830,-0.1709124267101288,0.1723001159727573,0.0001788618857972,0.004471706226468,0.1193190207937732,0.5,0.6346125602722168,5.526666666666666e-07,0.0083923154701718
seed2,840,-0.176533967256546,0.3561047922819852,0.0002048168331384,0.0051202680915594,0.1790450630011037,0.4,4.880091190338135,5.593333333333333e-07,0.0084934277047522
seed2,850,-0.1225240841507911,0.3247181951999664,9.567923261784015e-05,0.0048381688073277,0.1493854179047048,0.5,0.2550647258758545,5.66e-07,0.0085945399393326
seed2,860,0.0160579694435,0.4395729864016175,0.0002124758437275,0.0053152307868003,0.1611940480070188,0.5,7.31412073946558e-05,5.726666666666666e-07,0.008695652173913
seed2,870,-0.3053912997245788,0.3186049707233905,0.0003579125739634,0.0089477676898241,0.1436176334740594,0.5,1.6858144998550415,5.793333333333333e-07,0.0087967644084934
seed2,880,-0.0209995977580547,0.1774432055652141,0.0004183587618172,0.0104590006172657,0.138017132692039,0.7,0.0002859160013031,5.86e-07,0.0088978766430738
seed2,890,0.0152182295918464,0.0732711717486381,0.0017991866916418,0.0054128258198034,0.1139160009566694,0.6,2.341103792190552,5.926666666666667e-07,0.0089989888776541
seed2,900,0.0208689790219068,0.3337345071136951,0.0012505298480391,0.0312629595398902,0.190042357891798,0.5,0.0003159526386298,5.993333333333333e-07,0.0091001011122345
seed2,910,-0.1166484173387289,0.3376777197234332,-0.004239373281598,0.0260712649673223,0.1988793453201651,0.3,2.2960593700408936,6.06e-07,0.0092012133468149
seed2,920,0.025104983896017,0.3912545934319496,-0.001197815593332,0.0223071604967117,0.1697225535521283,0.5,7.052523415040923e-06,6.126666666666667e-07,0.0093023255813953
seed2,930,-0.1001158662140369,0.3388890616595745,0.0013701735995709,0.0342577086761593,0.1904468957567587,0.5,0.0003088325029239,6.193333333333332e-07,0.0094034378159757
seed2,940,0.1609536878764629,0.2993352934718132,0.0023076359182596,0.0576908096671104,0.2373710319865495,0.2,1.853875041007996,6.26e-07,0.0095045500505561
seed2,950,-0.0668628761544823,0.1313350160606205,0.000714058894664,0.01785156019032,0.1512645401991904,0.5,1.504865050315857,6.326666666666667e-07,0.0096056622851365
seed2,960,-0.1089192800223827,0.3306946314871311,0.0019678691402077,0.0491967612877488,0.1897137281950563,0.3,1.6302717924118042,6.393333333333333e-07,0.0097067745197168
seed2,970,0.0878034606575965,0.3291951298713684,0.0062590382993221,0.0245943743735551,0.1790735635906458,0.5,0.9514151811599731,6.46e-07,0.0098078867542972
seed2,980,-0.1151081304997205,0.1161800652742385,0.0017500864341855,0.0437521640211343,0.1852073542308062,0.3,0.0011362649966031,6.526666666666666e-07,0.0099089989888776
seed2,990,-0.1395811782218516,0.3232396155595779,0.0009537359699606,0.1241282366216182,0.3000412249006331,0.3,0.6538005471229553,6.593333333333333e-07,0.010010111223458
seed2,1000,0.2054925653268583,0.4888839516672306,0.0047160305082798,0.1179009890183806,0.2651652459055185,0.2,0.203881561756134,6.66e-07,0.0101112234580384
seed2,1010,-0.0009474124759435,0.3158843839541078,0.0058051738888025,0.1451293516904115,0.2383314129896462,0.3,0.0007672836072742,6.726666666666666e-07,0.0102123356926188
seed2,1020,0.4514767337590456,0.7630301553755998,0.0225851953029632,0.147510521672666,0.2525051948847249,0.1,3.652760085515183e-07,6.793333333333333e-07,0.0103134479271991
seed2,1030,0.0284819979220628,0.668840515613556,0.0033842697739601,0.1799293516203761,0.2758442474529147,0.2,1.337938904762268,6.86e-07,0.0104145601617795
seed2,1040,-0.0035091998055577,0.4490124009782448,0.0034076314419507,0.2217932980507612,0.2861876089125871,0.1,11.889265060424805,6.926666666666666e-07,0.0105156723963599
seed2,1050,0.0517422780394554,0.7427368951961398,0.00966577231884,0.241644424572587,0.2599194579292089,0.2,24.1995792388916,6.993333333333333e-07,0.0106167846309403
seed2,1060,0.0848344711586833,0.4946017980575561,0.0166506484150886,0.2502232890576124,0.2846954068168997,0.3,0.0010717139812186,7.059999999999999e-07,0.0107178968655207
seed2,1070,0.1390253755263984,0.5129408437758685,0.0107485711574554,0.2687140714377165,0.265844957716763,0.1,40.3212776184082,7.126666666666667e-07,0.0108190091001011
seed2,1080,0.0943227915093302,0.5267631780356169,0.0148634135723114,0.3715853914618492,0.2676013799849898,0.0,3.313159227371216,7.193333333333333e-07,0.0109201213346814
seed2,1090,0.2043019918724894,0.4550558637827634,0.0075451761484146,0.1886294083669781,0.3114557503722608,0.2,2.378091335296631,7.259999999999999e-07,0.0110212335692618
seed2,1100,-0.0366884022951126,0.5992540664970875,0.0007376685738563,0.2687945555895566,0.3304020852781832,0.0,6.727768421173096,7.326666666666667e-07,0.0111223458038422
seed2,1110,-0.0935452667996287,0.5975600428879261,0.0098195165395736,0.3305427011102438,0.3355593574699014,0.1,0.9000058174133301,7.393333333333333e-07,0.0112234580384226
seed2,1120,0.6019917719066143,0.8667448416352272,0.010905535519123,0.2726381624117494,0.2360952512361109,0.0,0.8776776194572449,7.459999999999999e-07,0.011324570273003
seed2,1130,0.0429895877838134,0.5037062637507915,0.0124186061322689,0.3185511631891131,0.2984227551380172,0.1,3.877652406692505,7.526666666666667e-07,0.0114256825075834
seed2,1140,0.3769318177364766,0.5749020886141807,0.0139276877045631,0.5247382808476686,0.2894199668429792,0.1,1.495737075805664,7.593333333333333e-07,0.0115267947421638
seed2,1150,0.0747234528884291,0.3039642985910177,0.0136440023779869,0.3411001555621624,0.3047768827527761,0.1,0.4949117600917816,7.66e-07,0.0116279069767441
seed2,1160,0.1672489390010014,0.4930995823815465,0.0167111635208129,0.4177788311615586,0.3204684380907565,0.1,2.839278221130371,7.726666666666666e-07,0.0117290192113245
seed2,1170,0.0048705704510211,0.3430820018053054,0.018254479765892,0.4075982918962836,0.3337599282152951,0.1,0.0040937634184956,7.793333333333333e-07,0.0118301314459049
seed2,1180,0.0423612342216074,0.2011109799146652,0.017214249074459,0.4303561341017484,0.320744358561933,0.2,1.9277642965316768,7.86e-07,0.0119312436804853
seed2,1190,0.1731222852133214,0.341078708320856,0.0191583231091499,0.4789582103490829,0.287249606102705,0.0,3.370842218399048,7.926666666666666e-07,0.0120323559150657
seed2,1200,0.1115062355995178,0.2699386917054653,0.0226874113082885,0.5671853292733431,0.3336530853528529,0.0,2.2654037475585938,7.993333333333333e-07,0.0121334681496461
seed2,1210,0.465654094517231,0.7686025083065033,0.0321267902851104,0.8031689174473285,0.3017976810224354,0.0,1.288115382194519,8.06e-07,0.0122345803842264
seed2,1220,0.041686206520535,0.3203459376003593,0.0278417140245437,0.7005713196471334,0.3548969794996083,0.0,1.3106416463851929,8.126666666666666e-07,0.0123356926188068
seed2,1230,-0.0269933238683734,0.2582146879518404,0.0255322098731994,0.6383054573088884,0.353317078622058,0.1,4.680644035339356,8.193333333333333e-07,0.0124368048533872
seed2,1240,0.1489282612456008,0.3599933906458318,0.0215013176202774,0.5430110484361649,0.2975731288082898,0.2,16.48998260498047,8.259999999999999e-07,0.0125379170879676
seed2,1250,0.5361642185831442,0.4909217262640595,0.0198842570185661,0.6101424869149923,0.303991746623069,0.1,6.000284194946289,8.326666666666666e-07,0.012639029322548
seed2,1260,0.1426079618278891,0.3757521359249949,0.016578322649002,0.4280732378363609,0.3127090037800372,0.0,15.871633529663086,8.393333333333334e-07,0.0127401415571284
seed2,1270,0.2077534824609756,0.6065455108880997,0.0154583171010017,0.3864578334614634,0.2813249516766518,0.1,4.552734375,8.459999999999999e-07,0.0128412537917087
seed2,1280,0.2466556521132588,0.5453524373704568,0.0241928651928901,0.3768525674298871,0.2990320725366473,0.2,23.53004646301269,8.526666666666666e-07,0.0129423660262891
seed2,1290,0.1343713350594043,0.4287984296679497,0.0110280446708202,0.2757013134658336,0.2400262341368943,0.4,2.41794753074646,8.593333333333333e-07,0.0130434782608695
seed2,1300,0.3475855328142643,0.5159796267747879,9.449422359466552e-05,0.2015854755416512,0.2482041819253936,0.4,25.54739761352539,8.659999999999999e-07,0.0131445904954499
seed2,1310,0.2101621232926845,0.4039263807237148,0.0158011123538017,0.1757232785224914,0.2372239939169958,0.4,1.9212400275137043e-06,8.726666666666666e-07,0.0132457027300303
seed2,1320,0.097660762630403,0.669035355374217,0.0003576311282813,0.2152917403727769,0.2813664596062153,0.2,0.7747196555137634,8.793333333333333e-07,0.0133468149646107
seed2,1330,0.2475749522447586,0.4877247706055641,0.0170834720134735,0.4035164549946785,0.323470776900649,0.0,4.060493469238281,8.86e-07,0.0134479271991911
seed2,1340,0.0064424755051732,0.1586581106297671,0.0123784229159355,0.3094606317579746,0.2661476304288953,0.2,7.482344150543213,8.926666666666666e-07,0.0135490394337714
seed2,1350,0.0319947272539138,0.2091605827212333,0.0128569647669792,0.3600069593638181,0.3137376261176541,0.1,2.175509452819824,8.993333333333333e-07,0.0136501516683518
seed2,1360,0.1720107272267341,0.6593453466892243,0.0166824832558631,0.4111826833337545,0.3115706197917461,0.0,2.900878429412842,9.06e-07,0.0137512639029322
seed2,1370,-0.0498899433761835,0.5321124887559563,0.0147031620144844,0.36757897362113,0.3007080141454935,0.2,2.427079439163208,9.126666666666666e-07,0.0138523761375126
seed2,1380,0.181223208643496,0.4830270774662494,0.0116392917931079,0.4267184233292937,0.308799555664882,0.1,14.84555435180664,9.193333333333332e-07,0.013953488372093
seed2,1390,0.033099303394556,0.6732588171958923,0.0157955527305603,0.4947398915886879,0.2886881648562848,0.2,35.48073196411133,9.26e-07,0.0140546006066734
seed2,1400,0.0363054821267724,0.5104091614484787,0.0379089653491973,0.6166663888841868,0.3276878931559622,0.1,17.638378143310547,9.326666666666666e-07,0.0141557128412537
seed2,1410,0.1417338378727436,0.4073101192712783,0.0151960402727127,0.3340084994211793,0.2560132157523185,0.5,0.048356294631958,9.393333333333334e-07,0.0142568250758341
seed2,1420,0.3559511072933674,0.5238310515880584,0.0235315978527069,0.5674675732851029,0.2409647890832275,0.1,6.370278835296631,9.46e-07,0.0143579373104145
seed2,1430,0.2221251661423594,0.3067853812128305,0.0210475847125053,0.6652910966426134,0.2914867142215371,0.1,6.263162136077881,9.526666666666666e-07,0.0144590495449949
seed2,1440,0.1267603654414415,0.474621669948101,0.015586307644844,0.3992334354668855,0.262873441260308,0.1,26.072208404541016,9.593333333333333e-07,0.0145601617795753
seed2,1450,0.0263714589178562,0.5024770006537438,0.0085411839187145,0.3720970321446657,0.2838798381853848,0.3,3.602855576900765e-05,9.66e-07,0.0146612740141557
seed2,1460,0.0891711451346054,0.1517175000975839,0.0193554580211639,0.4392974905669689,0.2948006858583539,0.1,0.7513990998268127,9.726666666666666e-07,0.014762386248736
seed2,1470,0.2804904037388042,0.4412820160388946,0.0142967954277992,0.3574198715388775,0.312175533408299,0.2,0.0132681839168071,9.793333333333333e-07,0.0148634984833164
seed2,1480,0.0750304985791444,0.2717582654207945,0.0108333200216293,0.2708329249173403,0.2435824366519227,0.2,1.5697182416915894,9.86e-07,0.0149646107178968
seed2,1490,0.3474137458950281,0.6638780245557427,0.0187201559543609,0.5370072586461901,0.248054848704487,0.1,1.8844653367996216,9.926666666666666e-07,0.0150657229524772
seed2,1500,-0.0918649698141962,0.3102390802465379,0.0159956783056259,0.3385275430977345,0.2365768292220309,0.2,5.715754696211661e-07,9.99333333333333e-07,0.0151668351870576
seed2,1510,0.2780377669259906,0.8622650325298309,0.0140785828232765,0.3519645147025585,0.2869205384049564,0.0,4.18659257888794,9.999997539434003e-07,0.015267947421638
seed2,1520,0.3118703931570053,0.5696848973631858,-0.0102855667471885,0.4489831635728478,0.3006519452668726,0.2,0.0004283554153516,9.999989033776898e-07,0.0153690596562184
seed2,1530,0.3413570363074541,0.4584607686847448,0.0172197520732879,0.4304937303066253,0.2481311331503093,0.1,3.3907597064971924,9.99997445266164e-07,0.0154701718907987
seed2,1540,-0.0206596225500106,0.3655161254107952,0.0075697809457778,0.3236196260899305,0.2130332325585186,0.3,3.5114994049072266,9.999953796105958e-07,0.0155712841253791
seed2,1550,0.1584047280251979,0.4480180285871029,0.0134263217449188,0.3356585934758186,0.235000269440934,0.2,6.025700569152832,9.999927064134948e-07,0.0156723963599595
seed2,1560,0.0842779427766799,0.5141736307181418,0.0212491169571876,0.5312280539423228,0.2989528172649443,0.0,0.9428620934486388,9.999894256781094e-07,0.0157735085945399
seed2,1570,0.1895330607891082,0.3360505361109972,0.0083059690892696,0.2076490309089422,0.2348747299052775,0.4,0.0459805019199848,9.999855374084258e-07,0.0158746208291203
seed2,1580,0.0715698685497045,0.6149233162403107,0.0057138014584779,0.6800259282812476,0.2876956033054739,0.2,0.0401831455528736,9.999810416091688e-07,0.0159757330637007
seed2,1590,0.4194949746131897,0.4551806360483169,-0.0158141195774078,0.4343252444639802,0.1982436866965145,0.3,11.19822883605957,9.99975938285801e-07,0.016076845298281
seed2,1600,-0.0527500167489051,0.2498156324028969,0.0299634277820587,0.7423895120620727,0.2085762968519702,0.3,0.295592188835144,9.999702274445234e-07,0.0161779575328614
seed2,1610,0.2310572702437639,0.2208438199944794,0.0203075096011161,0.5115344256162644,0.2258198422146961,0.3,0.064282514154911,9.999639090922756e-07,0.0162790697674418
seed2,1620,0.2520959824323654,0.6157060293015093,0.0270925521850585,0.6773141916841269,0.2571141278138384,0.3,0.2113757729530334,9.999569832367346e-07,0.0163801820020222
seed2,1630,-0.0029851052910089,0.2243304261006415,0.012111235409975,0.3166017726063728,0.2020933371270075,0.3,0.0017597896512597,9.99949449886316e-07,0.0164812942366026
seed2,1640,-0.0270225683227181,0.3597814671695232,0.0171156108379364,0.3868287924677133,0.2135499320924282,0.4,0.0038018922787159,9.999413090501738e-07,0.016582406471183
seed2,1650,0.511819945462048,0.5808846845757216,0.0110770091414451,0.277044347859919,0.2111313696252182,0.2,0.3814236223697662,9.999325607381997e-07,0.0166835187057633
seed2,1660,0.2175239756703376,0.8250978462398052,0.0224363714456558,0.5609093703329563,0.2445790024241432,0.2,36.5717887878418,9.999232049610235e-07,0.0167846309403437
seed2,1670,0.014335417933762,0.502607392705977,0.0359296321868896,0.8982408888638019,0.2304478817153722,0.3,0.0079937884584069,9.99913241730014e-07,0.0168857431749241
seed2,1680,0.4187527768313884,0.4410013854503631,0.0192029297351837,0.4800733167678118,0.214538989122957,0.3,2.563286542892456,9.999026710572768e-07,0.0169868554095045
seed2,1690,0.1443981907330453,0.3431016322225332,0.0300741642713546,0.6982695952057838,0.2593145811464638,0.3,0.0457251444458961,9.998914929556569e-07,0.0170879676440849
seed2,1700,0.3393079514149576,0.6829904804937541,0.0267509013414382,0.6702869859873317,0.3104586834786459,0.1,4.47276782989502,9.99879707438736e-07,0.0171890798786653
seed2,1710,0.0733728840947151,0.3148184731602669,0.0188824146986007,0.4720606990158558,0.2480561612872406,0.3,10.21888542175293,9.99867314520835e-07,0.0172901921132457
seed2,1720,-0.1058636026456952,0.2105074785649776,0.0082504615187644,0.2062614899128675,0.2016585960052907,0.5,1.7084064483642578,9.998543142170124e-07,0.017391304347826
seed2,1730,0.4723713904619216,0.6238289952278138,-0.0074836008250713,0.2670318253338337,0.2037293418077752,0.2,26.067216873168945,9.99840706543065e-07,0.0174924165824064
seed2,1740,0.0241474949754774,0.1685357548296451,0.0166064903140068,0.3771329164505005,0.2278509809635579,0.3,0.0063630011864006,9.998264915155271e-07,0.0175935288169868
seed2,1750,0.1697947554290294,0.2084614921361208,-0.002140368707478,0.2987586095929145,0.1782594284741208,0.4,7.07622166373767e-05,9.998116691516716e-07,0.0176946410515672
seed2,1760,0.1807352587580681,0.2800662784837186,0.0181120976805686,0.4402665320783853,0.2343202697113156,0.2,2.1822264194488525,9.99796239469509e-07,0.0177957532861476
seed2,1770,0.2372951500117778,0.3052905276417732,-0.0042094692587852,0.3350986290723085,0.188356106262654,0.5,6.864709377288818,9.997802024877875e-07,0.017896865520728
seed2,1780,0.0151204772293567,0.4165668815374374,0.0093827255070209,0.2043079189956188,0.2427604613127187,0.4,0.0001054114763974,9.99763558225994e-07,0.0179979777553083
seed2,1790,0.1616512857377529,0.3094532279297709,0.0215857416391372,0.3382212338969111,0.24116166299209,0.0,1.9941915273666384,9.997463067043523e-07,0.0180990899898887
seed2,1800,0.1919746778905391,0.580367948114872,0.019491896033287,0.3318372690429896,0.2710561625426635,0.2,2.958659388241358e-05,9.997284479438252e-07,0.0182002022244691
seed2,1810,0.1941417448222637,0.2351687397807836,0.0293190747499465,0.2852995848283172,0.2453720186604187,0.5,0.0234067402780056,9.997099819661125e-07,0.0183013144590495
seed2,1820,0.0342475239187479,0.2236220982857048,0.0109906792640686,0.274766992777586,0.2110033638542518,0.5,19.062843322753903,9.996909087936525e-07,0.0184024266936299
seed2,1830,-0.0182703370228409,0.1804297909140587,0.0084534808993339,0.2559077139943838,0.262835483183153,0.4,1.7478083372116089,9.9967122844962e-07,0.0185035389282103
seed2,1840,0.1288469180464744,0.5467246800661087,0.0139811679720878,0.1825178328901529,0.2197984906611964,0.4,1.296573519706726,9.99650940957929e-07,0.0186046511627906
seed2,1850,0.187758514098823,0.4534498378634453,0.0130012989044189,0.4362313448451459,0.2824156056856736,0.3,5.909931659698486,9.996300463432312e-07,0.018705763397371
seed2,1860,0.3959114529192448,0.8478991150856018,0.0144806206226348,0.5552692357450724,0.2930775515502318,0.1,26.57147979736328,9.996085446309146e-07,0.0188068756319514
seed2,1870,0.1599316738545894,0.4761868465691805,0.0139718770980834,0.2798764437437057,0.2176060426048934,0.2,8.841726303100586,9.995864358471066e-07,0.0189079878665318
seed2,1880,-0.0934235885739326,0.3088917195796966,0.0039237886667251,0.3343668192625045,0.1850361664779484,0.5,1.016125224850839e-05,9.995637200186708e-07,0.0190091001011122
seed2,1890,0.0969935897737741,0.1439641837030649,0.0049159452319145,0.1228986382484436,0.1753784665837884,0.5,3.682485342025757,9.995403971732098e-07,0.0191102123356926
seed2,1900,0.5337543427944184,0.591745738685131,0.016160100698471,0.4040028642863035,0.1973052334040403,0.2,24.95206069946289,9.995164673390625e-07,0.019211324570273
seed2,1910,0.191932789934799,0.3197465164586902,0.0227696746587753,0.5692422907799483,0.2669512424618006,0.2,2.2042458057403564,9.994919305453057e-07,0.0193124368048533
seed2,1920,-0.0351289391517639,0.1757046870887279,0.0172186583280563,0.4142956981435418,0.1853930770652368,0.5,2.4773144104983658e-06,9.994667868217549e-07,0.0194135490394337
seed2,1930,0.1812816825928166,0.173007233464159,0.0281960546970367,0.7049012638628482,0.2434583388268947,0.3,0.0809301733970642,9.99441036198961e-07,0.0195146612740141
seed2,1940,0.3245882745832205,0.4377927586436271,0.0202156245708465,0.5416250238195062,0.2337434285553172,0.3,0.0014501012628898,9.99414678708214e-07,0.0196157735085945
seed2,1950,-0.0074698221869766,0.0969059088733047,0.0117160581052303,0.3738301239907741,0.2141066718380898,0.4,5.925078868865967,9.993877143815403e-07,0.0197168857431749
seed2,1960,0.2540696825832128,0.3518681593239307,0.0060512635856866,0.1512813847512006,0.1544360231608152,0.6,0.431459903717041,9.993601432517052e-07,0.0198179979777553
seed2,1970,0.1566211679950356,0.1830798370763659,0.0033686358481645,0.1312964273616671,0.2509512346703559,0.3,0.0052181249484419,9.99331965352209e-07,0.0199191102123356
seed2,1980,0.1362778387963771,0.358934137225151,0.002051780372858,0.217234630510211,0.2574321977328509,0.2,5.698904991149902,9.99303180717291e-07,0.020020222446916
seed2,1990,-0.0588330875150859,0.2287126127630472,0.0085010811686515,0.2204183511435985,0.1944869168335571,0.3,6.219491958618164,9.992737893819274e-07,0.0201213346814964
seed2,2000,-0.0415380670223385,0.0732321614399552,0.0068169690668582,0.1788171822205186,0.2261390590574592,0.5,3.069433689117432,9.99243791381831e-07,0.0202224469160768
seed42,10,-0.1247287064790725,0.0301941692829132,-1.1175870895385742e-09,0.0,0.0953716977499425,0.8,0.0,1.8200202224469159e-09,0.0001011122345803
seed42,20,-0.0224529799073934,0.0155611412599682,5.587935447692871e-09,1.531094312667847e-07,0.1077407764270901,0.8,0.7048059701919556,3.8422649140546e-09,0.0002022244691607
seed42,30,0.0131471872329711,0.0075126782059669,1.3984742963657482e-08,3.417953848838806e-07,0.0687698371475562,0.9,2.1025591649959097e-06,5.864509605662285e-09,0.0003033367037411
seed42,40,-0.4485039770603179,0.6693774029612541,-0.0009383744560182,0.0001782614737749,0.1552322756964713,0.4,2.976755013150978e-06,7.886754297269969e-09,0.0004044489383215
seed42,50,-0.0194508392363786,0.160623662173748,-0.0092273041605949,4.281830042600632e-05,0.1123899374855682,0.5,0.3895999193191528,9.908998988877653e-09,0.0005055611729019
seed42,60,-0.0470949929207563,0.3063024684786796,3.7223635445116088e-06,9.27673652768135e-05,0.1422922357684001,0.6,1.187150814985216e-06,1.1931243680485338e-08,0.0006066734074823
seed42,70,-0.3880365490913391,0.3984609330072999,0.0124986700713634,0.0001753268763422,0.1460466014919802,0.5,3.500488219287945e-06,1.3953488372093022e-08,0.0007077856420626
seed42,80,-0.1315300956368446,0.1472425647079944,5.275232251733542e-06,0.0001317659392952,0.1153865851461887,0.7,0.000136466071126,1.5975733063700707e-08,0.000808897876643
seed42,90,-0.0379030048847198,0.0345235764980316,8.789831190370023e-06,0.0002197060734033,0.0845362439984455,0.9,7.728045261501393e-07,1.7997977755308394e-08,0.0009100101112234
seed42,100,0.10270776450634,0.0783881604671478,2.425961611152161e-06,6.065554916858673e-05,0.0883306546835228,0.8,0.0002038987149717,2.002022244691608e-08,0.0010111223458038
seed42,110,-0.0681239739060401,0.1083666447550058,0.0001486134948208,0.0001488285139203,0.1131774968933314,0.7,5.175545084057376e-05,2.204246713852376e-08,0.0011122345803842
seed42,120,-0.2062658034265041,0.2340719401836395,0.0014394465833902,0.0002444137498969,0.1623517932835966,0.5,3.194706005160697e-05,2.4064711830131445e-08,0.0012133468149646
seed42,130,-0.2256627351045608,0.1962999083101749,4.837736560148187e-06,0.0001209009438753,0.1398728621657937,0.5,2.641557443894272e-07,2.6086956521739132e-08,0.0013144590495449
seed42,140,-0.2650817766785621,0.2541965156793594,3.5293400287628173e-06,8.85404646396637e-05,0.1278055612696334,0.6,7.015577793121338,2.8109201213346816e-08,0.0014155712841253
seed42,150,-0.1618317306041717,0.1763433039188385,3.7464815250132233e-06,9.364988654851914e-05,0.1215022279880941,0.6,2.589437826827634e-05,3.0131445904954496e-08,0.0015166835187057
seed42,160,-0.1893335483968257,0.232136532664299,-0.0003482917323708,9.290855377912522e-05,0.0964141245698556,0.6,1.3053610928182025e-05,3.2153690596562186e-08,0.0016177957532861
seed42,170,-0.0160973157733678,0.0512992203235626,4.550829544314183e-06,0.0001138117164373,0.1261303215287625,0.7,1.264021562974449e-07,3.4175935288169863e-08,0.0017189079878665
seed42,180,0.0214928038418293,0.0598816439509391,3.8129277527332314e-06,9.528715163469316e-05,0.0798761472105979,0.6,1.465126872062683,3.6198179979777554e-08,0.0018200202224469
seed42,190,-0.0955850958824157,0.0546200543642044,5.502105523191858e-07,1.375209540128708e-05,0.0938568028621375,0.8,6.825973105151206e-05,3.822042467138523e-08,0.0019211324570273
seed42,200,-0.0074543543159961,0.0,2.8636088700295663e-08,7.381662726402283e-07,0.0734717642422765,1.0,2.692932412173832e-06,4.024266936299292e-08,0.0020222446916076
seed42,210,-0.0859306514263153,0.1287418067455291,-0.0003946238663047,0.0001493092626333,0.1266177061246708,0.5,0.956050455570221,4.226491405460061e-08,0.002123356926188
seed42,220,0.0044239684473723,0.224464181670919,5.067922393209301e-06,0.000126658193767,0.1140343420440331,0.5,2.125174489719939e-07,4.4287158746208295e-08,0.0022244691607684
seed42,230,-0.1373460602015256,0.1055517004802823,1.9240755136706865e-06,4.804562777280808e-05,0.1050579379079863,0.5,2.191212722379987e-08,4.630940343781597e-08,0.0023255813953488
seed42,240,-0.1100275635719299,0.0628728926181793,5.226806024438702e-07,1.3086013495922089e-05,0.0950710775796324,0.8,1.8128649799109555e-06,4.8331648129423656e-08,0.0024266936299292
seed42,250,-0.0395292878150939,0.2163266390562057,1.895055174827576e-06,4.740320146083832e-05,0.1145562692312523,0.6,3.219472646713257,5.0353892821031346e-08,0.0025278058645096
seed42,260,-0.0919864356517791,0.1024744376540184,3.786466913879849e-06,9.472277015447615e-05,0.0989696788834408,0.8,2.518854898880818e-06,5.2376137512639036e-08,0.0026289180990899
seed42,270,-0.1389398679137229,0.0948621042072773,6.8900590122211725e-06,0.0001722728833556,0.0974031654652208,0.6,1.74579582790102e-07,5.4398382204246713e-08,0.0027300303336703
seed42,280,-0.2542008489370346,0.1993034303188324,2.0362436771392823e-06,5.107205361127853e-05,0.1317670616786927,0.7,8.451026916503906,5.64206268958544e-08,0.0028311425682507
seed42,290,0.1931505918502807,0.1103717684745788,1.429385065421229e-07,3.6552548408508302e-06,0.099496267712675,0.9,0.0001823576894821,5.844287158746209e-08,0.0029322548028311
seed42,300,-0.122300511598587,0.1113962054252624,1.0596588253974914e-06,2.6512332260608674e-05,0.1207897343905642,0.8,3.623419523239136,6.046511627906976e-08,0.0030333670374115
seed42,310,-0.1389003623276949,0.1408628401346504,1.1469714081613349e-05,0.0002868073061108,0.1399881677469238,0.5,8.081012765615014e-07,6.248736097067746e-08,0.0031344792719919
seed42,320,-0.1505347192287445,0.3738994225859642,1.166993752121925e-06,2.7977675199508663e-05,0.1594692370155826,0.6,0.8389503955841064,6.450960566228513e-08,0.0032355915065722
seed42,330,0.0324879229068756,0.0971348345279693,6.475066038547084e-06,0.0001604626577318,0.1227744102245196,0.8,8.181272278307006e-06,6.653185035389283e-08,0.0033367037411526
seed42,340,-0.0731840003281831,0.0629245445132255,2.506755117792636e-06,6.26763328909874e-05,0.0943570331437513,0.7,1.3402682270680089e-05,6.85540950455005e-08,0.003437815975733
seed42,350,0.1405093595385551,0.4001898616552353,1.8725579138845205e-05,0.0004682580009102,0.1372883902862668,0.5,0.8287570476531982,7.05763397371082e-08,0.0035389282103134
seed42,360,0.0268205277621746,0.2265665933489799,4.844274371862412e-06,0.0001212568953633,0.117449297523126,0.5,0.5305650234222412,7.259858442871588e-08,0.0036400404448938
seed42,370,-0.073656815290451,0.0742083609104156,3.4226104617118835e-06,8.543208241462708e-05,0.115467362687923,0.8,2.749297380447388,7.462082912032355e-08,0.0037411526794742
seed42,380,0.0401385065168142,0.2367999956011772,-0.0151551276445388,2.914387732744217e-05,0.1040040103485807,0.6,0.0117091014981269,7.664307381193126e-08,0.0038422649140546
seed42,390,-0.0632781147956848,0.205830779671669,1.9351396986166947e-06,4.842579364776612e-05,0.0986856404226273,0.8,4.154489943175577e-06,7.866531850353893e-08,0.0039433771486349
seed42,400,0.0148158418014645,0.1186949303373694,5.121342837810516e-07,1.2725032866001129e-05,0.101898075453937,0.6,1.4599992036819458,8.06875631951466e-08,0.0040444893832153
seed42,410,-0.1021664887666702,0.1056643813848495,-0.0005530892405658,4.227403551340103e-05,0.103390030330047,0.7,5.485719157150015e-06,8.270980788675428e-08,0.0041456016177957
seed42,420,-0.4270715713500976,0.173066858947277,6.25496541033499e-06,0.0001563020050525,0.0998540390050038,0.6,5.235405842540786e-05,8.473205257836198e-08,0.0042467138523761
seed42,430,-0.033617952466011,0.0227508259937167,1.0094596655108037e-05,0.0002523558214306,0.0698121881810948,0.8,5.881938491825168e-08,8.675429726996968e-08,0.0043478260869565
seed42,440,0.1077239334583282,0.2357866287231445,6.428226333810016e-06,0.0001609522849321,0.1385034236591309,0.6,3.6014844226883724e-05,8.877654196157735e-08,0.0044489383215369
seed42,450,0.0147989839315414,0.0084565617144107,-0.0018653837963938,8.342787623405456e-07,0.0741587568772956,0.9,0.0024072034284472,9.079878665318505e-08,0.0045500505561172
seed42,460,-0.00624261200428,0.0790989600121974,1.1687940059346148e-06,2.9178522527217866e-05,0.0773516127141192,0.7,2.7415831027610693e-07,9.282103134479273e-08,0.0046511627906976
seed42,470,-0.0967421166598796,0.0464537804946303,3.572713103494607e-06,8.933451026678085e-05,0.1056124436436221,0.7,7.531710252806079e-06,9.48432760364004e-08,0.004752275025278
seed42,480,0.0140710834413766,0.0813072284683585,-0.0009237942285835,8.947942405939102e-05,0.0897349963895976,0.6,0.0919810831546783,9.68655207280081e-08,0.0048533872598584
seed42,490,0.0088385291397571,0.0078347288072109,2.01451239263406e-06,5.036797374486923e-05,0.1152799799572676,0.8,1.1935742350033252e-06,9.888776541961577e-08,0.0049544994944388
seed42,500,-0.2442773297429084,0.2910598743706941,-0.0047395333647727,4.96838241815567e-05,0.1218982061604037,0.6,0.2034583687782287,1.0091001011122345e-07,0.0050556117290192
seed42,510,-0.1104565445333719,0.0310367790982127,1.837103627622128e-06,4.599876701831818e-05,0.0786786265671253,0.7,0.1914743781089782,1.0293225480283113e-07,0.0051567239635995
seed42,520,0.0762842912692576,0.0667279730085283,4.976474156137556e-06,0.0001243954524397,0.1117785241222009,0.6,8.359214831443752e-08,1.0495449949443884e-07,0.0052578361981799
seed42,530,-0.0306960351765155,0.2811906434595584,-0.0003394838422536,0.0001591879874467,0.1329817181220278,0.4,2.651857614517212,1.069767441860465e-07,0.0053589484327603
seed42,540,-0.1946527481079101,0.2563130632042885,-0.0081732489168643,0.0003006165225087,0.1544490125030279,0.4,1.1537441423570272e-05,1.0899898887765421e-07,0.0054600606673407
seed42,550,-0.0161913469433784,0.0092521980404853,8.102414540189784e-07,2.026967704296112e-05,0.0970274069113656,0.9,1.5220590512399212e-06,1.1102123356926188e-07,0.0055611729019211
seed42,560,-0.1168079443275928,0.4363113522529602,0.0041022948920726,0.0001323152333498,0.146824957546778,0.5,0.7569329738616943,1.1304347826086957e-07,0.0056622851365015
seed42,570,-0.4444278806447982,0.405277980864048,0.0023528715595602,0.0002107234671711,0.1469358513131737,0.5,2.858918605852523e-06,1.1506572295247725e-07,0.0057633973710819
seed42,580,0.0707654178142547,0.2201002962887287,4.823782728635706e-06,0.0001205492764711,0.0888178059132769,0.6,2.065093576675281e-05,1.1708796764408493e-07,0.0058645096056622
seed42,590,-0.133146021515131,0.2236022382974624,4.849762990488671e-06,0.000121209770441,0.0924142524832859,0.5,0.0001069004647433,1.1911021233569263e-07,0.0059656218402426
seed42,600,0.0903035253286361,0.2844712376594543,9.56604417297058e-06,0.0002390103414654,0.1206873965682461,0.7,8.26457908260636e-05,1.211324570273003e-07,0.006066734074823
seed42,610,-0.0368431277573108,0.0321813017129898,5.512131610885262e-06,0.0001378022134304,0.1199652896262705,0.7,9.628392945160158e-06,1.2315470171890798e-07,0.0061678463094034
seed42,620,0.0714522957801818,0.1373529434204101,-0.0018164131790399,0.0002130191773176,0.0777063090121373,0.8,8.392616271972656,1.2517694641051568e-07,0.0062689585439838
seed42,630,-0.2301745362579822,0.2868219472467899,1.0696096433093772e-05,0.0002673737704753,0.1496039647376164,0.3,0.0001027189937303,1.2719919110212338e-07,0.0063700707785642
seed42,640,-0.2869575232267379,0.3862578049302101,-0.0020463639870285,0.0001692159101366,0.1437407748075202,0.4,3.1298968679038808e-06,1.2922143579373105e-07,0.0064711830131445
seed42,650,-0.1402993965893983,0.0896203935146331,5.140093708178028e-06,0.0001283004879951,0.1412112669786438,0.6,0.0003463530738372,1.3124368048533872e-07,0.0065722952477249
seed42,660,-0.0122373380349017,0.0219352329615503,-4.980442463420332e-05,3.582760691642761e-05,0.1170804367167875,0.6,1.5260704344655096e-07,1.3326592517694644e-07,0.0066734074823053
seed42,670,0.0325490204617381,0.1069739461876451,-0.012814612686634,6.646979600191116e-05,0.0980048254365101,0.7,6.557950655405875e-06,1.352881698685541e-07,0.0067745197168857
seed42,680,-0.0218497842550277,0.1213283896446228,1.498447272751946e-06,3.776419907808304e-05,0.0832284769508987,0.8,8.295086217913195e-07,1.3731041456016178e-07,0.0068756319514661
seed42,690,-0.1338294774293899,0.0727690353989601,4.74788248538971e-07,1.1868216097354889e-05,0.0846995854983106,0.7,0.834010124206543,1.3933265925176945e-07,0.0069767441860465
seed42,700,0.1761902529746294,0.1675723201595246,0.0155959755182266,0.0001833224669098,0.1634581012651324,0.5,5.097121715545654,1.4135490394337718e-07,0.0070778564206268
seed42,710,-0.0349445819854736,0.1280420422554016,5.815699296363164e-07,1.4455430209636688e-05,0.1098137001739814,0.8,1.117792578497756e-07,1.4337714863498482e-07,0.0071789686552072
seed42,720,-0.1894849912263453,0.1248795492341741,-0.0017815791070461,0.0001127963885664,0.0804070009617134,0.5,2.4044318199157715,1.4539939332659254e-07,0.0072800808897876
seed42,730,-0.027426965534687,0.0156725529581308,4.936789082421455e-07,1.232381910085678e-05,0.0806217563804239,0.8,5.133305876370287e-06,1.4742163801820024e-07,0.007381193124368
seed42,740,0.1809862434864044,0.1447548449039459,-0.0263282656669616,3.318116068840027e-06,0.0959684860659763,0.7,6.238090281840414e-05,1.4944388270980786e-07,0.0074823053589484
seed42,750,-0.0735477685928344,0.0460235022008419,7.95605683379108e-07,1.9911117851734163e-05,0.1038256830535829,0.8,2.385359584877733e-05,1.5146612740141558e-07,0.0075834175935288
seed42,760,0.2174413174390793,0.1536008358001709,-0.021274647116661,0.000157325528562,0.0704481692286208,0.7,9.372181921207812e-06,1.5348837209302325e-07,0.0076845298281092
seed42,770,-0.0096962753683328,0.0088317564688622,6.15114695392549e-06,0.0001537790521979,0.1230184868676587,0.8,0.000214818821405,1.5551061678463092e-07,0.0077856420626895
seed42,780,-0.1324857354164123,0.1707423254847526,1.0506482794880867e-06,2.618394792079925e-05,0.1212789170909673,0.7,0.9300544261932372,1.5753286147623862e-07,0.0078867542972699
seed42,790,0.0752038478851318,0.0643643021583557,8.681997314852196e-07,2.170242369174957e-05,0.0846453096717596,0.8,3.8417418579683726e-08,1.5955510616784634e-07,0.0079878665318503
seed42,800,-0.2024901866912841,0.1157086730003356,3.395252497284673e-06,8.442793041467667e-05,0.1017110578017309,0.8,4.440110387804452e-06,1.61577350859454e-07,0.0080889787664307
seed42,810,-0.2127253752201795,0.1330497243441641,5.039925235905685e-06,0.0001258762553334,0.119028574321419,0.7,0.0001058474663295,1.6359959555106168e-07,0.0081900910010111
seed42,820,0.0560219287872314,0.0391736060380935,1.310072730120737e-06,3.278143703937531e-05,0.1225876725511625,0.8,7.679445843677968e-06,1.6562184024266933e-07,0.0082912032355915
seed42,830,0.0402580313384532,0.0230045899748802,1.2612045793503058e-06,2.906949557655025e-05,0.1117169064236804,0.8,4.911761789117008e-05,1.6764408493427705e-07,0.0083923154701718
seed42,840,0.0373662162572145,0.3605355456471443,-0.0057024076581001,9.176954627037049e-05,0.1065562968840822,0.6,21.18616104125977,1.6966632962588472e-07,0.0084934277047522
seed42,850,-0.0710760101675987,0.1070866424590349,6.654478784184903e-06,0.000166324712336,0.1174645891413092,0.5,1.3134331311448476e-05,1.716885743174924e-07,0.0085945399393326
seed42,860,-0.2269837588071823,0.1289096795022487,9.705768316052854e-05,0.0001779602218448,0.1083014472387731,0.6,2.832791506079957e-05,1.737108190091001e-07,0.008695652173913
seed42,870,-0.3973191559314727,0.4416559234261513,9.332663466921076e-06,0.0002335859462618,0.1664768702117726,0.4,1.2726673048746306e-06,1.757330637007078e-07,0.0087967644084934
seed42,880,-0.0915878121741116,0.2307631733827292,3.784149885177612e-06,9.470060467720032e-05,0.1150659799575805,0.8,26.26645278930664,1.7775530839231548e-07,0.0088978766430738
seed42,890,0.0417745396494865,0.2442772291600704,-0.0054896470159292,0.0002365982159972,0.0971065136836841,0.5,3.9898677641758695e-05,1.7977755308392318e-07,0.0089989888776541
seed42,900,-0.0335256874561309,0.1948477953672409,4.665181040763855e-06,0.0001166997477412,0.1300426243105903,0.7,4.847440242767334,1.8179979777553085e-07,0.0091001011122345
seed42,910,-0.2312541991472244,0.3574472017586231,-0.0056003183126449,9.527411311864852e-05,0.1137601705035194,0.4,5.043260102866043e-07,1.838220424671385e-07,0.0092012133468149
seed42,920,-0.0957240868359804,0.2243222430348396,5.875972783542239e-06,0.0001469191163778,0.1002165004145354,0.7,1.4578332638848224e-06,1.858442871587462e-07,0.0093023255813953
seed42,930,0.1174190543591976,0.0850573194213211,-0.0001267894753254,4.602111876010895e-05,0.090099120978266,0.7,2.161799784516916e-06,1.878665318503539e-07,0.0094034378159757
seed42,940,-0.0460481710731983,0.0723817333579063,2.244987990707159e-05,0.0005612857639789,0.1089786485536024,0.7,0.9261329770088196,1.898887765419616e-07,0.0095045500505561
seed42,950,0.0338096732273697,0.1632616615854203,1.097797794500366e-05,0.0002742948010563,0.126971032936126,0.6,4.308957954890502e-07,1.919110212335693e-07,0.0096056622851365
seed42,960,-0.1642412828281521,0.2951264118775725,0.0004305174108594,0.0002105442807078,0.1377711543813347,0.7,0.0012712468160316,1.9393326592517693e-07,0.0097067745197168
seed42,970,0.0109389923512935,0.0114178203046321,2.6939760573441163e-06,6.738342344760894e-05,0.1250884213019162,0.8,7.33548176867771e-06,1.9595551061678465e-07,0.0098078867542972
seed42,980,-0.019587880373001,0.0800717234611511,3.2446710974909366e-06,8.104685693979263e-05,0.0818574910750612,0.8,8.766501764512213e-07,1.9797775530839235e-07,0.0099089989888776
seed42,990,0.0691153824329376,0.0629530608654022,-0.0094859585165977,1.218412071466446e-05,0.0744731656974181,0.9,7.452810990571379e-08,2e-07,0.010010111223458
seed42,1000,0.0024563550949096,0.1764060664921999,2.220645546913147e-06,5.541294813156128e-05,0.1273417375050485,0.7,3.981673002243042,2.020222446916077e-07,0.0101112234580384
seed42,1010,-0.0484004696831107,0.0692952461075037,9.967217920348048e-06,0.000249171629548,0.1353823893936351,0.5,0.03929403424263,2.0404448938321538e-07,0.0102123356926188
seed42,1020,-0.0382872015237808,0.0160527735948562,4.5725332711299414e-07,1.1452846229076383e-05,0.0694265784928575,0.9,2.8878119337605312e-05,2.0606673407482306e-07,0.0103134479271991
seed42,1030,-0.035474182665348,0.0391141191124916,5.0725342589430514e-06,0.0001268323510885,0.1062903133686632,0.8,4.557192369247787e-05,2.0808897876643078e-07,0.0104145601617795
seed42,1040,0.0737078338861465,0.1906937479972839,-0.0003114410676062,0.000475194491446,0.1327031831489876,0.5,4.34227466583252,2.1011122345803842e-07,0.0105156723963599
seed42,1050,0.0185398139059543,0.0114368567243218,6.185797974467277e-06,0.0001546425744891,0.0866580544039607,0.7,0.3102180063724518,2.121334681496461e-07,0.0106167846309403
seed42,1060,-0.1541546292603016,0.1625277932733297,-0.0010301582515239,0.0002776695415377,0.1152517651207745,0.6,6.133737997515709e-07,2.141557128412538e-07,0.0107178968655207
seed42,1070,-0.2647045858204365,0.1634804263710975,0.0003342249896377,0.0001361759379506,0.1125407949555665,0.6,1.9457215070724487,2.1617795753286146e-07,0.0108190091001011
seed42,1080,-0.062614656984806,0.2643255546689033,1.679668202996254e-05,0.0004199782386422,0.1667514576110988,0.6,4.304165363311768,2.1820020222446918e-07,0.0109201213346814
seed42,1090,-0.1409847492352128,0.1302831414621323,4.7527842980343845e-06,0.0001189345493912,0.0827542952261865,0.8,0.0508887581527233,2.2022244691607685e-07,0.0110212335692618
seed42,1100,0.0282061889767646,0.0457274504005909,7.975435437401757e-06,0.0001994084566831,0.0997172077652066,0.7,6.59980287309736e-06,2.222446916076845e-07,0.0111223458038422
seed42,1110,-0.0105036746710538,0.1926751345396042,6.983341154409572e-06,0.0001747982576489,0.1346589374588802,0.4,4.40985286331852e-06,2.242669362992922e-07,0.0112234580384226
seed42,1120,0.1135182738304138,0.0845752209424972,1.204460859298706e-05,0.0003010410815477,0.1267772747203707,0.8,1.2742750644683838,2.262891809908999e-07,0.011324570273003
seed42,1130,-0.2419770002365112,0.2608131967484951,1.6851723194122316e-05,0.0004209926351904,0.1301269114250317,0.6,9.115522384643556,2.283114256825076e-07,0.0114256825075834
seed42,1140,0.0790163651108741,0.0935758709907531,2.519081499485765e-06,6.293971091508865e-05,0.0851682683685794,0.8,1.9908766546450354e-07,2.303336703741153e-07,0.0115267947421638
seed42,1150,-0.1535644382238388,0.349682342261076,-0.0336598843336105,9.433794766664506e-05,0.1049693764187395,0.5,6.132278031145688e-06,2.3235591506572293e-07,0.0116279069767441
seed42,1160,0.1886570319533348,0.418607023358345,3.3262185752391815e-05,0.0008315185084939,0.1254498860100284,0.7,2.332749366760254,2.3437815975733065e-07,0.0117290192113245
seed42,1170,-0.140955638885498,0.0904580324888229,1.2822076678276062e-05,0.0003207188099622,0.097980353469029,0.8,5.290364742279053,2.364004044489383e-07,0.0118301314459049
seed42,1180,-0.1323517739772796,0.3498270146548748,0.0024246484041213,0.000892855413258,0.1666737218387425,0.3,17.297367095947266,2.38422649140546e-07,0.0119312436804853
seed42,1190,-0.0660037696361541,0.0377164393663406,1.7255029888474383e-06,4.315171390771866e-05,0.1059346493799239,0.9,5.694184437743388e-05,2.404448938321537e-07,0.0120323559150657
seed42,1200,0.0473904555663466,0.0441848827060312,-0.0004224537871778,0.0002989931032061,0.0900339315412566,0.7,0.0002067483001155,2.4246713852376136e-07,0.0121334681496461
seed42,1210,0.0001180864870548,0.0220927477814257,0.0001866643433459,0.0001048417761921,0.0978151530958712,0.7,0.4998276829719543,2.4448938321536906e-07,0.0122345803842264
seed42,1220,-0.0243440970778465,0.2020446464419364,-0.0001982627436518,0.0013337388634681,0.1144889150513336,0.6,0.0001165125868283,2.465116279069768e-07,0.0123356926188068
seed42,1230,-0.2677507355809211,0.1786340188235044,2.2458158491645007e-05,0.0005615347996354,0.1284616543911397,0.5,1.658294968365226e-05,2.485338725985844e-07,0.0124368048533872
seed42,1240,-0.1291846118867397,0.2501542285084724,1.1939211253775283e-05,0.0002986047416925,0.1327483458677306,0.6,5.8041907323058695e-05,2.505561172901921e-07,0.0125379170879676
seed42,1250,0.0758420169353485,0.2663505006581544,2.5123290834017097e-05,0.0006279941648244,0.1394770581973716,0.6,2.6634768801159225e-05,2.525783619817998e-07,0.012639029322548
seed42,1260,-0.2876619651913643,0.3639650970697403,1.967651478480548e-05,0.0004918914288282,0.1623757196124643,0.6,0.0003664942923933,2.546006066734075e-07,0.0127401415571284
seed42,1270,-0.1589985452592373,0.0985184509307146,5.476568912854418e-06,0.000137036666274,0.1122065655654296,0.7,0.0002256303559988,2.566228513650152e-07,0.0128412537917087
seed42,1280,-0.0549693822860717,0.1515834704041481,1.56076333951205e-05,0.0003742828965187,0.137419437081553,0.8,2.948694941551367e-07,2.586450960566229e-07,0.0129423660262891
seed42,1290,-0.1114366501569747,0.2473994582891464,2.4994098930619656e-05,0.0006249666213989,0.1275228111306205,0.6,3.5256398405181244e-05,2.6066734074823053e-07,0.0130434782608695
seed42,1300,-0.1582810953259468,0.0701189085841178,2.1321950771380217e-05,0.0005330514162778,0.0898540172725916,0.7,1.265793889615452e-05,2.626895854398382e-07,0.0131445904954499
seed42,1310,0.0861769124865532,0.1181565415114164,5.328189581632614e-05,0.0013319838792085,0.1268586515681818,0.5,0.6700783967971802,2.647118301314459e-07,0.0132457027300303
seed42,1320,-0.0752312866970896,0.1144850442185998,-0.0001682236092165,0.0002445917576551,0.1042947423411533,0.7,6.45504223939497e-06,2.667340748230536e-07,0.0133468149646107
seed42,1330,-0.2729630768299103,0.2709190309047699,-0.0130410328507423,0.0006236106157302,0.1070443882141262,0.6,3.1345174312591557,2.687563195146613e-07,0.0134479271991911
seed42,1340,-0.0140961736440658,0.4127700187265873,-0.0020324371755123,0.0012991335242986,0.1186728277709335,0.5,29.40754508972168,2.7077856420626896e-07,0.0135490394337714
seed42,1350,0.2382947891950607,0.1844893306493759,2.108650369336829e-05,0.0005271410569548,0.111505667748861,0.7,0.0001603271666681,2.7280080889787666e-07,0.0136501516683518
seed42,1360,-0.1240173557773232,0.2403729982674121,0.0003954206127673,0.0006642721593379,0.1444923679577186,0.6,0.0002471852058079,2.748230535894843e-07,0.0137512639029322
seed42,1370,-0.1495871856808662,0.1359978556632995,-0.0056710619479417,0.0008211841806769,0.0829545970540493,0.6,2.454848436173052e-05,2.76845298281092e-07,0.0138523761375126
seed42,1380,-0.028324232250452,0.0649410196579992,0.0003272427711635,0.0010140310352653,0.1051780434790998,0.7,0.0003830701170954,2.788675429726997e-07,0.013953488372093
seed42,1390,-0.0654427133500576,0.1038787551224231,6.213312735781074e-05,0.0015480159476283,0.1606870003743097,0.5,0.0055540394969284,2.808897876643074e-07,0.0140546006066734
seed42,1400,-0.0875948697328567,0.3289608657360077,-0.0051893886178731,0.0019997771829366,0.1089070708723738,0.5,0.0001289309293497,2.829120323559151e-07,0.0141557128412537
seed42,1410,-0.218558014370501,0.132013781229034,3.2091187313199045e-05,0.0008022793258078,0.1166486543603241,0.6,0.0361016690731048,2.849342770475228e-07,0.0142568250758341
seed42,1420,0.06621516905725,0.3854122001677751,0.0001512222457677,0.0037807850167155,0.1478632061276585,0.3,0.0049203191883862,2.869565217391305e-07,0.0143579373104145
seed42,1430,-0.0658035598695278,0.13856549449265,0.0001308840699493,0.003272145986557,0.1836598519003018,0.4,1.7956219911575315,2.889787664307381e-07,0.0144590495449949
seed42,1440,0.0884377658367157,0.1251907765865326,1.7720620962791146e-05,0.0004440942779183,0.1095521328970789,0.7,5.957457688055001e-06,2.9100101112234577e-07,0.0145601617795753
seed42,1450,-0.0142846435308456,0.2074684776365757,0.0001028709113597,0.0025717865675687,0.123595565976575,0.5,9.962502479553224,2.930232558139535e-07,0.0146612740141557
seed42,1460,0.0408230811357498,0.1761374356225133,-0.0190404042601585,0.0020358892157673,0.1213620315073058,0.6,1.517157793045044,2.950455005055612e-07,0.014762386248736
seed42,1470,-0.0446332596242427,0.0406260779127478,9.203155059367418e-05,0.0023007933050394,0.1079783541616052,0.6,0.9846649765968324,2.970677451971688e-07,0.0148634984833164
seed42,1480,-0.0625351021531969,0.0464084981009364,5.445870920084417e-05,0.001361783593893,0.1048244841163978,0.6,9.093015978578478e-05,2.990899898887766e-07,0.0149646107178968
seed42,1490,0.1535109758377075,0.3259631872177124,9.517836733721196e-05,0.0023793846368789,0.1334992103278637,0.7,0.000127707447973,3.011122345803842e-07,0.0150657229524772
seed42,1500,-0.2372447006404399,0.3128331132233143,-6.20459788478911e-05,0.0025229791179299,0.13866653945297,0.5,0.4841427206993103,3.031344792719919e-07,0.0151668351870576
seed42,1510,0.147816736617824,0.0979572416981682,5.568616325035691e-05,0.0014199800789356,0.0897721454501152,0.6,8.057658124016598e-05,3.051567239635996e-07,0.015267947421638
seed42,1520,-0.0147848822176456,0.1777240470051765,-0.0020107083022594,0.0018576111644506,0.1356634076219052,0.6,0.5038105249404907,3.071789686552073e-07,0.0153690596562184
seed42,1530,-0.070581778883934,0.3889703154563904,0.0001779185608029,0.0044478287920355,0.1522746021859347,0.4,3.040121078491211,3.0920121334681494e-07,0.0154701718907987
seed42,1540,-0.0455282237380743,0.0260161255486309,1.999820669880137e-05,0.000920981913805,0.1018921690527349,0.8,0.0001985773124033,3.112234580384227e-07,0.0155712841253791
seed42,1550,-0.1069794297218322,0.1267078876495361,0.0001029394567012,0.0025735389441251,0.1257850038353353,0.6,1.388422608375549,3.132457027300304e-07,0.0156723963599595
seed42,1560,0.0024287559092044,0.2343468427658081,0.0003720487467944,0.0093011116608977,0.1990801677573472,0.5,0.8168355226516724,3.15267947421638e-07,0.0157735085945399
seed42,1570,-0.0024559531360864,0.187456214427948,0.0002848361851647,0.0071213103830814,0.1432251825928688,0.4,0.8712646961212158,3.172901921132457e-07,0.0158746208291203
seed42,1580,-0.1279037933796644,0.3561451487243176,0.0004105141386389,0.0102626577019691,0.1807631062343716,0.4,0.970539689064026,3.1931243680485337e-07,0.0159757330637007
seed42,1590,-0.1304899536073208,0.3280291479080915,0.0001305320532992,0.0047312036156654,0.1693690717453137,0.5,0.2131917029619217,3.21334681496461e-07,0.016076845298281
seed42,1600,-0.2042394047603011,0.3933060489594936,-0.011802615225315,0.0138429895043373,0.1895739285973832,0.3,0.0020523997955024,3.233569261880688e-07,0.0161779575328614
seed42,1610,-0.1701113030314445,0.1357913181185722,0.0002084944630041,0.0052123261615633,0.1419220462907105,0.6,0.0001393065613228,3.253791708796764e-07,0.0162790697674418
seed42,1620,-0.1844527757260948,0.1551284802146256,0.0003621442243456,0.009053561836481,0.1399894371861592,0.4,9.056938870344312e-05,3.274014155712841e-07,0.0163801820020222
seed42,1630,0.3455872632563114,0.5988875661045313,-0.0205155402421951,0.0228429922834038,0.188727077236399,0.2,8.532567977905273,3.294236602628918e-07,0.0164812942366026
seed42,1640,0.0164925038814544,0.1023712460882961,0.0006969831883907,0.0062006196007132,0.1325322174234315,0.5,6.203291559359059e-05,3.314459049544995e-07,0.016582406471183
seed42,1650,-0.0953599497675895,0.2832161590456962,0.0005221965722739,0.0127491138875484,0.1935830926056951,0.6,1.2106703519821167,3.334681496461072e-07,0.0166835187057633
seed42,1660,0.1360992025583982,0.1015845892950892,0.00023925146088,0.008027409389615,0.1114178501768037,0.6,0.309691458940506,3.354903943377149e-07,0.0167846309403437
seed42,1670,0.0107595048844814,0.11930334828794,0.0022345168516039,0.0086847009137272,0.1335835102014243,0.6,0.0003766946902032,3.3751263902932253e-07,0.0168857431749241
seed42,1680,0.1115130510181188,0.3859575450420379,0.0006365110632032,0.0159126535058021,0.1692911418387666,0.3,0.0003700907400343,3.395348837209302e-07,0.0169868554095045
seed42,1690,-0.1391187757253646,0.5054291769862175,-0.0030667163431644,0.015338722616434,0.1948180774692446,0.4,6.509030818939209,3.41557128412538e-07,0.0170879676440849
seed42,1700,-0.2483553174417466,0.2071396861225366,0.0006691950839012,0.0191256990656256,0.1874039429472759,0.3,1.9473427534103396,3.435793731041456e-07,0.0171890798786653
seed42,1710,-0.0579958025366067,0.1984486434608698,0.0006494251079857,0.016235664114356,0.1520885117352008,0.7,0.0004247640608809,3.456016177957533e-07,0.0172901921132457
seed42,1720,-0.1683166250586509,0.3470916509628295,0.0007202777545899,0.0180070884525775,0.1656053518410772,0.3,6.913639026606688e-06,3.4762386248736097e-07,0.017391304347826
seed42,1730,-0.1753302998840809,0.2383274428546428,0.0006322701461613,0.034759908542037,0.2095339209772646,0.2,3.561647463357076e-05,3.4964610717896866e-07,0.0174924165824064
seed42,1740,0.0300455623480957,0.0392260757740587,0.0005548158194869,0.0148622218519449,0.1594220316968858,0.8,0.0001977146312128,3.516683518705763e-07,0.0175935288169868
seed42,1750,-0.0412538915872573,0.1486901432275772,0.0074577078223228,0.0105091981589794,0.1662696833489462,0.6,3.302044206066057e-05,3.53690596562184e-07,0.0176946410515672
seed42,1760,-0.2257056429982185,0.4030688852071762,0.0011599406599998,0.0289985615760087,0.2082740041892975,0.3,19.90421485900879,3.557128412537917e-07,0.0177957532861476
seed42,1770,-0.1669830396771431,0.1578531086910516,0.0017376227304339,0.0434405911713838,0.2093814152292907,0.3,1.6702334880828855,3.5773508594539934e-07,0.017896865520728
seed42,1780,0.0282837726175785,0.410245931148529,0.0012425265274941,0.0548008063808083,0.2167649138718843,0.3,1.6318962574005127,3.597573306370071e-07,0.0179979777553083
seed42,1790,0.1872980319429188,0.3201575977727771,0.0018231719732284,0.0455792415887117,0.2196609177161008,0.4,17.700170516967773,3.6177957532861474e-07,0.0180990899898887
seed42,1800,0.0049425303936004,0.2180441968142986,-0.0003469828516244,0.0385689226910471,0.1945153509266674,0.2,2.8549704551696777,3.6380182002022243e-07,0.0182002022244691
seed42,1810,0.0044591315090656,0.5093665108084678,0.0020862109959125,0.0521554175764322,0.2193025356624275,0.3,0.0008286074735224,3.6582406471183013e-07,0.0183013144590495
seed42,1820,0.0062486991286277,0.2926716811954975,0.00100420396775,0.0251050092279911,0.1446522580692544,0.5,0.0006596574676223,3.678463094034378e-07,0.0184024266936299
seed42,1830,0.0874696992337703,0.297059163916856,0.0011256648227572,0.0281419595703482,0.1760742583777755,0.6,0.0027103831525892,3.698685540950455e-07,0.0185035389282103
seed42,1840,-0.423019839450717,0.4703915391117334,0.0017837278544902,0.0587759491754695,0.2532800849061459,0.1,3.432802438735962,3.718907987866532e-07,0.0186046511627906
seed42,1850,0.2238613198511302,0.2184303772868588,0.0004183192271739,0.0633427852764725,0.1686869885772466,0.3,0.0020086939912289,3.739130434782609e-07,0.018705763397371
seed42,1860,-0.1443038359284401,0.3493225812911987,-0.0016937097534537,0.0358304720371961,0.1931401351932436,0.3,3.3973348140716557,3.759352881698685e-07,0.0188068756319514
seed42,1870,-0.2069288551807403,0.7267205104231834,-0.00217205286026,0.0351131081581115,0.1789633978623896,0.5,41.56853485107422,3.7795753286147626e-07,0.0189079878665318
seed42,1880,-0.1483945358544588,0.5293117118999362,0.0019679117947816,0.0859773192554712,0.2702262297738343,0.1,1.974614381790161,3.799797775530839e-07,0.0190091001011122
seed42,1890,0.1675398716703057,0.3165181122720241,0.0064199835062026,0.0901011714013293,0.2248816472943872,0.2,1.9428576231002808,3.820020222446916e-07,0.0191102123356926
seed42,1900,-0.1753703474998474,0.3213484728708863,0.0016393961384892,0.0484453486278653,0.2255329005420208,0.3,0.1095063239336013,3.840242669362993e-07,0.019211324570273
seed42,1910,0.0049186520278453,0.3645092179998755,0.0028930213302373,0.0723255928605794,0.2251713049598038,0.3,1.0098352432250977,3.860465116279069e-07,0.0193124368048533
seed42,1920,0.1483704192563891,0.7759142763912678,-0.0072372518479824,0.1512864328920841,0.2798097702674568,0.1,0.5306587815284729,3.880687563195146e-07,0.0194135490394337
seed42,1930,0.0544329412281513,0.1645002078264951,-0.0005923413671553,0.0767966791987419,0.2226273206062615,0.2,0.0047359885647892,3.900910010111223e-07,0.0195146612740141
seed42,1940,0.1940505279228091,0.2502435447182506,0.0076824635267257,0.1226876392960548,0.2045742929913103,0.1,0.185703843832016,3.9211324570273003e-07,0.0196157735085945
seed42,1950,0.0465166330337524,0.4781676590442657,0.0034981209784746,0.1490689773112535,0.2305143459700048,0.2,1.337630271911621,3.941354903943377e-07,0.0197168857431749
seed42,1960,0.2554784097708761,0.5200692018028349,0.0043796867132186,0.1094919042661786,0.2675758925266563,0.2,16.212905883789062,3.961577350859454e-07,0.0198179979777553
seed42,1970,0.2028316720388829,0.2178839277476072,0.0031885549426078,0.0797138934955001,0.2214785694610327,0.3,4.422856330871582,3.9817997977755307e-07,0.0199191102123356
seed42,1980,-0.0247090808115899,0.1151095610111951,0.0008222282864153,0.0493626680225133,0.185680309147574,0.4,3.6694252685265374e-06,4.002022244691608e-07,0.020020222446916
seed42,1990,-0.0028372842818498,0.3006477184593678,0.0040728650987148,0.1018214959651231,0.2386241623200476,0.2,0.6306753754615784,4.022244691607684e-07,0.0201213346814964
seed42,2000,0.0516589742153883,0.374063678085804,-0.0108321711421012,0.0923233637586236,0.2213667805772274,0.3,1.15214204788208,4.042467138523761e-07,0.0202224469160768
