run_id,run_role,seed,max_steps,step,epoch,loss,grad_norm,learning_rate
sft_full_seed1,full,1,30000,10,0.00010111223458038423,0.6636096477508545,0.016317997127771378,6e-09
sft_full_seed1,full,1,30000,20,0.00020222446916076846,0.7333549499511719,0.1363864541053772,1.2666666666666666e-08
sft_full_seed1,full,1,30000,30,0.00030333670374115267,1.2977746963500976,24.144683837890625,1.9333333333333334e-08
sft_full_seed1,full,1,30000,40,0.0004044489383215369,0.5689133167266845,0.08456316590309143,2.5999999999999998e-08
sft_full_seed1,full,1,30000,50,0.0005055611729019212,0.9218499183654785,43.60584259033203,3.266666666666666e-08
sft_full_seed1,full,1,30000,60,0.0006066734074823053,1.2592313766479493,23.814470291137695,3.933333333333333e-08
sft_full_seed1,full,1,30000,70,0.0007077856420626896,1.7477428436279296,29.016164779663086,4.5999999999999995e-08
sft_full_seed1,full,1,30000,80,0.0008088978766430738,0.9306212425231933,0.00981901679188013,5.266666666666666e-08
sft_full_seed1,full,1,30000,90,0.000910010111223458,0.5346104145050049,0.0052600461058318615,5.9333333333333335e-08
sft_full_seed1,full,1,30000,100,0.0010111223458038423,1.4142579078674316,23.952835083007812,6.6e-08
sft_full_seed1,full,1,30000,110,0.0011122345803842265,0.7027385711669922,32.498863220214844,7.266666666666667e-08
sft_full_seed1,full,1,30000,120,0.0012133468149646107,0.648369836807251,0.019490020349621773,7.933333333333333e-08
sft_full_seed1,full,1,30000,130,0.0013144590495449949,0.6352775573730469,0.05991530790925026,8.599999999999999e-08
sft_full_seed1,full,1,30000,140,0.0014155712841253793,1.2031529426574707,0.02475132793188095,9.266666666666666e-08
sft_full_seed1,full,1,30000,150,0.0015166835187057635,0.8747446060180664,22.852468490600586,9.933333333333332e-08
sft_full_seed1,full,1,30000,160,0.0016177957532861476,1.0335422515869142,25.51089859008789,1.06e-07
sft_full_seed1,full,1,30000,170,0.0017189079878665318,0.8575815200805664,19.533214569091797,1.1266666666666666e-07
sft_full_seed1,full,1,30000,180,0.001820020222446916,0.7639039516448974,21.2691593170166,1.1933333333333332e-07
sft_full_seed1,full,1,30000,190,0.0019211324570273002,0.8983250617980957,0.014519358985126019,1.26e-07
sft_full_seed1,full,1,30000,200,0.0020222446916076846,1.2904294967651366,0.001803436316549778,1.3266666666666664e-07
sft_full_seed1,full,1,30000,210,0.002123356926188069,1.022988510131836,0.029971927404403687,1.3933333333333334e-07
sft_full_seed1,full,1,30000,220,0.002224469160768453,0.7424226760864258,27.087493896484375,1.4599999999999998e-07
sft_full_seed1,full,1,30000,230,0.002325581395348837,0.9727929115295411,22.369831085205078,1.5266666666666666e-07
sft_full_seed1,full,1,30000,240,0.0024266936299292214,0.8483625411987304,0.03223924711346626,1.5933333333333333e-07
sft_full_seed1,full,1,30000,250,0.0025278058645096056,1.2250986099243164,0.1659557968378067,1.66e-07
sft_full_seed1,full,1,30000,260,0.0026289180990899897,0.7473443984985352,19.375917434692383,1.7266666666666665e-07
sft_full_seed1,full,1,30000,270,0.002730030333670374,0.6322207450866699,0.5823115110397339,1.7933333333333332e-07
sft_full_seed1,full,1,30000,280,0.0028311425682507585,1.1110740661621095,0.03709016740322113,1.86e-07
sft_full_seed1,full,1,30000,290,0.0029322548028311427,0.9110238075256347,21.309097290039062,1.9266666666666667e-07
sft_full_seed1,full,1,30000,300,0.003033367037411527,0.6724218845367431,0.0003171855350956321,1.9933333333333332e-07
sft_full_seed1,full,1,30000,310,0.003134479271991911,0.7608534812927246,0.16373607516288757,2.06e-07
sft_full_seed1,full,1,30000,320,0.0032355915065722953,0.940248680114746,16.867238998413086,2.1266666666666667e-07
sft_full_seed1,full,1,30000,330,0.0033367037411526795,1.102790069580078,19.005712509155273,2.193333333333333e-07
sft_full_seed1,full,1,30000,340,0.0034378159757330637,0.7681982040405273,38.261314392089844,2.2599999999999999e-07
sft_full_seed1,full,1,30000,350,0.003538928210313448,0.663946533203125,0.1747903823852539,2.3266666666666666e-07
sft_full_seed1,full,1,30000,360,0.003640040444893832,0.773790693283081,24.056198120117188,2.3933333333333333e-07
sft_full_seed1,full,1,30000,370,0.0037411526794742162,0.5828691005706788,22.152061462402344,2.46e-07
sft_full_seed1,full,1,30000,380,0.0038422649140546004,1.0179507255554199,0.018675483763217926,2.526666666666666e-07
sft_full_seed1,full,1,30000,390,0.003943377148634985,0.9885989189147949,26.23830795288086,2.5933333333333335e-07
sft_full_seed1,full,1,30000,400,0.004044489383215369,1.0331124305725097,25.00579833984375,2.66e-07
sft_full_seed1,full,1,30000,410,0.004145601617795753,0.9328092575073242,13.573002815246582,2.7266666666666665e-07
sft_full_seed1,full,1,30000,420,0.004246713852376138,0.7557791709899903,0.01847599260509014,2.793333333333333e-07
sft_full_seed1,full,1,30000,430,0.004347826086956522,0.8512622833251953,0.07922270894050598,2.8599999999999994e-07
sft_full_seed1,full,1,30000,440,0.004448938321536906,0.35901446342468263,0.0010186622384935617,2.9266666666666667e-07
sft_full_seed1,full,1,30000,450,0.00455005055611729,0.591493797302246,21.085790634155273,2.9933333333333334e-07
sft_full_seed1,full,1,30000,460,0.004651162790697674,0.2845768451690674,0.003213748335838318,3.0599999999999996e-07
sft_full_seed1,full,1,30000,470,0.0047522750252780585,0.3063391923904419,23.442384719848633,3.1266666666666663e-07
sft_full_seed1,full,1,30000,480,0.004853387259858443,1.1726674079895019,30.512325286865234,3.1933333333333336e-07
sft_full_seed1,full,1,30000,490,0.004954499494438827,0.2516193389892578,0.0036347517743706703,3.26e-07
sft_full_seed1,full,1,30000,500,0.005055611729019211,0.902860164642334,30.2885684967041,3.3266666666666665e-07
sft_full_seed1,full,1,30000,510,0.005156723963599595,0.589466905593872,17.29738998413086,3.3933333333333333e-07
sft_full_seed1,full,1,30000,520,0.0052578361981799795,0.8661189079284668,24.41878318786621,3.4599999999999995e-07
sft_full_seed1,full,1,30000,530,0.005358948432760364,0.8035962104797363,28.47835350036621,3.526666666666667e-07
sft_full_seed1,full,1,30000,540,0.005460060667340748,0.6760471343994141,25.615726470947266,3.5933333333333335e-07
sft_full_seed1,full,1,30000,550,0.005561172901921132,0.5401015758514405,0.0013058040058240294,3.6599999999999997e-07
sft_full_seed1,full,1,30000,560,0.005662285136501517,1.0447036743164062,21.982749938964844,3.7266666666666664e-07
sft_full_seed1,full,1,30000,570,0.005763397371081901,0.6074697494506835,20.007671356201172,3.793333333333333e-07
sft_full_seed1,full,1,30000,580,0.0058645096056622855,0.726992130279541,23.135478973388672,3.86e-07
sft_full_seed1,full,1,30000,590,0.00596562184024267,0.7399424552917481,0.7495362162590027,3.9266666666666666e-07
sft_full_seed1,full,1,30000,600,0.006066734074823054,0.9962589263916015,0.017864566296339035,3.993333333333333e-07
sft_full_seed1,full,1,30000,610,0.006167846309403438,0.6639898300170899,34.6143913269043,4.06e-07
sft_full_seed1,full,1,30000,620,0.006268958543983822,0.47048077583312986,0.02008598856627941,4.126666666666667e-07
sft_full_seed1,full,1,30000,630,0.006370070778564206,1.2451579093933105,47.46441650390625,4.193333333333333e-07
sft_full_seed1,full,1,30000,640,0.006471183013144591,0.3777307987213135,23.47930145263672,4.26e-07
sft_full_seed1,full,1,30000,650,0.006572295247724975,1.0025623321533204,0.021364016458392143,4.3266666666666665e-07
sft_full_seed1,full,1,30000,660,0.006673407482305359,0.8866113662719727,26.497478485107422,4.393333333333333e-07
sft_full_seed1,full,1,30000,670,0.006774519716885743,0.8824100494384766,0.15828201174736023,4.46e-07
sft_full_seed1,full,1,30000,680,0.006875631951466127,0.5284990310668946,22.310619354248047,4.526666666666666e-07
sft_full_seed1,full,1,30000,690,0.0069767441860465115,0.4607707023620605,0.4891906976699829,4.593333333333333e-07
sft_full_seed1,full,1,30000,700,0.007077856420626896,1.1759452819824219,23.914548873901367,4.66e-07
sft_full_seed1,full,1,30000,710,0.00717896865520728,0.3971633195877075,0.2568972110748291,4.7266666666666664e-07
sft_full_seed1,full,1,30000,720,0.007280080889787664,0.7908865928649902,21.57388687133789,4.793333333333333e-07
sft_full_seed1,full,1,30000,730,0.007381193124368048,1.1666605949401856,43.74569320678711,4.86e-07
sft_full_seed1,full,1,30000,740,0.0074823053589484325,0.7565006256103516,33.4206428527832,4.926666666666667e-07
sft_full_seed1,full,1,30000,750,0.007583417593528817,0.49027156829833984,0.0043016825802624226,4.993333333333333e-07
sft_full_seed1,full,1,30000,760,0.007684529828109201,0.5523869037628174,23.60261344909668,5.06e-07
sft_full_seed1,full,1,30000,770,0.007785642062689585,0.7435311794281005,17.649478912353516,5.126666666666667e-07
sft_full_seed1,full,1,30000,780,0.00788675429726997,0.3947610378265381,33.52854919433594,5.193333333333332e-07
sft_full_seed1,full,1,30000,790,0.007987866531850353,0.5169679164886475,16.764371871948242,5.26e-07
sft_full_seed1,full,1,30000,800,0.008088978766430738,0.45310220718383787,35.909996032714844,5.326666666666666e-07
sft_full_seed1,full,1,30000,810,0.008190091001011122,0.4391776084899902,0.1918441653251648,5.393333333333333e-07
sft_full_seed1,full,1,30000,820,0.008291203235591507,0.7931849956512451,19.187612533569336,5.46e-07
sft_full_seed1,full,1,30000,830,0.00839231547017189,0.6868681907653809,0.007407267112284899,5.526666666666666e-07
sft_full_seed1,full,1,30000,840,0.008493427704752275,0.5793604850769043,20.480609893798828,5.593333333333333e-07
sft_full_seed1,full,1,30000,850,0.008594539939332659,0.6025290966033936,0.15439124405384064,5.66e-07
sft_full_seed1,full,1,30000,860,0.008695652173913044,0.5345248222351074,22.987184524536133,5.726666666666666e-07
sft_full_seed1,full,1,30000,870,0.008796764408493427,0.39449472427368165,0.017499074339866638,5.793333333333333e-07
sft_full_seed1,full,1,30000,880,0.008897876643073812,1.263285255432129,9.363595962524414,5.86e-07
sft_full_seed1,full,1,30000,890,0.008998988877654197,0.1810076951980591,1.2506037950515747,5.926666666666667e-07
sft_full_seed1,full,1,30000,900,0.00910010111223458,0.1997402310371399,0.05082894489169121,5.993333333333333e-07
sft_full_seed1,full,1,30000,910,0.009201213346814965,0.5026648044586182,23.51235008239746,6.06e-07
sft_full_seed1,full,1,30000,920,0.009302325581395349,0.30855398178100585,0.20198450982570648,6.126666666666667e-07
sft_full_seed1,full,1,30000,930,0.009403437815975734,0.36765804290771487,0.7718965411186218,6.193333333333332e-07
sft_full_seed1,full,1,30000,940,0.009504550050556117,0.630108642578125,26.790185928344727,6.26e-07
sft_full_seed1,full,1,30000,950,0.009605662285136502,0.6682669639587402,35.90818786621094,6.326666666666667e-07
sft_full_seed1,full,1,30000,960,0.009706774519716885,0.16978501081466674,0.6494874954223633,6.393333333333333e-07
sft_full_seed1,full,1,30000,970,0.00980788675429727,1.0493908882141114,34.785987854003906,6.46e-07
sft_full_seed1,full,1,30000,980,0.009908998988877654,0.8283031463623047,51.59648132324219,6.526666666666666e-07
sft_full_seed1,full,1,30000,990,0.010010111223458039,0.8357420921325683,24.245588302612305,6.593333333333333e-07
sft_full_seed1,full,1,30000,1000,0.010111223458038422,0.3384220838546753,0.07972001284360886,6.66e-07
sft_full_seed1,full,1,30000,1010,0.010212335692618807,0.4790412425994873,0.6552585959434509,6.726666666666666e-07
sft_full_seed1,full,1,30000,1020,0.01031344792719919,0.4113468647003174,25.7099609375,6.793333333333333e-07
sft_full_seed1,full,1,30000,1030,0.010414560161779576,0.5563234806060791,0.12400032579898834,6.86e-07
sft_full_seed1,full,1,30000,1040,0.010515672396359959,0.5343258380889893,2.658522605895996,6.926666666666666e-07
sft_full_seed1,full,1,30000,1050,0.010616784630940344,0.49510536193847654,0.3847118020057678,6.993333333333333e-07
sft_full_seed1,full,1,30000,1060,0.010717896865520727,0.40744776725769044,0.8253941535949707,7.059999999999999e-07
sft_full_seed1,full,1,30000,1070,0.010819009100101112,0.6662407875061035,30.06793785095215,7.126666666666667e-07
sft_full_seed1,full,1,30000,1080,0.010920121334681496,0.5242380619049072,30.926496505737305,7.193333333333333e-07
sft_full_seed1,full,1,30000,1090,0.01102123356926188,0.7442047119140625,1.830667495727539,7.259999999999999e-07
sft_full_seed1,full,1,30000,1100,0.011122345803842264,0.5648072719573974,1.3969292640686035,7.326666666666667e-07
sft_full_seed1,full,1,30000,1110,0.01122345803842265,0.5059092998504638,0.5880082845687866,7.393333333333333e-07
sft_full_seed1,full,1,30000,1120,0.011324570273003034,0.43434920310974123,35.185733795166016,7.459999999999999e-07
sft_full_seed1,full,1,30000,1130,0.011425682507583418,0.10540282726287842,5.190381050109863,7.526666666666667e-07
sft_full_seed1,full,1,30000,1140,0.011526794742163803,0.15767788887023926,15.778226852416992,7.593333333333333e-07
sft_full_seed1,full,1,30000,1150,0.011627906976744186,0.6776276588439941,0.28493985533714294,7.66e-07
sft_full_seed1,full,1,30000,1160,0.011729019211324571,0.528673791885376,18.09328269958496,7.726666666666666e-07
sft_full_seed1,full,1,30000,1170,0.011830131445904954,0.6950685024261475,28.630815505981445,7.793333333333333e-07
sft_full_seed1,full,1,30000,1180,0.01193124368048534,0.3518818378448486,0.17962925136089325,7.86e-07
sft_full_seed1,full,1,30000,1190,0.012032355915065723,0.4668730735778809,0.2748786211013794,7.926666666666666e-07
sft_full_seed1,full,1,30000,1200,0.012133468149646108,0.562556791305542,27.440616607666016,7.993333333333333e-07
sft_full_seed1,full,1,30000,1210,0.012234580384226491,0.5497314453125,0.10177677869796753,8.06e-07
sft_full_seed1,full,1,30000,1220,0.012335692618806876,0.2080989360809326,2.6661200523376465,8.126666666666666e-07
sft_full_seed1,full,1,30000,1230,0.01243680485338726,0.171306312084198,0.5513611435890198,8.193333333333333e-07
sft_full_seed1,full,1,30000,1240,0.012537917087967644,0.3072711706161499,28.54205894470215,8.259999999999999e-07
sft_full_seed1,full,1,30000,1250,0.012639029322548028,0.6107683181762695,29.2169246673584,8.326666666666666e-07
sft_full_seed1,full,1,30000,1260,0.012740141557128413,0.7978786945343017,1.8766801357269287,8.393333333333334e-07
sft_full_seed1,full,1,30000,1270,0.012841253791708796,0.04293388724327087,0.7817906141281128,8.459999999999999e-07
sft_full_seed1,full,1,30000,1280,0.012942366026289181,0.6722877979278564,3.411952257156372,8.526666666666666e-07
sft_full_seed1,full,1,30000,1290,0.013043478260869565,0.5546107769012452,2.589216470718384,8.593333333333333e-07
sft_full_seed1,full,1,30000,1300,0.01314459049544995,0.2834658622741699,16.39154815673828,8.659999999999999e-07
sft_full_seed1,full,1,30000,1310,0.013245702730030333,0.34435861110687255,4.606856822967529,8.726666666666666e-07
sft_full_seed1,full,1,30000,1320,0.013346814964610718,0.7305053234100342,29.489564895629883,8.793333333333333e-07
sft_full_seed1,full,1,30000,1330,0.013447927199191101,0.48715639114379883,44.86659622192383,8.86e-07
sft_full_seed1,full,1,30000,1340,0.013549039433771486,0.039889472723007205,1.5955995321273804,8.926666666666666e-07
sft_full_seed1,full,1,30000,1350,0.013650151668351871,0.38534183502197267,40.66742706298828,8.993333333333333e-07
sft_full_seed1,full,1,30000,1360,0.013751263902932255,0.11049826145172119,0.09682720899581909,9.06e-07
sft_full_seed1,full,1,30000,1370,0.01385237613751264,0.7263838768005371,13.228909492492676,9.126666666666666e-07
sft_full_seed1,full,1,30000,1380,0.013953488372093023,0.6087411880493164,6.665482044219971,9.193333333333333e-07
sft_full_seed1,full,1,30000,1390,0.014054600606673408,0.3509436368942261,0.6201911568641663,9.26e-07
sft_full_seed1,full,1,30000,1400,0.014155712841253791,0.4187501907348633,10.284422874450684,9.326666666666666e-07
sft_full_seed1,full,1,30000,1410,0.014256825075834176,0.20370264053344728,8.710345268249512,9.393333333333334e-07
sft_full_seed1,full,1,30000,1420,0.01435793731041456,0.16826785802841188,3.6089401245117188,9.459999999999999e-07
sft_full_seed1,full,1,30000,1430,0.014459049544994945,0.20446617603302003,0.025897298008203506,9.526666666666666e-07
sft_full_seed1,full,1,30000,1440,0.014560161779575328,0.2255237102508545,8.826854705810547,9.593333333333333e-07
sft_full_seed1,full,1,30000,1450,0.014661274014155713,0.47003021240234377,31.31548500061035,9.66e-07
sft_full_seed1,full,1,30000,1460,0.014762386248736097,0.30066308975219724,35.5689582824707,9.726666666666666e-07
sft_full_seed1,full,1,30000,1470,0.014863498483316482,0.11448197364807129,6.39804220199585,9.793333333333333e-07
sft_full_seed1,full,1,30000,1480,0.014964610717896865,0.0974260687828064,0.4200260043144226,9.86e-07
sft_full_seed1,full,1,30000,1490,0.01506572295247725,0.3211711645126343,0.22826606035232544,9.926666666666666e-07
sft_full_seed1,full,1,30000,1500,0.015166835187057633,0.16183661222457885,26.81266212463379,9.993333333333333e-07
sft_full_seed1,full,1,30000,1510,0.015267947421638018,0.19971345663070678,4.780776023864746,9.999997539434005e-07
sft_full_seed1,full,1,30000,1520,0.015369059656218402,0.24128367900848388,2.187130928039551,9.999989033776898e-07
sft_full_seed1,full,1,30000,1530,0.015470171890798787,0.34878089427948,2.70713472366333,9.999974452661641e-07
sft_full_seed1,full,1,30000,1540,0.01557128412537917,0.19305962324142456,0.5047497749328613,9.999953796105958e-07
sft_full_seed1,full,1,30000,1550,0.015672396359959553,0.43000068664550783,0.015247086063027382,9.999927064134948e-07
sft_full_seed1,full,1,30000,1560,0.01577350859453994,0.3042250633239746,0.1792721152305603,9.999894256781094e-07
sft_full_seed1,full,1,30000,1570,0.015874620829120323,0.382448673248291,34.52616882324219,9.999855374084258e-07
sft_full_seed1,full,1,30000,1580,0.015975733063700707,0.10737348794937134,0.0005686792428605258,9.999810416091688e-07
sft_full_seed1,full,1,30000,1590,0.016076845298281094,0.09697593450546264,0.2269955426454544,9.99975938285801e-07
sft_full_seed1,full,1,30000,1600,0.016177957532861477,0.3575757503509521,2.380288600921631,9.999702274445234e-07
sft_full_seed1,full,1,30000,1610,0.01627906976744186,0.16284326314926148,53.07884979248047,9.999639090922756e-07
sft_full_seed1,full,1,30000,1620,0.016380182002022244,1.0696481704711913,0.39057406783103943,9.999569832367346e-07
sft_full_seed1,full,1,30000,1630,0.01648129423660263,0.6565176963806152,42.324562072753906,9.99949449886316e-07
sft_full_seed1,full,1,30000,1640,0.016582406471183014,0.5951781272888184,0.0004964669933542609,9.999413090501738e-07
sft_full_seed1,full,1,30000,1650,0.016683518705763397,0.3037224292755127,47.9291877746582,9.999325607381997e-07
sft_full_seed1,full,1,30000,1660,0.01678463094034378,0.2053222894668579,30.356761932373047,9.999232049610237e-07
sft_full_seed1,full,1,30000,1670,0.016885743174924167,0.1856348395347595,0.0009009218192659318,9.99913241730014e-07
sft_full_seed1,full,1,30000,1680,0.01698685540950455,0.20853948593139648,2.5080320835113525,9.999026710572768e-07
sft_full_seed1,full,1,30000,1690,0.017087967644084934,0.11977063417434693,0.457135945558548,9.998914929556569e-07
sft_full_seed1,full,1,30000,1700,0.017189079878665317,0.08998252153396606,26.367006301879883,9.998797074387359e-07
sft_full_seed1,full,1,30000,1710,0.017290192113245704,0.12740578651428222,0.03118758648633957,9.99867314520835e-07
sft_full_seed1,full,1,30000,1720,0.017391304347826087,0.2883933067321777,1.4353790283203125,9.998543142170124e-07
sft_full_seed1,full,1,30000,1730,0.01749241658240647,0.12806752920150757,0.8939144015312195,9.99840706543065e-07
sft_full_seed1,full,1,30000,1740,0.017593528816986854,0.2568924903869629,1.5849859714508057,9.998264915155271e-07
sft_full_seed1,full,1,30000,1750,0.01769464105156724,0.14031940698623657,41.6431884765625,9.998116691516716e-07
sft_full_seed1,full,1,30000,1760,0.017795753286147624,0.34478440284729006,9.334793090820312,9.99796239469509e-07
sft_full_seed1,full,1,30000,1770,0.017896865520728007,0.3076228380203247,2.6539106369018555,9.997802024877875e-07
sft_full_seed1,full,1,30000,1780,0.017997977755308394,0.31518139839172366,10.240044593811035,9.99763558225994e-07
sft_full_seed1,full,1,30000,1790,0.018099089989888777,1.0341769218444825,61.56288146972656,9.997463067043523e-07
sft_full_seed1,full,1,30000,1800,0.01820020222446916,0.3562258958816528,0.00010611869220156223,9.997284479438252e-07
sft_full_seed1,full,1,30000,1810,0.018301314459049544,0.17544901371002197,2.806903123855591,9.997099819661125e-07
sft_full_seed1,full,1,30000,1820,0.01840242669362993,0.2512642860412598,5.283820629119873,9.996909087936523e-07
sft_full_seed1,full,1,30000,1830,0.018503538928210314,0.42697696685791015,34.44051742553711,9.9967122844962e-07
sft_full_seed1,full,1,30000,1840,0.018604651162790697,0.09182685017585754,14.534409523010254,9.996509409579293e-07
sft_full_seed1,full,1,30000,1850,0.01870576339737108,0.7343278408050538,0.02910778298974037,9.996300463432312e-07
sft_full_seed1,full,1,30000,1860,0.018806875631951468,0.6844036102294921,61.98612594604492,9.996085446309146e-07
sft_full_seed1,full,1,30000,1870,0.01890798786653185,0.6067893981933594,51.670555114746094,9.995864358471066e-07
sft_full_seed1,full,1,30000,1880,0.019009100101112234,0.36085636615753175,0.6326026916503906,9.995637200186708e-07
sft_full_seed1,full,1,30000,1890,0.019110212335692617,0.31339221000671386,75.27111053466797,9.995403971732098e-07
sft_full_seed1,full,1,30000,1900,0.019211324570273004,0.09674994945526123,0.048459555953741074,9.995164673390625e-07
sft_full_seed1,full,1,30000,1910,0.019312436804853388,0.10345150232315063,0.37466925382614136,9.994919305453057e-07
sft_full_seed1,full,1,30000,1920,0.01941354903943377,0.11987535953521729,53.83406448364258,9.994667868217547e-07
sft_full_seed1,full,1,30000,1930,0.019514661274014154,0.4097428798675537,5.185446262359619,9.99441036198961e-07
sft_full_seed1,full,1,30000,1940,0.01961577350859454,0.6397255897521973,72.36518859863281,9.99414678708214e-07
sft_full_seed1,full,1,30000,1950,0.019716885743174924,0.7301300048828125,10.731728553771973,9.993877143815405e-07
sft_full_seed1,full,1,30000,1960,0.019817997977755308,0.09630210995674134,0.014161043800413609,9.993601432517052e-07
sft_full_seed1,full,1,30000,1970,0.01991911021233569,0.3772188663482666,0.0002900392282754183,9.99331965352209e-07
sft_full_seed1,full,1,30000,1980,0.020020222446916078,0.3625300884246826,3.0711824893951416,9.99303180717291e-07
sft_full_seed1,full,1,30000,1990,0.02012133468149646,0.5684972763061523,0.0005403512041084468,9.992737893819274e-07
sft_full_seed1,full,1,30000,2000,0.020222446916076844,0.24178524017333985,0.13482370972633362,9.99243791381831e-07
sft_full_seed1,full,1,30000,2010,0.02032355915065723,0.23376185894012452,2.886009454727173,9.992131867534526e-07
sft_full_seed1,full,1,30000,2020,0.020424671385237615,0.27141029834747316,45.24362564086914,9.991819755339796e-07
sft_full_seed1,full,1,30000,2030,0.020525783619817998,0.838284969329834,0.004667184315621853,9.991501577613363e-07
sft_full_seed1,full,1,30000,2040,0.02062689585439838,0.5032473564147949,35.45022964477539,9.991177334741849e-07
sft_full_seed1,full,1,30000,2050,0.020728008088978768,0.7594725131988526,0.026935910806059837,9.990847027119234e-07
sft_full_seed1,full,1,30000,2060,0.02082912032355915,0.1621740937232971,1.7287709712982178,9.990510655146874e-07
sft_full_seed1,full,1,30000,2070,0.020930232558139535,0.561478853225708,0.007669605780392885,9.990168219233496e-07
sft_full_seed1,full,1,30000,2080,0.021031344792719918,0.8726667404174805,1.0975176095962524,9.989819719795187e-07
sft_full_seed1,full,1,30000,2090,0.021132457027300305,0.017208699882030488,1.3955795764923096,9.98946515725541e-07
sft_full_seed1,full,1,30000,2100,0.021233569261880688,0.36002357006073,0.4863698184490204,9.989104532044994e-07
sft_full_seed1,full,1,30000,2110,0.02133468149646107,0.10330944061279297,49.71513748168945,9.988737844602125e-07
sft_full_seed1,full,1,30000,2120,0.021435793731041455,0.8309696197509766,76.22003173828125,9.98836509537237e-07
sft_full_seed1,full,1,30000,2130,0.02153690596562184,0.7898929595947266,46.84883499145508,9.987986284808652e-07
sft_full_seed1,full,1,30000,2140,0.021638018200202225,0.287568187713623,0.019176805391907692,9.987601413371263e-07
sft_full_seed1,full,1,30000,2150,0.021739130434782608,0.26681678295135497,3.582620047382079e-05,9.987210481527854e-07
sft_full_seed1,full,1,30000,2160,0.02184024266936299,0.1591796875,0.4735303521156311,9.986813489753448e-07
sft_full_seed1,full,1,30000,2170,0.021941354903943378,0.18813796043395997,14.70240306854248,9.986410438530426e-07
sft_full_seed1,full,1,30000,2180,0.02204246713852376,0.3897958755493164,0.1655363142490387,9.986001328348534e-07
sft_full_seed1,full,1,30000,2190,0.022143579373104145,0.22249288558959962,0.0003754950885195285,9.985586159704878e-07
sft_full_seed1,full,1,30000,2200,0.022244691607684528,0.8492505073547363,0.019534362480044365,9.985164933103927e-07
sft_full_seed1,full,1,30000,2210,0.022345803842264915,0.6204422950744629,70.42725372314453,9.984737649057514e-07
sft_full_seed1,full,1,30000,2220,0.0224469160768453,0.3616811513900757,0.3524034023284912,9.984304308084825e-07
sft_full_seed1,full,1,30000,2230,0.02254802831142568,0.43712878227233887,0.0003255408664699644,9.983864910712415e-07
sft_full_seed1,full,1,30000,2240,0.02264914054600607,0.9928902626037598,77.16927337646484,9.98341945747419e-07
sft_full_seed1,full,1,30000,2250,0.02275025278058645,0.5981739044189454,62.69164276123047,9.982967948911418e-07
sft_full_seed1,full,1,30000,2260,0.022851365015166835,0.1049201250076294,60.75242233276367,9.982510385572724e-07
sft_full_seed1,full,1,30000,2270,0.02295247724974722,0.03276381492614746,9.313539339927956e-05,9.982046768014093e-07
sft_full_seed1,full,1,30000,2280,0.023053589484327605,0.2631863594055176,0.00011015229392796755,9.981577096798863e-07
sft_full_seed1,full,1,30000,2290,0.02315470171890799,0.46575188636779785,0.00015187864482868463,9.981101372497727e-07
sft_full_seed1,full,1,30000,2300,0.023255813953488372,0.777806282043457,96.04847717285156,9.980619595688735e-07
sft_full_seed1,full,1,30000,2310,0.023356926188068755,1.0364059448242187,85.41063690185547,9.980131766957295e-07
sft_full_seed1,full,1,30000,2320,0.023458038422649142,0.6762310981750488,81.60050201416016,9.979637886896163e-07
sft_full_seed1,full,1,30000,2330,0.023559150657229525,0.5738313674926758,87.1899642944336,9.979137956105445e-07
sft_full_seed1,full,1,30000,2340,0.02366026289180991,0.42311882972717285,21.652193069458008,9.97863197519261e-07
sft_full_seed1,full,1,30000,2350,0.023761375126390292,0.3900895357131958,80.57460021972656,9.978119944772475e-07
sft_full_seed1,full,1,30000,2360,0.02386248736097068,0.6884233474731445,98.76981353759766,9.977601865467195e-07
sft_full_seed1,full,1,30000,2370,0.023963599595551062,0.5108574390411377,4.6546759605407715,9.977077737906296e-07
sft_full_seed1,full,1,30000,2380,0.024064711830131445,0.3244094610214233,1.0664515495300293,9.976547562726637e-07
sft_full_seed1,full,1,30000,2390,0.02416582406471183,0.3836766481399536,0.01112350169569254,9.976011340572428e-07
sft_full_seed1,full,1,30000,2400,0.024266936299292215,0.30636780261993407,0.19249805808067322,9.975469072095235e-07
sft_full_seed1,full,1,30000,2410,0.0243680485338726,0.07025930881500245,0.9842754006385803,9.974920757953965e-07
sft_full_seed1,full,1,30000,2420,0.024469160768452982,0.23816173076629638,0.384934663772583,9.974366398814869e-07
sft_full_seed1,full,1,30000,2430,0.024570273003033365,0.5508745193481446,19.39702796936035,9.973805995351544e-07
sft_full_seed1,full,1,30000,2440,0.024671385237613752,0.2054699182510376,92.79670715332031,9.973239548244936e-07
sft_full_seed1,full,1,30000,2450,0.024772497472194135,0.8249024391174317,0.34837648272514343,9.972667058183333e-07
sft_full_seed1,full,1,30000,2460,0.02487360970677452,0.5287877559661865,75.91751098632812,9.97208852586236e-07
sft_full_seed1,full,1,30000,2470,0.024974721941354906,0.4642935276031494,0.3148842453956604,9.971503951984993e-07
sft_full_seed1,full,1,30000,2480,0.02507583417593529,0.11642886400222778,0.0001408793468726799,9.97091333726154e-07
sft_full_seed1,full,1,30000,2490,0.025176946410515672,0.1096732497215271,88.19624328613281,9.970316682409659e-07
sft_full_seed1,full,1,30000,2500,0.025278058645096056,0.23926610946655275,54.640567779541016,9.969713988154337e-07
sft_full_seed1,full,1,30000,2510,0.025379170879676442,0.5512627601623535,4.183260440826416,9.969105255227905e-07
sft_full_seed1,full,1,30000,2520,0.025480283114256826,1.215604877471924,18.718992233276367,9.968490484370033e-07
sft_full_seed1,full,1,30000,2530,0.02558139534883721,0.06901106834411622,1.1382981538772583,9.967869676327726e-07
sft_full_seed1,full,1,30000,2540,0.025682507583417592,1.5537235260009765,80.52774810791016,9.96724283185532e-07
sft_full_seed1,full,1,30000,2550,0.02578361981799798,0.3433712959289551,124.82526397705078,9.966609951714492e-07
sft_full_seed1,full,1,30000,2560,0.025884732052578362,0.31805427074432374,0.08202803134918213,9.965971036674254e-07
sft_full_seed1,full,1,30000,2570,0.025985844287158746,0.08702202439308167,38.693328857421875,9.965326087510946e-07
sft_full_seed1,full,1,30000,2580,0.02608695652173913,0.7769869327545166,4.9162950745085254e-05,9.964675105008243e-07
sft_full_seed1,full,1,30000,2590,0.026188068756319516,0.17608011960983277,3.9681923389434814,9.964018089957146e-07
sft_full_seed1,full,1,30000,2600,0.0262891809908999,0.48673572540283205,0.00860518217086792,9.963355043155995e-07
sft_full_seed1,full,1,30000,2610,0.026390293225480282,0.1559498429298401,0.26003575325012207,9.962685965410454e-07
sft_full_seed1,full,1,30000,2620,0.026491405460060666,0.7007878303527832,14.86801528930664,9.962010857533512e-07
sft_full_seed1,full,1,30000,2630,0.026592517694641053,0.32708327770233153,74.70279693603516,9.961329720345493e-07
sft_full_seed1,full,1,30000,2640,0.026693629929221436,0.5677780151367188,0.0002719994226936251,9.96064255467404e-07
sft_full_seed1,full,1,30000,2650,0.02679474216380182,0.7257534027099609,0.7366434335708618,9.959949361354125e-07
sft_full_seed1,full,1,30000,2660,0.026895854398382203,0.5629674434661865,49.55942153930664,9.959250141228043e-07
sft_full_seed1,full,1,30000,2670,0.02699696663296259,0.45996618270874023,37.04835510253906,9.958544895145412e-07
sft_full_seed1,full,1,30000,2680,0.027098078867542973,0.6063441753387451,0.1481383740901947,9.957833623963177e-07
sft_full_seed1,full,1,30000,2690,0.027199191102123356,0.3610449075698853,2.0501506328582764,9.957116328545592e-07
sft_full_seed1,full,1,30000,2700,0.027300303336703743,1.0005538940429688,71.37895965576172,9.956393009764243e-07
sft_full_seed1,full,1,30000,2710,0.027401415571284126,1.0067173957824707,0.4674835503101349,9.955663668498032e-07
sft_full_seed1,full,1,30000,2720,0.02750252780586451,0.011680965125560761,0.0034589325077831745,9.954928305633172e-07
sft_full_seed1,full,1,30000,2730,0.027603640040444893,0.25682055950164795,0.0006630774005316198,9.954186922063201e-07
sft_full_seed1,full,1,30000,2740,0.02770475227502528,0.5839832305908204,112.72852325439453,9.953439518688973e-07
sft_full_seed1,full,1,30000,2750,0.027805864509605663,0.5003523826599121,7.733673555776477e-05,9.95268609641865e-07
sft_full_seed1,full,1,30000,2760,0.027906976744186046,0.13186354637145997,0.09532542526721954,9.951926656167713e-07
sft_full_seed1,full,1,30000,2770,0.02800808897876643,0.15443190336227416,0.0006680365768261254,9.951161198858952e-07
sft_full_seed1,full,1,30000,2780,0.028109201213346816,1.0553739547729493,0.019595663994550705,9.95038972542247e-07
sft_full_seed1,full,1,30000,2790,0.0282103134479272,0.2367631435394287,0.0010069472482427955,9.94961223679568e-07
sft_full_seed1,full,1,30000,2800,0.028311425682507583,0.07780135869979858,0.013094459660351276,9.948828733923304e-07
sft_full_seed1,full,1,30000,2810,0.028412537917087966,0.4112001895904541,0.001874550711363554,9.948039217757373e-07
sft_full_seed1,full,1,30000,2820,0.028513650151668353,0.24855072498321534,0.0012253292370587587,9.947243689257224e-07
sft_full_seed1,full,1,30000,2830,0.028614762386248736,0.6497413158416748,24.596954345703125,9.946442149389496e-07
sft_full_seed1,full,1,30000,2840,0.02871587462082912,0.8104471206665039,2.024427890777588,9.945634599128138e-07
sft_full_seed1,full,1,30000,2850,0.028816986855409503,0.36095600128173827,115.33292388916016,9.944821039454401e-07
sft_full_seed1,full,1,30000,2860,0.02891809908998989,0.6224973678588868,85.19359588623047,9.944001471356834e-07
sft_full_seed1,full,1,30000,2870,0.029019211324570273,0.15721800327301025,11.966050148010254,9.943175895831287e-07
sft_full_seed1,full,1,30000,2880,0.029120323559150656,1.2346452713012694,5.3668794862460345e-05,9.94234431388092e-07
sft_full_seed1,full,1,30000,2890,0.029221435793731043,0.19223859310150146,0.00024995519197545946,9.941506726516177e-07
sft_full_seed1,full,1,30000,2900,0.029322548028311426,0.6225789070129395,0.0013371455715969205,9.94066313475481e-07
sft_full_seed1,full,1,30000,2910,0.02942366026289181,0.023902438580989838,6.178703188197687e-05,9.939813539621855e-07
sft_full_seed1,full,1,30000,2920,0.029524772497472193,0.0010063083842396735,0.0001925068791024387,9.938957942149659e-07
sft_full_seed1,full,1,30000,2930,0.02962588473205258,1.2275931358337402,143.04966735839844,9.93809634337785e-07
sft_full_seed1,full,1,30000,2940,0.029726996966632963,0.37848472595214844,14.425207138061523,9.937228744353352e-07
sft_full_seed1,full,1,30000,2950,0.029828109201213347,0.3540864706039429,1.4084261655807495,9.93635514613038e-07
sft_full_seed1,full,1,30000,2960,0.02992922143579373,0.2887991189956665,0.2304258942604065,9.935475549770434e-07
sft_full_seed1,full,1,30000,2970,0.030030333670374117,0.14426491260528565,0.00013508150004781783,9.934589956342313e-07
sft_full_seed1,full,1,30000,2980,0.0301314459049545,0.4814464569091797,89.59519958496094,9.933698366922092e-07
sft_full_seed1,full,1,30000,2990,0.030232558139534883,0.5037091255187989,80.96473693847656,9.932800782593139e-07
sft_full_seed1,full,1,30000,3000,0.030333670374115267,2.757553482055664,72.4989242553711,9.931897204446102e-07
sft_full_seed1,full,1,30000,3010,0.030434782608695653,0.32899715900421145,2.4605512619018555,9.930987633578915e-07
sft_full_seed1,full,1,30000,3020,0.030535894843276037,0.3005021572113037,0.0010591259924694896,9.93007207109679e-07
sft_full_seed1,full,1,30000,3030,0.03063700707785642,0.36336665153503417,0.0008660651510581374,9.929150518112224e-07
sft_full_seed1,full,1,30000,3040,0.030738119312436803,0.330998158454895,55.30429458618164,9.92822297574499e-07
sft_full_seed1,full,1,30000,3050,0.03083923154701719,0.47212657928466795,0.6004451513290405,9.92728944512214e-07
sft_full_seed1,full,1,30000,3060,0.030940343781597573,0.39581751823425293,0.03518962487578392,9.926349927378e-07
sft_full_seed1,full,1,30000,3070,0.031041456016177957,0.019240564107894896,0.016237040981650352,9.925404423654174e-07
sft_full_seed1,full,1,30000,3080,0.03114256825075834,0.9490679740905762,1.9751007556915283,9.924452935099537e-07
sft_full_seed1,full,1,30000,3090,0.031243680485338727,0.5450852870941162,5.0231694331159815e-05,9.923495462870238e-07
sft_full_seed1,full,1,30000,3100,0.03134479271991911,0.5451189041137695,0.04433629289269447,9.9225320081297e-07
sft_full_seed1,full,1,30000,3110,0.0314459049544995,0.5564167976379395,8.969897317001596e-05,9.921562572048605e-07
sft_full_seed1,full,1,30000,3120,0.03154701718907988,0.5934064865112305,114.5474624633789,9.920587155804912e-07
sft_full_seed1,full,1,30000,3130,0.031648129423660264,0.6023197650909424,14.278426170349121,9.919605760583844e-07
sft_full_seed1,full,1,30000,3140,0.03174924165824065,0.43331289291381836,0.0009834110969677567,9.918618387577887e-07
sft_full_seed1,full,1,30000,3150,0.03185035389282103,0.6106719493865966,0.05503244698047638,9.917625037986797e-07
sft_full_seed1,full,1,30000,3160,0.031951466127401414,0.8345719337463379,0.0027410017792135477,9.91662571301758e-07
sft_full_seed1,full,1,30000,3170,0.0320525783619818,0.9278528213500976,0.00015384306607302278,9.915620413884519e-07
sft_full_seed1,full,1,30000,3180,0.03215369059656219,0.8578718185424805,2.751328247541096e-05,9.914609141809138e-07
sft_full_seed1,full,1,30000,3190,0.03225480283114257,0.6228204250335694,0.00021878966072108597,9.913591898020233e-07
sft_full_seed1,full,1,30000,3200,0.032355915065722954,0.2465160608291626,0.5498300790786743,9.912568683753853e-07
sft_full_seed1,full,1,30000,3210,0.03245702730030334,0.2137460470199585,0.00018481924780644476,9.911539500253294e-07
sft_full_seed1,full,1,30000,3220,0.03255813953488372,0.322824501991272,7.0457550464198e-05,9.910504348769117e-07
sft_full_seed1,full,1,30000,3230,0.032659251769464104,0.0712649941444397,0.9618308544158936,9.909463230559126e-07
sft_full_seed1,full,1,30000,3240,0.03276036400404449,0.5354045867919922,91.28155517578125,9.908416146888376e-07
sft_full_seed1,full,1,30000,3250,0.03286147623862487,1.1239047050476074,90.94927978515625,9.907363099029174e-07
sft_full_seed1,full,1,30000,3260,0.03296258847320526,1.0738945007324219,0.03128841519355774,9.906304088261073e-07
sft_full_seed1,full,1,30000,3270,0.033063700707785644,1.2528837203979493,71.44156646728516,9.905239115870871e-07
sft_full_seed1,full,1,30000,3280,0.03316481294236603,0.07934451103210449,0.5670164823532104,9.904168183152609e-07
sft_full_seed1,full,1,30000,3290,0.03326592517694641,0.10077574253082275,0.0304117314517498,9.903091291407572e-07
sft_full_seed1,full,1,30000,3300,0.033367037411526794,0.3067737102508545,0.0008187346975319088,9.902008441944285e-07
sft_full_seed1,full,1,30000,3310,0.03346814964610718,0.6102190017700195,4.035697929793969e-05,9.90091963607851e-07
sft_full_seed1,full,1,30000,3320,0.03356926188068756,0.7837410926818847,37.42717361450195,9.899824875133254e-07
sft_full_seed1,full,1,30000,3330,0.03367037411526795,0.6907923698425293,80.32017517089844,9.898724160438748e-07
sft_full_seed1,full,1,30000,3340,0.033771486349848334,0.707594347000122,21.177473068237305,9.897617493332468e-07
sft_full_seed1,full,1,30000,3350,0.03387259858442872,0.13090507984161376,3.082497642026283e-05,9.89650487515912e-07
sft_full_seed1,full,1,30000,3360,0.0339737108190091,0.19572594165802001,103.82311248779297,9.895386307270638e-07
sft_full_seed1,full,1,30000,3370,0.034074823053589484,0.2157524585723877,0.0008177075069397688,9.894261791026189e-07
sft_full_seed1,full,1,30000,3380,0.03417593528816987,0.47708754539489745,0.016492968425154686,9.893131327792163e-07
sft_full_seed1,full,1,30000,3390,0.03427704752275025,0.1856260895729065,0.00014545617159456015,9.891994918942181e-07
sft_full_seed1,full,1,30000,3400,0.034378159757330634,0.38245391845703125,0.0010409248061478138,9.890852565857092e-07
sft_full_seed1,full,1,30000,3410,0.034479271991911024,0.5588982582092286,76.00403594970703,9.889704269924952e-07
sft_full_seed1,full,1,30000,3420,0.03458038422649141,0.437359094619751,0.0006095613352954388,9.88855003254106e-07
sft_full_seed1,full,1,30000,3430,0.03468149646107179,0.8525302886962891,78.72254943847656,9.887389855107916e-07
sft_full_seed1,full,1,30000,3440,0.034782608695652174,0.24211883544921875,0.3632906973361969,9.886223739035249e-07
sft_full_seed1,full,1,30000,3450,0.03488372093023256,0.24445183277130128,7.801309402566403e-05,9.885051685739995e-07
sft_full_seed1,full,1,30000,3460,0.03498483316481294,0.35039348602294923,0.17113129794597626,9.883873696646316e-07
sft_full_seed1,full,1,30000,3470,0.035085945399393324,0.18072149753570557,16.997516632080078,9.882689773185574e-07
sft_full_seed1,full,1,30000,3480,0.03518705763397371,0.021653704345226288,1.0387297868728638,9.881499916796352e-07
sft_full_seed1,full,1,30000,3490,0.0352881698685541,0.06771093010902404,0.06953530758619308,9.880304128924433e-07
sft_full_seed1,full,1,30000,3500,0.03538928210313448,1.254390048980713,89.91387176513672,9.879102411022816e-07
sft_full_seed1,full,1,30000,3510,0.035490394337714865,0.0579897940158844,0.07122062146663666,9.877894764551701e-07
sft_full_seed1,full,1,30000,3520,0.03559150657229525,0.5308761596679688,0.7681373953819275,9.876681190978492e-07
sft_full_seed1,full,1,30000,3530,0.03569261880687563,0.7270577907562256,75.0495376586914,9.875461691777795e-07
sft_full_seed1,full,1,30000,3540,0.035793731041456014,0.2164931297302246,0.0001514116011094302,9.874236268431415e-07
sft_full_seed1,full,1,30000,3550,0.0358948432760364,1.1708515167236329,5.0723137974273413e-05,9.87300492242836e-07
sft_full_seed1,full,1,30000,3560,0.03599595551061679,0.1988121747970581,0.997913658618927,9.871767655264828e-07
sft_full_seed1,full,1,30000,3570,0.03609706774519717,1.2262746810913085,3.5693024983629584e-05,9.870524468444219e-07
sft_full_seed1,full,1,30000,3580,0.036198179979777555,1.118520450592041,90.40309143066406,9.86927536347712e-07
sft_full_seed1,full,1,30000,3590,0.03629929221435794,0.11448830366134644,4.734277725219727,9.86802034188131e-07
sft_full_seed1,full,1,30000,3600,0.03640040444893832,0.22969744205474854,0.0029348956886678934,9.866759405181764e-07
sft_full_seed1,full,1,30000,3610,0.036501516683518705,0.2235879421234131,0.0762726292014122,9.865492554910632e-07
sft_full_seed1,full,1,30000,3620,0.03660262891809909,0.5257597923278808,0.00024499642313458025,9.86421979260726e-07
sft_full_seed1,full,1,30000,3630,0.03670374115267947,0.6890366554260254,1.1983553171157837,9.862941119818176e-07
sft_full_seed1,full,1,30000,3640,0.03680485338725986,0.25536375045776366,79.61278533935547,9.861656538097084e-07
sft_full_seed1,full,1,30000,3650,0.036905965621840245,1.060993480682373,12.943219184875488,9.860366049004875e-07
sft_full_seed1,full,1,30000,3660,0.03700707785642063,0.5774085998535157,3.2544665336608887,9.859069654109615e-07
sft_full_seed1,full,1,30000,3670,0.03710819009100101,0.4714529991149902,0.003768517170101404,9.857767354986544e-07
sft_full_seed1,full,1,30000,3680,0.037209302325581395,0.1274359107017517,60.45107650756836,9.856459153218077e-07
sft_full_seed1,full,1,30000,3690,0.03731041456016178,1.0823074340820313,0.014573603868484497,9.855145050393808e-07
sft_full_seed1,full,1,30000,3700,0.03741152679474216,0.7485023021697998,76.55290985107422,9.85382504811049e-07
sft_full_seed1,full,1,30000,3710,0.037512639029322545,0.17775869369506836,25.92682647705078,9.852499147972053e-07
sft_full_seed1,full,1,30000,3720,0.037613751263902935,0.924357795715332,0.03635388985276222,9.85116735158959e-07
sft_full_seed1,full,1,30000,3730,0.03771486349848332,0.024728986620903014,3.292151086498052e-05,9.849829660581362e-07
sft_full_seed1,full,1,30000,3740,0.0378159757330637,0.7907247066497802,0.022419199347496033,9.848486076572786e-07
sft_full_seed1,full,1,30000,3750,0.037917087967644085,0.487562894821167,0.010619274340569973,9.847136601196443e-07
sft_full_seed1,full,1,30000,3760,0.03801820020222447,0.2962160110473633,0.19478410482406616,9.845781236092077e-07
sft_full_seed1,full,1,30000,3770,0.03811931243680485,0.16208930015563966,5.67684619454667e-05,9.844419982906582e-07
sft_full_seed1,full,1,30000,3780,0.038220424671385235,0.5049084663391114,96.97004699707031,9.843052843294007e-07
sft_full_seed1,full,1,30000,3790,0.038321536905965625,0.3469562530517578,111.65067291259766,9.841679818915558e-07
sft_full_seed1,full,1,30000,3800,0.03842264914054601,0.3695554494857788,79.58016204833984,9.84030091143959e-07
sft_full_seed1,full,1,30000,3810,0.03852376137512639,0.3460272550582886,0.0016914613079279661,9.838916122541602e-07
sft_full_seed1,full,1,30000,3820,0.038624873609706775,0.35767695903778074,51.33512496948242,9.837525453904245e-07
sft_full_seed1,full,1,30000,3830,0.03872598584428716,0.7099138736724854,4.921215077047236e-05,9.836128907217313e-07
sft_full_seed1,full,1,30000,3840,0.03882709807886754,0.7954612255096436,32.57655715942383,9.834726484177743e-07
sft_full_seed1,full,1,30000,3850,0.038928210313447925,0.13610631227493286,96.63028717041016,9.833318186489608e-07
sft_full_seed1,full,1,30000,3860,0.03902932254802831,0.226005220413208,39.48738098144531,9.831904015864125e-07
sft_full_seed1,full,1,30000,3870,0.0391304347826087,0.7989651203155518,0.006379926577210426,9.830483974019644e-07
sft_full_seed1,full,1,30000,3880,0.03923154701718908,0.7096757888793945,97.8366470336914,9.82905806268165e-07
sft_full_seed1,full,1,30000,3890,0.039332659251769465,1.4401558876037597,3.744624700630084e-05,9.827626283582758e-07
sft_full_seed1,full,1,30000,3900,0.03943377148634985,1.0723161697387695,123.83611297607422,9.826188638462717e-07
sft_full_seed1,full,1,30000,3910,0.03953488372093023,0.7172515869140625,2.3235530853271484,9.824745129068402e-07
sft_full_seed1,full,1,30000,3920,0.039635995955510615,0.05839896202087402,8.406908455071971e-05,9.823295757153809e-07
sft_full_seed1,full,1,30000,3930,0.039737108190091,0.01972554475069046,4.045812602271326e-05,9.821840524480066e-07
sft_full_seed1,full,1,30000,3940,0.03983822042467138,0.5928480148315429,60.564430236816406,9.820379432815412e-07
sft_full_seed1,full,1,30000,3950,0.03993933265925177,0.6014086723327636,0.0009186898241750896,9.818912483935219e-07
sft_full_seed1,full,1,30000,3960,0.040040444893832156,0.6014004707336426,0.0004545134142972529,9.817439679621962e-07
sft_full_seed1,full,1,30000,3970,0.04014155712841254,0.3421396970748901,18.66689682006836,9.815961021665242e-07
sft_full_seed1,full,1,30000,3980,0.04024266936299292,0.45553221702575686,70.0401840209961,9.814476511861761e-07
sft_full_seed1,full,1,30000,3990,0.040343781597573306,0.591454029083252,0.016123143956065178,9.812986152015347e-07
sft_full_seed1,full,1,30000,4000,0.04044489383215369,0.28554933071136473,5.994541168212891,9.81148994393692e-07
sft_full_seed1,full,1,30000,4010,0.04054600606673407,0.626631212234497,57.81064987182617,9.809987889444522e-07
sft_full_seed1,full,1,30000,4020,0.04064711830131446,0.0058555398136377335,0.7167026400566101,9.808479990363281e-07
sft_full_seed1,full,1,30000,4030,0.040748230535894846,0.6899852752685547,109.23218536376953,9.806966248525444e-07
sft_full_seed1,full,1,30000,4040,0.04084934277047523,0.4584201812744141,5.168745337869041e-05,9.805446665770346e-07
sft_full_seed1,full,1,30000,4050,0.04095045500505561,0.47348742485046386,80.29639434814453,9.80392124394443e-07
sft_full_seed1,full,1,30000,4060,0.041051567239635996,0.20765178203582763,0.014247550629079342,9.802389984901216e-07
sft_full_seed1,full,1,30000,4070,0.04115267947421638,0.33520216941833497,0.007475827354937792,9.800852890501338e-07
sft_full_seed1,full,1,30000,4080,0.04125379170879676,0.18643465042114257,22.60679817199707,9.799309962612507e-07
sft_full_seed1,full,1,30000,4090,0.041354903943377146,0.41867494583129883,0.01375846192240715,9.797761203109525e-07
sft_full_seed1,full,1,30000,4100,0.041456016177957536,0.42374887466430666,5.1226073992438614e-05,9.796206613874282e-07
sft_full_seed1,full,1,30000,4110,0.04155712841253792,0.3296133756637573,0.003833384020254016,9.794646196795754e-07
sft_full_seed1,full,1,30000,4120,0.0416582406471183,0.4540517330169678,0.0003085354692302644,9.793079953769987e-07
sft_full_seed1,full,1,30000,4130,0.041759352881698686,0.19233347177505494,5.344265082385391e-05,9.791507886700118e-07
sft_full_seed1,full,1,30000,4140,0.04186046511627907,0.3963261365890503,0.000434979418059811,9.78992999749636e-07
sft_full_seed1,full,1,30000,4150,0.04196157735085945,0.330564284324646,0.0017244358314201236,9.788346288075992e-07
sft_full_seed1,full,1,30000,4160,0.042062689585439836,0.1852576971054077,0.017723673954606056,9.786756760363372e-07
sft_full_seed1,full,1,30000,4170,0.04216380182002022,0.3900653839111328,2.429133415222168,9.78516141628993e-07
sft_full_seed1,full,1,30000,4180,0.04226491405460061,0.2670525312423706,1.7361526489257812,9.783560257794152e-07
sft_full_seed1,full,1,30000,4190,0.04236602628918099,0.8717588424682617,0.009966417215764523,9.781953286821603e-07
sft_full_seed1,full,1,30000,4200,0.042467138523761376,0.42775492668151854,82.79444885253906,9.7803405053249e-07
sft_full_seed1,full,1,30000,4210,0.04256825075834176,0.11240613460540771,0.15118905901908875,9.778721915263728e-07
sft_full_seed1,full,1,30000,4220,0.04266936299292214,0.6778061389923096,113.65034484863281,9.777097518604822e-07
sft_full_seed1,full,1,30000,4230,0.042770475227502526,0.08391027450561524,0.011156036518514156,9.775467317321983e-07
sft_full_seed1,full,1,30000,4240,0.04287158746208291,0.40400028228759766,0.0001376115542370826,9.773831313396054e-07
sft_full_seed1,full,1,30000,4250,0.0429726996966633,0.21562044620513915,0.015058057382702827,9.77218950881494e-07
sft_full_seed1,full,1,30000,4260,0.04307381193124368,0.3281273603439331,0.0002547510666772723,9.770541905573583e-07
sft_full_seed1,full,1,30000,4270,0.043174924165824066,0.348137640953064,6.999452307354659e-05,9.768888505673976e-07
sft_full_seed1,full,1,30000,4280,0.04327603640040445,1.2217784881591798,6.138936519622803,9.76722931112516e-07
sft_full_seed1,full,1,30000,4290,0.04337714863498483,0.29034287929534913,0.001561579410918057,9.76556432394321e-07
sft_full_seed1,full,1,30000,4300,0.043478260869565216,0.4372573375701904,0.001955685205757618,9.763893546151242e-07
sft_full_seed1,full,1,30000,4310,0.0435793731041456,0.25614635944366454,1.0778206586837769,9.762216979779412e-07
sft_full_seed1,full,1,30000,4320,0.04368048533872598,0.8452336311340332,58.098060607910156,9.760534626864902e-07
sft_full_seed1,full,1,30000,4330,0.04378159757330637,0.13391926288604736,8.098549005808309e-05,9.758846489451931e-07
sft_full_seed1,full,1,30000,4340,0.043882709807886756,0.15305982828140258,0.18393637239933014,9.757152569591747e-07
sft_full_seed1,full,1,30000,4350,0.04398382204246714,0.026355171203613283,8.127815090119839e-05,9.75545286934262e-07
sft_full_seed1,full,1,30000,4360,0.04408493427704752,0.176145601272583,0.037744466215372086,9.753747390769847e-07
sft_full_seed1,full,1,30000,4370,0.044186046511627906,1.1512367248535156,101.07417297363281,9.752036135945742e-07
sft_full_seed1,full,1,30000,4380,0.04428715874620829,0.18146343231201173,0.0014953166246414185,9.750319106949648e-07
sft_full_seed1,full,1,30000,4390,0.04438827098078867,0.27313644886016847,0.00857315119355917,9.748596305867912e-07
sft_full_seed1,full,1,30000,4400,0.044489383215369056,1.1946564674377442,82.60152435302734,9.746867734793903e-07
sft_full_seed1,full,1,30000,4410,0.04459049544994945,0.13431384563446044,0.008266566321253777,9.745133395827993e-07
sft_full_seed1,full,1,30000,4420,0.04469160768452983,1.3149355888366698,155.5727081298828,9.74339329107757e-07
sft_full_seed1,full,1,30000,4430,0.04479271991911021,0.4940498828887939,0.11656106263399124,9.741647422657027e-07
sft_full_seed1,full,1,30000,4440,0.0448938321536906,0.14251141548156737,26.2457332611084,9.739895792687757e-07
sft_full_seed1,full,1,30000,4450,0.04499494438827098,1.1530561447143555,5.207108974456787,9.738138403298157e-07
sft_full_seed1,full,1,30000,4460,0.04509605662285136,0.4101191520690918,0.007661454379558563,9.736375256623617e-07
sft_full_seed1,full,1,30000,4470,0.045197168857431747,0.08671450018882751,4.5697717723669484e-05,9.734606354806532e-07
sft_full_seed1,full,1,30000,4480,0.04529828109201214,0.37043018341064454,0.14487774670124054,9.73283169999628e-07
sft_full_seed1,full,1,30000,4490,0.04539939332659252,0.9598711013793946,2.9064478439977393e-05,9.731051294349238e-07
sft_full_seed1,full,1,30000,4500,0.0455005055611729,0.38551983833312986,7.257319450378418,9.729265140028762e-07
sft_full_seed1,full,1,30000,4510,0.04560161779575329,0.30531816482543944,3.705745984916575e-05,9.7274732392052e-07
sft_full_seed1,full,1,30000,4520,0.04570273003033367,0.5986234664916992,3.2372875213623047,9.725675594055881e-07
sft_full_seed1,full,1,30000,4530,0.04580384226491405,0.4436990261077881,1.220628023147583,9.723872206765115e-07
sft_full_seed1,full,1,30000,4540,0.04590495449949444,0.004259452596306801,3.427881529205479e-05,9.722063079524183e-07
sft_full_seed1,full,1,30000,4550,0.04600606673407482,0.8112079620361328,7.360812014667317e-05,9.72024821453135e-07
sft_full_seed1,full,1,30000,4560,0.04610717896865521,0.24927988052368164,3.930425373255275e-05,9.718427613991846e-07
sft_full_seed1,full,1,30000,4570,0.046208291203235594,0.47276830673217773,0.10415112227201462,9.716601280117873e-07
sft_full_seed1,full,1,30000,4580,0.04630940343781598,0.38357245922088623,7.238415855681524e-05,9.714769215128596e-07
sft_full_seed1,full,1,30000,4590,0.04641051567239636,0.6716243267059326,59.71529006958008,9.71293142125015e-07
sft_full_seed1,full,1,30000,4600,0.046511627906976744,0.6306931972503662,0.17131827771663666,9.711087900715627e-07
sft_full_seed1,full,1,30000,4610,0.04661274014155713,0.4875981330871582,0.0006200047791935503,9.709238655765077e-07
sft_full_seed1,full,1,30000,4620,0.04671385237613751,0.4459371566772461,0.7767508625984192,9.70738368864551e-07
sft_full_seed1,full,1,30000,4630,0.046814964610717894,0.054276537895202634,83.91287231445312,9.705523001610881e-07
sft_full_seed1,full,1,30000,4640,0.046916076845298284,0.5969654083251953,134.0652618408203,9.703656596922107e-07
sft_full_seed1,full,1,30000,4650,0.04701718907987867,0.5947832584381103,20.303638458251953,9.701784476847038e-07
sft_full_seed1,full,1,30000,4660,0.04711830131445905,0.36022286415100097,121.09207153320312,9.699906643660483e-07
sft_full_seed1,full,1,30000,4670,0.047219413549039434,1.3129312515258789,0.008731262758374214,9.698023099644184e-07
sft_full_seed1,full,1,30000,4680,0.04732052578361982,0.742665147781372,0.12859423458576202,9.696133847086822e-07
sft_full_seed1,full,1,30000,4690,0.0474216380182002,0.4147150993347168,146.95997619628906,9.69423888828402e-07
sft_full_seed1,full,1,30000,4700,0.047522750252780584,0.4385657787322998,8.101046114461496e-05,9.692338225538332e-07
sft_full_seed1,full,1,30000,4710,0.047623862487360974,0.13375817537307738,4.175304275122471e-05,9.69043186115924e-07
sft_full_seed1,full,1,30000,4720,0.04772497472194136,0.8673723220825196,98.36328887939453,9.68851979746316e-07
sft_full_seed1,full,1,30000,4730,0.04782608695652174,0.34621529579162597,0.09329384565353394,9.686602036773425e-07
sft_full_seed1,full,1,30000,4740,0.047927199191102124,0.65725736618042,0.00014157647092361003,9.6846785814203e-07
sft_full_seed1,full,1,30000,4750,0.04802831142568251,0.9712185859680176,98.7829360961914,9.68274943374096e-07
sft_full_seed1,full,1,30000,4760,0.04812942366026289,0.3013791561126709,153.38941955566406,9.680814596079506e-07
sft_full_seed1,full,1,30000,4770,0.048230535894843274,0.0007084580603986979,3.675560947158374e-05,9.678874070786945e-07
sft_full_seed1,full,1,30000,4780,0.04833164812942366,0.31026430130004884,0.0027526416815817356,9.676927860221198e-07
sft_full_seed1,full,1,30000,4790,0.04843276036400405,0.0198359951376915,0.4068102240562439,9.674975966747096e-07
sft_full_seed1,full,1,30000,4800,0.04853387259858443,0.38467044830322267,7.597847434226424e-05,9.673018392736372e-07
sft_full_seed1,full,1,30000,4810,0.048634984833164814,0.4540071487426758,3.190972711308859e-05,9.671055140567666e-07
sft_full_seed1,full,1,30000,4820,0.0487360970677452,0.3375323534011841,0.050442490726709366,9.66908621262651e-07
sft_full_seed1,full,1,30000,4830,0.04883720930232558,1.0419554710388184,184.583984375,9.66711161130534e-07
sft_full_seed1,full,1,30000,4840,0.048938321536905964,0.3841951847076416,9.942084579961374e-05,9.665131339003485e-07
sft_full_seed1,full,1,30000,4850,0.04903943377148635,0.38046243190765383,0.0012461140286177397,9.663145398127157e-07
sft_full_seed1,full,1,30000,4860,0.04914054600606673,0.322225022315979,110.84300231933594,9.661153791089468e-07
sft_full_seed1,full,1,30000,4870,0.04924165824064712,1.1449280738830567,85.7017593383789,9.659156520310401e-07
sft_full_seed1,full,1,30000,4880,0.049342770475227504,1.8092948913574218,78.75177764892578,9.657153588216833e-07
sft_full_seed1,full,1,30000,4890,0.04944388270980789,0.3004793405532837,0.001316038309596479,9.655144997242514e-07
sft_full_seed1,full,1,30000,4900,0.04954499494438827,1.2352702140808105,0.0006774939247407019,9.653130749828073e-07
sft_full_seed1,full,1,30000,4910,0.049646107178968654,0.5347815036773682,4.013945726910606e-05,9.65111084842101e-07
sft_full_seed1,full,1,30000,4920,0.04974721941354904,0.15256335735321044,5.999838352203369,9.649085295475693e-07
sft_full_seed1,full,1,30000,4930,0.04984833164812942,0.9056182861328125,104.91796112060547,9.647054093453365e-07
sft_full_seed1,full,1,30000,4940,0.04994944388270981,0.4402458667755127,24.65243148803711,9.645017244822122e-07
sft_full_seed1,full,1,30000,4950,0.050050556117290194,0.6973341941833496,80.46085357666016,9.642974752056931e-07
sft_full_seed1,full,1,30000,4960,0.05015166835187058,0.40584478378295896,0.03251030296087265,9.640926617639612e-07
sft_full_seed1,full,1,30000,4970,0.05025278058645096,0.9735526084899903,3.6793779145227745e-05,9.638872844058842e-07
sft_full_seed1,full,1,30000,4980,0.050353892821031344,1.8193620681762694,124.85710906982422,9.636813433810149e-07
sft_full_seed1,full,1,30000,4990,0.05045500505561173,1.0503781318664551,7.783784531056881e-05,9.634748389395912e-07
sft_full_seed1,full,1,30000,5000,0.05055611729019211,0.06013743877410889,69.17772674560547,9.632677713325352e-07
sft_full_seed1,full,1,30000,5010,0.050657229524772494,0.8578198432922364,1.820792317390442,9.63060140811454e-07
sft_full_seed1,full,1,30000,5020,0.050758341759352885,0.0080033577978611,19.96535301208496,9.628519476286378e-07
sft_full_seed1,full,1,30000,5030,0.05085945399393327,0.02332129031419754,10.91768741607666,9.626431920370612e-07
sft_full_seed1,full,1,30000,5040,0.05096056622851365,0.2080846071243286,2.1287710666656494,9.624338742903817e-07
sft_full_seed1,full,1,30000,5050,0.051061678463094035,0.1805180311203003,85.26192474365234,9.622239946429404e-07
sft_full_seed1,full,1,30000,5060,0.05116279069767442,0.2708208799362183,6.288015365600586,9.620135533497609e-07
sft_full_seed1,full,1,30000,5070,0.0512639029322548,0.2070180892944336,100.48593139648438,9.618025506665488e-07
sft_full_seed1,full,1,30000,5080,0.051365015166835185,0.06460029482841492,0.037635937333106995,9.615909868496926e-07
sft_full_seed1,full,1,30000,5090,0.05146612740141557,0.029003557562828065,0.26092278957366943,9.613788621562621e-07
sft_full_seed1,full,1,30000,5100,0.05156723963599596,0.9584954261779786,94.98176574707031,9.611661768440092e-07
sft_full_seed1,full,1,30000,5110,0.05166835187057634,1.0664559364318849,7.164700218709186e-05,9.60952931171366e-07
sft_full_seed1,full,1,30000,5120,0.051769464105156725,0.06415762305259705,0.6726080775260925,9.607391253974464e-07
sft_full_seed1,full,1,30000,5130,0.05187057633973711,0.011159268766641616,0.04412197694182396,9.605247597820446e-07
sft_full_seed1,full,1,30000,5140,0.05197168857431749,0.6889718055725098,0.019579432904720306,9.603098345856352e-07
sft_full_seed1,full,1,30000,5150,0.052072800808897875,0.2527226209640503,3.7371781218098477e-05,9.600943500693724e-07
sft_full_seed1,full,1,30000,5160,0.05217391304347826,0.5270641326904297,0.0017601633444428444,9.598783064950901e-07
sft_full_seed1,full,1,30000,5170,0.05227502527805865,0.21417818069458008,126.31370544433594,9.596617041253017e-07
sft_full_seed1,full,1,30000,5180,0.05237613751263903,0.30679688453674314,3.2787946111056954e-05,9.594445432231995e-07
sft_full_seed1,full,1,30000,5190,0.052477249747219415,0.4875760555267334,3.492941686999984e-05,9.592268240526545e-07
sft_full_seed1,full,1,30000,5200,0.0525783619817998,0.4360804080963135,87.7395248413086,9.590085468782162e-07
sft_full_seed1,full,1,30000,5210,0.05267947421638018,0.0033454541116952896,1.5464415550231934,9.587897119651115e-07
sft_full_seed1,full,1,30000,5220,0.052780586450960565,0.07064922451972962,0.004613633267581463,9.585703195792458e-07
sft_full_seed1,full,1,30000,5230,0.05288169868554095,1.4711586952209472,110.99923706054688,9.583503699872015e-07
sft_full_seed1,full,1,30000,5240,0.05298281092012133,0.3074974060058594,120.26245880126953,9.58129863456238e-07
sft_full_seed1,full,1,30000,5250,0.05308392315470172,0.14405720233917235,0.08204739540815353,9.579088002542917e-07
sft_full_seed1,full,1,30000,5260,0.053185035389282105,0.420945930480957,0.47454291582107544,9.576871806499748e-07
sft_full_seed1,full,1,30000,5270,0.05328614762386249,0.0008898459374904633,3.4511449484853074e-05,9.574650049125768e-07
sft_full_seed1,full,1,30000,5280,0.05338725985844287,0.9062294960021973,2.7155463612871245e-05,9.572422733120614e-07
sft_full_seed1,full,1,30000,5290,0.053488372093023255,0.421237850189209,0.002950421767309308,9.570189861190689e-07
sft_full_seed1,full,1,30000,5300,0.05358948432760364,0.4581796169281006,112.53949737548828,9.56795143604914e-07
sft_full_seed1,full,1,30000,5310,0.05369059656218402,0.038220173120498656,4.2920080886688083e-05,9.565707460415868e-07
sft_full_seed1,full,1,30000,5320,0.053791708796764405,0.01348486989736557,4.326729685999453e-05,9.563457937017514e-07
sft_full_seed1,full,1,30000,5330,0.053892821031344795,0.7575708389282226,92.23225402832031,9.561202868587459e-07
sft_full_seed1,full,1,30000,5340,0.05399393326592518,0.19979180097579957,0.000703352561686188,9.558942257865827e-07
sft_full_seed1,full,1,30000,5350,0.05409504550050556,1.249256420135498,88.076416015625,9.55667610759947e-07
sft_full_seed1,full,1,30000,5360,0.054196157735085945,0.2838279247283936,3.531184120220132e-05,9.554404420541978e-07
sft_full_seed1,full,1,30000,5370,0.05429726996966633,0.5104264736175537,148.54225158691406,9.55212719945366e-07
sft_full_seed1,full,1,30000,5380,0.05439838220424671,0.68165602684021,14.998761177062988,9.549844447101559e-07
sft_full_seed1,full,1,30000,5390,0.054499494438827095,0.7914191246032715,0.0003277339565102011,9.547556166259433e-07
sft_full_seed1,full,1,30000,5400,0.054600606673407485,0.5185729503631592,0.5129143595695496,9.545262359707755e-07
sft_full_seed1,full,1,30000,5410,0.05470171890798787,0.3875800848007202,0.025535820052027702,9.542963030233723e-07
sft_full_seed1,full,1,30000,5420,0.05480283114256825,0.4621866226196289,95.1697998046875,9.540658180631236e-07
sft_full_seed1,full,1,30000,5430,0.054903943377148635,0.34658098220825195,0.01711343228816986,9.538347813700902e-07
sft_full_seed1,full,1,30000,5440,0.05500505561172902,1.00521240234375,0.000690968707203865,9.536031932250036e-07
sft_full_seed1,full,1,30000,5450,0.0551061678463094,0.42035231590270994,0.00012593880819622427,9.533710539092652e-07
sft_full_seed1,full,1,30000,5460,0.055207280080889785,0.5180699348449707,4.0716502553550526e-05,9.531383637049464e-07
sft_full_seed1,full,1,30000,5470,0.05530839231547017,0.7118638038635254,85.75285339355469,9.529051228947875e-07
sft_full_seed1,full,1,30000,5480,0.05540950455005056,0.40636162757873534,0.07512123137712479,9.526713317621979e-07
sft_full_seed1,full,1,30000,5490,0.05551061678463094,0.4623116016387939,2.6560819605947472e-05,9.524369905912563e-07
sft_full_seed1,full,1,30000,5500,0.055611729019211326,0.6611259460449219,111.83280181884766,9.52202099666709e-07
sft_full_seed1,full,1,30000,5510,0.05571284125379171,0.137279212474823,0.00034712167689576745,9.519666592739708e-07
sft_full_seed1,full,1,30000,5520,0.05581395348837209,0.2103104591369629,164.316162109375,9.51730669699124e-07
sft_full_seed1,full,1,30000,5530,0.055915065722952476,0.22012152671813964,61.35053634643555,9.51494131228918e-07
sft_full_seed1,full,1,30000,5540,0.05601617795753286,1.2984663009643556,0.0006360390107147396,9.512570441507695e-07
sft_full_seed1,full,1,30000,5550,0.05611729019211325,0.11044075489044189,0.0168545413762331,9.510194087527614e-07
sft_full_seed1,full,1,30000,5560,0.05621840242669363,0.1406087040901184,0.015124130994081497,9.507812253236435e-07
sft_full_seed1,full,1,30000,5570,0.056319514661274016,0.8267156600952148,0.008560625836253166,9.505424941528308e-07
sft_full_seed1,full,1,30000,5580,0.0564206268958544,0.4623241901397705,109.95246887207031,9.503032155304045e-07
sft_full_seed1,full,1,30000,5590,0.05652173913043478,0.8418476104736328,0.24708391726016998,9.500633897471105e-07
sft_full_seed1,full,1,30000,5600,0.056622851365015166,0.9013221740722657,108.59397888183594,9.498230170943595e-07
sft_full_seed1,full,1,30000,5610,0.05672396359959555,0.2289649724960327,0.0001966966228792444,9.495820978642273e-07
sft_full_seed1,full,1,30000,5620,0.05682507583417593,0.4445324420928955,0.015312722884118557,9.493406323494535e-07
sft_full_seed1,full,1,30000,5630,0.05692618806875632,0.8161488533020019,7.668488979106769e-05,9.490986208434412e-07
sft_full_seed1,full,1,30000,5640,0.057027300303336706,0.3805286407470703,0.0022404631599783897,9.488560636402576e-07
sft_full_seed1,full,1,30000,5650,0.05712841253791709,1.3486674308776856,2.542088259360753e-05,9.48612961034632e-07
sft_full_seed1,full,1,30000,5660,0.05722952477249747,0.17533012628555297,102.9083251953125,9.483693133219575e-07
sft_full_seed1,full,1,30000,5670,0.057330637007077856,0.4519155979156494,63.40812683105469,9.481251207982888e-07
sft_full_seed1,full,1,30000,5680,0.05743174924165824,0.6796947002410889,3.067771467613056e-05,9.478803837603429e-07
sft_full_seed1,full,1,30000,5690,0.05753286147623862,0.5463491916656494,129.76141357421875,9.476351025054983e-07
sft_full_seed1,full,1,30000,5700,0.057633973710819006,0.16191699504852294,129.63134765625,9.473892773317951e-07
sft_full_seed1,full,1,30000,5710,0.057735085945399396,0.6291806697845459,0.0014277707086876035,9.471429085379337e-07
sft_full_seed1,full,1,30000,5720,0.05783619817997978,0.3236093521118164,0.010013566352427006,9.468959964232757e-07
sft_full_seed1,full,1,30000,5730,0.05793731041456016,0.39016308784484866,119.07769775390625,9.466485412878424e-07
sft_full_seed1,full,1,30000,5740,0.058038422649140546,0.39215545654296874,0.089275062084198,9.464005434323153e-07
sft_full_seed1,full,1,30000,5750,0.05813953488372093,0.3969208478927612,1.2422422170639038,9.461520031580351e-07
sft_full_seed1,full,1,30000,5760,0.05824064711830131,0.7125590801239013,128.9520263671875,9.459029207670017e-07
sft_full_seed1,full,1,30000,5770,0.058341759352881696,1.0825749397277833,86.3757553100586,9.456532965618737e-07
sft_full_seed1,full,1,30000,5780,0.058442871587462086,0.12752715349197388,98.34272003173828,9.45403130845968e-07
sft_full_seed1,full,1,30000,5790,0.05854398382204247,0.5078602790832519,0.0007744458271190524,9.451524239232594e-07
sft_full_seed1,full,1,30000,5800,0.05864509605662285,0.08559747338294983,0.20557954907417297,9.449011760983808e-07
sft_full_seed1,full,1,30000,5810,0.058746208291203236,0.5967612266540527,111.12701416015625,9.446493876766217e-07
sft_full_seed1,full,1,30000,5820,0.05884732052578362,0.44748649597167967,0.00019711304048541933,9.443970589639289e-07
sft_full_seed1,full,1,30000,5830,0.058948432760364,0.4303285598754883,111.25873565673828,9.441441902669056e-07
sft_full_seed1,full,1,30000,5840,0.059049544994944386,0.6269720554351806,0.0033926735632121563,9.43890781892811e-07
sft_full_seed1,full,1,30000,5850,0.05915065722952477,0.19903388023376464,3.6160826683044434,9.436368341495602e-07
sft_full_seed1,full,1,30000,5860,0.05925176946410516,0.12919366359710693,0.2883080244064331,9.433823473457239e-07
sft_full_seed1,full,1,30000,5870,0.05935288169868554,1.1134804725646972,0.000314141099806875,9.431273217905271e-07
sft_full_seed1,full,1,30000,5880,0.059453993933265926,0.7036259174346924,1.523751139640808,9.428717577938503e-07
sft_full_seed1,full,1,30000,5890,0.05955510616784631,0.8634395599365234,89.80493927001953,9.426156556662275e-07
sft_full_seed1,full,1,30000,5900,0.05965621840242669,0.008666616678237916,2.9785640435875393e-05,9.423590157188474e-07
sft_full_seed1,full,1,30000,5910,0.059757330637007076,0.00034548754338175057,3.8320493331411853e-05,9.421018382635513e-07
sft_full_seed1,full,1,30000,5920,0.05985844287158746,0.38034615516662595,3.866922270390205e-05,9.418441236128343e-07
sft_full_seed1,full,1,30000,5930,0.05995955510616784,0.5013182163238525,0.0674099326133728,9.41585872079844e-07
sft_full_seed1,full,1,30000,5940,0.06006066734074823,0.251008939743042,2.5377166271209717,9.4132708397838e-07
sft_full_seed1,full,1,30000,5950,0.06016177957532862,0.4204551219940186,0.2621738910675049,9.410677596228948e-07
sft_full_seed1,full,1,30000,5960,0.060262891809909,0.07880396842956543,0.703591525554657,9.408078993284917e-07
sft_full_seed1,full,1,30000,5970,0.06036400404448938,1.766718864440918,109.7939682006836,9.405475034109254e-07
sft_full_seed1,full,1,30000,5980,0.06046511627906977,0.33508398532867434,142.0067901611328,9.402865721866015e-07
sft_full_seed1,full,1,30000,5990,0.06056622851365015,0.001331665925681591,4.471681313589215e-05,9.400251059725762e-07
sft_full_seed1,full,1,30000,6000,0.06066734074823053,0.5992323875427246,68.44513702392578,9.397631050865553e-07
sft_full_seed1,full,1,30000,6010,0.060768452982810924,0.32887282371521,28.355762481689453,9.395005698468948e-07
sft_full_seed1,full,1,30000,6020,0.06086956521739131,1.3397368431091308,100.50846099853516,9.392375005725999e-07
sft_full_seed1,full,1,30000,6030,0.06097067745197169,0.6148430347442627,6.737079820595682e-05,9.389738975833242e-07
sft_full_seed1,full,1,30000,6040,0.06107178968655207,0.20811984539031983,0.03711069002747536,9.387097611993706e-07
sft_full_seed1,full,1,30000,6050,0.06117290192113246,0.8174159049987793,0.003505920059978962,9.384450917416893e-07
sft_full_seed1,full,1,30000,6060,0.06127401415571284,0.44648027420043945,93.72003936767578,9.381798895318791e-07
sft_full_seed1,full,1,30000,6070,0.06137512639029322,0.5718199729919433,3.1363731977762654e-05,9.379141548921852e-07
sft_full_seed1,full,1,30000,6080,0.06147623862487361,0.07175940871238709,0.0007860175101086497,9.376478881455008e-07
sft_full_seed1,full,1,30000,6090,0.061577350859454,0.18248379230499268,0.020309878513216972,9.373810896153646e-07
sft_full_seed1,full,1,30000,6100,0.06167846309403438,0.4904326438903809,100.2525405883789,9.371137596259621e-07
sft_full_seed1,full,1,30000,6110,0.061779575328614764,0.04631947278976441,0.00019356078701093793,9.368458985021246e-07
sft_full_seed1,full,1,30000,6120,0.06188068756319515,1.08475923538208,97.7110366821289,9.365775065693286e-07
sft_full_seed1,full,1,30000,6130,0.06198179979777553,0.03862819671630859,1.5839346647262573,9.363085841536957e-07
sft_full_seed1,full,1,30000,6140,0.062082912032355914,0.805305290222168,13.090520858764648,9.360391315819916e-07
sft_full_seed1,full,1,30000,6150,0.0621840242669363,0.011121514439582824,0.0014257333241403103,9.357691491816268e-07
sft_full_seed1,full,1,30000,6160,0.06228513650151668,0.6682594776153564,0.062098581343889236,9.354986372806556e-07
sft_full_seed1,full,1,30000,6170,0.06238624873609707,0.24958422183990478,4.99774169921875,9.352275962077752e-07
sft_full_seed1,full,1,30000,6180,0.062487360970677454,0.09317838549613952,0.0002271097182529047,9.349560262923261e-07
sft_full_seed1,full,1,30000,6190,0.06258847320525783,0.005263198912143707,0.025966450572013855,9.346839278642913e-07
sft_full_seed1,full,1,30000,6200,0.06268958543983821,0.5355540752410889,0.0019158354261890054,9.344113012542963e-07
sft_full_seed1,full,1,30000,6210,0.06279069767441861,0.44606995582580566,132.1510467529297,9.341381467936078e-07
sft_full_seed1,full,1,30000,6220,0.062891809908999,0.008582574874162674,0.0003376023378223181,9.338644648141345e-07
sft_full_seed1,full,1,30000,6230,0.06299292214357938,0.4584740161895752,4.512705345405266e-05,9.335902556484256e-07
sft_full_seed1,full,1,30000,6240,0.06309403437815976,0.3774866580963135,131.0269317626953,9.333155196296712e-07
sft_full_seed1,full,1,30000,6250,0.06319514661274014,1.131360149383545,3.8883110391907394e-05,9.330402570917015e-07
sft_full_seed1,full,1,30000,6260,0.06329625884732053,0.004957458376884461,8.718368530273438,9.327644683689865e-07
sft_full_seed1,full,1,30000,6270,0.06339737108190091,1.670157241821289,101.93630981445312,9.324881537966354e-07
sft_full_seed1,full,1,30000,6280,0.0634984833164813,0.15144845247268676,3.857403135043569e-05,9.322113137103963e-07
sft_full_seed1,full,1,30000,6290,0.06359959555106168,0.9472591400146484,107.35985565185547,9.319339484466563e-07
sft_full_seed1,full,1,30000,6300,0.06370070778564206,0.3465160369873047,0.0270492285490036,9.316560583424402e-07
sft_full_seed1,full,1,30000,6310,0.06380182002022244,0.915140438079834,136.1775665283203,9.313776437354107e-07
sft_full_seed1,full,1,30000,6320,0.06390293225480283,1.0008302688598634,52.2240104675293,9.310987049638679e-07
sft_full_seed1,full,1,30000,6330,0.06400404448938321,0.255963397026062,0.1219932809472084,9.308192423667485e-07
sft_full_seed1,full,1,30000,6340,0.0641051567239636,0.7419125080108643,27.743846893310547,9.30539256283626e-07
sft_full_seed1,full,1,30000,6350,0.06420626895854398,0.23635649681091309,0.2426832616329193,9.302587470547099e-07
sft_full_seed1,full,1,30000,6360,0.06430738119312437,0.24224507808685303,106.44131469726562,9.299777150208455e-07
sft_full_seed1,full,1,30000,6370,0.06440849342770476,0.5227722644805908,59.94272994995117,9.296961605235132e-07
sft_full_seed1,full,1,30000,6380,0.06450960566228514,0.5345422744750976,111.07715606689453,9.294140839048279e-07
sft_full_seed1,full,1,30000,6390,0.06461071789686552,0.5139420509338379,0.018668755888938904,9.291314855075396e-07
sft_full_seed1,full,1,30000,6400,0.06471183013144591,0.17416892051696778,7.463321208953857,9.288483656750321e-07
sft_full_seed1,full,1,30000,6410,0.06481294236602629,0.29255261421203616,0.0062429471872746944,9.285647247513224e-07
sft_full_seed1,full,1,30000,6420,0.06491405460060667,0.24391167163848876,3.0621307814726606e-05,9.282805630810612e-07
sft_full_seed1,full,1,30000,6430,0.06501516683518706,0.9460296630859375,0.01000093575567007,9.279958810095316e-07
sft_full_seed1,full,1,30000,6440,0.06511627906976744,0.05235216021537781,3.6746816476807e-05,9.277106788826493e-07
sft_full_seed1,full,1,30000,6450,0.06521739130434782,0.6510640621185303,0.06122084707021713,9.274249570469616e-07
sft_full_seed1,full,1,30000,6460,0.06531850353892821,0.16897746324539184,0.00020490413589868695,9.271387158496476e-07
sft_full_seed1,full,1,30000,6470,0.06541961577350859,0.024508732557296752,0.0002969312481582165,9.268519556385172e-07
sft_full_seed1,full,1,30000,6480,0.06552072800808897,1.314542007446289,104.10103607177734,9.265646767620112e-07
sft_full_seed1,full,1,30000,6490,0.06562184024266936,1.0740707397460938,3.387891410966404e-05,9.262768795692005e-07
sft_full_seed1,full,1,30000,6500,0.06572295247724974,0.02428831309080124,3.360749178682454e-05,9.25988564409786e-07
sft_full_seed1,full,1,30000,6510,0.06582406471183014,0.0617156445980072,0.00010439429024700075,9.256997316340975e-07
sft_full_seed1,full,1,30000,6520,0.06592517694641052,0.08606806993484498,6.67486383463256e-05,9.254103815930943e-07
sft_full_seed1,full,1,30000,6530,0.0660262891809909,0.43555474281311035,3.105077485088259e-05,9.251205146383637e-07
sft_full_seed1,full,1,30000,6540,0.06612740141557129,0.11385332345962525,0.05909358337521553,9.248301311221216e-07
sft_full_seed1,full,1,30000,6550,0.06622851365015167,0.07132790088653565,3.12752636091318e-05,9.245392313972115e-07
sft_full_seed1,full,1,30000,6560,0.06632962588473205,0.6799648761749267,106.85091400146484,9.242478158171037e-07
sft_full_seed1,full,1,30000,6570,0.06643073811931244,0.1622759461402893,0.054066095501184464,9.239558847358957e-07
sft_full_seed1,full,1,30000,6580,0.06653185035389282,0.3931774139404297,165.05718994140625,9.236634385083113e-07
sft_full_seed1,full,1,30000,6590,0.0666329625884732,0.06424463987350464,8.438380609732121e-05,9.233704774897004e-07
sft_full_seed1,full,1,30000,6600,0.06673407482305359,0.03812933564186096,0.02406296506524086,9.230770020360381e-07
sft_full_seed1,full,1,30000,6610,0.06683518705763397,0.1573946475982666,116.48565673828125,9.227830125039247e-07
sft_full_seed1,full,1,30000,6620,0.06693629929221435,0.5793169498443603,0.0007315220427699387,9.224885092505852e-07
sft_full_seed1,full,1,30000,6630,0.06703741152679474,0.3305365800857544,0.001445267116650939,9.22193492633869e-07
sft_full_seed1,full,1,30000,6640,0.06713852376137512,0.0034676626324653625,0.36336761713027954,9.21897963012249e-07
sft_full_seed1,full,1,30000,6650,0.0672396359959555,1.100026512145996,0.09716441482305527,9.216019207448216e-07
sft_full_seed1,full,1,30000,6660,0.0673407482305359,0.0009015888907015323,0.00013614489580504596,9.213053661913059e-07
sft_full_seed1,full,1,30000,6670,0.06744186046511629,0.4338569164276123,0.0002460289979353547,9.210082997120438e-07
sft_full_seed1,full,1,30000,6680,0.06754297269969667,0.6425858974456787,137.5110626220703,9.207107216679993e-07
sft_full_seed1,full,1,30000,6690,0.06764408493427705,0.30495786666870117,0.00014022202230989933,9.204126324207573e-07
sft_full_seed1,full,1,30000,6700,0.06774519716885744,0.2714115381240845,0.5504534840583801,9.201140323325248e-07
sft_full_seed1,full,1,30000,6710,0.06784630940343782,1.404414176940918,82.13780212402344,9.198149217661286e-07
sft_full_seed1,full,1,30000,6720,0.0679474216380182,0.034544721245765686,0.009263112209737301,9.195153010850166e-07
sft_full_seed1,full,1,30000,6730,0.06804853387259858,1.9403388977050782,110.9051513671875,9.19215170653256e-07
sft_full_seed1,full,1,30000,6740,0.06814964610717897,0.3676436424255371,0.0019224364077672362,9.189145308355337e-07
sft_full_seed1,full,1,30000,6750,0.06825075834175935,0.01010696440935135,18.45497703552246,9.186133819971555e-07
sft_full_seed1,full,1,30000,6760,0.06835187057633973,0.00014118389226496219,3.934420601581223e-05,9.183117245040454e-07
sft_full_seed1,full,1,30000,6770,0.06845298281092012,1.2768970489501954,91.16873931884766,9.180095587227458e-07
sft_full_seed1,full,1,30000,6780,0.0685540950455005,0.3853602886199951,95.35438537597656,9.177068850204166e-07
sft_full_seed1,full,1,30000,6790,0.06865520728008088,0.26953630447387694,127.10855865478516,9.17403703764835e-07
sft_full_seed1,full,1,30000,6800,0.06875631951466127,0.21756453514099122,143.4192657470703,9.171000153243946e-07
sft_full_seed1,full,1,30000,6810,0.06885743174924165,0.5599010467529297,2.8682748961728066e-05,9.167958200681056e-07
sft_full_seed1,full,1,30000,6820,0.06895854398382205,0.4371222496032715,2.897668855439406e-05,9.164911183655941e-07
sft_full_seed1,full,1,30000,6830,0.06905965621840243,0.00016758175333961845,4.1079129005083814e-05,9.161859105871012e-07
sft_full_seed1,full,1,30000,6840,0.06916076845298282,0.5781779289245605,99.32699584960938,9.158801971034832e-07
sft_full_seed1,full,1,30000,6850,0.0692618806875632,0.5189341545104981,4.855599399888888e-05,9.155739782862106e-07
sft_full_seed1,full,1,30000,6860,0.06936299292214358,1.0611815452575684,104.56599426269531,9.152672545073686e-07
sft_full_seed1,full,1,30000,6870,0.06946410515672397,0.3473533868789673,15.200258255004883,9.149600261396551e-07
sft_full_seed1,full,1,30000,6880,0.06956521739130435,0.13772866725921631,0.3092372417449951,9.146522935563815e-07
sft_full_seed1,full,1,30000,6890,0.06966632962588473,0.4998939990997314,137.46673583984375,9.143440571314722e-07
sft_full_seed1,full,1,30000,6900,0.06976744186046512,0.22183492183685302,87.1953125,9.140353172394635e-07
sft_full_seed1,full,1,30000,6910,0.0698685540950455,0.5640473365783691,0.12581095099449158,9.137260742555032e-07
sft_full_seed1,full,1,30000,6920,0.06996966632962588,1.1367434501647948,3.845031460514292e-05,9.134163285553509e-07
sft_full_seed1,full,1,30000,6930,0.07007077856420627,0.3889730930328369,3.4456508728908375e-05,9.131060805153769e-07
sft_full_seed1,full,1,30000,6940,0.07017189079878665,1.1896737098693848,3.187731999787502e-05,9.127953305125616e-07
sft_full_seed1,full,1,30000,6950,0.07027300303336703,0.1566109299659729,4.8693623542785645,9.124840789244957e-07
sft_full_seed1,full,1,30000,6960,0.07037411526794742,0.9855478286743165,0.009881556034088135,9.121723261293792e-07
sft_full_seed1,full,1,30000,6970,0.07047522750252781,0.19883893728256224,99.96443939208984,9.118600725060213e-07
sft_full_seed1,full,1,30000,6980,0.0705763397371082,0.2798891305923462,93.38125610351562,9.115473184338392e-07
sft_full_seed1,full,1,30000,6990,0.07067745197168858,0.2853613615036011,106.617919921875,9.112340642928588e-07
sft_full_seed1,full,1,30000,7000,0.07077856420626896,0.8787846565246582,11.587234497070312,9.109203104637136e-07
sft_full_seed1,full,1,30000,7010,0.07087967644084935,0.3322452068328857,0.0004233814252074808,9.10606057327644e-07
sft_full_seed1,full,1,30000,7020,0.07098078867542973,0.7075612068176269,2.4273571968078613,9.102913052664969e-07
sft_full_seed1,full,1,30000,7030,0.07108190091001011,0.12867140769958496,0.013749863021075726,9.099760546627261e-07
sft_full_seed1,full,1,30000,7040,0.0711830131445905,0.2526973247528076,0.015318501740694046,9.096603058993905e-07
sft_full_seed1,full,1,30000,7050,0.07128412537917088,0.31101973056793214,0.008155730552971363,9.093440593601551e-07
sft_full_seed1,full,1,30000,7060,0.07138523761375126,0.5375160694122314,2.674377174116671e-05,9.090273154292888e-07
sft_full_seed1,full,1,30000,7070,0.07148634984833165,0.0024370845407247544,5.066616535186768,9.087100744916655e-07
sft_full_seed1,full,1,30000,7080,0.07158746208291203,0.5662772178649902,0.27459028363227844,9.083923369327628e-07
sft_full_seed1,full,1,30000,7090,0.07168857431749241,0.7390587329864502,0.5393248796463013,9.080741031386618e-07
sft_full_seed1,full,1,30000,7100,0.0717896865520728,0.07781839370727539,0.0022748433984816074,9.077553734960468e-07
sft_full_seed1,full,1,30000,7110,0.07189079878665318,0.8148027420043945,112.15547943115234,9.07436148392204e-07
sft_full_seed1,full,1,30000,7120,0.07199191102123358,0.8651202201843262,0.34189021587371826,9.071164282150223e-07
sft_full_seed1,full,1,30000,7130,0.07209302325581396,0.012924887239933014,0.003204004606232047,9.067962133529917e-07
sft_full_seed1,full,1,30000,7140,0.07219413549039434,0.21843297481536866,1.2691725492477417,9.064755041952035e-07
sft_full_seed1,full,1,30000,7150,0.07229524772497473,0.5796652793884277,76.32948303222656,9.061543011313496e-07
sft_full_seed1,full,1,30000,7160,0.07239635995955511,0.6743180274963378,98.31793975830078,9.05832604551722e-07
sft_full_seed1,full,1,30000,7170,0.07249747219413549,0.008595816045999526,0.3114652931690216,9.055104148472122e-07
sft_full_seed1,full,1,30000,7180,0.07259858442871588,0.292438268661499,121.01815795898438,9.051877324093113e-07
sft_full_seed1,full,1,30000,7190,0.07269969666329626,0.01170327290892601,0.007285546511411667,9.04864557630109e-07
sft_full_seed1,full,1,30000,7200,0.07280080889787664,0.3134318351745605,0.06615310907363892,9.045408909022927e-07
sft_full_seed1,full,1,30000,7210,0.07290192113245703,0.04305508732795715,4.6164601371856406e-05,9.042167326191484e-07
sft_full_seed1,full,1,30000,7220,0.07300303336703741,0.2321209192276001,0.0007871920824982226,9.038920831745587e-07
sft_full_seed1,full,1,30000,7230,0.07310414560161779,0.7644037723541259,1.1279467344284058,9.035669429630035e-07
sft_full_seed1,full,1,30000,7240,0.07320525783619818,0.11671336889266967,4.26157283782959,9.032413123795587e-07
sft_full_seed1,full,1,30000,7250,0.07330637007077856,0.4217352867126465,0.0012246464611962438,9.02915191819896e-07
sft_full_seed1,full,1,30000,7260,0.07340748230535894,0.8351344108581543,129.55677795410156,9.025885816802832e-07
sft_full_seed1,full,1,30000,7270,0.07350859453993933,0.33959002494812013,3.1091709388419986e-05,9.022614823575818e-07
sft_full_seed1,full,1,30000,7280,0.07360970677451972,0.008589135110378265,0.38764169812202454,9.019338942492485e-07
sft_full_seed1,full,1,30000,7290,0.0737108190091001,0.41303677558898927,3.41660670528654e-05,9.016058177533338e-07
sft_full_seed1,full,1,30000,7300,0.07381193124368049,0.3794619083404541,3.1560721254209056e-05,9.012772532684818e-07
sft_full_seed1,full,1,30000,7310,0.07391304347826087,0.6251564025878906,84.42635345458984,9.009482011939289e-07
sft_full_seed1,full,1,30000,7320,0.07401415571284126,0.5169707775115967,0.0003598381590563804,9.006186619295047e-07
sft_full_seed1,full,1,30000,7330,0.07411526794742164,0.6881268978118896,0.00020060199312865734,9.002886358756303e-07
sft_full_seed1,full,1,30000,7340,0.07421638018200202,0.4275686264038086,95.27976989746094,8.999581234333186e-07
sft_full_seed1,full,1,30000,7350,0.0743174924165824,0.8386102676391601,0.004954174160957336,8.996271250041734e-07
sft_full_seed1,full,1,30000,7360,0.07441860465116279,0.48290286064147947,0.00783615093678236,8.992956409903889e-07
sft_full_seed1,full,1,30000,7370,0.07451971688574317,0.24061923027038573,113.41039276123047,8.989636717947494e-07
sft_full_seed1,full,1,30000,7380,0.07462082912032356,0.011222757399082184,0.0009812249336391687,8.98631217820629e-07
sft_full_seed1,full,1,30000,7390,0.07472194135490394,0.34346723556518555,0.4443627893924713,8.982982794719903e-07
sft_full_seed1,full,1,30000,7400,0.07482305358948432,0.0067267842590808865,4.5649732783203945e-05,8.979648571533851e-07
sft_full_seed1,full,1,30000,7410,0.0749241658240647,0.050311601161956786,2.807990312576294,8.976309512699528e-07
sft_full_seed1,full,1,30000,7420,0.07502527805864509,0.6573215961456299,85.39729309082031,8.972965622274205e-07
sft_full_seed1,full,1,30000,7430,0.07512639029322549,0.38579564094543456,0.28011128306388855,8.969616904321025e-07
sft_full_seed1,full,1,30000,7440,0.07522750252780587,0.34175448417663573,1.76853346824646,8.966263362908996e-07
sft_full_seed1,full,1,30000,7450,0.07532861476238625,0.11796717643737793,3.146882590954192e-05,8.962905002112988e-07
sft_full_seed1,full,1,30000,7460,0.07542972699696664,0.25719294548034666,60.64840316772461,8.959541826013723e-07
sft_full_seed1,full,1,30000,7470,0.07553083923154702,0.8606057167053223,7.810020446777344,8.95617383869778e-07
sft_full_seed1,full,1,30000,7480,0.0756319514661274,0.300091290473938,0.0004165496793575585,8.952801044257581e-07
sft_full_seed1,full,1,30000,7490,0.07573306370070779,0.4846550941467285,0.004048382397741079,8.949423446791386e-07
sft_full_seed1,full,1,30000,7500,0.07583417593528817,0.19937490224838256,49.68278121948242,8.946041050403299e-07
sft_full_seed1,full,1,30000,7510,0.07593528816986855,0.6180153369903565,0.0038885599933564663,8.942653859203248e-07
sft_full_seed1,full,1,30000,7520,0.07603640040444894,0.6829246044158935,29.80940055847168,8.93926187730699e-07
sft_full_seed1,full,1,30000,7530,0.07613751263902932,0.22928910255432128,133.6654815673828,8.935865108836101e-07
sft_full_seed1,full,1,30000,7540,0.0762386248736097,0.3938617706298828,5.560659408569336,8.932463557917979e-07
sft_full_seed1,full,1,30000,7550,0.07633973710819009,0.23731091022491455,1.2929599285125732,8.929057228685828e-07
sft_full_seed1,full,1,30000,7560,0.07644084934277047,0.020121026039123534,0.007500343956053257,8.925646125278656e-07
sft_full_seed1,full,1,30000,7570,0.07654196157735085,0.0007819024845957756,3.0254341254476458e-05,8.922230251841278e-07
sft_full_seed1,full,1,30000,7580,0.07664307381193125,0.8791824340820312,0.00014266469224821776,8.918809612524303e-07
sft_full_seed1,full,1,30000,7590,0.07674418604651163,0.24255871772766113,125.20050811767578,8.91538421148413e-07
sft_full_seed1,full,1,30000,7600,0.07684529828109202,0.20018036365509034,0.013042757287621498,8.911954052882939e-07
sft_full_seed1,full,1,30000,7610,0.0769464105156724,0.012905342876911164,2.521837450331077e-05,8.908519140888703e-07
sft_full_seed1,full,1,30000,7620,0.07704752275025278,0.0028656387701630594,0.027648646384477615,8.905079479675164e-07
sft_full_seed1,full,1,30000,7630,0.07714863498483317,1.2791988372802734,128.14002990722656,8.90163507342183e-07
sft_full_seed1,full,1,30000,7640,0.07724974721941355,0.5896725654602051,0.007404695264995098,8.898185926313981e-07
sft_full_seed1,full,1,30000,7650,0.07735085945399393,0.606211519241333,2.375223159790039,8.894732042542659e-07
sft_full_seed1,full,1,30000,7660,0.07745197168857432,0.2134770631790161,3.726966315298341e-05,8.891273426304654e-07
sft_full_seed1,full,1,30000,7670,0.0775530839231547,0.35431110858917236,0.009410854429006577,8.887810081802514e-07
sft_full_seed1,full,1,30000,7680,0.07765419615773508,0.6423173904418945,94.01408386230469,8.884342013244528e-07
sft_full_seed1,full,1,30000,7690,0.07775530839231547,0.7577831268310546,4.6828517952235416e-05,8.880869224844725e-07
sft_full_seed1,full,1,30000,7700,0.07785642062689585,0.5274042129516602,2.7503783712745644e-05,8.877391720822873e-07
sft_full_seed1,full,1,30000,7710,0.07795753286147623,0.7002503395080566,0.5371115207672119,8.873909505404467e-07
sft_full_seed1,full,1,30000,7720,0.07805864509605662,0.35618388652801514,0.2149379998445511,8.870422582820725e-07
sft_full_seed1,full,1,30000,7730,0.078159757330637,0.41397247314453123,0.019920365884900093,8.866930957308587e-07
sft_full_seed1,full,1,30000,7740,0.0782608695652174,0.24035604000091554,94.78379821777344,8.863434633110709e-07
sft_full_seed1,full,1,30000,7750,0.07836198179979778,0.14010659456253052,3.174422454321757e-05,8.859933614475452e-07
sft_full_seed1,full,1,30000,7760,0.07846309403437816,0.19074143171310426,157.74203491210938,8.856427905656889e-07
sft_full_seed1,full,1,30000,7770,0.07856420626895855,0.9154409408569336,0.0006113736890256405,8.852917510914781e-07
sft_full_seed1,full,1,30000,7780,0.07866531850353893,0.42211551666259767,145.38949584960938,8.84940243451459e-07
sft_full_seed1,full,1,30000,7790,0.07876643073811931,0.017319509387016298,4.672553404816426e-05,8.845882680727468e-07
sft_full_seed1,full,1,30000,7800,0.0788675429726997,0.01365034282207489,0.26101282238960266,8.842358253830245e-07
sft_full_seed1,full,1,30000,7810,0.07896865520728008,0.3231929063796997,4.9493301048642024e-05,8.838829158105433e-07
sft_full_seed1,full,1,30000,7820,0.07906976744186046,0.8506113052368164,4.5628690713783726e-05,8.835295397841216e-07
sft_full_seed1,full,1,30000,7830,0.07917087967644085,0.45790815353393555,123.68521881103516,8.831756977331446e-07
sft_full_seed1,full,1,30000,7840,0.07927199191102123,0.6318209171295166,3.6425502912607044e-05,8.828213900875638e-07
sft_full_seed1,full,1,30000,7850,0.07937310414560161,0.2689002275466919,2.0180375576019287,8.824666172778963e-07
sft_full_seed1,full,1,30000,7860,0.079474216380182,0.9255441665649414,102.39676666259766,8.821113797352245e-07
sft_full_seed1,full,1,30000,7870,0.07957532861476238,0.2762320041656494,156.608154296875,8.817556778911956e-07
sft_full_seed1,full,1,30000,7880,0.07967644084934276,0.6383049964904786,0.006073160097002983,8.813995121780209e-07
sft_full_seed1,full,1,30000,7890,0.07977755308392316,0.0006819942966103554,2.732250140979886e-05,8.810428830284751e-07
sft_full_seed1,full,1,30000,7900,0.07987866531850354,0.6527194976806641,0.5804391503334045,8.806857908758967e-07
sft_full_seed1,full,1,30000,7910,0.07997977755308393,0.15793445110321044,3.368581771850586,8.803282361541858e-07
sft_full_seed1,full,1,30000,7920,0.08008088978766431,0.29819679260253906,21.099918365478516,8.799702192978056e-07
sft_full_seed1,full,1,30000,7930,0.0801820020222447,0.7523400783538818,5.22157788509503e-05,8.796117407417799e-07
sft_full_seed1,full,1,30000,7940,0.08028311425682508,0.4422257423400879,0.00013416170259006321,8.792528009216942e-07
sft_full_seed1,full,1,30000,7950,0.08038422649140546,0.5480239868164063,67.71725463867188,8.788934002736943e-07
sft_full_seed1,full,1,30000,7960,0.08048533872598584,0.6445373058319092,0.25055959820747375,8.785335392344857e-07
sft_full_seed1,full,1,30000,7970,0.08058645096056623,0.5576632499694825,121.26256561279297,8.781732182413335e-07
sft_full_seed1,full,1,30000,7980,0.08068756319514661,0.6608101844787597,156.7086181640625,8.778124377320617e-07
sft_full_seed1,full,1,30000,7990,0.080788675429727,0.44526872634887693,100.16047668457031,8.774511981450528e-07
sft_full_seed1,full,1,30000,8000,0.08088978766430738,0.0021934736520051955,0.003156049642711878,8.770894999192466e-07
sft_full_seed1,full,1,30000,8010,0.08099089989888776,0.7477476596832275,78.946044921875,8.767273434941411e-07
sft_full_seed1,full,1,30000,8020,0.08109201213346814,1.1351069450378417,157.2274169921875,8.7636472930979e-07
sft_full_seed1,full,1,30000,8030,0.08119312436804853,0.18672336339950563,3.194796323776245,8.760016578068039e-07
sft_full_seed1,full,1,30000,8040,0.08129423660262892,0.473728609085083,116.83414459228516,8.756381294263489e-07
sft_full_seed1,full,1,30000,8050,0.08139534883720931,0.30984904766082766,0.024917783215641975,8.752741446101463e-07
sft_full_seed1,full,1,30000,8060,0.08149646107178969,0.41428308486938475,35.638710021972656,8.749097038004721e-07
sft_full_seed1,full,1,30000,8070,0.08159757330637007,7.6493457891047e-05,0.009312177076935768,8.74544807440156e-07
sft_full_seed1,full,1,30000,8080,0.08169868554095046,0.5121337890625,26.536455154418945,8.741794559725817e-07
sft_full_seed1,full,1,30000,8090,0.08179979777553084,0.1395965337753296,0.30926018953323364,8.738136498416855e-07
sft_full_seed1,full,1,30000,8100,0.08190091001011122,0.7352599143981934,10.88890552520752,8.734473894919562e-07
sft_full_seed1,full,1,30000,8110,0.08200202224469161,0.37966575622558596,9.068606595974416e-05,8.730806753684352e-07
sft_full_seed1,full,1,30000,8120,0.08210313447927199,0.6360619068145752,0.00020973461505491287,8.727135079167143e-07
sft_full_seed1,full,1,30000,8130,0.08220424671385237,4.5212925761006774e-05,0.0009088473743759096,8.723458875829367e-07
sft_full_seed1,full,1,30000,8140,0.08230535894843276,0.22787299156188964,0.0010782789904624224,8.719778148137958e-07
sft_full_seed1,full,1,30000,8150,0.08240647118301314,0.00044255917891860007,1.6307785511016846,8.716092900565347e-07
sft_full_seed1,full,1,30000,8160,0.08250758341759352,0.5939131259918213,3.026462763955351e-05,8.712403137589455e-07
sft_full_seed1,full,1,30000,8170,0.08260869565217391,0.2781833171844482,130.7540740966797,8.708708863693695e-07
sft_full_seed1,full,1,30000,8180,0.08270980788675429,0.3181700468063354,0.04098387062549591,8.705010083366959e-07
sft_full_seed1,full,1,30000,8190,0.08281092012133467,0.3855449199676514,3.6348883440950885e-05,8.70130680110361e-07
sft_full_seed1,full,1,30000,8200,0.08291203235591507,0.4082726001739502,47.92457580566406,8.697599021403487e-07
sft_full_seed1,full,1,30000,8210,0.08301314459049546,0.037316763401031496,0.00012989922834094614,8.693886748771894e-07
sft_full_seed1,full,1,30000,8220,0.08311425682507584,0.14517313241958618,2.786013101285789e-05,8.690169987719591e-07
sft_full_seed1,full,1,30000,8230,0.08321536905965622,0.3847675800323486,4.2584075927734375,8.68644874276279e-07
sft_full_seed1,full,1,30000,8240,0.0833164812942366,0.40174450874328616,3.5052038583671674e-05,8.682723018423159e-07
sft_full_seed1,full,1,30000,8250,0.08341759352881699,0.4411139965057373,121.65697479248047,8.678992819227803e-07
sft_full_seed1,full,1,30000,8260,0.08351870576339737,0.12315409183502198,104.23228454589844,8.675258149709263e-07
sft_full_seed1,full,1,30000,8270,0.08361981799797776,0.08800370693206787,0.02206672914326191,8.671519014405519e-07
sft_full_seed1,full,1,30000,8280,0.08372093023255814,0.8854493141174317,0.00011532066855579615,8.667775417859971e-07
sft_full_seed1,full,1,30000,8290,0.08382204246713852,0.21118028163909913,3.007103623531293e-05,8.66402736462144e-07
sft_full_seed1,full,1,30000,8300,0.0839231547017189,0.07462595701217652,0.0007204783614724874,8.660274859244166e-07
sft_full_seed1,full,1,30000,8310,0.08402426693629929,0.548876953125,3.18584825436119e-05,8.656517906287798e-07
sft_full_seed1,full,1,30000,8320,0.08412537917087967,0.1431381106376648,0.00021453574299812317,8.652756510317386e-07
sft_full_seed1,full,1,30000,8330,0.08422649140546005,1.2486814498901366,0.010332114063203335,8.64899067590338e-07
sft_full_seed1,full,1,30000,8340,0.08432760364004044,0.044085314869880675,0.007207596208900213,8.645220407621628e-07
sft_full_seed1,full,1,30000,8350,0.08442871587462084,0.18072425127029418,5.30904253537301e-05,8.641445710053359e-07
sft_full_seed1,full,1,30000,8360,0.08452982810920122,0.2195497512817383,0.00011472395999589935,8.637666587785184e-07
sft_full_seed1,full,1,30000,8370,0.0846309403437816,0.3647797107696533,3.586006641853601e-05,8.633883045409096e-07
sft_full_seed1,full,1,30000,8380,0.08473205257836199,0.8361034393310547,0.0004471018328331411,8.630095087522456e-07
sft_full_seed1,full,1,30000,8390,0.08483316481294237,0.0010816811583936215,2.417985160718672e-05,8.626302718727989e-07
sft_full_seed1,full,1,30000,8400,0.08493427704752275,0.2714917421340942,0.00010770320659503341,8.62250594363378e-07
sft_full_seed1,full,1,30000,8410,0.08503538928210314,0.3817994832992554,6.403078441508114e-05,8.61870476685327e-07
sft_full_seed1,full,1,30000,8420,0.08513650151668352,0.2745544672012329,4.127674765186384e-05,8.614899193005246e-07
sft_full_seed1,full,1,30000,8430,0.0852376137512639,0.07110575437545777,0.00011177627311553806,8.611089226713841e-07
sft_full_seed1,full,1,30000,8440,0.08533872598584429,0.49881629943847655,155.21131896972656,8.607274872608521e-07
sft_full_seed1,full,1,30000,8450,0.08543983822042467,0.6542943954467774,3.4685450373217463e-05,8.603456135324087e-07
sft_full_seed1,full,1,30000,8460,0.08554095045500505,0.5689311504364014,2.9585678930743597e-05,8.599633019500664e-07
sft_full_seed1,full,1,30000,8470,0.08564206268958544,0.1435560703277588,0.31985804438591003,8.595805529783701e-07
sft_full_seed1,full,1,30000,8480,0.08574317492416582,0.1840997815132141,3.5810146073345095e-05,8.591973670823958e-07
sft_full_seed1,full,1,30000,8490,0.0858442871587462,0.39343421459197997,30.991943359375,8.588137447277502e-07
sft_full_seed1,full,1,30000,8500,0.0859453993933266,0.9838100433349609,37.804134368896484,8.584296863805708e-07
sft_full_seed1,full,1,30000,8510,0.08604651162790698,0.5752108097076416,0.042057160288095474,8.580451925075247e-07
sft_full_seed1,full,1,30000,8520,0.08614762386248737,0.7381951332092285,123.79444885253906,8.576602635758085e-07
sft_full_seed1,full,1,30000,8530,0.08624873609706775,0.5738164901733398,0.003814096562564373,8.572749000531467e-07
sft_full_seed1,full,1,30000,8540,0.08634984833164813,0.40303983688354494,86.81957244873047,8.568891024077924e-07
sft_full_seed1,full,1,30000,8550,0.08645096056622852,0.5101720809936523,5.5282071116380394e-05,8.565028711085265e-07
sft_full_seed1,full,1,30000,8560,0.0865520728008089,0.23704397678375244,17.509164810180664,8.561162066246561e-07
sft_full_seed1,full,1,30000,8570,0.08665318503538928,0.1825382947921753,0.006422273349016905,8.557291094260151e-07
sft_full_seed1,full,1,30000,8580,0.08675429726996967,0.2864905595779419,120.08058166503906,8.553415799829628e-07
sft_full_seed1,full,1,30000,8590,0.08685540950455005,0.388674259185791,0.00011783509398810565,8.549536187663846e-07
sft_full_seed1,full,1,30000,8600,0.08695652173913043,0.0008003717288374901,3.4993005101569e-05,8.545652262476897e-07
sft_full_seed1,full,1,30000,8610,0.08705763397371082,0.8625821113586426,0.003003933699801564,8.541764028988114e-07
sft_full_seed1,full,1,30000,8620,0.0871587462082912,0.33750827312469484,0.0015145508805289865,8.537871491922071e-07
sft_full_seed1,full,1,30000,8630,0.08725985844287158,0.4478141784667969,4.100894875591621e-05,8.533974656008564e-07
sft_full_seed1,full,1,30000,8640,0.08736097067745197,0.5762943267822266,0.005035532638430595,8.530073525982619e-07
sft_full_seed1,full,1,30000,8650,0.08746208291203236,0.30866854190826415,4.24800443649292,8.526168106584475e-07
sft_full_seed1,full,1,30000,8660,0.08756319514661275,0.02371583729982376,3.0480490750051104e-05,8.522258402559585e-07
sft_full_seed1,full,1,30000,8670,0.08766430738119313,0.368769907951355,0.010424464009702206,8.518344418658612e-07
sft_full_seed1,full,1,30000,8680,0.08776541961577351,0.4568155765533447,3.420338180148974e-05,8.514426159637409e-07
sft_full_seed1,full,1,30000,8690,0.0878665318503539,0.1432755708694458,0.0038824626244604588,8.510503630257034e-07
sft_full_seed1,full,1,30000,8700,0.08796764408493428,0.385444712638855,2.5648441314697266,8.50657683528373e-07
sft_full_seed1,full,1,30000,8710,0.08806875631951466,0.37213313579559326,2.7319760192767717e-05,8.502645779488921e-07
sft_full_seed1,full,1,30000,8720,0.08816986855409505,0.680510139465332,0.004955491051077843,8.498710467649213e-07
sft_full_seed1,full,1,30000,8730,0.08827098078867543,0.6177255630493164,0.00164279795717448,8.49477090454638e-07
sft_full_seed1,full,1,30000,8740,0.08837209302325581,0.4514425754547119,0.0001903186785057187,8.490827094967363e-07
sft_full_seed1,full,1,30000,8750,0.0884732052578362,0.31434121131896975,0.00012656048056669533,8.486879043704262e-07
sft_full_seed1,full,1,30000,8760,0.08857431749241658,0.00035449278075248,0.24016834795475006,8.482926755554332e-07
sft_full_seed1,full,1,30000,8770,0.08867542972699696,0.5226693153381348,115.22361755371094,8.478970235319974e-07
sft_full_seed1,full,1,30000,8780,0.08877654196157735,0.8991166114807129,0.32218265533447266,8.475009487808736e-07
sft_full_seed1,full,1,30000,8790,0.08887765419615773,0.06707428097724914,0.00011722089402610436,8.471044517833297e-07
sft_full_seed1,full,1,30000,8800,0.08897876643073811,0.5008664131164551,2.8238959203008562e-05,8.467075330211473e-07
sft_full_seed1,full,1,30000,8810,0.08907987866531851,0.20636212825775146,113.19374084472656,8.463101929766196e-07
sft_full_seed1,full,1,30000,8820,0.0891809908998989,0.5327001571655273,3.290996392024681e-05,8.459124321325527e-07
sft_full_seed1,full,1,30000,8830,0.08928210313447928,0.4982154369354248,164.40211486816406,8.455142509722634e-07
sft_full_seed1,full,1,30000,8840,0.08938321536905966,0.003347281366586685,0.0006138484459370375,8.451156499795791e-07
sft_full_seed1,full,1,30000,8850,0.08948432760364004,0.7087400913238525,0.48449304699897766,8.44716629638838e-07
sft_full_seed1,full,1,30000,8860,0.08958543983822043,0.9588971138000488,5.006503488402814e-05,8.443171904348872e-07
sft_full_seed1,full,1,30000,8870,0.08968655207280081,0.7461352825164795,0.20219586789608002,8.439173328530828e-07
sft_full_seed1,full,1,30000,8880,0.0897876643073812,0.07675941586494446,3.4228218282805756e-05,8.4351705737929e-07
sft_full_seed1,full,1,30000,8890,0.08988877654196158,0.5034528732299804,3.4931301343021914e-05,8.431163644998806e-07
sft_full_seed1,full,1,30000,8900,0.08998988877654196,1.351170825958252,10.364363670349121,8.427152547017349e-07
sft_full_seed1,full,1,30000,8910,0.09009100101112234,0.1310804843902588,0.0013750710058957338,8.423137284722388e-07
sft_full_seed1,full,1,30000,8920,0.09019211324570273,0.6222212791442872,3.634907625382766e-05,8.419117862992844e-07
sft_full_seed1,full,1,30000,8930,0.09029322548028311,0.0001935100881382823,6.538532761624083e-05,8.415094286712694e-07
sft_full_seed1,full,1,30000,8940,0.09039433771486349,0.00018817373784258963,0.39738571643829346,8.411066560770964e-07
sft_full_seed1,full,1,30000,8950,0.09049544994944388,0.7806059837341308,127.0800552368164,8.40703469006172e-07
sft_full_seed1,full,1,30000,8960,0.09059656218402427,0.6998179912567138,77.14125061035156,8.402998679484067e-07
sft_full_seed1,full,1,30000,8970,0.09069767441860466,0.3034093141555786,0.0001653225626796484,8.398958533942135e-07
sft_full_seed1,full,1,30000,8980,0.09079878665318504,0.13409786224365233,9.481887536821887e-05,8.394914258345083e-07
sft_full_seed1,full,1,30000,8990,0.09089989888776542,0.06206092834472656,0.0061574350111186504,8.390865857607088e-07
sft_full_seed1,full,1,30000,9000,0.0910010111223458,0.0027356378734111784,0.009522400796413422,8.386813336647338e-07
sft_full_seed1,full,1,30000,9010,0.09110212335692619,0.07108910083770752,0.5684008002281189,8.382756700390029e-07
sft_full_seed1,full,1,30000,9020,0.09120323559150657,0.4896423816680908,4.081943511962891,8.378695953764355e-07
sft_full_seed1,full,1,30000,9030,0.09130434782608696,0.44838223457336424,2.7616186343948357e-05,8.374631101704508e-07
sft_full_seed1,full,1,30000,9040,0.09140546006066734,0.42216124534606936,2.5913201170624234e-05,8.370562149149665e-07
sft_full_seed1,full,1,30000,9050,0.09150657229524772,0.00038280359003692863,3.457087223068811e-05,8.366489101043988e-07
sft_full_seed1,full,1,30000,9060,0.0916076845298281,0.36928548812866213,130.57826232910156,8.362411962336613e-07
sft_full_seed1,full,1,30000,9070,0.09170879676440849,0.5152410984039306,3.493389522191137e-05,8.35833073798165e-07
sft_full_seed1,full,1,30000,9080,0.09180990899898887,0.22168002128601075,0.0003846740582957864,8.35424543293817e-07
sft_full_seed1,full,1,30000,9090,0.09191102123356926,0.2796387434005737,0.4509037733078003,8.350156052170205e-07
sft_full_seed1,full,1,30000,9100,0.09201213346814964,0.5815184593200684,2.952942122647073e-05,8.346062600646737e-07
sft_full_seed1,full,1,30000,9110,0.09211324570273004,0.9635348320007324,0.005776877980679274,8.341965083341696e-07
sft_full_seed1,full,1,30000,9120,0.09221435793731042,0.1110601544380188,0.320411741733551,8.337863505233953e-07
sft_full_seed1,full,1,30000,9130,0.0923154701718908,0.20850305557250975,4.072604497196153e-05,8.333757871307309e-07
sft_full_seed1,full,1,30000,9140,0.09241658240647119,0.012949709594249726,0.0015667269472032785,8.329648186550499e-07
sft_full_seed1,full,1,30000,9150,0.09251769464105157,0.48808879852294923,3.809988629654981e-05,8.325534455957179e-07
sft_full_seed1,full,1,30000,9160,0.09261880687563195,0.343996262550354,5.756352766184136e-05,8.321416684525916e-07
sft_full_seed1,full,1,30000,9170,0.09271991911021234,0.5130435943603515,1.5486011505126953,8.317294877260193e-07
sft_full_seed1,full,1,30000,9180,0.09282103134479272,0.5015160083770752,2.7477273761178367e-05,8.313169039168393e-07
sft_full_seed1,full,1,30000,9190,0.0929221435793731,0.45809736251831057,0.6899510622024536,8.309039175263799e-07
sft_full_seed1,full,1,30000,9200,0.09302325581395349,0.09963326454162598,0.15167270600795746,8.304905290564585e-07
sft_full_seed1,full,1,30000,9210,0.09312436804853387,0.2919346332550049,3.178701808792539e-05,8.300767390093812e-07
sft_full_seed1,full,1,30000,9220,0.09322548028311425,0.011855433136224747,8.439409255981445,8.296625478879416e-07
sft_full_seed1,full,1,30000,9230,0.09332659251769464,0.3375704288482666,0.300608366727829,8.292479561954213e-07
sft_full_seed1,full,1,30000,9240,0.09342770475227502,0.3524874210357666,180.56736755371094,8.288329644355882e-07
sft_full_seed1,full,1,30000,9250,0.0935288169868554,0.29207119941711424,0.000320417428156361,8.284175731126963e-07
sft_full_seed1,full,1,30000,9260,0.09362992922143579,0.41060924530029297,76.15858459472656,8.280017827314853e-07
sft_full_seed1,full,1,30000,9270,0.09373104145601618,0.15344806909561157,3.1832205422688276e-05,8.275855937971798e-07
sft_full_seed1,full,1,30000,9280,0.09383215369059657,0.325944185256958,0.9724262356758118,8.271690068154886e-07
sft_full_seed1,full,1,30000,9290,0.09393326592517695,0.023727507889270784,83.4886474609375,8.26752022292604e-07
sft_full_seed1,full,1,30000,9300,0.09403437815975733,0.7721474647521973,96.72476196289062,8.263346407352016e-07
sft_full_seed1,full,1,30000,9310,0.09413549039433772,0.12401410341262817,0.0019335871329531074,8.259168626504393e-07
sft_full_seed1,full,1,30000,9320,0.0942366026289181,0.25490536689758303,2.4254288291558623e-05,8.254986885459571e-07
sft_full_seed1,full,1,30000,9330,0.09433771486349848,0.6192780494689941,0.05780331417918205,8.250801189298758e-07
sft_full_seed1,full,1,30000,9340,0.09443882709807887,0.5433514595031739,3.0506529583362862e-05,8.246611543107966e-07
sft_full_seed1,full,1,30000,9350,0.09453993933265925,1.2883086204528809,99.39094543457031,8.242417951978018e-07
sft_full_seed1,full,1,30000,9360,0.09464105156723963,0.6974350929260253,2.9692020689253695e-05,8.238220421004516e-07
sft_full_seed1,full,1,30000,9370,0.09474216380182002,0.3294903993606567,0.0006067932117730379,8.234018955287859e-07
sft_full_seed1,full,1,30000,9380,0.0948432760364004,0.1083375096321106,43.84556579589844,8.229813559933223e-07
sft_full_seed1,full,1,30000,9390,0.09494438827098078,0.21702327728271484,0.0012287431163713336,8.225604240050559e-07
sft_full_seed1,full,1,30000,9400,0.09504550050556117,0.15068224668502808,101.61136627197266,8.22139100075459e-07
sft_full_seed1,full,1,30000,9410,0.09514661274014155,0.5681791305541992,4.97100830078125,8.217173847164798e-07
sft_full_seed1,full,1,30000,9420,0.09524772497472195,0.7693150997161865,0.0006976531585678458,8.212952784405422e-07
sft_full_seed1,full,1,30000,9430,0.09534883720930233,0.021087735891342163,0.00017885274428408593,8.208727817605451e-07
sft_full_seed1,full,1,30000,9440,0.09544994944388271,0.0005036039743572474,0.33470913767814636,8.204498951898618e-07
sft_full_seed1,full,1,30000,9450,0.0955510616784631,0.3465362310409546,168.8206024169922,8.200266192423394e-07
sft_full_seed1,full,1,30000,9460,0.09565217391304348,0.45851821899414064,0.014851412735879421,8.196029544322981e-07
sft_full_seed1,full,1,30000,9470,0.09575328614762386,0.3734699249267578,180.77557373046875,8.191789012745305e-07
sft_full_seed1,full,1,30000,9480,0.09585439838220425,0.329400634765625,1.0298690795898438,8.187544602843014e-07
sft_full_seed1,full,1,30000,9490,0.09595551061678463,0.6854766368865967,0.024116812273859978,8.183296319773465e-07
sft_full_seed1,full,1,30000,9500,0.09605662285136501,0.3712314128875732,8.447375297546387,8.17904416869872e-07
sft_full_seed1,full,1,30000,9510,0.0961577350859454,0.45817718505859373,122.38226318359375,8.174788154785547e-07
sft_full_seed1,full,1,30000,9520,0.09625884732052578,0.12057044506072997,115.01263427734375,8.170528283205402e-07
sft_full_seed1,full,1,30000,9530,0.09635995955510616,0.22375409603118895,0.333294153213501,8.166264559134434e-07
sft_full_seed1,full,1,30000,9540,0.09646107178968655,0.37663347721099855,0.5430936813354492,8.161996987753465e-07
sft_full_seed1,full,1,30000,9550,0.09656218402426693,0.8491436958312988,2.4026840037549846e-05,8.157725574248e-07
sft_full_seed1,full,1,30000,9560,0.09666329625884731,0.19304729700088502,2.404702663421631,8.153450323808209e-07
sft_full_seed1,full,1,30000,9570,0.09676440849342771,1.0009419441223144,0.12792648375034332,8.149171241628923e-07
sft_full_seed1,full,1,30000,9580,0.0968655207280081,0.00919189229607582,0.04330883175134659,8.14488833290963e-07
sft_full_seed1,full,1,30000,9590,0.09696663296258848,0.3625609874725342,0.012444241903722286,8.14060160285447e-07
sft_full_seed1,full,1,30000,9600,0.09706774519716886,0.556695556640625,0.5614266395568848,8.136311056672223e-07
sft_full_seed1,full,1,30000,9610,0.09716885743174924,0.09533374309539795,154.8352508544922,8.132016699576307e-07
sft_full_seed1,full,1,30000,9620,0.09726996966632963,0.0004381160717457533,0.0023787703830748796,8.127718536784771e-07
sft_full_seed1,full,1,30000,9630,0.09737108190091001,0.24120135307312013,0.005451136734336615,8.123416573520289e-07
sft_full_seed1,full,1,30000,9640,0.0974721941354904,0.6866219520568848,0.19706404209136963,8.119110815010151e-07
sft_full_seed1,full,1,30000,9650,0.09757330637007078,0.6576048851013183,152.92982482910156,8.11480126648626e-07
sft_full_seed1,full,1,30000,9660,0.09767441860465116,0.4573060035705566,2.8210843083797954e-05,8.110487933185121e-07
sft_full_seed1,full,1,30000,9670,0.09777553083923154,0.061071401834487914,0.0006357705569826066,8.106170820347847e-07
sft_full_seed1,full,1,30000,9680,0.09787664307381193,0.320153021812439,3.513930641929619e-05,8.101849933220132e-07
sft_full_seed1,full,1,30000,9690,0.09797775530839231,1.3627355575561524,3.9527949411422014e-05,8.097525277052263e-07
sft_full_seed1,full,1,30000,9700,0.0980788675429727,0.07955309748649597,3.5971896648406982,8.093196857099105e-07
sft_full_seed1,full,1,30000,9710,0.09817997977755308,0.03601382970809937,3.92652909795288e-05,8.088864678620096e-07
sft_full_seed1,full,1,30000,9720,0.09828109201213346,0.3233844041824341,4.342039756011218e-05,8.084528746879242e-07
sft_full_seed1,full,1,30000,9730,0.09838220424671386,0.022821520268917084,2.4152974219759926e-05,8.080189067145106e-07
sft_full_seed1,full,1,30000,9740,0.09848331648129424,0.2793867588043213,0.010602578520774841,8.075845644690813e-07
sft_full_seed1,full,1,30000,9750,0.09858442871587463,0.17256823778152466,3.3019607067108154,8.071498484794029e-07
sft_full_seed1,full,1,30000,9760,0.09868554095045501,0.35625884532928465,2.482781019352842e-05,8.067147592736962e-07
sft_full_seed1,full,1,30000,9770,0.09878665318503539,0.6025838375091552,7.128962897695601e-05,8.062792973806356e-07
sft_full_seed1,full,1,30000,9780,0.09888776541961578,0.055165833234786986,0.00011710557737387717,8.058434633293485e-07
sft_full_seed1,full,1,30000,9790,0.09898887765419616,0.5702495098114013,0.0020694180857390165,8.054072576494142e-07
sft_full_seed1,full,1,30000,9800,0.09908998988877654,0.9471523284912109,152.27687072753906,8.049706808708639e-07
sft_full_seed1,full,1,30000,9810,0.09919110212335693,0.4559913635253906,0.03823401406407356,8.045337335241793e-07
sft_full_seed1,full,1,30000,9820,0.09929221435793731,0.3617353677749634,91.53660583496094,8.040964161402931e-07
sft_full_seed1,full,1,30000,9830,0.09939332659251769,0.8334755897521973,0.005900742951780558,8.036587292505868e-07
sft_full_seed1,full,1,30000,9840,0.09949443882709808,0.28753492832183836,2.732692337303888e-05,8.032206733868911e-07
sft_full_seed1,full,1,30000,9850,0.09959555106167846,0.21090326309204102,2.6217978302156553e-05,8.027822490814857e-07
sft_full_seed1,full,1,30000,9860,0.09969666329625884,0.4194025993347168,1.9080801010131836,8.023434568670971e-07
sft_full_seed1,full,1,30000,9870,0.09979777553083923,0.04407860636711121,0.0001488948182668537,8.019042972768991e-07
sft_full_seed1,full,1,30000,9880,0.09989888776541962,0.3852461576461792,7.368541992036626e-05,8.014647708445124e-07
sft_full_seed1,full,1,30000,9890,0.1,1.2775079727172851,210.00148010253906,8.010248781040027e-07
sft_full_seed1,full,1,30000,9900,0.10010111223458039,0.0003317710477858782,0.16824501752853394,8.005846195898813e-07
sft_full_seed1,full,1,30000,9910,0.10020222446916077,0.568113899230957,0.04918425902724266,8.001439958371039e-07
sft_full_seed1,full,1,30000,9920,0.10030333670374116,0.02089715301990509,2.8946604288648814e-05,7.997030073810698e-07
sft_full_seed1,full,1,30000,9930,0.10040444893832154,0.0017355455085635186,0.16854651272296906,7.992616547576217e-07
sft_full_seed1,full,1,30000,9940,0.10050556117290192,0.019314691424369812,0.01966027542948723,7.988199385030444e-07
sft_full_seed1,full,1,30000,9950,0.1006066734074823,0.2690598726272583,0.002630643080919981,7.98377859154065e-07
sft_full_seed1,full,1,30000,9960,0.10070778564206269,0.8034616470336914,217.32688903808594,7.979354172478515e-07
sft_full_seed1,full,1,30000,9970,0.10080889787664307,0.196026074886322,0.0002531202626414597,7.974926133220126e-07
sft_full_seed1,full,1,30000,9980,0.10091001011122346,0.40825300216674804,158.8358612060547,7.970494479145967e-07
sft_full_seed1,full,1,30000,9990,0.10101112234580384,0.1834808349609375,0.0008399829966947436,7.966059215640918e-07
sft_full_seed1,full,1,30000,10000,0.10111223458038422,0.48920440673828125,176.5540771484375,7.96162034809424e-07
sft_full_seed1,full,1,30000,10010,0.1012133468149646,0.21315910816192626,155.56869506835938,7.957177881899577e-07
sft_full_seed1,full,1,30000,10020,0.10131445904954499,0.1918098211288452,0.0003499592421576381,7.952731822454943e-07
sft_full_seed1,full,1,30000,10030,0.10141557128412539,0.6083926677703857,0.009843372739851475,7.948282175162722e-07
sft_full_seed1,full,1,30000,10040,0.10151668351870577,0.5463715553283691,2.985379433084745e-05,7.943828945429651e-07
sft_full_seed1,full,1,30000,10050,0.10161779575328615,0.5041414260864258,0.012894523330032825,7.939372138666827e-07
sft_full_seed1,full,1,30000,10060,0.10171890798786654,0.21731810569763182,1.537106990814209,7.934911760289691e-07
sft_full_seed1,full,1,30000,10070,0.10182002022244692,0.4865621566772461,168.8287811279297,7.930447815718021e-07
sft_full_seed1,full,1,30000,10080,0.1019211324570273,0.6685545921325684,2.4105494958348572e-05,7.925980310375932e-07
sft_full_seed1,full,1,30000,10090,0.10202224469160769,0.1176680564880371,3.409918645047583e-05,7.921509249691864e-07
sft_full_seed1,full,1,30000,10100,0.10212335692618807,0.43415017127990724,33.36501693725586,7.917034639098577e-07
sft_full_seed1,full,1,30000,10110,0.10222446916076845,0.6585678100585938,2.9498542062356137e-05,7.912556484033146e-07
sft_full_seed1,full,1,30000,10120,0.10232558139534884,0.38845794200897216,0.12959358096122742,7.908074789936951e-07
sft_full_seed1,full,1,30000,10130,0.10242669362992922,0.8591454505920411,64.670654296875,7.903589562255672e-07
sft_full_seed1,full,1,30000,10140,0.1025278058645096,0.21997227668762206,211.25030517578125,7.899100806439285e-07
sft_full_seed1,full,1,30000,10150,0.10262891809908999,0.977628517150879,141.68142700195312,7.894608527942049e-07
sft_full_seed1,full,1,30000,10160,0.10273003033367037,0.2536752939224243,2.2564130631508306e-05,7.890112732222509e-07
sft_full_seed1,full,1,30000,10170,0.10283114256825075,0.00010603194823488593,2.491397208359558e-05,7.88561342474348e-07
sft_full_seed1,full,1,30000,10180,0.10293225480283114,0.37083888053894043,5.571792280534282e-05,7.881110610972044e-07
sft_full_seed1,full,1,30000,10190,0.10303336703741153,0.9189990043640137,0.01133564580231905,7.876604296379543e-07
sft_full_seed1,full,1,30000,10200,0.10313447927199192,0.42046127319335935,3.875916004180908,7.872094486441578e-07
sft_full_seed1,full,1,30000,10210,0.1032355915065723,0.0010585403069853783,0.0006100509199313819,7.86758118663799e-07
sft_full_seed1,full,1,30000,10220,0.10333670374115268,0.023343792557716368,0.030270608142018318,7.863064402452866e-07
sft_full_seed1,full,1,30000,10230,0.10343781597573307,0.24747090339660643,14.35166072845459,7.858544139374523e-07
sft_full_seed1,full,1,30000,10240,0.10353892821031345,0.17619495391845702,39.90082931518555,7.854020402895507e-07
sft_full_seed1,full,1,30000,10250,0.10364004044489383,1.3792207717895508,171.7433319091797,7.849493198512587e-07
sft_full_seed1,full,1,30000,10260,0.10374115267947422,0.17929935455322266,2.9102788175805472e-05,7.844962531726739e-07
sft_full_seed1,full,1,30000,10270,0.1038422649140546,0.2709976673126221,0.008823961950838566,7.840428408043154e-07
sft_full_seed1,full,1,30000,10280,0.10394337714863498,0.25014119148254393,0.23939500749111176,7.835890832971217e-07
sft_full_seed1,full,1,30000,10290,0.10404448938321537,0.5111627101898193,12.23737621307373,7.831349812024512e-07
sft_full_seed1,full,1,30000,10300,0.10414560161779575,0.11149232387542725,0.007364288438111544,7.826805350720807e-07
sft_full_seed1,full,1,30000,10310,0.10424671385237613,0.5701054096221924,3.36657976731658e-05,7.822257454582048e-07
sft_full_seed1,full,1,30000,10320,0.10434782608695652,0.1533725380897522,214.29835510253906,7.817706129134363e-07
sft_full_seed1,full,1,30000,10330,0.1044489383215369,0.2928358316421509,0.0008008318836800754,7.813151379908037e-07
sft_full_seed1,full,1,30000,10340,0.1045500505561173,0.08624575734138488,21.237640380859375,7.808593212437522e-07
sft_full_seed1,full,1,30000,10350,0.10465116279069768,0.2730114459991455,3.050730811082758e-05,7.80403163226142e-07
sft_full_seed1,full,1,30000,10360,0.10475227502527806,0.4151282787322998,9.285087585449219,7.799466644922483e-07
sft_full_seed1,full,1,30000,10370,0.10485338725985845,1.086535930633545,150.1146240234375,7.794898255967602e-07
sft_full_seed1,full,1,30000,10380,0.10495449949443883,0.10963698625564575,3.093590567004867e-05,7.790326470947794e-07
sft_full_seed1,full,1,30000,10390,0.10505561172901921,0.00011681021424010396,0.0004293559759389609,7.785751295418216e-07
sft_full_seed1,full,1,30000,10400,0.1051567239635996,0.4095151901245117,7.417859160341322e-05,7.781172734938135e-07
sft_full_seed1,full,1,30000,10410,0.10525783619817998,0.23696799278259278,3.0211655030143447e-05,7.776590795070932e-07
sft_full_seed1,full,1,30000,10420,0.10535894843276036,0.5875564575195312,102.68895721435547,7.772005481384099e-07
sft_full_seed1,full,1,30000,10430,0.10546006066734075,0.5004344463348389,165.15185546875,7.767416799449222e-07
sft_full_seed1,full,1,30000,10440,0.10556117290192113,0.029304581880569457,0.0001634795480640605,7.762824754841984e-07
sft_full_seed1,full,1,30000,10450,0.10566228513650151,0.6319843769073487,0.0009905544575303793,7.758229353142152e-07
sft_full_seed1,full,1,30000,10460,0.1057633973710819,0.000989856943488121,3.66523236152716e-05,7.75363059993357e-07
sft_full_seed1,full,1,30000,10470,0.10586450960566228,0.0022910341620445253,0.014661382883787155,7.74902850080416e-07
sft_full_seed1,full,1,30000,10480,0.10596562184024266,0.18214616775512696,178.36944580078125,7.744423061345905e-07
sft_full_seed1,full,1,30000,10490,0.10606673407482306,0.2916955709457397,203.5989990234375,7.739814287154849e-07
sft_full_seed1,full,1,30000,10500,0.10616784630940344,0.6989100933074951,0.03683418780565262,7.735202183831084e-07
sft_full_seed1,full,1,30000,10510,0.10626895854398383,0.5720469951629639,0.000893075077328831,7.730586756978756e-07
sft_full_seed1,full,1,30000,10520,0.10637007077856421,0.2123561143875122,2.834090446413029e-05,7.725968012206039e-07
sft_full_seed1,full,1,30000,10530,0.1064711830131446,0.551395034790039,149.5276641845703,7.721345955125146e-07
sft_full_seed1,full,1,30000,10540,0.10657229524772498,1.3889948604628444e-05,0.0005044496501795948,7.716720591352311e-07
sft_full_seed1,full,1,30000,10550,0.10667340748230536,0.46620707511901854,105.66839599609375,7.712091926507787e-07
sft_full_seed1,full,1,30000,10560,0.10677451971688574,0.0846605658531189,114.80921173095703,7.707459966215839e-07
sft_full_seed1,full,1,30000,10570,0.10687563195146613,0.42116665840148926,158.165771484375,7.702824716104735e-07
sft_full_seed1,full,1,30000,10580,0.10697674418604651,0.04777779579162598,2.621361017227173,7.698186181806743e-07
sft_full_seed1,full,1,30000,10590,0.1070778564206269,0.6410159587860107,7.521689258283004e-05,7.693544368958116e-07
sft_full_seed1,full,1,30000,10600,0.10717896865520728,0.2769052505493164,2.755167952273041e-05,7.688899283199096e-07
sft_full_seed1,full,1,30000,10610,0.10728008088978766,0.0011841846629977227,1.9600656032562256,7.684250930173901e-07
sft_full_seed1,full,1,30000,10620,0.10738119312436804,0.42378435134887693,187.69778442382812,7.679599315530717e-07
sft_full_seed1,full,1,30000,10630,0.10748230535894843,0.840854549407959,2.585376932984218e-05,7.674944444921695e-07
sft_full_seed1,full,1,30000,10640,0.10758341759352881,0.8440956115722656,120.31607818603516,7.670286324002942e-07
sft_full_seed1,full,1,30000,10650,0.10768452982810921,0.22032430171966552,150.34169006347656,7.665624958434514e-07
sft_full_seed1,full,1,30000,10660,0.10778564206268959,0.7159177780151367,3.730993194039911e-05,7.660960353880409e-07
sft_full_seed1,full,1,30000,10670,0.10788675429726997,0.007676859945058822,33.18727493286133,7.656292516008562e-07
sft_full_seed1,full,1,30000,10680,0.10798786653185036,0.04020873606204987,0.20051927864551544,7.651621450490837e-07
sft_full_seed1,full,1,30000,10690,0.10808897876643074,0.9794933319091796,100.29096221923828,7.646947163003016e-07
sft_full_seed1,full,1,30000,10700,0.10819009100101112,0.6011693954467774,66.96363830566406,7.642269659224803e-07
sft_full_seed1,full,1,30000,10710,0.10829120323559151,0.5392762660980225,164.80029296875,7.637588944839802e-07
sft_full_seed1,full,1,30000,10720,0.10839231547017189,0.1503766655921936,117.41597747802734,7.632905025535528e-07
sft_full_seed1,full,1,30000,10730,0.10849342770475227,0.400654935836792,2.9933360565337352e-05,7.628217907003378e-07
sft_full_seed1,full,1,30000,10740,0.10859453993933266,0.16033173799514772,81.00660705566406,7.623527594938648e-07
sft_full_seed1,full,1,30000,10750,0.10869565217391304,0.4767590045928955,141.0931854248047,7.618834095040507e-07
sft_full_seed1,full,1,30000,10760,0.10879676440849342,0.39958035945892334,53.61212158203125,7.614137413012e-07
sft_full_seed1,full,1,30000,10770,0.10889787664307381,0.6512460708618164,123.55720520019531,7.609437554560041e-07
sft_full_seed1,full,1,30000,10780,0.10899898887765419,0.3781649112701416,131.039794921875,7.604734525395398e-07
sft_full_seed1,full,1,30000,10790,0.10910010111223457,0.7403902530670166,78.05929565429688,7.600028331232697e-07
sft_full_seed1,full,1,30000,10800,0.10920121334681497,0.004926577582955361,3.48161775036715e-05,7.595318977790407e-07
sft_full_seed1,full,1,30000,10810,0.10930232558139535,0.32103781700134276,132.1876983642578,7.590606470790835e-07
sft_full_seed1,full,1,30000,10820,0.10940343781597574,0.33233487606048584,9.60807991027832,7.585890815960124e-07
sft_full_seed1,full,1,30000,10830,0.10950455005055612,0.28460962772369386,4.1184441215591505e-05,7.581172019028236e-07
sft_full_seed1,full,1,30000,10840,0.1096056622851365,0.10964545011520385,0.004120430443435907,7.576450085728958e-07
sft_full_seed1,full,1,30000,10850,0.10970677451971689,0.044201844930648805,0.000799153174739331,7.571725021799884e-07
sft_full_seed1,full,1,30000,10860,0.10980788675429727,0.5201857566833497,0.0003089679521508515,7.566996832982408e-07
sft_full_seed1,full,1,30000,10870,0.10990899898887765,0.15320346355438233,0.0005923937424086034,7.562265525021729e-07
sft_full_seed1,full,1,30000,10880,0.11001011122345804,0.312207555770874,4.658636680687778e-05,7.557531103666832e-07
sft_full_seed1,full,1,30000,10890,0.11011122345803842,0.5456253051757812,0.010529004968702793,7.552793574670484e-07
sft_full_seed1,full,1,30000,10900,0.1102123356926188,0.719863748550415,84.67041778564453,7.548052943789229e-07
sft_full_seed1,full,1,30000,10910,0.11031344792719919,0.007587817311286926,2.8782962544937618e-05,7.543309216783384e-07
sft_full_seed1,full,1,30000,10920,0.11041456016177957,0.7772657394409179,216.011474609375,7.53856239941702e-07
sft_full_seed1,full,1,30000,10930,0.11051567239635995,0.015153028070926666,0.00505436584353447,7.533812497457971e-07
sft_full_seed1,full,1,30000,10940,0.11061678463094034,0.519092607498169,3.437370469328016e-05,7.529059516677814e-07
sft_full_seed1,full,1,30000,10950,0.11071789686552073,0.43871779441833497,2.940766171377618e-05,7.52430346285187e-07
sft_full_seed1,full,1,30000,10960,0.11081900910010112,0.010909567773342132,0.03130565956234932,7.519544341759192e-07
sft_full_seed1,full,1,30000,10970,0.1109201213346815,0.3588196516036987,2.238809823989868,7.514782159182561e-07
sft_full_seed1,full,1,30000,10980,0.11102123356926188,1.2111284255981445,0.0003536954172886908,7.51001692090848e-07
sft_full_seed1,full,1,30000,10990,0.11112234580384227,0.08608017563819885,0.06107150763273239,7.505248632727158e-07
sft_full_seed1,full,1,30000,11000,0.11122345803842265,0.4062183856964111,2.329766721231863e-05,7.50047730043252e-07
sft_full_seed1,full,1,30000,11010,0.11132457027300303,0.3444277048110962,2.503385803720448e-05,7.495702929822181e-07
sft_full_seed1,full,1,30000,11020,0.11142568250758342,0.15765188932418822,2.581216812133789,7.490925526697454e-07
sft_full_seed1,full,1,30000,11030,0.1115267947421638,0.9134231567382812,115.29570007324219,7.486145096863334e-07
sft_full_seed1,full,1,30000,11040,0.11162790697674418,0.13137651681900026,3.5271819797344506e-05,7.48136164612849e-07
sft_full_seed1,full,1,30000,11050,0.11172901921132457,0.011445780843496322,0.00024799947277642787,7.47657518030527e-07
sft_full_seed1,full,1,30000,11060,0.11183013144590495,0.029371994733810424,86.67791748046875,7.471785705209681e-07
sft_full_seed1,full,1,30000,11070,0.11193124368048533,0.33229186534881594,28.286773681640625,7.466993226661386e-07
sft_full_seed1,full,1,30000,11080,0.11203235591506572,0.34975485801696776,136.27996826171875,7.462197750483698e-07
sft_full_seed1,full,1,30000,11090,0.1121334681496461,0.3899818420410156,20.930742263793945,7.457399282503573e-07
sft_full_seed1,full,1,30000,11100,0.1122345803842265,0.10959981679916382,2.3606187824043445e-05,7.452597828551603e-07
sft_full_seed1,full,1,30000,11110,0.11233569261880688,0.7320025444030762,114.16971588134766,7.447793394462005e-07
sft_full_seed1,full,1,30000,11120,0.11243680485338726,0.7125860691070557,0.0028066537342965603,7.442985986072623e-07
sft_full_seed1,full,1,30000,11130,0.11253791708796765,0.7856215476989746,2.8763463497161865,7.438175609224907e-07
sft_full_seed1,full,1,30000,11140,0.11263902932254803,0.3351050853729248,2.7685725688934326,7.433362269763923e-07
sft_full_seed1,full,1,30000,11150,0.11274014155712841,0.1721772074699402,2.461962321831379e-05,7.428545973538328e-07
sft_full_seed1,full,1,30000,11160,0.1128412537917088,0.8547863960266113,17.790023803710938,7.42372672640038e-07
sft_full_seed1,full,1,30000,11170,0.11294236602628918,0.4692685127258301,100.46878814697266,7.418904534205916e-07
sft_full_seed1,full,1,30000,11180,0.11304347826086956,0.421640682220459,126.72418975830078,7.414079402814355e-07
sft_full_seed1,full,1,30000,11190,0.11314459049544995,0.4529556751251221,2.9343587812036276e-05,7.409251338088687e-07
sft_full_seed1,full,1,30000,11200,0.11324570273003033,0.3105098962783813,2.5695775548228994e-05,7.404420345895465e-07
sft_full_seed1,full,1,30000,11210,0.11334681496461071,0.14216026067733764,0.0008955996599979699,7.399586432104803e-07
sft_full_seed1,full,1,30000,11220,0.1134479271991911,0.4744443893432617,187.8015594482422,7.394749602590358e-07
sft_full_seed1,full,1,30000,11230,0.11354903943377148,0.24709670543670653,176.26190185546875,7.389909863229336e-07
sft_full_seed1,full,1,30000,11240,0.11365015166835186,0.3416915416717529,0.0003701017703860998,7.385067219902476e-07
sft_full_seed1,full,1,30000,11250,0.11375126390293225,0.0015654446557164191,0.009777180850505829,7.380221678494048e-07
sft_full_seed1,full,1,30000,11260,0.11385237613751265,0.3191061973571777,8.48259162902832,7.375373244891839e-07
sft_full_seed1,full,1,30000,11270,0.11395348837209303,0.5245067596435546,9.322525147581473e-05,7.370521924987154e-07
sft_full_seed1,full,1,30000,11280,0.11405460060667341,0.4188343048095703,35.008296966552734,7.365667724674806e-07
sft_full_seed1,full,1,30000,11290,0.1141557128412538,0.12261754274368286,6.177707109600306e-05,7.360810649853104e-07
sft_full_seed1,full,1,30000,11300,0.11425682507583418,0.09290241599082946,17.250272750854492,7.355950706423852e-07
sft_full_seed1,full,1,30000,11310,0.11435793731041456,0.3177516937255859,0.0015439091948792338,7.35108790029234e-07
sft_full_seed1,full,1,30000,11320,0.11445904954499495,0.2277836322784424,0.0016550511354580522,7.346222237367338e-07
sft_full_seed1,full,1,30000,11330,0.11456016177957533,0.4203383445739746,112.54766845703125,7.341353723561081e-07
sft_full_seed1,full,1,30000,11340,0.11466127401415571,1.1619850158691407,0.006825277581810951,7.336482364789276e-07
sft_full_seed1,full,1,30000,11350,0.1147623862487361,0.3750669717788696,0.00011925734725082293,7.331608166971082e-07
sft_full_seed1,full,1,30000,11360,0.11486349848331648,0.00013175893109291793,0.0023040773812681437,7.326731136029107e-07
sft_full_seed1,full,1,30000,11370,0.11496461071789686,0.009870672971010208,2.8444310373743065e-05,7.321851277889407e-07
sft_full_seed1,full,1,30000,11380,0.11506572295247725,0.24667026996612548,0.003601884236559272,7.316968598481469e-07
sft_full_seed1,full,1,30000,11390,0.11516683518705763,0.6061612606048584,120.0986328125,7.312083103738206e-07
sft_full_seed1,full,1,30000,11400,0.11526794742163801,0.4041904926300049,0.00018681307847145945,7.307194799595957e-07
sft_full_seed1,full,1,30000,11410,0.11536905965621841,0.2643021821975708,0.37031474709510803,7.302303691994472e-07
sft_full_seed1,full,1,30000,11420,0.11547017189079879,0.5682460784912109,2.143075835192576e-05,7.297409786876909e-07
sft_full_seed1,full,1,30000,11430,0.11557128412537918,0.37984380722045896,3.110441321041435e-05,7.292513090189824e-07
sft_full_seed1,full,1,30000,11440,0.11567239635995956,0.2887914180755615,0.00016483961371704936,7.287613607883163e-07
sft_full_seed1,full,1,30000,11450,0.11577350859453994,0.374895977973938,2.231817416031845e-05,7.282711345910262e-07
sft_full_seed1,full,1,30000,11460,0.11587462082912033,1.0838062286376953,2.7375961508369073e-05,7.277806310227829e-07
sft_full_seed1,full,1,30000,11470,0.11597573306370071,0.07245261669158935,0.00018285447731614113,7.272898506795947e-07
sft_full_seed1,full,1,30000,11480,0.11607684529828109,0.1922781229019165,0.609625518321991,7.267987941578058e-07
sft_full_seed1,full,1,30000,11490,0.11617795753286148,0.0838075578212738,3.984304203186184e-05,7.263074620540962e-07
sft_full_seed1,full,1,30000,11500,0.11627906976744186,0.2670816659927368,0.0009592719725333154,7.258158549654809e-07
sft_full_seed1,full,1,30000,11510,0.11638018200202224,0.8329968452453613,3.3451786293881014e-05,7.253239734893088e-07
sft_full_seed1,full,1,30000,11520,0.11648129423660263,0.33811929225921633,1.907985806465149,7.248318182232623e-07
sft_full_seed1,full,1,30000,11530,0.11658240647118301,0.5767282962799072,0.0003038582799490541,7.243393897653564e-07
sft_full_seed1,full,1,30000,11540,0.11668351870576339,0.5772840023040772,182.63699340820312,7.238466887139379e-07
sft_full_seed1,full,1,30000,11550,0.11678463094034378,0.0586464524269104,0.11492868512868881,7.233537156676853e-07
sft_full_seed1,full,1,30000,11560,0.11688574317492417,0.04807009100914002,3.520520112942904e-05,7.228604712256074e-07
sft_full_seed1,full,1,30000,11570,0.11698685540950456,0.44098653793334963,0.0005184751935303211,7.223669559870426e-07
sft_full_seed1,full,1,30000,11580,0.11708796764408494,0.4328767776489258,0.0010311366058886051,7.218731705516584e-07
sft_full_seed1,full,1,30000,11590,0.11718907987866532,0.5596695423126221,0.00014078637468628585,7.213791155194508e-07
sft_full_seed1,full,1,30000,11600,0.1172901921132457,0.21032338142395018,171.0067138671875,7.20884791490743e-07
sft_full_seed1,full,1,30000,11610,0.11739130434782609,0.9836516380310059,3.004176869580988e-05,7.203901990661856e-07
sft_full_seed1,full,1,30000,11620,0.11749241658240647,0.010505387187004089,0.001131085678935051,7.198953388467548e-07
sft_full_seed1,full,1,30000,11630,0.11759352881698686,0.38842461109161375,0.00025252517662011087,7.194002114337525e-07
sft_full_seed1,full,1,30000,11640,0.11769464105156724,0.321398663520813,0.08661667257547379,7.189048174288053e-07
sft_full_seed1,full,1,30000,11650,0.11779575328614762,0.4792543888092041,0.012116080150008202,7.184091574338636e-07
sft_full_seed1,full,1,30000,11660,0.117896865520728,0.0042996078729629515,4.033172081108205e-05,7.179132320512008e-07
sft_full_seed1,full,1,30000,11670,0.11799797775530839,0.6752949714660644,3.2265579648083076e-05,7.174170418834133e-07
sft_full_seed1,full,1,30000,11680,0.11809908998988877,0.18348367214202882,0.0017097089439630508,7.169205875334188e-07
sft_full_seed1,full,1,30000,11690,0.11820020222446916,0.45183453559875486,124.35609436035156,7.164238696044561e-07
sft_full_seed1,full,1,30000,11700,0.11830131445904954,0.1674359917640686,29.63812828063965,7.159268887000844e-07
sft_full_seed1,full,1,30000,11710,0.11840242669362992,0.2908257246017456,0.0014029713347554207,7.154296454241826e-07
sft_full_seed1,full,1,30000,11720,0.11850353892821032,0.10170644521713257,3.175946403644048e-05,7.149321403809477e-07
sft_full_seed1,full,1,30000,11730,0.1186046511627907,0.02973269820213318,5.181171582080424e-05,7.144343741748955e-07
sft_full_seed1,full,1,30000,11740,0.11870576339737109,0.10217825174331666,0.00015647971304133534,7.139363474108588e-07
sft_full_seed1,full,1,30000,11750,0.11880687563195147,0.3040986776351929,11.288409233093262,7.134380606939873e-07
sft_full_seed1,full,1,30000,11760,0.11890798786653185,0.4056097507476807,0.0001001832788460888,7.129395146297459e-07
sft_full_seed1,full,1,30000,11770,0.11900910010111224,0.10840517282485962,0.029399855062365532,7.124407098239154e-07
sft_full_seed1,full,1,30000,11780,0.11911021233569262,0.5381597995758056,135.92173767089844,7.119416468825908e-07
sft_full_seed1,full,1,30000,11790,0.119211324570273,0.6402138710021973,0.0012134772259742022,7.114423264121803e-07
sft_full_seed1,full,1,30000,11800,0.11931243680485339,0.3021944522857666,0.017112553119659424,7.109427490194055e-07
sft_full_seed1,full,1,30000,11810,0.11941354903943377,0.4846181392669678,2.434232711791992,7.104429153113001e-07
sft_full_seed1,full,1,30000,11820,0.11951466127401415,0.4113253116607666,2.3264314222615212e-05,7.099428258952091e-07
sft_full_seed1,full,1,30000,11830,0.11961577350859454,0.02188127338886261,0.03744886815547943,7.094424813787882e-07
sft_full_seed1,full,1,30000,11840,0.11971688574317492,0.24364378452301025,1.2648876905441284,7.089418823700034e-07
sft_full_seed1,full,1,30000,11850,0.1198179979777553,0.22840864658355714,10.500991821289062,7.084410294771297e-07
sft_full_seed1,full,1,30000,11860,0.11991911021233569,0.4255195140838623,0.4755665063858032,7.079399233087503e-07
sft_full_seed1,full,1,30000,11870,0.12002022244691608,0.2637784004211426,4.505115794017911e-05,7.074385644737567e-07
sft_full_seed1,full,1,30000,11880,0.12012133468149647,0.021530425548553465,0.00022507899848278612,7.069369535813472e-07
sft_full_seed1,full,1,30000,11890,0.12022244691607685,0.07836773991584778,0.0008813560707494617,7.064350912410259e-07
sft_full_seed1,full,1,30000,11900,0.12032355915065723,0.12813729047775269,2.5776664188015275e-05,7.059329780626034e-07
sft_full_seed1,full,1,30000,11910,0.12042467138523762,0.9708826065063476,0.013022528029978275,7.054306146561943e-07
sft_full_seed1,full,1,30000,11920,0.120525783619818,0.4793051242828369,2.5842460672720335e-05,7.049280016322176e-07
sft_full_seed1,full,1,30000,11930,0.12062689585439838,0.24187054634094238,0.0012440162245184183,7.044251396013956e-07
sft_full_seed1,full,1,30000,11940,0.12072800808897877,0.2824871063232422,0.00025356016703881323,7.039220291747528e-07
sft_full_seed1,full,1,30000,11950,0.12082912032355915,0.33211660385131836,3.000650405883789,7.034186709636159e-07
sft_full_seed1,full,1,30000,11960,0.12093023255813953,0.6171627998352051,0.0003686434356495738,7.029150655796128e-07
sft_full_seed1,full,1,30000,11970,0.12103134479271992,0.38415093421936036,0.15043695271015167,7.024112136346712e-07
sft_full_seed1,full,1,30000,11980,0.1211324570273003,0.7143882274627685,7.111170768737793,7.01907115741019e-07
sft_full_seed1,full,1,30000,11990,0.12123356926188068,0.42351469993591306,10.859060287475586,7.014027725111825e-07
sft_full_seed1,full,1,30000,12000,0.12133468149646107,4.452428256627172e-05,0.01567414030432701,7.008981845579865e-07
sft_full_seed1,full,1,30000,12010,0.12143579373104145,0.5413337230682373,2.613210745039396e-05,7.003933524945528e-07
sft_full_seed1,full,1,30000,12020,0.12153690596562185,0.6263691902160644,0.0071858433075249195,6.998882769342998e-07
sft_full_seed1,full,1,30000,12030,0.12163801820020223,1.3266803580336273e-05,0.0007788583752699196,6.993829584909422e-07
sft_full_seed1,full,1,30000,12040,0.12173913043478261,0.45566139221191404,8.900027023628354e-05,6.988773977784894e-07
sft_full_seed1,full,1,30000,12050,0.121840242669363,0.2139448642730713,0.00029613805236294866,6.983715954112453e-07
sft_full_seed1,full,1,30000,12060,0.12194135490394338,0.7228245735168457,17.915203094482422,6.978655520038078e-07
sft_full_seed1,full,1,30000,12070,0.12204246713852376,0.4484078884124756,4.612401962280273,6.973592681710669e-07
sft_full_seed1,full,1,30000,12080,0.12214357937310415,0.0030441466718912126,16.2485294342041,6.968527445282056e-07
sft_full_seed1,full,1,30000,12090,0.12224469160768453,0.4600542068481445,0.0006108418456278741,6.963459816906976e-07
sft_full_seed1,full,1,30000,12100,0.12234580384226491,0.31107444763183595,7.23716730135493e-05,6.958389802743076e-07
sft_full_seed1,full,1,30000,12110,0.1224469160768453,0.4675872325897217,139.79356384277344,6.953317408950903e-07
sft_full_seed1,full,1,30000,12120,0.12254802831142568,0.17607991695404052,0.008649914525449276,6.94824264169389e-07
sft_full_seed1,full,1,30000,12130,0.12264914054600606,0.27943546772003175,0.09416576474905014,6.94316550713836e-07
sft_full_seed1,full,1,30000,12140,0.12275025278058645,0.005533647537231445,0.03990377113223076,6.938086011453513e-07
sft_full_seed1,full,1,30000,12150,0.12285136501516683,0.03811704814434051,0.0007680481649003923,6.93300416081141e-07
sft_full_seed1,full,1,30000,12160,0.12295247724974721,0.2646378755569458,139.5345916748047,6.927919961386983e-07
sft_full_seed1,full,1,30000,12170,0.1230535894843276,0.003353562206029892,21.92230987548828,6.922833419358012e-07
sft_full_seed1,full,1,30000,12180,0.123154701718908,0.001281940471380949,2.7024436349165626e-05,6.917744540905124e-07
sft_full_seed1,full,1,30000,12190,0.12325581395348838,1.0960027694702148,119.9723129272461,6.912653332211786e-07
sft_full_seed1,full,1,30000,12200,0.12335692618806876,0.3081975936889648,2.356410914217122e-05,6.907559799464299e-07
sft_full_seed1,full,1,30000,12210,0.12345803842264914,0.08310961723327637,6.67523781885393e-05,6.902463948851786e-07
sft_full_seed1,full,1,30000,12220,0.12355915065722953,0.2445901870727539,9.874154784483835e-05,6.897365786566184e-07
sft_full_seed1,full,1,30000,12230,0.12366026289180991,0.5769550800323486,3.9473516941070557,6.89226531880224e-07
sft_full_seed1,full,1,30000,12240,0.1237613751263903,0.3352607250213623,212.43284606933594,6.887162551757506e-07
sft_full_seed1,full,1,30000,12250,0.12386248736097068,1.1844513937830926e-05,0.0009802872082218528,6.882057491632325e-07
sft_full_seed1,full,1,30000,12260,0.12396359959555106,0.4793556213378906,117.90718841552734,6.876950144629823e-07
sft_full_seed1,full,1,30000,12270,0.12406471183013144,0.5040283679962159,124.41246032714844,6.87184051695591e-07
sft_full_seed1,full,1,30000,12280,0.12416582406471183,0.010469376295804977,0.0004830348480027169,6.866728614819267e-07
sft_full_seed1,full,1,30000,12290,0.12426693629929221,0.0002101151505485177,2.2705540686729364e-05,6.861614444431336e-07
sft_full_seed1,full,1,30000,12300,0.1243680485338726,0.08056455850601196,3.222178929718211e-05,6.856498012006318e-07
sft_full_seed1,full,1,30000,12310,0.12446916076845298,0.018440231680870056,4.4779229938285425e-05,6.851379323761156e-07
sft_full_seed1,full,1,30000,12320,0.12457027300303336,0.17943459749221802,0.3600051701068878,6.846258385915545e-07
sft_full_seed1,full,1,30000,12330,0.12467138523761376,0.37848944664001466,0.00013986094563733786,6.841135204691901e-07
sft_full_seed1,full,1,30000,12340,0.12477249747219414,0.15798790454864503,5.470099495141767e-05,6.836009786315377e-07
sft_full_seed1,full,1,30000,12350,0.12487360970677452,0.2210763931274414,0.0030834281351417303,6.830882137013838e-07
sft_full_seed1,full,1,30000,12360,0.12497472194135491,1.1773739814758302,118.20669555664062,6.825752263017863e-07
sft_full_seed1,full,1,30000,12370,0.1250758341759353,0.1871146559715271,2.2235426513361745e-05,6.82062017056073e-07
sft_full_seed1,full,1,30000,12380,0.12517694641051566,0.37408154010772704,3.1624618713976815e-05,6.815485865878417e-07
sft_full_seed1,full,1,30000,12390,0.12527805864509606,0.33585119247436523,0.006913655903190374,6.810349355209587e-07
sft_full_seed1,full,1,30000,12400,0.12537917087967643,0.013034962117671967,0.00025035286671482027,6.805210644795587e-07
sft_full_seed1,full,1,30000,12410,0.12548028311425682,0.45346660614013673,0.0004285715986043215,6.800069740880432e-07
sft_full_seed1,full,1,30000,12420,0.12558139534883722,0.05723413825035095,104.03479766845703,6.794926649710806e-07
sft_full_seed1,full,1,30000,12430,0.1256825075834176,0.3485337972640991,49.65529251098633,6.789781377536052e-07
sft_full_seed1,full,1,30000,12440,0.125783619817998,0.4585707187652588,142.9088134765625,6.784633930608157e-07
sft_full_seed1,full,1,30000,12450,0.12588473205257836,0.2837913990020752,3.0894119845470414e-05,6.779484315181758e-07
sft_full_seed1,full,1,30000,12460,0.12598584428715875,0.04674168229103089,0.004740224685519934,6.774332537514121e-07
sft_full_seed1,full,1,30000,12470,0.12608695652173912,0.6151695251464844,3.6422163248062134e-05,6.769178603865142e-07
sft_full_seed1,full,1,30000,12480,0.12618806875631952,0.30659210681915283,0.009774056263267994,6.764022520497337e-07
sft_full_seed1,full,1,30000,12490,0.1262891809908999,0.20433154106140136,0.002023434266448021,6.758864293675833e-07
sft_full_seed1,full,1,30000,12500,0.1263902932254803,0.8533587455749512,158.97113037109375,6.753703929668362e-07
sft_full_seed1,full,1,30000,12510,0.12649140546006066,0.007293858379125595,0.5085087418556213,6.748541434745253e-07
sft_full_seed1,full,1,30000,12520,0.12659251769464105,0.36493487358093263,0.02727023884654045,6.743376815179424e-07
sft_full_seed1,full,1,30000,12530,0.12669362992922142,0.29287192821502683,0.08551491796970367,6.738210077246376e-07
sft_full_seed1,full,1,30000,12540,0.12679474216380182,0.30001540184020997,152.39881896972656,6.733041227224181e-07
sft_full_seed1,full,1,30000,12550,0.1268958543983822,0.987671947479248,95.09593963623047,6.727870271393479e-07
sft_full_seed1,full,1,30000,12560,0.1269969666329626,6.480904412455856e-05,0.019507069140672684,6.722697216037469e-07
sft_full_seed1,full,1,30000,12570,0.12709807886754299,0.2126697540283203,0.5465742945671082,6.717522067441904e-07
sft_full_seed1,full,1,30000,12580,0.12719919110212335,0.23217849731445311,120.45904541015625,6.712344831895074e-07
sft_full_seed1,full,1,30000,12590,0.12730030333670375,5.37971209269017e-05,0.00013401654723566025,6.70716551568781e-07
sft_full_seed1,full,1,30000,12600,0.12740141557128412,0.5359014987945556,0.000555376464035362,6.701984125113469e-07
sft_full_seed1,full,1,30000,12610,0.12750252780586452,0.6031562805175781,0.8080444931983948,6.69680066646793e-07
sft_full_seed1,full,1,30000,12620,0.1276036400404449,0.22465028762817382,214.9645233154297,6.691615146049583e-07
sft_full_seed1,full,1,30000,12630,0.12770475227502529,0.19886125326156617,2.4415436200797558e-05,6.686427570159323e-07
sft_full_seed1,full,1,30000,12640,0.12780586450960565,0.3894413709640503,0.328389048576355,6.681237945100549e-07
sft_full_seed1,full,1,30000,12650,0.12790697674418605,0.24038290977478027,2.871384276659228e-05,6.676046277179138e-07
sft_full_seed1,full,1,30000,12660,0.12800808897876642,0.22148668766021729,2.886791706085205,6.670852572703462e-07
sft_full_seed1,full,1,30000,12670,0.12810920121334682,0.522555923461914,0.0007512143929488957,6.665656837984358e-07
sft_full_seed1,full,1,30000,12680,0.1282103134479272,0.12699732780456544,0.0002451194159220904,6.660459079335135e-07
sft_full_seed1,full,1,30000,12690,0.12831142568250758,0.10724636316299438,2.327163929294329e-05,6.655259303071558e-07
sft_full_seed1,full,1,30000,12700,0.12841253791708795,0.002112448029220104,0.0005316268652677536,6.650057515511848e-07
sft_full_seed1,full,1,30000,12710,0.12851365015166835,0.2959489107131958,2.2001066099619493e-05,6.644853722976667e-07
sft_full_seed1,full,1,30000,12720,0.12861476238624875,0.3211806058883667,0.04229864105582237,6.639647931789112e-07
sft_full_seed1,full,1,30000,12730,0.12871587462082912,0.3887951374053955,0.014432751573622227,6.634440148274711e-07
sft_full_seed1,full,1,30000,12740,0.12881698685540952,0.36371464729309083,0.004692068789154291,6.629230378761414e-07
sft_full_seed1,full,1,30000,12750,0.12891809908998988,0.2481931209564209,0.0077505228109657764,6.62401862957958e-07
sft_full_seed1,full,1,30000,12760,0.12901921132457028,0.3596144914627075,27.7307186126709,6.618804907061975e-07
sft_full_seed1,full,1,30000,12770,0.12912032355915065,0.032943397760391235,135.02276611328125,6.613589217543764e-07
sft_full_seed1,full,1,30000,12780,0.12922143579373105,0.1457180142402649,0.3215627372264862,6.608371567362504e-07
sft_full_seed1,full,1,30000,12790,0.12932254802831142,0.5918309688568115,0.0030511771328747272,6.603151962858129e-07
sft_full_seed1,full,1,30000,12800,0.12942366026289182,0.00025879445020109414,0.0002679691242519766,6.597930410372954e-07
sft_full_seed1,full,1,30000,12810,0.12952477249747218,0.5865967750549317,44.140525817871094,6.592706916251652e-07
sft_full_seed1,full,1,30000,12820,0.12962588473205258,0.7462837219238281,7.711414946243167e-05,6.587481486841267e-07
sft_full_seed1,full,1,30000,12830,0.12972699696663295,0.11797627210617065,0.018186528235673904,6.582254128491184e-07
sft_full_seed1,full,1,30000,12840,0.12982810920121335,0.38345038890838623,0.0541563406586647,6.577024847553138e-07
sft_full_seed1,full,1,30000,12850,0.12992922143579372,0.004648314043879509,0.07657554000616074,6.5717936503812e-07
sft_full_seed1,full,1,30000,12860,0.13003033367037412,0.565517807006836,4.919730417896062e-05,6.566560543331765e-07
sft_full_seed1,full,1,30000,12870,0.1301314459049545,0.02047085464000702,102.55767059326172,6.561325532763553e-07
sft_full_seed1,full,1,30000,12880,0.13023255813953488,0.22730073928833008,0.01123921386897564,6.556088625037597e-07
sft_full_seed1,full,1,30000,12890,0.13033367037411528,0.15044660568237306,0.16655609011650085,6.55084982651723e-07
sft_full_seed1,full,1,30000,12900,0.13043478260869565,0.5167467594146729,204.15737915039062,6.54560914356809e-07
sft_full_seed1,full,1,30000,12910,0.13053589484327605,0.44591994285583497,0.002211859216913581,6.540366582558097e-07
sft_full_seed1,full,1,30000,12920,0.13063700707785642,0.8492835998535156,88.16942596435547,6.535122149857459e-07
sft_full_seed1,full,1,30000,12930,0.1307381193124368,0.37378630638122556,2.1559953689575195,6.529875851838658e-07
sft_full_seed1,full,1,30000,12940,0.13083923154701718,0.32264208793640137,116.80668640136719,6.524627694876439e-07
sft_full_seed1,full,1,30000,12950,0.13094034378159758,0.19441086053848267,2.211964238085784e-05,6.519377685347807e-07
sft_full_seed1,full,1,30000,12960,0.13104145601617795,0.1595770835876465,57.09770202636719,6.51412582963202e-07
sft_full_seed1,full,1,30000,12970,0.13114256825075835,0.6630558967590332,3.782047861022875e-05,6.508872134110577e-07
sft_full_seed1,full,1,30000,12980,0.13124368048533872,0.015921725332736968,0.04232705757021904,6.503616605167212e-07
sft_full_seed1,full,1,30000,12990,0.1313447927199191,0.5921655654907226,3.6635163269238546e-05,6.498359249187892e-07
sft_full_seed1,full,1,30000,13000,0.13144590495449948,0.0002666993299499154,0.00015392096247524023,6.493100072560797e-07
sft_full_seed1,full,1,30000,13010,0.13154701718907988,0.11007879972457886,0.002082063117995858,6.487839081676326e-07
sft_full_seed1,full,1,30000,13020,0.13164812942366028,0.0006083747372031212,7.477455801563337e-05,6.482576282927075e-07
sft_full_seed1,full,1,30000,13030,0.13174924165824065,0.6416933536529541,0.04246622323989868,6.477311682707843e-07
sft_full_seed1,full,1,30000,13040,0.13185035389282104,0.11843750476837159,240.44496154785156,6.472045287415615e-07
sft_full_seed1,full,1,30000,13050,0.1319514661274014,0.09667612910270691,13.754464149475098,6.466777103449558e-07
sft_full_seed1,full,1,30000,13060,0.1320525783619818,0.8117076873779296,100.69361114501953,6.461507137211011e-07
sft_full_seed1,full,1,30000,13070,0.13215369059656218,0.24591710567474365,0.0002671277616173029,6.456235395103482e-07
sft_full_seed1,full,1,30000,13080,0.13225480283114258,0.22538387775421143,0.11697293072938919,6.450961883532634e-07
sft_full_seed1,full,1,30000,13090,0.13235591506572295,0.6659591197967529,194.15231323242188,6.445686608906282e-07
sft_full_seed1,full,1,30000,13100,0.13245702730030334,0.46675872802734375,0.003745456924661994,6.440409577634379e-07
sft_full_seed1,full,1,30000,13110,0.1325581395348837,0.17942620515823365,0.07143870741128922,6.435130796129018e-07
sft_full_seed1,full,1,30000,13120,0.1326592517694641,0.42625975608825684,0.0003362905699759722,6.429850270804416e-07
sft_full_seed1,full,1,30000,13130,0.13276036400404448,0.2833906888961792,0.00018276512855663896,6.424568008076908e-07
sft_full_seed1,full,1,30000,13140,0.13286147623862488,0.010671285539865493,1.005557894706726,6.419284014364943e-07
sft_full_seed1,full,1,30000,13150,0.13296258847320525,0.5619301795959473,49.41508102416992,6.41399829608907e-07
sft_full_seed1,full,1,30000,13160,0.13306370070778564,0.7083568572998047,3.950928294216283e-05,6.408710859671938e-07
sft_full_seed1,full,1,30000,13170,0.13316481294236604,0.14477887153625488,0.004703647457063198,6.403421711538278e-07
sft_full_seed1,full,1,30000,13180,0.1332659251769464,0.14062275886535644,0.00023223180323839188,6.398130858114903e-07
sft_full_seed1,full,1,30000,13190,0.1333670374115268,0.05672956109046936,8.21343346615322e-05,6.392838305830701e-07
sft_full_seed1,full,1,30000,13200,0.13346814964610718,0.09613888263702393,3.0483513910439797e-05,6.38754406111662e-07
sft_full_seed1,full,1,30000,13210,0.13356926188068757,0.40424361228942873,52.26155471801758,6.382248130405669e-07
sft_full_seed1,full,1,30000,13220,0.13367037411526794,0.28441383838653567,0.00014450628077611327,6.376950520132905e-07
sft_full_seed1,full,1,30000,13230,0.13377148634984834,0.5843770027160644,109.36559295654297,6.371651236735417e-07
sft_full_seed1,full,1,30000,13240,0.1338725985844287,0.051677799224853514,0.0002260698238387704,6.36635028665234e-07
sft_full_seed1,full,1,30000,13250,0.1339737108190091,0.21516823768615723,3.90310087823309e-05,6.361047676324826e-07
sft_full_seed1,full,1,30000,13260,0.13407482305358948,0.770238208770752,0.0017770951380953193,6.355743412196046e-07
sft_full_seed1,full,1,30000,13270,0.13417593528816987,0.02142995595932007,138.22569274902344,6.350437500711183e-07
sft_full_seed1,full,1,30000,13280,0.13427704752275024,0.5230310440063477,67.92454528808594,6.345129948317418e-07
sft_full_seed1,full,1,30000,13290,0.13437815975733064,0.4298515319824219,130.3307342529297,6.339820761463929e-07
sft_full_seed1,full,1,30000,13300,0.134479271991911,0.5418705940246582,0.003538996446877718,6.334509946601878e-07
sft_full_seed1,full,1,30000,13310,0.1345803842264914,0.5794878482818604,2.1578296582447365e-05,6.329197510184405e-07
sft_full_seed1,full,1,30000,13320,0.1346814964610718,0.14751702547073364,2.284956644871272e-05,6.323883458666623e-07
sft_full_seed1,full,1,30000,13330,0.13478260869565217,0.30450518131256105,0.8219610452651978,6.318567798505604e-07
sft_full_seed1,full,1,30000,13340,0.13488372093023257,0.09391229152679444,2.2193255063029937e-05,6.313250536160377e-07
sft_full_seed1,full,1,30000,13350,0.13498483316481294,0.2793257474899292,210.91542053222656,6.307931678091917e-07
sft_full_seed1,full,1,30000,13360,0.13508594539939334,0.12633572816848754,177.34420776367188,6.302611230763138e-07
sft_full_seed1,full,1,30000,13370,0.1351870576339737,0.39088969230651854,56.5665397644043,6.297289200638887e-07
sft_full_seed1,full,1,30000,13380,0.1352881698685541,0.19513044357299805,0.07729044556617737,6.291965594185929e-07
sft_full_seed1,full,1,30000,13390,0.13538928210313447,0.0947357952594757,226.63967895507812,6.28664041787295e-07
sft_full_seed1,full,1,30000,13400,0.13549039433771487,0.014012785255908966,13.023625373840332,6.281313678170543e-07
sft_full_seed1,full,1,30000,13410,0.13559150657229524,0.00011734622530639172,0.006674927659332752,6.275985381551194e-07
sft_full_seed1,full,1,30000,13420,0.13569261880687564,0.0002286724280565977,0.00018307450227439404,6.270655534489291e-07
sft_full_seed1,full,1,30000,13430,0.135793731041456,0.10289496183395386,0.00018264155369251966,6.265324143461097e-07
sft_full_seed1,full,1,30000,13440,0.1358948432760364,0.10517280101776123,10.482369422912598,6.259991214944757e-07
sft_full_seed1,full,1,30000,13450,0.13599595551061677,0.07428374290466308,2.8273552743485197e-05,6.254656755420282e-07
sft_full_seed1,full,1,30000,13460,0.13609706774519717,0.7263700008392334,72.96749114990234,6.249320771369544e-07
sft_full_seed1,full,1,30000,13470,0.13619817997977754,0.7958894729614258,0.0007960683433339,6.243983269276263e-07
sft_full_seed1,full,1,30000,13480,0.13629929221435794,1.246358871459961,195.6650848388672,6.238644255626012e-07
sft_full_seed1,full,1,30000,13490,0.13640040444893833,0.25426669120788575,0.007844396866858006,6.233303736906193e-07
sft_full_seed1,full,1,30000,13500,0.1365015166835187,0.00015832101926207542,0.44191738963127136,6.227961719606038e-07
sft_full_seed1,full,1,30000,13510,0.1366026289180991,0.20904099941253662,3.195979118347168,6.222618210216608e-07
sft_full_seed1,full,1,30000,13520,0.13670374115267947,0.09057567715644836,8.113394737243652,6.217273215230766e-07
sft_full_seed1,full,1,30000,13530,0.13680485338725987,0.5007419586181641,6.526318611577153e-05,6.211926741143187e-07
sft_full_seed1,full,1,30000,13540,0.13690596562184024,0.18429020643234253,0.7430883646011353,6.206578794450339e-07
sft_full_seed1,full,1,30000,13550,0.13700707785642063,4.8045776202343406e-05,0.02223685197532177,6.201229381650485e-07
sft_full_seed1,full,1,30000,13560,0.137108190091001,0.4763653755187988,258.8691101074219,6.19587850924366e-07
sft_full_seed1,full,1,30000,13570,0.1372093023255814,0.00023301132023334503,2.4020177079364657e-05,6.190526183731685e-07
sft_full_seed1,full,1,30000,13580,0.13731041456016177,0.317928147315979,98.90983581542969,6.185172411618137e-07
sft_full_seed1,full,1,30000,13590,0.13741152679474217,0.8945788383483887,215.74569702148438,6.179817199408355e-07
sft_full_seed1,full,1,30000,13600,0.13751263902932254,0.4396210193634033,0.000714489899110049,6.174460553609425e-07
sft_full_seed1,full,1,30000,13610,0.13761375126390293,0.2042588472366333,2.1970390662318096e-05,6.169102480730179e-07
sft_full_seed1,full,1,30000,13620,0.1377148634984833,0.3836984157562256,2.3529408281319775e-05,6.16374298728118e-07
sft_full_seed1,full,1,30000,13630,0.1378159757330637,0.22487421035766603,0.05198592320084572,6.158382079774716e-07
sft_full_seed1,full,1,30000,13640,0.1379170879676441,0.05374270677566528,0.013303248211741447,6.153019764724799e-07
sft_full_seed1,full,1,30000,13650,0.13801820020222447,0.5060534000396728,30.847108840942383,6.147656048647143e-07
sft_full_seed1,full,1,30000,13660,0.13811931243680486,0.10162465572357178,0.00017480460519436747,6.142290938059172e-07
sft_full_seed1,full,1,30000,13670,0.13822042467138523,0.44661707878112794,0.025469519197940826,6.13692443948e-07
sft_full_seed1,full,1,30000,13680,0.13832153690596563,0.4175551891326904,0.004563293419778347,6.13155655943043e-07
sft_full_seed1,full,1,30000,13690,0.138422649140546,0.45418577194213866,0.04908902943134308,6.12618730443294e-07
sft_full_seed1,full,1,30000,13700,0.1385237613751264,0.03657183051109314,0.0021055396646261215,6.120816681011684e-07
sft_full_seed1,full,1,30000,13710,0.13862487360970677,0.22827305793762206,0.15921123325824738,6.115444695692474e-07
sft_full_seed1,full,1,30000,13720,0.13872598584428716,0.3595398426055908,121.30377197265625,6.110071355002778e-07
sft_full_seed1,full,1,30000,13730,0.13882709807886753,0.0006478304509073496,0.01911536417901516,6.104696665471713e-07
sft_full_seed1,full,1,30000,13740,0.13892821031344793,0.9247887611389161,0.25403454899787903,6.099320633630035e-07
sft_full_seed1,full,1,30000,13750,0.1390293225480283,0.2568129777908325,0.3142445683479309,6.093943266010128e-07
sft_full_seed1,full,1,30000,13760,0.1391304347826087,0.0001012478955090046,2.928716094174888e-05,6.088564569145999e-07
sft_full_seed1,full,1,30000,13770,0.13923154701718907,0.2841994047164917,0.00026200435240752995,6.083184549573273e-07
sft_full_seed1,full,1,30000,13780,0.13933265925176946,0.2436927318572998,167.09695434570312,6.077803213829183e-07
sft_full_seed1,full,1,30000,13790,0.13943377148634986,0.19849023818969727,65.45357513427734,6.072420568452558e-07
sft_full_seed1,full,1,30000,13800,0.13953488372093023,0.33594069480895994,0.0015012463554739952,6.067036619983821e-07
sft_full_seed1,full,1,30000,13810,0.13963599595551063,0.14205831289291382,0.0035107224248349667,6.061651374964973e-07
sft_full_seed1,full,1,30000,13820,0.139737108190091,0.07049981951713562,78.5675048828125,6.0562648399396e-07
sft_full_seed1,full,1,30000,13830,0.1398382204246714,0.013183626532554626,1.387027621269226,6.050877021452845e-07
sft_full_seed1,full,1,30000,13840,0.13993933265925176,0.2891443967819214,2.048724672931712e-05,6.045487926051419e-07
sft_full_seed1,full,1,30000,13850,0.14004044489383216,0.16167116165161133,0.0001712345110718161,6.040097560283579e-07
sft_full_seed1,full,1,30000,13860,0.14014155712841253,0.03412167727947235,0.00015753379557281733,6.034705930699129e-07
sft_full_seed1,full,1,30000,13870,0.14024266936299293,6.430369685404003e-05,2.541018147894647e-05,6.029313043849406e-07
sft_full_seed1,full,1,30000,13880,0.1403437815975733,0.0021438686177134513,0.004218025598675013,6.023918906287278e-07
sft_full_seed1,full,1,30000,13890,0.1404448938321537,0.29733715057373045,0.00013007104280404747,6.018523524567129e-07
sft_full_seed1,full,1,30000,13900,0.14054600606673406,0.19673805236816405,0.7266687154769897,6.013126905244857e-07
sft_full_seed1,full,1,30000,13910,0.14064711830131446,0.10998115539550782,24.5793399810791,6.007729054877864e-07
sft_full_seed1,full,1,30000,13920,0.14074823053589483,0.4086593151092529,273.3728332519531,6.002329980025046e-07
sft_full_seed1,full,1,30000,13930,0.14084934277047523,0.2925546169281006,0.00046640020445920527,5.996929687246789e-07
sft_full_seed1,full,1,30000,13940,0.14095045500505562,0.3702227592468262,239.4506378173828,5.991528183104958e-07
sft_full_seed1,full,1,30000,13950,0.141051567239636,0.6293350696563721,0.060000430792570114,5.98612547416289e-07
sft_full_seed1,full,1,30000,13960,0.1411526794742164,0.25373167991638185,188.93479919433594,5.980721566985385e-07
sft_full_seed1,full,1,30000,13970,0.14125379170879676,5.950452759861946e-05,0.0003572888672351837,5.975316468138699e-07
sft_full_seed1,full,1,30000,13980,0.14135490394337716,0.0007864179089665413,0.007771135773509741,5.969910184190539e-07
sft_full_seed1,full,1,30000,13990,0.14145601617795753,0.11108565330505371,369.73223876953125,5.964502721710048e-07
sft_full_seed1,full,1,30000,14000,0.14155712841253792,0.3663398504257202,2.961392601719126e-05,5.959094087267803e-07
sft_full_seed1,full,1,30000,14010,0.1416582406471183,0.7781673908233643,0.00036973488749936223,5.953684287435807e-07
sft_full_seed1,full,1,30000,14020,0.1417593528816987,0.012956556677818299,2.2365993572748266e-05,5.948273328787473e-07
sft_full_seed1,full,1,30000,14030,0.14186046511627906,0.10302067995071411,0.19680336117744446,5.942861217897631e-07
sft_full_seed1,full,1,30000,14040,0.14196157735085946,0.4002927303314209,0.12148138135671616,5.9374479613425e-07
sft_full_seed1,full,1,30000,14050,0.14206268958543983,0.833946418762207,6.297432264545932e-05,5.932033565699704e-07
sft_full_seed1,full,1,30000,14060,0.14216380182002022,0.071274733543396,3.2939226627349854,5.926618037548237e-07
sft_full_seed1,full,1,30000,14070,0.1422649140546006,1.7827615374699234e-05,0.0018669565906748176,5.921201383468481e-07
sft_full_seed1,full,1,30000,14080,0.142366026289181,0.0004174112342298031,0.06612905859947205,5.915783610042182e-07
sft_full_seed1,full,1,30000,14090,0.1424671385237614,0.010494457930326462,6.935769488336518e-05,5.910364723852443e-07
sft_full_seed1,full,1,30000,14100,0.14256825075834176,0.8251711845397949,5.346300167730078e-05,5.904944731483723e-07
sft_full_seed1,full,1,30000,14110,0.14266936299292216,1.032691216096282e-05,0.0027204290963709354,5.899523639521824e-07
sft_full_seed1,full,1,30000,14120,0.14277047522750252,0.31733856201171873,2.534270788601134e-05,5.894101454553883e-07
sft_full_seed1,full,1,30000,14130,0.14287158746208292,2.608424110803753e-05,0.09235339611768723,5.888678183168367e-07
sft_full_seed1,full,1,30000,14140,0.1429726996966633,0.9897907257080079,0.0011661977041512728,5.88325383195506e-07
sft_full_seed1,full,1,30000,14150,0.1430738119312437,0.17529276609420777,0.0004105227708350867,5.877828407505063e-07
sft_full_seed1,full,1,30000,14160,0.14317492416582406,0.5962512016296386,61.36439514160156,5.872401916410776e-07
sft_full_seed1,full,1,30000,14170,0.14327603640040446,0.6175029754638672,62.548309326171875,5.866974365265901e-07
sft_full_seed1,full,1,30000,14180,0.14337714863498482,0.01924117058515549,0.09571496397256851,5.861545760665419e-07
sft_full_seed1,full,1,30000,14190,0.14347826086956522,0.002836531400680542,0.0010950758587568998,5.856116109205601e-07
sft_full_seed1,full,1,30000,14200,0.1435793731041456,0.23127396106719972,0.0022641043178737164,5.850685417483982e-07
sft_full_seed1,full,1,30000,14210,0.143680485338726,0.6511418342590332,382.2152099609375,5.845253692099368e-07
sft_full_seed1,full,1,30000,14220,0.14378159757330636,3.110271645709872e-05,2.3881575543782674e-05,5.839820939651816e-07
sft_full_seed1,full,1,30000,14230,0.14388270980788676,0.29344425201416013,36.83602523803711,5.834387166742632e-07
sft_full_seed1,full,1,30000,14240,0.14398382204246715,0.22921152114868165,0.0003245017724111676,5.828952379974363e-07
sft_full_seed1,full,1,30000,14250,0.14408493427704752,0.3959646463394165,0.24274097383022308,5.823516585950787e-07
sft_full_seed1,full,1,30000,14260,0.14418604651162792,0.2347641944885254,0.5072569251060486,5.818079791276907e-07
sft_full_seed1,full,1,30000,14270,0.1442871587462083,0.17522965669631957,0.00026258500292897224,5.81264200255894e-07
sft_full_seed1,full,1,30000,14280,0.14438827098078869,0.17103500366210939,2.4583989215898328e-05,5.807203226404313e-07
sft_full_seed1,full,1,30000,14290,0.14448938321536905,0.36882407665252687,0.003136212471872568,5.801763469421652e-07
sft_full_seed1,full,1,30000,14300,0.14459049544994945,0.28433468341827395,5.2722862164955586e-05,5.796322738220773e-07
sft_full_seed1,full,1,30000,14310,0.14469160768452982,0.4262812614440918,351.6551818847656,5.790881039412679e-07
sft_full_seed1,full,1,30000,14320,0.14479271991911022,0.004334559664130211,0.00028512327116914093,5.785438379609549e-07
sft_full_seed1,full,1,30000,14330,0.1448938321536906,0.5178462505340576,2.6727713702712208e-05,5.779994765424724e-07
sft_full_seed1,full,1,30000,14340,0.14499494438827099,0.023113177716732027,2.545404277043417e-05,5.774550203472711e-07
sft_full_seed1,full,1,30000,14350,0.14509605662285135,0.6041018486022949,104.42009735107422,5.769104700369163e-07
sft_full_seed1,full,1,30000,14360,0.14519716885743175,0.6001033306121826,0.3823108971118927,5.763658262730885e-07
sft_full_seed1,full,1,30000,14370,0.14529828109201212,1.072028636932373,345.4922180175781,5.758210897175809e-07
sft_full_seed1,full,1,30000,14380,0.14539939332659252,0.5099124431610107,0.0012910302029922605,5.752762610322999e-07
sft_full_seed1,full,1,30000,14390,0.1455005055611729,0.3934786796569824,0.000621649669483304,5.747313408792636e-07
sft_full_seed1,full,1,30000,14400,0.14560161779575329,0.24173460006713868,133.44171142578125,5.741863299206014e-07
sft_full_seed1,full,1,30000,14410,0.14570273003033368,0.28772401809692383,2.4700653739273548e-05,5.736412288185529e-07
sft_full_seed1,full,1,30000,14420,0.14580384226491405,0.0005630266852676869,2.4336224669241346e-05,5.730960382354676e-07
sft_full_seed1,full,1,30000,14430,0.14590495449949445,0.0013404344208538532,2.3286986106541008e-05,5.725507588338035e-07
sft_full_seed1,full,1,30000,14440,0.14600606673407482,0.1586451292037964,244.902587890625,5.72005391276126e-07
sft_full_seed1,full,1,30000,14450,0.14610717896865522,0.25419466495513915,2.1222916984697804e-05,5.714599362251087e-07
sft_full_seed1,full,1,30000,14460,0.14620829120323559,0.2001884937286377,2.0838253476540558e-05,5.709143943435306e-07
sft_full_seed1,full,1,30000,14470,0.14630940343781598,0.0001170941861346364,2.1742018361692317e-05,5.703687662942765e-07
sft_full_seed1,full,1,30000,14480,0.14641051567239635,0.2518855810165405,2.7331301680533215e-05,5.69823052740336e-07
sft_full_seed1,full,1,30000,14490,0.14651162790697675,0.19307253360748292,207.2196502685547,5.692772543448026e-07
sft_full_seed1,full,1,30000,14500,0.14661274014155712,0.6810722827911377,0.00017749662220012397,5.687313717708728e-07
sft_full_seed1,full,1,30000,14510,0.14671385237613752,0.3000812530517578,0.00048594881081953645,5.681854056818452e-07
sft_full_seed1,full,1,30000,14520,0.14681496461071789,0.1834956407546997,0.05372852459549904,5.676393567411204e-07
sft_full_seed1,full,1,30000,14530,0.14691607684529828,4.13312460295856e-05,0.017705461010336876,5.670932256121991e-07
sft_full_seed1,full,1,30000,14540,0.14701718907987865,0.16287459135055543,0.06949397176504135,5.665470129586821e-07
sft_full_seed1,full,1,30000,14550,0.14711830131445905,0.07766504287719726,30.479736328125,5.660007194442697e-07
sft_full_seed1,full,1,30000,14560,0.14721941354903945,0.14214253425598145,0.000558724335860461,5.654543457327594e-07
sft_full_seed1,full,1,30000,14570,0.14732052578361982,0.47929821014404295,0.00011880548117915168,5.649078924880472e-07
sft_full_seed1,full,1,30000,14580,0.1474216380182002,0.0016328200697898864,14.243406295776367,5.643613603741252e-07
sft_full_seed1,full,1,30000,14590,0.14752275025278058,0.5376557350158692,0.0002782977535389364,5.638147500550815e-07
sft_full_seed1,full,1,30000,14600,0.14762386248736098,0.38175191879272463,229.8430633544922,5.632680621950992e-07
sft_full_seed1,full,1,30000,14610,0.14772497472194135,0.5375587463378906,265.91864013671875,5.627212974584554e-07
sft_full_seed1,full,1,30000,14620,0.14782608695652175,0.3116927623748779,0.0005743607762269676,5.62174456509521e-07
sft_full_seed1,full,1,30000,14630,0.14792719919110212,0.8156328201293945,2.41476773226168e-05,5.616275400127594e-07
sft_full_seed1,full,1,30000,14640,0.1480283114256825,0.5701858520507812,0.2912394404411316,5.610805486327253e-07
sft_full_seed1,full,1,30000,14650,0.14812942366026288,0.0004904880188405514,2.017990846070461e-05,5.605334830340653e-07
sft_full_seed1,full,1,30000,14660,0.14823053589484328,0.3599677801132202,0.0001373204286210239,5.599863438815156e-07
sft_full_seed1,full,1,30000,14670,0.14833164812942365,6.842387665528804e-06,2.304150621057488e-05,5.594391318399016e-07
sft_full_seed1,full,1,30000,14680,0.14843276036400405,0.6592774391174316,238.89112854003906,5.588918475741377e-07
sft_full_seed1,full,1,30000,14690,0.14853387259858442,0.18261144161224366,292.41400146484375,5.583444917492258e-07
sft_full_seed1,full,1,30000,14700,0.1486349848331648,0.07834901809692382,6.0949576436541975e-05,5.577970650302549e-07
sft_full_seed1,full,1,30000,14710,0.1487360970677452,0.28794596195220945,6.540272443089634e-05,5.572495680824001e-07
sft_full_seed1,full,1,30000,14720,0.14883720930232558,0.47290563583374023,0.00022132252342998981,5.567020015709219e-07
sft_full_seed1,full,1,30000,14730,0.14893832153690598,0.5248573780059814,0.003659383160993457,5.561543661611649e-07
sft_full_seed1,full,1,30000,14740,0.14903943377148635,0.6176563739776612,0.6514002680778503,5.556066625185583e-07
sft_full_seed1,full,1,30000,14750,0.14914054600606674,0.41164069175720214,185.1806182861328,5.55058891308613e-07
sft_full_seed1,full,1,30000,14760,0.1492416582406471,0.16955522298812867,174.72677612304688,5.545110531969234e-07
sft_full_seed1,full,1,30000,14770,0.1493427704752275,0.4377927780151367,169.5458221435547,5.53963148849164e-07
sft_full_seed1,full,1,30000,14780,0.14944388270980788,0.1689582347869873,188.34442138671875,5.534151789310903e-07
sft_full_seed1,full,1,30000,14790,0.14954499494438828,0.023128798604011534,2.179661169066094e-05,5.528671441085375e-07
sft_full_seed1,full,1,30000,14800,0.14964610717896865,0.0357083261013031,201.57061767578125,5.523190450474197e-07
sft_full_seed1,full,1,30000,14810,0.14974721941354904,6.978771416470409e-05,0.3324553668498993,5.517708824137286e-07
sft_full_seed1,full,1,30000,14820,0.1498483316481294,0.06702521443367004,0.0003750796604435891,5.512226568735338e-07
sft_full_seed1,full,1,30000,14830,0.1499494438827098,0.18795971870422362,267.6678466796875,5.506743690929808e-07
sft_full_seed1,full,1,30000,14840,0.15005055611729018,0.5104188919067383,2.1885130990995094e-05,5.501260197382912e-07
sft_full_seed1,full,1,30000,14850,0.15015166835187058,0.37145447731018066,0.05526594817638397,5.495776094757609e-07
sft_full_seed1,full,1,30000,14860,0.15025278058645097,0.14120032787322997,5.548415720113553e-05,5.490291389717603e-07
sft_full_seed1,full,1,30000,14870,0.15035389282103134,0.47600789070129396,0.0002296675374964252,5.484806088927328e-07
sft_full_seed1,full,1,30000,14880,0.15045500505561174,0.5801413059234619,0.12352513521909714,5.479320199051941e-07
sft_full_seed1,full,1,30000,14890,0.1505561172901921,0.24366252422332763,266.9121398925781,5.473833726757313e-07
sft_full_seed1,full,1,30000,14900,0.1506572295247725,0.20016939640045167,5.287869498715736e-05,5.46834667871003e-07
sft_full_seed1,full,1,30000,14910,0.15075834175935288,0.2855964183807373,298.220458984375,5.462859061577369e-07
sft_full_seed1,full,1,30000,14920,0.15085945399393327,0.4710701465606689,0.009257053025066853,5.457370882027302e-07
sft_full_seed1,full,1,30000,14930,0.15096056622851364,0.44382781982421876,225.6844940185547,5.451882146728488e-07
sft_full_seed1,full,1,30000,14940,0.15106167846309404,0.0006247346755117178,0.00013794821279589087,5.446392862350254e-07
sft_full_seed1,full,1,30000,14950,0.1511627906976744,0.014944608509540557,2.4844592189765535e-05,5.440903035562603e-07
sft_full_seed1,full,1,30000,14960,0.1512639029322548,0.3710635662078857,0.004176595248281956,5.435412673036187e-07
sft_full_seed1,full,1,30000,14970,0.15136501516683518,0.30428190231323243,0.0008950587944127619,5.429921781442317e-07
sft_full_seed1,full,1,30000,14980,0.15146612740141557,0.09427225589752197,0.00011382221418898553,5.424430367452945e-07
sft_full_seed1,full,1,30000,14990,0.15156723963599594,1.340822696685791,156.01084899902344,5.418938437740655e-07
sft_full_seed1,full,1,30000,15000,0.15166835187057634,0.0010798542760312557,8.656652450561523,5.413445998978657e-07
sft_full_seed1,full,1,30000,15010,0.15176946410515674,0.2817502498626709,95.41704559326172,5.407953057840788e-07
sft_full_seed1,full,1,30000,15020,0.1518705763397371,0.6918475151062011,176.9816436767578,5.402459621001485e-07
sft_full_seed1,full,1,30000,15030,0.1519716885743175,0.49425535202026366,0.004332281183451414,5.396965695135793e-07
sft_full_seed1,full,1,30000,15040,0.15207280080889787,0.16144633293151855,215.52525329589844,5.39147128691935e-07
sft_full_seed1,full,1,30000,15050,0.15217391304347827,0.47876906394958496,96.85614013671875,5.38597640302838e-07
sft_full_seed1,full,1,30000,15060,0.15227502527805864,0.34240925312042236,3.786868546740152e-05,5.380481050139687e-07
sft_full_seed1,full,1,30000,15070,0.15237613751263904,0.47421965599060056,24.95882797241211,5.374985234930639e-07
sft_full_seed1,full,1,30000,15080,0.1524772497472194,0.18361926078796387,8.682951010996476e-05,5.369488964079172e-07
sft_full_seed1,full,1,30000,15090,0.1525783619817998,0.346163272857666,186.5747528076172,5.363992244263773e-07
sft_full_seed1,full,1,30000,15100,0.15267947421638017,0.09843171834945678,2.9528386221500114e-05,5.358495082163476e-07
sft_full_seed1,full,1,30000,15110,0.15278058645096057,0.0006147345528006553,0.0022569966968148947,5.35299748445785e-07
sft_full_seed1,full,1,30000,15120,0.15288169868554094,3.101762558799237e-05,0.007587852887809277,5.347499457826994e-07
sft_full_seed1,full,1,30000,15130,0.15298281092012134,0.36336593627929686,0.00014849097351543605,5.34200100895153e-07
sft_full_seed1,full,1,30000,15140,0.1530839231547017,0.2584619760513306,0.02595650590956211,5.336502144512591e-07
sft_full_seed1,full,1,30000,15150,0.1531850353892821,0.015839195251464842,95.19918823242188,5.331002871191817e-07
sft_full_seed1,full,1,30000,15160,0.1532861476238625,0.2602579355239868,5.0939928769366816e-05,5.325503195671344e-07
sft_full_seed1,full,1,30000,15170,0.15338725985844287,0.06372541189193726,2.1355857825255953e-05,5.320003124633793e-07
sft_full_seed1,full,1,30000,15180,0.15348837209302327,3.9027896127663554e-05,2.1778347218059935e-05,5.314502664762274e-07
sft_full_seed1,full,1,30000,15190,0.15358948432760364,0.012379536777734757,84.96288299560547,5.30900182274036e-07
sft_full_seed1,full,1,30000,15200,0.15369059656218403,0.022955510020256042,0.004043446388095617,5.303500605252095e-07
sft_full_seed1,full,1,30000,15210,0.1537917087967644,0.177916419506073,3.084045965806581e-05,5.297999018981976e-07
sft_full_seed1,full,1,30000,15220,0.1538928210313448,0.03487391471862793,222.86553955078125,5.29249707061495e-07
sft_full_seed1,full,1,30000,15230,0.15399393326592517,0.05006759762763977,3.111801197519526e-05,5.286994766836401e-07
sft_full_seed1,full,1,30000,15240,0.15409504550050557,0.3439870119094849,0.06763970106840134,5.28149211433215e-07
sft_full_seed1,full,1,30000,15250,0.15419615773508594,5.925645818933844e-05,0.0012023774906992912,5.275989119788436e-07
sft_full_seed1,full,1,30000,15260,0.15429726996966633,0.34590792655944824,3.346490484545939e-05,5.270485789891919e-07
sft_full_seed1,full,1,30000,15270,0.1543983822042467,0.687856912612915,133.38943481445312,5.26498213132966e-07
sft_full_seed1,full,1,30000,15280,0.1544994944388271,0.3500586748123169,0.13491445779800415,5.259478150789127e-07
sft_full_seed1,full,1,30000,15290,0.15460060667340747,0.4667633056640625,0.0001660759880905971,5.253973854958172e-07
sft_full_seed1,full,1,30000,15300,0.15470171890798787,0.820950984954834,192.31431579589844,5.248469250525038e-07
sft_full_seed1,full,1,30000,15310,0.15480283114256826,2.394708280917257e-05,2.5558818379067816e-05,5.242964344178332e-07
sft_full_seed1,full,1,30000,15320,0.15490394337714863,0.09641945362091064,2.4631044652778655e-05,5.23745914260704e-07
sft_full_seed1,full,1,30000,15330,0.15500505561172903,0.16275774240493773,0.00030083797173574567,5.231953652500497e-07
sft_full_seed1,full,1,30000,15340,0.1551061678463094,0.5296566009521484,0.0021890178322792053,5.226447880548397e-07
sft_full_seed1,full,1,30000,15350,0.1552072800808898,0.427175235748291,0.001006550737656653,5.220941833440768e-07
sft_full_seed1,full,1,30000,15360,0.15530839231547017,0.25090818405151366,3.2768944947747514e-05,5.215435517867977e-07
sft_full_seed1,full,1,30000,15370,0.15540950455005056,0.26683971881866453,0.0005588441854342818,5.209928940520718e-07
sft_full_seed1,full,1,30000,15380,0.15551061678463093,0.0004881113767623901,2.1367472072597593e-05,5.204422108090003e-07
sft_full_seed1,full,1,30000,15390,0.15561172901921133,0.0017458287999033927,5.3042756917420775e-05,5.198915027267149e-07
sft_full_seed1,full,1,30000,15400,0.1557128412537917,0.015117736160755157,55.28746032714844,5.193407704743782e-07
sft_full_seed1,full,1,30000,15410,0.1558139534883721,0.8252765655517578,0.4356723427772522,5.187900147211814e-07
sft_full_seed1,full,1,30000,15420,0.15591506572295247,0.11795403957366943,5.2377465181052685e-05,5.182392361363452e-07
sft_full_seed1,full,1,30000,15430,0.15601617795753286,0.8776235580444336,179.3531494140625,5.176884353891171e-07
sft_full_seed1,full,1,30000,15440,0.15611729019211323,5.487549060489982e-06,0.002822056645527482,5.171376131487722e-07
sft_full_seed1,full,1,30000,15450,0.15621840242669363,0.37919344902038576,0.016027076169848442,5.165867700846113e-07
sft_full_seed1,full,1,30000,15460,0.156319514661274,0.05673377513885498,0.00010104919783771038,5.160359068659606e-07
sft_full_seed1,full,1,30000,15470,0.1564206268958544,0.16448349952697755,0.037310317158699036,5.154850241621711e-07
sft_full_seed1,full,1,30000,15480,0.1565217391304348,0.3400458097457886,0.00790607649832964,5.149341226426172e-07
sft_full_seed1,full,1,30000,15490,0.15662285136501516,0.405534553527832,22.373477935791016,5.14383202976696e-07
sft_full_seed1,full,1,30000,15500,0.15672396359959556,0.20331313610076904,290.8828430175781,5.138322658338268e-07
sft_full_seed1,full,1,30000,15510,0.15682507583417593,0.633886194229126,0.003469660645350814,5.132813118834504e-07
sft_full_seed1,full,1,30000,15520,0.15692618806875633,0.7335340023040772,154.77877807617188,5.127303417950277e-07
sft_full_seed1,full,1,30000,15530,0.1570273003033367,0.7361084938049316,130.74925231933594,5.121793562380395e-07
sft_full_seed1,full,1,30000,15540,0.1571284125379171,0.9375213623046875,128.11270141601562,5.116283558819848e-07
sft_full_seed1,full,1,30000,15550,0.15722952477249746,0.0002567473566159606,1.2380861043930054,5.110773413963813e-07
sft_full_seed1,full,1,30000,15560,0.15733063700707786,0.5639772891998291,0.022711141034960747,5.105263134507636e-07
sft_full_seed1,full,1,30000,15570,0.15743174924165823,0.433767032623291,210.43460083007812,5.099752727146823e-07
sft_full_seed1,full,1,30000,15580,0.15753286147623863,0.9292290687561036,47.66738510131836,5.094242198577041e-07
sft_full_seed1,full,1,30000,15590,0.157633973710819,0.11354961395263671,0.0030845028813928366,5.088731555494102e-07
sft_full_seed1,full,1,30000,15600,0.1577350859453994,0.15377320051193238,206.06045532226562,5.083220804593955e-07
sft_full_seed1,full,1,30000,15610,0.15783619817997976,4.476981412153691e-05,4.0090591937769204e-05,5.077709952572684e-07
sft_full_seed1,full,1,30000,15620,0.15793731041456016,0.1506698250770569,0.03555934876203537,5.072199006126493e-07
sft_full_seed1,full,1,30000,15630,0.15803842264914056,0.5546796321868896,0.025270335376262665,5.066687971951702e-07
sft_full_seed1,full,1,30000,15640,0.15813953488372093,1.1897899627685546,0.0009293250623159111,5.061176856744737e-07
sft_full_seed1,full,1,30000,15650,0.15824064711830133,0.4453896999359131,224.31475830078125,5.05566566720212e-07
sft_full_seed1,full,1,30000,15660,0.1583417593528817,0.03213045001029968,69.58195495605469,5.050154410020472e-07
sft_full_seed1,full,1,30000,15670,0.1584428715874621,0.45438308715820314,0.003972990904003382,5.044643091896485e-07
sft_full_seed1,full,1,30000,15680,0.15854398382204246,0.25289263725280764,0.007462455425411463,5.039131719526931e-07
sft_full_seed1,full,1,30000,15690,0.15864509605662286,0.2145411491394043,175.9531707763672,5.03362029960865e-07
sft_full_seed1,full,1,30000,15700,0.15874620829120323,0.5584427833557128,187.35870361328125,5.028108838838533e-07
sft_full_seed1,full,1,30000,15710,0.15884732052578363,0.1274351716041565,0.0002653849951457232,5.022597343913527e-07
sft_full_seed1,full,1,30000,15720,0.158948432760364,0.24083347320556642,7.2312010161113e-05,5.017085821530617e-07
sft_full_seed1,full,1,30000,15730,0.1590495449949444,0.5635993957519532,1.9725133824977092e-05,5.011574278386822e-07
sft_full_seed1,full,1,30000,15740,0.15915065722952476,0.023587325215339662,0.000393470108974725,5.006062721179189e-07
sft_full_seed1,full,1,30000,15750,0.15925176946410516,0.09626407027244568,0.017517918720841408,5.000551156604777e-07
sft_full_seed1,full,1,30000,15760,0.15935288169868553,0.3166891813278198,0.0028572482988238335,4.995039591360659e-07
sft_full_seed1,full,1,30000,15770,0.15945399393326593,0.33961195945739747,224.89541625976562,4.989528032143903e-07
sft_full_seed1,full,1,30000,15780,0.15955510616784632,0.05010901093482971,1.7215232849121094,4.984016485651578e-07
sft_full_seed1,full,1,30000,15790,0.1596562184024267,0.07845221757888794,207.54808044433594,4.978504958580727e-07
sft_full_seed1,full,1,30000,15800,0.1597573306370071,0.15893771648406982,0.038626961410045624,4.97299345762838e-07
sft_full_seed1,full,1,30000,15810,0.15985844287158746,2.3883767426013947e-05,0.0002509281039237976,4.96748198949153e-07
sft_full_seed1,full,1,30000,15820,0.15995955510616786,0.7668980121612549,0.0003704468545038253,4.961970560867126e-07
sft_full_seed1,full,1,30000,15830,0.16006066734074822,0.7043015956878662,0.006940888240933418,4.956459178452078e-07
sft_full_seed1,full,1,30000,15840,0.16016177957532862,0.47683010101318357,1.3488903045654297,4.950947848943234e-07
sft_full_seed1,full,1,30000,15850,0.160262891809909,0.16719938516616822,66.48454284667969,4.94543657903738e-07
sft_full_seed1,full,1,30000,15860,0.1603640040444894,0.008890025317668915,0.01703808829188347,4.939925375431225e-07
sft_full_seed1,full,1,30000,15870,0.16046511627906976,0.18991463184356688,1.2884982824325562,4.934414244821404e-07
sft_full_seed1,full,1,30000,15880,0.16056622851365016,0.23351645469665527,80.72917938232422,4.928903193904461e-07
sft_full_seed1,full,1,30000,15890,0.16066734074823052,0.07091136574745179,0.0011090959887951612,4.923392229376841e-07
sft_full_seed1,full,1,30000,15900,0.16076845298281092,0.18245468139648438,298.7835998535156,4.917881357934885e-07
sft_full_seed1,full,1,30000,15910,0.1608695652173913,0.06041363477706909,0.008336393162608147,4.912370586274824e-07
sft_full_seed1,full,1,30000,15920,0.1609706774519717,0.17543385028839112,0.0016656470252200961,4.906859921092763e-07
sft_full_seed1,full,1,30000,15930,0.16107178968655209,0.19514750242233275,0.0005710957339033484,4.90134936908468e-07
sft_full_seed1,full,1,30000,15940,0.16117290192113246,0.5208716869354248,2.4839622710715048e-05,4.895838936946415e-07
sft_full_seed1,full,1,30000,15950,0.16127401415571285,0.2762060403823853,0.0031012524850666523,4.890328631373665e-07
sft_full_seed1,full,1,30000,15960,0.16137512639029322,0.287725830078125,1.33185875415802,4.88481845906197e-07
sft_full_seed1,full,1,30000,15970,0.16147623862487362,4.835872823605314e-06,6.522035982925445e-05,4.879308426706706e-07
sft_full_seed1,full,1,30000,15980,0.161577350859454,0.29214346408843994,0.00011396215268177912,4.873798541003084e-07
sft_full_seed1,full,1,30000,15990,0.16167846309403439,0.03307766318321228,4.2231808038195595e-05,4.868288808646135e-07
sft_full_seed1,full,1,30000,16000,0.16177957532861476,0.0002956454874947667,0.0002873452322091907,4.862779236330705e-07
sft_full_seed1,full,1,30000,16010,0.16188068756319515,4.139482043683529e-05,0.007776689250022173,4.857269830751439e-07
sft_full_seed1,full,1,30000,16020,0.16198179979777552,0.19431214332580565,9.406578063964844,4.85176059860279e-07
sft_full_seed1,full,1,30000,16030,0.16208291203235592,0.2708878993988037,184.15162658691406,4.846251546578988e-07
sft_full_seed1,full,1,30000,16040,0.1621840242669363,0.032624822854995725,0.009590192697942257,4.840742681374058e-07
sft_full_seed1,full,1,30000,16050,0.16228513650151669,0.43842597007751466,242.68411254882812,4.835234009681786e-07
sft_full_seed1,full,1,30000,16060,0.16238624873609706,0.053450101613998414,2.3049222363624722e-05,4.829725538195729e-07
sft_full_seed1,full,1,30000,16070,0.16248736097067745,0.16937804222106934,8.254033309640363e-05,4.824217273609198e-07
sft_full_seed1,full,1,30000,16080,0.16258847320525785,0.03595800697803497,0.006321536377072334,4.818709222615255e-07
sft_full_seed1,full,1,30000,16090,0.16268958543983822,0.2556066751480103,0.00017911038594320416,4.813201391906701e-07
sft_full_seed1,full,1,30000,16100,0.16279069767441862,0.515172004699707,3.5905650292988867e-05,4.80769378817607e-07
sft_full_seed1,full,1,30000,16110,0.16289180990899899,0.2955947399139404,26.91218376159668,4.802186418115621e-07
sft_full_seed1,full,1,30000,16120,0.16299292214357938,0.15556219816207886,282.3431701660156,4.796679288417326e-07
sft_full_seed1,full,1,30000,16130,0.16309403437815975,0.4056276798248291,3.0144272386678495e-05,4.791172405772866e-07
sft_full_seed1,full,1,30000,16140,0.16319514661274015,0.5049213409423828,0.003860702272504568,4.785665776873624e-07
sft_full_seed1,full,1,30000,16150,0.16329625884732052,0.2410980463027954,0.0006105469656176865,4.780159408410676e-07
sft_full_seed1,full,1,30000,16160,0.16339737108190092,5.7934965298045425e-06,0.000563428329769522,4.774653307074774e-07
sft_full_seed1,full,1,30000,16170,0.16349848331648129,0.3232266902923584,0.01056507509201765,4.769147479556355e-07
sft_full_seed1,full,1,30000,16180,0.16359959555106168,0.47672290802001954,0.00011438763613114133,4.7636419325455153e-07
sft_full_seed1,full,1,30000,16190,0.16370070778564205,0.7959749221801757,164.96083068847656,4.7581366727320125e-07
sft_full_seed1,full,1,30000,16200,0.16380182002022245,0.0053615614771842955,0.06868778169155121,4.7526317068052606e-07
sft_full_seed1,full,1,30000,16210,0.16390293225480282,2.7240050258114934e-05,7.307491614483297e-05,4.7471270414543107e-07
sft_full_seed1,full,1,30000,16220,0.16400404448938322,0.03802779912948608,3.454369289102033e-05,4.741622683367849e-07
sft_full_seed1,full,1,30000,16230,0.1641051567239636,0.03280285596847534,1.7353867292404175,4.7361186392341907e-07
sft_full_seed1,full,1,30000,16240,0.16420626895854398,0.012910491228103638,4.046488174935803e-05,4.730614915741266e-07
sft_full_seed1,full,1,30000,16250,0.16430738119312438,0.30521907806396487,0.0003239394281990826,4.7251115195766226e-07
sft_full_seed1,full,1,30000,16260,0.16440849342770475,0.7775538921356201,9.884983592201024e-05,4.719608457427403e-07
sft_full_seed1,full,1,30000,16270,0.16450960566228515,0.05583162903785706,211.0667724609375,4.714105735980347e-07
sft_full_seed1,full,1,30000,16280,0.16461071789686552,0.2750329256057739,213.83460998535156,4.7086033619217793e-07
sft_full_seed1,full,1,30000,16290,0.1647118301314459,0.8158511161804199,0.00019246303418185562,4.703101341937603e-07
sft_full_seed1,full,1,30000,16300,0.16481294236602628,0.22520310878753663,2.4282797312480398e-05,4.697599682713292e-07
sft_full_seed1,full,1,30000,16310,0.16491405460060668,0.763406229019165,0.0019332130905240774,4.6920983909338824e-07
sft_full_seed1,full,1,30000,16320,0.16501516683518705,2.5278839166276158e-05,3.834735616692342e-05,4.686597473283961e-07
sft_full_seed1,full,1,30000,16330,0.16511627906976745,0.8320030212402344,7.984776311786845e-05,4.681096936447661e-07
sft_full_seed1,full,1,30000,16340,0.16521739130434782,0.3762103319168091,356.6274719238281,4.6755967871086524e-07
sft_full_seed1,full,1,30000,16350,0.1653185035389282,2.410568413324654e-05,0.00015381307457573712,4.670097031950138e-07
sft_full_seed1,full,1,30000,16360,0.16541961577350858,0.479950475692749,0.09103158116340637,4.664597677654838e-07
sft_full_seed1,full,1,30000,16370,0.16552072800808898,0.18187329769134522,9.210951975546777e-05,4.659098730904985e-07
sft_full_seed1,full,1,30000,16380,0.16562184024266935,5.137523403391242e-05,0.023547198623418808,4.6536001983823195e-07
sft_full_seed1,full,1,30000,16390,0.16572295247724975,0.35228254795074465,4.458244802663103e-05,4.648102086768077e-07
sft_full_seed1,full,1,30000,16400,0.16582406471183014,0.31265878677368164,0.013480204157531261,4.642604402742978e-07
sft_full_seed1,full,1,30000,16410,0.1659251769464105,0.346057653427124,8.696114673512056e-05,4.637107152987233e-07
sft_full_seed1,full,1,30000,16420,0.1660262891809909,0.5446338176727294,26.55754852294922,4.631610344180515e-07
sft_full_seed1,full,1,30000,16430,0.16612740141557128,0.0004864663351327181,0.00041164696449413896,4.6261139830019644e-07
sft_full_seed1,full,1,30000,16440,0.16622851365015168,0.0010102038271725179,0.008456069976091385,4.6206180761301817e-07
sft_full_seed1,full,1,30000,16450,0.16632962588473205,0.5972495079040527,216.65989685058594,4.6151226302432066e-07
sft_full_seed1,full,1,30000,16460,0.16643073811931244,0.0004874734673649073,0.5479353666305542,4.60962765201853e-07
sft_full_seed1,full,1,30000,16470,0.1665318503538928,0.05007986426353454,0.0007589269080199301,4.6041331481330657e-07
sft_full_seed1,full,1,30000,16480,0.1666329625884732,0.41599035263061523,0.017689157277345657,4.5986391252631546e-07
sft_full_seed1,full,1,30000,16490,0.16673407482305358,2.2282559075392783e-05,0.001590299652889371,4.593145590084552e-07
sft_full_seed1,full,1,30000,16500,0.16683518705763398,0.5269299983978272,0.0018344264244660735,4.5876525492724195e-07
sft_full_seed1,full,1,30000,16510,0.16693629929221435,0.5477582931518554,0.0004958503413945436,4.582160009501323e-07
sft_full_seed1,full,1,30000,16520,0.16703741152679474,0.11026301383972167,0.001129782060161233,4.576667977445214e-07
sft_full_seed1,full,1,30000,16530,0.1671385237613751,0.2701866149902344,0.0045728664845228195,4.5711764597774304e-07
sft_full_seed1,full,1,30000,16540,0.1672396359959555,0.20841810703277588,0.000522780988831073,4.5656854631706845e-07
sft_full_seed1,full,1,30000,16550,0.1673407482305359,0.3641811370849609,3.95845236198511e-05,4.5601949942970533e-07
sft_full_seed1,full,1,30000,16560,0.16744186046511628,0.6334934711456299,0.5521940588951111,4.5547050598279737e-07
sft_full_seed1,full,1,30000,16570,0.16754297269969667,5.29163284227252e-05,0.0007036098395474255,4.549215666434236e-07
sft_full_seed1,full,1,30000,16580,0.16764408493427704,0.4466847896575928,0.0019503524526953697,4.5437268207859693e-07
sft_full_seed1,full,1,30000,16590,0.16774519716885744,0.47115697860717776,0.16727674007415771,4.5382385295526403e-07
sft_full_seed1,full,1,30000,16600,0.1678463094034378,0.44561328887939455,129.9146270751953,4.532750799403039e-07
sft_full_seed1,full,1,30000,16610,0.1679474216380182,0.00673566684126854,74.68411254882812,4.527263637005273e-07
sft_full_seed1,full,1,30000,16620,0.16804853387259858,0.5042994499206543,2.2828144210507162e-05,4.521777049026766e-07
sft_full_seed1,full,1,30000,16630,0.16814964610717897,0.5845888137817383,0.0001398099702782929,4.5162910421342383e-07
sft_full_seed1,full,1,30000,16640,0.16825075834175934,0.4255383491516113,0.012583893723785877,4.510805622993705e-07
sft_full_seed1,full,1,30000,16650,0.16835187057633974,0.01632086932659149,0.0006424596649594605,4.5053207982704664e-07
sft_full_seed1,full,1,30000,16660,0.1684529828109201,0.005366209894418716,2.010416028497275e-05,4.499836574629104e-07
sft_full_seed1,full,1,30000,16670,0.1685540950455005,0.05605072975158691,8.048535346984863,4.494352958733465e-07
sft_full_seed1,full,1,30000,16680,0.16865520728008088,0.1921860933303833,0.9839121699333191,4.488869957246662e-07
sft_full_seed1,full,1,30000,16690,0.16875631951466127,0.40834527015686034,0.0007048187544569373,4.483387576831057e-07
sft_full_seed1,full,1,30000,16700,0.16885743174924167,3.65265179425478e-05,0.0006577548338100314,4.47790582414826e-07
sft_full_seed1,full,1,30000,16710,0.16895854398382204,0.5284789085388184,0.0009398982510901988,4.472424705859114e-07
sft_full_seed1,full,1,30000,16720,0.16905965621840244,0.004274260997772217,0.0007011313573457301,4.4669442286237e-07
sft_full_seed1,full,1,30000,16730,0.1691607684529828,0.6522944450378418,153.08322143554688,4.461464399101312e-07
sft_full_seed1,full,1,30000,16740,0.1692618806875632,0.3042705297470093,0.00034066897933371365,4.4559852239504595e-07
sft_full_seed1,full,1,30000,16750,0.16936299292214357,0.14651951789855958,0.33273500204086304,4.4505067098288573e-07
sft_full_seed1,full,1,30000,16760,0.16946410515672397,0.25844223499298097,5.0065551477018744e-05,4.445028863393417e-07
sft_full_seed1,full,1,30000,16770,0.16956521739130434,0.0007938745431602002,0.00286006648093462,4.4395516913002354e-07
sft_full_seed1,full,1,30000,16780,0.16966632962588474,0.002333076857030392,0.0012972067343071103,4.4340752002045984e-07
sft_full_seed1,full,1,30000,16790,0.1697674418604651,0.023699639737606047,0.003746125614270568,4.428599396760956e-07
sft_full_seed1,full,1,30000,16800,0.1698685540950455,0.7522900104522705,0.0006594097358174622,4.423124287622925e-07
sft_full_seed1,full,1,30000,16810,0.16996966632962587,0.9584920883178711,176.71766662597656,4.4176498794432817e-07
sft_full_seed1,full,1,30000,16820,0.17007077856420627,0.45840678215026853,2.1356776414904743e-05,4.412176178873944e-07
sft_full_seed1,full,1,30000,16830,0.17017189079878664,0.043978828191757205,0.14527654647827148,4.40670319256598e-07
sft_full_seed1,full,1,30000,16840,0.17027300303336704,0.00042015924118459224,3.6566383838653564,4.401230927169581e-07
sft_full_seed1,full,1,30000,16850,0.17037411526794743,0.014526073634624482,0.02349637821316719,4.395759389334066e-07
sft_full_seed1,full,1,30000,16860,0.1704752275025278,0.09874618649482728,12.853446006774902,4.3902885857078683e-07
sft_full_seed1,full,1,30000,16870,0.1705763397371082,0.5713649749755859,0.005736127495765686,4.3848185229385303e-07
sft_full_seed1,full,1,30000,16880,0.17067745197168857,0.47315521240234376,2.3630545911146328e-05,4.379349207672695e-07
sft_full_seed1,full,1,30000,16890,0.17077856420626897,0.6629357814788819,0.00011946632730541751,4.3738806465560974e-07
sft_full_seed1,full,1,30000,16900,0.17087967644084934,0.5568350315093994,0.008224436081945896,4.368412846233553e-07
sft_full_seed1,full,1,30000,16910,0.17098078867542973,0.14220058917999268,6.910890806466341e-05,4.362945813348955e-07
sft_full_seed1,full,1,30000,16920,0.1710819009100101,0.8726637840270997,0.00031030381796881557,4.357479554545262e-07
sft_full_seed1,full,1,30000,16930,0.1711830131445905,0.18063247203826904,0.002064182423055172,4.352014076464499e-07
sft_full_seed1,full,1,30000,16940,0.17128412537917087,0.18347954750061035,0.0008301348425447941,4.3465493857477333e-07
sft_full_seed1,full,1,30000,16950,0.17138523761375127,0.3458464860916138,7.730073411948979e-05,4.341085489035079e-07
sft_full_seed1,full,1,30000,16960,0.17148634984833164,0.2459721326828003,0.0015496363630518317,4.335622392965689e-07
sft_full_seed1,full,1,30000,16970,0.17158746208291203,0.08597179651260375,0.023733701556921005,4.330160104177737e-07
sft_full_seed1,full,1,30000,16980,0.1716885743174924,0.4896701812744141,0.02097017504274845,4.324698629308419e-07
sft_full_seed1,full,1,30000,16990,0.1717896865520728,0.5380936145782471,4.358008861541748,4.3192379749939456e-07
sft_full_seed1,full,1,30000,17000,0.1718907987866532,0.37262284755706787,5.368295023799874e-05,4.313778147869523e-07
sft_full_seed1,full,1,30000,17010,0.17199191102123357,0.5459121227264404,5.175101978238672e-05,4.3083191545693575e-07
sft_full_seed1,full,1,30000,17020,0.17209302325581396,0.30851728916168214,0.0001322904136031866,4.302861001726641e-07
sft_full_seed1,full,1,30000,17030,0.17219413549039433,0.08707106113433838,2.96144700050354,4.297403695973541e-07
sft_full_seed1,full,1,30000,17040,0.17229524772497473,0.7726881980895997,0.004424892831593752,4.291947243941203e-07
sft_full_seed1,full,1,30000,17050,0.1723963599595551,1.2933714606333524e-05,0.001297185430303216,4.286491652259729e-07
sft_full_seed1,full,1,30000,17060,0.1724974721941355,0.0056520126760005954,1.811731219291687,4.281036927558177e-07
sft_full_seed1,full,1,30000,17070,0.17259858442871587,0.002854582667350769,0.016150429844856262,4.2755830764645517e-07
sft_full_seed1,full,1,30000,17080,0.17269969666329626,0.3170882225036621,2.682157278060913,4.2701301056057934e-07
sft_full_seed1,full,1,30000,17090,0.17280080889787663,0.186747407913208,329.1542053222656,4.2646780216077813e-07
sft_full_seed1,full,1,30000,17100,0.17290192113245703,0.023215506970882416,1.9958182747359388e-05,4.25922683109531e-07
sft_full_seed1,full,1,30000,17110,0.1730030333670374,0.1474231719970703,0.001771201379597187,4.2537765406920897e-07
sft_full_seed1,full,1,30000,17120,0.1731041456016178,0.15418261289596558,0.21179090440273285,4.248327157020736e-07
sft_full_seed1,full,1,30000,17130,0.17320525783619817,0.5228102207183838,0.00017255375860258937,4.242878686702763e-07
sft_full_seed1,full,1,30000,17140,0.17330637007077856,0.4918489933013916,0.00010612112237140536,4.237431136358579e-07
sft_full_seed1,full,1,30000,17150,0.17340748230535896,0.4959112644195557,0.0003786402230616659,4.2319845126074705e-07
sft_full_seed1,full,1,30000,17160,0.17350859453993933,0.00019104804378002881,4.6927740186220035e-05,4.226538822067597e-07
sft_full_seed1,full,1,30000,17170,0.17360970677451973,0.03600824475288391,116.87130737304688,4.221094071355989e-07
sft_full_seed1,full,1,30000,17180,0.1737108190091001,0.005361566692590714,0.0006648991256952286,4.2156502670885296e-07
sft_full_seed1,full,1,30000,17190,0.1738119312436805,0.24824178218841553,6.168098479975015e-05,4.2102074158799527e-07
sft_full_seed1,full,1,30000,17200,0.17391304347826086,0.7585845947265625,0.0004948049318045378,4.2047655243438407e-07
sft_full_seed1,full,1,30000,17210,0.17401415571284126,0.0005615211557596922,0.010405285283923149,4.199324599092603e-07
sft_full_seed1,full,1,30000,17220,0.17411526794742163,0.22092900276184083,6.43913954263553e-05,4.193884646737474e-07
sft_full_seed1,full,1,30000,17230,0.17421638018200203,0.31675574779510496,0.011366114020347595,4.1884456738885123e-07
sft_full_seed1,full,1,30000,17240,0.1743174924165824,0.23148443698883056,0.001689283992163837,4.1830076871545793e-07
sft_full_seed1,full,1,30000,17250,0.1744186046511628,0.5537765026092529,0.7448436617851257,4.177570693143346e-07
sft_full_seed1,full,1,30000,17260,0.17451971688574316,0.17242732048034667,3.235502663301304e-05,4.1721346984612704e-07
sft_full_seed1,full,1,30000,17270,0.17462082912032356,0.07319690585136414,190.3751678466797,4.1666997097135984e-07
sft_full_seed1,full,1,30000,17280,0.17472194135490393,0.4963188648223877,0.0003575683804228902,4.161265733504355e-07
sft_full_seed1,full,1,30000,17290,0.17482305358948433,0.43884949684143065,0.015612357296049595,4.1558327764363307e-07
sft_full_seed1,full,1,30000,17300,0.17492416582406473,0.7131226062774658,2.7311607482261024e-05,4.150400845111084e-07
sft_full_seed1,full,1,30000,17310,0.1750252780586451,1.010049533843994,186.28390502929688,4.1449699461289225e-07
sft_full_seed1,full,1,30000,17320,0.1751263902932255,0.08602665066719055,0.0003961469337809831,4.1395400860889006e-07
sft_full_seed1,full,1,30000,17330,0.17522750252780586,0.3810654401779175,3.258879587519914e-05,4.1341112715888105e-07
sft_full_seed1,full,1,30000,17340,0.17532861476238626,0.33604736328125,0.08624500781297684,4.1286835092251715e-07
sft_full_seed1,full,1,30000,17350,0.17542972699696663,0.00028362334705889225,3.6601177271222696e-05,4.1232568055932305e-07
sft_full_seed1,full,1,30000,17360,0.17553083923154703,0.21771056652069093,2.5267818273277953e-05,4.1178311672869426e-07
sft_full_seed1,full,1,30000,17370,0.1756319514661274,0.002976270578801632,0.00047951791202649474,4.1124066008989675e-07
sft_full_seed1,full,1,30000,17380,0.1757330637007078,0.9346907615661622,0.015280396677553654,4.106983113020669e-07
sft_full_seed1,full,1,30000,17390,0.17583417593528816,0.0004900969099253416,0.004094860050827265,4.1015607102420937e-07
sft_full_seed1,full,1,30000,17400,0.17593528816986856,0.4460397720336914,2.2267420717980713e-05,4.0961393991519704e-07
sft_full_seed1,full,1,30000,17410,0.17603640040444893,0.1504298686981201,0.213649719953537,4.090719186337708e-07
sft_full_seed1,full,1,30000,17420,0.17613751263902933,0.04377857446670532,2.2689062461722642e-05,4.085300078385374e-07
sft_full_seed1,full,1,30000,17430,0.1762386248736097,0.29586520195007326,0.0008297056774608791,4.0798820818796953e-07
sft_full_seed1,full,1,30000,17440,0.1763397371081901,0.26167571544647217,0.007630169857293367,4.0744652034040474e-07
sft_full_seed1,full,1,30000,17450,0.17644084934277046,0.07996295690536499,0.8567126393318176,4.0690494495404493e-07
sft_full_seed1,full,1,30000,17460,0.17654196157735086,0.5335354804992676,0.001894287415780127,4.063634826869553e-07
sft_full_seed1,full,1,30000,17470,0.17664307381193126,0.014531441032886505,16.782747268676758,4.0582213419706367e-07
sft_full_seed1,full,1,30000,17480,0.17674418604651163,0.000797467865049839,0.00018322518735658377,4.052809001421594e-07
sft_full_seed1,full,1,30000,17490,0.17684529828109202,0.1298702836036682,0.0006446234765462577,4.0473978117989287e-07
sft_full_seed1,full,1,30000,17500,0.1769464105156724,0.1852864980697632,9.503273010253906,4.0419877796777447e-07
sft_full_seed1,full,1,30000,17510,0.1770475227502528,0.14651970863342284,0.0034855667036026716,4.036578911631745e-07
sft_full_seed1,full,1,30000,17520,0.17714863498483316,0.025176170468330383,2.2512000214192085e-05,4.031171214233211e-07
sft_full_seed1,full,1,30000,17530,0.17724974721941356,7.101026130840182e-05,0.0031162481755018234,4.0257646940530076e-07
sft_full_seed1,full,1,30000,17540,0.17735085945399393,3.382857539691031e-05,0.000929603585973382,4.0203593576605653e-07
sft_full_seed1,full,1,30000,17550,0.17745197168857432,0.3016331672668457,0.01948690228164196,4.014955211623875e-07
sft_full_seed1,full,1,30000,17560,0.1775530839231547,0.21856341361999512,0.00016807409701868892,4.009552262509489e-07
sft_full_seed1,full,1,30000,17570,0.1776541961577351,0.2341146469116211,2.779637543426361e-05,4.0041505168824966e-07
sft_full_seed1,full,1,30000,17580,0.17775530839231546,0.001743689738214016,0.03228515386581421,3.9987499813065294e-07
sft_full_seed1,full,1,30000,17590,0.17785642062689586,0.4552931785583496,300.2568359375,3.993350662343745e-07
sft_full_seed1,full,1,30000,17600,0.17795753286147623,0.6817763328552247,0.0034102718345820904,3.9879525665548274e-07
sft_full_seed1,full,1,30000,17610,0.17805864509605662,0.22123005390167236,0.00011543260188773274,3.98255570049897e-07
sft_full_seed1,full,1,30000,17620,0.17815975733063702,0.2563471794128418,192.4124755859375,3.977160070733877e-07
sft_full_seed1,full,1,30000,17630,0.1782608695652174,0.43210697174072266,0.0041804532520473,3.9717656838157453e-07
sft_full_seed1,full,1,30000,17640,0.1783619817997978,0.010450921207666396,0.0025257584638893604,3.966372546299264e-07
sft_full_seed1,full,1,30000,17650,0.17846309403437816,2.530417696107179e-05,2.9799633921356872e-05,3.9609806647376033e-07
sft_full_seed1,full,1,30000,17660,0.17856420626895855,0.08704147934913635,0.00010386066423961893,3.955590045682407e-07
sft_full_seed1,full,1,30000,17670,0.17866531850353892,0.39198594093322753,13.731127738952637,3.9502006956837873e-07
sft_full_seed1,full,1,30000,17680,0.17876643073811932,0.3654340744018555,0.003022899152711034,3.9448126212903133e-07
sft_full_seed1,full,1,30000,17690,0.1788675429726997,0.619447660446167,3.06015535898041e-05,3.939425829049001e-07
sft_full_seed1,full,1,30000,17700,0.1789686552072801,0.13827269077301024,469.2684020996094,3.9340403255053126e-07
sft_full_seed1,full,1,30000,17710,0.17906976744186046,0.05388190746307373,272.70562744140625,3.92865611720314e-07
sft_full_seed1,full,1,30000,17720,0.17917087967644085,0.002346215397119522,6.996336014708504e-05,3.9232732106848086e-07
sft_full_seed1,full,1,30000,17730,0.17927199191102122,0.8916800498962403,0.002540533896535635,3.9178916124910547e-07
sft_full_seed1,full,1,30000,17740,0.17937310414560162,5.9068412519991397e-05,0.0014027979923412204,3.912511329161027e-07
sft_full_seed1,full,1,30000,17750,0.179474216380182,0.00045007015578448775,0.0007612127810716629,3.9071323672322783e-07
sft_full_seed1,full,1,30000,17760,0.1795753286147624,0.17858020067214966,0.0005940659320913255,3.901754733240752e-07
sft_full_seed1,full,1,30000,17770,0.17967644084934278,0.3108236074447632,0.000876334379427135,3.896378433720785e-07
sft_full_seed1,full,1,30000,17780,0.17977755308392315,0.13460031747817994,0.0014392663724720478,3.8910034752050857e-07
sft_full_seed1,full,1,30000,17790,0.17987866531850355,0.16960279941558837,0.00010626905714161694,3.885629864224736e-07
sft_full_seed1,full,1,30000,17800,0.17997977755308392,0.3323119401931763,0.008721370249986649,3.8802576073091774e-07
sft_full_seed1,full,1,30000,17810,0.18008088978766432,0.653801155090332,375.06036376953125,3.8748867109862124e-07
sft_full_seed1,full,1,30000,17820,0.18018200202224469,0.3215212345123291,2.8237369060516357,3.8695171817819825e-07
sft_full_seed1,full,1,30000,17830,0.18028311425682508,0.4077584266662598,265.465087890625,3.864149026220977e-07
sft_full_seed1,full,1,30000,17840,0.18038422649140545,0.07137840986251831,2.5366749468958005e-05,3.8587822508260083e-07
sft_full_seed1,full,1,30000,17850,0.18048533872598585,0.002970888838171959,23.720741271972656,3.853416862118214e-07
sft_full_seed1,full,1,30000,17860,0.18058645096056622,0.364139723777771,0.0002747046237345785,3.8480528666170485e-07
sft_full_seed1,full,1,30000,17870,0.18068756319514662,0.6333818912506104,0.0005147148622199893,3.8426902708402694e-07
sft_full_seed1,full,1,30000,17880,0.18078867542972699,0.15966005325317384,0.0013612158363685012,3.83732908130394e-07
sft_full_seed1,full,1,30000,17890,0.18088978766430738,1.3666964530944825,0.0002221443282905966,3.8319693045224087e-07
sft_full_seed1,full,1,30000,17900,0.18099089989888775,6.0613109963014725e-05,0.00031278160167858005,3.826610947008312e-07
sft_full_seed1,full,1,30000,17910,0.18109201213346815,0.16909154653549194,0.0003677050117403269,3.821254015272558e-07
sft_full_seed1,full,1,30000,17920,0.18119312436804855,0.0014249310828745366,0.00039124852628447115,3.8158985158243214e-07
sft_full_seed1,full,1,30000,17930,0.18129423660262892,0.4018679141998291,0.019455211237072945,3.8105444551710437e-07
sft_full_seed1,full,1,30000,17940,0.1813953488372093,0.2337367296218872,0.0005458044470287859,3.805191839818411e-07
sft_full_seed1,full,1,30000,17950,0.18149646107178968,0.14221835136413574,0.00032246700720861554,3.799840676270356e-07
sft_full_seed1,full,1,30000,17960,0.18159757330637008,0.08213716149330139,3.837565236608498e-05,3.7944909710290474e-07
sft_full_seed1,full,1,30000,17970,0.18169868554095045,0.2667991638183594,0.0012336337240412831,3.7891427305948806e-07
sft_full_seed1,full,1,30000,17980,0.18179979777553085,0.30267646312713625,0.019851790741086006,3.783795961466471e-07
sft_full_seed1,full,1,30000,17990,0.18190091001011122,0.20455639362335204,135.86236572265625,3.7784506701406505e-07
sft_full_seed1,full,1,30000,18000,0.1820020222446916,0.3458410263061523,0.00487402081489563,3.773106863112451e-07
sft_full_seed1,full,1,30000,18010,0.18210313447927198,0.4547550678253174,0.0008780626230873168,3.7677645468751e-07
sft_full_seed1,full,1,30000,18020,0.18220424671385238,0.25459113121032717,0.00027443034923635423,3.762423727920017e-07
sft_full_seed1,full,1,30000,18030,0.18230535894843275,0.41501317024230955,0.000571336189750582,3.757084412736799e-07
sft_full_seed1,full,1,30000,18040,0.18240647118301315,0.007268141210079193,5.3212803322821856e-05,3.751746607813221e-07
sft_full_seed1,full,1,30000,18050,0.18250758341759352,0.3716511964797974,0.00041349660023115575,3.746410319635217e-07
sft_full_seed1,full,1,30000,18060,0.1826086956521739,0.15051053762435912,3.2845549867488444e-05,3.74107555468688e-07
sft_full_seed1,full,1,30000,18070,0.1827098078867543,0.5167071342468261,3.8717877864837646,3.735742319450453e-07
sft_full_seed1,full,1,30000,18080,0.18281092012133468,0.148495352268219,0.0023081512190401554,3.730410620406318e-07
sft_full_seed1,full,1,30000,18090,0.18291203235591508,0.24098894596099854,0.0007045069942250848,3.725080464032996e-07
sft_full_seed1,full,1,30000,18100,0.18301314459049545,0.0011258397251367569,7.400200366973877,3.719751856807125e-07
sft_full_seed1,full,1,30000,18110,0.18311425682507584,0.6479071617126465,0.0058930194936692715,3.7144248052034694e-07
sft_full_seed1,full,1,30000,18120,0.1832153690596562,3.5724919871427116e-05,0.0005141088040545583,3.709099315694897e-07
sft_full_seed1,full,1,30000,18130,0.1833164812942366,0.4690910816192627,301.90179443359375,3.703775394752378e-07
sft_full_seed1,full,1,30000,18140,0.18341759352881698,0.09913499355316162,0.06708139926195145,3.698453048844983e-07
sft_full_seed1,full,1,30000,18150,0.18351870576339738,0.3086005687713623,0.0015034981770440936,3.6931322844398606e-07
sft_full_seed1,full,1,30000,18160,0.18361981799797775,0.5750736236572266,0.3241656720638275,3.6878131080022414e-07
sft_full_seed1,full,1,30000,18170,0.18372093023255814,6.579859764315188e-05,0.0038816037122160196,3.6824955259954283e-07
sft_full_seed1,full,1,30000,18180,0.1838220424671385,0.008585266023874282,0.3221154510974884,3.677179544880784e-07
sft_full_seed1,full,1,30000,18190,0.1839231547017189,0.5813709259033203,315.428466796875,3.671865171117724e-07
sft_full_seed1,full,1,30000,18200,0.18402426693629928,9.75486938841641e-05,2.646293432917446e-05,3.666552411163718e-07
sft_full_seed1,full,1,30000,18210,0.18412537917087968,0.19595129489898683,0.011904561892151833,3.661241271474269e-07
sft_full_seed1,full,1,30000,18220,0.18422649140546007,0.2153576374053955,0.567057192325592,3.655931758502911e-07
sft_full_seed1,full,1,30000,18230,0.18432760364004044,0.010474351048469544,0.0012940354645252228,3.6506238787012036e-07
sft_full_seed1,full,1,30000,18240,0.18442871587462084,0.2125995397567749,0.029172834008932114,3.645317638518721e-07
sft_full_seed1,full,1,30000,18250,0.1845298281092012,0.2042788028717041,261.1230773925781,3.640013044403045e-07
sft_full_seed1,full,1,30000,18260,0.1846309403437816,0.7035421371459961,0.00025566015392541885,3.6347101027997607e-07
sft_full_seed1,full,1,30000,18270,0.18473205257836198,0.21017775535583497,0.00029201581492088735,3.629408820152439e-07
sft_full_seed1,full,1,30000,18280,0.18483316481294237,0.2683870315551758,6.927127105882391e-05,3.62410920290264e-07
sft_full_seed1,full,1,30000,18290,0.18493427704752274,0.22117159366607667,7.592993642902002e-05,3.618811257489895e-07
sft_full_seed1,full,1,30000,18300,0.18503538928210314,7.75749736931175e-05,0.000196508874068968,3.6135149903517116e-07
sft_full_seed1,full,1,30000,18310,0.1851365015166835,0.1775449752807617,0.00017247727373614907,3.6082204079235513e-07
sft_full_seed1,full,1,30000,18320,0.1852376137512639,0.0008163155987858772,0.02092113345861435,3.6029275166388323e-07
sft_full_seed1,full,1,30000,18330,0.18533872598584428,0.001640031673014164,0.00017880740051623434,3.5976363229289164e-07
sft_full_seed1,full,1,30000,18340,0.18543983822042467,0.48338971138000486,0.0003272943722549826,3.5923468332231e-07
sft_full_seed1,full,1,30000,18350,0.18554095045500504,0.40941224098205564,0.004672750364989042,3.5870590539486154e-07
sft_full_seed1,full,1,30000,18360,0.18564206268958544,0.032396289706230166,3.7458183765411377,3.5817729915306133e-07
sft_full_seed1,full,1,30000,18370,0.1857431749241658,0.17955840826034547,0.006285468116402626,3.576488652392156e-07
sft_full_seed1,full,1,30000,18380,0.1858442871587462,0.5173159122467041,0.000255417893640697,3.5712060429542135e-07
sft_full_seed1,full,1,30000,18390,0.1859453993933266,0.30029687881469724,0.0012862345902249217,3.5659251696356564e-07
sft_full_seed1,full,1,30000,18400,0.18604651162790697,0.6125520229339599,0.00032354731229133904,3.56064603885324e-07
sft_full_seed1,full,1,30000,18410,0.18614762386248737,0.010446816682815552,4.7077272029127926e-05,3.555368657021611e-07
sft_full_seed1,full,1,30000,18420,0.18624873609706774,0.15489709377288818,40.83994674682617,3.550093030553284e-07
sft_full_seed1,full,1,30000,18430,0.18634984833164814,7.495609461329877e-05,0.00020953771308995783,3.544819165858642e-07
sft_full_seed1,full,1,30000,18440,0.1864509605662285,0.3118145942687988,4.31209773523733e-05,3.5395470693459264e-07
sft_full_seed1,full,1,30000,18450,0.1865520728008089,0.0004772460088133812,0.00031327453325502574,3.5342767474212335e-07
sft_full_seed1,full,1,30000,18460,0.18665318503538927,0.36137521266937256,0.0005329506238922477,3.5290082064885016e-07
sft_full_seed1,full,1,30000,18470,0.18675429726996967,0.22845942974090577,110.8936996459961,3.523741452949505e-07
sft_full_seed1,full,1,30000,18480,0.18685540950455004,0.4376330852508545,0.006824811454862356,3.518476493203845e-07
sft_full_seed1,full,1,30000,18490,0.18695652173913044,0.8644236564636231,0.07978785037994385,3.5132133336489445e-07
sft_full_seed1,full,1,30000,18500,0.1870576339737108,0.0907331645488739,0.09436643868684769,3.5079519806800366e-07
sft_full_seed1,full,1,30000,18510,0.1871587462082912,0.08015640974044799,0.8518331050872803,3.502692440690165e-07
sft_full_seed1,full,1,30000,18520,0.18725985844287157,0.1346134901046753,0.003816107055172324,3.497434720070165e-07
sft_full_seed1,full,1,30000,18530,0.18736097067745197,0.4720149993896484,2.51746823778376e-05,3.492178825208661e-07
sft_full_seed1,full,1,30000,18540,0.18746208291203237,1.270702196052298e-05,0.0010535133769735694,3.486924762492064e-07
sft_full_seed1,full,1,30000,18550,0.18756319514661274,0.6032960414886475,11.31610107421875,3.481672538304553e-07
sft_full_seed1,full,1,30000,18560,0.18766430738119314,0.04325728714466095,57.458065032958984,3.4764221590280784e-07
sft_full_seed1,full,1,30000,18570,0.1877654196157735,0.25479700565338137,14.820343017578125,3.4711736310423446e-07
sft_full_seed1,full,1,30000,18580,0.1878665318503539,6.2186052673496304e-06,3.479379665805027e-05,3.4659269607248074e-07
sft_full_seed1,full,1,30000,18590,0.18796764408493427,0.4020566940307617,0.0002973007794935256,3.460682154450666e-07
sft_full_seed1,full,1,30000,18600,0.18806875631951467,0.0008867183700203895,0.0004100252699572593,3.455439218592856e-07
sft_full_seed1,full,1,30000,18610,0.18816986855409504,0.6594871997833252,0.0038801426999270916,3.4501981595220365e-07
sft_full_seed1,full,1,30000,18620,0.18827098078867543,0.851195240020752,0.0002807581622619182,3.4449589836065915e-07
sft_full_seed1,full,1,30000,18630,0.1883720930232558,1.5917573182377965e-05,0.0001271606597583741,3.439721697212612e-07
sft_full_seed1,full,1,30000,18640,0.1884732052578362,1.7153166118077935e-05,0.0005198422004468739,3.4344863067038955e-07
sft_full_seed1,full,1,30000,18650,0.18857431749241657,0.060807281732559205,8.118350982666016,3.429252818441934e-07
sft_full_seed1,full,1,30000,18660,0.18867542972699697,0.08041259050369262,264.0131530761719,3.4240212387859093e-07
sft_full_seed1,full,1,30000,18670,0.18877654196157734,0.4225044250488281,0.00012097843864466995,3.4187915740926853e-07
sft_full_seed1,full,1,30000,18680,0.18887765419615773,0.22543039321899414,0.04160098731517792,3.4135638307167957e-07
sft_full_seed1,full,1,30000,18690,0.18897876643073813,0.47517690658569334,0.0834474116563797,3.408338015010445e-07
sft_full_seed1,full,1,30000,18700,0.1890798786653185,0.5727143287658691,81.68267059326172,3.4031141333234894e-07
sft_full_seed1,full,1,30000,18710,0.1891809908998989,0.17370500564575195,0.0023167289327830076,3.3978921920034365e-07
sft_full_seed1,full,1,30000,18720,0.18928210313447927,0.47776050567626954,1.0247433185577393,3.392672197395441e-07
sft_full_seed1,full,1,30000,18730,0.18938321536905967,0.554204797744751,0.00013686461898032576,3.387454155842287e-07
sft_full_seed1,full,1,30000,18740,0.18948432760364003,0.3562871694564819,256.341064453125,3.382238073684386e-07
sft_full_seed1,full,1,30000,18750,0.18958543983822043,0.2583707571029663,0.01782744564116001,3.377023957259771e-07
sft_full_seed1,full,1,30000,18760,0.1896865520728008,0.0018403807654976845,0.0002582282468210906,3.3718118129040827e-07
sft_full_seed1,full,1,30000,18770,0.1897876643073812,4.091054142918438e-05,0.004015336744487286,3.366601646950572e-07
sft_full_seed1,full,1,30000,18780,0.18988877654196157,0.3731768846511841,82.6609115600586,3.361393465730079e-07
sft_full_seed1,full,1,30000,18790,0.18998988877654197,0.2757484197616577,1.0591762065887451,3.3561872755710365e-07
sft_full_seed1,full,1,30000,18800,0.19009100101112233,0.26683740615844725,0.010001088492572308,3.350983082799456e-07
sft_full_seed1,full,1,30000,18810,0.19019211324570273,0.17586311101913452,0.00013307387416716665,3.3457808937389196e-07
sft_full_seed1,full,1,30000,18820,0.1902932254802831,5.794536555185914e-05,0.0009764384594745934,3.3405807147105806e-07
sft_full_seed1,full,1,30000,18830,0.1903943377148635,0.5942163944244385,0.02210252173244953,3.335382552033146e-07
sft_full_seed1,full,1,30000,18840,0.1904954499494439,0.3001153230667114,0.00042371542076580226,3.3301864120228756e-07
sft_full_seed1,full,1,30000,18850,0.19059656218402427,0.8336869239807129,0.0022910614497959614,3.3249923009935676e-07
sft_full_seed1,full,1,30000,18860,0.19069767441860466,3.8783223135396835e-05,4.074647949892096e-05,3.319800225256556e-07
sft_full_seed1,full,1,30000,18870,0.19079878665318503,0.3125629425048828,52.89720916748047,3.314610191120702e-07
sft_full_seed1,full,1,30000,18880,0.19089989888776543,0.22843499183654786,0.00867706723511219,3.309422204892389e-07
sft_full_seed1,full,1,30000,18890,0.1910010111223458,0.0006350432522594929,0.004162701312452555,3.304236272875508e-07
sft_full_seed1,full,1,30000,18900,0.1911021233569262,9.224868845194578e-05,0.36696600914001465,3.299052401371456e-07
sft_full_seed1,full,1,30000,18910,0.19120323559150657,0.02755320370197296,230.09115600585938,3.2938705966791246e-07
sft_full_seed1,full,1,30000,18920,0.19130434782608696,0.14533555507659912,336.94091796875,3.2886908650948944e-07
sft_full_seed1,full,1,30000,18930,0.19140546006066733,0.46058878898620603,0.002102163853123784,3.2835132129126316e-07
sft_full_seed1,full,1,30000,18940,0.19150657229524773,0.0010053997859358788,0.0043081557378172874,3.2783376464236685e-07
sft_full_seed1,full,1,30000,18950,0.1916076845298281,0.09135652780532837,10.693187713623047,3.2731641719168056e-07
sft_full_seed1,full,1,30000,18960,0.1917087967644085,0.05996381640434265,0.0030721474904567003,3.267992795678306e-07
sft_full_seed1,full,1,30000,18970,0.19180990899898887,0.027546381950378417,0.01170746237039566,3.2628235239918745e-07
sft_full_seed1,full,1,30000,18980,0.19191102123356926,0.00022758790291845798,2.264439535792917e-05,3.257656363138669e-07
sft_full_seed1,full,1,30000,18990,0.19201213346814966,0.14100300073623656,0.0031559744384139776,3.252491319397274e-07
sft_full_seed1,full,1,30000,19000,0.19211324570273003,0.9446276664733887,0.00021737893985118717,3.2473283990437056e-07
sft_full_seed1,full,1,30000,19010,0.19221435793731043,1.6400754975620658e-05,0.000511490972712636,3.2421676083513984e-07
sft_full_seed1,full,1,30000,19020,0.1923154701718908,0.023191285133361817,214.70382690429688,3.237008953591198e-07
sft_full_seed1,full,1,30000,19030,0.1924165824064712,0.02984233796596527,0.0025845516938716173,3.23185244103136e-07
sft_full_seed1,full,1,30000,19040,0.19251769464105156,0.0001972169615328312,0.0003824534942395985,3.2266980769375297e-07
sft_full_seed1,full,1,30000,19050,0.19261880687563196,0.5254906177520752,8.824068936519325e-05,3.221545867572749e-07
sft_full_seed1,full,1,30000,19060,0.19271991911021233,0.17316043376922607,0.00029938682564534247,3.216395819197437e-07
sft_full_seed1,full,1,30000,19070,0.19282103134479273,0.5556818008422851,6.188527584075928,3.2112479380693867e-07
sft_full_seed1,full,1,30000,19080,0.1929221435793731,1.1490853648865595e-05,0.001395074650645256,3.206102230443759e-07
sft_full_seed1,full,1,30000,19090,0.1930232558139535,0.03270063102245331,8.640416490379721e-05,3.200958702573076e-07
sft_full_seed1,full,1,30000,19100,0.19312436804853386,0.20270185470581054,272.0830383300781,3.195817360707207e-07
sft_full_seed1,full,1,30000,19110,0.19322548028311426,0.2633998394012451,5.623263496090658e-05,3.1906782110933697e-07
sft_full_seed1,full,1,30000,19120,0.19332659251769463,0.06647438406944275,8.240036010742188,3.1855412599761136e-07
sft_full_seed1,full,1,30000,19130,0.19342770475227503,0.37764525413513184,0.0002658563607838005,3.1804065135973165e-07
sft_full_seed1,full,1,30000,19140,0.19352881698685542,0.35125606060028075,0.0002074623916996643,3.1752739781961835e-07
sft_full_seed1,full,1,30000,19150,0.1936299292214358,0.2076573371887207,0.01992614194750786,3.170143660009228e-07
sft_full_seed1,full,1,30000,19160,0.1937310414560162,0.005395724624395371,2.014217352552805e-05,3.165015565270269e-07
sft_full_seed1,full,1,30000,19170,0.19383215369059656,0.8181744575500488,0.00015749850717838854,3.159889700210426e-07
sft_full_seed1,full,1,30000,19180,0.19393326592517696,0.11874973773956299,0.00013895540905650705,3.154766071058108e-07
sft_full_seed1,full,1,30000,19190,0.19403437815975733,0.22518784999847413,0.00018049191567115486,3.149644684039008e-07
sft_full_seed1,full,1,30000,19200,0.19413549039433772,0.45940794944763186,0.0005737757310271263,3.1445255453760944e-07
sft_full_seed1,full,1,30000,19210,0.1942366026289181,0.12928053140640258,0.001182520529255271,3.139408661289603e-07
sft_full_seed1,full,1,30000,19220,0.1943377148634985,0.06075466275215149,123.95284271240234,3.134294037997031e-07
sft_full_seed1,full,1,30000,19230,0.19443882709807886,2.8147883131168783e-05,0.008681017905473709,3.129181681713127e-07
sft_full_seed1,full,1,30000,19240,0.19453993933265926,0.3030349016189575,0.00599285215139389,3.124071598649885e-07
sft_full_seed1,full,1,30000,19250,0.19464105156723963,0.21800472736358642,0.024832602590322495,3.118963795016539e-07
sft_full_seed1,full,1,30000,19260,0.19474216380182002,0.15345686674118042,0.00044201064156368375,3.113858277019554e-07
sft_full_seed1,full,1,30000,19270,0.1948432760364004,3.7625315599143505e-05,2.8212773031555116e-05,3.108755050862614e-07
sft_full_seed1,full,1,30000,19280,0.1949443882709808,2.0212243543937803e-05,0.026285307481884956,3.10365412274662e-07
sft_full_seed1,full,1,30000,19290,0.19504550050556116,0.10240498781204224,0.0001336244458798319,3.0985554988696785e-07
sft_full_seed1,full,1,30000,19300,0.19514661274014156,0.6000442504882812,2.2330181309371255e-05,3.0934591854271017e-07
sft_full_seed1,full,1,30000,19310,0.19524772497472195,0.19883285760879515,2.503943681716919,3.0883651886113904e-07
sft_full_seed1,full,1,30000,19320,0.19534883720930232,0.591701078414917,0.0008221865282393992,3.083273514612229e-07
sft_full_seed1,full,1,30000,19330,0.19544994944388272,0.0583381175994873,0.003391522215679288,3.0781841696164845e-07
sft_full_seed1,full,1,30000,19340,0.1955510616784631,0.19608200788497926,1.2844079732894897,3.0730971598081867e-07
sft_full_seed1,full,1,30000,19350,0.1956521739130435,0.0010112742893397808,4.4343905756250024e-05,3.068012491368537e-07
sft_full_seed1,full,1,30000,19360,0.19575328614762386,0.09377645850181579,0.0038025325629860163,3.0629301704758844e-07
sft_full_seed1,full,1,30000,19370,0.19585439838220425,0.056728708744049075,376.2703552246094,3.0578502033057285e-07
sft_full_seed1,full,1,30000,19380,0.19595551061678462,0.027728000283241273,0.8946245312690735,3.052772596030708e-07
sft_full_seed1,full,1,30000,19390,0.19605662285136502,0.003099225088953972,0.004456370137631893,3.047697354820594e-07
sft_full_seed1,full,1,30000,19400,0.1961577350859454,0.3129966497421265,0.00010882911010412499,3.0426244858422847e-07
sft_full_seed1,full,1,30000,19410,0.1962588473205258,0.7158271789550781,71.92755126953125,3.037553995259794e-07
sft_full_seed1,full,1,30000,19420,0.19635995955510616,0.15451574325561523,5.226350185694173e-05,3.0324858892342466e-07
sft_full_seed1,full,1,30000,19430,0.19646107178968655,0.35891070365905764,0.004567562602460384,3.0274201739238667e-07
sft_full_seed1,full,1,30000,19440,0.19656218402426692,0.49654808044433596,0.841646134853363,3.022356855483978e-07
sft_full_seed1,full,1,30000,19450,0.19666329625884732,0.0001519240438938141,0.0008974042139016092,3.0172959400669886e-07
sft_full_seed1,full,1,30000,19460,0.19676440849342772,0.001680244691669941,2.777325062197633e-05,3.01223743382239e-07
sft_full_seed1,full,1,30000,19470,0.1968655207280081,0.012794703245162964,108.51013946533203,3.007181342896742e-07
sft_full_seed1,full,1,30000,19480,0.19696663296258848,0.38750500679016114,2.1502626623259857e-05,3.002127673433674e-07
sft_full_seed1,full,1,30000,19490,0.19706774519716885,0.6635128021240234,183.43411254882812,2.9970764315738703e-07
sft_full_seed1,full,1,30000,19500,0.19716885743174925,0.07535355687141418,0.15341050922870636,2.992027623455063e-07
sft_full_seed1,full,1,30000,19510,0.19726996966632962,0.001290340069681406,1.0257155895233154,2.986981255212035e-07
sft_full_seed1,full,1,30000,19520,0.19737108190091002,0.2526828765869141,0.0013043942162767053,2.9819373329765975e-07
sft_full_seed1,full,1,30000,19530,0.1974721941354904,0.050096160173416136,0.00040103596984408796,2.9768958628775895e-07
sft_full_seed1,full,1,30000,19540,0.19757330637007078,0.1752070188522339,3.7482237530639395e-05,2.971856851040876e-07
sft_full_seed1,full,1,30000,19550,0.19767441860465115,0.27522926330566405,241.32366943359375,2.966820303589327e-07
sft_full_seed1,full,1,30000,19560,0.19777553083923155,0.24183549880981445,0.013632101006805897,2.9617862266428286e-07
sft_full_seed1,full,1,30000,19570,0.19787664307381192,0.0003276265459135175,0.08074906468391418,2.956754626318255e-07
sft_full_seed1,full,1,30000,19580,0.19797775530839232,0.5701053142547607,9.202084766002372e-05,2.9517255087294755e-07
sft_full_seed1,full,1,30000,19590,0.1980788675429727,0.00020195997785776854,0.08305290341377258,2.9466988799873437e-07
sft_full_seed1,full,1,30000,19600,0.19817997977755308,0.33575592041015623,0.0005088892648927867,2.941674746199685e-07
sft_full_seed1,full,1,30000,19610,0.19828109201213348,0.008937782794237136,0.0004930606228299439,2.9366531134712966e-07
sft_full_seed1,full,1,30000,19620,0.19838220424671385,0.0008989050984382629,0.050006963312625885,2.9316339879039366e-07
sft_full_seed1,full,1,30000,19630,0.19848331648129425,0.6295314788818359,82.20980834960938,2.9266173755963163e-07
sft_full_seed1,full,1,30000,19640,0.19858442871587462,1.8339646339882164e-05,2.2485161025542766e-05,2.9216032826440924e-07
sft_full_seed1,full,1,30000,19650,0.19868554095045501,0.04379652142524719,0.0001230304769705981,2.916591715139859e-07
sft_full_seed1,full,1,30000,19660,0.19878665318503538,0.4275821685791016,4.724043537862599e-05,2.911582679173142e-07
sft_full_seed1,full,1,30000,19670,0.19888776541961578,0.31675665378570556,0.00024947093334048986,2.906576180830398e-07
sft_full_seed1,full,1,30000,19680,0.19898887765419615,0.1217313528060913,9.301682439399883e-05,2.901572226194992e-07
sft_full_seed1,full,1,30000,19690,0.19908998988877655,0.1462723731994629,3.217245466657914e-05,2.8965708213471987e-07
sft_full_seed1,full,1,30000,19700,0.19919110212335692,0.3049868822097778,0.00021697278134524822,2.8915719723641973e-07
sft_full_seed1,full,1,30000,19710,0.19929221435793731,0.709958553314209,0.0004422760976012796,2.88657568532006e-07
sft_full_seed1,full,1,30000,19720,0.19939332659251768,2.409754233667627e-05,8.56009210110642e-05,2.8815819662857497e-07
sft_full_seed1,full,1,30000,19730,0.19949443882709808,0.060174977779388426,402.71429443359375,2.8765908213291046e-07
sft_full_seed1,full,1,30000,19740,0.19959555106167845,0.07138541340827942,13.365053176879883,2.871602256514836e-07
sft_full_seed1,full,1,30000,19750,0.19969666329625885,0.4750781536102295,0.00016440506442449987,2.86661627790452e-07
sft_full_seed1,full,1,30000,19760,0.19979777553083924,0.7067920207977295,204.83413696289062,2.86163289155659e-07
sft_full_seed1,full,1,30000,19770,0.19989888776541961,0.7669713973999024,59.463134765625,2.8566521035263335e-07
sft_full_seed1,full,1,30000,19780,0.2,0.2876964330673218,1.1123613119125366,2.851673919865875e-07
sft_full_seed1,full,1,30000,19790,0.20010111223458038,0.5667611122131347,187.3725128173828,2.8466983466241767e-07
sft_full_seed1,full,1,30000,19800,0.20020222446916078,3.1345122260972856e-05,0.1663837730884552,2.8417253898470315e-07
sft_full_seed1,full,1,30000,19810,0.20030333670374115,0.5662163257598877,99.03092193603516,2.8367550555770503e-07
sft_full_seed1,full,1,30000,19820,0.20040444893832154,0.19582873582839966,2.8531976568046957e-05,2.831787349853655e-07
sft_full_seed1,full,1,30000,19830,0.2005055611729019,0.3434535264968872,0.04513904079794884,2.8268222787130803e-07
sft_full_seed1,full,1,30000,19840,0.2006066734074823,0.3104091167449951,0.002947490196675062,2.821859848188355e-07
sft_full_seed1,full,1,30000,19850,0.20070778564206268,0.6467563152313233,217.91432189941406,2.8169000643092986e-07
sft_full_seed1,full,1,30000,19860,0.20080889787664308,0.8459169387817382,95.23445892333984,2.811942933102517e-07
sft_full_seed1,full,1,30000,19870,0.20091001011122345,0.6633383750915527,0.0003275634371675551,2.8069884605913906e-07
sft_full_seed1,full,1,30000,19880,0.20101112234580384,0.2667002439498901,0.0002765667450148612,2.8020366527960736e-07
sft_full_seed1,full,1,30000,19890,0.2011122345803842,0.3000949382781982,0.006845623720437288,2.797087515733478e-07
sft_full_seed1,full,1,30000,19900,0.2012133468149646,0.23753612041473388,0.0009989974787458777,2.792141055417272e-07
sft_full_seed1,full,1,30000,19910,0.201314459049545,0.08215570449829102,0.033773891627788544,2.787197277857871e-07
sft_full_seed1,full,1,30000,19920,0.20141557128412538,0.005350196361541748,0.0012043038150295615,2.7822561890624284e-07
sft_full_seed1,full,1,30000,19930,0.20151668351870577,0.47950100898742676,0.00024379392561968416,2.777317795034839e-07
sft_full_seed1,full,1,30000,19940,0.20161779575328614,0.7895279407501221,0.0001800980680854991,2.772382101775711e-07
sft_full_seed1,full,1,30000,19950,0.20171890798786654,0.29758553504943847,406.9168701171875,2.767449115282382e-07
sft_full_seed1,full,1,30000,19960,0.2018200202224469,0.6708484649658203,143.64199829101562,2.762518841548894e-07
sft_full_seed1,full,1,30000,19970,0.2019211324570273,0.00840901881456375,0.02754158154129982,2.7575912865659923e-07
sft_full_seed1,full,1,30000,19980,0.20202224469160768,0.00846770703792572,0.00031078740721568465,2.7526664563211243e-07
sft_full_seed1,full,1,30000,19990,0.20212335692618807,0.2732332944869995,0.0005593482637777925,2.747744356798422e-07
sft_full_seed1,full,1,30000,20000,0.20222446916076844,0.0002986670937389135,0.0077712517231702805,2.7428249939786996e-07
sft_full_seed1,full,1,30000,20010,0.20232558139534884,4.15918679209426e-05,0.00014699556049890816,2.737908373839448e-07
sft_full_seed1,full,1,30000,20020,0.2024266936299292,0.21079304218292236,0.0014468252193182707,2.7329945023548226e-07
sft_full_seed1,full,1,30000,20030,0.2025278058645096,5.392181992647238e-06,1.87049026862951e-05,2.72808338549564e-07
sft_full_seed1,full,1,30000,20040,0.20262891809908998,1.931072911247611e-05,0.0022812625393271446,2.7231750292293735e-07
sft_full_seed1,full,1,30000,20050,0.20273003033367037,0.637605094909668,37.52458953857422,2.718269439520138e-07
sft_full_seed1,full,1,30000,20060,0.20283114256825077,0.4168663501739502,0.0005104340380057693,2.7133666223286853e-07
sft_full_seed1,full,1,30000,20070,0.20293225480283114,0.05683778524398804,0.04276523366570473,2.7084665836124004e-07
sft_full_seed1,full,1,30000,20080,0.20303336703741154,0.002113453485071659,0.0018788889283314347,2.703569329325296e-07
sft_full_seed1,full,1,30000,20090,0.2031344792719919,2.2540614008903503e-05,0.0004308019415475428,2.6986748654179934e-07
sft_full_seed1,full,1,30000,20100,0.2032355915065723,0.30001139640808105,3.8730475353077054e-05,2.6937831978377323e-07
sft_full_seed1,full,1,30000,20110,0.20333670374115267,0.2541938304901123,6.159263284644112e-05,2.688894332528348e-07
sft_full_seed1,full,1,30000,20120,0.20343781597573307,0.00010843820637091994,0.001296789268963039,2.684008275430273e-07
sft_full_seed1,full,1,30000,20130,0.20353892821031344,0.10698860883712769,0.0783984437584877,2.679125032480525e-07
sft_full_seed1,full,1,30000,20140,0.20364004044489384,0.6833468914031983,93.1642074584961,2.674244609612708e-07
sft_full_seed1,full,1,30000,20150,0.2037411526794742,0.008696198463439941,2.2606078346143477e-05,2.6693670127569957e-07
sft_full_seed1,full,1,30000,20160,0.2038422649140546,0.22505683898925782,4.432335845194757e-05,2.6644922478401263e-07
sft_full_seed1,full,1,30000,20170,0.20394337714863497,0.27919511795043944,70.45134735107422,2.6596203207854e-07
sft_full_seed1,full,1,30000,20180,0.20404448938321537,0.032556837797164916,0.00021082958846818656,2.6547512375126656e-07
sft_full_seed1,full,1,30000,20190,0.20414560161779574,0.15497815608978271,0.05442822724580765,2.6498850039383226e-07
sft_full_seed1,full,1,30000,20200,0.20424671385237614,0.1375877618789673,149.5408935546875,2.6450216259753e-07
sft_full_seed1,full,1,30000,20210,0.20434782608695654,1.8431938951835036e-05,0.02804996445775032,2.640161109533063e-07
sft_full_seed1,full,1,30000,20220,0.2044489383215369,0.36950638294219973,150.537353515625,2.6353034605175934e-07
sft_full_seed1,full,1,30000,20230,0.2045500505561173,0.008421578258275986,0.00042900891276076436,2.630448684831398e-07
sft_full_seed1,full,1,30000,20240,0.20465116279069767,0.12070006132125854,411.08123779296875,2.625596788373482e-07
sft_full_seed1,full,1,30000,20250,0.20475227502527807,1.0438642501831055,352.36761474609375,2.6207477770393624e-07
sft_full_seed1,full,1,30000,20260,0.20485338725985844,0.30063819885253906,0.012112085707485676,2.6159016567210425e-07
sft_full_seed1,full,1,30000,20270,0.20495449949443884,4.416419251356274e-05,0.09712556004524231,2.611058433307015e-07
sft_full_seed1,full,1,30000,20280,0.2050556117290192,0.06261324882507324,0.12645381689071655,2.6062181126822534e-07
sft_full_seed1,full,1,30000,20290,0.2051567239635996,0.2988558292388916,4.2965901229763404e-05,2.601380700728203e-07
sft_full_seed1,full,1,30000,20300,0.20525783619817997,0.057519882917404175,7.562649726867676,2.596546203322777e-07
sft_full_seed1,full,1,30000,20310,0.20535894843276037,0.26681015491485593,167.17935180664062,2.5917146263403457e-07
sft_full_seed1,full,1,30000,20320,0.20546006066734074,0.5293718338012695,304.7328186035156,2.5868859756517293e-07
sft_full_seed1,full,1,30000,20330,0.20556117290192114,0.28007266521453855,0.0005385548574849963,2.5820602571241947e-07
sft_full_seed1,full,1,30000,20340,0.2056622851365015,0.22857415676116943,311.60516357421875,2.577237476621442e-07
sft_full_seed1,full,1,30000,20350,0.2057633973710819,0.5420602321624756,8.672849071444944e-05,2.5724176400036093e-07
sft_full_seed1,full,1,30000,20360,0.20586450960566227,0.10178229808807374,0.8153509497642517,2.567600753127247e-07
sft_full_seed1,full,1,30000,20370,0.20596562184024267,0.06616488695144654,0.0005325320526026189,2.5627868218453333e-07
sft_full_seed1,full,1,30000,20380,0.20606673407482307,0.08598712682724,0.006193644367158413,2.5579758520072444e-07
sft_full_seed1,full,1,30000,20390,0.20616784630940344,0.6419222831726075,0.0016944855451583862,2.553167849458761e-07
sft_full_seed1,full,1,30000,20400,0.20626895854398383,0.2645871162414551,0.0006636533653363585,2.548362820042064e-07
sft_full_seed1,full,1,30000,20410,0.2063700707785642,0.11784069538116455,0.0040173837915062904,2.543560769595715e-07
sft_full_seed1,full,1,30000,20420,0.2064711830131446,0.2972350358963013,2.132858026016038e-05,2.5387617039546584e-07
sft_full_seed1,full,1,30000,20430,0.20657229524772497,0.33432137966156006,0.0024812219198793173,2.53396562895021e-07
sft_full_seed1,full,1,30000,20440,0.20667340748230537,0.001118969637900591,0.005326578859239817,2.5291725504100557e-07
sft_full_seed1,full,1,30000,20450,0.20677451971688574,0.00035023144446313383,5.076966762542725,2.5243824741582335e-07
sft_full_seed1,full,1,30000,20460,0.20687563195146613,0.31667587757110593,0.0002671018592081964,2.519595406015143e-07
sft_full_seed1,full,1,30000,20470,0.2069767441860465,0.59815993309021,0.09194070100784302,2.514811351797521e-07
sft_full_seed1,full,1,30000,20480,0.2070778564206269,0.3893484830856323,367.4676818847656,2.5100303173184445e-07
sft_full_seed1,full,1,30000,20490,0.20717896865520727,0.00032907766290009023,0.1667923927307129,2.5052523083873193e-07
sft_full_seed1,full,1,30000,20500,0.20728008088978767,7.676822133362293e-06,0.00037310406332835555,2.500477330809881e-07
sft_full_seed1,full,1,30000,20510,0.20738119312436804,0.00021947638597339392,0.00010993764590239152,2.495705390388173e-07
sft_full_seed1,full,1,30000,20520,0.20748230535894843,0.21690077781677247,3.279633529018611e-05,2.490936492920557e-07
sft_full_seed1,full,1,30000,20530,0.20758341759352883,0.29099764823913576,0.010570870712399483,2.486170644201692e-07
sft_full_seed1,full,1,30000,20540,0.2076845298281092,0.48191542625427247,219.56365966796875,2.4814078500225325e-07
sft_full_seed1,full,1,30000,20550,0.2077856420626896,0.006070549786090851,20.31973648071289,2.476648116170321e-07
sft_full_seed1,full,1,30000,20560,0.20788675429726997,0.6909982204437256,0.034701455384492874,2.4718914484285877e-07
sft_full_seed1,full,1,30000,20570,0.20798786653185036,0.5326545238494873,0.00012818507093470544,2.467137852577129e-07
sft_full_seed1,full,1,30000,20580,0.20808897876643073,0.3837563991546631,300.86346435546875,2.462387334392012e-07
sft_full_seed1,full,1,30000,20590,0.20819009100101113,0.24403908252716064,5.7007036957656965e-05,2.4576398996455656e-07
sft_full_seed1,full,1,30000,20600,0.2082912032355915,0.004034120216965675,48.228694915771484,2.452895554106368e-07
sft_full_seed1,full,1,30000,20610,0.2083923154701719,0.3259542942047119,0.0007974426844157279,2.44815430353925e-07
sft_full_seed1,full,1,30000,20620,0.20849342770475227,0.1793363571166992,0.0003860688884742558,2.4434161537052775e-07
sft_full_seed1,full,1,30000,20630,0.20859453993933266,0.486051607131958,14.383881568908691,2.438681110361747e-07
sft_full_seed1,full,1,30000,20640,0.20869565217391303,0.8877340316772461,0.00029741847538389266,2.433949179262183e-07
sft_full_seed1,full,1,30000,20650,0.20879676440849343,0.30016498565673827,0.0002012205368373543,2.429220366156331e-07
sft_full_seed1,full,1,30000,20660,0.2088978766430738,0.0034712351858615874,0.0011749455006793141,2.424494676790141e-07
sft_full_seed1,full,1,30000,20670,0.2089989888776542,0.0001239389181137085,0.0013777666026726365,2.4197721169057743e-07
sft_full_seed1,full,1,30000,20680,0.2091001011122346,0.14971898794174193,0.0004949739668518305,2.415052692241585e-07
sft_full_seed1,full,1,30000,20690,0.20920121334681496,0.010780573636293412,0.008344428613781929,2.41033640853212e-07
sft_full_seed1,full,1,30000,20700,0.20930232558139536,0.7044568061828613,61.85297775268555,2.405623271508108e-07
sft_full_seed1,full,1,30000,20710,0.20940343781597573,0.0002487410791218281,0.01940380036830902,2.400913286896452e-07
sft_full_seed1,full,1,30000,20720,0.20950455005055613,0.0022090720012784004,0.2919718623161316,2.3962064604202325e-07
sft_full_seed1,full,1,30000,20730,0.2096056622851365,0.00011984107550233603,0.216568261384964,2.3915027977986856e-07
sft_full_seed1,full,1,30000,20740,0.2097067745197169,0.11766436100006103,9.563112689647824e-05,2.3868023047472047e-07
sft_full_seed1,full,1,30000,20750,0.20980788675429726,0.21295492649078368,83.77822875976562,2.382104986977332e-07
sft_full_seed1,full,1,30000,20760,0.20990899898887766,0.06815514564514161,322.20928955078125,2.3774108501967488e-07
sft_full_seed1,full,1,30000,20770,0.21001011122345803,0.2979910373687744,7.322684541577473e-05,2.3727199001092797e-07
sft_full_seed1,full,1,30000,20780,0.21011122345803843,0.1456207036972046,2.335753379156813e-05,2.3680321424148675e-07
sft_full_seed1,full,1,30000,20790,0.2102123356926188,0.06802910566329956,2.742144715739414e-05,2.363347582809579e-07
sft_full_seed1,full,1,30000,20800,0.2103134479271992,0.25836472511291503,0.00830017775297165,2.3586662269855989e-07
sft_full_seed1,full,1,30000,20810,0.21041456016177956,0.019216179847717285,0.0030304137617349625,2.3539880806312129e-07
sft_full_seed1,full,1,30000,20820,0.21051567239635996,0.00035464835818856957,0.00011100438132416457,2.3493131494308138e-07
sft_full_seed1,full,1,30000,20830,0.21061678463094036,0.22922799587249756,339.5830993652344,2.344641439064881e-07
sft_full_seed1,full,1,30000,20840,0.21071789686552073,0.2493075132369995,402.9938049316406,2.3399729552099838e-07
sft_full_seed1,full,1,30000,20850,0.21081900910010112,0.24413712024688722,7.046358223306015e-05,2.335307703538771e-07
sft_full_seed1,full,1,30000,20860,0.2109201213346815,0.16086009740829468,0.002006731927394867,2.3306456897199617e-07
sft_full_seed1,full,1,30000,20870,0.2110212335692619,0.2972752094268799,401.070068359375,2.3259869194183411e-07
sft_full_seed1,full,1,30000,20880,0.21112234580384226,0.30264906883239745,0.7929738759994507,2.3213313982947587e-07
sft_full_seed1,full,1,30000,20890,0.21122345803842266,0.33341312408447266,0.00019598730432335287,2.3166791320061092e-07
sft_full_seed1,full,1,30000,20900,0.21132457027300303,3.302186087239534e-05,5.9142861573491246e-05,2.3120301262053348e-07
sft_full_seed1,full,1,30000,20910,0.21142568250758342,0.37930252552032473,3.854787792079151e-05,2.3073843865414161e-07
sft_full_seed1,full,1,30000,20920,0.2115267947421638,0.17128219604492187,0.0001140982931246981,2.3027419186593628e-07
sft_full_seed1,full,1,30000,20930,0.2116279069767442,0.41250338554382326,0.0003669190045911819,2.2981027282002152e-07
sft_full_seed1,full,1,30000,20940,0.21172901921132456,0.12987928390502929,389.8492431640625,2.2934668208010232e-07
sft_full_seed1,full,1,30000,20950,0.21183013144590496,0.4203793525695801,0.0008460482349619269,2.2888342020948553e-07
sft_full_seed1,full,1,30000,20960,0.21193124368048533,0.292807936668396,0.0004051527357660234,2.284204877710778e-07
sft_full_seed1,full,1,30000,20970,0.21203235591506572,0.16276605129241944,0.0023525170981884003,2.2795788532738553e-07
sft_full_seed1,full,1,30000,20980,0.21213346814964612,0.662547254562378,0.19724304974079132,2.2749561344051466e-07
sft_full_seed1,full,1,30000,20990,0.2122345803842265,1.5039625577628612e-05,0.003013443434610963,2.2703367267216895e-07
sft_full_seed1,full,1,30000,21000,0.2123356926188069,0.0005459246225655079,0.0004356261342763901,2.2657206358364995e-07
sft_full_seed1,full,1,30000,21010,0.21243680485338726,0.0683381974697113,0.00048184936167672276,2.2611078673585627e-07
sft_full_seed1,full,1,30000,21020,0.21253791708796765,0.34584224224090576,0.0015330541646108031,2.256498426892826e-07
sft_full_seed1,full,1,30000,21030,0.21263902932254802,0.0001676594838500023,0.167596697807312,2.251892320040198e-07
sft_full_seed1,full,1,30000,21040,0.21274014155712842,0.008406943827867507,0.004865654744207859,2.247289552397531e-07
sft_full_seed1,full,1,30000,21050,0.2128412537917088,0.02343735843896866,31.990020751953125,2.2426901295576212e-07
sft_full_seed1,full,1,30000,21060,0.2129423660262892,0.1910020589828491,0.0007400834583677351,2.238094057109201e-07
sft_full_seed1,full,1,30000,21070,0.21304347826086956,0.4126904010772705,3.910322629963048e-05,2.2335013406369302e-07
sft_full_seed1,full,1,30000,21080,0.21314459049544995,0.19303321838378906,399.470947265625,2.2289119857213966e-07
sft_full_seed1,full,1,30000,21090,0.21324570273003032,3.6983238533139226e-05,0.003627571277320385,2.224325997939095e-07
sft_full_seed1,full,1,30000,21100,0.21334681496461072,0.00018033905653283,0.00021773962362203747,2.2197433828624368e-07
sft_full_seed1,full,1,30000,21110,0.2134479271991911,0.16433703899383545,0.0003416839463170618,2.2151641460597293e-07
sft_full_seed1,full,1,30000,21120,0.2135490394337715,0.2970200777053833,3.062673204112798e-05,2.2105882930951768e-07
sft_full_seed1,full,1,30000,21130,0.21365015166835188,0.327221941947937,0.9364871382713318,2.206015829528871e-07
sft_full_seed1,full,1,30000,21140,0.21375126390293225,0.008114504814147949,0.01293993927538395,2.2014467609167901e-07
sft_full_seed1,full,1,30000,21150,0.21385237613751265,0.23020989894866944,9.172674617730081e-05,2.1968810928107806e-07
sft_full_seed1,full,1,30000,21160,0.21395348837209302,7.505911635234952e-05,0.00023219136346597224,2.1923188307585605e-07
sft_full_seed1,full,1,30000,21170,0.21405460060667342,0.23342394828796387,7.80896152718924e-05,2.1877599803037078e-07
sft_full_seed1,full,1,30000,21180,0.2141557128412538,0.26251821517944335,0.00021268334239721298,2.1832045469856543e-07
sft_full_seed1,full,1,30000,21190,0.21425682507583418,0.6541769981384278,0.003987239673733711,2.1786525363396842e-07
sft_full_seed1,full,1,30000,21200,0.21435793731041455,0.42562642097473147,2.303978726558853e-05,2.174103953896918e-07
sft_full_seed1,full,1,30000,21210,0.21445904954499495,9.726675925776362e-05,0.0025103818625211716,2.1695588051843127e-07
sft_full_seed1,full,1,30000,21220,0.21456016177957532,0.22094190120697021,0.00014319589536171407,2.1650170957246507e-07
sft_full_seed1,full,1,30000,21230,0.21466127401415572,0.00033571047242730856,0.20545172691345215,2.1604788310365402e-07
sft_full_seed1,full,1,30000,21240,0.2147623862487361,0.5404657363891602,28.996826171875,2.155944016634398e-07
sft_full_seed1,full,1,30000,21250,0.21486349848331648,0.15043013095855712,0.0001001293640001677,2.1514126580284537e-07
sft_full_seed1,full,1,30000,21260,0.21496461071789685,3.454183170106262e-05,0.00528491148725152,2.146884760724734e-07
sft_full_seed1,full,1,30000,21270,0.21506572295247725,2.5222048861905932e-05,0.06705643236637115,2.142360330225062e-07
sft_full_seed1,full,1,30000,21280,0.21516683518705762,0.05022464394569397,353.4358215332031,2.1378393720270466e-07
sft_full_seed1,full,1,30000,21290,0.21526794742163802,0.12855149507522584,286.3198547363281,2.1333218916240757e-07
sft_full_seed1,full,1,30000,21300,0.21536905965621841,0.4745186328887939,2.455292451486457e-05,2.128807894505319e-07
sft_full_seed1,full,1,30000,21310,0.21547017189079878,0.05336243510246277,6.609800038859248e-05,2.124297386155706e-07
sft_full_seed1,full,1,30000,21320,0.21557128412537918,0.13518401384353637,0.001781629165634513,2.1197903720559303e-07
sft_full_seed1,full,1,30000,21330,0.21567239635995955,0.3868165254592896,0.0001278683776035905,2.1152868576824378e-07
sft_full_seed1,full,1,30000,21340,0.21577350859453995,8.022573456401006e-06,5.975032763672061e-05,2.1107868485074226e-07
sft_full_seed1,full,1,30000,21350,0.21587462082912032,0.3000142812728882,2.5158309654216282e-05,2.1062903499988234e-07
sft_full_seed1,full,1,30000,21360,0.21597573306370071,0.01045292615890503,8.11043064459227e-05,2.1017973676203077e-07
sft_full_seed1,full,1,30000,21370,0.21607684529828108,0.03255038857460022,220.8829345703125,2.097307906831271e-07
sft_full_seed1,full,1,30000,21380,0.21617795753286148,0.606330680847168,78.80175018310547,2.0928219730868356e-07
sft_full_seed1,full,1,30000,21390,0.21627906976744185,0.6174910545349122,84.5967025756836,2.08833957183783e-07
sft_full_seed1,full,1,30000,21400,0.21638018200202225,0.00011692018015310168,0.00018550171807873994,2.083860708530798e-07
sft_full_seed1,full,1,30000,21410,0.21648129423660262,0.0008121368475258351,0.0005522039136849344,2.0793853886079793e-07
sft_full_seed1,full,1,30000,21420,0.21658240647118301,0.0067301027476787565,0.0003694189654197544,2.074913617507309e-07
sft_full_seed1,full,1,30000,21430,0.21668351870576338,0.23450784683227538,3.625393867492676,2.070445400662411e-07
sft_full_seed1,full,1,30000,21440,0.21678463094034378,0.2184236764907837,328.0281982421875,2.0659807435025907e-07
sft_full_seed1,full,1,30000,21450,0.21688574317492418,0.37650432586669924,445.861083984375,2.061519651452825e-07
sft_full_seed1,full,1,30000,21460,0.21698685540950455,0.5309925079345703,217.0040283203125,2.0570621299337653e-07
sft_full_seed1,full,1,30000,21470,0.21708796764408494,0.3367456912994385,0.05723448842763901,2.052608184361718e-07
sft_full_seed1,full,1,30000,21480,0.21718907987866531,0.6292720794677734,0.016044558957219124,2.0481578201486482e-07
sft_full_seed1,full,1,30000,21490,0.2172901921132457,0.2836486577987671,0.001685763825662434,2.0437110427021675e-07
sft_full_seed1,full,1,30000,21500,0.21739130434782608,0.46258974075317383,9.358888928545639e-05,2.039267857425528e-07
sft_full_seed1,full,1,30000,21510,0.21749241658240648,0.2920153379440308,79.76488494873047,2.0348282697176218e-07
sft_full_seed1,full,1,30000,21520,0.21759352881698685,0.0002188299549743533,0.00019064922526013106,2.0303922849729638e-07
sft_full_seed1,full,1,30000,21530,0.21769464105156724,0.2211207151412964,3.9770537114236504e-05,2.025959908581697e-07
sft_full_seed1,full,1,30000,21540,0.21779575328614761,0.2927701473236084,0.018930157646536827,2.0215311459295754e-07
sft_full_seed1,full,1,30000,21550,0.217896865520728,0.16974138021469115,0.001572555978782475,2.0171060023979604e-07
sft_full_seed1,full,1,30000,21560,0.21799797775530838,0.1834949493408203,0.00038641132414340973,2.0126844833638228e-07
sft_full_seed1,full,1,30000,21570,0.21809908998988878,0.0016345394775271415,0.00032297256984747946,2.0082665941997234e-07
sft_full_seed1,full,1,30000,21580,0.21820020222446915,0.49903206825256347,5.9129575674887747e-05,2.0038523402738146e-07
sft_full_seed1,full,1,30000,21590,0.21830131445904954,0.3375115156173706,0.0001299237774219364,1.9994417269498298e-07
sft_full_seed1,full,1,30000,21600,0.21840242669362994,0.0010113663971424102,0.01587725058197975,1.9950347595870798e-07
sft_full_seed1,full,1,30000,21610,0.2185035389282103,0.2916777849197388,0.0001658383262110874,1.990631443540448e-07
sft_full_seed1,full,1,30000,21620,0.2186046511627907,0.17863163948059083,91.6659927368164,1.9862317841603776e-07
sft_full_seed1,full,1,30000,21630,0.21870576339737108,0.0694281816482544,358.9870910644531,1.9818357867928691e-07
sft_full_seed1,full,1,30000,21640,0.21880687563195148,0.2883918762207031,0.0014980781124904752,1.977443456779474e-07
sft_full_seed1,full,1,30000,21650,0.21890798786653184,0.0003981837071478367,0.000612111238297075,1.9730547994572856e-07
sft_full_seed1,full,1,30000,21660,0.21900910010111224,0.7209855556488037,0.14044314622879028,1.968669820158939e-07
sft_full_seed1,full,1,30000,21670,0.2191102123356926,0.43164691925048826,6.129014218458906e-05,1.9642885242125962e-07
sft_full_seed1,full,1,30000,21680,0.219211324570273,0.0029077665880322457,2.8180982553749345e-05,1.9599109169419465e-07
sft_full_seed1,full,1,30000,21690,0.21931243680485338,0.19596190452575685,4.800523311132565e-05,1.9555370036661945e-07
sft_full_seed1,full,1,30000,21700,0.21941354903943378,0.3592548370361328,0.0036602087784558535,1.9511667897000573e-07
sft_full_seed1,full,1,30000,21710,0.21951466127401414,0.30836732387542726,6.911349919391796e-05,1.9468002803537547e-07
sft_full_seed1,full,1,30000,21720,0.21961577350859454,0.29926927089691163,2.1737940187449567e-05,1.9424374809330112e-07
sft_full_seed1,full,1,30000,21730,0.2197168857431749,0.3291754722595215,0.000625530316028744,1.938078396739038e-07
sft_full_seed1,full,1,30000,21740,0.2198179979777553,0.7424240112304688,498.0294494628906,1.9337230330685328e-07
sft_full_seed1,full,1,30000,21750,0.2199191102123357,0.2801908016204834,381.3583984375,1.9293713952136736e-07
sft_full_seed1,full,1,30000,21760,0.22002022244691607,0.2638676166534424,296.0328674316406,1.925023488462109e-07
sft_full_seed1,full,1,30000,21770,0.22012133468149647,0.7336723327636718,0.0008042957633733749,1.9206793180969588e-07
sft_full_seed1,full,1,30000,21780,0.22022244691607684,0.2814633369445801,0.0055589680559933186,1.916338889396798e-07
sft_full_seed1,full,1,30000,21790,0.22032355915065724,8.84244916960597e-05,0.0007570364978164434,1.9120022076356573e-07
sft_full_seed1,full,1,30000,21800,0.2204246713852376,0.3105583190917969,226.72898864746094,1.9076692780830113e-07
sft_full_seed1,full,1,30000,21810,0.220525783619818,0.6544219017028808,357.7652282714844,1.9033401060037817e-07
sft_full_seed1,full,1,30000,21820,0.22062689585439837,0.0015268185175955295,0.0009706290438771248,1.899014696658318e-07
sft_full_seed1,full,1,30000,21830,0.22072800808897877,0.006718246638774872,3.166712849633768e-05,1.8946930553024033e-07
sft_full_seed1,full,1,30000,21840,0.22082912032355914,8.523764554411173e-05,3.383545117685571e-05,1.8903751871872376e-07
sft_full_seed1,full,1,30000,21850,0.22093023255813954,0.2836165428161621,0.009055820293724537,1.8860610975594383e-07
sft_full_seed1,full,1,30000,21860,0.2210313447927199,2.4852700880728663e-05,0.0007460564374923706,1.8817507916610303e-07
sft_full_seed1,full,1,30000,21870,0.2211324570273003,0.36639268398284913,0.00650129746645689,1.8774442747294405e-07
sft_full_seed1,full,1,30000,21880,0.22123356926188067,9.92146524367854e-06,0.003813582006841898,1.8731415519974962e-07
sft_full_seed1,full,1,30000,21890,0.22133468149646107,0.304201078414917,0.0010757718700915575,1.86884262869341e-07
sft_full_seed1,full,1,30000,21900,0.22143579373104147,0.618841552734375,0.0006313861813396215,1.8645475100407786e-07
sft_full_seed1,full,1,30000,21910,0.22153690596562184,0.2585765838623047,0.002748550148680806,1.8602562012585766e-07
sft_full_seed1,full,1,30000,21920,0.22163801820020224,0.6014970302581787,0.0023913555778563023,1.8559687075611462e-07
sft_full_seed1,full,1,30000,21930,0.2217391304347826,0.5000860214233398,0.00043080822797492146,1.8516850341582013e-07
sft_full_seed1,full,1,30000,21940,0.221840242669363,0.24302237033843993,2.6873869501287118e-05,1.8474051862548068e-07
sft_full_seed1,full,1,30000,21950,0.22194135490394337,0.10163271427154541,0.014236140064895153,1.843129169051379e-07
sft_full_seed1,full,1,30000,21960,0.22204246713852377,0.23133766651153564,0.00023091868206392974,1.838856987743686e-07
sft_full_seed1,full,1,30000,21970,0.22214357937310414,0.7339584350585937,3.468037539278157e-05,1.834588647522828e-07
sft_full_seed1,full,1,30000,21980,0.22224469160768454,0.07128000259399414,0.0005272672278806567,1.8303241535752434e-07
sft_full_seed1,full,1,30000,21990,0.2223458038422649,0.00011398944770917297,0.000369473040336743,1.8260635110826933e-07
sft_full_seed1,full,1,30000,22000,0.2224469160768453,0.40713253021240237,222.02511596679688,1.8218067252222597e-07
sft_full_seed1,full,1,30000,22010,0.22254802831142567,1.428459509043023e-05,0.010111385956406593,1.8175538011663387e-07
sft_full_seed1,full,1,30000,22020,0.22264914054600607,0.1334681749343872,7.928159175207838e-05,1.813304744082633e-07
sft_full_seed1,full,1,30000,22030,0.22275025278058644,0.23753509521484376,0.01879400759935379,1.8090595591341507e-07
sft_full_seed1,full,1,30000,22040,0.22285136501516684,0.4335768222808838,2.446810685796663e-05,1.80481825147919e-07
sft_full_seed1,full,1,30000,22050,0.22295247724974723,0.4112586975097656,3.568838357925415,1.8005808262713395e-07
sft_full_seed1,full,1,30000,22060,0.2230535894843276,0.24491279125213622,0.0002458946546539664,1.796347288659471e-07
sft_full_seed1,full,1,30000,22070,0.223154701718908,0.4482921600341797,0.09352581948041916,1.79211764378773e-07
sft_full_seed1,full,1,30000,22080,0.22325581395348837,7.24807963706553e-05,0.0006017451523803174,1.7878918967955365e-07
sft_full_seed1,full,1,30000,22090,0.22335692618806877,0.7885299682617187,0.0004662760766223073,1.783670052817569e-07
sft_full_seed1,full,1,30000,22100,0.22345803842264914,0.746345853805542,5.638221409753896e-05,1.7794521169837689e-07
sft_full_seed1,full,1,30000,22110,0.22355915065722953,0.02332448661327362,0.00041330946260131896,1.7752380944193247e-07
sft_full_seed1,full,1,30000,22120,0.2236602628918099,0.30582032203674314,8.001639071153477e-05,1.7710279902446706e-07
sft_full_seed1,full,1,30000,22130,0.2237613751263903,0.0012822032906115056,0.0018033669330179691,1.7668218095754794e-07
sft_full_seed1,full,1,30000,22140,0.22386248736097067,6.0028850566595795e-05,0.27066904306411743,1.7626195575226594e-07
sft_full_seed1,full,1,30000,22150,0.22396359959555107,0.1259440302848816,1.069838285446167,1.7584212391923426e-07
sft_full_seed1,full,1,30000,22160,0.22406471183013144,0.05216253399848938,0.0001810159010346979,1.7542268596858812e-07
sft_full_seed1,full,1,30000,22170,0.22416582406471183,2.669922832865268e-05,0.00036934157833456993,1.750036424099841e-07
sft_full_seed1,full,1,30000,22180,0.2242669362992922,9.314363123849034e-05,5.221587707637809e-05,1.7458499375259955e-07
sft_full_seed1,full,1,30000,22190,0.2243680485338726,0.2791912317276001,0.00019407291256356984,1.7416674050513242e-07
sft_full_seed1,full,1,30000,22200,0.224469160768453,1.104254150390625,0.007898145355284214,1.7374888317579968e-07
sft_full_seed1,full,1,30000,22210,0.22457027300303337,0.5835175037384033,0.012561899609863758,1.7333142227233727e-07
sft_full_seed1,full,1,30000,22220,0.22467138523761376,0.3958913326263428,82.45368957519531,1.7291435830199952e-07
sft_full_seed1,full,1,30000,22230,0.22477249747219413,1.0001795768737793,63.706146240234375,1.7249769177155877e-07
sft_full_seed1,full,1,30000,22240,0.22487360970677453,0.000297910813242197,0.0015437999973073602,1.7208142318730378e-07
sft_full_seed1,full,1,30000,22250,0.2249747219413549,0.4000708103179932,71.96497344970703,1.7166555305504048e-07
sft_full_seed1,full,1,30000,22260,0.2250758341759353,1.6402090841438623e-05,4.133564289077185e-05,1.7125008188009016e-07
sft_full_seed1,full,1,30000,22270,0.22517694641051567,0.21320669651031493,2.1796297005494125e-05,1.708350101672894e-07
sft_full_seed1,full,1,30000,22280,0.22527805864509606,0.19594653844833373,0.04662011191248894,1.7042033842098958e-07
sft_full_seed1,full,1,30000,22290,0.22537917087967643,0.7964165210723877,0.00017256887804251164,1.7000606714505566e-07
sft_full_seed1,full,1,30000,22300,0.22548028311425683,0.15449879169464112,0.0007564715342596173,1.6959219684286679e-07
sft_full_seed1,full,1,30000,22310,0.2255813953488372,0.0005209872499108315,0.0005302514182403684,1.6917872801731415e-07
sft_full_seed1,full,1,30000,22320,0.2256825075834176,0.22513966560363768,2.4563838451285847e-05,1.6876566117080137e-07
sft_full_seed1,full,1,30000,22330,0.22578361981799797,0.6027053833007813,0.5768364667892456,1.683529968052437e-07
sft_full_seed1,full,1,30000,22340,0.22588473205257836,0.6767928123474121,180.03204345703125,1.6794073542206688e-07
sft_full_seed1,full,1,30000,22350,0.22598584428715873,2.3381847131531686e-05,0.0001278656127396971,1.675288775222079e-07
sft_full_seed1,full,1,30000,22360,0.22608695652173913,0.30106344223022463,0.043135080486536026,1.6711742360611274e-07
sft_full_seed1,full,1,30000,22370,0.22618806875631953,0.12555785179138185,9.268005669582635e-05,1.667063741737365e-07
sft_full_seed1,full,1,30000,22380,0.2262891809908999,0.008803700655698776,4.8803181648254395,1.6629572972454332e-07
sft_full_seed1,full,1,30000,22390,0.2263902932254803,0.000995776429772377,0.00020766178204212338,1.6588549075750462e-07
sft_full_seed1,full,1,30000,22400,0.22649140546006066,9.053944959305226e-05,0.0002724879595916718,1.6547565777109972e-07
sft_full_seed1,full,1,30000,22410,0.22659251769464106,0.6080641746520996,0.3466487228870392,1.6506623126331427e-07
sft_full_seed1,full,1,30000,22420,0.22669362992922143,0.6068819999694824,98.74508666992188,1.6465721173164e-07
sft_full_seed1,full,1,30000,22430,0.22679474216380183,0.2918638944625854,0.2289813607931137,1.6424859967307425e-07
sft_full_seed1,full,1,30000,22440,0.2268958543983822,0.013108590245246887,0.0007881714263930917,1.63840395584119e-07
sft_full_seed1,full,1,30000,22450,0.2269969666329626,2.6352950953878462e-05,0.00023996862000785768,1.6343259996078106e-07
sft_full_seed1,full,1,30000,22460,0.22709807886754296,0.10179719924926758,0.0024815532378852367,1.6302521329857043e-07
sft_full_seed1,full,1,30000,22470,0.22719919110212336,0.34241557121276855,0.3744962513446808,1.6261823609250025e-07
sft_full_seed1,full,1,30000,22480,0.22730030333670373,0.00012339841341599823,0.0023743542842566967,1.6221166883708625e-07
sft_full_seed1,full,1,30000,22490,0.22740141557128413,0.7959626674652099,5.9181678807362914e-05,1.6180551202634602e-07
sft_full_seed1,full,1,30000,22500,0.2275025278058645,0.359710168838501,0.0002932681527454406,1.6139976615379808e-07
sft_full_seed1,full,1,30000,22510,0.2276036400404449,0.0002140103140845895,1.530486822128296,1.609944317124624e-07
sft_full_seed1,full,1,30000,22520,0.2277047522750253,0.12578797340393066,0.0003134622238576412,1.6058950919485819e-07
sft_full_seed1,full,1,30000,22530,0.22780586450960566,0.24764564037322997,0.0002816466148942709,1.6018499909300474e-07
sft_full_seed1,full,1,30000,22540,0.22790697674418606,0.18782600164413452,0.009793576784431934,1.5978090189841987e-07
sft_full_seed1,full,1,30000,22550,0.22800808897876643,0.3292251110076904,2.3405065803672187e-05,1.5937721810211957e-07
sft_full_seed1,full,1,30000,22560,0.22810920121334682,0.24169449806213378,0.00027317312196828425,1.5897394819461813e-07
sft_full_seed1,full,1,30000,22570,0.2282103134479272,0.31427431106567383,0.007126144599169493,1.5857109266592623e-07
sft_full_seed1,full,1,30000,22580,0.2283114256825076,0.2334911823272705,0.06554573029279709,1.581686520055514e-07
sft_full_seed1,full,1,30000,22590,0.22841253791708796,1.4260868192650378e-05,0.00016356426931452006,1.5776662670249702e-07
sft_full_seed1,full,1,30000,22600,0.22851365015166836,0.48342061042785645,0.0005204110057093203,1.5736501724526148e-07
sft_full_seed1,full,1,30000,22610,0.22861476238624873,0.32084648609161376,0.002634641481563449,1.5696382412183851e-07
sft_full_seed1,full,1,30000,22620,0.22871587462082912,0.3815883159637451,396.0819091796875,1.5656304781971546e-07
sft_full_seed1,full,1,30000,22630,0.2288169868554095,0.8734192848205566,104.568115234375,1.561626888258733e-07
sft_full_seed1,full,1,30000,22640,0.2289180990899899,0.008755388855934142,0.2554851174354553,1.5576274762678593e-07
sft_full_seed1,full,1,30000,22650,0.22901921132457026,0.43453469276428225,0.002251214114949107,1.553632247084195e-07
sft_full_seed1,full,1,30000,22660,0.22912032355915066,0.770932388305664,0.005439543165266514,1.5496412055623237e-07
sft_full_seed1,full,1,30000,22670,0.22922143579373105,0.27682721614837646,148.545654296875,1.5456543565517334e-07
sft_full_seed1,full,1,30000,22680,0.22932254802831142,0.31674964427948,0.00015096578863449395,1.5416717048968247e-07
sft_full_seed1,full,1,30000,22690,0.22942366026289182,0.3005992889404297,5.057211875915527,1.5376932554368937e-07
sft_full_seed1,full,1,30000,22700,0.2295247724974722,0.05833803415298462,363.4772644042969,1.5337190130061317e-07
sft_full_seed1,full,1,30000,22710,0.2296258847320526,5.031379987485707e-05,0.031460363417863846,1.5297489824336162e-07
sft_full_seed1,full,1,30000,22720,0.22972699696663296,0.4392104625701904,296.436767578125,1.525783168543312e-07
sft_full_seed1,full,1,30000,22730,0.22982810920121335,0.3459776401519775,4.578737571137026e-05,1.5218215761540548e-07
sft_full_seed1,full,1,30000,22740,0.22992922143579372,0.32094106674194334,3.0914430681150407e-05,1.517864210079554e-07
sft_full_seed1,full,1,30000,22750,0.23003033367037412,0.032733917236328125,0.00034811391378752887,1.513911075128382e-07
sft_full_seed1,full,1,30000,22760,0.2301314459049545,2.2790151706431062e-05,0.0004264820017851889,1.5099621761039683e-07
sft_full_seed1,full,1,30000,22770,0.2302325581395349,0.9172852516174317,0.6080281138420105,1.5060175178046014e-07
sft_full_seed1,full,1,30000,22780,0.23033367037411526,0.6252845287322998,0.0006138499011285603,1.5020771050234115e-07
sft_full_seed1,full,1,30000,22790,0.23043478260869565,9.094069828279317e-05,0.0035164777655154467,1.4981409425483716e-07
sft_full_seed1,full,1,30000,22800,0.23053589484327602,0.7099952220916748,115.43074798583984,1.4942090351622883e-07
sft_full_seed1,full,1,30000,22810,0.23063700707785642,0.00019160158699378372,0.001101407571695745,1.490281387642804e-07
sft_full_seed1,full,1,30000,22820,0.23073811931243682,0.37924985885620116,8.730572153581306e-05,1.4863580047623763e-07
sft_full_seed1,full,1,30000,22830,0.2308392315470172,0.3838976860046387,0.0012663743691518903,1.4824388912882895e-07
sft_full_seed1,full,1,30000,22840,0.23094034378159758,0.33547239303588866,44.09724044799805,1.4785240519826342e-07
sft_full_seed1,full,1,30000,22850,0.23104145601617795,0.01167110726237297,3.1451545510208234e-05,1.4746134916023094e-07
sft_full_seed1,full,1,30000,22860,0.23114256825075835,0.21347334384918212,196.00498962402344,1.470707214899014e-07
sft_full_seed1,full,1,30000,22870,0.23124368048533872,0.6875093460083008,0.001777097349986434,1.4668052266192422e-07
sft_full_seed1,full,1,30000,22880,0.23134479271991912,0.517236328125,0.2510965168476105,1.4629075315042794e-07
sft_full_seed1,full,1,30000,22890,0.2314459049544995,0.3042581081390381,0.002889564260840416,1.4590141342901924e-07
sft_full_seed1,full,1,30000,22900,0.23154701718907988,0.38480477333068847,2.6939891540678218e-05,1.455125039707825e-07
sft_full_seed1,full,1,30000,22910,0.23164812942366025,0.011848320811986923,3.5272332752356306e-05,1.4512402524827945e-07
sft_full_seed1,full,1,30000,22920,0.23174924165824065,0.47090849876403806,0.0010707632172852755,1.4473597773354816e-07
sft_full_seed1,full,1,30000,22930,0.23185035389282102,0.5086184501647949,95.42839050292969,1.4434836189810335e-07
sft_full_seed1,full,1,30000,22940,0.23195146612740142,3.0728979618288575e-05,4.3053598346887156e-05,1.439611782129345e-07
sft_full_seed1,full,1,30000,22950,0.2320525783619818,1.0585230827331542,0.00023551077174488455,1.4357442714850632e-07
sft_full_seed1,full,1,30000,22960,0.23215369059656218,0.2524592876434326,0.0002651555114425719,1.4318810917475798e-07
sft_full_seed1,full,1,30000,22970,0.23225480283114258,0.37686011791229246,0.013290745206177235,1.4280222476110204e-07
sft_full_seed1,full,1,30000,22980,0.23235591506572295,0.002790270186960697,0.00392812117934227,1.424167743764247e-07
sft_full_seed1,full,1,30000,22990,0.23245702730030335,0.33273844718933104,457.11962890625,1.4203175848908437e-07
sft_full_seed1,full,1,30000,23000,0.23255813953488372,0.3241591453552246,0.07295124232769012,1.4164717756691174e-07
sft_full_seed1,full,1,30000,23010,0.23265925176946411,0.03250773251056671,0.016444066539406776,1.412630320772088e-07
sft_full_seed1,full,1,30000,23020,0.23276036400404448,0.2752868413925171,0.014093777164816856,1.408793224867484e-07
sft_full_seed1,full,1,30000,23030,0.23286147623862488,0.3333499193191528,0.00039261626079678535,1.4049604926177422e-07
sft_full_seed1,full,1,30000,23040,0.23296258847320525,0.5673721313476563,0.000763266405556351,1.4011321286799916e-07
sft_full_seed1,full,1,30000,23050,0.23306370070778565,0.6293962001800537,0.0011397391790524125,1.3973081377060565e-07
sft_full_seed1,full,1,30000,23060,0.23316481294236602,0.059172242879867554,0.0063464343547821045,1.393488524342445e-07
sft_full_seed1,full,1,30000,23070,0.23326592517694641,0.00017917999066412448,0.0007666086312383413,1.3896732932303484e-07
sft_full_seed1,full,1,30000,23080,0.23336703741152678,0.0008623980917036534,0.003778050420805812,1.3858624490056303e-07
sft_full_seed1,full,1,30000,23090,0.23346814964610718,0.3117633581161499,48.67241668701172,1.38205599629883e-07
sft_full_seed1,full,1,30000,23100,0.23356926188068755,0.06368256211280823,0.0005312463617883623,1.3782539397351416e-07
sft_full_seed1,full,1,30000,23110,0.23367037411526795,0.3800113439559937,0.0002509073819965124,1.3744562839344265e-07
sft_full_seed1,full,1,30000,23120,0.23377148634984835,1.1376234760973603e-05,0.001971825258806348,1.370663033511193e-07
sft_full_seed1,full,1,30000,23130,0.23387259858442871,0.0007262304890900851,0.0004971449379809201,1.3668741930745964e-07
sft_full_seed1,full,1,30000,23140,0.2339737108190091,0.00015922046732157468,0.0003916683199349791,1.363089767228438e-07
sft_full_seed1,full,1,30000,23150,0.23407482305358948,0.0404358983039856,0.012067622505128384,1.3593097605711505e-07
sft_full_seed1,full,1,30000,23160,0.23417593528816988,0.000227311416529119,0.04242634028196335,1.355534177695799e-07
sft_full_seed1,full,1,30000,23170,0.23427704752275025,0.037911251187324524,0.02108348347246647,1.3517630231900722e-07
sft_full_seed1,full,1,30000,23180,0.23437815975733065,0.4509609222412109,0.0015620989724993706,1.3479963016362765e-07
sft_full_seed1,full,1,30000,23190,0.23447927199191101,0.0003359959227964282,0.001150058233179152,1.3442340176113376e-07
sft_full_seed1,full,1,30000,23200,0.2345803842264914,0.37540283203125,9.223951929016039e-05,1.3404761756867838e-07
sft_full_seed1,full,1,30000,23210,0.23468149646107178,0.013353495299816132,0.001306307502090931,1.3367227804287467e-07
sft_full_seed1,full,1,30000,23220,0.23478260869565218,0.3214299440383911,0.00011158583947690204,1.3329738363979558e-07
sft_full_seed1,full,1,30000,23230,0.23488372093023255,0.010588541626930237,0.01886650361120701,1.3292293481497307e-07
sft_full_seed1,full,1,30000,23240,0.23498483316481295,0.13129042387008666,9.457028500037268e-05,1.3254893202339796e-07
sft_full_seed1,full,1,30000,23250,0.23508594539939331,0.18420602083206178,0.0006931161624379456,1.321753757195187e-07
sft_full_seed1,full,1,30000,23260,0.2351870576339737,0.21597723960876464,6.266901618801057e-05,1.3180226635724167e-07
sft_full_seed1,full,1,30000,23270,0.23528816986855408,0.30008764266967775,0.005741477943956852,1.314296043899298e-07
sft_full_seed1,full,1,30000,23280,0.23538928210313448,0.05751925706863403,0.0018225976964458823,1.3105739027040248e-07
sft_full_seed1,full,1,30000,23290,0.23549039433771488,0.020383527874946593,232.6682891845703,1.306856244509349e-07
sft_full_seed1,full,1,30000,23300,0.23559150657229525,0.2774522304534912,0.0019042959902435541,1.3031430738325778e-07
sft_full_seed1,full,1,30000,23310,0.23569261880687564,0.25525174140930174,0.005203085485845804,1.299434395185563e-07
sft_full_seed1,full,1,30000,23320,0.235793731041456,0.7798376560211182,0.11562719941139221,1.2957302130746988e-07
sft_full_seed1,full,1,30000,23330,0.2358948432760364,0.3889970541000366,2.7501218937686644e-05,1.292030532000915e-07
sft_full_seed1,full,1,30000,23340,0.23599595551061678,0.19213311672210692,247.7152099609375,1.2883353564596727e-07
sft_full_seed1,full,1,30000,23350,0.23609706774519718,0.2208925485610962,0.0003162279899697751,1.2846446909409603e-07
sft_full_seed1,full,1,30000,23360,0.23619817997977754,0.10964808464050294,8.993218216346577e-05,1.2809585399292837e-07
sft_full_seed1,full,1,30000,23370,0.23629929221435794,0.2638122797012329,3.7906291254330426e-05,1.277276907903664e-07
sft_full_seed1,full,1,30000,23380,0.2364004044489383,0.3589481830596924,6.507964280899614e-05,1.2735997993376295e-07
sft_full_seed1,full,1,30000,23390,0.2365015166835187,0.019292789697647094,0.35165268182754517,1.2699272186992165e-07
sft_full_seed1,full,1,30000,23400,0.23660262891809908,0.0033633846789598463,0.0002989086206071079,1.2662591704509545e-07
sft_full_seed1,full,1,30000,23410,0.23670374115267948,0.11770815849304199,0.0013059566263109446,1.262595659049871e-07
sft_full_seed1,full,1,30000,23420,0.23680485338725984,0.00010455712908878923,0.49921223521232605,1.2589366889474757e-07
sft_full_seed1,full,1,30000,23430,0.23690596562184024,0.001251689065247774,0.00025546722463332117,1.255282264589762e-07
sft_full_seed1,full,1,30000,23440,0.23700707785642064,0.12176555395126343,425.8189697265625,1.2516323904171999e-07
sft_full_seed1,full,1,30000,23450,0.237108190091001,0.2876394748687744,0.06668602675199509,1.2479870708647322e-07
sft_full_seed1,full,1,30000,23460,0.2372093023255814,0.11768910884857178,0.0007304269820451736,1.2443463103617657e-07
sft_full_seed1,full,1,30000,23470,0.23731041456016178,0.9958877563476562,0.00012369838077574968,1.2407101133321669e-07
sft_full_seed1,full,1,30000,23480,0.23741152679474217,0.001440951507538557,0.00043357000686228275,1.2370784841942582e-07
sft_full_seed1,full,1,30000,23490,0.23751263902932254,0.5770889282226562,9.348652383778244e-05,1.2334514273608114e-07
sft_full_seed1,full,1,30000,23500,0.23761375126390294,0.043257671594619754,0.0002547498152125627,1.2298289472390416e-07
sft_full_seed1,full,1,30000,23510,0.2377148634984833,0.308341383934021,0.00038731208769604564,1.226211048230606e-07
sft_full_seed1,full,1,30000,23520,0.2378159757330637,0.7772198677062988,2.807109194691293e-05,1.2225977347315918e-07
sft_full_seed1,full,1,30000,23530,0.23791708796764408,0.11757676601409912,0.016822243109345436,1.2189890111325146e-07
sft_full_seed1,full,1,30000,23540,0.23801820020222447,0.044651934504508974,0.0018686457769945264,1.215384881818316e-07
sft_full_seed1,full,1,30000,23550,0.23811931243680484,3.536366275511682e-05,0.02719445340335369,1.2117853511683508e-07
sft_full_seed1,full,1,30000,23560,0.23822042467138524,2.9489671578630806e-05,0.00033553881803527474,1.2081904235563905e-07
sft_full_seed1,full,1,30000,23570,0.2383215369059656,0.2167637825012207,0.0023236535489559174,1.2046001033506097e-07
sft_full_seed1,full,1,30000,23580,0.238422649140546,0.2418300151824951,0.00010303892486263067,1.2010143949135865e-07
sft_full_seed1,full,1,30000,23590,0.2385237613751264,0.14161159992218017,3.071266473853029e-05,1.1974333026022937e-07
sft_full_seed1,full,1,30000,23600,0.23862487360970677,0.27086145877838136,0.00037679189699701965,1.1938568307680963e-07
sft_full_seed1,full,1,30000,23610,0.23872598584428717,0.40438504219055177,164.432373046875,1.1902849837567463e-07
sft_full_seed1,full,1,30000,23620,0.23882709807886754,0.03253152370452881,2.411442437733058e-05,1.1867177659083738e-07
sft_full_seed1,full,1,30000,23630,0.23892821031344794,0.00012688757851719856,0.002690735971555114,1.1831551815574847e-07
sft_full_seed1,full,1,30000,23640,0.2390293225480283,0.3196097850799561,239.69349670410156,1.1795972350329552e-07
sft_full_seed1,full,1,30000,23650,0.2391304347826087,0.3101504802703857,324.53973388671875,1.1760439306580238e-07
sft_full_seed1,full,1,30000,23660,0.23923154701718907,0.2709268808364868,0.004025487694889307,1.172495272750294e-07
sft_full_seed1,full,1,30000,23670,0.23933265925176947,0.020421360433101655,0.021059872582554817,1.1689512656217177e-07
sft_full_seed1,full,1,30000,23680,0.23943377148634984,2.1635137090925128e-05,0.001433013821952045,1.1654119135785962e-07
sft_full_seed1,full,1,30000,23690,0.23953488372093024,3.635294851846993e-05,0.0001895756577141583,1.1618772209215793e-07
sft_full_seed1,full,1,30000,23700,0.2396359959555106,0.4054420471191406,0.00025332675431855023,1.1583471919456506e-07
sft_full_seed1,full,1,30000,23710,0.239737108190091,0.3175137758255005,0.0002889528404921293,1.1548218309401264e-07
sft_full_seed1,full,1,30000,23720,0.23983822042467137,0.00023079849779605865,0.0005235676653683186,1.1513011421886553e-07
sft_full_seed1,full,1,30000,23730,0.23993933265925177,0.00435715988278389,5.8224100939696655e-05,1.1477851299692054e-07
sft_full_seed1,full,1,30000,23740,0.24004044489383217,0.8167495727539062,0.001091905403882265,1.1442737985540629e-07
sft_full_seed1,full,1,30000,23750,0.24014155712841254,0.28335497379302976,0.00879241805523634,1.140767152209826e-07
sft_full_seed1,full,1,30000,23760,0.24024266936299293,0.5700766086578369,0.002410063985735178,1.1372651951974e-07
sft_full_seed1,full,1,30000,23770,0.2403437815975733,0.39197711944580077,0.0005157682462595403,1.133767931771995e-07
sft_full_seed1,full,1,30000,23780,0.2404448938321537,0.00015083446633070707,0.00017363933147862554,1.130275366183115e-07
sft_full_seed1,full,1,30000,23790,0.24054600606673407,0.2791930913925171,0.039060644805431366,1.1267875026745561e-07
sft_full_seed1,full,1,30000,23800,0.24064711830131447,0.08616998791694641,0.0010167487198486924,1.1233043454844016e-07
sft_full_seed1,full,1,30000,23810,0.24074823053589484,0.47945942878723147,0.004869133234024048,1.1198258988450143e-07
sft_full_seed1,full,1,30000,23820,0.24084934277047523,0.3250283718109131,0.0001406689261784777,1.1163521669830367e-07
sft_full_seed1,full,1,30000,23830,0.2409504550050556,4.85244789160788e-05,0.0006887626368552446,1.1128831541193817e-07
sft_full_seed1,full,1,30000,23840,0.241051567239636,0.9344061851501465,0.022095469757914543,1.1094188644692253e-07
sft_full_seed1,full,1,30000,23850,0.24115267947421637,0.027538174390792848,297.332763671875,1.1059593022420067e-07
sft_full_seed1,full,1,30000,23860,0.24125379170879677,0.18348731994628906,8.568578050471842e-05,1.1025044716414183e-07
sft_full_seed1,full,1,30000,23870,0.24135490394337714,0.4013800621032715,0.04654931277036667,1.0990543768654081e-07
sft_full_seed1,full,1,30000,23880,0.24145601617795753,0.260998010635376,231.64134216308594,1.0956090221061653e-07
sft_full_seed1,full,1,30000,23890,0.24155712841253793,1.315198460360989e-05,0.000752102117985487,1.0921684115501207e-07
sft_full_seed1,full,1,30000,23900,0.2416582406471183,0.00015912364469841122,0.9689974188804626,1.0887325493779403e-07
sft_full_seed1,full,1,30000,23910,0.2417593528816987,0.023214970529079438,0.00030984473414719105,1.0853014397645205e-07
sft_full_seed1,full,1,30000,23920,0.24186046511627907,0.25419087409973146,0.007925680838525295,1.0818750868789828e-07
sft_full_seed1,full,1,30000,23930,0.24196157735085946,0.46695384979248045,0.0011005208361893892,1.0784534948846702e-07
sft_full_seed1,full,1,30000,23940,0.24206268958543983,0.6024462223052979,0.00018627069948706776,1.0750366679391392e-07
sft_full_seed1,full,1,30000,23950,0.24216380182002023,3.823240986093879e-05,0.23294122517108917,1.0716246101941557e-07
sft_full_seed1,full,1,30000,23960,0.2422649140546006,0.20430381298065187,0.0020216067787259817,1.0682173257956933e-07
sft_full_seed1,full,1,30000,23970,0.242366026289181,0.1504082441329956,392.01708984375,1.0648148188839217e-07
sft_full_seed1,full,1,30000,23980,0.24246713852376137,0.023119202256202696,0.01601191982626915,1.0614170935932099e-07
sft_full_seed1,full,1,30000,23990,0.24256825075834176,0.0013791441917419434,0.00040319314575754106,1.058024154052114e-07
sft_full_seed1,full,1,30000,24000,0.24266936299292213,0.6750502109527587,147.54672241210938,1.0546360043833746e-07
sft_full_seed1,full,1,30000,24010,0.24277047522750253,0.3813048839569092,400.8372802734375,1.0512526487039136e-07
sft_full_seed1,full,1,30000,24020,0.2428715874620829,0.08931478261947631,0.0012601608177646995,1.0478740911248257e-07
sft_full_seed1,full,1,30000,24030,0.2429726996966633,0.26693885326385497,0.0030850362963974476,1.0445003357513793e-07
sft_full_seed1,full,1,30000,24040,0.2430738119312437,0.4023438930511475,235.2187042236328,1.041131386683004e-07
sft_full_seed1,full,1,30000,24050,0.24317492416582406,0.07923060059547424,7.729777280474082e-05,1.0377672480132915e-07
sft_full_seed1,full,1,30000,24060,0.24327603640040446,0.17802537679672242,0.06156587973237038,1.0344079238299863e-07
sft_full_seed1,full,1,30000,24070,0.24337714863498483,0.5947107791900634,0.0007861805497668684,1.0310534182149832e-07
sft_full_seed1,full,1,30000,24080,0.24347826086956523,0.19627716541290283,0.0003471491509117186,1.0277037352443258e-07
sft_full_seed1,full,1,30000,24090,0.2435793731041456,0.0013747701421380043,0.009624719619750977,1.0243588789881929e-07
sft_full_seed1,full,1,30000,24100,0.243680485338726,7.164462003856897e-05,7.769242074573413e-05,1.0210188535108993e-07
sft_full_seed1,full,1,30000,24110,0.24378159757330636,0.6041867733001709,0.007203015498816967,1.0176836628708934e-07
sft_full_seed1,full,1,30000,24120,0.24388270980788676,0.6542188167572022,0.11506085842847824,1.0143533111207453e-07
sft_full_seed1,full,1,30000,24130,0.24398382204246713,0.2792628765106201,0.5679035782814026,1.0110278023071445e-07
sft_full_seed1,full,1,30000,24140,0.24408493427704753,0.030941784381866455,1.766474815667607e-05,1.0077071404709009e-07
sft_full_seed1,full,1,30000,24150,0.2441860465116279,0.6500502586364746,0.0005305347731336951,1.0043913296469298e-07
sft_full_seed1,full,1,30000,24160,0.2442871587462083,0.7393383026123047,62.19116973876953,1.0010803738642548e-07
sft_full_seed1,full,1,30000,24170,0.24438827098078866,0.24924921989440918,0.0001432482386007905,9.977742771459991e-08
sft_full_seed1,full,1,30000,24180,0.24448938321536906,1.1386853218078614,0.00021680531790480018,9.944730435093801e-08
sft_full_seed1,full,1,30000,24190,0.24459049544994946,0.24181599617004396,1.1557896137237549,9.911766769657115e-08
sft_full_seed1,full,1,30000,24200,0.24469160768452983,0.23660447597503662,0.0001353061816189438,9.878851815203881e-08
sft_full_seed1,full,1,30000,24210,0.24479271991911022,0.11364506483078003,0.0006085011991672218,9.845985611728863e-08
sft_full_seed1,full,1,30000,24220,0.2448938321536906,0.012941171228885651,0.003345500910654664,9.813168199167604e-08
sft_full_seed1,full,1,30000,24230,0.244994944388271,0.2916948080062866,0.0006614084704779088,9.78039961739634e-08
sft_full_seed1,full,1,30000,24240,0.24509605662285136,0.0016584159806370736,0.00030782027170062065,9.747679906232015e-08
sft_full_seed1,full,1,30000,24250,0.24519716885743176,0.17620279788970947,0.00010338380525354296,9.715009105432137e-08
sft_full_seed1,full,1,30000,24260,0.24529828109201213,0.00016467957757413388,0.7488400936126709,9.682387254694834e-08
sft_full_seed1,full,1,30000,24270,0.24539939332659252,6.890173244755715e-06,0.0001318069116678089,9.649814393658722e-08
sft_full_seed1,full,1,30000,24280,0.2455005055611729,0.6713364601135254,325.3218688964844,9.61729056190288e-08
sft_full_seed1,full,1,30000,24290,0.2456016177957533,0.13557153940200806,0.0005969919729977846,9.58481579894686e-08
sft_full_seed1,full,1,30000,24300,0.24570273003033366,0.01580665111541748,0.0009023824241012335,9.55239014425055e-08
sft_full_seed1,full,1,30000,24310,0.24580384226491406,0.3333392381668091,4.3432035454316065e-05,9.520013637214175e-08
sft_full_seed1,full,1,30000,24320,0.24590495449949443,0.6243471145629883,65.04997253417969,9.48768631717824e-08
sft_full_seed1,full,1,30000,24330,0.24600606673407482,0.4875739097595215,0.0014904043637216091,9.455408223423494e-08
sft_full_seed1,full,1,30000,24340,0.2461071789686552,1.915140892378986e-05,0.00011355749302310869,9.423179395170844e-08
sft_full_seed1,full,1,30000,24350,0.2462082912032356,0.35335850715637207,0.0002369607682339847,9.39099987158139e-08
sft_full_seed1,full,1,30000,24360,0.246309403437816,0.49226083755493166,0.0020858452189713717,9.358869691756272e-08
sft_full_seed1,full,1,30000,24370,0.24641051567239636,0.012686467170715332,93.11528778076172,9.326788894736687e-08
sft_full_seed1,full,1,30000,24380,0.24651162790697675,0.2908989667892456,0.02247677557170391,9.29475751950381e-08
sft_full_seed1,full,1,30000,24390,0.24661274014155712,1.0116578102111817,0.00023728761880192906,9.262775604978818e-08
sft_full_seed1,full,1,30000,24400,0.24671385237613752,0.44321208000183104,3.280032157897949,9.230843190022725e-08
sft_full_seed1,full,1,30000,24410,0.2468149646107179,0.4511893272399902,8.454892667941749e-05,9.198960313436443e-08
sft_full_seed1,full,1,30000,24420,0.2469160768452983,0.30421464443206786,0.16235323250293732,9.167127013960669e-08
sft_full_seed1,full,1,30000,24430,0.24701718907987866,0.06402575969696045,0.0002836271305568516,9.135343330275863e-08
sft_full_seed1,full,1,30000,24440,0.24711830131445905,0.07093625068664551,0.00046509734238497913,9.103609301002179e-08
sft_full_seed1,full,1,30000,24450,0.24721941354903942,0.3417377233505249,0.00013151696475688368,9.07192496469949e-08
sft_full_seed1,full,1,30000,24460,0.24732052578361982,0.142853844165802,4.72949743270874,9.040290359867231e-08
sft_full_seed1,full,1,30000,24470,0.2474216380182002,0.00048632263205945493,0.001120188389904797,9.008705524944438e-08
sft_full_seed1,full,1,30000,24480,0.2475227502527806,0.34658377170562743,0.0003924602933693677,8.97717049830965e-08
sft_full_seed1,full,1,30000,24490,0.24762386248736096,0.015810200572013856,0.0006287333089858294,8.945685318280915e-08
sft_full_seed1,full,1,30000,24500,0.24772497472194135,0.28883376121521,0.0006585496594198048,8.914250023115671e-08
sft_full_seed1,full,1,30000,24510,0.24782608695652175,0.08608993887901306,0.09578929841518402,8.882864651010796e-08
sft_full_seed1,full,1,30000,24520,0.24792719919110212,0.0012025724165141583,0.08393728733062744,8.851529240102462e-08
sft_full_seed1,full,1,30000,24530,0.24802831142568252,0.3088264226913452,0.0009737033979035914,8.820243828466134e-08
sft_full_seed1,full,1,30000,24540,0.2481294236602629,0.18361928462982177,2.6148929464397952e-05,8.789008454116565e-08
sft_full_seed1,full,1,30000,24550,0.24823053589484328,1.0250164031982423,85.53418731689453,8.757823155007655e-08
sft_full_seed1,full,1,30000,24560,0.24833164812942365,0.14406392574310303,0.002708734944462776,8.72668796903251e-08
sft_full_seed1,full,1,30000,24570,0.24843276036400405,0.2584444761276245,0.0008373664459213614,8.695602934023299e-08
sft_full_seed1,full,1,30000,24580,0.24853387259858442,0.0021728890016674994,0.000751751649659127,8.664568087751272e-08
sft_full_seed1,full,1,30000,24590,0.24863498483316482,0.09951615333557129,8.752358553465456e-05,8.633583467926697e-08
sft_full_seed1,full,1,30000,24600,0.2487360970677452,0.49851622581481936,202.95291137695312,8.602649112198795e-08
sft_full_seed1,full,1,30000,24610,0.24883720930232558,0.07913167476654052,0.00042818867950700223,8.571765058155744e-08
sft_full_seed1,full,1,30000,24620,0.24893832153690595,0.2708584785461426,2.0950530597474426e-05,8.540931343324582e-08
sft_full_seed1,full,1,30000,24630,0.24903943377148635,0.3792479753494263,0.000542092602699995,8.510148005171169e-08
sft_full_seed1,full,1,30000,24640,0.24914054600606672,0.13817907571792604,0.0017021471867337823,8.479415081100166e-08
sft_full_seed1,full,1,30000,24650,0.24924165824064712,0.32144691944122317,0.0019864689093083143,8.448732608454968e-08
sft_full_seed1,full,1,30000,24660,0.24934277047522752,5.5778544628992675e-05,0.0001339843001915142,8.418100624517688e-08
sft_full_seed1,full,1,30000,24670,0.24944388270980788,0.8168230056762695,0.00014700915198773146,8.387519166509061e-08
sft_full_seed1,full,1,30000,24680,0.24954499494438828,1.2035688268952071e-05,0.0008434928022325039,8.356988271588445e-08
sft_full_seed1,full,1,30000,24690,0.24964610717896865,0.7506917953491211,0.0001367647055303678,8.326507976853764e-08
sft_full_seed1,full,1,30000,24700,0.24974721941354905,0.2126011848449707,0.00019376106502022594,8.296078319341443e-08
sft_full_seed1,full,1,30000,24710,0.24984833164812942,0.29210896492004396,1.5192959308624268,8.265699336026382e-08
sft_full_seed1,full,1,30000,24720,0.24994944388270982,0.14893804788589476,0.0008931482443585992,8.235371063821923e-08
sft_full_seed1,full,1,30000,24730,0.2500505561172902,0.33010430335998536,0.0016798516735434532,8.205093539579766e-08
sft_full_seed1,full,1,30000,24740,0.2501516683518706,0.050368332862854005,393.8913879394531,8.174866800089963e-08
sft_full_seed1,full,1,30000,24750,0.25025278058645095,0.5125791549682617,0.00018582696793600917,8.144690882080851e-08
sft_full_seed1,full,1,30000,24760,0.2503538928210313,0.00018896309193223716,0.0051813493482768536,8.114565822219005e-08
sft_full_seed1,full,1,30000,24770,0.25045500505561175,0.002063935808837414,0.0032361599151045084,8.084491657109233e-08
sft_full_seed1,full,1,30000,24780,0.2505561172901921,0.35874185562133787,8.555102249374613e-05,8.054468423294474e-08
sft_full_seed1,full,1,30000,24790,0.2506572295247725,0.33382084369659426,0.005654836073517799,8.024496157255783e-08
sft_full_seed1,full,1,30000,24800,0.25075834175935285,0.4673462867736816,404.0892639160156,7.994574895412293e-08
sft_full_seed1,full,1,30000,24810,0.2508594539939333,0.300065016746521,0.00643159169703722,7.964704674121147e-08
sft_full_seed1,full,1,30000,24820,0.25096056622851365,0.1774260640144348,0.0021234138403087854,7.934885529677505e-08
sft_full_seed1,full,1,30000,24830,0.251061678463094,0.019304902851581575,276.05401611328125,7.905117498314412e-08
sft_full_seed1,full,1,30000,24840,0.25116279069767444,0.3771160364151001,0.002281387336552143,7.87540061620286e-08
sft_full_seed1,full,1,30000,24850,0.2512639029322548,0.2421527624130249,0.0021677531767636538,7.845734919451647e-08
sft_full_seed1,full,1,30000,24860,0.2513650151668352,0.0018837127834558487,8.037829399108887,7.816120444107382e-08
sft_full_seed1,full,1,30000,24870,0.25146612740141555,0.0008365720510482788,2.2154526959639043e-05,7.786557226154472e-08
sft_full_seed1,full,1,30000,24880,0.251567239635996,0.28503785133361814,0.0025651385076344013,7.757045301514997e-08
sft_full_seed1,full,1,30000,24890,0.25166835187057635,0.04739198088645935,0.0013594781048595905,7.727584706048735e-08
sft_full_seed1,full,1,30000,24900,0.2517694641051567,5.79887127969414e-05,0.0002891003096010536,7.698175475553076e-08
sft_full_seed1,full,1,30000,24910,0.2518705763397371,0.001116261351853609,0.00026553592761047184,7.66881764576302e-08
sft_full_seed1,full,1,30000,24920,0.2519716885743175,0.4299884796142578,0.0002631496754474938,7.639511252351088e-08
sft_full_seed1,full,1,30000,24930,0.2520728008088979,0.3923222303390503,0.15494684875011444,7.610256330927323e-08
sft_full_seed1,full,1,30000,24940,0.25217391304347825,0.22096867561340333,0.0012999755563214421,7.58105291703921e-08
sft_full_seed1,full,1,30000,24950,0.2522750252780586,0.18824981451034545,3.709178417921066e-05,7.551901046171644e-08
sft_full_seed1,full,1,30000,24960,0.25237613751263904,0.6250930786132812,170.2538604736328,7.522800753746894e-08
sft_full_seed1,full,1,30000,24970,0.2524772497472194,0.5163184642791748,0.000657798838801682,7.493752075124576e-08
sft_full_seed1,full,1,30000,24980,0.2525783619817998,0.45432462692260744,0.009676081128418446,7.464755045601556e-08
sft_full_seed1,full,1,30000,24990,0.2526794742163802,0.19630464315414428,330.42218017578125,7.435809700411971e-08
sft_full_seed1,full,1,30000,25000,0.2527805864509606,8.960404375102372e-06,0.0014041382819414139,7.406916074727148e-08
sft_full_seed1,full,1,30000,25010,0.25288169868554095,0.24176554679870604,0.2725107967853546,7.37807420365556e-08
sft_full_seed1,full,1,30000,25020,0.2529828109201213,0.333341121673584,43.59946060180664,7.349284122242782e-08
sft_full_seed1,full,1,30000,25030,0.25308392315470174,0.46532588005065917,2.9658026695251465,7.320545865471512e-08
sft_full_seed1,full,1,30000,25040,0.2531850353892821,0.31252639293670653,0.09557054191827774,7.291859468261425e-08
sft_full_seed1,full,1,30000,25050,0.2532861476238625,0.0013253284618258477,0.0035452067386358976,7.263224965469195e-08
sft_full_seed1,full,1,30000,25060,0.25338725985844285,0.31693572998046876,0.0011615707771852612,7.234642391888445e-08
sft_full_seed1,full,1,30000,25070,0.2534883720930233,0.2902784824371338,206.5227508544922,7.206111782249697e-08
sft_full_seed1,full,1,30000,25080,0.25358948432760364,0.2833747386932373,0.00024542646133340895,7.177633171220337e-08
sft_full_seed1,full,1,30000,25090,0.253690596562184,0.8117229461669921,91.83277130126953,7.149206593404561e-08
sft_full_seed1,full,1,30000,25100,0.2537917087967644,0.000312489690259099,2.8521160857053474e-05,7.120832083343336e-08
sft_full_seed1,full,1,30000,25110,0.2538928210313448,0.2796584367752075,0.00018966710194945335,7.092509675514369e-08
sft_full_seed1,full,1,30000,25120,0.2539939332659252,0.2584115266799927,0.3751794993877411,7.064239404332062e-08
sft_full_seed1,full,1,30000,25130,0.25409504550050555,0.006351734697818756,0.008753047324717045,7.036021304147449e-08
sft_full_seed1,full,1,30000,25140,0.25419615773508597,0.2420870304107666,0.0003888252249453217,7.007855409248198e-08
sft_full_seed1,full,1,30000,25150,0.25429726996966634,0.6616849899291992,92.2315444946289,6.97974175385852e-08
sft_full_seed1,full,1,30000,25160,0.2543983822042467,0.006776289641857147,0.0007879572222009301,6.951680372139157e-08
sft_full_seed1,full,1,30000,25170,0.2544994944388271,2.6094578788615764e-05,0.0008151357178576291,6.923671298187334e-08
sft_full_seed1,full,1,30000,25180,0.2546006066734075,0.7664607524871826,466.9367370605469,6.895714566036704e-08
sft_full_seed1,full,1,30000,25190,0.2547017189079879,0.14216213226318358,379.6011962890625,6.86781020965736e-08
sft_full_seed1,full,1,30000,25200,0.25480283114256824,0.5142728805541992,0.00040866347262635827,6.839958262955709e-08
sft_full_seed1,full,1,30000,25210,0.2549039433771486,1.1999966955045237e-05,0.0015158264432102442,6.81215875977449e-08
sft_full_seed1,full,1,30000,25220,0.25500505561172904,0.34180142879486086,41.843910217285156,6.784411733892731e-08
sft_full_seed1,full,1,30000,25230,0.2551061678463094,0.0060577340424060825,7.372929394477978e-05,6.756717219025665e-08
sft_full_seed1,full,1,30000,25240,0.2552072800808898,0.1774522066116333,0.8662952184677124,6.729075248824761e-08
sft_full_seed1,full,1,30000,25250,0.25530839231547015,0.17520114183425903,0.01953674666583538,6.701485856877615e-08
sft_full_seed1,full,1,30000,25260,0.25540950455005057,1.1543025175342337e-05,0.003087553195655346,6.673949076707925e-08
sft_full_seed1,full,1,30000,25270,0.25551061678463094,0.2852845430374146,0.04592074081301689,6.646464941775499e-08
sft_full_seed1,full,1,30000,25280,0.2556117290192113,3.813832299783826e-05,0.004571845289319754,6.619033485476128e-08
sft_full_seed1,full,1,30000,25290,0.25571284125379173,0.32483887672424316,112.87273406982422,6.591654741141639e-08
sft_full_seed1,full,1,30000,25300,0.2558139534883721,0.24225981235504152,0.011328352615237236,6.564328742039781e-08
sft_full_seed1,full,1,30000,25310,0.2559150657229525,0.24170801639556885,0.0009678611531853676,6.537055521374218e-08
sft_full_seed1,full,1,30000,25320,0.25601617795753284,0.019234296679496766,0.0002560192660894245,6.509835112284484e-08
sft_full_seed1,full,1,30000,25330,0.25611729019211327,0.26254024505615237,0.0005564896273426712,6.482667547845944e-08
sft_full_seed1,full,1,30000,25340,0.25621840242669364,0.06392812132835388,512.50830078125,6.455552861069736e-08
sft_full_seed1,full,1,30000,25350,0.256319514661274,2.3391624563373625e-05,0.0945434421300888,6.428491084902787e-08
sft_full_seed1,full,1,30000,25360,0.2564206268958544,0.6404579162597657,295.7841491699219,6.401482252227697e-08
sft_full_seed1,full,1,30000,25370,0.2565217391304348,0.2678104639053345,0.0010009307879954576,6.374526395862739e-08
sft_full_seed1,full,1,30000,25380,0.25662285136501517,0.4291719436645508,77.7268295288086,6.347623548561825e-08
sft_full_seed1,full,1,30000,25390,0.25672396359959554,0.2804105281829834,0.00032908780849538743,6.32077374301444e-08
sft_full_seed1,full,1,30000,25400,0.2568250758341759,0.0033465709537267687,0.001898968475870788,6.293977011845647e-08
sft_full_seed1,full,1,30000,25410,0.25692618806875633,0.41130495071411133,0.0006394265219569206,6.267233387615983e-08
sft_full_seed1,full,1,30000,25420,0.2570273003033367,0.38370695114135744,0.0001727837952785194,6.2405429028215e-08
sft_full_seed1,full,1,30000,25430,0.2571284125379171,0.0011460993438959122,0.0003541914629749954,6.21390558989363e-08
sft_full_seed1,full,1,30000,25440,0.2572295247724975,0.05725674033164978,0.0002288474643137306,6.18732148119922e-08
sft_full_seed1,full,1,30000,25450,0.25733063700707787,0.8898216247558594,314.7782897949219,6.160790609040489e-08
sft_full_seed1,full,1,30000,25460,0.25743174924165824,0.004236805811524391,54.05534744262695,6.134313005654929e-08
sft_full_seed1,full,1,30000,25470,0.2575328614762386,2.1888650371693076e-05,7.35626817913726e-05,6.107888703215336e-08
sft_full_seed1,full,1,30000,25480,0.25763397371081903,2.8516011661849915e-05,0.0014802103396505117,6.081517733829722e-08
sft_full_seed1,full,1,30000,25490,0.2577350859453994,0.2606600999832153,0.003969332668930292,6.055200129541293e-08
sft_full_seed1,full,1,30000,25500,0.25783619817997977,0.32502548694610595,0.015648670494556427,6.028935922328443e-08
sft_full_seed1,full,1,30000,25510,0.25793731041456014,0.0012631649151444435,0.00235743704251945,6.002725144104648e-08
sft_full_seed1,full,1,30000,25520,0.25803842264914056,6.804140284657478e-05,0.0012735180789604783,5.976567826718475e-08
sft_full_seed1,full,1,30000,25530,0.25813953488372093,0.422308349609375,96.7888412475586,5.950464001953531e-08
sft_full_seed1,full,1,30000,25540,0.2582406471183013,0.02758244574069977,0.00017033756012097,5.924413701528413e-08
sft_full_seed1,full,1,30000,25550,0.2583417593528817,0.37964687347412107,374.1313781738281,5.898416957096702e-08
sft_full_seed1,full,1,30000,25560,0.2584428715874621,0.016286849975585938,2.709143518586643e-05,5.8724738002469135e-08
sft_full_seed1,full,1,30000,25570,0.25854398382204247,0.07918930649757386,0.09530898183584213,5.846584262502402e-08
sft_full_seed1,full,1,30000,25580,0.25864509605662284,7.867766544222832e-05,0.001233225571922958,5.820748375321411e-08
sft_full_seed1,full,1,30000,25590,0.25874620829120326,9.409408085048198e-06,0.0016378600848838687,5.7949661700969766e-08
sft_full_seed1,full,1,30000,25600,0.25884732052578363,0.3227914094924927,18.88199234008789,5.7692376781568966e-08
sft_full_seed1,full,1,30000,25610,0.258948432760364,0.22324860095977783,0.002941782819107175,5.743562930763735e-08
sft_full_seed1,full,1,30000,25620,0.25904954499494437,0.730865478515625,288.5041809082031,5.717941959114725e-08
sft_full_seed1,full,1,30000,25630,0.2591506572295248,0.10049896240234375,427.75732421875,5.692374794341759e-08
sft_full_seed1,full,1,30000,25640,0.25925176946410516,0.021845316886901854,0.0011140811257064342,5.666861467511352e-08
sft_full_seed1,full,1,30000,25650,0.25935288169868553,0.28340084552764894,0.08285460621118546,5.641402009624591e-08
sft_full_seed1,full,1,30000,25660,0.2594539939332659,8.710011752555146e-06,0.0006776718073524535,5.6159964516171445e-08
sft_full_seed1,full,1,30000,25670,0.25955510616784633,0.8084173202514648,133.95077514648438,5.590644824359148e-08
sft_full_seed1,full,1,30000,25680,0.2596562184024267,0.5833785533905029,0.00013699789997190237,5.5653471586552095e-08
sft_full_seed1,full,1,30000,25690,0.25975733063700707,0.3872147798538208,0.03090304508805275,5.5401034852443964e-08
sft_full_seed1,full,1,30000,25700,0.25985844287158744,0.00035186789464205506,0.00019758498820010573,5.514913834800133e-08
sft_full_seed1,full,1,30000,25710,0.25995955510616786,0.692996597290039,269.79595947265625,5.489778237930237e-08
sft_full_seed1,full,1,30000,25720,0.26006066734074823,0.014550280570983887,0.0012584367068484426,5.464696725176826e-08
sft_full_seed1,full,1,30000,25730,0.2601617795753286,0.5586507797241211,0.02062319964170456,5.4396693270162944e-08
sft_full_seed1,full,1,30000,25740,0.260262891809909,0.963815975189209,0.0005881993565708399,5.4146960738592986e-08
sft_full_seed1,full,1,30000,25750,0.2603640040444894,0.0033781975507736206,0.0006268052384257317,5.3897769960506933e-08
sft_full_seed1,full,1,30000,25760,0.26046511627906976,0.5341531276702881,0.0006890078075230122,5.364912123869492e-08
sft_full_seed1,full,1,30000,25770,0.26056622851365013,0.7378054618835449,358.94854736328125,5.340101487528886e-08
sft_full_seed1,full,1,30000,25780,0.26066734074823056,0.21928229331970214,0.031004562973976135,5.315345117176129e-08
sft_full_seed1,full,1,30000,25790,0.2607684529828109,0.4472078323364258,10.971721649169922,5.2906430428925397e-08
sft_full_seed1,full,1,30000,25800,0.2608695652173913,0.8501008033752442,95.0890121459961,5.265995294693471e-08
sft_full_seed1,full,1,30000,25810,0.26097067745197167,0.05344873070716858,0.005953986197710037,5.241401902528253e-08
sft_full_seed1,full,1,30000,25820,0.2610717896865521,0.19600982666015626,0.00028451051912270486,5.2168628962801886e-08
sft_full_seed1,full,1,30000,25830,0.26117290192113246,0.0003779568476602435,3.550686233211309e-05,5.19237830576647e-08
sft_full_seed1,full,1,30000,25840,0.26127401415571283,0.41673922538757324,0.0007741528679616749,5.167948160738206e-08
sft_full_seed1,full,1,30000,25850,0.2613751263902932,0.31667404174804686,0.00025311988429166377,5.14357249088031e-08
sft_full_seed1,full,1,30000,25860,0.2614762386248736,0.0001967841060832143,0.00012168411194579676,5.119251325811513e-08
sft_full_seed1,full,1,30000,25870,0.261577350859454,0.2479780673980713,0.0007457350729964674,5.094984695084348e-08
sft_full_seed1,full,1,30000,25880,0.26167846309403436,0.2260429859161377,0.0026771361008286476,5.0707726281850384e-08
sft_full_seed1,full,1,30000,25890,0.2617795753286148,0.025803530216217042,228.81988525390625,5.0466151545335344e-08
sft_full_seed1,full,1,30000,25900,0.26188068756319516,1.80544942850247e-05,0.023909006267786026,5.0225123034834505e-08
sft_full_seed1,full,1,30000,25910,0.2619817997977755,0.4930419921875,290.1528625488281,4.998464104322014e-08
sft_full_seed1,full,1,30000,25920,0.2620829120323559,0.5266898155212403,0.0016961166402325034,4.9744705862700464e-08
sft_full_seed1,full,1,30000,25930,0.2621840242669363,0.013365265727043153,0.00029047916177660227,4.9505317784819645e-08
sft_full_seed1,full,1,30000,25940,0.2622851365015167,0.18642325401306153,0.10353964567184448,4.92664771004565e-08
sft_full_seed1,full,1,30000,25950,0.26238624873609706,0.005367061495780945,0.0004690194327849895,4.902818409982512e-08
sft_full_seed1,full,1,30000,25960,0.26248736097067743,0.20904114246368408,9.76331066340208e-05,4.879043907247382e-08
sft_full_seed1,full,1,30000,25970,0.26258847320525786,0.0379048228263855,0.00028761124121956527,4.855324230728541e-08
sft_full_seed1,full,1,30000,25980,0.2626895854398382,0.3375126361846924,0.0002035686484305188,4.8316594092476183e-08
sft_full_seed1,full,1,30000,25990,0.2627906976744186,0.3000434637069702,0.21091118454933167,4.808049471559617e-08
sft_full_seed1,full,1,30000,26000,0.26289180990899896,0.00014033133629709482,0.0037169239949434996,4.784494446352832e-08
sft_full_seed1,full,1,30000,26010,0.2629929221435794,4.0394207462668416e-05,0.00015754983178339899,4.7609943622488324e-08
sft_full_seed1,full,1,30000,26020,0.26309403437815976,0.2715614318847656,0.010293056257069111,4.737549247802442e-08
sft_full_seed1,full,1,30000,26030,0.2631951466127401,3.7081592017784716e-05,0.009829196147620678,4.7141591315016885e-08
sft_full_seed1,full,1,30000,26040,0.26329625884732055,0.29170637130737304,0.0031545045785605907,4.690824041767766e-08
sft_full_seed1,full,1,30000,26050,0.2633973710819009,0.7669002056121826,48.839664459228516,4.66754400695501e-08
sft_full_seed1,full,1,30000,26060,0.2634984833164813,0.34207279682159425,0.000800483685452491,4.644319055350859e-08
sft_full_seed1,full,1,30000,26070,0.26359959555106166,0.1034406304359436,0.004601933062076569,4.621149215175807e-08
sft_full_seed1,full,1,30000,26080,0.2637007077856421,0.004598649591207505,0.0265743900090456,4.598034514583415e-08
sft_full_seed1,full,1,30000,26090,0.26380182002022246,0.0026604171842336656,26.774194717407227,4.574974981660212e-08
sft_full_seed1,full,1,30000,26100,0.2639029322548028,0.4291988372802734,224.9305419921875,4.551970644425707e-08
sft_full_seed1,full,1,30000,26110,0.2640040444893832,1.4972157077863813e-05,0.015133610926568508,4.529021530832328e-08
sft_full_seed1,full,1,30000,26120,0.2641051567239636,1.8797683878801763e-05,0.0009471913799643517,4.5061276687654306e-08
sft_full_seed1,full,1,30000,26130,0.264206268958544,0.24482054710388185,2.758196569629945e-05,4.483289086043196e-08
sft_full_seed1,full,1,30000,26140,0.26430738119312436,0.4635941028594971,0.002495882799848914,4.4605058104166815e-08
sft_full_seed1,full,1,30000,26150,0.2644084934277047,0.00843467265367508,0.005150057841092348,4.4377778695696976e-08
sft_full_seed1,full,1,30000,26160,0.26450960566228515,0.6087620735168457,0.004980205092579126,4.4151052911188427e-08
sft_full_seed1,full,1,30000,26170,0.2646107178968655,0.0010674798861145974,6.585500240325928,4.3924881026134344e-08
sft_full_seed1,full,1,30000,26180,0.2647118301314459,0.3833587884902954,0.05232803523540497,4.369926331535473e-08
sft_full_seed1,full,1,30000,26190,0.2648129423660263,0.00016831880202516913,3.4351771319052204e-05,4.347420005299668e-08
sft_full_seed1,full,1,30000,26200,0.2649140546006067,0.12986699342727662,0.003017921932041645,4.324969151253316e-08
sft_full_seed1,full,1,30000,26210,0.26501516683518705,0.23765900135040283,0.018541868776082993,4.302573796676312e-08
sft_full_seed1,full,1,30000,26220,0.2651162790697674,0.13394638299942016,0.0008811294683255255,4.280233968781139e-08
sft_full_seed1,full,1,30000,26230,0.26521739130434785,0.2833503246307373,0.0004677017277572304,4.2579496947127704e-08
sft_full_seed1,full,1,30000,26240,0.2653185035389282,0.3166851758956909,0.003498887410387397,4.235721001548726e-08
sft_full_seed1,full,1,30000,26250,0.2654196157735086,0.0022837096825242043,0.025139013305306435,4.21354791629896e-08
sft_full_seed1,full,1,30000,26260,0.26552072800808896,0.2808112144470215,0.07596179842948914,4.191430465905843e-08
sft_full_seed1,full,1,30000,26270,0.2656218402426694,0.09767352342605591,0.0029965194407850504,4.169368677244184e-08
sft_full_seed1,full,1,30000,26280,0.26572295247724975,0.4463770389556885,1.8866586685180664,4.147362577121122e-08
sft_full_seed1,full,1,30000,26290,0.2658240647118301,0.7385729789733887,398.7261047363281,4.1254121922761566e-08
sft_full_seed1,full,1,30000,26300,0.2659251769464105,0.1710541844367981,0.0014422106323763728,4.1035175493810695e-08
sft_full_seed1,full,1,30000,26310,0.2660262891809909,0.00013827610528096556,0.27120286226272583,4.0816786750399126e-08
sft_full_seed1,full,1,30000,26320,0.2661274014155713,0.33750813007354735,3.995126826339401e-05,4.059895595788987e-08
sft_full_seed1,full,1,30000,26330,0.26622851365015165,0.25885536670684817,0.0006784522556699812,4.038168338096776e-08
sft_full_seed1,full,1,30000,26340,0.2663296258847321,0.4473977565765381,0.005616346839815378,4.016496928363944e-08
sft_full_seed1,full,1,30000,26350,0.26643073811931245,0.20597732067108154,2.769529342651367,3.994881392923316e-08
sft_full_seed1,full,1,30000,26360,0.2665318503538928,0.5547226905822754,0.003999099601060152,3.9733217580397936e-08
sft_full_seed1,full,1,30000,26370,0.2666329625884732,0.7127616882324219,371.46881103515625,3.951818049910366e-08
sft_full_seed1,full,1,30000,26380,0.2667340748230536,0.6255928993225097,8.482370321871713e-05,3.93037029466407e-08
sft_full_seed1,full,1,30000,26390,0.266835187057634,0.9083720207214355,0.0002654607524164021,3.908978518361938e-08
sft_full_seed1,full,1,30000,26400,0.26693629929221435,3.056579735130072e-05,0.00025502455537207425,3.8876427469970167e-08
sft_full_seed1,full,1,30000,26410,0.2670374115267947,0.00019399484153836966,0.0017152748769149184,3.8663630064942555e-08
sft_full_seed1,full,1,30000,26420,0.26713852376137515,3.303296689409763e-05,0.02875182218849659,3.845139322710572e-08
sft_full_seed1,full,1,30000,26430,0.2672396359959555,0.6025607109069824,58.311954498291016,3.823971721434727e-08
sft_full_seed1,full,1,30000,26440,0.2673407482305359,1.9326325855217874e-05,0.036553360521793365,3.80286022838735e-08
sft_full_seed1,full,1,30000,26450,0.26744186046511625,0.24357373714447023,0.0003665851545520127,3.781804869220911e-08
sft_full_seed1,full,1,30000,26460,0.2675429726996967,0.05584691166877746,21.123788833618164,3.7608056695196455e-08
sft_full_seed1,full,1,30000,26470,0.26764408493427705,0.679964017868042,277.67962646484375,3.7398626547995585e-08
sft_full_seed1,full,1,30000,26480,0.2677451971688574,0.0012706557288765907,0.14765331149101257,3.718975850508399e-08
sft_full_seed1,full,1,30000,26490,0.26784630940343784,0.12988383769989015,0.0004042839864268899,3.698145282025583e-08
sft_full_seed1,full,1,30000,26500,0.2679474216380182,0.18373719453811646,3.512078183121048e-05,3.677370974662236e-08
sft_full_seed1,full,1,30000,26510,0.2680485338725986,0.43811783790588377,326.0211486816406,3.6566529536610994e-08
sft_full_seed1,full,1,30000,26520,0.26814964610717895,0.23753106594085693,0.00023468230210710317,3.6359912441965124e-08
sft_full_seed1,full,1,30000,26530,0.2682507583417594,0.05672497749328613,0.001635130145587027,3.615385871374404e-08
sft_full_seed1,full,1,30000,26540,0.26835187057633975,4.4694950338453056e-05,0.00091679667821154,3.5948368602322366e-08
sft_full_seed1,full,1,30000,26550,0.2684529828109201,0.466004753112793,0.00015345873543992639,3.5743442357390186e-08
sft_full_seed1,full,1,30000,26560,0.2685540950455005,0.22961056232452393,0.007390935905277729,3.5539080227951936e-08
sft_full_seed1,full,1,30000,26570,0.2686552072800809,0.5250304222106934,0.00028544332599267364,3.533528246232709e-08
sft_full_seed1,full,1,30000,26580,0.2687563195146613,0.30511524677276614,0.0006457407143898308,3.5132049308149116e-08
sft_full_seed1,full,1,30000,26590,0.26885743174924165,0.384037184715271,0.00036142882890999317,3.4929381012365424e-08
sft_full_seed1,full,1,30000,26600,0.268958543983822,0.2708540678024292,0.00017149843915831298,3.4727277821236965e-08
sft_full_seed1,full,1,30000,26610,0.26905965621840244,0.6083850860595703,0.0016349040670320392,3.452573998033842e-08
sft_full_seed1,full,1,30000,26620,0.2691607684529828,0.07095515131950378,435.9173889160156,3.4324767734557116e-08
sft_full_seed1,full,1,30000,26630,0.2692618806875632,0.2174752712249756,0.0006161822821013629,3.4124361328093376e-08
sft_full_seed1,full,1,30000,26640,0.2693629929221436,6.930077797733248e-05,5.790058639831841e-05,3.392452100445975e-08
sft_full_seed1,full,1,30000,26650,0.269464105156724,0.29432120323181155,0.007552935276180506,3.372524700648116e-08
sft_full_seed1,full,1,30000,26660,0.26956521739130435,0.0010132736526429654,0.005409830249845982,3.352653957629431e-08
sft_full_seed1,full,1,30000,26670,0.2696663296258847,0.49504427909851073,297.9332580566406,3.3328398955347444e-08
sft_full_seed1,full,1,30000,26680,0.26976744186046514,0.15974172353744506,8.402969360351562,3.313082538440015e-08
sft_full_seed1,full,1,30000,26690,0.2698685540950455,0.42048354148864747,205.52810668945312,3.293381910352277e-08
sft_full_seed1,full,1,30000,26700,0.2699696663296259,0.0003365017008036375,0.16912682354450226,3.273738035209678e-08
sft_full_seed1,full,1,30000,26710,0.27007077856420625,0.3416938543319702,0.011709033511579037,3.254150936881356e-08
sft_full_seed1,full,1,30000,26720,0.2701718907987867,0.24200055599212647,0.4218580424785614,3.234620639167496e-08
sft_full_seed1,full,1,30000,26730,0.27027300303336704,0.2575308084487915,0.0025183495599776506,3.215147165799248e-08
sft_full_seed1,full,1,30000,26740,0.2703741152679474,0.3723538875579834,0.0009740676614455879,3.195730540438718e-08
sft_full_seed1,full,1,30000,26750,0.2704752275025278,5.442732363007963e-05,0.0012337237130850554,3.176370786678934e-08
sft_full_seed1,full,1,30000,26760,0.2705763397371082,0.13280808925628662,0.0028333119116723537,3.157067928043816e-08
sft_full_seed1,full,1,30000,26770,0.2706774519716886,0.300303316116333,0.001127769472077489,3.1378219879881764e-08
sft_full_seed1,full,1,30000,26780,0.27077856420626895,0.0001226749736815691,0.0007850370602682233,3.118632989897629e-08
sft_full_seed1,full,1,30000,26790,0.2708796764408493,0.003372267261147499,0.00046653670142404735,3.09950095708863e-08
sft_full_seed1,full,1,30000,26800,0.27098078867542974,0.2751469135284424,0.3471966087818146,3.080425912808393e-08
sft_full_seed1,full,1,30000,26810,0.2710819009100101,0.00043321694247424605,0.00029374510631896555,3.06140788023489e-08
sft_full_seed1,full,1,30000,26820,0.2711830131445905,0.29584107398986814,0.00018097030988428742,3.042446882476846e-08
sft_full_seed1,full,1,30000,26830,0.2712841253791709,0.4083383083343506,0.0004329964576754719,3.023542942573643e-08
sft_full_seed1,full,1,30000,26840,0.2713852376137513,1.0835770808625966e-05,0.006621443200856447,3.004696083495351e-08
sft_full_seed1,full,1,30000,26850,0.27148634984833164,0.2791913509368896,6.491711246781051e-05,2.98590632814269e-08
sft_full_seed1,full,1,30000,26860,0.271587462082912,0.31680290699005126,0.00017505986033938825,2.96717369934697e-08
sft_full_seed1,full,1,30000,26870,0.27168857431749244,0.2792243480682373,166.2768096923828,2.9484982198701214e-08
sft_full_seed1,full,1,30000,26880,0.2717896865520728,0.44623513221740724,2.8388310965965502e-05,2.9298799124046035e-08
sft_full_seed1,full,1,30000,26890,0.2718907987866532,0.5001156806945801,0.00011633422400336713,2.9113187995734145e-08
sft_full_seed1,full,1,30000,26900,0.27199191102123355,0.0016328653320670128,19.699932098388672,2.892814903930052e-08
sft_full_seed1,full,1,30000,26910,0.27209302325581397,0.017135877907276154,0.0028191301971673965,2.8743682479584973e-08
sft_full_seed1,full,1,30000,26920,0.27219413549039434,0.6000134468078613,0.0010847779922187328,2.8559788540731822e-08
sft_full_seed1,full,1,30000,26930,0.2722952477249747,0.3190185785293579,0.01586753875017166,2.837646744618949e-08
sft_full_seed1,full,1,30000,26940,0.2723963599595551,0.27304911613464355,53.72464370727539,2.8193719418710406e-08
sft_full_seed1,full,1,30000,26950,0.2724974721941355,0.00019882775377482175,0.0007656119996681809,2.8011544680350664e-08
sft_full_seed1,full,1,30000,26960,0.2725985844287159,0.4788393974304199,348.870849609375,2.782994345246975e-08
sft_full_seed1,full,1,30000,26970,0.27269969666329624,0.3166836977005005,0.0029567170422524214,2.764891595573021e-08
sft_full_seed1,full,1,30000,26980,0.27280080889787667,0.00023322601336985826,2.0212416648864746,2.746846241009765e-08
sft_full_seed1,full,1,30000,26990,0.27290192113245704,0.2518571138381958,423.8603210449219,2.728858303483994e-08
sft_full_seed1,full,1,30000,27000,0.2730030333670374,0.43401141166687013,0.0012813920620828867,2.710927804852775e-08
sft_full_seed1,full,1,30000,27010,0.2731041456016178,0.5133366107940673,5.099295958643779e-05,2.693054766903341e-08
sft_full_seed1,full,1,30000,27020,0.2732052578361982,0.3208423614501953,0.0004831449768971652,2.6752392113531085e-08
sft_full_seed1,full,1,30000,27030,0.27330637007077857,0.43358421325683594,0.0005701154586859047,2.6574811598496782e-08
sft_full_seed1,full,1,30000,27040,0.27340748230535894,0.3043182134628296,0.0024045687168836594,2.639780633970745e-08
sft_full_seed1,full,1,30000,27050,0.2735085945399393,0.21481726169586182,8.974195952760056e-05,2.6221376552241213e-08
sft_full_seed1,full,1,30000,27060,0.27360970677451973,0.1679313898086548,0.0005417285137809813,2.6045522450476808e-08
sft_full_seed1,full,1,30000,27070,0.2737108190091001,0.2725818634033203,0.0015516721177846193,2.5870244248093586e-08
sft_full_seed1,full,1,30000,27080,0.2738119312436805,0.17228524684906005,0.00010428087989566848,2.569554215807118e-08
sft_full_seed1,full,1,30000,27090,0.27391304347826084,0.3125118017196655,0.0030000251717865467,2.5521416392689064e-08
sft_full_seed1,full,1,30000,27100,0.27401415571284127,0.00016497841570526362,0.00160215946380049,2.534786716352638e-08
sft_full_seed1,full,1,30000,27110,0.27411526794742164,8.34393547847867e-05,0.0006350545445457101,2.517489468146189e-08
sft_full_seed1,full,1,30000,27120,0.274216380182002,0.27178387641906737,0.00044036307372152805,2.5002499156673406e-08
sft_full_seed1,full,1,30000,27130,0.27431749241658243,4.0108803659677505e-05,0.004165098071098328,2.4830680798637815e-08
sft_full_seed1,full,1,30000,27140,0.2744186046511628,0.10171260833740234,334.3402404785156,2.4659439816130555e-08
sft_full_seed1,full,1,30000,27150,0.27451971688574317,0.2615422964096069,495.1615295410156,2.448877641722569e-08
sft_full_seed1,full,1,30000,27160,0.27462082912032354,0.043786412477493285,0.0011793783633038402,2.4318690809295215e-08
sft_full_seed1,full,1,30000,27170,0.27472194135490396,0.7212277889251709,0.00022120543872006238,2.4149183199009215e-08
sft_full_seed1,full,1,30000,27180,0.27482305358948433,0.1959433674812317,0.03299053758382797,2.3980253792335426e-08
sft_full_seed1,full,1,30000,27190,0.2749241658240647,0.2292208194732666,0.00012006520410068333,2.3811902794538984e-08
sft_full_seed1,full,1,30000,27200,0.2750252780586451,0.395855188369751,0.003688596887513995,2.3644130410182317e-08
sft_full_seed1,full,1,30000,27210,0.2751263902932255,2.3000089277047665e-05,0.0687142089009285,2.347693684312463e-08
sft_full_seed1,full,1,30000,27220,0.27522750252780587,0.0010001352056860924,7.507396367145702e-05,2.3310322296521855e-08
sft_full_seed1,full,1,30000,27230,0.27532861476238624,0.3083487510681152,3.608225961215794e-05,2.3144286972826277e-08
sft_full_seed1,full,1,30000,27240,0.2754297269969666,0.13396797180175782,0.0009555891156196594,2.297883107378673e-08
sft_full_seed1,full,1,30000,27250,0.27553083923154703,0.2791792631149292,0.002387392334640026,2.2813954800447512e-08
sft_full_seed1,full,1,30000,27260,0.2756319514661274,0.10621882677078247,6.344014400383458e-05,2.264965835314897e-08
sft_full_seed1,full,1,30000,27270,0.27573306370070777,0.43360333442687987,153.1276092529297,2.2485941931526642e-08
sft_full_seed1,full,1,30000,27280,0.2758341759352882,7.159470114856959e-05,0.0001614293287275359,2.2322805734511507e-08
sft_full_seed1,full,1,30000,27290,0.27593528816986856,0.008444639295339585,0.0002737742615863681,2.216024996032945e-08
sft_full_seed1,full,1,30000,27300,0.27603640040444893,0.30658066272735596,0.02199789136648178,2.199827480650107e-08
sft_full_seed1,full,1,30000,27310,0.2761375126390293,0.0629893958568573,0.0013435609871521592,2.183688046984139e-08
sft_full_seed1,full,1,30000,27320,0.27623862487360973,0.08655071258544922,1.5659867525100708,2.1676067146459808e-08
sft_full_seed1,full,1,30000,27330,0.2763397371081901,0.1689174771308899,147.95355224609375,2.1515835031759576e-08
sft_full_seed1,full,1,30000,27340,0.27644084934277047,0.7783562183380127,0.0002158808201784268,2.1356184320437952e-08
sft_full_seed1,full,1,30000,27350,0.27654196157735084,0.0004046340938657522,0.008755066432058811,2.1197115206485538e-08
sft_full_seed1,full,1,30000,27360,0.27664307381193126,0.6566242694854736,225.96327209472656,2.1038627883186276e-08
sft_full_seed1,full,1,30000,27370,0.27674418604651163,0.4692246437072754,0.005945343524217606,2.0880722543117292e-08
sft_full_seed1,full,1,30000,27380,0.276845298281092,0.4378190517425537,0.27026206254959106,2.072339937814843e-08
sft_full_seed1,full,1,30000,27390,0.27694641051567237,0.3348076820373535,272.1055603027344,2.0566658579442066e-08
sft_full_seed1,full,1,30000,27400,0.2770475227502528,0.02252187579870224,0.0012081690365448594,2.0410500337453174e-08
sft_full_seed1,full,1,30000,27410,0.27714863498483316,0.18348017930984498,0.0011682091280817986,2.0254924841928645e-08
sft_full_seed1,full,1,30000,27420,0.27724974721941353,0.0020830648019909857,0.00012963238987140357,2.009993228190754e-08
sft_full_seed1,full,1,30000,27430,0.27735085945399396,0.2791870594024658,0.015410802327096462,1.994552284572032e-08
sft_full_seed1,full,1,30000,27440,0.27745197168857433,0.2833747863769531,0.1347946673631668,1.979169672098896e-08
sft_full_seed1,full,1,30000,27450,0.2775530839231547,0.1880046844482422,0.0051314071752130985,1.9638454094626834e-08
sft_full_seed1,full,1,30000,27460,0.27765419615773507,0.20659289360046387,293.10931396484375,1.9485795152838103e-08
sft_full_seed1,full,1,30000,27470,0.2777553083923155,0.16763620376586913,20.385944366455078,1.9333720081117777e-08
sft_full_seed1,full,1,30000,27480,0.27785642062689586,0.17193567752838135,0.0009675270412117243,1.9182229064251432e-08
sft_full_seed1,full,1,30000,27490,0.27795753286147623,0.5377646923065186,0.00030717908521182835,1.9031322286314878e-08
sft_full_seed1,full,1,30000,27500,0.2780586450960566,0.0001240630284883082,0.00017983713769353926,1.8880999930674213e-08
sft_full_seed1,full,1,30000,27510,0.278159757330637,0.19180699586868286,0.00016259588301181793,1.8731262179985162e-08
sft_full_seed1,full,1,30000,27520,0.2782608695652174,0.2750613927841187,0.060449495911598206,1.8582109216193244e-08
sft_full_seed1,full,1,30000,27530,0.27836198179979776,0.2001086950302124,4.650378104997799e-05,1.8433541220533367e-08
sft_full_seed1,full,1,30000,27540,0.27846309403437813,0.1331941604614258,3.2486954296473414e-05,1.8285558373529576e-08
sft_full_seed1,full,1,30000,27550,0.27856420626895856,0.6292064666748047,159.7652130126953,1.8138160854995144e-08
sft_full_seed1,full,1,30000,27560,0.27866531850353893,0.12988619804382323,0.012251576408743858,1.799134884403186e-08
sft_full_seed1,full,1,30000,27570,0.2787664307381193,0.1209795594215393,7.034098234726116e-05,1.78451225190302e-08
sft_full_seed1,full,1,30000,27580,0.2788675429726997,0.24194731712341308,7.111972809070721e-05,1.769948205766891e-08
sft_full_seed1,full,1,30000,27590,0.2789686552072801,0.0018381856381893158,5.58327579498291,1.7554427636914894e-08
sft_full_seed1,full,1,30000,27600,0.27906976744186046,0.41333928108215334,0.0040878537110984325,1.740995943302287e-08
sft_full_seed1,full,1,30000,27610,0.27917087967644083,0.5542629718780517,6.399033009074628e-05,1.726607762153548e-08
sft_full_seed1,full,1,30000,27620,0.27927199191102126,0.22927367687225342,0.05108736827969551,1.7122782377282597e-08
sft_full_seed1,full,1,30000,27630,0.2793731041456016,0.2625463008880615,91.79350280761719,1.6980073874381494e-08
sft_full_seed1,full,1,30000,27640,0.279474216380182,0.0016456138342618941,0.0004859738692175597,1.683795228623641e-08
sft_full_seed1,full,1,30000,27650,0.27957532861476236,2.329114795429632e-05,0.0028277540113776922,1.6696417785538484e-08
sft_full_seed1,full,1,30000,27660,0.2796764408493428,8.781770593486726e-05,0.003091530641540885,1.6555470544265536e-08
sft_full_seed1,full,1,30000,27670,0.27977755308392316,0.2887784719467163,329.8993835449219,1.6415110733681735e-08
sft_full_seed1,full,1,30000,27680,0.27987866531850353,7.433239952661097e-05,0.00048440630780532956,1.6275338524337433e-08
sft_full_seed1,full,1,30000,27690,0.2799797775530839,0.3208651304244995,0.007203207816928625,1.6136154086069055e-08
sft_full_seed1,full,1,30000,27700,0.2800808897876643,0.04381638765335083,398.3041687011719,1.5997557587998867e-08
sft_full_seed1,full,1,30000,27710,0.2801820020222447,3.415841492824256e-05,0.00027503547607921064,1.5859549198534606e-08
sft_full_seed1,full,1,30000,27720,0.28028311425682506,0.1281335711479187,0.0012666042894124985,1.572212908536963e-08
sft_full_seed1,full,1,30000,27730,0.2803842264914055,1.1201374582014978e-05,0.0012181606143712997,1.5585297415482203e-08
sft_full_seed1,full,1,30000,27740,0.28048533872598586,0.30696353912353513,0.01641022600233555,1.5449054355135714e-08
sft_full_seed1,full,1,30000,27750,0.2805864509605662,0.07230271100997925,18.756567001342773,1.5313400069878413e-08
sft_full_seed1,full,1,30000,27760,0.2806875631951466,0.5311400890350342,7.754177204333246e-05,1.5178334724542883e-08
sft_full_seed1,full,1,30000,27770,0.280788675429727,0.00016550300642848015,1.9055837392807007,1.5043858483246408e-08
sft_full_seed1,full,1,30000,27780,0.2808897876643074,0.36253814697265624,39.880794525146484,1.4909971509390328e-08
sft_full_seed1,full,1,30000,27790,0.28099089989888776,0.2208862066268921,0.0010518282651901245,1.4776673965659791e-08
sft_full_seed1,full,1,30000,27800,0.2810920121334681,0.06367833018302918,0.00022067673853598535,1.4643966014023957e-08
sft_full_seed1,full,1,30000,27810,0.28119312436804855,0.03792458772659302,6.978976307436824e-05,1.45118478157355e-08
sft_full_seed1,full,1,30000,27820,0.2812942366026289,0.002311445400118828,0.0005798973725177348,1.438031953133051e-08
sft_full_seed1,full,1,30000,27830,0.2813953488372093,0.3712722063064575,0.005898736882954836,1.4249381320628195e-08
sft_full_seed1,full,1,30000,27840,0.28149646107178966,0.0011321380734443665,0.0015270756557583809,1.4119033342730901e-08
sft_full_seed1,full,1,30000,27850,0.2815975733063701,0.12172333002090455,0.0006595876184292138,1.3989275756023655e-08
sft_full_seed1,full,1,30000,27860,0.28169868554095046,0.6500470638275146,0.008224386721849442,1.3860108718174168e-08
sft_full_seed1,full,1,30000,27870,0.2817997977755308,0.3958526849746704,0.0020844482351094484,1.3731532386132616e-08
sft_full_seed1,full,1,30000,27880,0.28190091001011125,1.1105634689331054,151.1717071533203,1.3603546916131359e-08
sft_full_seed1,full,1,30000,27890,0.2820020222446916,0.435451602935791,112.4529800415039,1.3476152463684776e-08
sft_full_seed1,full,1,30000,27900,0.282103134479272,0.3970383644104004,0.0005037467344664037,1.3349349183589153e-08
sft_full_seed1,full,1,30000,27910,0.28220424671385236,0.3381047248840332,0.0003310467000119388,1.3223137229922355e-08
sft_full_seed1,full,1,30000,27920,0.2823053589484328,0.021298596262931825,0.00014454734628088772,1.309751675604398e-08
sft_full_seed1,full,1,30000,27930,0.28240647118301315,0.04802576899528503,0.0003600699419621378,1.2972487914594598e-08
sft_full_seed1,full,1,30000,27940,0.2825075834175935,0.7792988300323487,0.00037513632560148835,1.2848050857496128e-08
sft_full_seed1,full,1,30000,27950,0.2826086956521739,0.3715261697769165,0.00046671199379488826,1.2724205735951287e-08
sft_full_seed1,full,1,30000,27960,0.2827098078867543,0.06480284929275512,0.0080550042912364,1.260095270044359e-08
sft_full_seed1,full,1,30000,27970,0.2828109201213347,0.0859823226928711,0.007825469598174095,1.247829190073707e-08
sft_full_seed1,full,1,30000,27980,0.28291203235591506,0.00017953640781342983,0.0001230034977197647,1.2356223485876172e-08
sft_full_seed1,full,1,30000,27990,0.2830131445904954,0.10562417507171631,2.717061579460278e-05,1.2234747604185525e-08
sft_full_seed1,full,1,30000,28000,0.28311425682507585,0.6971945285797119,510.932861328125,1.2113864403269835e-08
sft_full_seed1,full,1,30000,28010,0.2832153690596562,0.008421549201011657,0.13321641087532043,1.1993574030013553e-08
sft_full_seed1,full,1,30000,28020,0.2833164812942366,0.013287237286567688,0.0038368545938283205,1.1873876630580814e-08
sft_full_seed1,full,1,30000,28030,0.283417593528817,0.32122068405151366,0.006411265581846237,1.1754772350415276e-08
sft_full_seed1,full,1,30000,28040,0.2835187057633974,0.0007187198847532272,0.001202307641506195,1.1636261334239839e-08
sft_full_seed1,full,1,30000,28050,0.28361981799797775,0.3376507043838501,81.86747741699219,1.151834372605659e-08
sft_full_seed1,full,1,30000,28060,0.2837209302325581,0.5001469612121582,0.0008697807206772268,1.1401019669146473e-08
sft_full_seed1,full,1,30000,28070,0.28382204246713855,0.29241917133331297,0.00019281049026176333,1.1284289306069338e-08
sft_full_seed1,full,1,30000,28080,0.2839231547017189,0.3587662935256958,6.175528687890619e-05,1.1168152778663619e-08
sft_full_seed1,full,1,30000,28090,0.2840242669362993,0.005520732328295708,0.008806380443274975,1.10526102280461e-08
sft_full_seed1,full,1,30000,28100,0.28412537917087965,0.2942502498626709,0.0003274440241511911,1.0937661794611863e-08
sft_full_seed1,full,1,30000,28110,0.2842264914054601,0.05222708582878113,0.003307904116809368,1.0823307618034128e-08
sft_full_seed1,full,1,30000,28120,0.28432760364004045,0.1586339831352234,288.00482177734375,1.0709547837263967e-08
sft_full_seed1,full,1,30000,28130,0.2844287158746208,0.20015292167663573,0.17050981521606445,1.059638259053025e-08
sft_full_seed1,full,1,30000,28140,0.2845298281092012,0.3270913600921631,0.0012247549602761865,1.0483812015339432e-08
sft_full_seed1,full,1,30000,28150,0.2846309403437816,0.09373626112937927,0.0003610822022892535,1.037183624847543e-08
sft_full_seed1,full,1,30000,28160,0.284732052578362,1.6223777492996305e-05,0.0014361399225890636,1.0260455425999236e-08
sft_full_seed1,full,1,30000,28170,0.28483316481294235,0.01924390345811844,0.0023035306949168444,1.0149669683249208e-08
sft_full_seed1,full,1,30000,28180,0.2849342770475228,0.0026457622647285462,0.000593392236623913,1.0039479154840268e-08
sft_full_seed1,full,1,30000,28190,0.28503538928210315,0.2984062671661377,6.013228266965598e-05,9.929883974664488e-09
sft_full_seed1,full,1,30000,28200,0.2851365015166835,2.2778935090173036e-05,0.0007630465552210808,9.820884275890284e-09
sft_full_seed1,full,1,30000,28210,0.2852376137512639,0.25009751319885254,0.00042155617848038673,9.712480190962546e-09
sft_full_seed1,full,1,30000,28220,0.2853387259858443,0.00011004043044522404,4.9073762056650594e-05,9.604671851602463e-09
sft_full_seed1,full,1,30000,28230,0.2854398382204247,0.4710301399230957,0.00021973384718876332,9.497459388807305e-09
sft_full_seed1,full,1,30000,28240,0.28554095045500505,0.25016396045684813,0.00018132460536435246,9.390842932850362e-09
sft_full_seed1,full,1,30000,28250,0.2856420626895854,0.2642387628555298,0.00021640137128997594,9.28482261328073e-09
sft_full_seed1,full,1,30000,28260,0.28574317492416584,0.07461002469062805,0.0011134251253679395,9.179398558923023e-09
sft_full_seed1,full,1,30000,28270,0.2858442871587462,0.008419888466596604,0.049204062670469284,9.074570897877387e-09
sft_full_seed1,full,1,30000,28280,0.2859453993933266,0.3213759183883667,0.0004526715783867985,8.970339757519375e-09
sft_full_seed1,full,1,30000,28290,0.28604651162790695,0.4767280101776123,0.0034953560680150986,8.866705264499618e-09
sft_full_seed1,full,1,30000,28300,0.2861476238624874,0.49187240600585935,0.010881687514483929,8.763667544743835e-09
sft_full_seed1,full,1,30000,28310,0.28624873609706775,7.738388376310468e-05,0.0007757270941510797,8.66122672345254e-09
sft_full_seed1,full,1,30000,28320,0.2863498483316481,0.058549875020980836,0.0031432416290044785,8.559382925101e-09
sft_full_seed1,full,1,30000,28330,0.28645096056622854,0.27739505767822265,0.0031378520652651787,8.458136273438943e-09
sft_full_seed1,full,1,30000,28340,0.2865520728008089,0.3541771411895752,0.00018093727703671902,8.357486891490794e-09
sft_full_seed1,full,1,30000,28350,0.2866531850353893,8.331339340656996e-05,0.0005523502477444708,8.257434901554893e-09
sft_full_seed1,full,1,30000,28360,0.28675429726996965,0.003814798593521118,0.5549747347831726,8.157980425203937e-09
sft_full_seed1,full,1,30000,28370,0.2868554095045501,0.28339195251464844,0.0029561962001025677,8.059123583284367e-09
sft_full_seed1,full,1,30000,28380,0.28695652173913044,0.00030087726190686226,0.00011523084685904905,7.960864495916653e-09
sft_full_seed1,full,1,30000,28390,0.2870576339737108,0.5767617225646973,367.9308166503906,7.863203282494846e-09
sft_full_seed1,full,1,30000,28400,0.2871587462082912,0.09769868850708008,311.8863830566406,7.766140061686521e-09
sft_full_seed1,full,1,30000,28410,0.2872598584428716,0.05096633434295654,0.0002219307207269594,7.669674951432614e-09
sft_full_seed1,full,1,30000,28420,0.287360970677452,0.01046098917722702,0.0003249032306484878,7.573808068947362e-09
sft_full_seed1,full,1,30000,28430,0.28746208291203235,0.0005204313900321722,0.001217127195559442,7.478539530718086e-09
sft_full_seed1,full,1,30000,28440,0.2875631951466127,0.22927844524383545,0.0007967497804202139,7.383869452504965e-09
sft_full_seed1,full,1,30000,28450,0.28766430738119314,0.5008291244506836,255.2555694580078,7.289797949341203e-09
sft_full_seed1,full,1,30000,28460,0.2877654196157735,0.19603266716003417,0.4297562539577484,7.1963251355324215e-09
sft_full_seed1,full,1,30000,28470,0.2878665318503539,0.20335204601287843,0.0003776896046474576,7.103451124656989e-09
sft_full_seed1,full,1,30000,28480,0.2879676440849343,3.19001090247184e-05,0.009667705744504929,7.011176029565524e-09
sft_full_seed1,full,1,30000,28490,0.2880687563195147,0.4962181568145752,0.0002727439859881997,6.919499962381003e-09
sft_full_seed1,full,1,30000,28500,0.28816986855409504,0.013724777102470397,0.0026733234990388155,6.828423034498487e-09
sft_full_seed1,full,1,30000,28510,0.2882709807886754,0.2421283483505249,142.17449951171875,6.737945356585007e-09
sft_full_seed1,full,1,30000,28520,0.28837209302325584,0.6298581600189209,317.1734619140625,6.648067038579508e-09
sft_full_seed1,full,1,30000,28530,0.2884732052578362,0.31367251873016355,0.0009728979784995317,6.5587881896925765e-09
sft_full_seed1,full,1,30000,28540,0.2885743174924166,0.00020457583013921976,0.003919790964573622,6.470108918406492e-09
sft_full_seed1,full,1,30000,28550,0.28867542972699695,0.558499526977539,0.00011830837320303544,6.3820293324748916e-09
sft_full_seed1,full,1,30000,28560,0.28877654196157737,0.30419600009918213,6.819314876338467e-05,6.2945495389227775e-09
sft_full_seed1,full,1,30000,28570,0.28887765419615774,1.056960318237543e-05,0.00018296402413398027,6.2076696440463425e-09
sft_full_seed1,full,1,30000,28580,0.2889787664307381,0.31253626346588137,91.99055480957031,6.1213897534128645e-09
sft_full_seed1,full,1,30000,28590,0.2890798786653185,0.08925424814224243,0.0609687976539135,6.035709971860592e-09
sft_full_seed1,full,1,30000,28600,0.2891809908998989,0.015861567854881287,0.03560607507824898,5.950630403498469e-09
sft_full_seed1,full,1,30000,28610,0.2892821031344793,0.36020097732543943,0.00016215791401918977,5.866151151706189e-09
sft_full_seed1,full,1,30000,28620,0.28938321536905964,6.359120015986264e-05,0.0005396982305683196,5.782272319134085e-09
sft_full_seed1,full,1,30000,28630,0.28948432760364007,0.12988638877868652,0.0001885583478724584,5.698994007702795e-09
sft_full_seed1,full,1,30000,28640,0.28958543983822044,0.26812331676483153,0.0033764312975108624,5.6163163186033205e-09
sft_full_seed1,full,1,30000,28650,0.2896865520728008,0.9414590835571289,249.87255859375,5.534239352296799e-09
sft_full_seed1,full,1,30000,28660,0.2897876643073812,0.0009402281604707241,0.008060464635491371,5.4527632085146216e-09
sft_full_seed1,full,1,30000,28670,0.2898887765419616,2.057029923889786e-05,0.007235804107040167,5.371887986257872e-09
sft_full_seed1,full,1,30000,28680,0.28998988877654197,0.316679859161377,0.0006825880846008658,5.29161378379761e-09
sft_full_seed1,full,1,30000,28690,0.29009100101112234,0.5709962844848633,0.004112884867936373,5.211940698674533e-09
sft_full_seed1,full,1,30000,28700,0.2901921132457027,3.891466476488858e-05,0.13718226552009583,5.132868827698977e-09
sft_full_seed1,full,1,30000,28710,0.29029322548028313,0.3275861024856567,0.00014861443196423352,5.054398266950754e-09
sft_full_seed1,full,1,30000,28720,0.2903943377148635,6.603143992833793e-05,0.00013694162771571428,4.976529111778871e-09
sft_full_seed1,full,1,30000,28730,0.2904954499494439,0.6253628730773926,257.70941162109375,4.899261456801862e-09
sft_full_seed1,full,1,30000,28740,0.29059656218402424,0.3537143230438232,0.021837245672941208,4.822595395907125e-09
sft_full_seed1,full,1,30000,28750,0.29069767441860467,0.06310405135154724,0.0006827389006502926,4.746531022251088e-09
sft_full_seed1,full,1,30000,28760,0.29079878665318504,0.13805501461029052,0.0004516672051977366,4.6710684282593174e-09
sft_full_seed1,full,1,30000,28770,0.2908998988877654,0.001630437932908535,0.0031282531563192606,4.596207705625799e-09
sft_full_seed1,full,1,30000,28780,0.2910010111223458,0.41510233879089353,0.0021354788914322853,4.521948945313492e-09
sft_full_seed1,full,1,30000,28790,0.2911021233569262,0.050387442111968994,3.0713701562490314e-05,4.4482922375537194e-09
sft_full_seed1,full,1,30000,28800,0.29120323559150657,0.3291747808456421,47.212520599365234,4.375237671846332e-09
sft_full_seed1,full,1,30000,28810,0.29130434782608694,0.00044655189849436284,0.005232658702880144,4.302785336959547e-09
sft_full_seed1,full,1,30000,28820,0.29140546006066737,0.3129293441772461,106.8326644897461,4.230935320929774e-09
sft_full_seed1,full,1,30000,28830,0.29150657229524773,0.14220012426376344,0.0001472467847634107,4.159687711061566e-09
sft_full_seed1,full,1,30000,28840,0.2916076845298281,0.14221099615097046,5.369959762901999e-05,4.089042593927506e-09
sft_full_seed1,full,1,30000,28850,0.2917087967644085,0.0007865285500884056,5.9031481214333326e-05,4.019000055367982e-09
sft_full_seed1,full,1,30000,28860,0.2918099089989889,0.15038436651229858,0.006715432275086641,3.949560180491362e-09
sft_full_seed1,full,1,30000,28870,0.29191102123356927,0.15160493850708007,487.8642883300781,3.880723053673651e-09
sft_full_seed1,full,1,30000,28880,0.29201213346814964,0.3458448886871338,0.005407016724348068,3.812488758558385e-09
sft_full_seed1,full,1,30000,28890,0.29211324570273,8.992637158371508e-05,0.3656488060951233,3.744857378056743e-09
sft_full_seed1,full,1,30000,28900,0.29221435793731043,0.32520129680633547,145.525390625,3.677828994347154e-09
sft_full_seed1,full,1,30000,28910,0.2923154701718908,0.05007259845733643,0.0010058718034997582,3.6114036888754697e-09
sft_full_seed1,full,1,30000,28920,0.29241658240647117,5.453851772472262e-05,0.0002638181031215936,3.5455815423546808e-09
sft_full_seed1,full,1,30000,28930,0.29251769464105154,0.6192113876342773,0.00015559572784695774,3.480362634764922e-09
sft_full_seed1,full,1,30000,28940,0.29261880687563196,0.3333798885345459,0.00022256540250964463,3.415747045353301e-09
sft_full_seed1,full,1,30000,28950,0.29271991911021233,0.7068326473236084,0.07208835333585739,3.351734852633903e-09
sft_full_seed1,full,1,30000,28960,0.2928210313447927,0.0016533495858311654,0.00014044703857507557,3.2883261343874535e-09
sft_full_seed1,full,1,30000,28970,0.29292214357937313,0.4709193706512451,0.0008599913562647998,3.2255209676616545e-09
sft_full_seed1,full,1,30000,28980,0.2930232558139535,0.7387478351593018,0.000712843902874738,3.1633194287706276e-09
sft_full_seed1,full,1,30000,28990,0.29312436804853387,0.3866983413696289,0.0006168155232444406,3.101721593295137e-09
sft_full_seed1,full,1,30000,29000,0.29322548028311424,0.003771839290857315,0.00010609621676849201,3.040727536082366e-09
sft_full_seed1,full,1,30000,29010,0.29332659251769466,0.012971152365207673,0.0002252622798550874,2.9803373312458634e-09
sft_full_seed1,full,1,30000,29020,0.29342770475227503,0.508702278137207,354.4261169433594,2.9205510521653208e-09
sft_full_seed1,full,1,30000,29030,0.2935288169868554,4.188734747003764e-05,3.089617166551761e-05,2.8613687714868494e-09
sft_full_seed1,full,1,30000,29040,0.29362992922143577,0.003578827157616615,0.004762870725244284,2.80279056112237e-09
sft_full_seed1,full,1,30000,29050,0.2937310414560162,0.7084883213043213,0.06329885870218277,2.7448164922500573e-09
sft_full_seed1,full,1,30000,29060,0.29383215369059656,0.4046611309051514,172.3474578857422,2.6874466353137838e-09
sft_full_seed1,full,1,30000,29070,0.29393326592517693,0.16195279359817505,0.0003029599320143461,2.630681060023343e-09
sft_full_seed1,full,1,30000,29080,0.2940343781597573,0.022529037296772005,0.0001621060655452311,2.574519835354283e-09
sft_full_seed1,full,1,30000,29090,0.29413549039433773,2.8016671421937644e-05,0.00544477766379714,2.518963029547794e-09
sft_full_seed1,full,1,30000,29100,0.2942366026289181,0.007639602571725845,0.0006747588631696999,2.464010710110598e-09
sft_full_seed1,full,1,30000,29110,0.29433771486349847,0.006719756871461868,8.190245716832578e-05,2.409662943815005e-09
sft_full_seed1,full,1,30000,29120,0.2944388270980789,0.5925893306732177,0.0002833984326571226,2.35591979669858e-09
sft_full_seed1,full,1,30000,29130,0.29453993933265926,0.15883628129959107,0.000599064223933965,2.3027813340644186e-09
sft_full_seed1,full,1,30000,29140,0.29464105156723963,0.46528077125549316,6.317924271570519e-05,2.250247620480705e-09
sft_full_seed1,full,1,30000,29150,0.29474216380182,0.0001005011610686779,5.581000368692912e-05,2.198318719780878e-09
sft_full_seed1,full,1,30000,29160,0.2948432760364004,0.2583692789077759,0.003730176482349634,2.1469946950634644e-09
sft_full_seed1,full,1,30000,29170,0.2949443882709808,0.0003877394134178758,0.0008285138756036758,2.096275608691911e-09
sft_full_seed1,full,1,30000,29180,0.29504550050556116,0.18612173795700074,0.00021936358825769275,2.0461615222947537e-09
sft_full_seed1,full,1,30000,29190,0.29514661274014153,0.1502801775932312,0.001131383003666997,1.9966524967653943e-09
sft_full_seed1,full,1,30000,29200,0.29524772497472196,6.008094715070911e-06,0.00047158205416053534,1.947748592261822e-09
sft_full_seed1,full,1,30000,29210,0.29534883720930233,0.22507920265197753,0.00046129513066262007,1.899449868207004e-09
sft_full_seed1,full,1,30000,29220,0.2954499494438827,0.1109197497367859,0.0002556699328124523,1.8517563832884386e-09
sft_full_seed1,full,1,30000,29230,0.29555106167846307,0.6766541004180908,114.34505462646484,1.8046681954581034e-09
sft_full_seed1,full,1,30000,29240,0.2956521739130435,0.0002053701551631093,1.5722038745880127,1.7581853619327291e-09
sft_full_seed1,full,1,30000,29250,0.29575328614762386,0.21259357929229736,0.000381133402697742,1.7123079391932472e-09
sft_full_seed1,full,1,30000,29260,0.29585439838220423,0.3333431720733643,0.0001615837827557698,1.6670359829850654e-09
sft_full_seed1,full,1,30000,29270,0.29595551061678466,0.0002924099797382951,0.000728422193787992,1.6223695483179033e-09
sft_full_seed1,full,1,30000,29280,0.296056622851365,0.5668590068817139,0.001963692018762231,1.5783086894656794e-09
sft_full_seed1,full,1,30000,29290,0.2961577350859454,0.02313758581876755,0.0001668212644290179,1.534853459966512e-09
sft_full_seed1,full,1,30000,29300,0.29625884732052576,0.22505612373352052,0.006822238210588694,1.4920039126225526e-09
sft_full_seed1,full,1,30000,29310,0.2963599595551062,0.23592588901519776,0.0018034189706668258,1.449760099500097e-09
sft_full_seed1,full,1,30000,29320,0.29646107178968656,0.34586496353149415,0.04799989238381386,1.4081220719293074e-09
sft_full_seed1,full,1,30000,29330,0.29656218402426693,0.1751915693283081,347.9384460449219,1.3670898805043795e-09
sft_full_seed1,full,1,30000,29340,0.2966632962588473,0.24180757999420166,192.15953063964844,1.326663575083209e-09
sft_full_seed1,full,1,30000,29350,0.2967644084934277,0.3377739429473877,0.000849207688588649,1.2868432047876687e-09
sft_full_seed1,full,1,30000,29360,0.2968655207280081,4.075113974977285e-05,0.07282410562038422,1.2476288180032212e-09
sft_full_seed1,full,1,30000,29370,0.29696663296258846,0.3479649066925049,0.00034972652792930603,1.209020462379029e-09
sft_full_seed1,full,1,30000,29380,0.29706774519716883,0.19596033096313475,398.7890930175781,1.1710181848278433e-09
sft_full_seed1,full,1,30000,29390,0.29716885743174926,0.07836575508117676,5.496157973539084e-05,1.1336220315261158e-09
sft_full_seed1,full,1,30000,29400,0.2972699696663296,1.4451381866820157e-05,0.00198685796931386,1.0968320479136094e-09
sft_full_seed1,full,1,30000,29410,0.29737108190091,0.0038043476641178133,0.000834200531244278,1.0606482786936765e-09
sft_full_seed1,full,1,30000,29420,0.2974721941354904,0.17105411291122435,0.0009362504933960736,1.0250707678329805e-09
sft_full_seed1,full,1,30000,29430,0.2975733063700708,0.250091552734375,0.004093467723578215,9.900995585615524e-10
sft_full_seed1,full,1,30000,29440,0.29767441860465116,0.29585793018341067,7.68750105635263e-05,9.55734693372734e-10
sft_full_seed1,full,1,30000,29450,0.29777553083923153,0.03673815131187439,0.10530096292495728,9.219762140231235e-10
sft_full_seed1,full,1,30000,29460,0.29787664307381195,0.4596072196960449,0.0024827735032886267,8.888241615322978e-10
sft_full_seed1,full,1,30000,29470,0.2979777553083923,0.00016068846452981233,0.2952464818954468,8.562785761833114e-10
sft_full_seed1,full,1,30000,29480,0.2980788675429727,3.842486330540851e-06,0.0005666617071256042,8.243394975219752e-10
sft_full_seed1,full,1,30000,29490,0.29817997977755306,0.5221243381500245,0.00012425192107912153,7.930069643573567e-10
sft_full_seed1,full,1,30000,29500,0.2982810920121335,0.28551545143127444,0.018025195226073265,7.622810147614456e-10
sft_full_seed1,full,1,30000,29510,0.29838220424671386,0.7459062576293946,4.2563086026348174e-05,7.321616860690993e-10
sft_full_seed1,full,1,30000,29520,0.2984833164812942,0.342549467086792,8.088142395019531,7.026490148782093e-10
sft_full_seed1,full,1,30000,29530,0.2985844287158746,0.6889724254608154,4.144210470258258e-05,6.737430370494235e-10
sft_full_seed1,full,1,30000,29540,0.298685540950455,3.508009249344468e-05,0.0019388393266126513,6.454437877062568e-10
sft_full_seed1,full,1,30000,29550,0.2987866531850354,0.006843096017837525,0.00032078177900984883,6.177513012349256e-10
sft_full_seed1,full,1,30000,29560,0.29888776541961576,0.3845991134643555,0.00020454467448871583,5.906656112844577e-10
sft_full_seed1,full,1,30000,29570,0.2989888776541962,0.4966440200805664,381.549072265625,5.641867507664155e-10
sft_full_seed1,full,1,30000,29580,0.29908998988877655,2.735470188781619e-05,0.06004208326339722,5.383147518552844e-10
sft_full_seed1,full,1,30000,29590,0.2991911021233569,0.07836853861808776,0.018976369872689247,5.13049645987862e-10
sft_full_seed1,full,1,30000,29600,0.2992922143579373,1.5539376181550325e-05,0.00016341185255441815,4.883914638636466e-10
sft_full_seed1,full,1,30000,29610,0.2993933265925177,0.0012913265265524388,0.055289555341005325,4.643402354446713e-10
sft_full_seed1,full,1,30000,29620,0.2994944388270981,0.25936901569366455,10.595968246459961,4.408959899554476e-10
sft_full_seed1,full,1,30000,29630,0.29959555106167846,0.0003393056569620967,0.00015244093083310872,4.1805875588296623e-10
sft_full_seed1,full,1,30000,29640,0.2996966632962588,5.6859204778447745e-05,0.00042429898167029023,3.9582856097658547e-10
sft_full_seed1,full,1,30000,29650,0.29979777553083925,0.3712936878204346,0.001553250476717949,3.7420543224808697e-10
sft_full_seed1,full,1,30000,29660,0.2998988877654196,0.0023484868928790093,0.0019890936091542244,3.5318939597162035e-10
sft_full_seed1,full,1,30000,29670,0.3,0.34885008335113527,104.6916732788086,3.327804776837029e-10
sft_full_seed1,full,1,30000,29680,0.30010111223458036,0.2639467716217041,4.537291526794434,3.129787021829977e-10
sft_full_seed1,full,1,30000,29690,0.3002022244691608,0.361258339881897,2.2393185645341873e-05,2.937840935305913e-10
sft_full_seed1,full,1,30000,29700,0.30030333670374115,0.2089698076248169,9.552171104587615e-05,2.751966750497159e-10
sft_full_seed1,full,1,30000,29710,0.3004044489383215,0.679313850402832,258.8285827636719,2.572164693258605e-10
sft_full_seed1,full,1,30000,29720,0.30050556117290195,0.7960506439208984,56.55186080932617,2.398434982066599e-10
sft_full_seed1,full,1,30000,29730,0.3006066734074823,0.3986066341400146,0.00014713784912601113,2.2307778280189483e-10
sft_full_seed1,full,1,30000,29740,0.3007077856420627,0.17030659914016724,0.012154053896665573,2.06919343483547e-10
sft_full_seed1,full,1,30000,29750,0.30080889787664306,0.2644022464752197,7.239223486976698e-05,1.913681998855776e-10
sft_full_seed1,full,1,30000,29760,0.3009100101112235,0.1835050106048584,0.00011257110600126907,1.7642437090414907e-10
sft_full_seed1,full,1,30000,29770,0.30101112234580385,0.06378836035728455,0.05061715096235275,1.6208787469734754e-10
sft_full_seed1,full,1,30000,29780,0.3011122345803842,6.782354321330786e-05,0.00010174771887250245,1.483587286854604e-10
sft_full_seed1,full,1,30000,29790,0.3012133468149646,0.27918641567230223,85.40009307861328,1.3523694955064336e-10
sft_full_seed1,full,1,30000,29800,0.301314459049545,0.22920985221862794,0.00020295222930144519,1.227225532370868e-10
sft_full_seed1,full,1,30000,29810,0.3014155712841254,0.5465201377868653,0.015669964253902435,1.108155549509604e-10
sft_full_seed1,full,1,30000,29820,0.30151668351870575,0.10168284177780151,0.009065341204404831,9.951596916041304e-11
sft_full_seed1,full,1,30000,29830,0.3016177957532861,0.625595235824585,0.0003157031605951488,8.882380959551739e-11
sft_full_seed1,full,1,30000,29840,0.30171890798786655,0.2626331806182861,0.00037616031477227807,7.873908924821426e-11
sft_full_seed1,full,1,30000,29850,0.3018200202224469,0.0019193794578313828,0.029087046161293983,6.926182037242378e-11
sft_full_seed1,full,1,30000,29860,0.3019211324570273,0.08213967680931092,0.0004399721510708332,6.039201448387876e-11
sft_full_seed1,full,1,30000,29870,0.3020222446916077,0.31668572425842284,6.427538755815476e-05,5.212968236029125e-11
sft_full_seed1,full,1,30000,29880,0.3021233569261881,0.0018518393859267234,24.32610321044922,4.4474834041186016e-11
sft_full_seed1,full,1,30000,29890,0.30222446916076845,0.4201516151428223,220.63870239257812,3.7427478827845024e-11
sft_full_seed1,full,1,30000,29900,0.3023255813953488,0.1710357427597046,0.0005755114834755659,3.098762528347398e-11
sft_full_seed1,full,1,30000,29910,0.30242669362992924,0.6143469333648681,266.1138610839844,2.515528123320232e-11
sft_full_seed1,full,1,30000,29920,0.3025278058645096,0.625715684890747,0.000787766941357404,1.9930453763750134e-11
sft_full_seed1,full,1,30000,29930,0.30262891809909,0.3751861810684204,0.000334920478053391,1.531314922387228e-11
sft_full_seed1,full,1,30000,29940,0.30273003033367035,0.2985924482345581,0.003347364952787757,1.1303373224025304e-11
sft_full_seed1,full,1,30000,29950,0.3028311425682508,0.6234747886657714,0.004220955073833466,7.901130636367437e-12
sft_full_seed1,full,1,30000,29960,0.30293225480283115,0.32673492431640627,249.0707550048828,5.1064255950361566e-12
sft_full_seed1,full,1,30000,29970,0.3030333670374115,0.3333501577377319,0.04267513379454613,2.9192614958706286e-12
sft_full_seed1,full,1,30000,29980,0.3031344792719919,0.3762916326522827,6.86672719893977e-05,1.3396409964117062e-12
sft_full_seed1,full,1,30000,29990,0.3032355915065723,0.5833782196044922,79.55256652832031,3.6756601606846573e-13
sft_full_seed1,full,1,30000,30000,0.3033367037411527,0.5173918247222901,111.17850494384766,3.0377360626943073e-15
sft_full_seed2,full,2,30000,10,0.00010111223458038423,0.7634478092193604,25.87555694580078,6e-09
sft_full_seed2,full,2,30000,20,0.00020222446916076846,1.0138075828552247,0.003377249464392662,1.2666666666666666e-08
sft_full_seed2,full,2,30000,30,0.00030333670374115267,0.8505922317504883,14.486372947692871,1.9333333333333334e-08
sft_full_seed2,full,2,30000,40,0.0004044489383215369,0.9553303718566895,22.750350952148438,2.5999999999999998e-08
sft_full_seed2,full,2,30000,50,0.0005055611729019212,0.4888751983642578,0.031976860016584396,3.266666666666666e-08
sft_full_seed2,full,2,30000,60,0.0006066734074823053,0.7056993961334228,0.0011244656052440405,3.933333333333333e-08
sft_full_seed2,full,2,30000,70,0.0007077856420626896,1.1956454277038575,0.03882738947868347,4.5999999999999995e-08
sft_full_seed2,full,2,30000,80,0.0008088978766430738,0.33247671127319334,36.22646713256836,5.266666666666666e-08
sft_full_seed2,full,2,30000,90,0.000910010111223458,0.16433653831481934,0.6511693000793457,5.9333333333333335e-08
sft_full_seed2,full,2,30000,100,0.0010111223458038423,0.7068748474121094,20.368755340576172,6.6e-08
sft_full_seed2,full,2,30000,110,0.0011122345803842265,0.8818717002868652,29.99104118347168,7.266666666666667e-08
sft_full_seed2,full,2,30000,120,0.0012133468149646107,0.7842304229736328,22.52543067932129,7.933333333333333e-08
sft_full_seed2,full,2,30000,130,0.0013144590495449949,0.31589133739471437,0.08744321763515472,8.599999999999999e-08
sft_full_seed2,full,2,30000,140,0.0014155712841253793,1.1224092483520507,5.5893859098432586e-05,9.266666666666666e-08
sft_full_seed2,full,2,30000,150,0.0015166835187057635,1.0374714851379394,19.178037643432617,9.933333333333332e-08
sft_full_seed2,full,2,30000,160,0.0016177957532861476,0.5131264209747315,0.04114823788404465,1.06e-07
sft_full_seed2,full,2,30000,170,0.0017189079878665318,0.8958987236022949,0.00032611284404993057,1.1266666666666666e-07
sft_full_seed2,full,2,30000,180,0.001820020222446916,1.159046745300293,22.836946487426758,1.1933333333333332e-07
sft_full_seed2,full,2,30000,190,0.0019211324570273002,1.3652277946472169,30.349027633666992,1.26e-07
sft_full_seed2,full,2,30000,200,0.0020222446916076846,0.9576068878173828,39.489845275878906,1.3266666666666664e-07
sft_full_seed2,full,2,30000,210,0.002123356926188069,1.1020499229431153,0.33288997411727905,1.3933333333333334e-07
sft_full_seed2,full,2,30000,220,0.002224469160768453,0.9596766471862793,22.90375328063965,1.4599999999999998e-07
sft_full_seed2,full,2,30000,230,0.002325581395348837,1.0228456497192382,21.380647659301758,1.5266666666666666e-07
sft_full_seed2,full,2,30000,240,0.0024266936299292214,1.3539463043212892,17.568870544433594,1.5933333333333333e-07
sft_full_seed2,full,2,30000,250,0.0025278058645096056,0.8016075134277344,25.544401168823242,1.66e-07
sft_full_seed2,full,2,30000,260,0.0026289180990899897,0.6803916931152344,24.470285415649414,1.7266666666666665e-07
sft_full_seed2,full,2,30000,270,0.002730030333670374,0.7831989288330078,0.805412769317627,1.7933333333333332e-07
sft_full_seed2,full,2,30000,280,0.0028311425682507585,0.9205571174621582,21.333223342895508,1.86e-07
sft_full_seed2,full,2,30000,290,0.0029322548028311427,0.6241899967193604,19.93691635131836,1.9266666666666667e-07
sft_full_seed2,full,2,30000,300,0.003033367037411527,0.6837224006652832,0.02182188630104065,1.9933333333333332e-07
sft_full_seed2,full,2,30000,310,0.003134479271991911,1.0615958213806151,36.720947265625,2.06e-07
sft_full_seed2,full,2,30000,320,0.0032355915065722953,0.6669978141784668,0.06492643803358078,2.1266666666666667e-07
sft_full_seed2,full,2,30000,330,0.0033367037411526795,0.8088905334472656,0.0520813912153244,2.193333333333333e-07
sft_full_seed2,full,2,30000,340,0.0034378159757330637,0.7446987628936768,0.000315354933263734,2.2599999999999999e-07
sft_full_seed2,full,2,30000,350,0.003538928210313448,0.8314344406127929,0.0015956130810081959,2.3266666666666666e-07
sft_full_seed2,full,2,30000,360,0.003640040444893832,0.6975490093231201,2.614272117614746,2.3933333333333333e-07
sft_full_seed2,full,2,30000,370,0.0037411526794742162,0.6181989192962647,0.0026250581722706556,2.46e-07
sft_full_seed2,full,2,30000,380,0.0038422649140546004,0.6235657215118409,0.2629896402359009,2.526666666666666e-07
sft_full_seed2,full,2,30000,390,0.003943377148634985,0.8143407821655273,22.950927734375,2.5933333333333335e-07
sft_full_seed2,full,2,30000,400,0.004044489383215369,0.5265693187713623,41.035701751708984,2.66e-07
sft_full_seed2,full,2,30000,410,0.004145601617795753,0.9809119224548339,0.15847322344779968,2.7266666666666665e-07
sft_full_seed2,full,2,30000,420,0.004246713852376138,0.4648606300354004,0.051162898540496826,2.793333333333333e-07
sft_full_seed2,full,2,30000,430,0.004347826086956522,0.4385511875152588,0.0020147045142948627,2.8599999999999994e-07
sft_full_seed2,full,2,30000,440,0.004448938321536906,0.8008071899414062,0.05228307470679283,2.9266666666666667e-07
sft_full_seed2,full,2,30000,450,0.00455005055611729,1.2418726921081542,25.298009872436523,2.9933333333333334e-07
sft_full_seed2,full,2,30000,460,0.004651162790697674,0.5938337802886963,21.8272705078125,3.0599999999999996e-07
sft_full_seed2,full,2,30000,470,0.0047522750252780585,0.654313611984253,0.10541611909866333,3.1266666666666663e-07
sft_full_seed2,full,2,30000,480,0.004853387259858443,0.6158296585083007,20.650592803955078,3.1933333333333336e-07
sft_full_seed2,full,2,30000,490,0.004954499494438827,0.9921820640563965,0.6186843514442444,3.26e-07
sft_full_seed2,full,2,30000,500,0.005055611729019211,0.5403904438018798,0.09050100296735764,3.3266666666666665e-07
sft_full_seed2,full,2,30000,510,0.005156723963599595,0.18618751764297486,0.018090110272169113,3.3933333333333333e-07
sft_full_seed2,full,2,30000,520,0.0052578361981799795,0.7209848880767822,22.149930953979492,3.4599999999999995e-07
sft_full_seed2,full,2,30000,530,0.005358948432760364,0.5662010192871094,0.0030957842245697975,3.526666666666667e-07
sft_full_seed2,full,2,30000,540,0.005460060667340748,1.3943438529968262,0.009354340843856335,3.5933333333333335e-07
sft_full_seed2,full,2,30000,550,0.005561172901921132,0.6519222259521484,21.278759002685547,3.6599999999999997e-07
sft_full_seed2,full,2,30000,560,0.005662285136501517,0.9417097091674804,0.22577595710754395,3.7266666666666664e-07
sft_full_seed2,full,2,30000,570,0.005763397371081901,1.2103179931640624,13.661139488220215,3.793333333333333e-07
sft_full_seed2,full,2,30000,580,0.0058645096056622855,0.8147393226623535,20.022205352783203,3.86e-07
sft_full_seed2,full,2,30000,590,0.00596562184024267,0.7902525901794434,0.13964323699474335,3.9266666666666666e-07
sft_full_seed2,full,2,30000,600,0.006066734074823054,0.5157912731170654,0.5765900015830994,3.993333333333333e-07
sft_full_seed2,full,2,30000,610,0.006167846309403438,0.9780885696411132,37.045387268066406,4.06e-07
sft_full_seed2,full,2,30000,620,0.006268958543983822,0.79315185546875,21.2606201171875,4.126666666666667e-07
sft_full_seed2,full,2,30000,630,0.006370070778564206,1.3345269203186034,25.483243942260742,4.193333333333333e-07
sft_full_seed2,full,2,30000,640,0.006471183013144591,1.0718502044677733,22.302160263061523,4.26e-07
sft_full_seed2,full,2,30000,650,0.006572295247724975,0.9421915054321289,25.528141021728516,4.3266666666666665e-07
sft_full_seed2,full,2,30000,660,0.006673407482305359,0.7682549476623535,0.13370294868946075,4.393333333333333e-07
sft_full_seed2,full,2,30000,670,0.006774519716885743,0.5152866840362549,0.2603462040424347,4.46e-07
sft_full_seed2,full,2,30000,680,0.006875631951466127,0.1852257251739502,0.34840095043182373,4.526666666666666e-07
sft_full_seed2,full,2,30000,690,0.0069767441860465115,0.9686349868774414,0.40964096784591675,4.593333333333333e-07
sft_full_seed2,full,2,30000,700,0.007077856420626896,1.1566122055053711,34.59580612182617,4.66e-07
sft_full_seed2,full,2,30000,710,0.00717896865520728,0.8193002700805664,0.38373249769210815,4.7266666666666664e-07
sft_full_seed2,full,2,30000,720,0.007280080889787664,1.1011876106262206,37.01718521118164,4.793333333333333e-07
sft_full_seed2,full,2,30000,730,0.007381193124368048,0.7208148002624511,25.09298324584961,4.86e-07
sft_full_seed2,full,2,30000,740,0.0074823053589484325,0.4437582015991211,0.0052078887820243835,4.926666666666667e-07
sft_full_seed2,full,2,30000,750,0.007583417593528817,0.690675687789917,1.591813087463379,4.993333333333333e-07
sft_full_seed2,full,2,30000,760,0.007684529828109201,0.8489439964294434,0.8002384305000305,5.06e-07
sft_full_seed2,full,2,30000,770,0.007785642062689585,0.5363662242889404,21.08048439025879,5.126666666666667e-07
sft_full_seed2,full,2,30000,780,0.00788675429726997,0.5859833240509034,21.174999237060547,5.193333333333332e-07
sft_full_seed2,full,2,30000,790,0.007987866531850353,0.5563503742218018,23.595298767089844,5.26e-07
sft_full_seed2,full,2,30000,800,0.008088978766430738,0.5731662273406982,26.25403594970703,5.326666666666666e-07
sft_full_seed2,full,2,30000,810,0.008190091001011122,0.832843017578125,0.00010634907812345773,5.393333333333333e-07
sft_full_seed2,full,2,30000,820,0.008291203235591507,0.8082395553588867,27.28931999206543,5.46e-07
sft_full_seed2,full,2,30000,830,0.00839231547017189,0.6811192035675049,0.28291964530944824,5.526666666666666e-07
sft_full_seed2,full,2,30000,840,0.008493427704752275,0.5646878719329834,26.50653076171875,5.593333333333333e-07
sft_full_seed2,full,2,30000,850,0.008594539939332659,0.8624560356140136,18.007057189941406,5.66e-07
sft_full_seed2,full,2,30000,860,0.008695652173913044,0.670717430114746,0.066256083548069,5.726666666666666e-07
sft_full_seed2,full,2,30000,870,0.008796764408493427,0.7952151775360108,23.930471420288086,5.793333333333333e-07
sft_full_seed2,full,2,30000,880,0.008897876643073812,0.8446478843688965,0.18051846325397491,5.86e-07
sft_full_seed2,full,2,30000,890,0.008998988877654197,0.4108473300933838,0.1950826197862625,5.926666666666667e-07
sft_full_seed2,full,2,30000,900,0.00910010111223458,0.7883474349975585,29.072195053100586,5.993333333333333e-07
sft_full_seed2,full,2,30000,910,0.009201213346814965,0.33436264991760256,20.997024536132812,6.06e-07
sft_full_seed2,full,2,30000,920,0.009302325581395349,0.829923439025879,0.007878805510699749,6.126666666666667e-07
sft_full_seed2,full,2,30000,930,0.009403437815975734,0.39611086845397947,0.10381215810775757,6.193333333333332e-07
sft_full_seed2,full,2,30000,940,0.009504550050556117,0.32962379455566404,2.6337828636169434,6.26e-07
sft_full_seed2,full,2,30000,950,0.009605662285136502,0.47498455047607424,20.62362289428711,6.326666666666667e-07
sft_full_seed2,full,2,30000,960,0.009706774519716885,0.7984637260437012,20.29648780822754,6.393333333333333e-07
sft_full_seed2,full,2,30000,970,0.00980788675429727,0.31918678283691404,16.897356033325195,6.46e-07
sft_full_seed2,full,2,30000,980,0.009908998988877654,0.8136636734008789,0.1900309920310974,6.526666666666666e-07
sft_full_seed2,full,2,30000,990,0.010010111223458039,0.4677712440490723,12.19547176361084,6.593333333333333e-07
sft_full_seed2,full,2,30000,1000,0.010111223458038422,0.33890957832336427,41.87729263305664,6.66e-07
sft_full_seed2,full,2,30000,1010,0.010212335692618807,0.46593823432922366,32.00861358642578,6.726666666666666e-07
sft_full_seed2,full,2,30000,1020,0.01031344792719919,0.4004624366760254,0.0004391722322907299,6.793333333333333e-07
sft_full_seed2,full,2,30000,1030,0.010414560161779576,0.3540384769439697,1.4101258516311646,6.86e-07
sft_full_seed2,full,2,30000,1040,0.010515672396359959,0.2758637428283691,24.12244987487793,6.926666666666666e-07
sft_full_seed2,full,2,30000,1050,0.010616784630940344,0.5172870635986329,0.046841252595186234,6.993333333333333e-07
sft_full_seed2,full,2,30000,1060,0.010717896865520727,0.3811678886413574,49.49372100830078,7.059999999999999e-07
sft_full_seed2,full,2,30000,1070,0.010819009100101112,0.3030273675918579,1.1384825706481934,7.126666666666667e-07
sft_full_seed2,full,2,30000,1080,0.010920121334681496,0.25734987258911135,23.59235954284668,7.193333333333333e-07
sft_full_seed2,full,2,30000,1090,0.01102123356926188,0.213041090965271,5.053167819976807,7.259999999999999e-07
sft_full_seed2,full,2,30000,1100,0.011122345803842264,0.5844450473785401,10.390771865844727,7.326666666666667e-07
sft_full_seed2,full,2,30000,1110,0.01122345803842265,0.37741081714630126,25.968053817749023,7.393333333333333e-07
sft_full_seed2,full,2,30000,1120,0.011324570273003034,0.3054037094116211,24.954082489013672,7.459999999999999e-07
sft_full_seed2,full,2,30000,1130,0.011425682507583418,0.3897666931152344,1.2658014297485352,7.526666666666667e-07
sft_full_seed2,full,2,30000,1140,0.011526794742163803,0.12257597446441651,20.965070724487305,7.593333333333333e-07
sft_full_seed2,full,2,30000,1150,0.011627906976744186,0.33283143043518065,0.30225202441215515,7.66e-07
sft_full_seed2,full,2,30000,1160,0.011729019211324571,0.2863976240158081,30.157337188720703,7.726666666666666e-07
sft_full_seed2,full,2,30000,1170,0.011830131445904954,0.39163961410522463,0.17271864414215088,7.793333333333333e-07
sft_full_seed2,full,2,30000,1180,0.01193124368048534,0.4271982192993164,24.19304656982422,7.86e-07
sft_full_seed2,full,2,30000,1190,0.012032355915065723,0.24224441051483153,1.4130539894104004,7.926666666666666e-07
sft_full_seed2,full,2,30000,1200,0.012133468149646108,0.3230013608932495,16.25931167602539,7.993333333333333e-07
sft_full_seed2,full,2,30000,1210,0.012234580384226491,0.3270388603210449,25.19700050354004,8.06e-07
sft_full_seed2,full,2,30000,1220,0.012335692618806876,0.3477396726608276,0.17812436819076538,8.126666666666666e-07
sft_full_seed2,full,2,30000,1230,0.01243680485338726,0.4417895317077637,15.2416353225708,8.193333333333333e-07
sft_full_seed2,full,2,30000,1240,0.012537917087967644,0.22515337467193602,2.6871752738952637,8.259999999999999e-07
sft_full_seed2,full,2,30000,1250,0.012639029322548028,0.25175838470458983,18.53414535522461,8.326666666666666e-07
sft_full_seed2,full,2,30000,1260,0.012740141557128413,0.15599801540374755,11.646773338317871,8.393333333333334e-07
sft_full_seed2,full,2,30000,1270,0.012841253791708796,0.32567386627197265,26.196813583374023,8.459999999999999e-07
sft_full_seed2,full,2,30000,1280,0.012942366026289181,0.21023480892181395,11.271143913269043,8.526666666666666e-07
sft_full_seed2,full,2,30000,1290,0.013043478260869565,0.20755021572113036,6.824925899505615,8.593333333333333e-07
sft_full_seed2,full,2,30000,1300,0.01314459049544995,0.1726458787918091,8.301677703857422,8.659999999999999e-07
sft_full_seed2,full,2,30000,1310,0.013245702730030333,0.31770360469818115,0.00277002458460629,8.726666666666666e-07
sft_full_seed2,full,2,30000,1320,0.013346814964610718,0.20022072792053222,0.7420169115066528,8.793333333333333e-07
sft_full_seed2,full,2,30000,1330,0.013447927199191101,0.17891855239868165,6.5401482582092285,8.86e-07
sft_full_seed2,full,2,30000,1340,0.013549039433771486,0.43488202095031736,9.385607719421387,8.926666666666666e-07
sft_full_seed2,full,2,30000,1350,0.013650151668351871,0.11330283880233764,4.015990734100342,8.993333333333333e-07
sft_full_seed2,full,2,30000,1360,0.013751263902932255,0.3464371681213379,33.79296875,9.06e-07
sft_full_seed2,full,2,30000,1370,0.01385237613751264,0.34794273376464846,12.989989280700684,9.126666666666666e-07
sft_full_seed2,full,2,30000,1380,0.013953488372093023,0.16816748380661012,17.65304946899414,9.193333333333333e-07
sft_full_seed2,full,2,30000,1390,0.014054600606673408,0.2463611841201782,21.610382080078125,9.26e-07
sft_full_seed2,full,2,30000,1400,0.014155712841253791,0.2264252185821533,30.882938385009766,9.326666666666666e-07
sft_full_seed2,full,2,30000,1410,0.014256825075834176,0.20104241371154785,51.14678955078125,9.393333333333334e-07
sft_full_seed2,full,2,30000,1420,0.01435793731041456,0.41043710708618164,0.6537774801254272,9.459999999999999e-07
sft_full_seed2,full,2,30000,1430,0.014459049544994945,0.12906992435455322,0.1509004533290863,9.526666666666666e-07
sft_full_seed2,full,2,30000,1440,0.014560161779575328,0.3226421356201172,3.278364896774292,9.593333333333333e-07
sft_full_seed2,full,2,30000,1450,0.014661274014155713,0.2668766021728516,0.04417892172932625,9.66e-07
sft_full_seed2,full,2,30000,1460,0.014762386248736097,0.16908081769943237,1.7727854251861572,9.726666666666666e-07
sft_full_seed2,full,2,30000,1470,0.014863498483316482,0.17471784353256226,7.384424686431885,9.793333333333333e-07
sft_full_seed2,full,2,30000,1480,0.014964610717896865,0.10444411039352416,15.116110801696777,9.86e-07
sft_full_seed2,full,2,30000,1490,0.01506572295247725,0.20963916778564454,3.4687461853027344,9.926666666666666e-07
sft_full_seed2,full,2,30000,1500,0.015166835187057633,0.1740923047065735,0.001781709841452539,9.993333333333333e-07
sft_full_seed2,full,2,30000,1510,0.015267947421638018,0.39423909187316897,38.338768005371094,9.999997539434005e-07
sft_full_seed2,full,2,30000,1520,0.015369059656218402,0.2513282060623169,0.8325492143630981,9.999989033776898e-07
sft_full_seed2,full,2,30000,1530,0.015470171890798787,0.1900078535079956,4.091795921325684,9.999974452661641e-07
sft_full_seed2,full,2,30000,1540,0.01557128412537917,0.3779651165008545,0.6357707381248474,9.999953796105958e-07
sft_full_seed2,full,2,30000,1550,0.015672396359959553,0.11869055032730103,0.4698202908039093,9.999927064134948e-07
sft_full_seed2,full,2,30000,1560,0.01577350859453994,0.3242650985717773,41.36457061767578,9.999894256781094e-07
sft_full_seed2,full,2,30000,1570,0.015874620829120323,0.20945470333099364,0.038725823163986206,9.999855374084258e-07
sft_full_seed2,full,2,30000,1580,0.015975733063700707,0.13664644956588745,0.02824997715651989,9.999810416091688e-07
sft_full_seed2,full,2,30000,1590,0.016076845298281094,0.10614407062530518,45.034523010253906,9.99975938285801e-07
sft_full_seed2,full,2,30000,1600,0.016177957532861477,0.4267424583435059,0.029371818527579308,9.999702274445234e-07
sft_full_seed2,full,2,30000,1610,0.01627906976744186,0.3120103120803833,0.07498857378959656,9.999639090922756e-07
sft_full_seed2,full,2,30000,1620,0.016380182002022244,0.21332731246948242,0.2625589370727539,9.999569832367346e-07
sft_full_seed2,full,2,30000,1630,0.01648129423660263,0.3476865768432617,0.8057725429534912,9.99949449886316e-07
sft_full_seed2,full,2,30000,1640,0.016582406471183014,0.35366010665893555,53.1756591796875,9.999413090501738e-07
sft_full_seed2,full,2,30000,1650,0.016683518705763397,0.1697230339050293,6.3541178703308105,9.999325607381997e-07
sft_full_seed2,full,2,30000,1660,0.01678463094034378,0.09213658571243286,40.95877456665039,9.999232049610237e-07
sft_full_seed2,full,2,30000,1670,0.016885743174924167,0.5325089454650879,0.00024169897369574755,9.99913241730014e-07
sft_full_seed2,full,2,30000,1680,0.01698685540950455,0.16303200721740724,31.146432876586914,9.999026710572768e-07
sft_full_seed2,full,2,30000,1690,0.017087967644084934,0.6483049869537354,0.0055499691516160965,9.998914929556569e-07
sft_full_seed2,full,2,30000,1700,0.017189079878665317,0.17445578575134277,52.32011413574219,9.998797074387359e-07
sft_full_seed2,full,2,30000,1710,0.017290192113245704,0.5433062076568603,22.8795166015625,9.99867314520835e-07
sft_full_seed2,full,2,30000,1720,0.017391304347826087,0.30777549743652344,1.2150139808654785,9.998543142170124e-07
sft_full_seed2,full,2,30000,1730,0.01749241658240647,0.2957285165786743,44.109657287597656,9.99840706543065e-07
sft_full_seed2,full,2,30000,1740,0.017593528816986854,0.5446219444274902,0.00015046063344925642,9.998264915155271e-07
sft_full_seed2,full,2,30000,1750,0.01769464105156724,0.16687440872192383,0.1400609016418457,9.998116691516716e-07
sft_full_seed2,full,2,30000,1760,0.017795753286147624,0.2648611545562744,43.7647590637207,9.99796239469509e-07
sft_full_seed2,full,2,30000,1770,0.017896865520728007,0.505400276184082,52.65229415893555,9.997802024877875e-07
sft_full_seed2,full,2,30000,1780,0.017997977755308394,0.6422387599945069,62.510833740234375,9.99763558225994e-07
sft_full_seed2,full,2,30000,1790,0.018099089989888777,0.6011528015136719,0.0034869720693677664,9.997463067043523e-07
sft_full_seed2,full,2,30000,1800,0.01820020222446916,0.20418846607208252,0.13354875147342682,9.997284479438252e-07
sft_full_seed2,full,2,30000,1810,0.018301314459049544,0.17696994543075562,35.07915496826172,9.997099819661125e-07
sft_full_seed2,full,2,30000,1820,0.01840242669362993,0.01301746666431427,0.8477318286895752,9.996909087936523e-07
sft_full_seed2,full,2,30000,1830,0.018503538928210314,0.6396710872650146,4.248181343078613,9.9967122844962e-07
sft_full_seed2,full,2,30000,1840,0.018604651162790697,0.6473816394805908,37.294097900390625,9.996509409579293e-07
sft_full_seed2,full,2,30000,1850,0.01870576339737108,0.4498430728912354,22.710086822509766,9.996300463432312e-07
sft_full_seed2,full,2,30000,1860,0.018806875631951468,0.4245339870452881,44.459571838378906,9.996085446309146e-07
sft_full_seed2,full,2,30000,1870,0.01890798786653185,0.35029964447021483,1.36908757686615,9.995864358471066e-07
sft_full_seed2,full,2,30000,1880,0.019009100101112234,0.22325551509857178,0.008926349692046642,9.995637200186708e-07
sft_full_seed2,full,2,30000,1890,0.019110212335692617,0.555010175704956,26.706464767456055,9.995403971732098e-07
sft_full_seed2,full,2,30000,1900,0.019211324570273004,0.1364605188369751,0.043327365070581436,9.995164673390625e-07
sft_full_seed2,full,2,30000,1910,0.019312436804853388,0.47985401153564455,57.133975982666016,9.994919305453057e-07
sft_full_seed2,full,2,30000,1920,0.01941354903943377,0.6718008041381835,109.820068359375,9.994667868217547e-07
sft_full_seed2,full,2,30000,1930,0.019514661274014154,0.6071836948394775,0.0023728408850729465,9.99441036198961e-07
sft_full_seed2,full,2,30000,1940,0.01961577350859454,0.375789213180542,69.80349731445312,9.99414678708214e-07
sft_full_seed2,full,2,30000,1950,0.019716885743174924,0.29529566764831544,79.37933349609375,9.993877143815405e-07
sft_full_seed2,full,2,30000,1960,0.019817997977755308,0.43022823333740234,77.96693420410156,9.993601432517052e-07
sft_full_seed2,full,2,30000,1970,0.01991911021233569,0.3982443571090698,63.80598449707031,9.99331965352209e-07
sft_full_seed2,full,2,30000,1980,0.020020222446916078,0.6290587902069091,26.949865341186523,9.99303180717291e-07
sft_full_seed2,full,2,30000,1990,0.02012133468149646,0.29212777614593505,87.68628692626953,9.992737893819274e-07
sft_full_seed2,full,2,30000,2000,0.020222446916076844,0.3095317602157593,27.200481414794922,9.99243791381831e-07
sft_full_seed2,full,2,30000,2010,0.02032355915065723,0.44714856147766113,1.0146349668502808,9.992131867534526e-07
sft_full_seed2,full,2,30000,2020,0.020424671385237615,0.39501199722290037,0.007730063982307911,9.991819755339796e-07
sft_full_seed2,full,2,30000,2030,0.020525783619817998,0.6856186389923096,0.05726390704512596,9.991501577613363e-07
sft_full_seed2,full,2,30000,2040,0.02062689585439838,0.3620821237564087,50.654476165771484,9.991177334741849e-07
sft_full_seed2,full,2,30000,2050,0.020728008088978768,0.6132940292358399,58.535240173339844,9.990847027119234e-07
sft_full_seed2,full,2,30000,2060,0.02082912032355915,1.2876881599426269,0.008307326585054398,9.990510655146874e-07
sft_full_seed2,full,2,30000,2070,0.020930232558139535,0.1607884645462036,51.60744857788086,9.990168219233496e-07
sft_full_seed2,full,2,30000,2080,0.021031344792719918,0.9395673751831055,14.229936599731445,9.989819719795187e-07
sft_full_seed2,full,2,30000,2090,0.021132457027300305,0.5221844673156738,46.454917907714844,9.98946515725541e-07
sft_full_seed2,full,2,30000,2100,0.021233569261880688,0.39445760250091555,0.49458473920822144,9.989104532044994e-07
sft_full_seed2,full,2,30000,2110,0.02133468149646107,0.02475307583808899,18.258350372314453,9.988737844602125e-07
sft_full_seed2,full,2,30000,2120,0.021435793731041455,0.07149636745452881,2.1060070991516113,9.98836509537237e-07
sft_full_seed2,full,2,30000,2130,0.02153690596562184,0.8161748886108399,0.0021012246143072844,9.987986284808652e-07
sft_full_seed2,full,2,30000,2140,0.021638018200202225,0.33425824642181395,52.14024353027344,9.987601413371263e-07
sft_full_seed2,full,2,30000,2150,0.021739130434782608,0.3299597978591919,15.579456329345703,9.987210481527854e-07
sft_full_seed2,full,2,30000,2160,0.02184024266936299,0.37869911193847655,0.05590467154979706,9.986813489753448e-07
sft_full_seed2,full,2,30000,2170,0.021941354903943378,0.4156028747558594,62.399497985839844,9.986410438530426e-07
sft_full_seed2,full,2,30000,2180,0.02204246713852376,1.14200439453125,0.00017323961947113276,9.986001328348534e-07
sft_full_seed2,full,2,30000,2190,0.022143579373104145,0.34908714294433596,66.78092956542969,9.985586159704878e-07
sft_full_seed2,full,2,30000,2200,0.022244691607684528,0.2926598310470581,37.050235748291016,9.985164933103927e-07
sft_full_seed2,full,2,30000,2210,0.022345803842264915,0.30218508243560793,76.30686950683594,9.984737649057514e-07
sft_full_seed2,full,2,30000,2220,0.0224469160768453,0.4704648494720459,59.91511154174805,9.984304308084825e-07
sft_full_seed2,full,2,30000,2230,0.02254802831142568,0.3952218532562256,4.2385367123642936e-05,9.983864910712415e-07
sft_full_seed2,full,2,30000,2240,0.02264914054600607,0.19811517000198364,6.89535663696006e-05,9.98341945747419e-07
sft_full_seed2,full,2,30000,2250,0.02275025278058645,0.33500871658325193,2.0162720680236816,9.982967948911418e-07
sft_full_seed2,full,2,30000,2260,0.022851365015166835,0.39287285804748534,25.000537872314453,9.982510385572724e-07
sft_full_seed2,full,2,30000,2270,0.02295247724974722,0.42769312858581543,39.69873809814453,9.982046768014093e-07
sft_full_seed2,full,2,30000,2280,0.023053589484327605,0.5051295280456543,69.80747985839844,9.981577096798863e-07
sft_full_seed2,full,2,30000,2290,0.02315470171890799,0.6443086624145508,0.42595264315605164,9.981101372497727e-07
sft_full_seed2,full,2,30000,2300,0.023255813953488372,0.7046162605285644,78.14862823486328,9.980619595688735e-07
sft_full_seed2,full,2,30000,2310,0.023356926188068755,0.23679611682891846,0.01119459979236126,9.980131766957295e-07
sft_full_seed2,full,2,30000,2320,0.023458038422649142,0.1506330370903015,0.006427132990211248,9.979637886896163e-07
sft_full_seed2,full,2,30000,2330,0.023559150657229525,0.40078091621398926,81.24073791503906,9.979137956105445e-07
sft_full_seed2,full,2,30000,2340,0.02366026289180991,0.8559889793395996,3.5885937213897705,9.97863197519261e-07
sft_full_seed2,full,2,30000,2350,0.023761375126390292,0.2222313404083252,0.3190305829048157,9.978119944772475e-07
sft_full_seed2,full,2,30000,2360,0.02386248736097068,0.9745425224304199,1.4670792818069458,9.977601865467195e-07
sft_full_seed2,full,2,30000,2370,0.023963599595551062,0.7577730178833008,80.16873168945312,9.977077737906296e-07
sft_full_seed2,full,2,30000,2380,0.024064711830131445,0.35693109035491943,16.568021774291992,9.976547562726637e-07
sft_full_seed2,full,2,30000,2390,0.02416582406471183,0.13634346723556517,0.0014859577640891075,9.976011340572428e-07
sft_full_seed2,full,2,30000,2400,0.024266936299292215,0.6165051937103272,4.3691816329956055,9.975469072095235e-07
sft_full_seed2,full,2,30000,2410,0.0243680485338726,0.4647069454193115,72.45225524902344,9.974920757953965e-07
sft_full_seed2,full,2,30000,2420,0.024469160768452982,0.7867466449737549,7.087405538186431e-05,9.974366398814869e-07
sft_full_seed2,full,2,30000,2430,0.024570273003033365,0.6663928985595703,78.490478515625,9.973805995351544e-07
sft_full_seed2,full,2,30000,2440,0.024671385237613752,0.2477569818496704,0.2812851071357727,9.973239548244936e-07
sft_full_seed2,full,2,30000,2450,0.024772497472194135,0.32383682727813723,44.68208694458008,9.972667058183333e-07
sft_full_seed2,full,2,30000,2460,0.02487360970677452,0.5184193611145019,5.9221882820129395,9.97208852586236e-07
sft_full_seed2,full,2,30000,2470,0.024974721941354906,0.3809391260147095,4.6048903465271,9.971503951984993e-07
sft_full_seed2,full,2,30000,2480,0.02507583417593529,0.08094310164451599,35.75145721435547,9.97091333726154e-07
sft_full_seed2,full,2,30000,2490,0.025176946410515672,0.41480064392089844,0.0548701211810112,9.970316682409659e-07
sft_full_seed2,full,2,30000,2500,0.025278058645096056,0.5319462299346924,65.9781265258789,9.969713988154337e-07
sft_full_seed2,full,2,30000,2510,0.025379170879676442,0.38567826747894285,1.319511890411377,9.969105255227905e-07
sft_full_seed2,full,2,30000,2520,0.025480283114256826,0.8539690017700196,85.21668243408203,9.968490484370033e-07
sft_full_seed2,full,2,30000,2530,0.02558139534883721,0.6691834449768066,0.08097707480192184,9.967869676327726e-07
sft_full_seed2,full,2,30000,2540,0.025682507583417592,0.5194150447845459,60.432899475097656,9.96724283185532e-07
sft_full_seed2,full,2,30000,2550,0.02578361981799798,0.6561152935028076,84.64784240722656,9.966609951714492e-07
sft_full_seed2,full,2,30000,2560,0.025884732052578362,0.22409396171569823,108.37931823730469,9.965971036674254e-07
sft_full_seed2,full,2,30000,2570,0.025985844287158746,0.670207166671753,4.015544618596323e-05,9.965326087510946e-07
sft_full_seed2,full,2,30000,2580,0.02608695652173913,0.8740601539611816,0.00023297620646189898,9.964675105008243e-07
sft_full_seed2,full,2,30000,2590,0.026188068756319516,0.2565279722213745,0.011219121515750885,9.964018089957146e-07
sft_full_seed2,full,2,30000,2600,0.0262891809908999,0.6505702018737793,35.989471435546875,9.963355043155995e-07
sft_full_seed2,full,2,30000,2610,0.026390293225480282,0.20134010314941406,3.138948159175925e-05,9.962685965410454e-07
sft_full_seed2,full,2,30000,2620,0.026491405460060666,0.36295912265777586,31.5152645111084,9.962010857533512e-07
sft_full_seed2,full,2,30000,2630,0.026592517694641053,0.28135998249053956,0.0012020390713587403,9.961329720345493e-07
sft_full_seed2,full,2,30000,2640,0.026693629929221436,0.04715738296508789,40.30120849609375,9.96064255467404e-07
sft_full_seed2,full,2,30000,2650,0.02679474216380182,1.4285150527954102,3.332918640808202e-05,9.959949361354125e-07
sft_full_seed2,full,2,30000,2660,0.026895854398382203,0.133208167552948,0.02218502201139927,9.959250141228043e-07
sft_full_seed2,full,2,30000,2670,0.02699696663296259,0.12069599628448487,0.000375072326278314,9.958544895145412e-07
sft_full_seed2,full,2,30000,2680,0.027098078867542973,0.9080098152160645,5.8178557083010674e-05,9.957833623963177e-07
sft_full_seed2,full,2,30000,2690,0.027199191102123356,0.5540266513824463,85.35551452636719,9.957116328545592e-07
sft_full_seed2,full,2,30000,2700,0.027300303336703743,0.32459590435028074,80.21620178222656,9.956393009764243e-07
sft_full_seed2,full,2,30000,2710,0.027401415571284126,0.41411647796630857,0.23829028010368347,9.955663668498032e-07
sft_full_seed2,full,2,30000,2720,0.02750252780586451,0.4871245861053467,50.20867919921875,9.954928305633172e-07
sft_full_seed2,full,2,30000,2730,0.027603640040444893,0.7974756240844727,0.331950843334198,9.954186922063201e-07
sft_full_seed2,full,2,30000,2740,0.02770475227502528,1.4514400482177734,0.007256124168634415,9.953439518688973e-07
sft_full_seed2,full,2,30000,2750,0.027805864509605663,0.22781474590301515,59.81867980957031,9.95268609641865e-07
sft_full_seed2,full,2,30000,2760,0.027906976744186046,0.5532333374023437,8.229976810980588e-05,9.951926656167713e-07
sft_full_seed2,full,2,30000,2770,0.02800808897876643,0.3664833068847656,4.870285511016846,9.951161198858952e-07
sft_full_seed2,full,2,30000,2780,0.028109201213346816,0.3719846248626709,13.434409141540527,9.95038972542247e-07
sft_full_seed2,full,2,30000,2790,0.0282103134479272,0.5570550918579101,13.41584587097168,9.94961223679568e-07
sft_full_seed2,full,2,30000,2800,0.028311425682507583,0.21067438125610352,0.18441073596477509,9.948828733923304e-07
sft_full_seed2,full,2,30000,2810,0.028412537917087966,0.5359603881835937,14.301299095153809,9.948039217757373e-07
sft_full_seed2,full,2,30000,2820,0.028513650151668353,0.5978989601135254,27.970129013061523,9.947243689257224e-07
sft_full_seed2,full,2,30000,2830,0.028614762386248736,0.044088307023048404,52.956626892089844,9.946442149389496e-07
sft_full_seed2,full,2,30000,2840,0.02871587462082912,0.6808915138244629,132.4492950439453,9.945634599128138e-07
sft_full_seed2,full,2,30000,2850,0.028816986855409503,0.4052095890045166,46.17763137817383,9.944821039454401e-07
sft_full_seed2,full,2,30000,2860,0.02891809908998989,0.5768627166748047,66.28563690185547,9.944001471356834e-07
sft_full_seed2,full,2,30000,2870,0.029019211324570273,0.9285104751586915,1.6872278451919556,9.943175895831287e-07
sft_full_seed2,full,2,30000,2880,0.029120323559150656,0.5133454322814941,0.000723640900105238,9.94234431388092e-07
sft_full_seed2,full,2,30000,2890,0.029221435793731043,0.46349010467529295,57.5028076171875,9.941506726516177e-07
sft_full_seed2,full,2,30000,2900,0.029322548028311426,0.9230409622192383,0.9701195955276489,9.94066313475481e-07
sft_full_seed2,full,2,30000,2910,0.02942366026289181,0.592806053161621,113.34679412841797,9.939813539621855e-07
sft_full_seed2,full,2,30000,2920,0.029524772497472193,0.36469767093658445,1.1496894359588623,9.938957942149659e-07
sft_full_seed2,full,2,30000,2930,0.02962588473205258,1.046531581878662,0.0006386424065567553,9.93809634337785e-07
sft_full_seed2,full,2,30000,2940,0.029726996966632963,0.37415661811828616,0.7947078347206116,9.937228744353352e-07
sft_full_seed2,full,2,30000,2950,0.029828109201213347,0.0005280663259327412,5.886747021577321e-05,9.93635514613038e-07
sft_full_seed2,full,2,30000,2960,0.02992922143579373,0.6890300750732422,91.14020538330078,9.935475549770434e-07
sft_full_seed2,full,2,30000,2970,0.030030333670374117,0.4015015125274658,0.6155635118484497,9.934589956342313e-07
sft_full_seed2,full,2,30000,2980,0.0301314459049545,0.3866854667663574,71.4133071899414,9.933698366922092e-07
sft_full_seed2,full,2,30000,2990,0.030232558139534883,0.4366425037384033,12.339983940124512,9.932800782593139e-07
sft_full_seed2,full,2,30000,3000,0.030333670374115267,0.15227229595184327,1.6980721950531006,9.931897204446102e-07
sft_full_seed2,full,2,30000,3010,0.030434782608695653,0.3389015197753906,86.89344024658203,9.930987633578915e-07
sft_full_seed2,full,2,30000,3020,0.030535894843276037,0.6892705440521241,0.00036174297565594316,9.93007207109679e-07
sft_full_seed2,full,2,30000,3030,0.03063700707785642,0.3069232225418091,1.7152162790298462,9.929150518112224e-07
sft_full_seed2,full,2,30000,3040,0.030738119312436803,0.24188342094421386,98.85494995117188,9.92822297574499e-07
sft_full_seed2,full,2,30000,3050,0.03083923154701719,0.7031567096710205,4.896604150417261e-05,9.92728944512214e-07
sft_full_seed2,full,2,30000,3060,0.030940343781597573,0.4066336154937744,3.9933252992341295e-05,9.926349927378e-07
sft_full_seed2,full,2,30000,3070,0.031041456016177957,1.1968062400817872,0.30527931451797485,9.925404423654174e-07
sft_full_seed2,full,2,30000,3080,0.03114256825075834,0.37881317138671877,88.49697875976562,9.924452935099537e-07
sft_full_seed2,full,2,30000,3090,0.031243680485338727,0.6290390014648437,57.05876541137695,9.923495462870238e-07
sft_full_seed2,full,2,30000,3100,0.03134479271991911,0.18588963747024537,0.004991534166038036,9.9225320081297e-07
sft_full_seed2,full,2,30000,3110,0.0314459049544995,0.671226692199707,63.28804397583008,9.921562572048605e-07
sft_full_seed2,full,2,30000,3120,0.03154701718907988,0.6957264423370362,80.64241027832031,9.920587155804912e-07
sft_full_seed2,full,2,30000,3130,0.031648129423660264,0.07236014008522033,19.329425811767578,9.919605760583844e-07
sft_full_seed2,full,2,30000,3140,0.03174924165824065,0.0003790717571973801,0.0011017901124432683,9.918618387577887e-07
sft_full_seed2,full,2,30000,3150,0.03185035389282103,0.3585879564285278,0.23109908401966095,9.917625037986797e-07
sft_full_seed2,full,2,30000,3160,0.031951466127401414,0.3453289747238159,0.1750284880399704,9.91662571301758e-07
sft_full_seed2,full,2,30000,3170,0.0320525783619818,1.5146293640136719,4.53560751338955e-05,9.915620413884519e-07
sft_full_seed2,full,2,30000,3180,0.03215369059656219,0.500455665588379,0.011421486735343933,9.914609141809138e-07
sft_full_seed2,full,2,30000,3190,0.03225480283114257,0.6891137599945069,0.0006784619763493538,9.913591898020233e-07
sft_full_seed2,full,2,30000,3200,0.032355915065722954,0.4498883247375488,7.9344635009765625,9.912568683753853e-07
sft_full_seed2,full,2,30000,3210,0.03245702730030334,0.002815297432243824,0.00030817094375379384,9.911539500253294e-07
sft_full_seed2,full,2,30000,3220,0.03255813953488372,0.42324151992797854,0.010015035979449749,9.910504348769117e-07
sft_full_seed2,full,2,30000,3230,0.032659251769464104,0.1290468692779541,16.54994010925293,9.909463230559126e-07
sft_full_seed2,full,2,30000,3240,0.03276036400404449,0.750816822052002,100.69693756103516,9.908416146888376e-07
sft_full_seed2,full,2,30000,3250,0.03286147623862487,1.2836262702941894,0.04548599570989609,9.907363099029174e-07
sft_full_seed2,full,2,30000,3260,0.03296258847320526,0.5834926128387451,0.012622552923858166,9.906304088261073e-07
sft_full_seed2,full,2,30000,3270,0.033063700707785644,0.336446738243103,85.17951202392578,9.905239115870871e-07
sft_full_seed2,full,2,30000,3280,0.03316481294236603,0.379720401763916,53.20796203613281,9.904168183152609e-07
sft_full_seed2,full,2,30000,3290,0.03326592517694641,0.9221116065979004,89.48439025878906,9.903091291407572e-07
sft_full_seed2,full,2,30000,3300,0.033367037411526794,0.2896596670150757,44.976585388183594,9.902008441944285e-07
sft_full_seed2,full,2,30000,3310,0.03346814964610718,0.1623046278953552,0.0012402164284139872,9.90091963607851e-07
sft_full_seed2,full,2,30000,3320,0.03356926188068756,0.10110239982604981,50.65203094482422,9.899824875133254e-07
sft_full_seed2,full,2,30000,3330,0.03367037411526795,1.223427963256836,118.78990173339844,9.898724160438748e-07
sft_full_seed2,full,2,30000,3340,0.033771486349848334,0.5139549255371094,0.012515838257968426,9.897617493332468e-07
sft_full_seed2,full,2,30000,3350,0.03387259858442872,0.6965885639190674,0.6670641899108887,9.89650487515912e-07
sft_full_seed2,full,2,30000,3360,0.0339737108190091,1.0601654052734375,0.08381584286689758,9.895386307270638e-07
sft_full_seed2,full,2,30000,3370,0.034074823053589484,0.17090357542037965,0.0003055916749872267,9.894261791026189e-07
sft_full_seed2,full,2,30000,3380,0.03417593528816987,0.035301655530929565,16.715545654296875,9.893131327792163e-07
sft_full_seed2,full,2,30000,3390,0.03427704752275025,0.1152193546295166,0.002659915015101433,9.891994918942181e-07
sft_full_seed2,full,2,30000,3400,0.034378159757330634,1.0278242111206055,0.00864433590322733,9.890852565857092e-07
sft_full_seed2,full,2,30000,3410,0.034479271991911024,0.794514274597168,92.78528594970703,9.889704269924952e-07
sft_full_seed2,full,2,30000,3420,0.03458038422649141,1.363856029510498,32.801448822021484,9.88855003254106e-07
sft_full_seed2,full,2,30000,3430,0.03468149646107179,0.7246668338775635,97.84687042236328,9.887389855107916e-07
sft_full_seed2,full,2,30000,3440,0.034782608695652174,0.33556437492370605,0.03817881643772125,9.886223739035249e-07
sft_full_seed2,full,2,30000,3450,0.03488372093023256,0.43952083587646484,10.115599632263184,9.885051685739995e-07
sft_full_seed2,full,2,30000,3460,0.03498483316481294,0.027254140377044676,5.4793294111732394e-05,9.883873696646316e-07
sft_full_seed2,full,2,30000,3470,0.035085945399393324,0.1537543773651123,0.053324777632951736,9.882689773185574e-07
sft_full_seed2,full,2,30000,3480,0.03518705763397371,0.22921571731567383,0.8581867218017578,9.881499916796352e-07
sft_full_seed2,full,2,30000,3490,0.0352881698685541,0.8163057327270508,0.17723432183265686,9.880304128924433e-07
sft_full_seed2,full,2,30000,3500,0.03538928210313448,0.5783782958984375,80.53046417236328,9.879102411022816e-07
sft_full_seed2,full,2,30000,3510,0.035490394337714865,0.3176608085632324,12.698991775512695,9.877894764551701e-07
sft_full_seed2,full,2,30000,3520,0.03559150657229525,0.23820192813873292,58.59841537475586,9.876681190978492e-07
sft_full_seed2,full,2,30000,3530,0.03569261880687563,0.15273604393005372,1.0215200185775757,9.875461691777795e-07
sft_full_seed2,full,2,30000,3540,0.035793731041456014,0.4590282440185547,77.37806701660156,9.874236268431415e-07
sft_full_seed2,full,2,30000,3550,0.0358948432760364,0.8118921279907226,0.016817456111311913,9.87300492242836e-07
sft_full_seed2,full,2,30000,3560,0.03599595551061679,0.8846834182739258,0.00012095347483409569,9.871767655264828e-07
sft_full_seed2,full,2,30000,3570,0.03609706774519717,0.1662616491317749,76.53980255126953,9.870524468444219e-07
sft_full_seed2,full,2,30000,3580,0.036198179979777555,0.02365197092294693,45.567996978759766,9.86927536347712e-07
sft_full_seed2,full,2,30000,3590,0.03629929221435794,0.6344038963317871,87.19019317626953,9.86802034188131e-07
sft_full_seed2,full,2,30000,3600,0.03640040444893832,1.2058886528015136,7.522826490458101e-05,9.866759405181764e-07
sft_full_seed2,full,2,30000,3610,0.036501516683518705,0.23514909744262696,3.7820016586920246e-05,9.865492554910632e-07
sft_full_seed2,full,2,30000,3620,0.03660262891809909,0.5431890487670898,5.147880074218847e-05,9.86421979260726e-07
sft_full_seed2,full,2,30000,3630,0.03670374115267947,0.44834098815917967,82.27312469482422,9.862941119818176e-07
sft_full_seed2,full,2,30000,3640,0.03680485338725986,0.7792328834533692,85.31269073486328,9.861656538097084e-07
sft_full_seed2,full,2,30000,3650,0.036905965621840245,0.6885269165039063,57.757022857666016,9.860366049004875e-07
sft_full_seed2,full,2,30000,3660,0.03700707785642063,0.06792630553245545,0.007700974587351084,9.859069654109615e-07
sft_full_seed2,full,2,30000,3670,0.03710819009100101,0.5778207302093505,3.950700556742959e-05,9.857767354986544e-07
sft_full_seed2,full,2,30000,3680,0.037209302325581395,0.126959228515625,0.920954704284668,9.856459153218077e-07
sft_full_seed2,full,2,30000,3690,0.03731041456016178,0.7656589031219483,24.835590362548828,9.855145050393808e-07
sft_full_seed2,full,2,30000,3700,0.03741152679474216,0.5708532333374023,130.02806091308594,9.85382504811049e-07
sft_full_seed2,full,2,30000,3710,0.037512639029322545,0.37427458763122556,0.011169841513037682,9.852499147972053e-07
sft_full_seed2,full,2,30000,3720,0.037613751263902935,0.9513933181762695,0.0003020181320607662,9.85116735158959e-07
sft_full_seed2,full,2,30000,3730,0.03771486349848332,0.32027592658996584,17.818706512451172,9.849829660581362e-07
sft_full_seed2,full,2,30000,3740,0.0378159757330637,1.2608704566955566,0.000460223265690729,9.848486076572786e-07
sft_full_seed2,full,2,30000,3750,0.037917087967644085,0.43276419639587405,0.0013513005105778575,9.847136601196443e-07
sft_full_seed2,full,2,30000,3760,0.03801820020222447,0.16194887161254884,0.3486363887786865,9.845781236092077e-07
sft_full_seed2,full,2,30000,3770,0.03811931243680485,0.44221134185791017,0.011337528936564922,9.844419982906582e-07
sft_full_seed2,full,2,30000,3780,0.038220424671385235,0.6294778347015381,27.239938735961914,9.843052843294007e-07
sft_full_seed2,full,2,30000,3790,0.038321536905965625,0.9132595062255859,0.0002608539070934057,9.841679818915558e-07
sft_full_seed2,full,2,30000,3800,0.03842264914054601,0.08365166783332825,2.5810813903808594,9.84030091143959e-07
sft_full_seed2,full,2,30000,3810,0.03852376137512639,0.36226165294647217,0.000383074046112597,9.838916122541602e-07
sft_full_seed2,full,2,30000,3820,0.038624873609706775,0.3372607707977295,5.2278694056440145e-05,9.837525453904245e-07
sft_full_seed2,full,2,30000,3830,0.03872598584428716,0.664618968963623,120.98171997070312,9.836128907217313e-07
sft_full_seed2,full,2,30000,3840,0.03882709807886754,0.5965003490447998,0.9067198038101196,9.834726484177743e-07
sft_full_seed2,full,2,30000,3850,0.038928210313447925,0.058074235916137695,17.743806838989258,9.833318186489608e-07
sft_full_seed2,full,2,30000,3860,0.03902932254802831,0.24474194049835205,1.5629627704620361,9.831904015864125e-07
sft_full_seed2,full,2,30000,3870,0.0391304347826087,1.0344675064086915,98.91658020019531,9.830483974019644e-07
sft_full_seed2,full,2,30000,3880,0.03923154701718908,1.1806635856628418,76.76316833496094,9.82905806268165e-07
sft_full_seed2,full,2,30000,3890,0.039332659251769465,0.07206591367721557,0.2110825479030609,9.827626283582758e-07
sft_full_seed2,full,2,30000,3900,0.03943377148634985,1.0349297523498535,0.00024290541477967054,9.826188638462717e-07
sft_full_seed2,full,2,30000,3910,0.03953488372093023,0.8390939712524415,0.009706412442028522,9.824745129068402e-07
sft_full_seed2,full,2,30000,3920,0.039635995955510615,1.0054530143737792,0.002450017025694251,9.823295757153809e-07
sft_full_seed2,full,2,30000,3930,0.039737108190091,0.6556520462036133,111.15155029296875,9.821840524480066e-07
sft_full_seed2,full,2,30000,3940,0.03983822042467138,0.03839791417121887,0.7518137097358704,9.820379432815412e-07
sft_full_seed2,full,2,30000,3950,0.03993933265925177,0.19020050764083862,0.7026253938674927,9.818912483935219e-07
sft_full_seed2,full,2,30000,3960,0.040040444893832156,0.23212406635284424,4.638519763946533,9.817439679621962e-07
sft_full_seed2,full,2,30000,3970,0.04014155712841254,0.5782223224639893,1.732373595237732,9.815961021665242e-07
sft_full_seed2,full,2,30000,3980,0.04024266936299292,0.5502314090728759,91.82133483886719,9.814476511861761e-07
sft_full_seed2,full,2,30000,3990,0.040343781597573306,0.9090703010559082,3.772123091039248e-05,9.812986152015347e-07
sft_full_seed2,full,2,30000,4000,0.04044489383215369,0.6216937065124511,81.02680206298828,9.81148994393692e-07
sft_full_seed2,full,2,30000,4010,0.04054600606673407,0.5668165206909179,0.06386543810367584,9.809987889444522e-07
sft_full_seed2,full,2,30000,4020,0.04064711830131446,0.6232804775238037,81.48685455322266,9.808479990363281e-07
sft_full_seed2,full,2,30000,4030,0.040748230535894846,0.07380248308181762,4.367629051208496,9.806966248525444e-07
sft_full_seed2,full,2,30000,4040,0.04084934277047523,0.20824832916259767,86.68995666503906,9.805446665770346e-07
sft_full_seed2,full,2,30000,4050,0.04095045500505561,1.4431926727294921,78.6839370727539,9.80392124394443e-07
sft_full_seed2,full,2,30000,4060,0.041051567239635996,1.1537219047546388,11.530224800109863,9.802389984901216e-07
sft_full_seed2,full,2,30000,4070,0.04115267947421638,0.009833168983459473,0.5220905542373657,9.800852890501338e-07
sft_full_seed2,full,2,30000,4080,0.04125379170879676,1.041822910308838,110.16780090332031,9.799309962612507e-07
sft_full_seed2,full,2,30000,4090,0.041354903943377146,0.38505351543426514,0.5713505148887634,9.797761203109525e-07
sft_full_seed2,full,2,30000,4100,0.041456016177957536,0.09156902432441712,0.9136759042739868,9.796206613874282e-07
sft_full_seed2,full,2,30000,4110,0.04155712841253792,0.633433198928833,0.0037832779344171286,9.794646196795754e-07
sft_full_seed2,full,2,30000,4120,0.0416582406471183,0.0728883147239685,0.00014362536603584886,9.793079953769987e-07
sft_full_seed2,full,2,30000,4130,0.041759352881698686,0.6116568088531494,0.006342674605548382,9.791507886700118e-07
sft_full_seed2,full,2,30000,4140,0.04186046511627907,0.47060909271240237,18.134443283081055,9.78992999749636e-07
sft_full_seed2,full,2,30000,4150,0.04196157735085945,0.45934300422668456,101.56452178955078,9.788346288075992e-07
sft_full_seed2,full,2,30000,4160,0.042062689585439836,0.7898693084716797,0.016319142654538155,9.786756760363372e-07
sft_full_seed2,full,2,30000,4170,0.04216380182002022,0.08539600372314453,0.6493803262710571,9.78516141628993e-07
sft_full_seed2,full,2,30000,4180,0.04226491405460061,0.2296553373336792,0.0014746874803677201,9.783560257794152e-07
sft_full_seed2,full,2,30000,4190,0.04236602628918099,0.14267536401748657,0.36960259079933167,9.781953286821603e-07
sft_full_seed2,full,2,30000,4200,0.042467138523761376,0.431134033203125,24.58750343322754,9.7803405053249e-07
sft_full_seed2,full,2,30000,4210,0.04256825075834176,1.1184524536132812,97.72148895263672,9.778721915263728e-07
sft_full_seed2,full,2,30000,4220,0.04266936299292214,0.22921428680419922,0.0008073023054748774,9.777097518604822e-07
sft_full_seed2,full,2,30000,4230,0.042770475227502526,0.2657891035079956,2.9803404686390422e-05,9.775467317321983e-07
sft_full_seed2,full,2,30000,4240,0.04287158746208291,0.04418623447418213,0.00012077772407792509,9.773831313396054e-07
sft_full_seed2,full,2,30000,4250,0.0429726996966633,0.941529655456543,105.39495849609375,9.77218950881494e-07
sft_full_seed2,full,2,30000,4260,0.04307381193124368,0.46943025588989257,0.004893479403108358,9.770541905573583e-07
sft_full_seed2,full,2,30000,4270,0.043174924165824066,0.0907862663269043,4.274261664249934e-05,9.768888505673976e-07
sft_full_seed2,full,2,30000,4280,0.04327603640040445,0.6875862121582031,126.75991821289062,9.76722931112516e-07
sft_full_seed2,full,2,30000,4290,0.04337714863498483,0.3250593185424805,93.46522521972656,9.76556432394321e-07
sft_full_seed2,full,2,30000,4300,0.043478260869565216,0.24972469806671144,0.007315927185118198,9.763893546151242e-07
sft_full_seed2,full,2,30000,4310,0.0435793731041456,0.6631818294525147,114.40581512451172,9.762216979779412e-07
sft_full_seed2,full,2,30000,4320,0.04368048533872598,0.024961642920970917,0.002532951533794403,9.760534626864902e-07
sft_full_seed2,full,2,30000,4330,0.04378159757330637,0.2762308597564697,3.721144821611233e-05,9.758846489451931e-07
sft_full_seed2,full,2,30000,4340,0.043882709807886756,0.3319725036621094,140.01712036132812,9.757152569591747e-07
sft_full_seed2,full,2,30000,4350,0.04398382204246714,0.2583826303482056,4.057888872921467e-05,9.75545286934262e-07
sft_full_seed2,full,2,30000,4360,0.04408493427704752,1.646109390258789,116.0059585571289,9.753747390769847e-07
sft_full_seed2,full,2,30000,4370,0.044186046511627906,0.08438277244567871,0.02979799173772335,9.752036135945742e-07
sft_full_seed2,full,2,30000,4380,0.04428715874620829,0.8138445854187012,0.3921160399913788,9.750319106949648e-07
sft_full_seed2,full,2,30000,4390,0.04438827098078867,0.8008393287658692,0.00023609765048604459,9.748596305867912e-07
sft_full_seed2,full,2,30000,4400,0.044489383215369056,0.7310572147369385,4.45996618270874,9.746867734793903e-07
sft_full_seed2,full,2,30000,4410,0.04459049544994945,0.6688634395599365,92.14078521728516,9.745133395827993e-07
sft_full_seed2,full,2,30000,4420,0.04469160768452983,0.23755533695220948,38.493709564208984,9.74339329107757e-07
sft_full_seed2,full,2,30000,4430,0.04479271991911021,0.0005411449819803238,7.347889186348766e-05,9.741647422657027e-07
sft_full_seed2,full,2,30000,4440,0.0448938321536906,0.8589992523193359,101.7192153930664,9.739895792687757e-07
sft_full_seed2,full,2,30000,4450,0.04499494438827098,0.45179386138916017,0.002298441482707858,9.738138403298157e-07
sft_full_seed2,full,2,30000,4460,0.04509605662285136,0.6224905014038086,80.82760620117188,9.736375256623617e-07
sft_full_seed2,full,2,30000,4470,0.045197168857431747,0.766234302520752,97.61134338378906,9.734606354806532e-07
sft_full_seed2,full,2,30000,4480,0.04529828109201214,0.356760573387146,72.25154113769531,9.73283169999628e-07
sft_full_seed2,full,2,30000,4490,0.04539939332659252,0.17012394666671754,0.0004448791150934994,9.731051294349238e-07
sft_full_seed2,full,2,30000,4500,0.0455005055611729,0.5338818550109863,3.1171486377716064,9.729265140028762e-07
sft_full_seed2,full,2,30000,4510,0.04560161779575329,0.7871132373809815,3.918189031537622e-05,9.7274732392052e-07
sft_full_seed2,full,2,30000,4520,0.04570273003033367,0.1430392384529114,6.496448993682861,9.725675594055881e-07
sft_full_seed2,full,2,30000,4530,0.04580384226491405,1.1328028678894042,44.96197509765625,9.723872206765115e-07
sft_full_seed2,full,2,30000,4540,0.04590495449949444,0.3280006170272827,2.847363233566284,9.722063079524183e-07
sft_full_seed2,full,2,30000,4550,0.04600606673407482,0.44223690032958984,73.53292846679688,9.72024821453135e-07
sft_full_seed2,full,2,30000,4560,0.04610717896865521,0.4841719627380371,0.8453682661056519,9.718427613991846e-07
sft_full_seed2,full,2,30000,4570,0.046208291203235594,0.13187501430511475,102.41226959228516,9.716601280117873e-07
sft_full_seed2,full,2,30000,4580,0.04630940343781598,0.17009248733520507,36.155941009521484,9.714769215128596e-07
sft_full_seed2,full,2,30000,4590,0.04641051567239636,0.7579616069793701,0.7170869708061218,9.71293142125015e-07
sft_full_seed2,full,2,30000,4600,0.046511627906976744,0.19500607252120972,8.159196295309812e-05,9.711087900715627e-07
sft_full_seed2,full,2,30000,4610,0.04661274014155713,0.9291864395141601,102.63898468017578,9.709238655765077e-07
sft_full_seed2,full,2,30000,4620,0.04671385237613751,0.7589993476867676,9.131192928180099e-05,9.70738368864551e-07
sft_full_seed2,full,2,30000,4630,0.046814964610717894,0.6360106468200684,0.0011965350713580847,9.705523001610881e-07
sft_full_seed2,full,2,30000,4640,0.046916076845298284,1.6464344024658204,3.730781463673338e-05,9.703656596922107e-07
sft_full_seed2,full,2,30000,4650,0.04701718907987867,0.7100533008575439,94.36907958984375,9.701784476847038e-07
sft_full_seed2,full,2,30000,4660,0.04711830131445905,0.20182468891143798,0.22729317843914032,9.699906643660483e-07
sft_full_seed2,full,2,30000,4670,0.047219413549039434,1.2870037078857421,39.90414047241211,9.698023099644184e-07
sft_full_seed2,full,2,30000,4680,0.04732052578361982,0.4354276180267334,17.362224578857422,9.696133847086822e-07
sft_full_seed2,full,2,30000,4690,0.0474216380182002,0.6005846977233886,78.76394653320312,9.69423888828402e-07
sft_full_seed2,full,2,30000,4700,0.047522750252780584,0.849515151977539,0.17782238125801086,9.692338225538332e-07
sft_full_seed2,full,2,30000,4710,0.047623862487360974,0.3035443305969238,0.0010218082461506128,9.69043186115924e-07
sft_full_seed2,full,2,30000,4720,0.04772497472194136,0.00444251149892807,0.0031764700543135405,9.68851979746316e-07
sft_full_seed2,full,2,30000,4730,0.04782608695652174,0.1510183572769165,24.04258918762207,9.686602036773425e-07
sft_full_seed2,full,2,30000,4740,0.047927199191102124,0.028840795159339905,0.016615357249975204,9.6846785814203e-07
sft_full_seed2,full,2,30000,4750,0.04802831142568251,0.47367377281188966,121.31827545166016,9.68274943374096e-07
sft_full_seed2,full,2,30000,4760,0.04812942366026289,0.6370261192321778,85.20610046386719,9.680814596079506e-07
sft_full_seed2,full,2,30000,4770,0.048230535894843274,0.10795394182205201,0.005457766354084015,9.678874070786945e-07
sft_full_seed2,full,2,30000,4780,0.04833164812942366,0.7483207225799561,0.04821902513504028,9.676927860221198e-07
sft_full_seed2,full,2,30000,4790,0.04843276036400405,0.5883400440216064,0.11630983650684357,9.674975966747096e-07
sft_full_seed2,full,2,30000,4800,0.04853387259858443,0.8707479476928711,92.38449096679688,9.673018392736372e-07
sft_full_seed2,full,2,30000,4810,0.048634984833164814,0.5559453010559082,0.05237278714776039,9.671055140567666e-07
sft_full_seed2,full,2,30000,4820,0.0487360970677452,0.18829408884048462,4.439922122401185e-05,9.66908621262651e-07
sft_full_seed2,full,2,30000,4830,0.04883720930232558,0.21149628162384032,3.638774433056824e-05,9.66711161130534e-07
sft_full_seed2,full,2,30000,4840,0.048938321536905964,0.9441520690917968,74.6027603149414,9.665131339003485e-07
sft_full_seed2,full,2,30000,4850,0.04903943377148635,0.3430396795272827,6.189929990796372e-05,9.663145398127157e-07
sft_full_seed2,full,2,30000,4860,0.04914054600606673,0.6067170143127442,61.56698226928711,9.661153791089468e-07
sft_full_seed2,full,2,30000,4870,0.04924165824064712,0.22011332511901854,0.004727154970169067,9.659156520310401e-07
sft_full_seed2,full,2,30000,4880,0.049342770475227504,0.6255282878875732,0.0026674021501094103,9.657153588216833e-07
sft_full_seed2,full,2,30000,4890,0.04944388270980789,0.2391585350036621,0.03656211495399475,9.655144997242514e-07
sft_full_seed2,full,2,30000,4900,0.04954499494438827,0.3294974327087402,0.01986013539135456,9.653130749828073e-07
sft_full_seed2,full,2,30000,4910,0.049646107178968654,0.276979660987854,102.98800659179688,9.65111084842101e-07
sft_full_seed2,full,2,30000,4920,0.04974721941354904,0.5868106842041015,95.94384765625,9.649085295475693e-07
sft_full_seed2,full,2,30000,4930,0.04984833164812942,0.03198744654655457,21.980676651000977,9.647054093453365e-07
sft_full_seed2,full,2,30000,4940,0.04994944388270981,0.33372881412506106,117.63155364990234,9.645017244822122e-07
sft_full_seed2,full,2,30000,4950,0.050050556117290194,0.9004738807678223,31.828332901000977,9.642974752056931e-07
sft_full_seed2,full,2,30000,4960,0.05015166835187058,0.7089351654052735,5.180427074432373,9.640926617639612e-07
sft_full_seed2,full,2,30000,4970,0.05025278058645096,0.2911672830581665,2.6780709958984517e-05,9.638872844058842e-07
sft_full_seed2,full,2,30000,4980,0.050353892821031344,0.4033371925354004,2.8121299692429602e-05,9.636813433810149e-07
sft_full_seed2,full,2,30000,4990,0.05045500505561173,0.45645794868469236,0.19551599025726318,9.634748389395912e-07
sft_full_seed2,full,2,30000,5000,0.05055611729019211,0.17605578899383545,71.39549255371094,9.632677713325352e-07
sft_full_seed2,full,2,30000,5010,0.050657229524772494,1.1045732498168945,9.055295231519267e-05,9.63060140811454e-07
sft_full_seed2,full,2,30000,5020,0.050758341759352885,5.217286161496304e-06,4.260329660610296e-05,9.628519476286378e-07
sft_full_seed2,full,2,30000,5030,0.05085945399393327,1.303235912322998,1.5113375186920166,9.626431920370612e-07
sft_full_seed2,full,2,30000,5040,0.05096056622851365,0.19270206689834596,68.71060943603516,9.624338742903817e-07
sft_full_seed2,full,2,30000,5050,0.051061678463094035,1.5260332107543946,174.5421600341797,9.622239946429404e-07
sft_full_seed2,full,2,30000,5060,0.05116279069767442,0.6579484939575195,55.44041442871094,9.620135533497609e-07
sft_full_seed2,full,2,30000,5070,0.0512639029322548,0.31434385776519774,3.598902702331543,9.618025506665488e-07
sft_full_seed2,full,2,30000,5080,0.051365015166835185,0.36259734630584717,3.507611472741701e-05,9.615909868496926e-07
sft_full_seed2,full,2,30000,5090,0.05146612740141557,0.2113633394241333,3.893040047842078e-05,9.613788621562621e-07
sft_full_seed2,full,2,30000,5100,0.05156723963599596,0.3480672836303711,79.69499969482422,9.611661768440092e-07
sft_full_seed2,full,2,30000,5110,0.05166835187057634,0.7354254245758056,146.5319061279297,9.60952931171366e-07
sft_full_seed2,full,2,30000,5120,0.051769464105156725,0.05764120817184448,3.295482383691706e-05,9.607391253974464e-07
sft_full_seed2,full,2,30000,5130,0.05187057633973711,0.40351381301879885,5.822188177262433e-05,9.605247597820446e-07
sft_full_seed2,full,2,30000,5140,0.05197168857431749,0.28378260135650635,3.78421688079834,9.603098345856352e-07
sft_full_seed2,full,2,30000,5150,0.052072800808897875,0.5392586708068847,0.00013764036702923477,9.600943500693724e-07
sft_full_seed2,full,2,30000,5160,0.05217391304347826,0.05949966311454773,0.0001498495985288173,9.598783064950901e-07
sft_full_seed2,full,2,30000,5170,0.05227502527805865,0.09959293603897094,0.0014829874271526933,9.596617041253017e-07
sft_full_seed2,full,2,30000,5180,0.05237613751263903,0.4221621036529541,112.37486267089844,9.594445432231995e-07
sft_full_seed2,full,2,30000,5190,0.052477249747219415,1.1677659034729004,90.44932556152344,9.592268240526545e-07
sft_full_seed2,full,2,30000,5200,0.0525783619817998,0.7493301868438721,13.340239524841309,9.590085468782162e-07
sft_full_seed2,full,2,30000,5210,0.05267947421638018,0.2612653970718384,13.921340942382812,9.587897119651115e-07
sft_full_seed2,full,2,30000,5220,0.052780586450960565,0.07057196497917176,0.4102822542190552,9.585703195792458e-07
sft_full_seed2,full,2,30000,5230,0.05288169868554095,0.22108910083770753,40.20356369018555,9.583503699872015e-07
sft_full_seed2,full,2,30000,5240,0.05298281092012133,1.0795843124389648,3.2426258258055896e-05,9.58129863456238e-07
sft_full_seed2,full,2,30000,5250,0.05308392315470172,0.9056398391723632,0.0005791120929643512,9.579088002542917e-07
sft_full_seed2,full,2,30000,5260,0.053185035389282105,0.19735431671142578,164.68882751464844,9.576871806499748e-07
sft_full_seed2,full,2,30000,5270,0.05328614762386249,0.32766616344451904,86.38128662109375,9.574650049125768e-07
sft_full_seed2,full,2,30000,5280,0.05338725985844287,0.3286562919616699,0.0068296464160084724,9.572422733120614e-07
sft_full_seed2,full,2,30000,5290,0.053488372093023255,0.43250765800476076,0.13646318018436432,9.570189861190689e-07
sft_full_seed2,full,2,30000,5300,0.05358948432760364,0.012170019000768662,18.13267707824707,9.56795143604914e-07
sft_full_seed2,full,2,30000,5310,0.05369059656218402,1.1001453399658203,4.098855788470246e-05,9.565707460415868e-07
sft_full_seed2,full,2,30000,5320,0.053791708796764405,0.3625755548477173,0.1899532526731491,9.563457937017514e-07
sft_full_seed2,full,2,30000,5330,0.053892821031344795,0.3346176862716675,4.386321597849019e-05,9.561202868587459e-07
sft_full_seed2,full,2,30000,5340,0.05399393326592518,0.2541959285736084,0.0003770541516132653,9.558942257865827e-07
sft_full_seed2,full,2,30000,5350,0.05409504550050556,0.6308619976043701,4.966219057678245e-05,9.55667610759947e-07
sft_full_seed2,full,2,30000,5360,0.054196157735085945,0.11375255584716797,81.00056457519531,9.554404420541978e-07
sft_full_seed2,full,2,30000,5370,0.05429726996966633,0.23605697154998778,0.28526636958122253,9.55212719945366e-07
sft_full_seed2,full,2,30000,5380,0.05439838220424671,0.0786386251449585,0.0012109867529943585,9.549844447101559e-07
sft_full_seed2,full,2,30000,5390,0.054499494438827095,0.1788872718811035,0.7005867958068848,9.547556166259433e-07
sft_full_seed2,full,2,30000,5400,0.054600606673407485,0.346370530128479,0.03474865481257439,9.545262359707755e-07
sft_full_seed2,full,2,30000,5410,0.05470171890798787,0.37609832286834716,48.84600830078125,9.542963030233723e-07
sft_full_seed2,full,2,30000,5420,0.05480283114256825,0.06053737998008728,0.0010965598048642278,9.540658180631236e-07
sft_full_seed2,full,2,30000,5430,0.054903943377148635,0.005349467694759369,15.751957893371582,9.538347813700902e-07
sft_full_seed2,full,2,30000,5440,0.05500505561172902,0.5445335388183594,0.014065396972000599,9.536031932250036e-07
sft_full_seed2,full,2,30000,5450,0.0551061678463094,0.04713196456432343,10.532027244567871,9.533710539092652e-07
sft_full_seed2,full,2,30000,5460,0.055207280080889785,0.17631736993789673,0.0018751171883195639,9.531383637049464e-07
sft_full_seed2,full,2,30000,5470,0.05530839231547017,0.4618222713470459,93.65243530273438,9.529051228947875e-07
sft_full_seed2,full,2,30000,5480,0.05540950455005056,0.4293341159820557,6.708173168590292e-05,9.526713317621979e-07
sft_full_seed2,full,2,30000,5490,0.05551061678463094,0.7336316108703613,3.306329745100811e-05,9.524369905912563e-07
sft_full_seed2,full,2,30000,5500,0.055611729019211326,0.05021386742591858,5.434751437860541e-05,9.52202099666709e-07
sft_full_seed2,full,2,30000,5510,0.05571284125379171,0.5081018924713134,2.953152943518944e-05,9.519666592739708e-07
sft_full_seed2,full,2,30000,5520,0.05581395348837209,0.8000848770141602,102.65763092041016,9.51730669699124e-07
sft_full_seed2,full,2,30000,5530,0.055915065722952476,0.5571469783782959,3.211027797078714e-05,9.51494131228918e-07
sft_full_seed2,full,2,30000,5540,0.05601617795753286,0.33819525241851806,3.588198887882754e-05,9.512570441507695e-07
sft_full_seed2,full,2,30000,5550,0.05611729019211325,0.4480283260345459,0.04090946912765503,9.510194087527614e-07
sft_full_seed2,full,2,30000,5560,0.05621840242669363,0.0891096830368042,142.90809631347656,9.507812253236435e-07
sft_full_seed2,full,2,30000,5570,0.056319514661274016,0.4611006259918213,0.13754074275493622,9.505424941528308e-07
sft_full_seed2,full,2,30000,5580,0.0564206268958544,0.2126326560974121,1.845636248588562,9.503032155304045e-07
sft_full_seed2,full,2,30000,5590,0.05652173913043478,0.606364631652832,24.043493270874023,9.500633897471105e-07
sft_full_seed2,full,2,30000,5600,0.056622851365015166,0.6377116680145264,3.818223476409912,9.498230170943595e-07
sft_full_seed2,full,2,30000,5610,0.05672396359959555,1.0551633834838867,180.06527709960938,9.495820978642273e-07
sft_full_seed2,full,2,30000,5620,0.05682507583417593,0.2104806900024414,114.73158264160156,9.493406323494535e-07
sft_full_seed2,full,2,30000,5630,0.05692618806875632,0.3404416799545288,0.0012101494939997792,9.490986208434412e-07
sft_full_seed2,full,2,30000,5640,0.057027300303336706,1.241645622253418,41.548038482666016,9.488560636402576e-07
sft_full_seed2,full,2,30000,5650,0.05712841253791709,0.17319923639297485,0.0002602960157673806,9.48612961034632e-07
sft_full_seed2,full,2,30000,5660,0.05722952477249747,0.4328284740447998,0.010056811384856701,9.483693133219575e-07
sft_full_seed2,full,2,30000,5670,0.057330637007077856,0.1135979175567627,7.378238660749048e-05,9.481251207982888e-07
sft_full_seed2,full,2,30000,5680,0.05743174924165824,0.019200673699378966,0.00015928839275147766,9.478803837603429e-07
sft_full_seed2,full,2,30000,5690,0.05753286147623862,0.29084579944610595,5.217811849433929e-05,9.476351025054983e-07
sft_full_seed2,full,2,30000,5700,0.057633973710819006,0.26705136299133303,5.567785774474032e-05,9.473892773317951e-07
sft_full_seed2,full,2,30000,5710,0.057735085945399396,4.8875550419325006e-06,9.734304330777377e-05,9.471429085379337e-07
sft_full_seed2,full,2,30000,5720,0.05783619817997978,0.42520456314086913,2.75282309303293e-05,9.468959964232757e-07
sft_full_seed2,full,2,30000,5730,0.05793731041456016,0.5256964206695557,3.55751471943222e-05,9.466485412878424e-07
sft_full_seed2,full,2,30000,5740,0.058038422649140546,0.556786298751831,0.0041234251111745834,9.464005434323153e-07
sft_full_seed2,full,2,30000,5750,0.05813953488372093,0.6589410781860352,115.33326721191406,9.461520031580351e-07
sft_full_seed2,full,2,30000,5760,0.05824064711830131,0.9539667129516601,111.4281234741211,9.459029207670017e-07
sft_full_seed2,full,2,30000,5770,0.058341759352881696,0.2137910842895508,15.789258003234863,9.456532965618737e-07
sft_full_seed2,full,2,30000,5780,0.058442871587462086,0.09412696957588196,3.5440990924835205,9.45403130845968e-07
sft_full_seed2,full,2,30000,5790,0.05854398382204247,0.07105339765548706,120.91030883789062,9.451524239232594e-07
sft_full_seed2,full,2,30000,5800,0.05864509605662285,0.9172122955322266,116.46012878417969,9.449011760983808e-07
sft_full_seed2,full,2,30000,5810,0.058746208291203236,0.568898344039917,8.338910102844238,9.446493876766217e-07
sft_full_seed2,full,2,30000,5820,0.05884732052578362,0.46472749710083006,0.07275000959634781,9.443970589639289e-07
sft_full_seed2,full,2,30000,5830,0.058948432760364,1.2026341438293457,27.47077178955078,9.441441902669056e-07
sft_full_seed2,full,2,30000,5840,0.059049544994944386,0.25300140380859376,0.0007284266175702214,9.43890781892811e-07
sft_full_seed2,full,2,30000,5850,0.05915065722952477,0.4470642566680908,0.00040108582470566034,9.436368341495602e-07
sft_full_seed2,full,2,30000,5860,0.05925176946410516,0.8508049964904785,13.399060249328613,9.433823473457239e-07
sft_full_seed2,full,2,30000,5870,0.05935288169868554,0.9077141761779786,92.98028564453125,9.431273217905271e-07
sft_full_seed2,full,2,30000,5880,0.059453993933265926,0.48392786979675295,8.573217201046646e-05,9.428717577938503e-07
sft_full_seed2,full,2,30000,5890,0.05955510616784631,0.07003647089004517,5.4332947911461815e-05,9.426156556662275e-07
sft_full_seed2,full,2,30000,5900,0.05965621840242669,0.3691858768463135,0.024941643700003624,9.423590157188474e-07
sft_full_seed2,full,2,30000,5910,0.059757330637007076,0.3648090362548828,3.579825715860352e-05,9.421018382635513e-07
sft_full_seed2,full,2,30000,5920,0.05985844287158746,0.001639576256275177,1.4505729675292969,9.418441236128343e-07
sft_full_seed2,full,2,30000,5930,0.05995955510616784,0.4439913272857666,7.998610496520996,9.41585872079844e-07
sft_full_seed2,full,2,30000,5940,0.06006066734074823,0.5793664932250977,2.42061710357666,9.4132708397838e-07
sft_full_seed2,full,2,30000,5950,0.06016177957532862,0.562114143371582,97.77995300292969,9.410677596228948e-07
sft_full_seed2,full,2,30000,5960,0.060262891809909,4.744499165099114e-06,2.7936757760471664e-05,9.408078993284917e-07
sft_full_seed2,full,2,30000,5970,0.06036400404448938,0.2417837858200073,0.01020275242626667,9.405475034109254e-07
sft_full_seed2,full,2,30000,5980,0.06046511627906977,0.3755566835403442,0.015389962121844292,9.402865721866015e-07
sft_full_seed2,full,2,30000,5990,0.06056622851365015,0.30359587669372556,0.10479246824979782,9.400251059725762e-07
sft_full_seed2,full,2,30000,6000,0.06066734074823053,0.5395357131958007,33.21053695678711,9.397631050865553e-07
sft_full_seed2,full,2,30000,6010,0.060768452982810924,0.037923884391784665,5.9260721172904596e-05,9.395005698468948e-07
sft_full_seed2,full,2,30000,6020,0.06086956521739131,0.2591216564178467,95.23514556884766,9.392375005725999e-07
sft_full_seed2,full,2,30000,6030,0.06097067745197169,0.15571191310882568,4.323590837884694e-05,9.389738975833242e-07
sft_full_seed2,full,2,30000,6040,0.06107178968655207,0.4920499801635742,88.78827667236328,9.387097611993706e-07
sft_full_seed2,full,2,30000,6050,0.06117290192113246,0.08215837478637696,3.7840458389837295e-05,9.384450917416893e-07
sft_full_seed2,full,2,30000,6060,0.06127401415571284,0.8917892456054688,90.04352569580078,9.381798895318791e-07
sft_full_seed2,full,2,30000,6070,0.06137512639029322,0.02574361562728882,1.7544546127319336,9.379141548921852e-07
sft_full_seed2,full,2,30000,6080,0.06147623862487361,0.5786446094512939,3.9036494854371995e-05,9.376478881455008e-07
sft_full_seed2,full,2,30000,6090,0.061577350859454,0.1938376545906067,113.70703887939453,9.373810896153646e-07
sft_full_seed2,full,2,30000,6100,0.06167846309403438,0.40253610610961915,5.577628326136619e-05,9.371137596259621e-07
sft_full_seed2,full,2,30000,6110,0.061779575328614764,0.11063778400421143,0.16579283773899078,9.368458985021246e-07
sft_full_seed2,full,2,30000,6120,0.06188068756319515,0.9931800842285157,97.59981536865234,9.365775065693286e-07
sft_full_seed2,full,2,30000,6130,0.06198179979777553,0.00291635487228632,14.587324142456055,9.363085841536957e-07
sft_full_seed2,full,2,30000,6140,0.062082912032355914,0.7867684841156006,0.00376541237346828,9.360391315819916e-07
sft_full_seed2,full,2,30000,6150,0.0621840242669363,0.7291617870330811,95.6761474609375,9.357691491816268e-07
sft_full_seed2,full,2,30000,6160,0.06228513650151668,0.5295142650604248,72.79277038574219,9.354986372806556e-07
sft_full_seed2,full,2,30000,6170,0.06238624873609707,0.056747788190841676,129.9049530029297,9.352275962077752e-07
sft_full_seed2,full,2,30000,6180,0.062487360970677454,1.4854207038879395,133.94386291503906,9.349560262923261e-07
sft_full_seed2,full,2,30000,6190,0.06258847320525783,0.16538439989089965,4.096386328455992e-05,9.346839278642913e-07
sft_full_seed2,full,2,30000,6200,0.06268958543983821,0.5782426834106446,22.368728637695312,9.344113012542963e-07
sft_full_seed2,full,2,30000,6210,0.06279069767441861,0.2492994785308838,3.15374527417589e-05,9.341381467936078e-07
sft_full_seed2,full,2,30000,6220,0.062891809908999,0.10937943458557128,0.181364968419075,9.338644648141345e-07
sft_full_seed2,full,2,30000,6230,0.06299292214357938,0.33468918800354003,99.19182586669922,9.335902556484256e-07
sft_full_seed2,full,2,30000,6240,0.06309403437815976,1.095504379272461,126.35858154296875,9.333155196296712e-07
sft_full_seed2,full,2,30000,6250,0.06319514661274014,0.6880023002624511,16.526586532592773,9.330402570917015e-07
sft_full_seed2,full,2,30000,6260,0.06329625884732053,0.7540425300598145,117.9400405883789,9.327644683689865e-07
sft_full_seed2,full,2,30000,6270,0.06339737108190091,0.2760178565979004,0.006929540075361729,9.324881537966354e-07
sft_full_seed2,full,2,30000,6280,0.0634984833164813,0.24257428646087648,96.02912902832031,9.322113137103963e-07
sft_full_seed2,full,2,30000,6290,0.06359959555106168,0.05756908655166626,0.013492538593709469,9.319339484466563e-07
sft_full_seed2,full,2,30000,6300,0.06370070778564206,0.4209178924560547,142.63621520996094,9.316560583424402e-07
sft_full_seed2,full,2,30000,6310,0.06380182002022244,0.7161409378051757,4.161717151873745e-05,9.313776437354107e-07
sft_full_seed2,full,2,30000,6320,0.06390293225480283,0.294646692276001,28.553159713745117,9.310987049638679e-07
sft_full_seed2,full,2,30000,6330,0.06400404448938321,0.38129425048828125,0.16138051450252533,9.308192423667485e-07
sft_full_seed2,full,2,30000,6340,0.0641051567239636,0.6436049461364746,115.9537353515625,9.30539256283626e-07
sft_full_seed2,full,2,30000,6350,0.06420626895854398,0.08085481524467468,164.02310180664062,9.302587470547099e-07
sft_full_seed2,full,2,30000,6360,0.06430738119312437,0.14687787294387816,0.11294237524271011,9.299777150208455e-07
sft_full_seed2,full,2,30000,6370,0.06440849342770476,0.2836694478988647,0.0005113681545481086,9.296961605235132e-07
sft_full_seed2,full,2,30000,6380,0.06450960566228514,0.9835436820983887,5.923432036070153e-05,9.294140839048279e-07
sft_full_seed2,full,2,30000,6390,0.06461071789686552,0.7362796783447265,138.77418518066406,9.291314855075396e-07
sft_full_seed2,full,2,30000,6400,0.06471183013144591,7.704448216827587e-06,3.6101366276852787e-05,9.288483656750321e-07
sft_full_seed2,full,2,30000,6410,0.06481294236602629,0.2950754642486572,0.006295065861195326,9.285647247513224e-07
sft_full_seed2,full,2,30000,6420,0.06491405460060667,0.4999556541442871,3.147046300000511e-05,9.282805630810612e-07
sft_full_seed2,full,2,30000,6430,0.06501516683518706,0.7093815803527832,84.56497955322266,9.279958810095316e-07
sft_full_seed2,full,2,30000,6440,0.06511627906976744,0.6203214168548584,158.10862731933594,9.277106788826493e-07
sft_full_seed2,full,2,30000,6450,0.06521739130434782,0.8335613250732422,84.17892456054688,9.274249570469616e-07
sft_full_seed2,full,2,30000,6460,0.06531850353892821,0.3246067762374878,2.8968564947717823e-05,9.271387158496476e-07
sft_full_seed2,full,2,30000,6470,0.06541961577350859,0.013630886375904084,0.00124990229960531,9.268519556385172e-07
sft_full_seed2,full,2,30000,6480,0.06552072800808897,0.00020050727762281894,4.591721517499536e-05,9.265646767620112e-07
sft_full_seed2,full,2,30000,6490,0.06562184024266936,0.4449610233306885,4.433785215951502e-05,9.262768795692005e-07
sft_full_seed2,full,2,30000,6500,0.06572295247724974,0.3530071496963501,83.10236358642578,9.25988564409786e-07
sft_full_seed2,full,2,30000,6510,0.06582406471183014,0.3873631954193115,0.0017896434292197227,9.256997316340975e-07
sft_full_seed2,full,2,30000,6520,0.06592517694641052,0.29617440700531006,8.825738041196018e-05,9.254103815930943e-07
sft_full_seed2,full,2,30000,6530,0.0660262891809909,0.9425592422485352,0.03540502116084099,9.251205146383637e-07
sft_full_seed2,full,2,30000,6540,0.06612740141557129,0.6441795349121093,3.799729893216863e-05,9.248301311221216e-07
sft_full_seed2,full,2,30000,6550,0.06622851365015167,0.3838502883911133,0.0005412433529272676,9.245392313972115e-07
sft_full_seed2,full,2,30000,6560,0.06632962588473205,1.0010066032409668,4.421040284796618e-05,9.242478158171037e-07
sft_full_seed2,full,2,30000,6570,0.06643073811931244,0.8272646903991699,6.118640422821045,9.239558847358957e-07
sft_full_seed2,full,2,30000,6580,0.06653185035389282,0.34640414714813234,0.011123686097562313,9.236634385083113e-07
sft_full_seed2,full,2,30000,6590,0.0666329625884732,1.3324238777160644,35.49187088012695,9.233704774897004e-07
sft_full_seed2,full,2,30000,6600,0.06673407482305359,0.19686955213546753,0.0020115727093070745,9.230770020360381e-07
sft_full_seed2,full,2,30000,6610,0.06683518705763397,0.8842564582824707,0.007600401062518358,9.227830125039247e-07
sft_full_seed2,full,2,30000,6620,0.06693629929221435,0.2296377420425415,2.4001918063731864e-05,9.224885092505852e-07
sft_full_seed2,full,2,30000,6630,0.06703741152679474,0.0005160410888493061,0.2464800775051117,9.22193492633869e-07
sft_full_seed2,full,2,30000,6640,0.06713852376137512,0.5745011329650879,100.91450500488281,9.21897963012249e-07
sft_full_seed2,full,2,30000,6650,0.0672396359959555,0.987637710571289,4.7437355533475056e-05,9.216019207448216e-07
sft_full_seed2,full,2,30000,6660,0.0673407482305359,0.3132022857666016,3.2652831077575684,9.213053661913059e-07
sft_full_seed2,full,2,30000,6670,0.06744186046511629,0.6453235149383545,94.22925567626953,9.210082997120438e-07
sft_full_seed2,full,2,30000,6680,0.06754297269969667,0.03957675993442535,0.02377358451485634,9.207107216679993e-07
sft_full_seed2,full,2,30000,6690,0.06764408493427705,0.2678841114044189,0.1513487845659256,9.204126324207573e-07
sft_full_seed2,full,2,30000,6700,0.06774519716885744,0.41998867988586425,62.74803924560547,9.201140323325248e-07
sft_full_seed2,full,2,30000,6710,0.06784630940343782,0.40895328521728513,6.203321390785277e-05,9.198149217661286e-07
sft_full_seed2,full,2,30000,6720,0.0679474216380182,0.04342305660247803,13.916568756103516,9.195153010850166e-07
sft_full_seed2,full,2,30000,6730,0.06804853387259858,0.07972262501716613,4.932904994348064e-05,9.19215170653256e-07
sft_full_seed2,full,2,30000,6740,0.06814964610717897,0.3275296688079834,146.88043212890625,9.189145308355337e-07
sft_full_seed2,full,2,30000,6750,0.06825075834175935,0.24294002056121827,4.7328416258096695e-05,9.186133819971555e-07
sft_full_seed2,full,2,30000,6760,0.06835187057633973,0.4429506778717041,75.85796356201172,9.183117245040454e-07
sft_full_seed2,full,2,30000,6770,0.06845298281092012,0.7641435146331788,120.79185485839844,9.180095587227458e-07
sft_full_seed2,full,2,30000,6780,0.0685540950455005,0.06080927848815918,3.084392665186897e-05,9.177068850204166e-07
sft_full_seed2,full,2,30000,6790,0.06865520728008088,0.15337743759155273,1.1099348068237305,9.17403703764835e-07
sft_full_seed2,full,2,30000,6800,0.06875631951466127,0.28183703422546386,0.03732587397098541,9.171000153243946e-07
sft_full_seed2,full,2,30000,6810,0.06885743174924165,0.3421462535858154,0.6469805836677551,9.167958200681056e-07
sft_full_seed2,full,2,30000,6820,0.06895854398382205,0.46237964630126954,0.0018261888762935996,9.164911183655941e-07
sft_full_seed2,full,2,30000,6830,0.06905965621840243,1.1738848686218262,0.3323917090892792,9.161859105871012e-07
sft_full_seed2,full,2,30000,6840,0.06916076845298282,0.4003164291381836,0.0014196459669619799,9.158801971034832e-07
sft_full_seed2,full,2,30000,6850,0.0692618806875632,0.6039613246917724,3.700019442476332e-05,9.155739782862106e-07
sft_full_seed2,full,2,30000,6860,0.06936299292214358,0.45029339790344236,0.00012469958164729178,9.152672545073686e-07
sft_full_seed2,full,2,30000,6870,0.06946410515672397,0.18637827634811402,7.83355935709551e-05,9.149600261396551e-07
sft_full_seed2,full,2,30000,6880,0.06956521739130435,0.03411157131195068,7.107607234502211e-05,9.146522935563815e-07
sft_full_seed2,full,2,30000,6890,0.06966632962588473,0.2543349027633667,6.237899651750922e-05,9.143440571314722e-07
sft_full_seed2,full,2,30000,6900,0.06976744186046512,0.4359607696533203,8.064360008575022e-05,9.140353172394635e-07
sft_full_seed2,full,2,30000,6910,0.0698685540950455,0.4972523212432861,138.7698516845703,9.137260742555032e-07
sft_full_seed2,full,2,30000,6920,0.06996966632962588,0.29828619956970215,0.0003657981287688017,9.134163285553509e-07
sft_full_seed2,full,2,30000,6930,0.07007077856420627,0.3971344232559204,117.27403259277344,9.131060805153769e-07
sft_full_seed2,full,2,30000,6940,0.07017189079878665,0.07420964241027832,0.004983975552022457,9.127953305125616e-07
sft_full_seed2,full,2,30000,6950,0.07027300303336703,0.7418099403381347,117.33860778808594,9.124840789244957e-07
sft_full_seed2,full,2,30000,6960,0.07037411526794742,0.7154844760894775,98.13581085205078,9.121723261293792e-07
sft_full_seed2,full,2,30000,6970,0.07047522750252781,0.2929225921630859,135.58065795898438,9.118600725060213e-07
sft_full_seed2,full,2,30000,6980,0.0705763397371082,0.34928240776062014,1.0671215057373047,9.115473184338392e-07
sft_full_seed2,full,2,30000,6990,0.07067745197168858,0.5171324729919433,0.7380884885787964,9.112340642928588e-07
sft_full_seed2,full,2,30000,7000,0.07077856420626896,0.5410212516784668,0.00016994816542137414,9.109203104637136e-07
sft_full_seed2,full,2,30000,7010,0.07087967644084935,0.6292781829833984,0.13245593011379242,9.10606057327644e-07
sft_full_seed2,full,2,30000,7020,0.07098078867542973,0.26957747936248777,0.00032913030008785427,9.102913052664969e-07
sft_full_seed2,full,2,30000,7030,0.07108190091001011,0.1862201452255249,1.46884024143219,9.099760546627261e-07
sft_full_seed2,full,2,30000,7040,0.0711830131445905,0.8201142311096191,0.054659511893987656,9.096603058993905e-07
sft_full_seed2,full,2,30000,7050,0.07128412537917088,0.19996941089630127,100.17134857177734,9.093440593601551e-07
sft_full_seed2,full,2,30000,7060,0.07138523761375126,0.5238641738891602,114.75154113769531,9.090273154292888e-07
sft_full_seed2,full,2,30000,7070,0.07148634984833165,0.8311236381530762,143.96376037597656,9.087100744916655e-07
sft_full_seed2,full,2,30000,7080,0.07158746208291203,0.30132782459259033,124.07532501220703,9.083923369327628e-07
sft_full_seed2,full,2,30000,7090,0.07168857431749241,0.2233416795730591,0.0002680431352928281,9.080741031386618e-07
sft_full_seed2,full,2,30000,7100,0.0717896865520728,0.44374618530273435,4.2050851334352046e-05,9.077553734960468e-07
sft_full_seed2,full,2,30000,7110,0.07189079878665318,0.4054755210876465,4.431471461430192e-05,9.07436148392204e-07
sft_full_seed2,full,2,30000,7120,0.07199191102123358,0.8633788108825684,17.9032039642334,9.071164282150223e-07
sft_full_seed2,full,2,30000,7130,0.07209302325581396,1.0388595581054687,6.099729537963867,9.067962133529917e-07
sft_full_seed2,full,2,30000,7140,0.07219413549039434,0.30973429679870607,0.07866271585226059,9.064755041952035e-07
sft_full_seed2,full,2,30000,7150,0.07229524772497473,0.0015587451867759227,3.361773633514531e-05,9.061543011313496e-07
sft_full_seed2,full,2,30000,7160,0.07239635995955511,0.010885405540466308,0.00019461869669612497,9.05832604551722e-07
sft_full_seed2,full,2,30000,7170,0.07249747219413549,0.4550174713134766,3.669551369966939e-05,9.055104148472122e-07
sft_full_seed2,full,2,30000,7180,0.07259858442871588,0.15095442533493042,0.000418965209973976,9.051877324093113e-07
sft_full_seed2,full,2,30000,7190,0.07269969666329626,0.31482634544372556,3.4005133784376085e-05,9.04864557630109e-07
sft_full_seed2,full,2,30000,7200,0.07280080889787664,0.36965858936309814,0.00018682201334740967,9.045408909022927e-07
sft_full_seed2,full,2,30000,7210,0.07290192113245703,0.723844051361084,139.67794799804688,9.042167326191484e-07
sft_full_seed2,full,2,30000,7220,0.07300303336703741,0.05340776443481445,0.0002393844333710149,9.038920831745587e-07
sft_full_seed2,full,2,30000,7230,0.07310414560161779,0.3095921754837036,0.00013648509047925472,9.035669429630035e-07
sft_full_seed2,full,2,30000,7240,0.07320525783619818,0.20324571132659913,5.072170461062342e-05,9.032413123795587e-07
sft_full_seed2,full,2,30000,7250,0.07330637007077856,0.5092967987060547,119.29814910888672,9.02915191819896e-07
sft_full_seed2,full,2,30000,7260,0.07340748230535894,0.6325913429260254,0.20954638719558716,9.025885816802832e-07
sft_full_seed2,full,2,30000,7270,0.07350859453993933,0.12680424451828004,0.0016351526137441397,9.022614823575818e-07
sft_full_seed2,full,2,30000,7280,0.07360970677451972,0.38085551261901857,104.83930206298828,9.019338942492485e-07
sft_full_seed2,full,2,30000,7290,0.0737108190091001,0.5107859134674072,38.45004653930664,9.016058177533338e-07
sft_full_seed2,full,2,30000,7300,0.07381193124368049,0.08254731297492982,3.0634881113655865e-05,9.012772532684818e-07
sft_full_seed2,full,2,30000,7310,0.07391304347826087,0.8151377677917481,3.0187900847522542e-05,9.009482011939289e-07
sft_full_seed2,full,2,30000,7320,0.07401415571284126,0.5733786582946777,5.650644379784353e-05,9.006186619295047e-07
sft_full_seed2,full,2,30000,7330,0.07411526794742164,0.29788367748260497,0.0002320980274816975,9.002886358756303e-07
sft_full_seed2,full,2,30000,7340,0.07421638018200202,0.6141998291015625,0.0007058041519485414,8.999581234333186e-07
sft_full_seed2,full,2,30000,7350,0.0743174924165824,0.741353178024292,73.85921478271484,8.996271250041734e-07
sft_full_seed2,full,2,30000,7360,0.07441860465116279,0.8297313690185547,111.7780990600586,8.992956409903889e-07
sft_full_seed2,full,2,30000,7370,0.07451971688574317,0.24382123947143555,47.656070709228516,8.989636717947494e-07
sft_full_seed2,full,2,30000,7380,0.07462082912032356,0.04605346918106079,77.5577392578125,8.98631217820629e-07
sft_full_seed2,full,2,30000,7390,0.07472194135490394,0.34801902770996096,3.298840601928532e-05,8.982982794719903e-07
sft_full_seed2,full,2,30000,7400,0.07482305358948432,0.20997743606567382,0.056112613528966904,8.979648571533851e-07
sft_full_seed2,full,2,30000,7410,0.0749241658240647,0.10805487632751465,2.8375206966302358e-05,8.976309512699528e-07
sft_full_seed2,full,2,30000,7420,0.07502527805864509,0.39446163177490234,0.007802292704582214,8.972965622274205e-07
sft_full_seed2,full,2,30000,7430,0.07512639029322549,0.5371142864227295,3.0419963877648115e-05,8.969616904321025e-07
sft_full_seed2,full,2,30000,7440,0.07522750252780587,0.48673505783081056,77.4998779296875,8.966263362908996e-07
sft_full_seed2,full,2,30000,7450,0.07532861476238625,0.7855994701385498,0.0007800699095241725,8.962905002112988e-07
sft_full_seed2,full,2,30000,7460,0.07542972699696664,0.029895174503326415,0.017955372110009193,8.959541826013723e-07
sft_full_seed2,full,2,30000,7470,0.07553083923154702,0.8230830192565918,109.8822021484375,8.95617383869778e-07
sft_full_seed2,full,2,30000,7480,0.0756319514661274,0.20576579570770265,0.00016127637354657054,8.952801044257581e-07
sft_full_seed2,full,2,30000,7490,0.07573306370070779,0.05148693323135376,93.11517333984375,8.949423446791386e-07
sft_full_seed2,full,2,30000,7500,0.07583417593528817,0.07011325359344482,9.390847844770178e-05,8.946041050403299e-07
sft_full_seed2,full,2,30000,7510,0.07593528816986855,0.29030413627624513,0.0033025196753442287,8.942653859203248e-07
sft_full_seed2,full,2,30000,7520,0.07603640040444894,0.2577641725540161,0.6923589110374451,8.93926187730699e-07
sft_full_seed2,full,2,30000,7530,0.07613751263902932,5.9087196859763935e-06,4.532268940238282e-05,8.935865108836101e-07
sft_full_seed2,full,2,30000,7540,0.0762386248736097,0.22459981441497803,160.27517700195312,8.932463557917979e-07
sft_full_seed2,full,2,30000,7550,0.07633973710819009,0.4429948806762695,2.3656064513488673e-05,8.929057228685828e-07
sft_full_seed2,full,2,30000,7560,0.07644084934277047,0.016275955736637114,3.0317187338368967e-05,8.925646125278656e-07
sft_full_seed2,full,2,30000,7570,0.07654196157735085,0.5339399814605713,3.462260792730376e-05,8.922230251841278e-07
sft_full_seed2,full,2,30000,7580,0.07664307381193125,0.21930961608886718,0.00027704876265488565,8.918809612524303e-07
sft_full_seed2,full,2,30000,7590,0.07674418604651163,0.23167433738708496,5.083048017695546e-05,8.91538421148413e-07
sft_full_seed2,full,2,30000,7600,0.07684529828109202,0.3125446796417236,3.805343294516206e-05,8.911954052882939e-07
sft_full_seed2,full,2,30000,7610,0.0769464105156724,0.26003036499023435,0.3088054955005646,8.908519140888703e-07
sft_full_seed2,full,2,30000,7620,0.07704752275025278,0.5088515281677246,127.55503845214844,8.905079479675164e-07
sft_full_seed2,full,2,30000,7630,0.07714863498483317,1.2429574966430663,14.064425468444824,8.90163507342183e-07
sft_full_seed2,full,2,30000,7640,0.07724974721941355,0.25621538162231444,181.58914184570312,8.898185926313981e-07
sft_full_seed2,full,2,30000,7650,0.07735085945399393,0.6718169689178467,11.956722259521484,8.894732042542659e-07
sft_full_seed2,full,2,30000,7660,0.07745197168857432,0.2784710884094238,5.5236538173630834e-05,8.891273426304654e-07
sft_full_seed2,full,2,30000,7670,0.0775530839231547,0.2051936388015747,72.75333404541016,8.887810081802514e-07
sft_full_seed2,full,2,30000,7680,0.07765419615773508,0.012349403649568557,6.460207077907398e-05,8.884342013244528e-07
sft_full_seed2,full,2,30000,7690,0.07775530839231547,0.020203591883182527,57.63031005859375,8.880869224844725e-07
sft_full_seed2,full,2,30000,7700,0.07785642062689585,0.10978521108627319,0.0008461223333142698,8.877391720822873e-07
sft_full_seed2,full,2,30000,7710,0.07795753286147623,0.8671524047851562,151.53321838378906,8.873909505404467e-07
sft_full_seed2,full,2,30000,7720,0.07805864509605662,0.17003047466278076,4.897098187939264e-05,8.870422582820725e-07
sft_full_seed2,full,2,30000,7730,0.078159757330637,0.19055665731430055,4.7529723815387115e-05,8.866930957308587e-07
sft_full_seed2,full,2,30000,7740,0.0782608695652174,0.5882826805114746,115.0118179321289,8.863434633110709e-07
sft_full_seed2,full,2,30000,7750,0.07836198179979778,0.0011117736808955669,0.016515465453267097,8.859933614475452e-07
sft_full_seed2,full,2,30000,7760,0.07846309403437816,0.6152909755706787,131.47694396972656,8.856427905656889e-07
sft_full_seed2,full,2,30000,7770,0.07856420626895855,0.9003000259399414,6.191700231283903e-05,8.852917510914781e-07
sft_full_seed2,full,2,30000,7780,0.07866531850353893,0.010060063004493714,3.727777220774442e-05,8.84940243451459e-07
sft_full_seed2,full,2,30000,7790,0.07876643073811931,0.7959017753601074,109.06149291992188,8.845882680727468e-07
sft_full_seed2,full,2,30000,7800,0.0788675429726997,0.396748423576355,3.0496988983941264e-05,8.842358253830245e-07
sft_full_seed2,full,2,30000,7810,0.07896865520728008,0.0013650624081492425,0.00018074712716042995,8.838829158105433e-07
sft_full_seed2,full,2,30000,7820,0.07906976744186046,0.027538421750068664,6.648739508818835e-05,8.835295397841216e-07
sft_full_seed2,full,2,30000,7830,0.07917087967644085,0.49538516998291016,3.04977256746497e-05,8.831756977331446e-07
sft_full_seed2,full,2,30000,7840,0.07927199191102123,0.6278150081634521,3.5722558095585555e-05,8.828213900875638e-07
sft_full_seed2,full,2,30000,7850,0.07937310414560161,0.12629170417785646,4.52812819276005e-05,8.824666172778963e-07
sft_full_seed2,full,2,30000,7860,0.079474216380182,1.7064243316650392,95.41403198242188,8.821113797352245e-07
sft_full_seed2,full,2,30000,7870,0.07957532861476238,0.0033614225685596466,4.278480264474638e-05,8.817556778911956e-07
sft_full_seed2,full,2,30000,7880,0.07967644084934276,0.06513610482215881,2.94115197903011e-05,8.813995121780209e-07
sft_full_seed2,full,2,30000,7890,0.07977755308392316,1.0635645866394043,5.252728806226514e-05,8.810428830284751e-07
sft_full_seed2,full,2,30000,7900,0.07987866531850354,0.3929931402206421,0.0015169386751949787,8.806857908758967e-07
sft_full_seed2,full,2,30000,7910,0.07997977755308393,0.3831241846084595,0.0002441194956190884,8.803282361541858e-07
sft_full_seed2,full,2,30000,7920,0.08008088978766431,0.6583312511444092,0.00010000240581575781,8.799702192978056e-07
sft_full_seed2,full,2,30000,7930,0.0801820020222447,0.4594329833984375,5.5022468586685136e-05,8.796117407417799e-07
sft_full_seed2,full,2,30000,7940,0.08028311425682508,0.8449916839599609,65.23197937011719,8.792528009216942e-07
sft_full_seed2,full,2,30000,7950,0.08038422649140546,0.8599858283996582,0.02467438206076622,8.788934002736943e-07
sft_full_seed2,full,2,30000,7960,0.08048533872598584,0.6657934665679932,2.8359414500300772e-05,8.785335392344857e-07
sft_full_seed2,full,2,30000,7970,0.08058645096056623,0.4747579574584961,2.8573367671924643e-05,8.781732182413335e-07
sft_full_seed2,full,2,30000,7980,0.08068756319514661,0.1900917649269104,0.3183465600013733,8.778124377320617e-07
sft_full_seed2,full,2,30000,7990,0.080788675429727,0.1182593584060669,0.0009445620817132294,8.774511981450528e-07
sft_full_seed2,full,2,30000,8000,0.08088978766430738,0.28347320556640626,167.67250061035156,8.770894999192466e-07
sft_full_seed2,full,2,30000,8010,0.08099089989888776,0.04475134015083313,0.0013242053100839257,8.767273434941411e-07
sft_full_seed2,full,2,30000,8020,0.08109201213346814,0.04850060939788818,0.0010340544395148754,8.7636472930979e-07
sft_full_seed2,full,2,30000,8030,0.08119312436804853,0.06317639350891113,0.02279340662062168,8.760016578068039e-07
sft_full_seed2,full,2,30000,8040,0.08129423660262892,0.3833374738693237,4.737132985610515e-05,8.756381294263489e-07
sft_full_seed2,full,2,30000,8050,0.08139534883720931,0.13876407146453856,0.9373343586921692,8.752741446101463e-07
sft_full_seed2,full,2,30000,8060,0.08149646107178969,0.07858893871307374,0.15631283819675446,8.749097038004721e-07
sft_full_seed2,full,2,30000,8070,0.08159757330637007,0.4103416442871094,0.00015075401461217552,8.74544807440156e-07
sft_full_seed2,full,2,30000,8080,0.08169868554095046,0.717251968383789,0.2926258146762848,8.741794559725817e-07
sft_full_seed2,full,2,30000,8090,0.08179979777553084,0.01126544624567032,0.002632420277222991,8.738136498416855e-07
sft_full_seed2,full,2,30000,8100,0.08190091001011122,0.39602344036102294,0.00011548170004971325,8.734473894919562e-07
sft_full_seed2,full,2,30000,8110,0.08200202224469161,1.0102227210998536,159.8679962158203,8.730806753684352e-07
sft_full_seed2,full,2,30000,8120,0.08210313447927199,0.756232500076294,0.00010691313946153969,8.727135079167143e-07
sft_full_seed2,full,2,30000,8130,0.08220424671385237,0.13790611028671265,8.507712482241914e-05,8.723458875829367e-07
sft_full_seed2,full,2,30000,8140,0.08230535894843276,0.3212165832519531,0.013464363291859627,8.719778148137958e-07
sft_full_seed2,full,2,30000,8150,0.08240647118301314,0.36130237579345703,2.7416197553975508e-05,8.716092900565347e-07
sft_full_seed2,full,2,30000,8160,0.08250758341759352,0.4191745281219482,6.665299588348716e-05,8.712403137589455e-07
sft_full_seed2,full,2,30000,8170,0.08260869565217391,0.3233429193496704,2.886765832954552e-05,8.708708863693695e-07
sft_full_seed2,full,2,30000,8180,0.08270980788675429,0.0023769695311784745,3.910797386197373e-05,8.705010083366959e-07
sft_full_seed2,full,2,30000,8190,0.08281092012133467,0.22451553344726563,0.0001687583717284724,8.70130680110361e-07
sft_full_seed2,full,2,30000,8200,0.08291203235591507,0.522183609008789,0.00891362875699997,8.697599021403487e-07
sft_full_seed2,full,2,30000,8210,0.08301314459049546,1.2297741889953613,4.318688661442138e-05,8.693886748771894e-07
sft_full_seed2,full,2,30000,8220,0.08311425682507584,0.19576936960220337,3.2391257263952866e-05,8.690169987719591e-07
sft_full_seed2,full,2,30000,8230,0.08321536905965622,0.2931742429733276,5.290828994475305e-05,8.68644874276279e-07
sft_full_seed2,full,2,30000,8240,0.0833164812942366,0.31379625797271726,0.8797898292541504,8.682723018423159e-07
sft_full_seed2,full,2,30000,8250,0.08341759352881699,0.2344288110733032,0.043137580156326294,8.678992819227803e-07
sft_full_seed2,full,2,30000,8260,0.08351870576339737,0.2622698783874512,0.23100878298282623,8.675258149709263e-07
sft_full_seed2,full,2,30000,8270,0.08361981799797776,0.07262780666351318,123.3452377319336,8.671519014405519e-07
sft_full_seed2,full,2,30000,8280,0.08372093023255814,0.2680269956588745,4.969608783721924,8.667775417859971e-07
sft_full_seed2,full,2,30000,8290,0.08382204246713852,0.8053932189941406,1.2821077108383179,8.66402736462144e-07
sft_full_seed2,full,2,30000,8300,0.0839231547017189,0.9919936180114746,147.759033203125,8.660274859244166e-07
sft_full_seed2,full,2,30000,8310,0.08402426693629929,0.11807789802551269,3.868465864798054e-05,8.656517906287798e-07
sft_full_seed2,full,2,30000,8320,0.08412537917087967,0.25449769496917723,0.0004292152007110417,8.652756510317386e-07
sft_full_seed2,full,2,30000,8330,0.08422649140546005,0.04325324296951294,4.250146957929246e-05,8.64899067590338e-07
sft_full_seed2,full,2,30000,8340,0.08432760364004044,0.1993731141090393,4.735180482384749e-05,8.645220407621628e-07
sft_full_seed2,full,2,30000,8350,0.08442871587462084,0.19220736026763915,2.7539168513612822e-05,8.641445710053359e-07
sft_full_seed2,full,2,30000,8360,0.08452982810920122,1.114532133215107e-05,0.000570845790207386,8.637666587785184e-07
sft_full_seed2,full,2,30000,8370,0.0846309403437816,0.8481584548950195,1.239524483680725,8.633883045409096e-07
sft_full_seed2,full,2,30000,8380,0.08473205257836199,0.5107174873352051,4.289531716494821e-05,8.630095087522456e-07
sft_full_seed2,full,2,30000,8390,0.08483316481294237,1.6569883346557617,6.45775580778718e-05,8.626302718727989e-07
sft_full_seed2,full,2,30000,8400,0.08493427704752275,0.3492684602737427,0.09388718008995056,8.62250594363378e-07
sft_full_seed2,full,2,30000,8410,0.08503538928210314,0.46716036796569826,0.009633324109017849,8.61870476685327e-07
sft_full_seed2,full,2,30000,8420,0.08513650151668352,0.5079868793487549,6.924790382385254,8.614899193005246e-07
sft_full_seed2,full,2,30000,8430,0.0852376137512639,0.26899104118347167,36.34062957763672,8.611089226713841e-07
sft_full_seed2,full,2,30000,8440,0.08533872598584429,0.4795705795288086,106.85774993896484,8.607274872608521e-07
sft_full_seed2,full,2,30000,8450,0.08543983822042467,0.7103543758392334,4.5943470468046144e-05,8.603456135324087e-07
sft_full_seed2,full,2,30000,8460,0.08554095045500505,0.030897340178489684,0.0017600863939151168,8.599633019500664e-07
sft_full_seed2,full,2,30000,8470,0.08564206268958544,0.05070669651031494,5.2974733989685774e-05,8.595805529783701e-07
sft_full_seed2,full,2,30000,8480,0.08574317492416582,0.07128668427467347,5.913614749908447,8.591973670823958e-07
sft_full_seed2,full,2,30000,8490,0.0858442871587462,0.3978698968887329,9.526241302490234,8.588137447277502e-07
sft_full_seed2,full,2,30000,8500,0.0859453993933266,0.008400499075651168,3.9269489207072183e-05,8.584296863805708e-07
sft_full_seed2,full,2,30000,8510,0.08604651162790698,0.6768266201019287,16.646482467651367,8.580451925075247e-07
sft_full_seed2,full,2,30000,8520,0.08614762386248737,0.3096682786941528,5.9927002439508215e-05,8.576602635758085e-07
sft_full_seed2,full,2,30000,8530,0.08624873609706775,0.012536054849624634,3.96678333345335e-05,8.572749000531467e-07
sft_full_seed2,full,2,30000,8540,0.08634984833164813,1.0410276412963868,152.59933471679688,8.568891024077924e-07
sft_full_seed2,full,2,30000,8550,0.08645096056622852,0.32041521072387696,0.0057630762457847595,8.565028711085265e-07
sft_full_seed2,full,2,30000,8560,0.0865520728008089,0.8308268547058105,0.03282195329666138,8.561162066246561e-07
sft_full_seed2,full,2,30000,8570,0.08665318503538928,0.3568279504776001,8.677266120910645,8.557291094260151e-07
sft_full_seed2,full,2,30000,8580,0.08675429726996967,0.7967822551727295,103.06138610839844,8.553415799829628e-07
sft_full_seed2,full,2,30000,8590,0.08685540950455005,0.010800787806510925,36.9669075012207,8.549536187663846e-07
sft_full_seed2,full,2,30000,8600,0.08695652173913043,0.08014833927154541,0.0004318469436839223,8.545652262476897e-07
sft_full_seed2,full,2,30000,8610,0.08705763397371082,0.1767994999885559,4.429005639394745e-05,8.541764028988114e-07
sft_full_seed2,full,2,30000,8620,0.0871587462082912,0.22201015949249267,0.0010949147399514914,8.537871491922071e-07
sft_full_seed2,full,2,30000,8630,0.08725985844287158,0.5045299053192138,4.838397944695316e-05,8.533974656008564e-07
sft_full_seed2,full,2,30000,8640,0.08736097067745197,0.0026448721066117285,2.4522132662241347e-05,8.530073525982619e-07
sft_full_seed2,full,2,30000,8650,0.08746208291203236,0.3726970672607422,85.25907135009766,8.526168106584475e-07
sft_full_seed2,full,2,30000,8660,0.08756319514661275,0.00022780250292271377,0.0007234381046146154,8.522258402559585e-07
sft_full_seed2,full,2,30000,8670,0.08766430738119313,0.13523943424224855,4.746718695969321e-05,8.518344418658612e-07
sft_full_seed2,full,2,30000,8680,0.08776541961577351,0.3660158634185791,4.1172581404680386e-05,8.514426159637409e-07
sft_full_seed2,full,2,30000,8690,0.0878665318503539,0.545912504196167,4.273745071259327e-05,8.510503630257034e-07
sft_full_seed2,full,2,30000,8700,0.08796764408493428,0.003111258894205093,0.0006488431245088577,8.50657683528373e-07
sft_full_seed2,full,2,30000,8710,0.08806875631951466,0.7411528110504151,0.3235235810279846,8.502645779488921e-07
sft_full_seed2,full,2,30000,8720,0.08816986855409505,0.1471705436706543,0.0001755531702656299,8.498710467649213e-07
sft_full_seed2,full,2,30000,8730,0.08827098078867543,0.374433708190918,3.40953774866648e-05,8.49477090454638e-07
sft_full_seed2,full,2,30000,8740,0.08837209302325581,0.20930769443511962,2.6653955501387827e-05,8.490827094967363e-07
sft_full_seed2,full,2,30000,8750,0.0884732052578362,0.0017606835812330247,3.124899376416579e-05,8.486879043704262e-07
sft_full_seed2,full,2,30000,8760,0.08857431749241658,0.05871832966804504,0.0825728178024292,8.482926755554332e-07
sft_full_seed2,full,2,30000,8770,0.08867542972699696,0.25466911792755126,0.023449335247278214,8.478970235319974e-07
sft_full_seed2,full,2,30000,8780,0.08877654196157735,0.10324311256408691,0.0002951942151412368,8.475009487808736e-07
sft_full_seed2,full,2,30000,8790,0.08887765419615773,0.3426699161529541,0.4506114721298218,8.471044517833297e-07
sft_full_seed2,full,2,30000,8800,0.08897876643073811,0.05592432618141174,0.8243967890739441,8.467075330211473e-07
sft_full_seed2,full,2,30000,8810,0.08907987866531851,0.020085175335407258,90.91178894042969,8.463101929766196e-07
sft_full_seed2,full,2,30000,8820,0.0891809908998989,0.0458950012922287,5.131897341925651e-05,8.459124321325527e-07
sft_full_seed2,full,2,30000,8830,0.08928210313447928,0.4683743953704834,2.8642974939430133e-05,8.455142509722634e-07
sft_full_seed2,full,2,30000,8840,0.08938321536905966,0.34937028884887694,20.851970672607422,8.451156499795791e-07
sft_full_seed2,full,2,30000,8850,0.08948432760364004,0.4663355827331543,153.08363342285156,8.44716629638838e-07
sft_full_seed2,full,2,30000,8860,0.08958543983822043,0.2856694936752319,7.618466770509258e-05,8.443171904348872e-07
sft_full_seed2,full,2,30000,8870,0.08968655207280081,0.006771805882453919,0.0068389433436095715,8.439173328530828e-07
sft_full_seed2,full,2,30000,8880,0.0897876643073812,0.14300836324691774,0.00010737937554949895,8.4351705737929e-07
sft_full_seed2,full,2,30000,8890,0.08988877654196158,0.23670651912689208,4.8012894694693387e-05,8.431163644998806e-07
sft_full_seed2,full,2,30000,8900,0.08998988877654196,0.0009008537977933884,0.00012849413906224072,8.427152547017349e-07
sft_full_seed2,full,2,30000,8910,0.09009100101112234,0.5542452335357666,196.31927490234375,8.423137284722388e-07
sft_full_seed2,full,2,30000,8920,0.09019211324570273,0.7352938652038574,6.01078754698392e-05,8.419117862992844e-07
sft_full_seed2,full,2,30000,8930,0.09029322548028311,0.9083802223205566,4.698080738307908e-05,8.415094286712694e-07
sft_full_seed2,full,2,30000,8940,0.09039433771486349,0.001281503029167652,0.004780597053468227,8.411066560770964e-07
sft_full_seed2,full,2,30000,8950,0.09049544994944388,0.4007872104644775,4.1048736572265625,8.40703469006172e-07
sft_full_seed2,full,2,30000,8960,0.09059656218402427,0.00654483512043953,0.9465909600257874,8.402998679484067e-07
sft_full_seed2,full,2,30000,8970,0.09069767441860466,0.8661466598510742,111.52828216552734,8.398958533942135e-07
sft_full_seed2,full,2,30000,8980,0.09079878665318504,0.26319563388824463,3.2730953535065055e-05,8.394914258345083e-07
sft_full_seed2,full,2,30000,8990,0.09089989888776542,0.8168798446655273,135.80723571777344,8.390865857607088e-07
sft_full_seed2,full,2,30000,9000,0.0910010111223458,0.15366678237915038,0.0003398022090550512,8.386813336647338e-07
sft_full_seed2,full,2,30000,9010,0.09110212335692619,6.04446919169277e-05,0.00019300026178825647,8.382756700390029e-07
sft_full_seed2,full,2,30000,9020,0.09120323559150657,0.033574041724205014,3.762998676393181e-05,8.378695953764355e-07
sft_full_seed2,full,2,30000,9030,0.09130434782608696,0.18707324266433717,0.0003984523646067828,8.374631101704508e-07
sft_full_seed2,full,2,30000,9040,0.09140546006066734,0.12075930833816528,3.915828710887581e-05,8.370562149149665e-07
sft_full_seed2,full,2,30000,9050,0.09150657229524772,0.7184121608734131,120.78509521484375,8.366489101043988e-07
sft_full_seed2,full,2,30000,9060,0.0916076845298281,0.7945773601531982,3.069321974180639e-05,8.362411962336613e-07
sft_full_seed2,full,2,30000,9070,0.09170879676440849,1.4184009341988712e-05,3.0195724320947193e-05,8.35833073798165e-07
sft_full_seed2,full,2,30000,9080,0.09180990899898887,0.05769401788711548,67.03570556640625,8.35424543293817e-07
sft_full_seed2,full,2,30000,9090,0.09191102123356926,0.5667971134185791,3.876338814734481e-05,8.350156052170205e-07
sft_full_seed2,full,2,30000,9100,0.09201213346814964,1.5378426551818847,4.230731792631559e-05,8.346062600646737e-07
sft_full_seed2,full,2,30000,9110,0.09211324570273004,0.8694835662841797,0.006505867000669241,8.341965083341696e-07
sft_full_seed2,full,2,30000,9120,0.09221435793731042,0.326845645904541,3.6758643545908853e-05,8.337863505233953e-07
sft_full_seed2,full,2,30000,9130,0.0923154701718908,0.1555989623069763,92.3918685913086,8.333757871307309e-07
sft_full_seed2,full,2,30000,9140,0.09241658240647119,0.18678113222122192,0.029071468859910965,8.329648186550499e-07
sft_full_seed2,full,2,30000,9150,0.09251769464105157,0.9049187660217285,114.9000473022461,8.325534455957179e-07
sft_full_seed2,full,2,30000,9160,0.09261880687563195,0.5546683311462403,0.8803455829620361,8.321416684525916e-07
sft_full_seed2,full,2,30000,9170,0.09271991911021234,0.46520538330078126,106.70536041259766,8.317294877260193e-07
sft_full_seed2,full,2,30000,9180,0.09282103134479272,0.00984477549791336,31.39992332458496,8.313169039168393e-07
sft_full_seed2,full,2,30000,9190,0.0929221435793731,0.023156404495239258,0.16440615057945251,8.309039175263799e-07
sft_full_seed2,full,2,30000,9200,0.09302325581395349,0.7156529903411866,3.215858669136651e-05,8.304905290564585e-07
sft_full_seed2,full,2,30000,9210,0.09312436804853387,0.018394634127616882,0.004558299668133259,8.300767390093812e-07
sft_full_seed2,full,2,30000,9220,0.09322548028311425,0.09369486570358276,0.004011776763945818,8.296625478879416e-07
sft_full_seed2,full,2,30000,9230,0.09332659251769464,0.8340983390808105,112.3914566040039,8.292479561954213e-07
sft_full_seed2,full,2,30000,9240,0.09342770475227502,0.2180835247039795,7.632943743374199e-05,8.288329644355882e-07
sft_full_seed2,full,2,30000,9250,0.0935288169868554,0.24767673015594482,0.194185271859169,8.284175731126963e-07
sft_full_seed2,full,2,30000,9260,0.09362992922143579,0.6171549797058106,86.6526870727539,8.280017827314853e-07
sft_full_seed2,full,2,30000,9270,0.09373104145601618,0.1913886308670044,90.32833099365234,8.275855937971798e-07
sft_full_seed2,full,2,30000,9280,0.09383215369059657,0.8877757072448731,3.294888301752508e-05,8.271690068154886e-07
sft_full_seed2,full,2,30000,9290,0.09393326592517695,0.3421074867248535,182.37930297851562,8.26752022292604e-07
sft_full_seed2,full,2,30000,9300,0.09403437815975733,0.08769174218177796,0.2175736427307129,8.263346407352016e-07
sft_full_seed2,full,2,30000,9310,0.09413549039433772,0.3033673524856567,0.2508677542209625,8.259168626504393e-07
sft_full_seed2,full,2,30000,9320,0.0942366026289181,0.38983080387115476,57.13600540161133,8.254986885459571e-07
sft_full_seed2,full,2,30000,9330,0.09433771486349848,0.5452910423278808,9.50695514678955,8.250801189298758e-07
sft_full_seed2,full,2,30000,9340,0.09443882709807887,0.43126401901245115,0.0017744197975844145,8.246611543107966e-07
sft_full_seed2,full,2,30000,9350,0.09453993933265925,0.271679949760437,0.00010116696648765355,8.242417951978018e-07
sft_full_seed2,full,2,30000,9360,0.09464105156723963,0.15890270471572876,3.619122799136676e-05,8.238220421004516e-07
sft_full_seed2,full,2,30000,9370,0.09474216380182002,0.5463613033294678,0.00469771446660161,8.234018955287859e-07
sft_full_seed2,full,2,30000,9380,0.0948432760364004,0.001004941202700138,0.8728370070457458,8.229813559933223e-07
sft_full_seed2,full,2,30000,9390,0.09494438827098078,0.3949922800064087,2.6857338525587693e-05,8.225604240050559e-07
sft_full_seed2,full,2,30000,9400,0.09504550050556117,0.3633356332778931,2.4031640350585803e-05,8.22139100075459e-07
sft_full_seed2,full,2,30000,9410,0.09514661274014155,1.1837963104248046,0.02242673933506012,8.217173847164798e-07
sft_full_seed2,full,2,30000,9420,0.09524772497472195,0.6491937160491943,2.510421836632304e-05,8.212952784405422e-07
sft_full_seed2,full,2,30000,9430,0.09534883720930233,0.4227281093597412,0.0008772960864007473,8.208727817605451e-07
sft_full_seed2,full,2,30000,9440,0.09544994944388271,0.3420751094818115,0.07599738240242004,8.204498951898618e-07
sft_full_seed2,full,2,30000,9450,0.0955510616784631,0.26051185131072996,0.01513245515525341,8.200266192423394e-07
sft_full_seed2,full,2,30000,9460,0.09565217391304348,0.3969960451126099,0.3037654459476471,8.196029544322981e-07
sft_full_seed2,full,2,30000,9470,0.09575328614762386,0.3918586730957031,2.4142904294421896e-05,8.191789012745305e-07
sft_full_seed2,full,2,30000,9480,0.09585439838220425,0.7273836612701416,0.0005533240037038922,8.187544602843014e-07
sft_full_seed2,full,2,30000,9490,0.09595551061678463,1.2821882247924805,3.590778214856982e-05,8.183296319773465e-07
sft_full_seed2,full,2,30000,9500,0.09605662285136501,0.3252346754074097,121.3662109375,8.17904416869872e-07
sft_full_seed2,full,2,30000,9510,0.0961577350859454,0.3640268087387085,2.5763387384358793e-05,8.174788154785547e-07
sft_full_seed2,full,2,30000,9520,0.09625884732052578,0.5552489280700683,0.00012158176832599565,8.170528283205402e-07
sft_full_seed2,full,2,30000,9530,0.09635995955510616,0.2442305088043213,0.0003190408169757575,8.166264559134434e-07
sft_full_seed2,full,2,30000,9540,0.09646107178968655,0.28606424331665037,1.4216052293777466,8.161996987753465e-07
sft_full_seed2,full,2,30000,9550,0.09656218402426693,0.8950099945068359,3.8627124013146386e-05,8.157725574248e-07
sft_full_seed2,full,2,30000,9560,0.09666329625884731,0.27296085357666017,34.66568374633789,8.153450323808209e-07
sft_full_seed2,full,2,30000,9570,0.09676440849342771,0.6111673831939697,133.0881805419922,8.149171241628923e-07
sft_full_seed2,full,2,30000,9580,0.0968655207280081,0.4048271179199219,2.203812837600708,8.14488833290963e-07
sft_full_seed2,full,2,30000,9590,0.09696663296258848,0.6377748012542724,52.480438232421875,8.14060160285447e-07
sft_full_seed2,full,2,30000,9600,0.09706774519716886,0.8170560836791992,0.00010609799937810749,8.136311056672223e-07
sft_full_seed2,full,2,30000,9610,0.09716885743174924,0.8876842498779297,0.0044653210788965225,8.132016699576307e-07
sft_full_seed2,full,2,30000,9620,0.09726996966632963,0.6171077728271485,165.58348083496094,8.127718536784771e-07
sft_full_seed2,full,2,30000,9630,0.09737108190091001,0.05873324275016785,0.0008546989993192255,8.123416573520289e-07
sft_full_seed2,full,2,30000,9640,0.0974721941354904,0.3105846166610718,0.008019191212952137,8.119110815010151e-07
sft_full_seed2,full,2,30000,9650,0.09757330637007078,0.4833961009979248,0.9998602271080017,8.11480126648626e-07
sft_full_seed2,full,2,30000,9660,0.09767441860465116,0.2610085248947144,0.0003004402678925544,8.110487933185121e-07
sft_full_seed2,full,2,30000,9670,0.09777553083923154,0.13202948570251466,0.7132965922355652,8.106170820347847e-07
sft_full_seed2,full,2,30000,9680,0.09787664307381193,0.01925981491804123,0.004188352730125189,8.101849933220132e-07
sft_full_seed2,full,2,30000,9690,0.09797775530839231,0.12120567560195923,3.738403756869957e-05,8.097525277052263e-07
sft_full_seed2,full,2,30000,9700,0.0980788675429727,0.18019484281539916,4.169833118794486e-05,8.093196857099105e-07
sft_full_seed2,full,2,30000,9710,0.09817997977755308,0.19935420751571656,4.597459337674081e-05,8.088864678620096e-07
sft_full_seed2,full,2,30000,9720,0.09828109201213346,0.052174723148345946,0.0006742104305885732,8.084528746879242e-07
sft_full_seed2,full,2,30000,9730,0.09838220424671386,0.10171031951904297,0.0017064851708710194,8.080189067145106e-07
sft_full_seed2,full,2,30000,9740,0.09848331648129424,0.197685170173645,110.29936218261719,8.075845644690813e-07
sft_full_seed2,full,2,30000,9750,0.09858442871587463,0.057404690980911256,3.1922383641358465e-05,8.071498484794029e-07
sft_full_seed2,full,2,30000,9760,0.09868554095045501,1.0345361709594727,142.91290283203125,8.067147592736962e-07
sft_full_seed2,full,2,30000,9770,0.09878665318503539,0.4628747940063477,3.178268525516614e-05,8.062792973806356e-07
sft_full_seed2,full,2,30000,9780,0.09888776541961578,0.2335033416748047,3.7416939449030906e-05,8.058434633293485e-07
sft_full_seed2,full,2,30000,9790,0.09898887765419616,0.44083609580993655,0.00011602746963035315,8.054072576494142e-07
sft_full_seed2,full,2,30000,9800,0.09908998988877654,0.6616080284118653,0.00018716212071012706,8.049706808708639e-07
sft_full_seed2,full,2,30000,9810,0.09919110212335693,0.30003671646118163,6.310070602921769e-05,8.045337335241793e-07
sft_full_seed2,full,2,30000,9820,0.09929221435793731,0.004223841056227684,0.00022927919053472579,8.040964161402931e-07
sft_full_seed2,full,2,30000,9830,0.09939332659251769,0.3917763471603394,4.8982634325511754e-05,8.036587292505868e-07
sft_full_seed2,full,2,30000,9840,0.09949443882709808,0.5380112648010253,0.0004833623534068465,8.032206733868911e-07
sft_full_seed2,full,2,30000,9850,0.09959555106167846,0.18898506164550782,157.66542053222656,8.027822490814857e-07
sft_full_seed2,full,2,30000,9860,0.09969666329625884,0.002655218914151192,3.156758612021804e-05,8.023434568670971e-07
sft_full_seed2,full,2,30000,9870,0.09979777553083923,0.13370065689086913,3.3236836316064e-05,8.019042972768991e-07
sft_full_seed2,full,2,30000,9880,0.09989888776541962,0.2390164852142334,17.3873348236084,8.014647708445124e-07
sft_full_seed2,full,2,30000,9890,0.1,0.6221523284912109,118.5500717163086,8.010248781040027e-07
sft_full_seed2,full,2,30000,9900,0.10010111223458039,0.7339930057525634,115.99142456054688,8.005846195898813e-07
sft_full_seed2,full,2,30000,9910,0.10020222446916077,0.517090892791748,4.218706089886837e-05,8.001439958371039e-07
sft_full_seed2,full,2,30000,9920,0.10030333670374116,0.6883872032165528,5.710498953703791e-05,7.997030073810698e-07
sft_full_seed2,full,2,30000,9930,0.10040444893832154,0.4545919418334961,127.376708984375,7.992616547576217e-07
sft_full_seed2,full,2,30000,9940,0.10050556117290192,0.367421555519104,0.0021676819305866957,7.988199385030444e-07
sft_full_seed2,full,2,30000,9950,0.1006066734074823,0.027545487880706786,3.286730861873366e-05,7.98377859154065e-07
sft_full_seed2,full,2,30000,9960,0.10070778564206269,0.2429377555847168,9.07850456237793,7.979354172478515e-07
sft_full_seed2,full,2,30000,9970,0.10080889787664307,0.3611749649047852,0.3055823743343353,7.974926133220126e-07
sft_full_seed2,full,2,30000,9980,0.10091001011122346,0.7519795417785644,158.97300720214844,7.970494479145967e-07
sft_full_seed2,full,2,30000,9990,0.10101112234580384,0.13347786664962769,60.92173385620117,7.966059215640918e-07
sft_full_seed2,full,2,30000,10000,0.10111223458038422,1.1362714767456055,119.3456802368164,7.96162034809424e-07
sft_full_seed2,full,2,30000,10010,0.1012133468149646,0.6211028575897217,8.849122241372243e-05,7.957177881899577e-07
sft_full_seed2,full,2,30000,10020,0.10131445904954499,0.746769380569458,1.378290057182312,7.952731822454943e-07
sft_full_seed2,full,2,30000,10030,0.10141557128412539,0.45436868667602537,0.10947408527135849,7.948282175162722e-07
sft_full_seed2,full,2,30000,10040,0.10151668351870577,1.5971246719360352,118.1456298828125,7.943828945429651e-07
sft_full_seed2,full,2,30000,10050,0.10161779575328615,0.24196867942810057,104.49833679199219,7.939372138666827e-07
sft_full_seed2,full,2,30000,10060,0.10171890798786654,0.9081658363342285,5.30027961730957,7.934911760289691e-07
sft_full_seed2,full,2,30000,10070,0.10182002022244692,0.039665594696998596,0.00935621839016676,7.930447815718021e-07
sft_full_seed2,full,2,30000,10080,0.1019211324570273,0.002138880454003811,4.310439109802246,7.925980310375932e-07
sft_full_seed2,full,2,30000,10090,0.10202224469160769,0.21709487438201905,118.78194427490234,7.921509249691864e-07
sft_full_seed2,full,2,30000,10100,0.10212335692618807,0.2750189542770386,0.0028638525400310755,7.917034639098577e-07
sft_full_seed2,full,2,30000,10110,0.10222446916076845,0.30919084548950193,137.28367614746094,7.912556484033146e-07
sft_full_seed2,full,2,30000,10120,0.10232558139534884,0.015456458926200867,0.04631821811199188,7.908074789936951e-07
sft_full_seed2,full,2,30000,10130,0.10242669362992922,0.19376327991485595,2.4039156436920166,7.903589562255672e-07
sft_full_seed2,full,2,30000,10140,0.1025278058645096,1.2849599838256835,98.0550537109375,7.899100806439285e-07
sft_full_seed2,full,2,30000,10150,0.10262891809908999,0.2660820960998535,0.1871940940618515,7.894608527942049e-07
sft_full_seed2,full,2,30000,10160,0.10273003033367037,0.4626622200012207,4.062227890244685e-05,7.890112732222509e-07
sft_full_seed2,full,2,30000,10170,0.10283114256825075,0.0014280585572123527,0.038266874849796295,7.88561342474348e-07
sft_full_seed2,full,2,30000,10180,0.10293225480283114,0.4301608085632324,3.290174208814278e-05,7.881110610972044e-07
sft_full_seed2,full,2,30000,10190,0.10303336703741153,0.06722387671470642,0.006005194038152695,7.876604296379543e-07
sft_full_seed2,full,2,30000,10200,0.10313447927199192,0.07591643929481506,4.150979293626733e-05,7.872094486441578e-07
sft_full_seed2,full,2,30000,10210,0.1032355915065723,0.5390278816223144,8.521777153015137,7.86758118663799e-07
sft_full_seed2,full,2,30000,10220,0.10333670374115268,0.6274205207824707,82.65997314453125,7.863064402452866e-07
sft_full_seed2,full,2,30000,10230,0.10343781597573307,0.7627498149871826,4.999569136998616e-05,7.858544139374523e-07
sft_full_seed2,full,2,30000,10240,0.10353892821031345,0.07148879766464233,129.29054260253906,7.854020402895507e-07
sft_full_seed2,full,2,30000,10250,0.10364004044489383,0.7164608478546143,0.005576201714575291,7.849493198512587e-07
sft_full_seed2,full,2,30000,10260,0.10374115267947422,0.4544075489044189,4.333159085945226e-05,7.844962531726739e-07
sft_full_seed2,full,2,30000,10270,0.1038422649140546,0.29751787185668943,1.7322062253952026,7.840428408043154e-07
sft_full_seed2,full,2,30000,10280,0.10394337714863498,0.27069673538208006,0.20215794444084167,7.835890832971217e-07
sft_full_seed2,full,2,30000,10290,0.10404448938321537,0.1963225245475769,0.002247955184429884,7.831349812024512e-07
sft_full_seed2,full,2,30000,10300,0.10414560161779575,0.009433148801326752,0.00020006591512355953,7.826805350720807e-07
sft_full_seed2,full,2,30000,10310,0.10424671385237613,0.5968991279602051,158.2012481689453,7.822257454582048e-07
sft_full_seed2,full,2,30000,10320,0.10434782608695652,0.1847418189048767,3.083587216679007e-05,7.817706129134363e-07
sft_full_seed2,full,2,30000,10330,0.1044489383215369,0.0008117832243442535,0.007590064778923988,7.813151379908037e-07
sft_full_seed2,full,2,30000,10340,0.1045500505561173,0.3861875534057617,3.1553016015095636e-05,7.808593212437522e-07
sft_full_seed2,full,2,30000,10350,0.10465116279069768,0.7399864196777344,195.53553771972656,7.80403163226142e-07
sft_full_seed2,full,2,30000,10360,0.10475227502527806,0.8877676963806153,152.5665283203125,7.799466644922483e-07
sft_full_seed2,full,2,30000,10370,0.10485338725985845,0.027049455046653747,0.005014254245907068,7.794898255967602e-07
sft_full_seed2,full,2,30000,10380,0.10495449949443883,0.41645288467407227,126.62396240234375,7.790326470947794e-07
sft_full_seed2,full,2,30000,10390,0.10505561172901921,0.12965850830078124,76.06838989257812,7.785751295418216e-07
sft_full_seed2,full,2,30000,10400,0.1051567239635996,0.047535631060600284,0.11459837108850479,7.781172734938135e-07
sft_full_seed2,full,2,30000,10410,0.10525783619817998,0.5441219329833984,3.955491411034018e-05,7.776590795070932e-07
sft_full_seed2,full,2,30000,10420,0.10535894843276036,0.001418972574174404,0.020518625155091286,7.772005481384099e-07
sft_full_seed2,full,2,30000,10430,0.10546006066734075,0.029661205410957337,0.17445458471775055,7.767416799449222e-07
sft_full_seed2,full,2,30000,10440,0.10556117290192113,0.30306329727172854,34.540252685546875,7.762824754841984e-07
sft_full_seed2,full,2,30000,10450,0.10566228513650151,0.2901113271713257,3.9981823647394776e-05,7.758229353142152e-07
sft_full_seed2,full,2,30000,10460,0.1057633973710819,0.013105681538581848,2.899371065723244e-05,7.75363059993357e-07
sft_full_seed2,full,2,30000,10470,0.10586450960566228,8.636293932795525e-05,0.17962534725666046,7.74902850080416e-07
sft_full_seed2,full,2,30000,10480,0.10596562184024266,0.27502100467681884,3.670775186037645e-05,7.744423061345905e-07
sft_full_seed2,full,2,30000,10490,0.10606673407482306,0.16678823232650758,0.0008271558908745646,7.739814287154849e-07
sft_full_seed2,full,2,30000,10500,0.10616784630940344,7.396751316264271e-05,2.3342114218394272e-05,7.735202183831084e-07
sft_full_seed2,full,2,30000,10510,0.10626895854398383,0.1513493299484253,0.0015379447722807527,7.730586756978756e-07
sft_full_seed2,full,2,30000,10520,0.10637007077856421,0.42109203338623047,115.73262786865234,7.725968012206039e-07
sft_full_seed2,full,2,30000,10530,0.1064711830131446,0.23646678924560546,84.9670639038086,7.721345955125146e-07
sft_full_seed2,full,2,30000,10540,0.10657229524772498,0.5629666328430176,0.0002493854844942689,7.716720591352311e-07
sft_full_seed2,full,2,30000,10550,0.10667340748230536,0.26892430782318116,0.0015855516539886594,7.712091926507787e-07
sft_full_seed2,full,2,30000,10560,0.10677451971688574,0.6811436176300049,218.9551544189453,7.707459966215839e-07
sft_full_seed2,full,2,30000,10570,0.10687563195146613,0.45903816223144533,0.1648522913455963,7.702824716104735e-07
sft_full_seed2,full,2,30000,10580,0.10697674418604651,0.6334485054016114,3.510789974825457e-05,7.698186181806743e-07
sft_full_seed2,full,2,30000,10590,0.1070778564206269,0.1906603217124939,212.81590270996094,7.693544368958116e-07
sft_full_seed2,full,2,30000,10600,0.10717896865520728,0.22526876926422118,185.6731414794922,7.688899283199096e-07
sft_full_seed2,full,2,30000,10610,0.10728008088978766,0.08138587474822997,2.7340281009674072,7.684250930173901e-07
sft_full_seed2,full,2,30000,10620,0.10738119312436804,0.05732336640357971,2.8241951440577395e-05,7.679599315530717e-07
sft_full_seed2,full,2,30000,10630,0.10748230535894843,0.00016872582491487265,0.3394206166267395,7.674944444921695e-07
sft_full_seed2,full,2,30000,10640,0.10758341759352881,0.8104138374328613,0.0003278226649854332,7.670286324002942e-07
sft_full_seed2,full,2,30000,10650,0.10768452982810921,0.4549709320068359,2.8235363060957752e-05,7.665624958434514e-07
sft_full_seed2,full,2,30000,10660,0.10778564206268959,0.7099206924438477,2.6839461497729644e-05,7.660960353880409e-07
sft_full_seed2,full,2,30000,10670,0.10788675429726997,6.155080336611718e-06,2.8834907425334677e-05,7.656292516008562e-07
sft_full_seed2,full,2,30000,10680,0.10798786653185036,0.5538163185119629,141.35183715820312,7.651621450490837e-07
sft_full_seed2,full,2,30000,10690,0.10808897876643074,0.09131172895431519,0.0023186765611171722,7.646947163003016e-07
sft_full_seed2,full,2,30000,10700,0.10819009100101112,0.8042621612548828,99.81324768066406,7.642269659224803e-07
sft_full_seed2,full,2,30000,10710,0.10829120323559151,0.5709018230438232,0.0043130661360919476,7.637588944839802e-07
sft_full_seed2,full,2,30000,10720,0.10839231547017189,1.3934213638305664,127.2542953491211,7.632905025535528e-07
sft_full_seed2,full,2,30000,10730,0.10849342770475227,0.4192309856414795,5.196097117732279e-05,7.628217907003378e-07
sft_full_seed2,full,2,30000,10740,0.10859453993933266,0.17722100019454956,4.393491326482035e-05,7.623527594938648e-07
sft_full_seed2,full,2,30000,10750,0.10869565217391304,0.5376783847808838,6.225721881492063e-05,7.618834095040507e-07
sft_full_seed2,full,2,30000,10760,0.10879676440849342,0.24031872749328614,44.32362747192383,7.614137413012e-07
sft_full_seed2,full,2,30000,10770,0.10889787664307381,0.16087301969528198,0.041039228439331055,7.609437554560041e-07
sft_full_seed2,full,2,30000,10780,0.10899898887765419,0.5649955749511719,87.67564392089844,7.604734525395398e-07
sft_full_seed2,full,2,30000,10790,0.10910010111223457,0.0758559226989746,136.37820434570312,7.600028331232697e-07
sft_full_seed2,full,2,30000,10800,0.10920121334681497,0.26324141025543213,153.17941284179688,7.595318977790407e-07
sft_full_seed2,full,2,30000,10810,0.10930232558139535,0.21133131980895997,42.68272399902344,7.590606470790835e-07
sft_full_seed2,full,2,30000,10820,0.10940343781597574,0.11480317115783692,19.455402374267578,7.585890815960124e-07
sft_full_seed2,full,2,30000,10830,0.10950455005055612,0.0783780574798584,0.00021618434402626008,7.581172019028236e-07
sft_full_seed2,full,2,30000,10840,0.1096056622851365,0.7012578010559082,0.0018118118168786168,7.576450085728958e-07
sft_full_seed2,full,2,30000,10850,0.10970677451971689,0.36688828468322754,6.801088602514938e-05,7.571725021799884e-07
sft_full_seed2,full,2,30000,10860,0.10980788675429727,0.1584174156188965,2.0048990336363204e-05,7.566996832982408e-07
sft_full_seed2,full,2,30000,10870,0.10990899898887765,0.19001144170761108,0.0012323509436100721,7.562265525021729e-07
sft_full_seed2,full,2,30000,10880,0.11001011122345804,0.22153806686401367,136.55728149414062,7.557531103666832e-07
sft_full_seed2,full,2,30000,10890,0.11011122345803842,0.21350436210632323,0.0013115683104842901,7.552793574670484e-07
sft_full_seed2,full,2,30000,10900,0.1102123356926188,0.5104470729827881,168.9590606689453,7.548052943789229e-07
sft_full_seed2,full,2,30000,10910,0.11031344792719919,0.0006151149515062571,0.019507160410284996,7.543309216783384e-07
sft_full_seed2,full,2,30000,10920,0.11041456016177957,0.7382475376129151,0.0065959785133600235,7.53856239941702e-07
sft_full_seed2,full,2,30000,10930,0.11051567239635995,0.40708398818969727,155.5671844482422,7.533812497457971e-07
sft_full_seed2,full,2,30000,10940,0.11061678463094034,0.38343985080718995,3.072710751439445e-05,7.529059516677814e-07
sft_full_seed2,full,2,30000,10950,0.11071789686552073,0.6845142841339111,7.483283843612298e-05,7.52430346285187e-07
sft_full_seed2,full,2,30000,10960,0.11081900910010112,0.45773987770080565,170.13299560546875,7.519544341759192e-07
sft_full_seed2,full,2,30000,10970,0.1109201213346815,0.25257585048675535,2.902448977692984e-05,7.514782159182561e-07
sft_full_seed2,full,2,30000,10980,0.11102123356926188,0.43434934616088866,3.1590113639831543,7.51001692090848e-07
sft_full_seed2,full,2,30000,10990,0.11112234580384227,0.006722220033407211,0.0024630760308355093,7.505248632727158e-07
sft_full_seed2,full,2,30000,11000,0.11122345803842265,0.080038183927536,3.1653704354539514e-05,7.50047730043252e-07
sft_full_seed2,full,2,30000,11010,0.11132457027300303,0.18064336776733397,6.50967264175415,7.495702929822181e-07
sft_full_seed2,full,2,30000,11020,0.11142568250758342,0.35029656887054444,0.011823799461126328,7.490925526697454e-07
sft_full_seed2,full,2,30000,11030,0.1115267947421638,0.08777551054954529,9.41044807434082,7.486145096863334e-07
sft_full_seed2,full,2,30000,11040,0.11162790697674418,0.00391855239868164,2.6867475753533654e-05,7.48136164612849e-07
sft_full_seed2,full,2,30000,11050,0.11172901921132457,0.2808581590652466,0.0012284995755180717,7.47657518030527e-07
sft_full_seed2,full,2,30000,11060,0.11183013144590495,0.20774431228637696,0.0040227677673101425,7.471785705209681e-07
sft_full_seed2,full,2,30000,11070,0.11193124368048533,0.10337109565734863,2.1019877749495208e-05,7.466993226661386e-07
sft_full_seed2,full,2,30000,11080,0.11203235591506572,0.001112729962915182,0.6384289264678955,7.462197750483698e-07
sft_full_seed2,full,2,30000,11090,0.1121334681496461,0.3255638837814331,8.869045996107161e-05,7.457399282503573e-07
sft_full_seed2,full,2,30000,11100,0.1122345803842265,0.49378247261047364,0.0017588345799595118,7.452597828551603e-07
sft_full_seed2,full,2,30000,11110,0.11233569261880688,0.023399090766906737,0.0008720258483663201,7.447793394462005e-07
sft_full_seed2,full,2,30000,11120,0.11243680485338726,0.39862585067749023,136.6016845703125,7.442985986072623e-07
sft_full_seed2,full,2,30000,11130,0.11253791708796765,0.0005357749760150909,3.6248362448532134e-05,7.438175609224907e-07
sft_full_seed2,full,2,30000,11140,0.11263902932254803,0.3317058563232422,3.5042405215790495e-05,7.433362269763923e-07
sft_full_seed2,full,2,30000,11150,0.11274014155712841,0.0031009715050458906,0.00023518112720921636,7.428545973538328e-07
sft_full_seed2,full,2,30000,11160,0.1128412537917088,0.011063654720783234,0.6431457996368408,7.42372672640038e-07
sft_full_seed2,full,2,30000,11170,0.11294236602628918,0.28515100479125977,16.483102798461914,7.418904534205916e-07
sft_full_seed2,full,2,30000,11180,0.11304347826086956,0.3500328779220581,0.0003295142378192395,7.414079402814355e-07
sft_full_seed2,full,2,30000,11190,0.11314459049544995,0.2720939636230469,91.8943099975586,7.409251338088687e-07
sft_full_seed2,full,2,30000,11200,0.11324570273003033,0.0873985767364502,204.5503692626953,7.404420345895465e-07
sft_full_seed2,full,2,30000,11210,0.11334681496461071,0.3480220317840576,0.18743708729743958,7.399586432104803e-07
sft_full_seed2,full,2,30000,11220,0.1134479271991911,0.38918826580047605,2.639011654537171e-05,7.394749602590358e-07
sft_full_seed2,full,2,30000,11230,0.11354903943377148,0.08600295782089233,3.480108716757968e-05,7.389909863229336e-07
sft_full_seed2,full,2,30000,11240,0.11365015166835186,0.5419754981994629,2.6840032660402358e-05,7.385067219902476e-07
sft_full_seed2,full,2,30000,11250,0.11375126390293225,0.6167429924011231,141.8588409423828,7.380221678494048e-07
sft_full_seed2,full,2,30000,11260,0.11385237613751265,0.6140416145324707,3.195895260432735e-05,7.375373244891839e-07
sft_full_seed2,full,2,30000,11270,0.11395348837209303,0.5131008625030518,4.5734366722172126e-05,7.370521924987154e-07
sft_full_seed2,full,2,30000,11280,0.11405460060667341,0.14842225313186647,74.3810806274414,7.365667724674806e-07
sft_full_seed2,full,2,30000,11290,0.1141557128412538,0.2390676259994507,110.99566650390625,7.360810649853104e-07
sft_full_seed2,full,2,30000,11300,0.11425682507583418,0.4667224884033203,3.5444718378130347e-05,7.355950706423852e-07
sft_full_seed2,full,2,30000,11310,0.11435793731041456,0.5924447536468506,0.00014032120816409588,7.35108790029234e-07
sft_full_seed2,full,2,30000,11320,0.11445904954499495,0.11773809194564819,0.2005643993616104,7.346222237367338e-07
sft_full_seed2,full,2,30000,11330,0.11456016177957533,0.49722857475280763,0.00046292549814097583,7.341353723561081e-07
sft_full_seed2,full,2,30000,11340,0.11466127401415571,0.7289661884307861,4.0738683310337365e-05,7.336482364789276e-07
sft_full_seed2,full,2,30000,11350,0.1147623862487361,5.499356775544584e-05,2.828801007126458e-05,7.331608166971082e-07
sft_full_seed2,full,2,30000,11360,0.11486349848331648,0.27796158790588377,174.3690643310547,7.326731136029107e-07
sft_full_seed2,full,2,30000,11370,0.11496461071789686,0.2708658933639526,4.668934707297012e-05,7.321851277889407e-07
sft_full_seed2,full,2,30000,11380,0.11506572295247725,0.6167429924011231,3.0153381885611452e-05,7.316968598481469e-07
sft_full_seed2,full,2,30000,11390,0.11516683518705763,0.34647948741912843,0.09699069708585739,7.312083103738206e-07
sft_full_seed2,full,2,30000,11400,0.11526794742163801,0.342154335975647,4.1132931073661894e-05,7.307194799595957e-07
sft_full_seed2,full,2,30000,11410,0.11536905965621841,0.8218164443969727,209.6669921875,7.302303691994472e-07
sft_full_seed2,full,2,30000,11420,0.11547017189079879,0.5449063301086425,172.91835021972656,7.297409786876909e-07
sft_full_seed2,full,2,30000,11430,0.11557128412537918,0.052129095792770384,2.1150761313037947e-05,7.292513090189824e-07
sft_full_seed2,full,2,30000,11440,0.11567239635995956,0.3966818809509277,4.076780319213867,7.287613607883163e-07
sft_full_seed2,full,2,30000,11450,0.11577350859453994,0.31904714107513427,0.004501811694353819,7.282711345910262e-07
sft_full_seed2,full,2,30000,11460,0.11587462082912033,0.38443448543548586,0.0034778742119669914,7.277806310227829e-07
sft_full_seed2,full,2,30000,11470,0.11597573306370071,0.27194364070892335,2.5738863769220188e-05,7.272898506795947e-07
sft_full_seed2,full,2,30000,11480,0.11607684529828109,0.46537075042724607,1.001029372215271,7.267987941578058e-07
sft_full_seed2,full,2,30000,11490,0.11617795753286148,0.3767902374267578,265.9778137207031,7.263074620540962e-07
sft_full_seed2,full,2,30000,11500,0.11627906976744186,0.34814891815185545,3.702446338138543e-05,7.258158549654809e-07
sft_full_seed2,full,2,30000,11510,0.11638018200202224,0.8151533126831054,118.53781127929688,7.253239734893088e-07
sft_full_seed2,full,2,30000,11520,0.11648129423660263,0.8178486824035645,7.071095751598477e-05,7.248318182232623e-07
sft_full_seed2,full,2,30000,11530,0.11658240647118301,0.11041053533554077,193.0480499267578,7.243393897653564e-07
sft_full_seed2,full,2,30000,11540,0.11668351870576339,0.3175699234008789,211.68287658691406,7.238466887139379e-07
sft_full_seed2,full,2,30000,11550,0.11678463094034378,0.2089923620223999,3.0261948108673096,7.233537156676853e-07
sft_full_seed2,full,2,30000,11560,0.11688574317492417,0.5210822582244873,0.6275618672370911,7.228604712256074e-07
sft_full_seed2,full,2,30000,11570,0.11698685540950456,0.5512101650238037,0.000547341420315206,7.223669559870426e-07
sft_full_seed2,full,2,30000,11580,0.11708796764408494,0.6130046367645263,0.08452890813350677,7.218731705516584e-07
sft_full_seed2,full,2,30000,11590,0.11718907987866532,0.5475521564483643,5.880957905901596e-05,7.213791155194508e-07
sft_full_seed2,full,2,30000,11600,0.1172901921132457,0.3502171039581299,201.08267211914062,7.20884791490743e-07
sft_full_seed2,full,2,30000,11610,0.11739130434782609,0.00024047577753663063,2.3279662855202332e-05,7.203901990661856e-07
sft_full_seed2,full,2,30000,11620,0.11749241658240647,0.1096375584602356,0.025521840900182724,7.198953388467548e-07
sft_full_seed2,full,2,30000,11630,0.11759352881698686,1.1550193786621095,0.001251877169124782,7.194002114337525e-07
sft_full_seed2,full,2,30000,11640,0.11769464105156724,0.0784176230430603,0.001410679891705513,7.189048174288053e-07
sft_full_seed2,full,2,30000,11650,0.11779575328614762,0.41354880332946775,75.72709655761719,7.184091574338636e-07
sft_full_seed2,full,2,30000,11660,0.117896865520728,0.6879015445709229,4.629904287867248e-05,7.179132320512008e-07
sft_full_seed2,full,2,30000,11670,0.11799797775530839,0.14320555925369263,2.319276609341614e-05,7.174170418834133e-07
sft_full_seed2,full,2,30000,11680,0.11809908998988877,0.11814087629318237,0.00020907454018015414,7.169205875334188e-07
sft_full_seed2,full,2,30000,11690,0.11820020222446916,0.5586545944213868,1.4347306489944458,7.164238696044561e-07
sft_full_seed2,full,2,30000,11700,0.11830131445904954,0.06000999808311462,8.371164585696533e-05,7.159268887000844e-07
sft_full_seed2,full,2,30000,11710,0.11840242669362992,0.025804674625396727,0.001447601243853569,7.154296454241826e-07
sft_full_seed2,full,2,30000,11720,0.11850353892821032,0.17239644527435302,2.584749563538935e-05,7.149321403809477e-07
sft_full_seed2,full,2,30000,11730,0.1186046511627907,0.39913010597229004,0.0002730807173065841,7.144343741748955e-07
sft_full_seed2,full,2,30000,11740,0.11870576339737109,0.00423814058303833,8.963960135588422e-05,7.139363474108588e-07
sft_full_seed2,full,2,30000,11750,0.11880687563195147,0.6731454372406006,364.1823425292969,7.134380606939873e-07
sft_full_seed2,full,2,30000,11760,0.11890798786653185,0.7056365013122559,134.37693786621094,7.129395146297459e-07
sft_full_seed2,full,2,30000,11770,0.11900910010111224,0.1912338137626648,0.006041650660336018,7.124407098239154e-07
sft_full_seed2,full,2,30000,11780,0.11911021233569262,0.0158115953207016,0.00014610798098146915,7.119416468825908e-07
sft_full_seed2,full,2,30000,11790,0.119211324570273,0.22109851837158204,2.620648047013674e-05,7.114423264121803e-07
sft_full_seed2,full,2,30000,11800,0.11931243680485339,0.40877375602722166,3.189345598220825,7.109427490194055e-07
sft_full_seed2,full,2,30000,11810,0.11941354903943377,0.357216477394104,3.375749656697735e-05,7.104429153113001e-07
sft_full_seed2,full,2,30000,11820,0.11951466127401415,1.8682760128285736e-05,0.021068034693598747,7.099428258952091e-07
sft_full_seed2,full,2,30000,11830,0.11961577350859454,0.3002782821655273,0.0019921238999813795,7.094424813787882e-07
sft_full_seed2,full,2,30000,11840,0.11971688574317492,0.31668365001678467,2.7362151740817353e-05,7.089418823700034e-07
sft_full_seed2,full,2,30000,11850,0.1198179979777553,0.45841312408447266,0.0051806229166686535,7.084410294771297e-07
sft_full_seed2,full,2,30000,11860,0.11991911021233569,0.8881254196166992,135.07806396484375,7.079399233087503e-07
sft_full_seed2,full,2,30000,11870,0.12002022244691608,0.013672678172588349,4.458037074073218e-05,7.074385644737567e-07
sft_full_seed2,full,2,30000,11880,0.12012133468149647,0.4091222286224365,2.568182026152499e-05,7.069369535813472e-07
sft_full_seed2,full,2,30000,11890,0.12022244691607685,0.07132289409637452,1.6395351886749268,7.064350912410259e-07
sft_full_seed2,full,2,30000,11900,0.12032355915065723,0.379715895652771,0.5993821024894714,7.059329780626034e-07
sft_full_seed2,full,2,30000,11910,0.12042467138523762,0.24225265979766847,0.07093799114227295,7.054306146561943e-07
sft_full_seed2,full,2,30000,11920,0.120525783619818,0.15871725082397461,2.547789699747227e-05,7.049280016322176e-07
sft_full_seed2,full,2,30000,11930,0.12062689585439838,0.4188677787780762,12.241958618164062,7.044251396013956e-07
sft_full_seed2,full,2,30000,11940,0.12072800808897877,0.11206773519515992,209.27890014648438,7.039220291747528e-07
sft_full_seed2,full,2,30000,11950,0.12082912032355915,0.13185957670211793,2.6313738999306224e-05,7.034186709636159e-07
sft_full_seed2,full,2,30000,11960,0.12093023255813953,0.000163297017570585,0.0006269652512855828,7.029150655796128e-07
sft_full_seed2,full,2,30000,11970,0.12103134479271992,1.0836806297302246,194.1774139404297,7.024112136346712e-07
sft_full_seed2,full,2,30000,11980,0.1211324570273003,0.5148070812225342,0.00011473261110950261,7.01907115741019e-07
sft_full_seed2,full,2,30000,11990,0.12123356926188068,0.2417302370071411,0.0024147997610270977,7.014027725111825e-07
sft_full_seed2,full,2,30000,12000,0.12133468149646107,0.37842979431152346,0.4346490800380707,7.008981845579865e-07
sft_full_seed2,full,2,30000,12010,0.12143579373104145,0.30455186367034914,166.14788818359375,7.003933524945528e-07
sft_full_seed2,full,2,30000,12020,0.12153690596562185,0.31512539386749266,53.053382873535156,6.998882769342998e-07
sft_full_seed2,full,2,30000,12030,0.12163801820020223,0.09904426336288452,0.03965317830443382,6.993829584909422e-07
sft_full_seed2,full,2,30000,12040,0.12173913043478261,0.7836501598358154,0.0008552380604669452,6.988773977784894e-07
sft_full_seed2,full,2,30000,12050,0.121840242669363,0.6567255973815918,158.15101623535156,6.983715954112453e-07
sft_full_seed2,full,2,30000,12060,0.12194135490394338,0.5435233116149902,11.01907730102539,6.978655520038078e-07
sft_full_seed2,full,2,30000,12070,0.12204246713852376,4.080853977939114e-06,0.008557788096368313,6.973592681710669e-07
sft_full_seed2,full,2,30000,12080,0.12214357937310415,0.11063178777694702,2.4615701477159746e-05,6.968527445282056e-07
sft_full_seed2,full,2,30000,12090,0.12224469160768453,0.3000901460647583,0.00012863444862887263,6.963459816906976e-07
sft_full_seed2,full,2,30000,12100,0.12234580384226491,0.15611435174942018,2.4181341359508224e-05,6.958389802743076e-07
sft_full_seed2,full,2,30000,12110,0.1224469160768453,0.34430131912231443,52.0606803894043,6.953317408950903e-07
sft_full_seed2,full,2,30000,12120,0.12254802831142568,0.02410691827535629,1.0413968563079834,6.94824264169389e-07
sft_full_seed2,full,2,30000,12130,0.12264914054600606,0.26672046184539794,0.00019006608636118472,6.94316550713836e-07
sft_full_seed2,full,2,30000,12140,0.12275025278058645,0.7929954528808594,4.355712735559791e-05,6.938086011453513e-07
sft_full_seed2,full,2,30000,12150,0.12285136501516683,0.0005580665543675423,0.387404203414917,6.93300416081141e-07
sft_full_seed2,full,2,30000,12160,0.12295247724974721,0.4958825588226318,0.04449081793427467,6.927919961386983e-07
sft_full_seed2,full,2,30000,12170,0.1230535894843276,0.59555983543396,157.21600341796875,6.922833419358012e-07
sft_full_seed2,full,2,30000,12180,0.123154701718908,0.05046756267547607,1.0144016742706299,6.917744540905124e-07
sft_full_seed2,full,2,30000,12190,0.12325581395348838,0.27813186645507815,0.0010630935430526733,6.912653332211786e-07
sft_full_seed2,full,2,30000,12200,0.12335692618806876,0.07996410727500916,9.659331321716309,6.907559799464299e-07
sft_full_seed2,full,2,30000,12210,0.12345803842264914,0.1736112952232361,2.230201607744675e-05,6.902463948851786e-07
sft_full_seed2,full,2,30000,12220,0.12355915065722953,0.015165412425994873,2.436871909594629e-05,6.897365786566184e-07
sft_full_seed2,full,2,30000,12230,0.12366026289180991,0.6935600280761719,77.58018493652344,6.89226531880224e-07
sft_full_seed2,full,2,30000,12240,0.1237613751263903,0.2085505962371826,7.920394420623779,6.887162551757506e-07
sft_full_seed2,full,2,30000,12250,0.12386248736097068,0.4007861614227295,6.918959115864709e-05,6.882057491632325e-07
sft_full_seed2,full,2,30000,12260,0.12396359959555106,0.1373912811279297,0.00011804171663243324,6.876950144629823e-07
sft_full_seed2,full,2,30000,12270,0.12406471183013144,0.47931551933288574,0.40284159779548645,6.87184051695591e-07
sft_full_seed2,full,2,30000,12280,0.12416582406471183,0.1487707257270813,0.0013627230655401945,6.866728614819267e-07
sft_full_seed2,full,2,30000,12290,0.12426693629929221,0.28334665298461914,0.01975083351135254,6.861614444431336e-07
sft_full_seed2,full,2,30000,12300,0.1243680485338726,0.2773098945617676,3.43139618053101e-05,6.856498012006318e-07
sft_full_seed2,full,2,30000,12310,0.12446916076845298,0.30790181159973146,211.69400024414062,6.851379323761156e-07
sft_full_seed2,full,2,30000,12320,0.12457027300303336,0.3909662961959839,0.0001370863610645756,6.846258385915545e-07
sft_full_seed2,full,2,30000,12330,0.12467138523761376,0.38374230861663816,0.000143213095725514,6.841135204691901e-07
sft_full_seed2,full,2,30000,12340,0.12477249747219414,0.162011456489563,0.00028814945835620165,6.836009786315377e-07
sft_full_seed2,full,2,30000,12350,0.12487360970677452,0.34303061962127684,2.318469705642201e-05,6.830882137013838e-07
sft_full_seed2,full,2,30000,12360,0.12497472194135491,0.19600887298583985,2.1122452380950563e-05,6.825752263017863e-07
sft_full_seed2,full,2,30000,12370,0.1250758341759353,0.07427538633346557,199.4803009033203,6.82062017056073e-07
sft_full_seed2,full,2,30000,12380,0.12517694641051566,0.20242161750793458,0.35377049446105957,6.815485865878417e-07
sft_full_seed2,full,2,30000,12390,0.12527805864509606,0.023157238960266113,3.2487565476913005e-05,6.810349355209587e-07
sft_full_seed2,full,2,30000,12400,0.12537917087967643,0.2880333423614502,0.14578260481357574,6.805210644795587e-07
sft_full_seed2,full,2,30000,12410,0.12548028311425682,0.5016140937805176,1.883215009002015e-05,6.800069740880432e-07
sft_full_seed2,full,2,30000,12420,0.12558139534883722,0.09728208184242249,2.931655035354197e-05,6.794926649710806e-07
sft_full_seed2,full,2,30000,12430,0.1256825075834176,0.15667401552200316,0.6428689956665039,6.789781377536052e-07
sft_full_seed2,full,2,30000,12440,0.125783619817998,0.6029764175415039,0.001980128698050976,6.784633930608157e-07
sft_full_seed2,full,2,30000,12450,0.12588473205257836,0.32578167915344236,0.2267737239599228,6.779484315181758e-07
sft_full_seed2,full,2,30000,12460,0.12598584428715875,0.564815902709961,0.24548307061195374,6.774332537514121e-07
sft_full_seed2,full,2,30000,12470,0.12608695652173912,0.6500839233398438,181.64956665039062,6.769178603865142e-07
sft_full_seed2,full,2,30000,12480,0.12618806875631952,0.5875342845916748,0.008744223043322563,6.764022520497337e-07
sft_full_seed2,full,2,30000,12490,0.1262891809908999,0.2586198806762695,1.904990858747624e-05,6.758864293675833e-07
sft_full_seed2,full,2,30000,12500,0.1263902932254803,0.005987382307648659,0.578546941280365,6.753703929668362e-07
sft_full_seed2,full,2,30000,12510,0.12649140546006066,1.0787967767100781e-05,2.7395097276894376e-05,6.748541434745253e-07
sft_full_seed2,full,2,30000,12520,0.12659251769464105,0.019374503195285796,0.0012267179554328322,6.743376815179424e-07
sft_full_seed2,full,2,30000,12530,0.12669362992922142,0.6896596908569336,10.50534725189209,6.738210077246376e-07
sft_full_seed2,full,2,30000,12540,0.12679474216380182,0.43026957511901853,255.48585510253906,6.733041227224181e-07
sft_full_seed2,full,2,30000,12550,0.1268958543983822,0.6928591728210449,69.75687408447266,6.727870271393479e-07
sft_full_seed2,full,2,30000,12560,0.1269969666329626,0.005819883942604065,9.188566036755219e-05,6.722697216037469e-07
sft_full_seed2,full,2,30000,12570,0.12709807886754299,0.4517496109008789,140.40289306640625,6.717522067441904e-07
sft_full_seed2,full,2,30000,12580,0.12719919110212335,0.21822888851165773,1.088826298713684,6.712344831895074e-07
sft_full_seed2,full,2,30000,12590,0.12730030333670375,0.22067406177520751,223.06900024414062,6.70716551568781e-07
sft_full_seed2,full,2,30000,12600,0.12740141557128412,0.3417856693267822,6.469686923082918e-05,6.701984125113469e-07
sft_full_seed2,full,2,30000,12610,0.12750252780586452,3.619960625655949e-06,2.1806725271744654e-05,6.69680066646793e-07
sft_full_seed2,full,2,30000,12620,0.1276036400404449,0.3450129270553589,6.030323129380122e-05,6.691615146049583e-07
sft_full_seed2,full,2,30000,12630,0.12770475227502529,0.4187788009643555,60.53885269165039,6.686427570159323e-07
sft_full_seed2,full,2,30000,12640,0.12780586450960565,0.2234328269958496,1.8319511582376435e-05,6.681237945100549e-07
sft_full_seed2,full,2,30000,12650,0.12790697674418605,0.13458456993103027,230.97808837890625,6.676046277179138e-07
sft_full_seed2,full,2,30000,12660,0.12800808897876642,0.16828984022140503,0.0002756754693109542,6.670852572703462e-07
sft_full_seed2,full,2,30000,12670,0.12810920121334682,0.34249491691589357,1.9422266632318497e-05,6.665656837984358e-07
sft_full_seed2,full,2,30000,12680,0.1282103134479272,0.25439109802246096,0.002067886758595705,6.660459079335135e-07
sft_full_seed2,full,2,30000,12690,0.12831142568250758,0.023568151891231535,2.424854574201163e-05,6.655259303071558e-07
sft_full_seed2,full,2,30000,12700,0.12841253791708795,0.1670021653175354,2.3342445274465717e-05,6.650057515511848e-07
sft_full_seed2,full,2,30000,12710,0.12851365015166835,0.4026465892791748,232.46531677246094,6.644853722976667e-07
sft_full_seed2,full,2,30000,12720,0.12861476238624875,0.15868732929229737,0.02123359590768814,6.639647931789112e-07
sft_full_seed2,full,2,30000,12730,0.12871587462082912,0.07135112285614013,0.0015658505726605654,6.634440148274711e-07
sft_full_seed2,full,2,30000,12740,0.12881698685540952,0.28343048095703127,0.00043009198270738125,6.629230378761414e-07
sft_full_seed2,full,2,30000,12750,0.12891809908998988,0.5756767272949219,288.3875732421875,6.62401862957958e-07
sft_full_seed2,full,2,30000,12760,0.12901921132457028,0.22504425048828125,167.8193817138672,6.618804907061975e-07
sft_full_seed2,full,2,30000,12770,0.12912032355915065,0.23753221035003663,2.3917689759400673e-05,6.613589217543764e-07
sft_full_seed2,full,2,30000,12780,0.12922143579373105,0.43378772735595705,0.00013409183884505183,6.608371567362504e-07
sft_full_seed2,full,2,30000,12790,0.12932254802831142,0.2960033416748047,280.51861572265625,6.603151962858129e-07
sft_full_seed2,full,2,30000,12800,0.12942366026289182,0.8149033546447754,2.169852814404294e-05,6.597930410372954e-07
sft_full_seed2,full,2,30000,12810,0.12952477249747218,0.0040354706346988675,0.0003067818470299244,6.592706916251652e-07
sft_full_seed2,full,2,30000,12820,0.12962588473205258,0.4927480220794678,222.2317657470703,6.587481486841267e-07
sft_full_seed2,full,2,30000,12830,0.12972699696663295,0.2875830173492432,4.7760215238668025e-05,6.582254128491184e-07
sft_full_seed2,full,2,30000,12840,0.12982810920121335,0.2250967264175415,0.0036139062140136957,6.577024847553138e-07
sft_full_seed2,full,2,30000,12850,0.12992922143579372,0.6557218074798584,0.7772724032402039,6.5717936503812e-07
sft_full_seed2,full,2,30000,12860,0.13003033367037412,0.2151965618133545,3.115558865829371e-05,6.566560543331765e-07
sft_full_seed2,full,2,30000,12870,0.1301314459049545,0.5717885017395019,2.4091574232443236e-05,6.561325532763553e-07
sft_full_seed2,full,2,30000,12880,0.13023255813953488,0.12138170003890991,7.289610385894775,6.556088625037597e-07
sft_full_seed2,full,2,30000,12890,0.13033367037411528,0.1450595259666443,3.499091326375492e-05,6.55084982651723e-07
sft_full_seed2,full,2,30000,12900,0.13043478260869565,3.0549254734069106e-05,0.0003897368733305484,6.54560914356809e-07
sft_full_seed2,full,2,30000,12910,0.13053589484327605,0.4354051113128662,5.558984412346035e-05,6.540366582558097e-07
sft_full_seed2,full,2,30000,12920,0.13063700707785642,0.6931844711303711,155.38235473632812,6.535122149857459e-07
sft_full_seed2,full,2,30000,12930,0.1307381193124368,0.0013075971975922585,0.9454746842384338,6.529875851838658e-07
sft_full_seed2,full,2,30000,12940,0.13083923154701718,0.4500840187072754,2.6426170734339394e-05,6.524627694876439e-07
sft_full_seed2,full,2,30000,12950,0.13094034378159758,0.0007137821055948734,2.1357996956794523e-05,6.519377685347807e-07
sft_full_seed2,full,2,30000,12960,0.13104145601617795,0.37609679698944093,0.0005787158152088523,6.51412582963202e-07
sft_full_seed2,full,2,30000,12970,0.13114256825075835,0.18576182126998902,174.4717254638672,6.508872134110577e-07
sft_full_seed2,full,2,30000,12980,0.13124368048533872,4.652181232813746e-05,2.2635411369265057e-05,6.503616605167212e-07
sft_full_seed2,full,2,30000,12990,0.1313447927199191,0.48812255859375,264.98638916015625,6.498359249187892e-07
sft_full_seed2,full,2,30000,13000,0.13144590495449948,0.19927018880844116,0.00012864844757132232,6.493100072560797e-07
sft_full_seed2,full,2,30000,13010,0.13154701718907988,0.681123685836792,124.11834716796875,6.487839081676326e-07
sft_full_seed2,full,2,30000,13020,0.13164812942366028,0.0002385917119681835,0.9482776522636414,6.482576282927075e-07
sft_full_seed2,full,2,30000,13030,0.13174924165824065,0.033575034141540526,60.50531005859375,6.477311682707843e-07
sft_full_seed2,full,2,30000,13040,0.13185035389282104,0.8191927909851074,0.0737292543053627,6.472045287415615e-07
sft_full_seed2,full,2,30000,13050,0.1319514661274014,0.20844290256500245,0.2452215850353241,6.466777103449558e-07
sft_full_seed2,full,2,30000,13060,0.1320525783619818,0.5421411991119385,0.0002744919329416007,6.461507137211011e-07
sft_full_seed2,full,2,30000,13070,0.13215369059656218,0.34420821666717527,7.494717283407226e-05,6.456235395103482e-07
sft_full_seed2,full,2,30000,13080,0.13225480283114258,0.8193155288696289,0.012125948444008827,6.450961883532634e-07
sft_full_seed2,full,2,30000,13090,0.13235591506572295,0.5870069980621337,116.66020965576172,6.445686608906282e-07
sft_full_seed2,full,2,30000,13100,0.13245702730030334,0.003359859809279442,7.341921445913613e-05,6.440409577634379e-07
sft_full_seed2,full,2,30000,13110,0.1325581395348837,0.15117928981781006,110.93119812011719,6.435130796129018e-07
sft_full_seed2,full,2,30000,13120,0.1326592517694641,0.041071373224258426,61.83330535888672,6.429850270804416e-07
sft_full_seed2,full,2,30000,13130,0.13276036400404448,0.00369105264544487,5.75876074435655e-05,6.424568008076908e-07
sft_full_seed2,full,2,30000,13140,0.13286147623862488,0.19439592361450195,0.00031803938327357173,6.419284014364943e-07
sft_full_seed2,full,2,30000,13150,0.13296258847320525,0.6183500766754151,8.52919474709779e-05,6.41399829608907e-07
sft_full_seed2,full,2,30000,13160,0.13306370070778564,0.6668589591979981,0.0001126399147324264,6.408710859671938e-07
sft_full_seed2,full,2,30000,13170,0.13316481294236604,0.4575501441955566,56.11873245239258,6.403421711538278e-07
sft_full_seed2,full,2,30000,13180,0.1332659251769464,0.46741485595703125,188.5727996826172,6.398130858114903e-07
sft_full_seed2,full,2,30000,13190,0.1333670374115268,0.022094932198524476,0.00032531641772948205,6.392838305830701e-07
sft_full_seed2,full,2,30000,13200,0.13346814964610718,0.18352073431015015,3.2725536584621295e-05,6.38754406111662e-07
sft_full_seed2,full,2,30000,13210,0.13356926188068757,0.13405041694641112,0.00467074615880847,6.382248130405669e-07
sft_full_seed2,full,2,30000,13220,0.13367037411526794,0.17580772638320924,9.887589840218425e-05,6.376950520132905e-07
sft_full_seed2,full,2,30000,13230,0.13377148634984834,0.5777171134948731,93.5117416381836,6.371651236735417e-07
sft_full_seed2,full,2,30000,13240,0.1338725985844287,0.1017071008682251,2.6110492399311624e-05,6.36635028665234e-07
sft_full_seed2,full,2,30000,13250,0.1339737108190091,7.600701646879316e-05,0.3260630667209625,6.361047676324826e-07
sft_full_seed2,full,2,30000,13260,0.13407482305358948,0.7061601161956788,2.1693127155303955,6.355743412196046e-07
sft_full_seed2,full,2,30000,13270,0.13417593528816987,0.2875353336334229,2.6131097911274992e-05,6.350437500711183e-07
sft_full_seed2,full,2,30000,13280,0.13427704752275024,0.6111515045166016,0.8860878348350525,6.345129948317418e-07
sft_full_seed2,full,2,30000,13290,0.13437815975733064,0.0193531334400177,0.4089207053184509,6.339820761463929e-07
sft_full_seed2,full,2,30000,13300,0.134479271991911,0.35487728118896483,2.288406903971918e-05,6.334509946601878e-07
sft_full_seed2,full,2,30000,13310,0.1345803842264914,0.18363832235336303,2.6331128538004123e-05,6.329197510184405e-07
sft_full_seed2,full,2,30000,13320,0.1346814964610718,0.39796526432037355,2.355341894144658e-05,6.323883458666623e-07
sft_full_seed2,full,2,30000,13330,0.13478260869565217,0.7255495071411133,122.5785903930664,6.318567798505604e-07
sft_full_seed2,full,2,30000,13340,0.13488372093023257,1.7722422853694297e-06,3.127465242869221e-05,6.313250536160377e-07
sft_full_seed2,full,2,30000,13350,0.13498483316481294,0.40270190238952636,0.0036303976085036993,6.307931678091917e-07
sft_full_seed2,full,2,30000,13360,0.13508594539939334,0.5923943042755127,230.46507263183594,6.302611230763138e-07
sft_full_seed2,full,2,30000,13370,0.1351870576339737,0.5474318027496338,2.3745889848214574e-05,6.297289200638887e-07
sft_full_seed2,full,2,30000,13380,0.1352881698685541,0.36694893836975095,0.02865837700664997,6.291965594185929e-07
sft_full_seed2,full,2,30000,13390,0.13538928210313447,0.001782800257205963,6.67460699332878e-05,6.28664041787295e-07
sft_full_seed2,full,2,30000,13400,0.13549039433771487,0.0016499780118465423,2.023816887231078e-05,6.281313678170543e-07
sft_full_seed2,full,2,30000,13410,0.13559150657229524,0.04465229511260986,3.371861748746596e-05,6.275985381551194e-07
sft_full_seed2,full,2,30000,13420,0.13569261880687564,0.11384413242340088,1.9693354261107743e-05,6.270655534489291e-07
sft_full_seed2,full,2,30000,13430,0.135793731041456,0.26669921875,1.9019906176254153e-05,6.265324143461097e-07
sft_full_seed2,full,2,30000,13440,0.1358948432760364,0.5185556411743164,237.0667266845703,6.259991214944757e-07
sft_full_seed2,full,2,30000,13450,0.13599595551061677,0.004457077011466026,0.0009063550969585776,6.254656755420282e-07
sft_full_seed2,full,2,30000,13460,0.13609706774519717,0.006759981065988541,5.1294220611453056e-05,6.249320771369544e-07
sft_full_seed2,full,2,30000,13470,0.13619817997977754,0.46012172698974607,112.86233520507812,6.243983269276263e-07
sft_full_seed2,full,2,30000,13480,0.13629929221435794,0.1857033848762512,184.5130157470703,6.238644255626012e-07
sft_full_seed2,full,2,30000,13490,0.13640040444893833,0.7333380699157714,0.0015343268169090152,6.233303736906193e-07
sft_full_seed2,full,2,30000,13500,0.1365015166835187,0.7586476802825928,1.459949016571045,6.227961719606038e-07
sft_full_seed2,full,2,30000,13510,0.1366026289180991,0.40677704811096194,101.67181396484375,6.222618210216608e-07
sft_full_seed2,full,2,30000,13520,0.13670374115267947,0.3796627283096313,69.20230865478516,6.217273215230766e-07
sft_full_seed2,full,2,30000,13530,0.13680485338725987,0.7508420944213867,0.0008079531835392118,6.211926741143187e-07
sft_full_seed2,full,2,30000,13540,0.13690596562184024,0.008170202374458313,40.65505599975586,6.206578794450339e-07
sft_full_seed2,full,2,30000,13550,0.13700707785642063,0.2735186815261841,3.8675971031188965,6.201229381650485e-07
sft_full_seed2,full,2,30000,13560,0.137108190091001,0.11717479228973389,1.8839298486709595,6.19587850924366e-07
sft_full_seed2,full,2,30000,13570,0.1372093023255814,0.0016562772914767265,0.0003910386294592172,6.190526183731685e-07
sft_full_seed2,full,2,30000,13580,0.13731041456016177,0.2787803888320923,6.883841514587402,6.185172411618137e-07
sft_full_seed2,full,2,30000,13590,0.13741152679474217,0.006720973551273346,2.077194039884489e-05,6.179817199408355e-07
sft_full_seed2,full,2,30000,13600,0.13751263902932254,0.20917668342590331,0.0005047107697464526,6.174460553609425e-07
sft_full_seed2,full,2,30000,13610,0.13761375126390293,0.29378600120544435,2.4547140128561296e-05,6.169102480730179e-07
sft_full_seed2,full,2,30000,13620,0.1377148634984833,0.8317193031311035,3.830303467111662e-05,6.16374298728118e-07
sft_full_seed2,full,2,30000,13630,0.1378159757330637,0.3058518171310425,3.476453275652602e-05,6.158382079774716e-07
sft_full_seed2,full,2,30000,13640,0.1379170879676441,0.6625538349151612,0.0008971216739155352,6.153019764724799e-07
sft_full_seed2,full,2,30000,13650,0.13801820020222447,0.6146764755249023,118.97591400146484,6.147656048647143e-07
sft_full_seed2,full,2,30000,13660,0.13811931243680486,0.05082399845123291,0.33822789788246155,6.142290938059172e-07
sft_full_seed2,full,2,30000,13670,0.13822042467138523,0.05049307346343994,1.2620807886123657,6.13692443948e-07
sft_full_seed2,full,2,30000,13680,0.13832153690596563,0.004381366819143295,2.0044382836204022e-05,6.13155655943043e-07
sft_full_seed2,full,2,30000,13690,0.138422649140546,1.0466215462656691e-05,0.0026541445404291153,6.12618730443294e-07
sft_full_seed2,full,2,30000,13700,0.1385237613751264,0.1827128052711487,4.78383299196139e-05,6.120816681011684e-07
sft_full_seed2,full,2,30000,13710,0.13862487360970677,0.4855626106262207,0.002532064449042082,6.115444695692474e-07
sft_full_seed2,full,2,30000,13720,0.13872598584428716,0.38769328594207764,5.782423496246338,6.110071355002778e-07
sft_full_seed2,full,2,30000,13730,0.13882709807886753,0.2771240472793579,0.002614259021356702,6.104696665471713e-07
sft_full_seed2,full,2,30000,13740,0.13892821031344793,0.6096717834472656,124.86304473876953,6.099320633630035e-07
sft_full_seed2,full,2,30000,13750,0.1390293225480283,0.3087491750717163,2.4114888219628483e-05,6.093943266010128e-07
sft_full_seed2,full,2,30000,13760,0.1391304347826087,1.0467644691467286,0.0002260668989038095,6.088564569145999e-07
sft_full_seed2,full,2,30000,13770,0.13923154701718907,0.6813512802124023,27.514352798461914,6.083184549573273e-07
sft_full_seed2,full,2,30000,13780,0.13933265925176946,0.09625692963600159,0.002547438023611903,6.077803213829183e-07
sft_full_seed2,full,2,30000,13790,0.13943377148634986,0.7321035385131835,7.725794315338135,6.072420568452558e-07
sft_full_seed2,full,2,30000,13800,0.13953488372093023,0.48171486854553225,0.0026477063074707985,6.067036619983821e-07
sft_full_seed2,full,2,30000,13810,0.13963599595551063,0.0020524732768535613,0.0015813254285603762,6.061651374964973e-07
sft_full_seed2,full,2,30000,13820,0.139737108190091,0.3354015827178955,0.0007131329039111733,6.0562648399396e-07
sft_full_seed2,full,2,30000,13830,0.1398382204246714,0.12582874298095703,0.057323068380355835,6.050877021452845e-07
sft_full_seed2,full,2,30000,13840,0.13993933265925176,0.14315086603164673,0.0006990694091655314,6.045487926051419e-07
sft_full_seed2,full,2,30000,13850,0.14004044489383216,0.3923943042755127,2.6394345695734955e-05,6.040097560283579e-07
sft_full_seed2,full,2,30000,13860,0.14014155712841253,0.41484341621398924,0.058219704777002335,6.034705930699129e-07
sft_full_seed2,full,2,30000,13870,0.14024266936299293,0.3160304307937622,0.00037777182296849787,6.029313043849406e-07
sft_full_seed2,full,2,30000,13880,0.1403437815975733,1.0663344383239746,143.87083435058594,6.023918906287278e-07
sft_full_seed2,full,2,30000,13890,0.1404448938321537,0.6219561100006104,0.0629824846982956,6.018523524567129e-07
sft_full_seed2,full,2,30000,13900,0.14054600606673406,0.036300408840179446,0.019512107595801353,6.013126905244857e-07
sft_full_seed2,full,2,30000,13910,0.14064711830131446,0.251039719581604,3.663340976345353e-05,6.007729054877864e-07
sft_full_seed2,full,2,30000,13920,0.14074823053589483,0.027821445465087892,1.9399745464324951,6.002329980025046e-07
sft_full_seed2,full,2,30000,13930,0.14084934277047523,0.01103844866156578,0.0008195967529900372,5.996929687246789e-07
sft_full_seed2,full,2,30000,13940,0.14095045500505562,0.2531832456588745,250.9657745361328,5.991528183104958e-07
sft_full_seed2,full,2,30000,13950,0.141051567239636,0.4221176624298096,4.175479989498854e-05,5.98612547416289e-07
sft_full_seed2,full,2,30000,13960,0.1411526794742164,5.08966448251158e-05,0.0023101763799786568,5.980721566985385e-07
sft_full_seed2,full,2,30000,13970,0.14125379170879676,7.223979337140918e-05,1.9625091226771474e-05,5.975316468138699e-07
sft_full_seed2,full,2,30000,13980,0.14135490394337716,0.006693123281002045,0.007941464893519878,5.969910184190539e-07
sft_full_seed2,full,2,30000,13990,0.14145601617795753,0.20690691471099854,0.010570897720754147,5.964502721710048e-07
sft_full_seed2,full,2,30000,14000,0.14155712841253792,0.3084442138671875,2.1554807972279377e-05,5.959094087267803e-07
sft_full_seed2,full,2,30000,14010,0.1416582406471183,0.9025743484497071,0.00616664020344615,5.953684287435807e-07
sft_full_seed2,full,2,30000,14020,0.1417593528816987,0.5712769031524658,4.796254506800324e-05,5.948273328787473e-07
sft_full_seed2,full,2,30000,14030,0.14186046511627906,7.899316551629454e-06,0.00013854865392204374,5.942861217897631e-07
sft_full_seed2,full,2,30000,14040,0.14196157735085946,0.0007914123125374317,0.0016249953769147396,5.9374479613425e-07
sft_full_seed2,full,2,30000,14050,0.14206268958543983,0.28752970695495605,0.002848442178219557,5.932033565699704e-07
sft_full_seed2,full,2,30000,14060,0.14216380182002022,0.17683990001678468,0.001049893326126039,5.926618037548237e-07
sft_full_seed2,full,2,30000,14070,0.1422649140546006,0.3954920768737793,5.4868894949322566e-05,5.921201383468481e-07
sft_full_seed2,full,2,30000,14080,0.142366026289181,0.027574259042739867,0.030804835259914398,5.915783610042182e-07
sft_full_seed2,full,2,30000,14090,0.1424671385237614,1.2402973175048828,231.113037109375,5.910364723852443e-07
sft_full_seed2,full,2,30000,14100,0.14256825075834176,0.3125142574310303,0.0005013041663914919,5.904944731483723e-07
sft_full_seed2,full,2,30000,14110,0.14266936299292216,0.17143726348876953,5.855875861016102e-05,5.899523639521824e-07
sft_full_seed2,full,2,30000,14120,0.14277047522750252,0.02565264403820038,1.9672339476528578e-05,5.894101454553883e-07
sft_full_seed2,full,2,30000,14130,0.14287158746208292,0.00981319397687912,59.615848541259766,5.888678183168367e-07
sft_full_seed2,full,2,30000,14140,0.1429726996966633,0.1805177092552185,0.00019089643319603056,5.88325383195506e-07
sft_full_seed2,full,2,30000,14150,0.1430738119312437,0.15040754079818724,170.23231506347656,5.877828407505063e-07
sft_full_seed2,full,2,30000,14160,0.14317492416582406,0.03798406720161438,0.5912076830863953,5.872401916410776e-07
sft_full_seed2,full,2,30000,14170,0.14327603640040446,0.07905487418174743,2.561373548815027e-05,5.866974365265901e-07
sft_full_seed2,full,2,30000,14180,0.14337714863498482,0.08596618175506592,1.9540495486580767e-05,5.861545760665419e-07
sft_full_seed2,full,2,30000,14190,0.14347826086956522,0.200484561920166,5.690313264494762e-05,5.856116109205601e-07
sft_full_seed2,full,2,30000,14200,0.1435793731041456,0.0636346697807312,23.828960418701172,5.850685417483982e-07
sft_full_seed2,full,2,30000,14210,0.143680485338726,0.08644180297851563,2.8210586606292054e-05,5.845253692099368e-07
sft_full_seed2,full,2,30000,14220,0.14378159757330636,0.12915413379669188,235.20225524902344,5.839820939651816e-07
sft_full_seed2,full,2,30000,14230,0.14388270980788676,0.7208380222320556,76.5785903930664,5.834387166742632e-07
sft_full_seed2,full,2,30000,14240,0.14398382204246715,0.3173349618911743,0.008523492142558098,5.828952379974363e-07
sft_full_seed2,full,2,30000,14250,0.14408493427704752,0.20226287841796875,207.9419708251953,5.823516585950787e-07
sft_full_seed2,full,2,30000,14260,0.14418604651162792,0.4541745662689209,3.596576425479725e-05,5.818079791276907e-07
sft_full_seed2,full,2,30000,14270,0.1442871587462083,0.645842170715332,1.941421942319721e-05,5.81264200255894e-07
sft_full_seed2,full,2,30000,14280,0.14438827098078869,0.48531408309936525,2.339505434036255,5.807203226404313e-07
sft_full_seed2,full,2,30000,14290,0.14448938321536905,0.9283030509948731,2.2011487089912407e-05,5.801763469421652e-07
sft_full_seed2,full,2,30000,14300,0.14459049544994945,0.36667675971984864,6.304391718003899e-05,5.796322738220773e-07
sft_full_seed2,full,2,30000,14310,0.14469160768452982,0.7693821430206299,0.00028168215067125857,5.790881039412679e-07
sft_full_seed2,full,2,30000,14320,0.14479271991911022,0.07221723198890687,0.13535964488983154,5.785438379609549e-07
sft_full_seed2,full,2,30000,14330,0.1448938321536906,0.6627728462219238,0.00023202675220090896,5.779994765424724e-07
sft_full_seed2,full,2,30000,14340,0.14499494438827099,0.015755651891231535,0.00018307277059648186,5.774550203472711e-07
sft_full_seed2,full,2,30000,14350,0.14509605662285135,0.4090388774871826,129.59156799316406,5.769104700369163e-07
sft_full_seed2,full,2,30000,14360,0.14519716885743175,0.5005970954895019,0.010176781564950943,5.763658262730885e-07
sft_full_seed2,full,2,30000,14370,0.14529828109201212,0.6303804397583008,9.372927161166444e-05,5.758210897175809e-07
sft_full_seed2,full,2,30000,14380,0.14539939332659252,0.16968255043029784,2.872561162803322e-05,5.752762610322999e-07
sft_full_seed2,full,2,30000,14390,0.1455005055611729,0.015838567912578583,2.266399678774178e-05,5.747313408792636e-07
sft_full_seed2,full,2,30000,14400,0.14560161779575329,0.5083895683288574,0.003117968561127782,5.741863299206014e-07
sft_full_seed2,full,2,30000,14410,0.14570273003033368,0.5442605972290039,0.07756800949573517,5.736412288185529e-07
sft_full_seed2,full,2,30000,14420,0.14580384226491405,0.43297529220581055,227.07330322265625,5.730960382354676e-07
sft_full_seed2,full,2,30000,14430,0.14590495449949445,0.2207617998123169,9.335804497823119e-05,5.725507588338035e-07
sft_full_seed2,full,2,30000,14440,0.14600606673407482,0.18783029317855834,0.0685504749417305,5.72005391276126e-07
sft_full_seed2,full,2,30000,14450,0.14610717896865522,0.012943081557750702,0.0016387347131967545,5.714599362251087e-07
sft_full_seed2,full,2,30000,14460,0.14620829120323559,0.4158196449279785,4.262805305188522e-05,5.709143943435306e-07
sft_full_seed2,full,2,30000,14470,0.14630940343781598,0.0002963443519547582,0.00015479119610972703,5.703687662942765e-07
sft_full_seed2,full,2,30000,14480,0.14641051567239635,0.00835651159286499,0.0004782174073625356,5.69823052740336e-07
sft_full_seed2,full,2,30000,14490,0.14651162790697675,0.1670697808265686,3.384942829143256e-05,5.692772543448026e-07
sft_full_seed2,full,2,30000,14500,0.14661274014155712,0.6188846588134765,166.3582763671875,5.687313717708728e-07
sft_full_seed2,full,2,30000,14510,0.14671385237613752,0.0008469040505588055,2.6581718921661377,5.681854056818452e-07
sft_full_seed2,full,2,30000,14520,0.14681496461071789,0.525535774230957,0.005719510838389397,5.676393567411204e-07
sft_full_seed2,full,2,30000,14530,0.14691607684529828,0.407255220413208,0.0909239798784256,5.670932256121991e-07
sft_full_seed2,full,2,30000,14540,0.14701718907987865,0.4587531089782715,2.2913223801879212e-05,5.665470129586821e-07
sft_full_seed2,full,2,30000,14550,0.14711830131445905,0.010473636537790298,0.01346513256430626,5.660007194442697e-07
sft_full_seed2,full,2,30000,14560,0.14721941354903945,0.6870070934295655,4.7750694648129866e-05,5.654543457327594e-07
sft_full_seed2,full,2,30000,14570,0.14732052578361982,0.0002618276514112949,1.144166111946106,5.649078924880472e-07
sft_full_seed2,full,2,30000,14580,0.1474216380182002,0.19185615777969361,1.9964136299677193e-05,5.643613603741252e-07
sft_full_seed2,full,2,30000,14590,0.14752275025278058,0.06808012127876281,0.00038395918090827763,5.638147500550815e-07
sft_full_seed2,full,2,30000,14600,0.14762386248736098,0.44730067253112793,204.51455688476562,5.632680621950992e-07
sft_full_seed2,full,2,30000,14610,0.14772497472194135,0.010523546487092972,0.028751082718372345,5.627212974584554e-07
sft_full_seed2,full,2,30000,14620,0.14782608695652175,0.07100944519042969,250.96633911132812,5.62174456509521e-07
sft_full_seed2,full,2,30000,14630,0.14792719919110212,0.00843929722905159,0.00680769607424736,5.616275400127594e-07
sft_full_seed2,full,2,30000,14640,0.1480283114256825,0.300056004524231,0.24265210330486298,5.610805486327253e-07
sft_full_seed2,full,2,30000,14650,0.14812942366026288,0.0005440283566713333,0.00426990631967783,5.605334830340653e-07
sft_full_seed2,full,2,30000,14660,0.14823053589484328,0.6218592166900635,0.02190038003027439,5.599863438815156e-07
sft_full_seed2,full,2,30000,14670,0.14833164812942365,0.32078840732574465,151.45294189453125,5.594391318399016e-07
sft_full_seed2,full,2,30000,14680,0.14843276036400405,0.17730783224105834,87.50267791748047,5.588918475741377e-07
sft_full_seed2,full,2,30000,14690,0.14853387259858442,0.48179922103881834,0.0011615973198786378,5.583444917492258e-07
sft_full_seed2,full,2,30000,14700,0.1486349848331648,0.0007808858994394541,0.001127517083659768,5.577970650302549e-07
sft_full_seed2,full,2,30000,14710,0.1487360970677452,0.008342567831277847,1.825119943532627e-05,5.572495680824001e-07
sft_full_seed2,full,2,30000,14720,0.14883720930232558,0.6161935806274415,239.23045349121094,5.567020015709219e-07
sft_full_seed2,full,2,30000,14730,0.14893832153690598,0.32296409606933596,3.7015401176176965e-05,5.561543661611649e-07
sft_full_seed2,full,2,30000,14740,0.14903943377148635,0.33135764598846434,0.0005003588157705963,5.556066625185583e-07
sft_full_seed2,full,2,30000,14750,0.14914054600606674,0.7412783145904541,243.76365661621094,5.55058891308613e-07
sft_full_seed2,full,2,30000,14760,0.1492416582406471,0.03254395127296448,0.00026940350653603673,5.545110531969234e-07
sft_full_seed2,full,2,30000,14770,0.1493427704752275,0.39258315563201907,0.0006290212622843683,5.53963148849164e-07
sft_full_seed2,full,2,30000,14780,0.14944388270980788,0.8962862968444825,1.912939114845358e-05,5.534151789310903e-07
sft_full_seed2,full,2,30000,14790,0.14954499494438828,0.5139837265014648,3.3821652323240414e-05,5.528671441085375e-07
sft_full_seed2,full,2,30000,14800,0.14964610717896865,0.2728001356124878,3.48323374055326e-05,5.523190450474197e-07
sft_full_seed2,full,2,30000,14810,0.14974721941354904,0.008417348563671111,2.0212246454320848e-05,5.517708824137286e-07
sft_full_seed2,full,2,30000,14820,0.1498483316481294,0.3084524154663086,0.00095142557984218,5.512226568735338e-07
sft_full_seed2,full,2,30000,14830,0.1499494438827098,0.20780601501464843,2.2263040591496974e-05,5.506743690929808e-07
sft_full_seed2,full,2,30000,14840,0.15005055611729018,0.500307559967041,0.00010752944945124909,5.501260197382912e-07
sft_full_seed2,full,2,30000,14850,0.15015166835187058,0.5150611877441407,110.0187759399414,5.495776094757609e-07
sft_full_seed2,full,2,30000,14860,0.15025278058645097,0.5917926788330078,3.109647877863608e-05,5.490291389717603e-07
sft_full_seed2,full,2,30000,14870,0.15035389282103134,0.0008116633631289005,0.0006297387299127877,5.484806088927328e-07
sft_full_seed2,full,2,30000,14880,0.15045500505561174,0.07954230904579163,7.330621242523193,5.479320199051941e-07
sft_full_seed2,full,2,30000,14890,0.1505561172901921,0.14287228584289552,1.984462323889602e-05,5.473833726757313e-07
sft_full_seed2,full,2,30000,14900,0.1506572295247725,0.22783868312835692,47.34959411621094,5.46834667871003e-07
sft_full_seed2,full,2,30000,14910,0.15075834175935288,0.25273752212524414,0.0001374918210785836,5.462859061577369e-07
sft_full_seed2,full,2,30000,14920,0.15085945399393327,0.4629952430725098,2.2870826796861365e-05,5.457370882027302e-07
sft_full_seed2,full,2,30000,14930,0.15096056622851364,0.304421067237854,2.83235185634112e-05,5.451882146728488e-07
sft_full_seed2,full,2,30000,14940,0.15106167846309404,0.19197545051574708,2.011329706874676e-05,5.446392862350254e-07
sft_full_seed2,full,2,30000,14950,0.1511627906976744,1.0561041563050821e-05,0.00016878040332812816,5.440903035562603e-07
sft_full_seed2,full,2,30000,14960,0.1512639029322548,0.7458540439605713,0.050807539373636246,5.435412673036187e-07
sft_full_seed2,full,2,30000,14970,0.15136501516683518,0.005588649213314057,0.00024763672263361514,5.429921781442317e-07
sft_full_seed2,full,2,30000,14980,0.15146612740141557,0.8820653915405273,0.001390873803757131,5.424430367452945e-07
sft_full_seed2,full,2,30000,14990,0.15156723963599594,0.612567949295044,0.000665680505335331,5.418938437740655e-07
sft_full_seed2,full,2,30000,15000,0.15166835187057634,1.0793774604797364,4.070550494361669e-05,5.413445998978657e-07
sft_full_seed2,full,2,30000,15010,0.15176946410515674,0.5368166446685791,1.6882532835006714,5.407953057840788e-07
sft_full_seed2,full,2,30000,15020,0.1518705763397371,0.40520806312561036,0.1318099945783615,5.402459621001485e-07
sft_full_seed2,full,2,30000,15030,0.1519716885743175,0.6501430034637451,148.6628875732422,5.396965695135793e-07
sft_full_seed2,full,2,30000,15040,0.15207280080889787,0.28338396549224854,2.464041426719632e-05,5.39147128691935e-07
sft_full_seed2,full,2,30000,15050,0.15217391304347827,0.3053178310394287,131.43016052246094,5.38597640302838e-07
sft_full_seed2,full,2,30000,15060,0.15227502527805864,0.26985621452331543,0.10022895038127899,5.380481050139687e-07
sft_full_seed2,full,2,30000,15070,0.15237613751263904,0.18758766651153563,3.6410016036825255e-05,5.374985234930639e-07
sft_full_seed2,full,2,30000,15080,0.1524772497472194,0.02254524379968643,2.0890756786684506e-05,5.369488964079172e-07
sft_full_seed2,full,2,30000,15090,0.1525783619817998,0.1015936017036438,0.04825027659535408,5.363992244263773e-07
sft_full_seed2,full,2,30000,15100,0.15267947421638017,0.34312541484832765,0.13032837212085724,5.358495082163476e-07
sft_full_seed2,full,2,30000,15110,0.15278058645096057,0.17744258642196656,0.06924234330654144,5.35299748445785e-07
sft_full_seed2,full,2,30000,15120,0.15288169868554094,0.125845205783844,239.36294555664062,5.347499457826994e-07
sft_full_seed2,full,2,30000,15130,0.15298281092012134,0.09373558759689331,0.0001325203775195405,5.34200100895153e-07
sft_full_seed2,full,2,30000,15140,0.1530839231547017,0.4835011959075928,0.34991636872291565,5.336502144512591e-07
sft_full_seed2,full,2,30000,15150,0.1531850353892821,0.033935970067977904,2.070407208520919e-05,5.331002871191817e-07
sft_full_seed2,full,2,30000,15160,0.1532861476238625,0.000228883046656847,1.5638766288757324,5.325503195671344e-07
sft_full_seed2,full,2,30000,15170,0.15338725985844287,1.10045166015625,2.1586449292954057e-05,5.320003124633793e-07
sft_full_seed2,full,2,30000,15180,0.15348837209302327,0.1262907028198242,0.000537379935849458,5.314502664762274e-07
sft_full_seed2,full,2,30000,15190,0.15358948432760364,0.03501628339290619,0.000827852520160377,5.30900182274036e-07
sft_full_seed2,full,2,30000,15200,0.15369059656218403,0.2045052766799927,0.0023556137457489967,5.303500605252095e-07
sft_full_seed2,full,2,30000,15210,0.1537917087967644,0.010048553347587585,0.00013332387607079,5.297999018981976e-07
sft_full_seed2,full,2,30000,15220,0.1538928210313448,0.5987096309661866,2.105739440594334e-05,5.29249707061495e-07
sft_full_seed2,full,2,30000,15230,0.15399393326592517,0.09380534887313843,1.8592170818010345e-05,5.286994766836401e-07
sft_full_seed2,full,2,30000,15240,0.15409504550050557,0.41059532165527346,0.00022781334700994194,5.28149211433215e-07
sft_full_seed2,full,2,30000,15250,0.15419615773508594,0.371347713470459,214.9188690185547,5.275989119788436e-07
sft_full_seed2,full,2,30000,15260,0.15429726996966633,0.25154824256896974,7.700416608713567e-05,5.270485789891919e-07
sft_full_seed2,full,2,30000,15270,0.1543983822042467,0.4141265869140625,0.013173257932066917,5.26498213132966e-07
sft_full_seed2,full,2,30000,15280,0.1544994944388271,0.035693371295928956,17.812536239624023,5.259478150789127e-07
sft_full_seed2,full,2,30000,15290,0.15460060667340747,0.35082345008850097,3.2223899364471436,5.253973854958172e-07
sft_full_seed2,full,2,30000,15300,0.15470171890798787,3.175833553541452e-05,4.882458961219527e-05,5.248469250525038e-07
sft_full_seed2,full,2,30000,15310,0.15480283114256826,0.2084874391555786,0.0005327417165972292,5.242964344178332e-07
sft_full_seed2,full,2,30000,15320,0.15490394337714863,0.3663595676422119,2.6572615752229467e-05,5.23745914260704e-07
sft_full_seed2,full,2,30000,15330,0.15500505561172903,0.0864953100681305,0.0007923206430859864,5.231953652500497e-07
sft_full_seed2,full,2,30000,15340,0.1551061678463094,0.06418448686599731,245.3690185546875,5.226447880548397e-07
sft_full_seed2,full,2,30000,15350,0.1552072800808898,0.10599029064178467,5.846632848260924e-05,5.220941833440768e-07
sft_full_seed2,full,2,30000,15360,0.15530839231547017,2.1757587091997266e-05,0.023896770551800728,5.215435517867977e-07
sft_full_seed2,full,2,30000,15370,0.15540950455005056,0.0309143602848053,1.879233241197653e-05,5.209928940520718e-07
sft_full_seed2,full,2,30000,15380,0.15551061678463093,0.000797779206186533,0.027795901522040367,5.204422108090003e-07
sft_full_seed2,full,2,30000,15390,0.15561172901921133,0.2033414363861084,0.00033331156009808183,5.198915027267149e-07
sft_full_seed2,full,2,30000,15400,0.1557128412537917,0.4403403282165527,2.5645538698881865e-05,5.193407704743782e-07
sft_full_seed2,full,2,30000,15410,0.1558139534883721,8.964220178313554e-05,0.0014576948015019298,5.187900147211814e-07
sft_full_seed2,full,2,30000,15420,0.15591506572295247,0.4058584690093994,99.8442153930664,5.182392361363452e-07
sft_full_seed2,full,2,30000,15430,0.15601617795753286,0.31369714736938475,2.1121541067259386e-05,5.176884353891171e-07
sft_full_seed2,full,2,30000,15440,0.15611729019211323,0.48817853927612304,114.08220672607422,5.171376131487722e-07
sft_full_seed2,full,2,30000,15450,0.15621840242669363,0.25673470497131345,0.0008719286997802556,5.165867700846113e-07
sft_full_seed2,full,2,30000,15460,0.156319514661274,0.15709514617919923,1.9934988813474774e-05,5.160359068659606e-07
sft_full_seed2,full,2,30000,15470,0.1564206268958544,0.631911325454712,141.4475860595703,5.154850241621711e-07
sft_full_seed2,full,2,30000,15480,0.1565217391304348,1.860456686699763e-05,0.0001334843400400132,5.149341226426172e-07
sft_full_seed2,full,2,30000,15490,0.15662285136501516,0.00100200567394495,0.00045480814878828824,5.14383202976696e-07
sft_full_seed2,full,2,30000,15500,0.15672396359959556,0.2875288724899292,0.09019476920366287,5.138322658338268e-07
sft_full_seed2,full,2,30000,15510,0.15682507583417593,0.1671854615211487,0.0010214350186288357,5.132813118834504e-07
sft_full_seed2,full,2,30000,15520,0.15692618806875633,0.43771953582763673,212.87026977539062,5.127303417950277e-07
sft_full_seed2,full,2,30000,15530,0.1570273003033367,7.960984366945922e-05,1.9597440768848173e-05,5.121793562380395e-07
sft_full_seed2,full,2,30000,15540,0.1571284125379171,3.700058732647449e-05,8.569660712964833e-05,5.116283558819848e-07
sft_full_seed2,full,2,30000,15550,0.15722952477249746,0.0029822269454598425,0.001877028844319284,5.110773413963813e-07
sft_full_seed2,full,2,30000,15560,0.15733063700707786,0.4502439498901367,3.638067937572487e-05,5.105263134507636e-07
sft_full_seed2,full,2,30000,15570,0.15743174924165823,0.03204660415649414,0.0005175101687200367,5.099752727146823e-07
sft_full_seed2,full,2,30000,15580,0.15753286147623863,0.4800473690032959,2.42964961216785e-05,5.094242198577041e-07
sft_full_seed2,full,2,30000,15590,0.157633973710819,0.25979530811309814,1.906518627947662e-05,5.088731555494102e-07
sft_full_seed2,full,2,30000,15600,0.1577350859453994,0.19770044088363647,0.0009546179790049791,5.083220804593955e-07
sft_full_seed2,full,2,30000,15610,0.15783619817997976,0.0003077399916946888,0.009596536867320538,5.077709952572684e-07
sft_full_seed2,full,2,30000,15620,0.15793731041456016,0.84583740234375,6.118304008850828e-05,5.072199006126493e-07
sft_full_seed2,full,2,30000,15630,0.15803842264914056,0.0033669866621494292,0.04709567874670029,5.066687971951702e-07
sft_full_seed2,full,2,30000,15640,0.15813953488372093,0.19755977392196655,186.34202575683594,5.061176856744737e-07
sft_full_seed2,full,2,30000,15650,0.15824064711830133,0.30493364334106443,2.316593236173503e-05,5.05566566720212e-07
sft_full_seed2,full,2,30000,15660,0.1583417593528817,0.3159954071044922,1.4653290510177612,5.050154410020472e-07
sft_full_seed2,full,2,30000,15670,0.1584428715874621,2.21290611079894e-05,0.00034797488478943706,5.044643091896485e-07
sft_full_seed2,full,2,30000,15680,0.15854398382204246,4.742468299809843e-05,1.9455317669780925e-05,5.039131719526931e-07
sft_full_seed2,full,2,30000,15690,0.15864509605662286,0.29167559146881106,0.0019419387681409717,5.03362029960865e-07
sft_full_seed2,full,2,30000,15700,0.15874620829120323,0.4042669296264648,0.10792365670204163,5.028108838838533e-07
sft_full_seed2,full,2,30000,15710,0.15884732052578363,0.654212236404419,0.06501533836126328,5.022597343913527e-07
sft_full_seed2,full,2,30000,15720,0.158948432760364,0.3908478021621704,0.0006097455625422299,5.017085821530617e-07
sft_full_seed2,full,2,30000,15730,0.1590495449949444,1.2075288395863026e-05,0.0009483479661867023,5.011574278386822e-07
sft_full_seed2,full,2,30000,15740,0.15915065722952476,0.019220148026943207,0.0009443945600651205,5.006062721179189e-07
sft_full_seed2,full,2,30000,15750,0.15925176946410516,0.15055712461471557,6.911189848324284e-05,5.000551156604777e-07
sft_full_seed2,full,2,30000,15760,0.15935288169868553,0.325137734413147,2.809133002301678e-05,4.995039591360659e-07
sft_full_seed2,full,2,30000,15770,0.15945399393326593,0.4500756740570068,0.005977939814329147,4.989528032143903e-07
sft_full_seed2,full,2,30000,15780,0.15955510616784632,0.1520084023475647,2.4310042135766707e-05,4.984016485651578e-07
sft_full_seed2,full,2,30000,15790,0.1596562184024267,0.9834976196289062,88.38516998291016,4.978504958580727e-07
sft_full_seed2,full,2,30000,15800,0.1597573306370071,0.01884305030107498,1.94957792700734e-05,4.97299345762838e-07
sft_full_seed2,full,2,30000,15810,0.15985844287158746,0.046159747242927554,2.60386095760623e-05,4.96748198949153e-07
sft_full_seed2,full,2,30000,15820,0.15995955510616786,0.37576003074645997,138.57545471191406,4.961970560867126e-07
sft_full_seed2,full,2,30000,15830,0.16006066734074822,0.07870191931724549,2.179391860961914,4.956459178452078e-07
sft_full_seed2,full,2,30000,15840,0.16016177957532862,0.46578197479248046,2.6795382499694824,4.950947848943234e-07
sft_full_seed2,full,2,30000,15850,0.160262891809909,0.22172634601593016,2.365604814258404e-05,4.94543657903738e-07
sft_full_seed2,full,2,30000,15860,0.1603640040444894,0.11059678792953491,0.00011084420111728832,4.939925375431225e-07
sft_full_seed2,full,2,30000,15870,0.16046511627906976,0.3006461143493652,0.0009334167698398232,4.934414244821404e-07
sft_full_seed2,full,2,30000,15880,0.16056622851365016,0.4666694164276123,56.319915771484375,4.928903193904461e-07
sft_full_seed2,full,2,30000,15890,0.16066734074823052,0.032667499780654904,0.00030759870423935354,4.923392229376841e-07
sft_full_seed2,full,2,30000,15900,0.16076845298281092,0.24445395469665526,282.3551025390625,4.917881357934885e-07
sft_full_seed2,full,2,30000,15910,0.1608695652173913,0.06371424198150635,0.05355653911828995,4.912370586274824e-07
sft_full_seed2,full,2,30000,15920,0.1609706774519717,1.3323023449629545e-05,8.215463458327577e-05,4.906859921092763e-07
sft_full_seed2,full,2,30000,15930,0.16107178968655209,0.3837414264678955,298.2594299316406,4.90134936908468e-07
sft_full_seed2,full,2,30000,15940,0.16117290192113246,0.09383775591850281,4.146706123719923e-05,4.895838936946415e-07
sft_full_seed2,full,2,30000,15950,0.16127401415571285,0.14217485189437867,0.02447696030139923,4.890328631373665e-07
sft_full_seed2,full,2,30000,15960,0.16137512639029322,1.472646713256836,56.64249801635742,4.88481845906197e-07
sft_full_seed2,full,2,30000,15970,0.16147623862487362,0.26823883056640624,251.8804473876953,4.879308426706706e-07
sft_full_seed2,full,2,30000,15980,0.161577350859454,1.1546631813049317,338.1820068359375,4.873798541003084e-07
sft_full_seed2,full,2,30000,15990,0.16167846309403439,0.1759534478187561,0.0003387979231774807,4.868288808646135e-07
sft_full_seed2,full,2,30000,16000,0.16177957532861476,0.4851065158843994,0.00017606033361516893,4.862779236330705e-07
sft_full_seed2,full,2,30000,16010,0.16188068756319515,0.5045767307281495,3.5329536331119016e-05,4.857269830751439e-07
sft_full_seed2,full,2,30000,16020,0.16198179979777552,0.4068741798400879,202.85450744628906,4.85176059860279e-07
sft_full_seed2,full,2,30000,16030,0.16208291203235592,0.44167041778564453,74.22412109375,4.846251546578988e-07
sft_full_seed2,full,2,30000,16040,0.1621840242669363,0.4358924388885498,0.015719648450613022,4.840742681374058e-07
sft_full_seed2,full,2,30000,16050,0.16228513650151669,0.07835806608200073,1.9743878510780632e-05,4.835234009681786e-07
sft_full_seed2,full,2,30000,16060,0.16238624873609706,0.22136876583099366,1.9556115148589015e-05,4.829725538195729e-07
sft_full_seed2,full,2,30000,16070,0.16248736097067745,0.657168197631836,242.73521423339844,4.824217273609198e-07
sft_full_seed2,full,2,30000,16080,0.16258847320525785,0.22147951126098633,2.1425908926175907e-05,4.818709222615255e-07
sft_full_seed2,full,2,30000,16090,0.16268958543983822,0.5125349998474121,0.00014006372657604516,4.813201391906701e-07
sft_full_seed2,full,2,30000,16100,0.16279069767441862,0.4958500862121582,2.9023400202277116e-05,4.80769378817607e-07
sft_full_seed2,full,2,30000,16110,0.16289180990899899,0.20929193496704102,1.854352593421936,4.802186418115621e-07
sft_full_seed2,full,2,30000,16120,0.16299292214357938,1.016725444793701,0.0008813556632958353,4.796679288417326e-07
sft_full_seed2,full,2,30000,16130,0.16309403437815975,0.25843608379364014,0.22714059054851532,4.791172405772866e-07
sft_full_seed2,full,2,30000,16140,0.16319514661274015,0.2686370611190796,0.005247014109045267,4.785665776873624e-07
sft_full_seed2,full,2,30000,16150,0.16329625884732052,0.46746096611022947,0.23041997849941254,4.780159408410676e-07
sft_full_seed2,full,2,30000,16160,0.16339737108190092,0.1557830572128296,0.0008269604877568781,4.774653307074774e-07
sft_full_seed2,full,2,30000,16170,0.16349848331648129,0.210024094581604,0.00021831873164046556,4.769147479556355e-07
sft_full_seed2,full,2,30000,16180,0.16359959555106168,0.005818170309066772,3.7759392261505127,4.7636419325455153e-07
sft_full_seed2,full,2,30000,16190,0.16370070778564205,0.3299564361572266,0.5021287202835083,4.7581366727320125e-07
sft_full_seed2,full,2,30000,16200,0.16380182002022245,5.3689873311668634e-05,5.4488169553224e-05,4.7526317068052606e-07
sft_full_seed2,full,2,30000,16210,0.16390293225480282,0.3000377655029297,0.09291408956050873,4.7471270414543107e-07
sft_full_seed2,full,2,30000,16220,0.16400404448938322,0.3663571119308472,2.2462634660769254e-05,4.741622683367849e-07
sft_full_seed2,full,2,30000,16230,0.1641051567239636,0.0006344068795442581,3.6407830715179443,4.7361186392341907e-07
sft_full_seed2,full,2,30000,16240,0.16420626895854398,0.35211589336395266,0.0004831278056371957,4.730614915741266e-07
sft_full_seed2,full,2,30000,16250,0.16430738119312438,0.17040358781814574,0.02784295380115509,4.7251115195766226e-07
sft_full_seed2,full,2,30000,16260,0.16440849342770475,0.00013967218110337852,0.0008824335527606308,4.719608457427403e-07
sft_full_seed2,full,2,30000,16270,0.16450960566228515,0.2891767263412476,4.269216151442379e-05,4.714105735980347e-07
sft_full_seed2,full,2,30000,16280,0.16461071789686552,0.15682449340820312,0.004119557328522205,4.7086033619217793e-07
sft_full_seed2,full,2,30000,16290,0.1647118301314459,0.03802083432674408,0.21873335540294647,4.703101341937603e-07
sft_full_seed2,full,2,30000,16300,0.16481294236602628,0.1799801468849182,0.17153018712997437,4.697599682713292e-07
sft_full_seed2,full,2,30000,16310,0.16491405460060668,0.7095440864562989,192.361572265625,4.6920983909338824e-07
sft_full_seed2,full,2,30000,16320,0.16501516683518705,0.003859276697039604,0.16210342943668365,4.686597473283961e-07
sft_full_seed2,full,2,30000,16330,0.16511627906976745,0.23411388397216798,0.00034387726918794215,4.681096936447661e-07
sft_full_seed2,full,2,30000,16340,0.16521739130434782,0.18451036214828492,5.586994171142578,4.6755967871086524e-07
sft_full_seed2,full,2,30000,16350,0.1653185035389282,0.49587597846984866,0.00010919202031800523,4.670097031950138e-07
sft_full_seed2,full,2,30000,16360,0.16541961577350858,0.18672378063201905,0.00011964985606027767,4.664597677654838e-07
sft_full_seed2,full,2,30000,16370,0.16552072800808898,0.03347676992416382,194.2205047607422,4.659098730904985e-07
sft_full_seed2,full,2,30000,16380,0.16562184024266935,0.0013275121338665486,0.2782546281814575,4.6536001983823195e-07
sft_full_seed2,full,2,30000,16390,0.16572295247724975,0.29206559658050535,0.09852861613035202,4.648102086768077e-07
sft_full_seed2,full,2,30000,16400,0.16582406471183014,0.016119734942913057,2.227918776043225e-05,4.642604402742978e-07
sft_full_seed2,full,2,30000,16410,0.1659251769464105,0.5720289707183838,7.45837926864624,4.637107152987233e-07
sft_full_seed2,full,2,30000,16420,0.1660262891809909,0.36401498317718506,0.01390764582902193,4.631610344180515e-07
sft_full_seed2,full,2,30000,16430,0.16612740141557128,0.08263698220252991,2.3668684661970474e-05,4.6261139830019644e-07
sft_full_seed2,full,2,30000,16440,0.16622851365015168,0.8084071159362793,0.027673035860061646,4.6206180761301817e-07
sft_full_seed2,full,2,30000,16450,0.16632962588473205,0.15060968399047853,0.003828805172815919,4.6151226302432066e-07
sft_full_seed2,full,2,30000,16460,0.16643073811931244,0.15037411451339722,295.0875549316406,4.60962765201853e-07
sft_full_seed2,full,2,30000,16470,0.1665318503538928,0.10685489177703858,0.0004922429216094315,4.6041331481330657e-07
sft_full_seed2,full,2,30000,16480,0.1666329625884732,5.295063019730151e-05,2.0614768800442107e-05,4.5986391252631546e-07
sft_full_seed2,full,2,30000,16490,0.16673407482305358,0.3125062227249146,6.121170736150816e-05,4.593145590084552e-07
sft_full_seed2,full,2,30000,16500,0.16683518705763398,0.2664464235305786,61.31269073486328,4.5876525492724195e-07
sft_full_seed2,full,2,30000,16510,0.16693629929221435,0.035823339223861696,2.826779746101238e-05,4.582160009501323e-07
sft_full_seed2,full,2,30000,16520,0.16703741152679474,0.38667755126953124,0.001626589335501194,4.576667977445214e-07
sft_full_seed2,full,2,30000,16530,0.1671385237613751,0.08644030094146729,2.2777294361731037e-05,4.5711764597774304e-07
sft_full_seed2,full,2,30000,16540,0.1672396359959555,0.1421412229537964,2.4886268874979578e-05,4.5656854631706845e-07
sft_full_seed2,full,2,30000,16550,0.1673407482305359,0.7442075729370117,0.00584124680608511,4.5601949942970533e-07
sft_full_seed2,full,2,30000,16560,0.16744186046511628,0.0004535189364105463,2.3142187274061143e-05,4.5547050598279737e-07
sft_full_seed2,full,2,30000,16570,0.16754297269969667,0.0004093347582966089,0.009395799599587917,4.549215666434236e-07
sft_full_seed2,full,2,30000,16580,0.16764408493427704,0.2680317163467407,23.810630798339844,4.5437268207859693e-07
sft_full_seed2,full,2,30000,16590,0.16774519716885744,0.5293660640716553,267.6672058105469,4.5382385295526403e-07
sft_full_seed2,full,2,30000,16600,0.1678463094034378,0.019354765117168427,2.894455974455923e-05,4.532750799403039e-07
sft_full_seed2,full,2,30000,16610,0.1679474216380182,0.8477053642272949,2.1308855139068328e-05,4.527263637005273e-07
sft_full_seed2,full,2,30000,16620,0.16804853387259858,0.4857473373413086,0.009963986463844776,4.521777049026766e-07
sft_full_seed2,full,2,30000,16630,0.16814964610717897,0.7091153144836426,6.03324115218129e-05,4.5162910421342383e-07
sft_full_seed2,full,2,30000,16640,0.16825075834175934,0.00415172316133976,2.1451643988257274e-05,4.510805622993705e-07
sft_full_seed2,full,2,30000,16650,0.16835187057633974,0.5942764759063721,5.004307968192734e-05,4.5053207982704664e-07
sft_full_seed2,full,2,30000,16660,0.1684529828109201,0.4337008476257324,0.8441954255104065,4.499836574629104e-07
sft_full_seed2,full,2,30000,16670,0.1685540950455005,0.195567524433136,2.0847941414103843e-05,4.494352958733465e-07
sft_full_seed2,full,2,30000,16680,0.16865520728008088,0.8192514419555664,224.45651245117188,4.488869957246662e-07
sft_full_seed2,full,2,30000,16690,0.16875631951466127,0.4125660419464111,2.2453648853115737e-05,4.483387576831057e-07
sft_full_seed2,full,2,30000,16700,0.16885743174924167,0.010514933615922928,2.2398517103283666e-05,4.47790582414826e-07
sft_full_seed2,full,2,30000,16710,0.16895854398382204,0.4314748287200928,0.0002275794540764764,4.472424705859114e-07
sft_full_seed2,full,2,30000,16720,0.16905965621840244,0.48482575416564944,5.269986650091596e-05,4.4669442286237e-07
sft_full_seed2,full,2,30000,16730,0.1691607684529828,0.008402065932750702,2.5468327294220217e-05,4.461464399101312e-07
sft_full_seed2,full,2,30000,16740,0.1692618806875632,0.0048835895955562595,1.2716037034988403,4.4559852239504595e-07
sft_full_seed2,full,2,30000,16750,0.16936299292214357,0.36980481147766114,5.6048582337098196e-05,4.4505067098288573e-07
sft_full_seed2,full,2,30000,16760,0.16946410515672397,0.07090131640434265,9.004893217934296e-05,4.445028863393417e-07
sft_full_seed2,full,2,30000,16770,0.16956521739130434,0.19197559356689453,276.1341247558594,4.4395516913002354e-07
sft_full_seed2,full,2,30000,16780,0.16966632962588474,0.08984753489494324,0.00028418024885468185,4.4340752002045984e-07
sft_full_seed2,full,2,30000,16790,0.1697674418604651,0.04061039686203003,226.79783630371094,4.428599396760956e-07
sft_full_seed2,full,2,30000,16800,0.1698685540950455,0.15460289716720582,8.564625750295818e-05,4.423124287622925e-07
sft_full_seed2,full,2,30000,16810,0.16996966632962587,0.008416204154491425,0.09336178749799728,4.4176498794432817e-07
sft_full_seed2,full,2,30000,16820,0.17007077856420627,0.6708775043487549,0.12983819842338562,4.412176178873944e-07
sft_full_seed2,full,2,30000,16830,0.17017189079878664,0.23150436878204345,3.799160913331434e-05,4.40670319256598e-07
sft_full_seed2,full,2,30000,16840,0.17027300303336704,0.10960968732833862,0.0001883892109617591,4.401230927169581e-07
sft_full_seed2,full,2,30000,16850,0.17037411526794743,0.09146480560302735,0.00010758532880572602,4.395759389334066e-07
sft_full_seed2,full,2,30000,16860,0.1704752275025278,0.027553853392601014,2.6421274014865048e-05,4.3902885857078683e-07
sft_full_seed2,full,2,30000,16870,0.1705763397371082,0.004234132170677185,1.9198447262169793e-05,4.3848185229385303e-07
sft_full_seed2,full,2,30000,16880,0.17067745197168857,0.00034224363043904303,0.00016069356934167445,4.379349207672695e-07
sft_full_seed2,full,2,30000,16890,0.17077856420626897,0.08255012631416321,0.007504740264266729,4.3738806465560974e-07
sft_full_seed2,full,2,30000,16900,0.17087967644084934,0.3418649435043335,0.7146899104118347,4.368412846233553e-07
sft_full_seed2,full,2,30000,16910,0.17098078867542973,0.003861171379685402,2.091951137117576e-05,4.362945813348955e-07
sft_full_seed2,full,2,30000,16920,0.1710819009100101,0.4468292236328125,0.0012744551058858633,4.357479554545262e-07
sft_full_seed2,full,2,30000,16930,0.1711830131445905,0.26990232467651365,274.12139892578125,4.352014076464499e-07
sft_full_seed2,full,2,30000,16940,0.17128412537917087,0.3235959768295288,1.677797555923462,4.3465493857477333e-07
sft_full_seed2,full,2,30000,16950,0.17138523761375127,0.5554716110229492,0.007951708510518074,4.341085489035079e-07
sft_full_seed2,full,2,30000,16960,0.17148634984833164,0.00037049055099487306,1.7091606423491612e-05,4.335622392965689e-07
sft_full_seed2,full,2,30000,16970,0.17158746208291203,0.35001611709594727,0.0020107030868530273,4.330160104177737e-07
sft_full_seed2,full,2,30000,16980,0.1716885743174924,0.20441265106201173,2.2867461666464806e-05,4.324698629308419e-07
sft_full_seed2,full,2,30000,16990,0.1717896865520728,0.007998023182153702,10.034345626831055,4.3192379749939456e-07
sft_full_seed2,full,2,30000,17000,0.1718907987866532,1.49111554492265e-05,2.1648844267474487e-05,4.313778147869523e-07
sft_full_seed2,full,2,30000,17010,0.17199191102123357,0.329924201965332,0.00024425284937024117,4.3083191545693575e-07
sft_full_seed2,full,2,30000,17020,0.17209302325581396,0.16645374298095703,0.9318047761917114,4.302861001726641e-07
sft_full_seed2,full,2,30000,17030,0.17219413549039433,0.11686333417892455,177.66217041015625,4.297403695973541e-07
sft_full_seed2,full,2,30000,17040,0.17229524772497473,0.0020684154704213144,21.63622283935547,4.291947243941203e-07
sft_full_seed2,full,2,30000,17050,0.1723963599595551,0.00026612908113747834,0.0003988161915913224,4.286491652259729e-07
sft_full_seed2,full,2,30000,17060,0.1724974721941355,0.4116988182067871,0.005111437290906906,4.281036927558177e-07
sft_full_seed2,full,2,30000,17070,0.17259858442871587,0.32086763381958006,254.5918731689453,4.2755830764645517e-07
sft_full_seed2,full,2,30000,17080,0.17269969666329626,0.005858677625656128,3.635141911217943e-05,4.2701301056057934e-07
sft_full_seed2,full,2,30000,17090,0.17280080889787663,0.1016380786895752,2.9310904210433364e-05,4.2646780216077813e-07
sft_full_seed2,full,2,30000,17100,0.17290192113245703,0.3125117301940918,6.431426299968734e-05,4.25922683109531e-07
sft_full_seed2,full,2,30000,17110,0.1730030333670374,0.005348829180002212,5.786452311440371e-05,4.2537765406920897e-07
sft_full_seed2,full,2,30000,17120,0.1731041456016178,0.22566742897033693,2.7535963454283774e-05,4.248327157020736e-07
sft_full_seed2,full,2,30000,17130,0.17320525783619817,0.6900170326232911,107.17172241210938,4.242878686702763e-07
sft_full_seed2,full,2,30000,17140,0.17330637007077856,0.6939456939697266,17.348970413208008,4.237431136358579e-07
sft_full_seed2,full,2,30000,17150,0.17340748230535896,0.0013606986962258817,0.0006394514930434525,4.2319845126074705e-07
sft_full_seed2,full,2,30000,17160,0.17350859453993933,0.48780322074890137,3.8181828131200746e-05,4.226538822067597e-07
sft_full_seed2,full,2,30000,17170,0.17360970677451973,0.16689376831054686,0.0001900050847325474,4.221094071355989e-07
sft_full_seed2,full,2,30000,17180,0.1737108190091001,0.9284214019775391,188.5983123779297,4.2156502670885296e-07
sft_full_seed2,full,2,30000,17190,0.1738119312436805,0.17152535915374756,0.0002837998035829514,4.2102074158799527e-07
sft_full_seed2,full,2,30000,17200,0.17391304347826086,0.37916903495788573,6.368473987095058e-05,4.2047655243438407e-07
sft_full_seed2,full,2,30000,17210,0.17401415571284126,0.031151735782623292,0.0007870120462030172,4.199324599092603e-07
sft_full_seed2,full,2,30000,17220,0.17411526794742163,0.7730270385742187,2.5685489163151942e-05,4.193884646737474e-07
sft_full_seed2,full,2,30000,17230,0.17421638018200203,0.6499280452728271,7.89381217956543,4.1884456738885123e-07
sft_full_seed2,full,2,30000,17240,0.1743174924165824,9.086895151995122e-05,0.08379349857568741,4.1830076871545793e-07
sft_full_seed2,full,2,30000,17250,0.1744186046511628,0.3640002250671387,6.031788871041499e-05,4.177570693143346e-07
sft_full_seed2,full,2,30000,17260,0.17451971688574316,0.2471306085586548,0.0040813046507537365,4.1721346984612704e-07
sft_full_seed2,full,2,30000,17270,0.17462082912032356,0.2766350269317627,0.0021161995828151703,4.1666997097135984e-07
sft_full_seed2,full,2,30000,17280,0.17472194135490393,0.31252639293670653,2.732280881900806e-05,4.161265733504355e-07
sft_full_seed2,full,2,30000,17290,0.17482305358948433,0.31659271717071535,0.014285705983638763,4.1558327764363307e-07
sft_full_seed2,full,2,30000,17300,0.17492416582406473,0.2515099287033081,9.116305351257324,4.150400845111084e-07
sft_full_seed2,full,2,30000,17310,0.1750252780586451,0.00234063696116209,0.00021869629563298076,4.1449699461289225e-07
sft_full_seed2,full,2,30000,17320,0.1751263902932255,0.283167290687561,3.146808376186527e-05,4.1395400860889006e-07
sft_full_seed2,full,2,30000,17330,0.17522750252780586,0.5322989463806153,0.0026174404192715883,4.1341112715888105e-07
sft_full_seed2,full,2,30000,17340,0.17532861476238626,0.09886367917060852,0.000186177872819826,4.1286835092251715e-07
sft_full_seed2,full,2,30000,17350,0.17542972699696663,0.5322622299194336,0.0010907608084380627,4.1232568055932305e-07
sft_full_seed2,full,2,30000,17360,0.17553083923154703,1.420025946572423e-05,0.0032249370124191046,4.1178311672869426e-07
sft_full_seed2,full,2,30000,17370,0.1756319514661274,0.375795316696167,8.371243893634528e-05,4.1124066008989675e-07
sft_full_seed2,full,2,30000,17380,0.1757330637007078,0.019977164268493653,0.0011752275750041008,4.106983113020669e-07
sft_full_seed2,full,2,30000,17390,0.17583417593528816,0.1675907015800476,0.0040055373683571815,4.1015607102420937e-07
sft_full_seed2,full,2,30000,17400,0.17593528816986856,0.8172764778137207,0.0073059252463281155,4.0961393991519704e-07
sft_full_seed2,full,2,30000,17410,0.17603640040444893,1.0577047348022461,3.7235946365399286e-05,4.090719186337708e-07
sft_full_seed2,full,2,30000,17420,0.17613751263902933,0.24222300052642823,1.9254683138569817e-05,4.085300078385374e-07
sft_full_seed2,full,2,30000,17430,0.1762386248736097,0.13807021379470824,0.0002914715150836855,4.0798820818796953e-07
sft_full_seed2,full,2,30000,17440,0.1763397371081901,0.0016506381332874298,0.0003965101786889136,4.0744652034040474e-07
sft_full_seed2,full,2,30000,17450,0.17644084934277046,0.0014084039255976677,2.821619091264438e-05,4.0690494495404493e-07
sft_full_seed2,full,2,30000,17460,0.17654196157735086,0.0005457626655697822,3.925307512283325,4.063634826869553e-07
sft_full_seed2,full,2,30000,17470,0.17664307381193126,0.0012506513856351375,1.88304311450338e-05,4.0582213419706367e-07
sft_full_seed2,full,2,30000,17480,0.17674418604651163,0.05594269037246704,0.00011423408432165161,4.052809001421594e-07
sft_full_seed2,full,2,30000,17490,0.17684529828109202,0.4841900825500488,3.089075835305266e-05,4.0473978117989287e-07
sft_full_seed2,full,2,30000,17500,0.1769464105156724,0.3169806718826294,0.0004386048822198063,4.0419877796777447e-07
sft_full_seed2,full,2,30000,17510,0.1770475227502528,0.19935585260391236,4.185633182525635,4.036578911631745e-07
sft_full_seed2,full,2,30000,17520,0.17714863498483316,0.937600040435791,2.1003905203542672e-05,4.031171214233211e-07
sft_full_seed2,full,2,30000,17530,0.17724974721941356,0.00031440032180398705,0.02447446435689926,4.0257646940530076e-07
sft_full_seed2,full,2,30000,17540,0.17735085945399393,6.715362542308867e-06,0.007140216883271933,4.0203593576605653e-07
sft_full_seed2,full,2,30000,17550,0.17745197168857432,0.5703816890716553,5.223364132689312e-05,4.014955211623875e-07
sft_full_seed2,full,2,30000,17560,0.1775530839231547,0.38334295749664304,89.75658416748047,4.009552262509489e-07
sft_full_seed2,full,2,30000,17570,0.1776541961577351,0.0006073672790080309,0.04694593697786331,4.0041505168824966e-07
sft_full_seed2,full,2,30000,17580,0.17775530839231546,0.0010136695578694343,5.951917773927562e-05,3.9987499813065294e-07
sft_full_seed2,full,2,30000,17590,0.17785642062689586,0.32089293003082275,306.50732421875,3.993350662343745e-07
sft_full_seed2,full,2,30000,17600,0.17795753286147623,0.23425772190093994,0.00017594487871974707,3.9879525665548274e-07
sft_full_seed2,full,2,30000,17610,0.17805864509605662,0.48760509490966797,0.0005978195695206523,3.98255570049897e-07
sft_full_seed2,full,2,30000,17620,0.17815975733063702,0.5248149394989013,315.6137390136719,3.977160070733877e-07
sft_full_seed2,full,2,30000,17630,0.1782608695652174,0.0034004256129264833,0.24272915720939636,3.9717656838157453e-07
sft_full_seed2,full,2,30000,17640,0.1783619817997978,0.08172111511230469,0.04580368846654892,3.966372546299264e-07
sft_full_seed2,full,2,30000,17650,0.17846309403437816,0.5502559185028076,2.2988415366853587e-05,3.9609806647376033e-07
sft_full_seed2,full,2,30000,17660,0.17856420626895855,0.2834599256515503,2.0538880562526174e-05,3.955590045682407e-07
sft_full_seed2,full,2,30000,17670,0.17866531850353892,9.7341847140342e-05,2.5271083359257318e-05,3.9502006956837873e-07
sft_full_seed2,full,2,30000,17680,0.17876643073811932,0.12630295753479004,5.8889705542242154e-05,3.9448126212903133e-07
sft_full_seed2,full,2,30000,17690,0.1788675429726997,0.16812528371810914,0.002587535185739398,3.939425829049001e-07
sft_full_seed2,full,2,30000,17700,0.1789686552072801,0.22504355907440185,2.2248539607971907e-05,3.9340403255053126e-07
sft_full_seed2,full,2,30000,17710,0.17906976744186046,0.7375895977020264,0.5131855010986328,3.92865611720314e-07
sft_full_seed2,full,2,30000,17720,0.17917087967644085,0.13686758279800415,2.1260575522319414e-05,3.9232732106848086e-07
sft_full_seed2,full,2,30000,17730,0.17927199191102122,0.16201025247573853,0.0005141961155459285,3.9178916124910547e-07
sft_full_seed2,full,2,30000,17740,0.17937310414560162,0.5089794158935547,0.03840973228216171,3.912511329161027e-07
sft_full_seed2,full,2,30000,17750,0.179474216380182,0.3012058973312378,37.76422882080078,3.9071323672322783e-07
sft_full_seed2,full,2,30000,17760,0.1795753286147624,0.027775302529335022,1.1146612167358398,3.901754733240752e-07
sft_full_seed2,full,2,30000,17770,0.17967644084934278,0.02321489304304123,0.0005140483262948692,3.896378433720785e-07
sft_full_seed2,full,2,30000,17780,0.17977755308392315,0.006837625056505203,0.00013424504140857607,3.8910034752050857e-07
sft_full_seed2,full,2,30000,17790,0.17987866531850355,0.8297887802124023,2.4596734874648973e-05,3.885629864224736e-07
sft_full_seed2,full,2,30000,17800,0.17997977755308392,0.9801899909973144,0.01747976429760456,3.8802576073091774e-07
sft_full_seed2,full,2,30000,17810,0.18008088978766432,0.12784329652786255,1.7749665857991204e-05,3.8748867109862124e-07
sft_full_seed2,full,2,30000,17820,0.18018200202224469,0.46541495323181153,4.499019269132987e-05,3.8695171817819825e-07
sft_full_seed2,full,2,30000,17830,0.18028311425682508,0.287265682220459,231.86880493164062,3.864149026220977e-07
sft_full_seed2,full,2,30000,17840,0.18038422649140545,0.0007782842498272657,0.00015195738524198532,3.8587822508260083e-07
sft_full_seed2,full,2,30000,17850,0.18048533872598585,0.0015297498553991317,5.184365272521973,3.853416862118214e-07
sft_full_seed2,full,2,30000,17860,0.18058645096056622,2.7692894218489527e-05,0.00014136468234937638,3.8480528666170485e-07
sft_full_seed2,full,2,30000,17870,0.18068756319514662,0.9940435409545898,199.67115783691406,3.8426902708402694e-07
sft_full_seed2,full,2,30000,17880,0.18078867542972699,0.312565541267395,0.34625044465065,3.83732908130394e-07
sft_full_seed2,full,2,30000,17890,0.18088978766430738,0.33530004024505616,0.0004059772181790322,3.8319693045224087e-07
sft_full_seed2,full,2,30000,17900,0.18099089989888775,0.010491441190242767,2.524330011510756e-05,3.826610947008312e-07
sft_full_seed2,full,2,30000,17910,0.18109201213346815,0.01933126598596573,0.041260380297899246,3.821254015272558e-07
sft_full_seed2,full,2,30000,17920,0.18119312436804855,0.00010918193729594349,0.0001632416679058224,3.8158985158243214e-07
sft_full_seed2,full,2,30000,17930,0.18129423660262892,0.00017872957978397607,1.0456167459487915,3.8105444551710437e-07
sft_full_seed2,full,2,30000,17940,0.1813953488372093,8.753614383749665e-06,0.0005067941383458674,3.805191839818411e-07
sft_full_seed2,full,2,30000,17950,0.18149646107178968,0.02992846965789795,8.045305003179237e-05,3.799840676270356e-07
sft_full_seed2,full,2,30000,17960,0.18159757330637008,0.22879090309143066,0.0008321249042637646,3.7944909710290474e-07
sft_full_seed2,full,2,30000,17970,0.18169868554095045,0.08317846059799194,2.4724342438275926e-05,3.7891427305948806e-07
sft_full_seed2,full,2,30000,17980,0.18179979777553085,0.2709017038345337,3.1833733373787254e-05,3.783795961466471e-07
sft_full_seed2,full,2,30000,17990,0.18190091001011122,0.19603668451309203,37.06239700317383,3.7784506701406505e-07
sft_full_seed2,full,2,30000,18000,0.1820020222446916,0.6472407341003418,0.0474330298602581,3.773106863112451e-07
sft_full_seed2,full,2,30000,18010,0.18210313447927198,0.19195009469985963,0.0005616690614260733,3.7677645468751e-07
sft_full_seed2,full,2,30000,18020,0.18220424671385238,0.023580315709114074,2.4566908905399032e-05,3.762423727920017e-07
sft_full_seed2,full,2,30000,18030,0.18230535894843275,0.3570712089538574,0.27486979961395264,3.757084412736799e-07
sft_full_seed2,full,2,30000,18040,0.18240647118301315,0.03793421983718872,0.09343049675226212,3.751746607813221e-07
sft_full_seed2,full,2,30000,18050,0.18250758341759352,0.4841322422027588,0.1214718148112297,3.746410319635217e-07
sft_full_seed2,full,2,30000,18060,0.1826086956521739,0.2780596733093262,3.626116991043091,3.74107555468688e-07
sft_full_seed2,full,2,30000,18070,0.1827098078867543,0.1917755126953125,0.004436055663973093,3.735742319450453e-07
sft_full_seed2,full,2,30000,18080,0.18281092012133468,0.3366827964782715,0.0006938064470887184,3.730410620406318e-07
sft_full_seed2,full,2,30000,18090,0.18291203235591508,0.4526521682739258,0.00010338373976992443,3.725080464032996e-07
sft_full_seed2,full,2,30000,18100,0.18301314459049545,0.00030571811366826297,0.0017949765315279365,3.719751856807125e-07
sft_full_seed2,full,2,30000,18110,0.18311425682507584,0.04439181983470917,3.766657391679473e-05,3.7144248052034694e-07
sft_full_seed2,full,2,30000,18120,0.1832153690596562,0.7796005725860595,0.02651439979672432,3.709099315694897e-07
sft_full_seed2,full,2,30000,18130,0.1833164812942366,0.11468219757080078,0.00014629932411480695,3.703775394752378e-07
sft_full_seed2,full,2,30000,18140,0.18341759352881698,0.6836612224578857,3.375377127667889e-05,3.698453048844983e-07
sft_full_seed2,full,2,30000,18150,0.18351870576339738,0.09413627982139587,0.020054874941706657,3.6931322844398606e-07
sft_full_seed2,full,2,30000,18160,0.18361981799797775,0.3047902822494507,220.34066772460938,3.6878131080022414e-07
sft_full_seed2,full,2,30000,18170,0.18372093023255814,0.0010017191991209984,0.0019088377011939883,3.6824955259954283e-07
sft_full_seed2,full,2,30000,18180,0.1838220424671385,0.17855907678604127,3.935774293495342e-05,3.677179544880784e-07
sft_full_seed2,full,2,30000,18190,0.1839231547017189,0.0016429070383310318,3.951253165723756e-05,3.671865171117724e-07
sft_full_seed2,full,2,30000,18200,0.18402426693629928,0.19969577789306642,8.235535642597824e-05,3.666552411163718e-07
sft_full_seed2,full,2,30000,18210,0.18412537917087968,0.3007798671722412,170.734619140625,3.661241271474269e-07
sft_full_seed2,full,2,30000,18220,0.18422649140546007,0.18348859548568724,0.0005471582990139723,3.655931758502911e-07
sft_full_seed2,full,2,30000,18230,0.18432760364004044,0.22249901294708252,2.9171285859774798e-05,3.6506238787012036e-07
sft_full_seed2,full,2,30000,18240,0.18442871587462084,0.030177968740463256,2.2559748686035164e-05,3.645317638518721e-07
sft_full_seed2,full,2,30000,18250,0.1845298281092012,0.10961700677871704,0.03396876901388168,3.640013044403045e-07
sft_full_seed2,full,2,30000,18260,0.1846309403437816,0.2808997392654419,209.1782684326172,3.6347101027997607e-07
sft_full_seed2,full,2,30000,18270,0.18473205257836198,0.5001125335693359,0.002876352984458208,3.629408820152439e-07
sft_full_seed2,full,2,30000,18280,0.18483316481294237,0.421823787689209,0.09174612164497375,3.62410920290264e-07
sft_full_seed2,full,2,30000,18290,0.18493427704752274,1.2146223161835223e-05,8.331869321409613e-05,3.618811257489895e-07
sft_full_seed2,full,2,30000,18300,0.18503538928210314,0.02349049150943756,147.94212341308594,3.6135149903517116e-07
sft_full_seed2,full,2,30000,18310,0.1851365015166835,0.011436735093593598,0.001750438823364675,3.6082204079235513e-07
sft_full_seed2,full,2,30000,18320,0.1852376137512639,0.6882336616516114,0.0011196290142834187,3.6029275166388323e-07
sft_full_seed2,full,2,30000,18330,0.18533872598584428,0.3709144592285156,7.249967893585563e-05,3.5976363229289164e-07
sft_full_seed2,full,2,30000,18340,0.18543983822042467,0.13394787311553955,0.0007065319805406034,3.5923468332231e-07
sft_full_seed2,full,2,30000,18350,0.18554095045500504,5.562897058553062e-06,2.1682393708033487e-05,3.5870590539486154e-07
sft_full_seed2,full,2,30000,18360,0.18564206268958544,0.5168869972229004,0.001147411298006773,3.5817729915306133e-07
sft_full_seed2,full,2,30000,18370,0.1857431749241658,0.9279206275939942,287.33599853515625,3.576488652392156e-07
sft_full_seed2,full,2,30000,18380,0.1858442871587462,0.32146155834198,0.01413443312048912,3.5712060429542135e-07
sft_full_seed2,full,2,30000,18390,0.1859453993933266,0.3629418611526489,0.00011147586337756366,3.5659251696356564e-07
sft_full_seed2,full,2,30000,18400,0.18604651162790697,0.2961275100708008,0.0007778895669616759,3.56064603885324e-07
sft_full_seed2,full,2,30000,18410,0.18614762386248737,0.02331119179725647,2.0880841475445777e-05,3.555368657021611e-07
sft_full_seed2,full,2,30000,18420,0.18624873609706774,0.9293102264404297,8.870312012732029e-05,3.550093030553284e-07
sft_full_seed2,full,2,30000,18430,0.18634984833164814,0.005388156324625015,3.1714120268588886e-05,3.544819165858642e-07
sft_full_seed2,full,2,30000,18440,0.1864509605662285,0.15051935911178588,0.02067461796104908,3.5395470693459264e-07
sft_full_seed2,full,2,30000,18450,0.1865520728008089,0.657615327835083,0.03318372741341591,3.5342767474212335e-07
sft_full_seed2,full,2,30000,18460,0.18665318503538927,0.4172630310058594,102.96013641357422,3.5290082064885016e-07
sft_full_seed2,full,2,30000,18470,0.18675429726996967,0.05672959685325622,0.06765544414520264,3.523741452949505e-07
sft_full_seed2,full,2,30000,18480,0.18685540950455004,0.11625845432281494,0.00022455211728811264,3.518476493203845e-07
sft_full_seed2,full,2,30000,18490,0.18695652173913044,0.004710189253091812,40.6257438659668,3.5132133336489445e-07
sft_full_seed2,full,2,30000,18500,0.1870576339737108,0.33610031604766843,0.022230137139558792,3.5079519806800366e-07
sft_full_seed2,full,2,30000,18510,0.1871587462082912,2.960344500024803e-06,0.00352606107480824,3.502692440690165e-07
sft_full_seed2,full,2,30000,18520,0.18725985844287157,0.1586262345314026,0.0030961285810917616,3.497434720070165e-07
sft_full_seed2,full,2,30000,18530,0.18736097067745197,0.5916900157928466,2.4353224944206886e-05,3.492178825208661e-07
sft_full_seed2,full,2,30000,18540,0.18746208291203237,0.17104610204696655,2.1342033505789004e-05,3.486924762492064e-07
sft_full_seed2,full,2,30000,18550,0.18756319514661274,0.2359994411468506,297.0837707519531,3.481672538304553e-07
sft_full_seed2,full,2,30000,18560,0.18766430738119314,0.21984670162200928,0.00012388447066769004,3.4764221590280784e-07
sft_full_seed2,full,2,30000,18570,0.1877654196157735,0.00037777035031467677,3.3663611247902736e-05,3.4711736310423446e-07
sft_full_seed2,full,2,30000,18580,0.1878665318503539,0.15685291290283204,2.288549512741156e-05,3.4659269607248074e-07
sft_full_seed2,full,2,30000,18590,0.18796764408493427,0.2580447196960449,0.00015096875722520053,3.460682154450666e-07
sft_full_seed2,full,2,30000,18600,0.18806875631951467,0.47977619171142577,7.552864553872496e-05,3.455439218592856e-07
sft_full_seed2,full,2,30000,18610,0.18816986855409504,0.3769244909286499,0.02185186930000782,3.4501981595220365e-07
sft_full_seed2,full,2,30000,18620,0.18827098078867543,0.1449958562850952,0.002523299539461732,3.4449589836065915e-07
sft_full_seed2,full,2,30000,18630,0.1883720930232558,0.2380185604095459,142.34239196777344,3.439721697212612e-07
sft_full_seed2,full,2,30000,18640,0.1884732052578362,0.00032138582319021227,5.6258810218423605e-05,3.4344863067038955e-07
sft_full_seed2,full,2,30000,18650,0.18857431749241657,1.640620803833008,144.26808166503906,3.429252818441934e-07
sft_full_seed2,full,2,30000,18660,0.18867542972699697,0.6548240661621094,0.01126161403954029,3.4240212387859093e-07
sft_full_seed2,full,2,30000,18670,0.18877654196157734,0.05021395087242127,0.12564605474472046,3.4187915740926853e-07
sft_full_seed2,full,2,30000,18680,0.18887765419615773,0.21251564025878905,0.00026930085732601583,3.4135638307167957e-07
sft_full_seed2,full,2,30000,18690,0.18897876643073813,0.0067268006503582,0.00010886881500482559,3.408338015010445e-07
sft_full_seed2,full,2,30000,18700,0.1890798786653185,0.7386810779571533,0.007279972080141306,3.4031141333234894e-07
sft_full_seed2,full,2,30000,18710,0.1891809908998989,0.3586484432220459,155.1526641845703,3.3978921920034365e-07
sft_full_seed2,full,2,30000,18720,0.18928210313447927,0.552568006515503,0.02443503960967064,3.392672197395441e-07
sft_full_seed2,full,2,30000,18730,0.18938321536905967,0.07449062466621399,0.004488326143473387,3.387454155842287e-07
sft_full_seed2,full,2,30000,18740,0.18948432760364003,0.034715762734413146,6.780739931855351e-05,3.382238073684386e-07
sft_full_seed2,full,2,30000,18750,0.18958543983822043,0.13794260025024413,1.6268944818875752e-05,3.377023957259771e-07
sft_full_seed2,full,2,30000,18760,0.1896865520728008,0.012921324372291565,2.2186068235896528e-05,3.3718118129040827e-07
sft_full_seed2,full,2,30000,18770,0.1897876643073812,0.6355470180511474,0.00047008844558149576,3.366601646950572e-07
sft_full_seed2,full,2,30000,18780,0.18988877654196157,0.25006053447723386,0.0057793366722762585,3.361393465730079e-07
sft_full_seed2,full,2,30000,18790,0.18998988877654197,0.36768379211425783,1.937522210937459e-05,3.3561872755710365e-07
sft_full_seed2,full,2,30000,18800,0.19009100101112233,0.33946402072906495,4.427903695614077e-05,3.350983082799456e-07
sft_full_seed2,full,2,30000,18810,0.19019211324570273,0.00012352652847766877,4.5535889512393624e-05,3.3457808937389196e-07
sft_full_seed2,full,2,30000,18820,0.1902932254802831,0.002775659039616585,3.518340236041695e-05,3.3405807147105806e-07
sft_full_seed2,full,2,30000,18830,0.1903943377148635,0.7212063789367675,0.0001265936007257551,3.335382552033146e-07
sft_full_seed2,full,2,30000,18840,0.1904954499494439,0.20604631900787354,6.101360321044922,3.3301864120228756e-07
sft_full_seed2,full,2,30000,18850,0.19059656218402427,0.34005351066589357,0.0003977248561568558,3.3249923009935676e-07
sft_full_seed2,full,2,30000,18860,0.19069767441860466,0.25835309028625486,0.00013220963592175394,3.319800225256556e-07
sft_full_seed2,full,2,30000,18870,0.19079878665318503,0.0007956106215715409,0.0009179970365948975,3.314610191120702e-07
sft_full_seed2,full,2,30000,18880,0.19089989888776543,4.1332555701956154e-05,0.00018431500939186662,3.309422204892389e-07
sft_full_seed2,full,2,30000,18890,0.1910010111223458,0.45191226005554197,4.415486546349712e-05,3.304236272875508e-07
sft_full_seed2,full,2,30000,18900,0.1911021233569262,0.3041763067245483,0.00012279838847462088,3.299052401371456e-07
sft_full_seed2,full,2,30000,18910,0.19120323559150657,0.0006121051497757435,9.593093272997066e-05,3.2938705966791246e-07
sft_full_seed2,full,2,30000,18920,0.19130434782608696,0.0006231765262782573,4.827712535858154,3.2886908650948944e-07
sft_full_seed2,full,2,30000,18930,0.19140546006066733,9.83386125881225e-06,0.027061374858021736,3.2835132129126316e-07
sft_full_seed2,full,2,30000,18940,0.19150657229524773,0.0482806921005249,7.953170279506594e-05,3.2783376464236685e-07
sft_full_seed2,full,2,30000,18950,0.1916076845298281,0.13465518951416017,321.4653625488281,3.2731641719168056e-07
sft_full_seed2,full,2,30000,18960,0.1917087967644085,0.06300323009490967,4.9720587412593886e-05,3.267992795678306e-07
sft_full_seed2,full,2,30000,18970,0.19180990899898887,0.04042964875698089,0.00025481460033915937,3.2628235239918745e-07
sft_full_seed2,full,2,30000,18980,0.19191102123356926,0.0005812323186546564,0.0019067412940785289,3.257656363138669e-07
sft_full_seed2,full,2,30000,18990,0.19201213346814966,0.01290571391582489,1.8814453142113052e-05,3.252491319397274e-07
sft_full_seed2,full,2,30000,19000,0.19211324570273003,0.5542377948760986,327.5306091308594,3.2473283990437056e-07
sft_full_seed2,full,2,30000,19010,0.19221435793731043,0.15869978666305543,0.3099430799484253,3.2421676083513984e-07
sft_full_seed2,full,2,30000,19020,0.1923154701718908,0.39746651649475095,0.006171720568090677,3.237008953591198e-07
sft_full_seed2,full,2,30000,19030,0.1924165824064712,0.34619338512420655,127.7148208618164,3.23185244103136e-07
sft_full_seed2,full,2,30000,19040,0.19251769464105156,0.40396785736083984,8.059122774284333e-05,3.2266980769375297e-07
sft_full_seed2,full,2,30000,19050,0.19261880687563196,0.44382848739624026,2.3428503482136875e-05,3.221545867572749e-07
sft_full_seed2,full,2,30000,19060,0.19271991911021233,0.00027378895319998266,8.294112922158092e-05,3.216395819197437e-07
sft_full_seed2,full,2,30000,19070,0.19282103134479273,0.1020964503288269,1.3974831745144911e-05,3.2112479380693867e-07
sft_full_seed2,full,2,30000,19080,0.1929221435793731,0.0005714831873774529,2.98168852168601e-05,3.206102230443759e-07
sft_full_seed2,full,2,30000,19090,0.1930232558139535,3.4451146348146723e-06,2.8829195798607543e-05,3.200958702573076e-07
sft_full_seed2,full,2,30000,19100,0.19312436804853386,0.35853641033172606,2.0158971892669797e-05,3.195817360707207e-07
sft_full_seed2,full,2,30000,19110,0.19322548028311426,0.40424933433532717,0.0001782739709597081,3.1906782110933697e-07
sft_full_seed2,full,2,30000,19120,0.19332659251769463,0.32918362617492675,0.050072427839040756,3.1855412599761136e-07
sft_full_seed2,full,2,30000,19130,0.19342770475227503,0.5524640083312988,5.414113911683671e-05,3.1804065135973165e-07
sft_full_seed2,full,2,30000,19140,0.19352881698685542,0.2376024007797241,207.20118713378906,3.1752739781961835e-07
sft_full_seed2,full,2,30000,19150,0.1936299292214358,0.016592755913734436,7.562825339846313e-05,3.170143660009228e-07
sft_full_seed2,full,2,30000,19160,0.1937310414560162,0.5424470901489258,0.4171070158481598,3.165015565270269e-07
sft_full_seed2,full,2,30000,19170,0.19383215369059656,0.43796730041503906,1.8194135918747634e-05,3.159889700210426e-07
sft_full_seed2,full,2,30000,19180,0.19393326592517696,0.47875008583068845,0.14023710787296295,3.154766071058108e-07
sft_full_seed2,full,2,30000,19190,0.19403437815975733,0.564570140838623,386.08843994140625,3.149644684039008e-07
sft_full_seed2,full,2,30000,19200,0.19413549039433772,0.4601601600646973,0.0012111939722672105,3.1445255453760944e-07
sft_full_seed2,full,2,30000,19210,0.1942366026289181,0.5404279232025146,5.374266766011715e-05,3.139408661289603e-07
sft_full_seed2,full,2,30000,19220,0.1943377148634985,0.005482116714119911,56.180198669433594,3.134294037997031e-07
sft_full_seed2,full,2,30000,19230,0.19443882709807886,4.084859392605722e-06,0.0012003352167084813,3.129181681713127e-07
sft_full_seed2,full,2,30000,19240,0.19453993933265926,0.47574100494384763,2.9348393582040444e-05,3.124071598649885e-07
sft_full_seed2,full,2,30000,19250,0.19464105156723963,0.5380227088928222,315.15460205078125,3.118963795016539e-07
sft_full_seed2,full,2,30000,19260,0.19474216380182002,0.00043140803463757036,2.0542073249816895,3.113858277019554e-07
sft_full_seed2,full,2,30000,19270,0.1948432760364004,0.11856718063354492,0.028595009818673134,3.108755050862614e-07
sft_full_seed2,full,2,30000,19280,0.1949443882709808,0.6918351650238037,2.7189993488718756e-05,3.10365412274662e-07
sft_full_seed2,full,2,30000,19290,0.19504550050556116,0.5138411521911621,0.00012087054346920922,3.0985554988696785e-07
sft_full_seed2,full,2,30000,19300,0.19514661274014156,0.2743280649185181,95.55323028564453,3.0934591854271017e-07
sft_full_seed2,full,2,30000,19310,0.19524772497472195,0.0938678503036499,0.001537953969091177,3.0883651886113904e-07
sft_full_seed2,full,2,30000,19320,0.19534883720930232,0.3750185966491699,0.0017244181362912059,3.083273514612229e-07
sft_full_seed2,full,2,30000,19330,0.19544994944388272,0.45639948844909667,6.0658479924313724e-05,3.0781841696164845e-07
sft_full_seed2,full,2,30000,19340,0.1955510616784631,0.7890349864959717,0.002677857642993331,3.0730971598081867e-07
sft_full_seed2,full,2,30000,19350,0.1956521739130435,0.30873239040374756,0.005279984790831804,3.068012491368537e-07
sft_full_seed2,full,2,30000,19360,0.19575328614762386,0.019202297925949095,5.201792373554781e-05,3.0629301704758844e-07
sft_full_seed2,full,2,30000,19370,0.19585439838220425,0.5584604740142822,0.0003716409846674651,3.0578502033057285e-07
sft_full_seed2,full,2,30000,19380,0.19595551061678462,0.2588529348373413,6.046311682439409e-05,3.052772596030708e-07
sft_full_seed2,full,2,30000,19390,0.19605662285136502,0.32726569175720216,0.9624318480491638,3.047697354820594e-07
sft_full_seed2,full,2,30000,19400,0.1961577350859454,0.4380928039550781,1.693784724920988e-05,3.0426244858422847e-07
sft_full_seed2,full,2,30000,19410,0.1962588473205258,0.05706057548522949,2.427239087410271e-05,3.037553995259794e-07
sft_full_seed2,full,2,30000,19420,0.19635995955510616,0.0006075436249375343,2.5474297217442654e-05,3.0324858892342466e-07
sft_full_seed2,full,2,30000,19430,0.19646107178968655,0.6256621360778809,245.01292419433594,3.0274201739238667e-07
sft_full_seed2,full,2,30000,19440,0.19656218402426692,0.6962390899658203,0.0008678821614012122,3.022356855483978e-07
sft_full_seed2,full,2,30000,19450,0.19666329625884732,0.38366696834564207,184.03488159179688,3.0172959400669886e-07
sft_full_seed2,full,2,30000,19460,0.19676440849342772,0.04417811334133148,3.903127071680501e-05,3.01223743382239e-07
sft_full_seed2,full,2,30000,19470,0.1968655207280081,0.06902446746826171,0.00016237347153946757,3.007181342896742e-07
sft_full_seed2,full,2,30000,19480,0.19696663296258848,0.13804068565368652,0.00011770489800255746,3.002127673433674e-07
sft_full_seed2,full,2,30000,19490,0.19706774519716885,0.002082398720085621,0.0002614034747239202,2.9970764315738703e-07
sft_full_seed2,full,2,30000,19500,0.19716885743174925,0.22114131450653077,0.0013178586959838867,2.992027623455063e-07
sft_full_seed2,full,2,30000,19510,0.19726996966632962,0.0010124445892870427,6.851720333099365,2.986981255212035e-07
sft_full_seed2,full,2,30000,19520,0.19737108190091002,0.36687822341918946,0.987998366355896,2.9819373329765975e-07
sft_full_seed2,full,2,30000,19530,0.1974721941354904,3.0850604525767265e-05,0.00016603480617050081,2.9768958628775895e-07
sft_full_seed2,full,2,30000,19540,0.19757330637007078,0.7086578845977783,5.906418664380908e-05,2.971856851040876e-07
sft_full_seed2,full,2,30000,19550,0.19767441860465115,7.311767549254001e-05,0.00013183032569941133,2.966820303589327e-07
sft_full_seed2,full,2,30000,19560,0.19777553083923155,8.799322531558574e-05,0.7361947894096375,2.9617862266428286e-07
sft_full_seed2,full,2,30000,19570,0.19787664307381192,0.30459492206573485,0.00013478028995450586,2.956754626318255e-07
sft_full_seed2,full,2,30000,19580,0.19797775530839232,0.37634997367858886,0.32757049798965454,2.9517255087294755e-07
sft_full_seed2,full,2,30000,19590,0.1980788675429727,0.3708918809890747,116.78103637695312,2.9466988799873437e-07
sft_full_seed2,full,2,30000,19600,0.19817997977755308,0.1340792655944824,288.23736572265625,2.941674746199685e-07
sft_full_seed2,full,2,30000,19610,0.19828109201213348,0.00011329218978062272,0.0024697151966392994,2.9366531134712966e-07
sft_full_seed2,full,2,30000,19620,0.19838220424671385,0.5750365257263184,0.002451562788337469,2.9316339879039366e-07
sft_full_seed2,full,2,30000,19630,0.19848331648129425,0.10426088571548461,30.04766273498535,2.9266173755963163e-07
sft_full_seed2,full,2,30000,19640,0.19858442871587462,0.00011744637740775942,2.4313359972438775e-05,2.9216032826440924e-07
sft_full_seed2,full,2,30000,19650,0.19868554095045501,0.14760935306549072,0.0023890621960163116,2.916591715139859e-07
sft_full_seed2,full,2,30000,19660,0.19878665318503538,0.43334031105041504,4.908756818622351e-05,2.911582679173142e-07
sft_full_seed2,full,2,30000,19670,0.19888776541961578,0.1288389801979065,0.08114265650510788,2.906576180830398e-07
sft_full_seed2,full,2,30000,19680,0.19898887765419615,0.0004873792640864849,0.0031860985327512026,2.901572226194992e-07
sft_full_seed2,full,2,30000,19690,0.19908998988877655,0.4821903228759766,257.584716796875,2.8965708213471987e-07
sft_full_seed2,full,2,30000,19700,0.19919110212335692,5.4019183153286576e-05,0.05707322433590889,2.8915719723641973e-07
sft_full_seed2,full,2,30000,19710,0.19929221435793731,0.19615567922592164,0.00011776808241847903,2.88657568532006e-07
sft_full_seed2,full,2,30000,19720,0.19939332659251768,0.7302380084991456,5.8434728998690844e-05,2.8815819662857497e-07
sft_full_seed2,full,2,30000,19730,0.19949443882709808,0.22507860660552978,371.7886962890625,2.8765908213291046e-07
sft_full_seed2,full,2,30000,19740,0.19959555106167845,0.200262451171875,1.1712656021118164,2.871602256514836e-07
sft_full_seed2,full,2,30000,19750,0.19969666329625885,0.134091055393219,0.00011447693395894021,2.86661627790452e-07
sft_full_seed2,full,2,30000,19760,0.19979777553083924,0.5002591609954834,0.00024783119442872703,2.86163289155659e-07
sft_full_seed2,full,2,30000,19770,0.19989888776541961,0.013087926805019379,0.005606034304946661,2.8566521035263335e-07
sft_full_seed2,full,2,30000,19780,0.2,0.3783080816268921,89.29113006591797,2.851673919865875e-07
sft_full_seed2,full,2,30000,19790,0.20010111223458038,3.973610364482738e-06,0.0021836368832737207,2.8466983466241767e-07
sft_full_seed2,full,2,30000,19800,0.20020222446916078,0.03793233633041382,0.012401429004967213,2.8417253898470315e-07
sft_full_seed2,full,2,30000,19810,0.20030333670374115,0.08610391020774841,311.8185729980469,2.8367550555770503e-07
sft_full_seed2,full,2,30000,19820,0.20040444893832154,0.29172980785369873,0.010888212360441685,2.831787349853655e-07
sft_full_seed2,full,2,30000,19830,0.2005055611729019,1.229255485534668,8.594696555519477e-05,2.8268222787130803e-07
sft_full_seed2,full,2,30000,19840,0.2006066734074823,0.005399046093225479,0.0006327040027827024,2.821859848188355e-07
sft_full_seed2,full,2,30000,19850,0.20070778564206268,0.0002623259788379073,0.00020081079856026918,2.8169000643092986e-07
sft_full_seed2,full,2,30000,19860,0.20080889787664308,0.304177451133728,0.0006912502576597035,2.811942933102517e-07
sft_full_seed2,full,2,30000,19870,0.20091001011122345,0.6966368198394776,75.90983581542969,2.8069884605913906e-07
sft_full_seed2,full,2,30000,19880,0.20101112234580384,1.455388410249725e-05,6.805159500800073e-05,2.8020366527960736e-07
sft_full_seed2,full,2,30000,19890,0.2011122345803842,0.31377832889556884,0.0014645687770098448,2.797087515733478e-07
sft_full_seed2,full,2,30000,19900,0.2012133468149646,0.000999299343675375,10.313497543334961,2.792141055417272e-07
sft_full_seed2,full,2,30000,19910,0.201314459049545,0.3567040920257568,5.3868763643549755e-05,2.787197277857871e-07
sft_full_seed2,full,2,30000,19920,0.20141557128412538,0.4542048931121826,6.504910561488941e-05,2.7822561890624284e-07
sft_full_seed2,full,2,30000,19930,0.20151668351870577,0.007296577841043472,0.004473933018743992,2.777317795034839e-07
sft_full_seed2,full,2,30000,19940,0.20161779575328614,0.30934092998504636,6.833284714957699e-05,2.772382101775711e-07
sft_full_seed2,full,2,30000,19950,0.20171890798786654,1.4919436944182963e-05,0.0009432412916794419,2.767449115282382e-07
sft_full_seed2,full,2,30000,19960,0.2018200202224469,0.2826152563095093,0.0022315809037536383,2.762518841548894e-07
sft_full_seed2,full,2,30000,19970,0.2019211324570273,0.0027201170101761817,0.00014061472029425204,2.7575912865659923e-07
sft_full_seed2,full,2,30000,19980,0.20202224469160768,0.1581331968307495,32.96058654785156,2.7526664563211243e-07
sft_full_seed2,full,2,30000,19990,0.20212335692618807,3.2623214792693033e-06,2.0272809706511907e-05,2.747744356798422e-07
sft_full_seed2,full,2,30000,20000,0.20222446916076844,0.006944774091243744,0.00044601972331292927,2.7428249939786996e-07
sft_full_seed2,full,2,30000,20010,0.20232558139534884,0.7476334571838379,165.513916015625,2.737908373839448e-07
sft_full_seed2,full,2,30000,20020,0.2024266936299292,8.10258963610977e-05,0.006063404027372599,2.7329945023548226e-07
sft_full_seed2,full,2,30000,20030,0.2025278058645096,0.2938682079315186,6.391574424924329e-05,2.72808338549564e-07
sft_full_seed2,full,2,30000,20040,0.20262891809908998,4.914659075438976e-05,0.0003732277837116271,2.7231750292293735e-07
sft_full_seed2,full,2,30000,20050,0.20273003033367037,0.2478909969329834,5.8835390518652275e-05,2.718269439520138e-07
sft_full_seed2,full,2,30000,20060,0.20283114256825077,0.05672998428344726,0.0001918862690217793,2.7133666223286853e-07
sft_full_seed2,full,2,30000,20070,0.20293225480283114,0.23759958744049073,0.038453273475170135,2.7084665836124004e-07
sft_full_seed2,full,2,30000,20080,0.20303336703741154,0.08596854209899903,0.0003292662731837481,2.703569329325296e-07
sft_full_seed2,full,2,30000,20090,0.2031344792719919,0.2678031921386719,3.066406861762516e-05,2.6986748654179934e-07
sft_full_seed2,full,2,30000,20100,0.2032355915065723,4.653053474612534e-06,0.00023237564892042428,2.6937831978377323e-07
sft_full_seed2,full,2,30000,20110,0.20333670374115267,0.0006095512770116329,0.0002132416848326102,2.688894332528348e-07
sft_full_seed2,full,2,30000,20120,0.20343781597573307,0.010621752589941025,2.9858856578357518e-05,2.684008275430273e-07
sft_full_seed2,full,2,30000,20130,0.20353892821031344,0.6354190826416015,0.00022591237211599946,2.679125032480525e-07
sft_full_seed2,full,2,30000,20140,0.20364004044489384,0.04398164749145508,0.09917560964822769,2.674244609612708e-07
sft_full_seed2,full,2,30000,20150,0.2037411526794742,0.5543774604797364,2.087739994749427e-05,2.6693670127569957e-07
sft_full_seed2,full,2,30000,20160,0.2038422649140546,7.764861220493913e-05,0.00504493759945035,2.6644922478401263e-07
sft_full_seed2,full,2,30000,20170,0.20394337714863497,0.2446342945098877,0.003740133484825492,2.6596203207854e-07
sft_full_seed2,full,2,30000,20180,0.20404448938321537,0.42727999687194823,0.010582806542515755,2.6547512375126656e-07
sft_full_seed2,full,2,30000,20190,0.20414560161779574,1.1340520858764649,321.725341796875,2.6498850039383226e-07
sft_full_seed2,full,2,30000,20200,0.20424671385237614,0.2682303190231323,9.06508430489339e-05,2.6450216259753e-07
sft_full_seed2,full,2,30000,20210,0.20434782608695654,0.3613804817199707,380.7019348144531,2.640161109533063e-07
sft_full_seed2,full,2,30000,20220,0.2044489383215369,0.4372231960296631,54.6579704284668,2.6353034605175934e-07
sft_full_seed2,full,2,30000,20230,0.2045500505561173,0.23365747928619385,0.0002871706092264503,2.630448684831398e-07
sft_full_seed2,full,2,30000,20240,0.20465116279069767,0.003247755020856857,0.0009331819601356983,2.625596788373482e-07
sft_full_seed2,full,2,30000,20250,0.20475227502527807,0.49227371215820315,211.2733917236328,2.6207477770393624e-07
sft_full_seed2,full,2,30000,20260,0.20485338725985844,0.21562571525573732,0.00011294892465230078,2.6159016567210425e-07
sft_full_seed2,full,2,30000,20270,0.20495449949443884,0.2833770751953125,0.00026333288406021893,2.611058433307015e-07
sft_full_seed2,full,2,30000,20280,0.2050556117290192,0.29175353050231934,3.289315282017924e-05,2.6062181126822534e-07
sft_full_seed2,full,2,30000,20290,0.2051567239635996,0.07910907864570618,0.0020271502435207367,2.601380700728203e-07
sft_full_seed2,full,2,30000,20300,0.20525783619817997,0.23773674964904784,0.001522438833490014,2.596546203322777e-07
sft_full_seed2,full,2,30000,20310,0.20535894843276037,0.0031062064692378042,0.0016330147627741098,2.5917146263403457e-07
sft_full_seed2,full,2,30000,20320,0.20546006066734074,0.5471081733703613,3.101395122939721e-05,2.5868859756517293e-07
sft_full_seed2,full,2,30000,20330,0.20556117290192114,0.06409417390823365,7.595214992761612e-05,2.5820602571241947e-07
sft_full_seed2,full,2,30000,20340,0.2056622851365015,0.2668337821960449,0.0010558998910710216,2.577237476621442e-07
sft_full_seed2,full,2,30000,20350,0.2057633973710819,0.014966702461242676,4.5834716729586944e-05,2.5724176400036093e-07
sft_full_seed2,full,2,30000,20360,0.20586450960566227,8.987916226033122e-06,0.00018318384536541998,2.567600753127247e-07
sft_full_seed2,full,2,30000,20370,0.20596562184024267,1.794761774362996e-05,7.146936695789918e-05,2.5627868218453333e-07
sft_full_seed2,full,2,30000,20380,0.20606673407482307,0.46041278839111327,366.39306640625,2.5579758520072444e-07
sft_full_seed2,full,2,30000,20390,0.20616784630940344,0.006727155297994614,0.02613598108291626,2.553167849458761e-07
sft_full_seed2,full,2,30000,20400,0.20626895854398383,0.2901186227798462,0.0007601617253385484,2.548362820042064e-07
sft_full_seed2,full,2,30000,20410,0.2063700707785642,0.17929301261901856,1.8030237697530538e-05,2.543560769595715e-07
sft_full_seed2,full,2,30000,20420,0.2064711830131446,0.3091380834579468,0.0035902520176023245,2.5387617039546584e-07
sft_full_seed2,full,2,30000,20430,0.20657229524772497,0.06183784604072571,0.0005372061277739704,2.53396562895021e-07
sft_full_seed2,full,2,30000,20440,0.20667340748230537,0.00032167532481253147,2.168628454208374,2.5291725504100557e-07
sft_full_seed2,full,2,30000,20450,0.20677451971688574,0.09031582474708558,1.9371655071154237e-05,2.5243824741582335e-07
sft_full_seed2,full,2,30000,20460,0.20687563195146613,0.05827798843383789,0.001856506452895701,2.519595406015143e-07
sft_full_seed2,full,2,30000,20470,0.2069767441860465,0.02245476096868515,4.800716124009341e-05,2.514811351797521e-07
sft_full_seed2,full,2,30000,20480,0.2070778564206269,0.20840852260589598,0.00036761639057658613,2.5100303173184445e-07
sft_full_seed2,full,2,30000,20490,0.20717896865520727,0.5865724563598633,2.360201506235171e-05,2.5052523083873193e-07
sft_full_seed2,full,2,30000,20500,0.20728008088978767,0.15899256467819214,8.077289385255426e-05,2.500477330809881e-07
sft_full_seed2,full,2,30000,20510,0.20738119312436804,0.010452744364738465,0.0004210997431073338,2.495705390388173e-07
sft_full_seed2,full,2,30000,20520,0.20748230535894843,6.441101140808314e-06,0.0008578962879255414,2.490936492920557e-07
sft_full_seed2,full,2,30000,20530,0.20758341759352883,4.376074648462236e-05,0.05592462792992592,2.486170644201692e-07
sft_full_seed2,full,2,30000,20540,0.2076845298281092,0.0012748134322464466,1.8337374058319256e-05,2.4814078500225325e-07
sft_full_seed2,full,2,30000,20550,0.2077856420626896,0.630205774307251,0.023351920768618584,2.476648116170321e-07
sft_full_seed2,full,2,30000,20560,0.20788675429726997,0.5012683391571044,0.00045435462379828095,2.4718914484285877e-07
sft_full_seed2,full,2,30000,20570,0.20798786653185036,0.534635353088379,0.02818680740892887,2.467137852577129e-07
sft_full_seed2,full,2,30000,20580,0.20808897876643073,0.00037608111742883923,9.801948181120679e-05,2.462387334392012e-07
sft_full_seed2,full,2,30000,20590,0.20819009100101113,0.6544395446777344,6.727823347318918e-05,2.4576398996455656e-07
sft_full_seed2,full,2,30000,20600,0.2082912032355915,0.00017710139509290456,0.3885914981365204,2.452895554106368e-07
sft_full_seed2,full,2,30000,20610,0.2083923154701719,0.541201114654541,3.4752807550830767e-05,2.44815430353925e-07
sft_full_seed2,full,2,30000,20620,0.20849342770475227,0.38469116687774657,0.010719778016209602,2.4434161537052775e-07
sft_full_seed2,full,2,30000,20630,0.20859453993933266,0.4960487842559814,0.012683511711657047,2.438681110361747e-07
sft_full_seed2,full,2,30000,20640,0.20869565217391303,0.007995939254760743,0.00013114247121848166,2.433949179262183e-07
sft_full_seed2,full,2,30000,20650,0.20879676440849343,0.11852918863296509,0.0001818447490222752,2.429220366156331e-07
sft_full_seed2,full,2,30000,20660,0.2088978766430738,0.20131378173828124,2.5329933123430237e-05,2.424494676790141e-07
sft_full_seed2,full,2,30000,20670,0.2089989888776542,0.12845407724380492,0.001600911607965827,2.4197721169057743e-07
sft_full_seed2,full,2,30000,20680,0.2091001011122346,0.008406746387481689,0.0014153330121189356,2.415052692241585e-07
sft_full_seed2,full,2,30000,20690,0.20920121334681496,0.35417129993438723,0.00021739109070040286,2.41033640853212e-07
sft_full_seed2,full,2,30000,20700,0.20930232558139536,0.31883749961853025,2.025915455305949e-05,2.405623271508108e-07
sft_full_seed2,full,2,30000,20710,0.20940343781597573,0.2710334062576294,0.0001531010348116979,2.400913286896452e-07
sft_full_seed2,full,2,30000,20720,0.20950455005055613,0.8179415702819824,3.69209265045356e-05,2.3962064604202325e-07
sft_full_seed2,full,2,30000,20730,0.2096056622851365,0.4000700950622559,2.0877039787592366e-05,2.3915027977986856e-07
sft_full_seed2,full,2,30000,20740,0.2097067745197169,0.7833805561065674,271.8934631347656,2.3868023047472047e-07
sft_full_seed2,full,2,30000,20750,0.20980788675429726,0.587592887878418,50.111331939697266,2.382104986977332e-07
sft_full_seed2,full,2,30000,20760,0.20990899898887766,0.2571876525878906,0.11318070441484451,2.3774108501967488e-07
sft_full_seed2,full,2,30000,20770,0.21001011122345803,0.00048542036674916746,5.4955363273620605,2.3727199001092797e-07
sft_full_seed2,full,2,30000,20780,0.21011122345803843,0.22625911235809326,259.4754943847656,2.3680321424148675e-07
sft_full_seed2,full,2,30000,20790,0.2102123356926188,0.3559375762939453,347.207763671875,2.363347582809579e-07
sft_full_seed2,full,2,30000,20800,0.2103134479271992,0.30528314113616944,0.0011141457362100482,2.3586662269855989e-07
sft_full_seed2,full,2,30000,20810,0.21041456016177956,0.22969987392425537,226.1103973388672,2.3539880806312129e-07
sft_full_seed2,full,2,30000,20820,0.21051567239635996,0.7983752250671386,0.00043263030238449574,2.3493131494308138e-07
sft_full_seed2,full,2,30000,20830,0.21061678463094036,0.49970107078552245,0.001257515512406826,2.344641439064881e-07
sft_full_seed2,full,2,30000,20840,0.21071789686552073,0.2896610975265503,180.3424072265625,2.3399729552099838e-07
sft_full_seed2,full,2,30000,20850,0.21081900910010112,0.5346384525299073,0.00011104001896455884,2.335307703538771e-07
sft_full_seed2,full,2,30000,20860,0.2109201213346815,0.4261420726776123,0.0001463968656025827,2.3306456897199617e-07
sft_full_seed2,full,2,30000,20870,0.2110212335692619,0.00014529637992382048,0.00020639754075091332,2.3259869194183411e-07
sft_full_seed2,full,2,30000,20880,0.21112234580384226,0.2708520174026489,0.00780846644192934,2.3213313982947587e-07
sft_full_seed2,full,2,30000,20890,0.21122345803842266,0.00016332941595464945,3.3476953831268474e-05,2.3166791320061092e-07
sft_full_seed2,full,2,30000,20900,0.21132457027300303,0.3126165151596069,92.38159942626953,2.3120301262053348e-07
sft_full_seed2,full,2,30000,20910,0.21142568250758342,0.0034091163426637648,0.0002949813788291067,2.3073843865414161e-07
sft_full_seed2,full,2,30000,20920,0.2115267947421638,6.0716221923939885e-06,0.0008197486167773604,2.3027419186593628e-07
sft_full_seed2,full,2,30000,20930,0.2116279069767442,0.0026949474588036535,0.010471518151462078,2.2981027282002152e-07
sft_full_seed2,full,2,30000,20940,0.21172901921132456,0.2708554744720459,0.0002544471644796431,2.2934668208010232e-07
sft_full_seed2,full,2,30000,20950,0.21183013144590496,6.496821879409254e-06,0.0011535452213138342,2.2888342020948553e-07
sft_full_seed2,full,2,30000,20960,0.21193124368048533,0.24632372856140136,3.814462252194062e-05,2.284204877710778e-07
sft_full_seed2,full,2,30000,20970,0.21203235591506572,0.1182139277458191,0.00035265792394056916,2.2795788532738553e-07
sft_full_seed2,full,2,30000,20980,0.21213346814964612,0.04384157657623291,0.0007559098303318024,2.2749561344051466e-07
sft_full_seed2,full,2,30000,20990,0.2122345803842265,0.0004306652117520571,0.9855536818504333,2.2703367267216895e-07
sft_full_seed2,full,2,30000,21000,0.2123356926188069,0.10358772277832032,0.185842826962471,2.2657206358364995e-07
sft_full_seed2,full,2,30000,21010,0.21243680485338726,0.27045245170593263,0.000342217885190621,2.2611078673585627e-07
sft_full_seed2,full,2,30000,21020,0.21253791708796765,2.289353287778795e-05,0.0001325495686614886,2.256498426892826e-07
sft_full_seed2,full,2,30000,21030,0.21263902932254802,0.00887502059340477,99.34759521484375,2.251892320040198e-07
sft_full_seed2,full,2,30000,21040,0.21274014155712842,0.12627242803573607,0.005397561006247997,2.247289552397531e-07
sft_full_seed2,full,2,30000,21050,0.2128412537917088,0.23200054168701173,6.544684583786875e-05,2.2426901295576212e-07
sft_full_seed2,full,2,30000,21060,0.2129423660262892,0.3860523223876953,4.779870141646825e-05,2.238094057109201e-07
sft_full_seed2,full,2,30000,21070,0.21304347826086956,0.5877147197723389,0.8291290402412415,2.2335013406369302e-07
sft_full_seed2,full,2,30000,21080,0.21314459049544995,0.0011354283429682254,0.00020568762556649745,2.2289119857213966e-07
sft_full_seed2,full,2,30000,21090,0.21324570273003032,0.2898622274398804,0.0019579073414206505,2.224325997939095e-07
sft_full_seed2,full,2,30000,21100,0.21334681496461072,0.04594444036483765,0.0006681095692329109,2.2197433828624368e-07
sft_full_seed2,full,2,30000,21110,0.2134479271991911,0.14231854677200317,296.09716796875,2.2151641460597293e-07
sft_full_seed2,full,2,30000,21120,0.2135490394337715,0.15037975311279297,0.0003364988078828901,2.2105882930951768e-07
sft_full_seed2,full,2,30000,21130,0.21365015166835188,0.3526085376739502,0.2602149546146393,2.206015829528871e-07
sft_full_seed2,full,2,30000,21140,0.21375126390293225,0.516742753982544,142.727783203125,2.2014467609167901e-07
sft_full_seed2,full,2,30000,21150,0.21385237613751265,0.6955459117889404,59.115657806396484,2.1968810928107806e-07
sft_full_seed2,full,2,30000,21160,0.21395348837209302,3.343123535159975e-05,0.005072860978543758,2.1923188307585605e-07
sft_full_seed2,full,2,30000,21170,0.21405460060667342,4.061021900270134e-06,0.0003089526144322008,2.1877599803037078e-07
sft_full_seed2,full,2,30000,21180,0.2141557128412538,0.8456437110900878,64.44526672363281,2.1832045469856543e-07
sft_full_seed2,full,2,30000,21190,0.21425682507583418,0.004267257824540138,0.10665539652109146,2.1786525363396842e-07
sft_full_seed2,full,2,30000,21200,0.21435793731041455,0.39427101612091064,0.0010129670845344663,2.174103953896918e-07
sft_full_seed2,full,2,30000,21210,0.21445904954499495,0.005568623170256614,0.0015255786711350083,2.1695588051843127e-07
sft_full_seed2,full,2,30000,21220,0.21456016177957532,0.3464341163635254,324.4562683105469,2.1650170957246507e-07
sft_full_seed2,full,2,30000,21230,0.21466127401415572,0.20048184394836427,0.10408227145671844,2.1604788310365402e-07
sft_full_seed2,full,2,30000,21240,0.2147623862487361,0.07839345932006836,7.609734166180715e-05,2.155944016634398e-07
sft_full_seed2,full,2,30000,21250,0.21486349848331648,0.13936569690704345,284.6622314453125,2.1514126580284537e-07
sft_full_seed2,full,2,30000,21260,0.21496461071789685,0.15475952625274658,0.07808459550142288,2.146884760724734e-07
sft_full_seed2,full,2,30000,21270,0.21506572295247725,0.377335786819458,2.764504824881442e-05,2.142360330225062e-07
sft_full_seed2,full,2,30000,21280,0.21516683518705762,0.0036920074373483656,0.0002043100685114041,2.1378393720270466e-07
sft_full_seed2,full,2,30000,21290,0.21526794742163802,0.10998393297195434,0.05016425997018814,2.1333218916240757e-07
sft_full_seed2,full,2,30000,21300,0.21536905965621841,4.446253296919167e-05,0.00021695146278943866,2.128807894505319e-07
sft_full_seed2,full,2,30000,21310,0.21547017189079878,0.18348298072814942,2.3172331566456705e-05,2.124297386155706e-07
sft_full_seed2,full,2,30000,21320,0.21557128412537918,0.49214897155761717,325.52569580078125,2.1197903720559303e-07
sft_full_seed2,full,2,30000,21330,0.21567239635995955,0.23350918292999268,3.932453546440229e-05,2.1152868576824378e-07
sft_full_seed2,full,2,30000,21340,0.21577350859453995,0.542462968826294,0.00012017408880637959,2.1107868485074226e-07
sft_full_seed2,full,2,30000,21350,0.21587462082912032,0.0019129646942019462,4.127165811951272e-05,2.1062903499988234e-07
sft_full_seed2,full,2,30000,21360,0.21597573306370071,1.6513098671566695e-05,2.039875471382402e-05,2.1017973676203077e-07
sft_full_seed2,full,2,30000,21370,0.21607684529828108,0.005950780957937241,16.923891067504883,2.097307906831271e-07
sft_full_seed2,full,2,30000,21380,0.21617795753286148,0.23961181640625,0.00010227411985397339,2.0928219730868356e-07
sft_full_seed2,full,2,30000,21390,0.21627906976744185,0.20758202075958251,0.010980417020618916,2.08833957183783e-07
sft_full_seed2,full,2,30000,21400,0.21638018200202225,0.0014771967194974422,3.0076977054704912e-05,2.083860708530798e-07
sft_full_seed2,full,2,30000,21410,0.21648129423660262,0.34957907199859617,0.00015850838099140674,2.0793853886079793e-07
sft_full_seed2,full,2,30000,21420,0.21658240647118301,0.006441105902194977,0.2019137591123581,2.074913617507309e-07
sft_full_seed2,full,2,30000,21430,0.21668351870576338,0.2336214542388916,0.0006970870308578014,2.070445400662411e-07
sft_full_seed2,full,2,30000,21440,0.21678463094034378,0.31757540702819825,0.0005554734379984438,2.0659807435025907e-07
sft_full_seed2,full,2,30000,21450,0.21688574317492418,2.707944659050554e-05,0.0002691854606382549,2.061519651452825e-07
sft_full_seed2,full,2,30000,21460,0.21698685540950455,0.0001571859698742628,0.00017581928113941103,2.0570621299337653e-07
sft_full_seed2,full,2,30000,21470,0.21708796764408494,2.2385225747711957e-05,0.0002890449541155249,2.052608184361718e-07
sft_full_seed2,full,2,30000,21480,0.21718907987866531,0.47319469451904295,0.021047862246632576,2.0481578201486482e-07
sft_full_seed2,full,2,30000,21490,0.2172901921132457,0.47943882942199706,0.5601170063018799,2.0437110427021675e-07
sft_full_seed2,full,2,30000,21500,0.21739130434782608,0.23145439624786376,1.7690774257062003e-05,2.039267857425528e-07
sft_full_seed2,full,2,30000,21510,0.21749241658240648,0.0020726412534713746,2.462439442751929e-05,2.0348282697176218e-07
sft_full_seed2,full,2,30000,21520,0.21759352881698685,0.2211684465408325,0.0006911805830895901,2.0303922849729638e-07
sft_full_seed2,full,2,30000,21530,0.21769464105156724,0.38416433334350586,2.1472318621817976e-05,2.025959908581697e-07
sft_full_seed2,full,2,30000,21540,0.21779575328614761,0.18347848653793336,0.0010370935779064894,2.0215311459295754e-07
sft_full_seed2,full,2,30000,21550,0.217896865520728,9.155964944511652e-05,7.483068475266919e-05,2.0171060023979604e-07
sft_full_seed2,full,2,30000,21560,0.21799797775530838,0.008403988927602768,0.010275032371282578,2.0126844833638228e-07
sft_full_seed2,full,2,30000,21570,0.21809908998988878,0.2795987844467163,137.8339385986328,2.0082665941997234e-07
sft_full_seed2,full,2,30000,21580,0.21820020222446915,0.3713072299957275,0.00018842332065105438,2.0038523402738146e-07
sft_full_seed2,full,2,30000,21590,0.21830131445904954,0.4960019111633301,176.87939453125,1.9994417269498298e-07
sft_full_seed2,full,2,30000,21600,0.21840242669362994,0.4253108024597168,159.29917907714844,1.9950347595870798e-07
sft_full_seed2,full,2,30000,21610,0.2185035389282103,0.01581641435623169,3.2834454032126814e-05,1.990631443540448e-07
sft_full_seed2,full,2,30000,21620,0.2186046511627907,0.2469395399093628,0.0002116732212016359,1.9862317841603776e-07
sft_full_seed2,full,2,30000,21630,0.21870576339737108,0.20370776653289796,3.0551931858062744,1.9818357867928691e-07
sft_full_seed2,full,2,30000,21640,0.21880687563195148,0.009066765755414962,0.0001180916660814546,1.977443456779474e-07
sft_full_seed2,full,2,30000,21650,0.21890798786653184,0.7270844459533692,1.6447660527774133e-05,1.9730547994572856e-07
sft_full_seed2,full,2,30000,21660,0.21900910010111224,4.847519739996642e-05,5.788504859083332e-05,1.968669820158939e-07
sft_full_seed2,full,2,30000,21670,0.2191102123356926,0.1176958441734314,0.0029737730510532856,1.9642885242125962e-07
sft_full_seed2,full,2,30000,21680,0.219211324570273,0.5645828247070312,145.5189666748047,1.9599109169419465e-07
sft_full_seed2,full,2,30000,21690,0.21931243680485338,0.5212416648864746,1.950173020362854,1.9555370036661945e-07
sft_full_seed2,full,2,30000,21700,0.21941354903943378,0.002705473639070988,0.0007632516208104789,1.9511667897000573e-07
sft_full_seed2,full,2,30000,21710,0.21951466127401414,8.380189683521166e-06,0.0002052472555078566,1.9468002803537547e-07
sft_full_seed2,full,2,30000,21720,0.21961577350859454,0.8001153945922852,6.037795901647769e-05,1.9424374809330112e-07
sft_full_seed2,full,2,30000,21730,0.2197168857431749,0.1096113920211792,6.944991764612496e-05,1.938078396739038e-07
sft_full_seed2,full,2,30000,21740,0.2198179979777553,0.43049306869506837,3.157861647196114e-05,1.9337230330685328e-07
sft_full_seed2,full,2,30000,21750,0.2199191102123357,0.17996207475662232,2.6114623324247077e-05,1.9293713952136736e-07
sft_full_seed2,full,2,30000,21760,0.22002022244691607,0.29631428718566893,0.002422236604616046,1.925023488462109e-07
sft_full_seed2,full,2,30000,21770,0.22012133468149647,0.2375330924987793,0.0006534576532430947,1.9206793180969588e-07
sft_full_seed2,full,2,30000,21780,0.22022244691607684,0.31256899833679197,0.04784752428531647,1.916338889396798e-07
sft_full_seed2,full,2,30000,21790,0.22032355915065724,0.008436038345098495,0.0028666057623922825,1.9120022076356573e-07
sft_full_seed2,full,2,30000,21800,0.2204246713852376,0.18689000606536865,0.00015258081839419901,1.9076692780830113e-07
sft_full_seed2,full,2,30000,21810,0.220525783619818,0.5327936172485351,110.44872283935547,1.9033401060037817e-07
sft_full_seed2,full,2,30000,21820,0.22062689585439837,0.007567696273326874,0.0008325805538333952,1.899014696658318e-07
sft_full_seed2,full,2,30000,21830,0.22072800808897877,0.1573415994644165,342.84820556640625,1.8946930553024033e-07
sft_full_seed2,full,2,30000,21840,0.22082912032355914,0.36465978622436523,0.00011521211854415014,1.8903751871872376e-07
sft_full_seed2,full,2,30000,21850,0.22093023255813954,2.009738236665726e-05,1.9221282855141908e-05,1.8860610975594383e-07
sft_full_seed2,full,2,30000,21860,0.2210313447927199,0.0001094943843781948,0.026556020602583885,1.8817507916610303e-07
sft_full_seed2,full,2,30000,21870,0.2211324570273003,0.23983004093170165,3.40536716976203e-05,1.8774442747294405e-07
sft_full_seed2,full,2,30000,21880,0.22123356926188067,2.7536804554983974e-05,0.13428817689418793,1.8731415519974962e-07
sft_full_seed2,full,2,30000,21890,0.22133468149646107,0.0002554399194195867,0.0966399535536766,1.86884262869341e-07
sft_full_seed2,full,2,30000,21900,0.22143579373104147,0.5376562595367431,3.2371168344980106e-05,1.8645475100407786e-07
sft_full_seed2,full,2,30000,21910,0.22153690596562184,0.002925052493810654,0.001034662825986743,1.8602562012585766e-07
sft_full_seed2,full,2,30000,21920,0.22163801820020224,0.5045156478881836,319.55609130859375,1.8559687075611462e-07
sft_full_seed2,full,2,30000,21930,0.2217391304347826,0.22785418033599852,4.03911828994751,1.8516850341582013e-07
sft_full_seed2,full,2,30000,21940,0.221840242669363,0.3229485750198364,0.0002509602636564523,1.8474051862548068e-07
sft_full_seed2,full,2,30000,21950,0.22194135490394337,0.16312521696090698,5.878242518519983e-05,1.843129169051379e-07
sft_full_seed2,full,2,30000,21960,0.22204246713852377,0.17932751178741455,0.003006516257300973,1.838856987743686e-07
sft_full_seed2,full,2,30000,21970,0.22214357937310414,1.385133364237845e-05,0.00010239135735901073,1.834588647522828e-07
sft_full_seed2,full,2,30000,21980,0.22224469160768454,0.44266519546508787,0.0009417053079232574,1.8303241535752434e-07
sft_full_seed2,full,2,30000,21990,0.2223458038422649,0.2208939790725708,3.0375702408491634e-05,1.8260635110826933e-07
sft_full_seed2,full,2,30000,22000,0.2224469160768453,0.2708542585372925,0.0010574418120086193,1.8218067252222597e-07
sft_full_seed2,full,2,30000,22010,0.22254802831142567,0.35037357807159425,1.8053864550893195e-05,1.8175538011663387e-07
sft_full_seed2,full,2,30000,22020,0.22264914054600607,0.3679376125335693,0.0006461801822297275,1.813304744082633e-07
sft_full_seed2,full,2,30000,22030,0.22275025278058644,0.39390451908111573,2.1326565742492676,1.8090595591341507e-07
sft_full_seed2,full,2,30000,22040,0.22285136501516684,0.0024661969393491743,0.9179558157920837,1.80481825147919e-07
sft_full_seed2,full,2,30000,22050,0.22295247724974723,0.35713484287261965,56.43942642211914,1.8005808262713395e-07
sft_full_seed2,full,2,30000,22060,0.2230535894843276,0.692462968826294,371.41485595703125,1.796347288659471e-07
sft_full_seed2,full,2,30000,22070,0.223154701718908,0.002773381769657135,0.014762885868549347,1.79211764378773e-07
sft_full_seed2,full,2,30000,22080,0.22325581395348837,0.0258169949054718,0.006482213269919157,1.7878918967955365e-07
sft_full_seed2,full,2,30000,22090,0.22335692618806877,0.3944204807281494,0.0136346984654665,1.783670052817569e-07
sft_full_seed2,full,2,30000,22100,0.22345803842264914,0.050107014179229734,0.0002894187346100807,1.7794521169837689e-07
sft_full_seed2,full,2,30000,22110,0.22355915065722953,5.94440134591423e-06,0.00034955248702317476,1.7752380944193247e-07
sft_full_seed2,full,2,30000,22120,0.2236602628918099,0.0001925519318319857,0.0016135505866259336,1.7710279902446706e-07
sft_full_seed2,full,2,30000,22130,0.2237613751263903,0.44437375068664553,319.1554260253906,1.7668218095754794e-07
sft_full_seed2,full,2,30000,22140,0.22386248736097067,0.1476057767868042,34.56193542480469,1.7626195575226594e-07
sft_full_seed2,full,2,30000,22150,0.22396359959555107,0.40431718826293944,0.000368207402061671,1.7584212391923426e-07
sft_full_seed2,full,2,30000,22160,0.22406471183013144,0.3794324636459351,7.323799945879728e-05,1.7542268596858812e-07
sft_full_seed2,full,2,30000,22170,0.22416582406471183,0.012665584683418274,0.1552901268005371,1.750036424099841e-07
sft_full_seed2,full,2,30000,22180,0.2242669362992922,0.00037177801132202146,1.6290101484628394e-05,1.7458499375259955e-07
sft_full_seed2,full,2,30000,22190,0.2243680485338726,0.3000179290771484,0.0008150212233886123,1.7416674050513242e-07
sft_full_seed2,full,2,30000,22200,0.224469160768453,0.7375081539154053,1.7759146430762485e-05,1.7374888317579968e-07
sft_full_seed2,full,2,30000,22210,0.22457027300303337,0.17832871675491332,0.00024517171550542116,1.7333142227233727e-07
sft_full_seed2,full,2,30000,22220,0.22467138523761376,0.11782212257385254,0.0005513555370271206,1.7291435830199952e-07
sft_full_seed2,full,2,30000,22230,0.22477249747219413,1.012697124481201,72.15394592285156,1.7249769177155877e-07
sft_full_seed2,full,2,30000,22240,0.22487360970677453,0.056717860698699954,0.00121086067520082,1.7208142318730378e-07
sft_full_seed2,full,2,30000,22250,0.2249747219413549,0.33751883506774905,0.000249765464104712,1.7166555305504048e-07
sft_full_seed2,full,2,30000,22260,0.2250758341759353,2.1734662004746498e-05,0.0017253332771360874,1.7125008188009016e-07
sft_full_seed2,full,2,30000,22270,0.22517694641051567,0.5034291267395019,258.50030517578125,1.708350101672894e-07
sft_full_seed2,full,2,30000,22280,0.22527805864509606,1.6696139937266707e-05,0.0001475398166803643,1.7042033842098958e-07
sft_full_seed2,full,2,30000,22290,0.22537917087967643,2.12237355299294e-05,3.52275965269655e-05,1.7000606714505566e-07
sft_full_seed2,full,2,30000,22300,0.22548028311425683,8.391962910536677e-06,0.0026357085444033146,1.6959219684286679e-07
sft_full_seed2,full,2,30000,22310,0.2255813953488372,0.06369646787643432,0.004873640835285187,1.6917872801731415e-07
sft_full_seed2,full,2,30000,22320,0.2256825075834176,0.14216755628585814,0.002109249820932746,1.6876566117080137e-07
sft_full_seed2,full,2,30000,22330,0.22578361981799797,0.5085017681121826,201.44166564941406,1.683529968052437e-07
sft_full_seed2,full,2,30000,22340,0.22588473205257836,0.12585328817367553,0.0035996318329125643,1.6794073542206688e-07
sft_full_seed2,full,2,30000,22350,0.22598584428715873,0.11767367124557496,0.03545045852661133,1.675288775222079e-07
sft_full_seed2,full,2,30000,22360,0.22608695652173913,0.45844268798828125,0.01774733141064644,1.6711742360611274e-07
sft_full_seed2,full,2,30000,22370,0.22618806875631953,0.4257686138153076,0.00025865386123768985,1.667063741737365e-07
sft_full_seed2,full,2,30000,22380,0.2262891809908999,0.00011584780877456069,0.16010630130767822,1.6629572972454332e-07
sft_full_seed2,full,2,30000,22390,0.2263902932254803,0.0002673638751730323,0.044931210577487946,1.6588549075750462e-07
sft_full_seed2,full,2,30000,22400,0.22649140546006066,0.055671471357345584,0.00016230344772338867,1.6547565777109972e-07
sft_full_seed2,full,2,30000,22410,0.22659251769464106,0.8463475227355957,8.879872621037066e-05,1.6506623126331427e-07
sft_full_seed2,full,2,30000,22420,0.22669362992922143,0.5117016792297363,265.52008056640625,1.6465721173164e-07
sft_full_seed2,full,2,30000,22430,0.22679474216380183,0.00037631576415151355,0.004301795270293951,1.6424859967307425e-07
sft_full_seed2,full,2,30000,22440,0.2268958543983822,0.17342183589935303,0.0002398306387476623,1.63840395584119e-07
sft_full_seed2,full,2,30000,22450,0.2269969666329626,0.5130429744720459,339.1183166503906,1.6343259996078106e-07
sft_full_seed2,full,2,30000,22460,0.22709807886754296,0.22921035289764405,0.011197439394891262,1.6302521329857043e-07
sft_full_seed2,full,2,30000,22470,0.22719919110212336,0.0584644615650177,0.0003082348848693073,1.6261823609250025e-07
sft_full_seed2,full,2,30000,22480,0.22730030333670373,4.0371571230934935e-06,0.009287669323384762,1.6221166883708625e-07
sft_full_seed2,full,2,30000,22490,0.22740141557128413,0.19182614088058472,4.737754716188647e-05,1.6180551202634602e-07
sft_full_seed2,full,2,30000,22500,0.2275025278058645,0.18349431753158568,0.09266930818557739,1.6139976615379808e-07
sft_full_seed2,full,2,30000,22510,0.2276036400404449,0.288387393951416,5.735060040024109e-05,1.609944317124624e-07
sft_full_seed2,full,2,30000,22520,0.2277047522750253,0.7216906070709228,0.006270522717386484,1.6058950919485819e-07
sft_full_seed2,full,2,30000,22530,0.22780586450960566,0.4381155490875244,0.016615530475974083,1.6018499909300474e-07
sft_full_seed2,full,2,30000,22540,0.22790697674418606,0.1257779121398926,8.986037573777139e-05,1.5978090189841987e-07
sft_full_seed2,full,2,30000,22550,0.22800808897876643,0.19674365520477294,6.984926585573703e-05,1.5937721810211957e-07
sft_full_seed2,full,2,30000,22560,0.22810920121334682,0.13804306983947753,0.0002121033176081255,1.5897394819461813e-07
sft_full_seed2,full,2,30000,22570,0.2282103134479272,5.525944288820028e-05,0.00010172288602916524,1.5857109266592623e-07
sft_full_seed2,full,2,30000,22580,0.2283114256825076,0.3012134552001953,4.042917498736642e-05,1.581686520055514e-07
sft_full_seed2,full,2,30000,22590,0.22841253791708796,0.041244369745254514,0.0004937592311762273,1.5776662670249702e-07
sft_full_seed2,full,2,30000,22600,0.22851365015166836,0.1755499005317688,0.016556276008486748,1.5736501724526148e-07
sft_full_seed2,full,2,30000,22610,0.22861476238624873,0.05054221749305725,0.011473721824586391,1.5696382412183851e-07
sft_full_seed2,full,2,30000,22620,0.22871587462082912,0.37889690399169923,0.019560590386390686,1.5656304781971546e-07
sft_full_seed2,full,2,30000,22630,0.2288169868554095,0.3878352403640747,0.0006859541754238307,1.561626888258733e-07
sft_full_seed2,full,2,30000,22640,0.2289180990899899,8.450112072750926e-05,3.740114698302932e-05,1.5576274762678593e-07
sft_full_seed2,full,2,30000,22650,0.22901921132457026,0.19024916887283325,0.0008287111995741725,1.553632247084195e-07
sft_full_seed2,full,2,30000,22660,0.22912032355915066,0.005883403122425079,2.9731934773735702e-05,1.5496412055623237e-07
sft_full_seed2,full,2,30000,22670,0.22922143579373105,0.44966912269592285,462.012939453125,1.5456543565517334e-07
sft_full_seed2,full,2,30000,22680,0.22932254802831142,0.2856270790100098,0.0005186433554627001,1.5416717048968247e-07
sft_full_seed2,full,2,30000,22690,0.22942366026289182,0.015847471356391907,1.6556965420022607e-05,1.5376932554368937e-07
sft_full_seed2,full,2,30000,22700,0.2295247724974722,0.3258673667907715,290.6607360839844,1.5337190130061317e-07
sft_full_seed2,full,2,30000,22710,0.2296258847320526,0.2659196138381958,1.9480370610835962e-05,1.5297489824336162e-07
sft_full_seed2,full,2,30000,22720,0.22972699696663296,0.001059614960104227,0.1082182228565216,1.525783168543312e-07
sft_full_seed2,full,2,30000,22730,0.22982810920121335,0.002657158859074116,0.0018348055891692638,1.5218215761540548e-07
sft_full_seed2,full,2,30000,22740,0.22992922143579372,1.9130573491565883e-05,0.09477881342172623,1.517864210079554e-07
sft_full_seed2,full,2,30000,22750,0.23003033367037412,0.24896547794342042,0.0001469937269575894,1.513911075128382e-07
sft_full_seed2,full,2,30000,22760,0.2301314459049545,0.03252163827419281,0.00012067349598510191,1.5099621761039683e-07
sft_full_seed2,full,2,30000,22770,0.2302325581395349,0.2959223985671997,0.0004870904085692018,1.5060175178046014e-07
sft_full_seed2,full,2,30000,22780,0.23033367037411526,0.13445373773574829,2.0605030059814453,1.5020771050234115e-07
sft_full_seed2,full,2,30000,22790,0.23043478260869565,0.023114044964313508,0.0018896817928180099,1.4981409425483716e-07
sft_full_seed2,full,2,30000,22800,0.23053589484327602,0.056720614433288574,0.0003221255319658667,1.4942090351622883e-07
sft_full_seed2,full,2,30000,22810,0.23063700707785642,0.004234504699707031,0.0003443452587816864,1.490281387642804e-07
sft_full_seed2,full,2,30000,22820,0.23073811931243682,0.00033756163902580737,0.0003996657324023545,1.4863580047623763e-07
sft_full_seed2,full,2,30000,22830,0.2308392315470172,0.01707873195409775,22.812894821166992,1.4824388912882895e-07
sft_full_seed2,full,2,30000,22840,0.23094034378159758,0.23754682540893554,5.232339754002169e-05,1.4785240519826342e-07
sft_full_seed2,full,2,30000,22850,0.23104145601617795,0.4483433723449707,334.4775390625,1.4746134916023094e-07
sft_full_seed2,full,2,30000,22860,0.23114256825075835,0.0006277750711888075,6.389812187990174e-05,1.470707214899014e-07
sft_full_seed2,full,2,30000,22870,0.23124368048533872,0.8452532768249512,187.72091674804688,1.4668052266192422e-07
sft_full_seed2,full,2,30000,22880,0.23134479271991912,0.12437562942504883,0.00010446178202982992,1.4629075315042794e-07
sft_full_seed2,full,2,30000,22890,0.2314459049544995,0.11056127548217773,0.0005126081523485482,1.4590141342901924e-07
sft_full_seed2,full,2,30000,22900,0.23154701718907988,0.013004334270954132,0.0051772152073681355,1.455125039707825e-07
sft_full_seed2,full,2,30000,22910,0.23164812942366025,0.1258480429649353,0.32282957434654236,1.4512402524827945e-07
sft_full_seed2,full,2,30000,22920,0.23174924165824065,0.5250797271728516,0.00017481592658441514,1.4473597773354816e-07
sft_full_seed2,full,2,30000,22930,0.23185035389282102,0.1586698055267334,1.815567520679906e-05,1.4434836189810335e-07
sft_full_seed2,full,2,30000,22940,0.23195146612740142,0.6916786670684815,128.74371337890625,1.439611782129345e-07
sft_full_seed2,full,2,30000,22950,0.2320525783619818,0.40422735214233396,0.017176050692796707,1.4357442714850632e-07
sft_full_seed2,full,2,30000,22960,0.23215369059656218,0.00013850543182343246,7.280836871359497e-05,1.4318810917475798e-07
sft_full_seed2,full,2,30000,22970,0.23225480283114258,3.39413556503132e-05,0.012511467561125755,1.4280222476110204e-07
sft_full_seed2,full,2,30000,22980,0.23235591506572295,0.8276539802551269,0.004322052467614412,1.424167743764247e-07
sft_full_seed2,full,2,30000,22990,0.23245702730030335,0.3250201940536499,0.0001522110978839919,1.4203175848908437e-07
sft_full_seed2,full,2,30000,23000,0.23255813953488372,0.08601687550544738,0.0009376654052175581,1.4164717756691174e-07
sft_full_seed2,full,2,30000,23010,0.23265925176946411,4.927243571728468e-06,0.00010450164700159803,1.412630320772088e-07
sft_full_seed2,full,2,30000,23020,0.23276036400404448,0.12171517610549927,9.853656229097396e-05,1.408793224867484e-07
sft_full_seed2,full,2,30000,23030,0.23286147623862488,1.120952320098877,366.2381896972656,1.4049604926177422e-07
sft_full_seed2,full,2,30000,23040,0.23296258847320525,0.254198956489563,4.7077384806470945e-05,1.4011321286799916e-07
sft_full_seed2,full,2,30000,23050,0.23306370070778565,0.48299622535705566,4.305046604713425e-05,1.3973081377060565e-07
sft_full_seed2,full,2,30000,23060,0.23316481294236602,0.056983339786529544,0.11618267744779587,1.393488524342445e-07
sft_full_seed2,full,2,30000,23070,0.23326592517694641,0.0023724645376205443,0.00028479122556746006,1.3896732932303484e-07
sft_full_seed2,full,2,30000,23080,0.23336703741152678,0.42516260147094725,0.01283180806785822,1.3858624490056303e-07
sft_full_seed2,full,2,30000,23090,0.23346814964610718,0.10972812175750732,9.290337766287848e-05,1.38205599629883e-07
sft_full_seed2,full,2,30000,23100,0.23356926188068755,0.00900457501411438,0.0005563566228374839,1.3782539397351416e-07
sft_full_seed2,full,2,30000,23110,0.23367037411526795,0.6125725269317627,0.010123702697455883,1.3744562839344265e-07
sft_full_seed2,full,2,30000,23120,0.23377148634984835,9.604593506082893e-05,5.942531061009504e-05,1.370663033511193e-07
sft_full_seed2,full,2,30000,23130,0.23387259858442871,0.6235116004943848,2.6451740268385038e-05,1.3668741930745964e-07
sft_full_seed2,full,2,30000,23140,0.2339737108190091,0.1907394528388977,5.830574446008541e-05,1.363089767228438e-07
sft_full_seed2,full,2,30000,23150,0.23407482305358948,0.23380906581878663,4.3345145968487486e-05,1.3593097605711505e-07
sft_full_seed2,full,2,30000,23160,0.23417593528816988,7.756350096315146e-05,0.35047483444213867,1.355534177695799e-07
sft_full_seed2,full,2,30000,23170,0.23427704752275025,0.0002293640049174428,0.00037389431963674724,1.3517630231900722e-07
sft_full_seed2,full,2,30000,23180,0.23437815975733065,0.18134870529174804,447.3234558105469,1.3479963016362765e-07
sft_full_seed2,full,2,30000,23190,0.23447927199191101,0.3041854381561279,6.675177428405732e-05,1.3442340176113376e-07
sft_full_seed2,full,2,30000,23200,0.2345803842264914,2.669106179382652e-05,7.765646296320483e-05,1.3404761756867838e-07
sft_full_seed2,full,2,30000,23210,0.23468149646107178,0.11813781261444092,0.0004613482451532036,1.3367227804287467e-07
sft_full_seed2,full,2,30000,23220,0.23478260869565218,0.004028366133570671,0.0001312764798058197,1.3329738363979558e-07
sft_full_seed2,full,2,30000,23230,0.23488372093023255,0.31316256523132324,0.0001313598913839087,1.3292293481497307e-07
sft_full_seed2,full,2,30000,23240,0.23498483316481295,0.19178732633590698,252.28521728515625,1.3254893202339796e-07
sft_full_seed2,full,2,30000,23250,0.23508594539939331,0.2502070426940918,0.00045785275870002806,1.321753757195187e-07
sft_full_seed2,full,2,30000,23260,0.2351870576339737,0.17347704172134398,212.62330627441406,1.3180226635724167e-07
sft_full_seed2,full,2,30000,23270,0.23528816986855408,0.07847384810447693,5.65075060876552e-05,1.314296043899298e-07
sft_full_seed2,full,2,30000,23280,0.23538928210313448,0.8001523017883301,4.0740520489634946e-05,1.3105739027040248e-07
sft_full_seed2,full,2,30000,23290,0.23549039433771488,0.3876800060272217,0.06260959804058075,1.306856244509349e-07
sft_full_seed2,full,2,30000,23300,0.23559150657229525,0.15451555252075194,0.00011821427324321121,1.3031430738325778e-07
sft_full_seed2,full,2,30000,23310,0.23569261880687564,0.0013091900385916234,0.0021133909467607737,1.299434395185563e-07
sft_full_seed2,full,2,30000,23320,0.235793731041456,0.7564873218536377,3.865902544930577e-05,1.2957302130746988e-07
sft_full_seed2,full,2,30000,23330,0.2358948432760364,0.32513277530670165,0.0005007490981370211,1.292030532000915e-07
sft_full_seed2,full,2,30000,23340,0.23599595551061678,0.437714958190918,0.00042823731200769544,1.2883353564596727e-07
sft_full_seed2,full,2,30000,23350,0.23609706774519718,0.3919945478439331,0.0005908499006181955,1.2846446909409603e-07
sft_full_seed2,full,2,30000,23360,0.23619817997977754,0.41684985160827637,9.340525866718963e-05,1.2809585399292837e-07
sft_full_seed2,full,2,30000,23370,0.23629929221435794,0.027565166354179382,0.0003916645946446806,1.277276907903664e-07
sft_full_seed2,full,2,30000,23380,0.2364004044489383,0.13455761671066285,0.0001821957848733291,1.2735997993376295e-07
sft_full_seed2,full,2,30000,23390,0.2365015166835187,0.18792457580566407,5.728700489271432e-05,1.2699272186992165e-07
sft_full_seed2,full,2,30000,23400,0.23660262891809908,0.33750627040863035,0.00012136372970417142,1.2662591704509545e-07
sft_full_seed2,full,2,30000,23410,0.23670374115267948,0.5444780349731445,0.0013326873304322362,1.262595659049871e-07
sft_full_seed2,full,2,30000,23420,0.23680485338725984,0.00022205668501555919,0.00010950135765597224,1.2589366889474757e-07
sft_full_seed2,full,2,30000,23430,0.23690596562184024,0.0004172668792307377,0.027160579338669777,1.255282264589762e-07
sft_full_seed2,full,2,30000,23440,0.23700707785642064,0.20766520500183105,0.07772120833396912,1.2516323904171999e-07
sft_full_seed2,full,2,30000,23450,0.237108190091001,0.005702491477131843,2.5234768390655518,1.2479870708647322e-07
sft_full_seed2,full,2,30000,23460,0.2372093023255814,0.13249778747558594,0.009799267165362835,1.2443463103617657e-07
sft_full_seed2,full,2,30000,23470,0.23731041456016178,0.1258421301841736,448.1688537597656,1.2407101133321669e-07
sft_full_seed2,full,2,30000,23480,0.23741152679474217,0.7715449810028077,0.0008938395767472684,1.2370784841942582e-07
sft_full_seed2,full,2,30000,23490,0.23751263902932254,0.18285787105560303,0.06821625679731369,1.2334514273608114e-07
sft_full_seed2,full,2,30000,23500,0.23761375126390294,0.27950642108917234,0.007842658087611198,1.2298289472390416e-07
sft_full_seed2,full,2,30000,23510,0.2377148634984833,0.4437380313873291,46.22703170776367,1.226211048230606e-07
sft_full_seed2,full,2,30000,23520,0.2378159757330637,0.5376878261566163,251.84866333007812,1.2225977347315918e-07
sft_full_seed2,full,2,30000,23530,0.23791708796764408,0.19180033206939698,9.685215627541766e-05,1.2189890111325146e-07
sft_full_seed2,full,2,30000,23540,0.23801820020222447,0.7512940883636474,403.4261169433594,1.215384881818316e-07
sft_full_seed2,full,2,30000,23550,0.23811931243680484,0.0014468776062130928,5.234821796417236,1.2117853511683508e-07
sft_full_seed2,full,2,30000,23560,0.23822042467138524,0.3083467721939087,0.02138875238597393,1.2081904235563905e-07
sft_full_seed2,full,2,30000,23570,0.2383215369059656,0.607335376739502,174.63327026367188,1.2046001033506097e-07
sft_full_seed2,full,2,30000,23580,0.238422649140546,0.36667304039001464,0.0006859422428533435,1.2010143949135865e-07
sft_full_seed2,full,2,30000,23590,0.2385237613751264,0.0042603276669979095,0.0003000967262778431,1.1974333026022937e-07
sft_full_seed2,full,2,30000,23600,0.23862487360970677,0.01600046008825302,0.010951814241707325,1.1938568307680963e-07
sft_full_seed2,full,2,30000,23610,0.23872598584428717,0.3220794916152954,0.0005465629510581493,1.1902849837567463e-07
sft_full_seed2,full,2,30000,23620,0.23882709807886754,0.4676641941070557,0.00022246906883083284,1.1867177659083738e-07
sft_full_seed2,full,2,30000,23630,0.23892821031344794,0.4432815074920654,0.00014006684068590403,1.1831551815574847e-07
sft_full_seed2,full,2,30000,23640,0.2390293225480283,0.6394209861755371,76.27616119384766,1.1795972350329552e-07
sft_full_seed2,full,2,30000,23650,0.2391304347826087,1.2185996456537396e-05,0.0002045430737780407,1.1760439306580238e-07
sft_full_seed2,full,2,30000,23660,0.23923154701718907,5.665895878337324e-05,0.003185025881975889,1.172495272750294e-07
sft_full_seed2,full,2,30000,23670,0.23933265925176947,0.2960192680358887,131.44834899902344,1.1689512656217177e-07
sft_full_seed2,full,2,30000,23680,0.23943377148634984,0.5247581958770752,0.0002600867592263967,1.1654119135785962e-07
sft_full_seed2,full,2,30000,23690,0.23953488372093024,0.00019772297237068414,1.1478081941604614,1.1618772209215793e-07
sft_full_seed2,full,2,30000,23700,0.2396359959555106,0.8259784698486328,347.4844055175781,1.1583471919456506e-07
sft_full_seed2,full,2,30000,23710,0.239737108190091,0.4627655506134033,8.076457743300125e-05,1.1548218309401264e-07
sft_full_seed2,full,2,30000,23720,0.23983822042467137,0.23397500514984132,0.0008708673994988203,1.1513011421886553e-07
sft_full_seed2,full,2,30000,23730,0.23993933265925177,0.5636884689331054,167.47117614746094,1.1477851299692054e-07
sft_full_seed2,full,2,30000,23740,0.24004044489383217,0.5377282619476318,7.472329889424145e-05,1.1442737985540629e-07
sft_full_seed2,full,2,30000,23750,0.24014155712841254,0.08185097575187683,0.025082264095544815,1.140767152209826e-07
sft_full_seed2,full,2,30000,23760,0.24024266936299293,0.3623203277587891,3.573712092475034e-05,1.1372651951974e-07
sft_full_seed2,full,2,30000,23770,0.2403437815975733,0.7692772388458252,0.007943101227283478,1.133767931771995e-07
sft_full_seed2,full,2,30000,23780,0.2404448938321537,0.002633611857891083,0.002116435207426548,1.130275366183115e-07
sft_full_seed2,full,2,30000,23790,0.24054600606673407,0.4784965991973877,0.00021667529654223472,1.1267875026745561e-07
sft_full_seed2,full,2,30000,23800,0.24064711830131447,0.397578763961792,0.9007656574249268,1.1233043454844016e-07
sft_full_seed2,full,2,30000,23810,0.24074823053589484,0.07132124304771423,3.1900653993943706e-05,1.1198258988450143e-07
sft_full_seed2,full,2,30000,23820,0.24084934277047523,0.00026709744706749917,2.336991310119629,1.1163521669830367e-07
sft_full_seed2,full,2,30000,23830,0.2409504550050556,0.00020608038175851107,0.00666369404643774,1.1128831541193817e-07
sft_full_seed2,full,2,30000,23840,0.241051567239636,3.5799600300379095e-05,0.00025671362527646124,1.1094188644692253e-07
sft_full_seed2,full,2,30000,23850,0.24115267947421637,0.0034409385174512864,0.6671376824378967,1.1059593022420067e-07
sft_full_seed2,full,2,30000,23860,0.24125379170879677,0.35842673778533934,0.7684720754623413,1.1025044716414183e-07
sft_full_seed2,full,2,30000,23870,0.24135490394337714,0.15037301778793336,0.00022044153593014926,1.0990543768654081e-07
sft_full_seed2,full,2,30000,23880,0.24145601617795753,0.21006627082824708,0.0009224479435943067,1.0956090221061653e-07
sft_full_seed2,full,2,30000,23890,0.24155712841253793,0.14215409755706787,0.00014971241762395948,1.0921684115501207e-07
sft_full_seed2,full,2,30000,23900,0.2416582406471183,0.17518131732940673,0.00011074965732404962,1.0887325493779403e-07
sft_full_seed2,full,2,30000,23910,0.2417593528816987,0.15037734508514405,0.00032695833942852914,1.0853014397645205e-07
sft_full_seed2,full,2,30000,23920,0.24186046511627907,0.37970335483551027,0.00010190429020440206,1.0818750868789828e-07
sft_full_seed2,full,2,30000,23930,0.24196157735085946,0.1427755832672119,0.000155725036165677,1.0784534948846702e-07
sft_full_seed2,full,2,30000,23940,0.24206268958543983,0.34379074573516843,266.1578369140625,1.0750366679391392e-07
sft_full_seed2,full,2,30000,23950,0.24216380182002023,0.30127601623535155,0.00025402914616279304,1.0716246101941557e-07
sft_full_seed2,full,2,30000,23960,0.2422649140546006,5.857544601894915e-05,0.00015350601461250335,1.0682173257956933e-07
sft_full_seed2,full,2,30000,23970,0.242366026289181,0.32917799949646,0.012128454633057117,1.0648148188839217e-07
sft_full_seed2,full,2,30000,23980,0.24246713852376137,0.43578286170959474,0.0005529847694560885,1.0614170935932099e-07
sft_full_seed2,full,2,30000,23990,0.24256825075834176,0.4532458782196045,8.891279867384583e-05,1.058024154052114e-07
sft_full_seed2,full,2,30000,24000,0.24266936299292213,0.07850265502929688,0.0003467892820481211,1.0546360043833746e-07
sft_full_seed2,full,2,30000,24010,0.24277047522750253,1.5499933215323836e-05,6.861921428935602e-05,1.0512526487039136e-07
sft_full_seed2,full,2,30000,24020,0.2428715874620829,0.4932999610900879,43.24817657470703,1.0478740911248257e-07
sft_full_seed2,full,2,30000,24030,0.2429726996966633,0.0006970216520130635,0.00034050983958877623,1.0445003357513793e-07
sft_full_seed2,full,2,30000,24040,0.2430738119312437,0.003428136557340622,0.2644874155521393,1.041131386683004e-07
sft_full_seed2,full,2,30000,24050,0.24317492416582406,0.6811222076416016,0.0028846152126789093,1.0377672480132915e-07
sft_full_seed2,full,2,30000,24060,0.24327603640040446,8.11405188869685e-06,0.00010152041068067774,1.0344079238299863e-07
sft_full_seed2,full,2,30000,24070,0.24337714863498483,0.34585418701171877,0.0004774067783728242,1.0310534182149832e-07
sft_full_seed2,full,2,30000,24080,0.24347826086956523,0.0014685631729662418,0.00028853098046965897,1.0277037352443258e-07
sft_full_seed2,full,2,30000,24090,0.2435793731041456,0.7541738510131836,5.416285785031505e-05,1.0243588789881929e-07
sft_full_seed2,full,2,30000,24100,0.243680485338726,0.3335550546646118,0.0006299006636254489,1.0210188535108993e-07
sft_full_seed2,full,2,30000,24110,0.24378159757330636,0.5660680770874024,6.43427629256621e-05,1.0176836628708934e-07
sft_full_seed2,full,2,30000,24120,0.24388270980788676,0.0015478519722819327,0.00022877284209243953,1.0143533111207453e-07
sft_full_seed2,full,2,30000,24130,0.24398382204246713,0.50482177734375,0.0024790065363049507,1.0110278023071445e-07
sft_full_seed2,full,2,30000,24140,0.24408493427704753,0.4880324363708496,0.09095671027898788,1.0077071404709009e-07
sft_full_seed2,full,2,30000,24150,0.2441860465116279,0.17523115873336792,0.0005150342476554215,1.0043913296469298e-07
sft_full_seed2,full,2,30000,24160,0.2442871587462083,0.016842374205589296,159.52838134765625,1.0010803738642548e-07
sft_full_seed2,full,2,30000,24170,0.24438827098078866,3.357824170961976e-05,0.003139567095786333,9.977742771459991e-08
sft_full_seed2,full,2,30000,24180,0.24448938321536906,0.28424735069274903,0.00809319969266653,9.944730435093801e-08
sft_full_seed2,full,2,30000,24190,0.24459049544994946,0.16851288080215454,14.428229331970215,9.911766769657115e-08
sft_full_seed2,full,2,30000,24200,0.24469160768452983,0.1252177596092224,0.0001548123691463843,9.878851815203881e-08
sft_full_seed2,full,2,30000,24210,0.24479271991911022,0.38912980556488036,543.0353393554688,9.845985611728863e-08
sft_full_seed2,full,2,30000,24220,0.2448938321536906,0.3750770568847656,0.0020365198142826557,9.813168199167604e-08
sft_full_seed2,full,2,30000,24230,0.244994944388271,0.33910884857177737,8.037204679567367e-05,9.78039961739634e-08
sft_full_seed2,full,2,30000,24240,0.24509605662285136,0.2916843414306641,0.003233554307371378,9.747679906232015e-08
sft_full_seed2,full,2,30000,24250,0.24519716885743176,0.18208273649215698,0.0008226502104662359,9.715009105432137e-08
sft_full_seed2,full,2,30000,24260,0.24529828109201213,0.31350884437561033,0.0006763266283087432,9.682387254694834e-08
sft_full_seed2,full,2,30000,24270,0.24539939332659252,0.23795678615570068,0.004882331006228924,9.649814393658722e-08
sft_full_seed2,full,2,30000,24280,0.2455005055611729,3.4841615706682207e-05,0.00016609074373263866,9.61729056190288e-08
sft_full_seed2,full,2,30000,24290,0.2456016177957533,0.2016845941543579,0.00017728909733705223,9.58481579894686e-08
sft_full_seed2,full,2,30000,24300,0.24570273003033366,7.104718824848532e-05,7.084422395564616e-05,9.55239014425055e-08
sft_full_seed2,full,2,30000,24310,0.24580384226491406,0.20165469646453857,2.043618679046631,9.520013637214175e-08
sft_full_seed2,full,2,30000,24320,0.24590495449949443,0.1509931802749634,0.00017112806381192058,9.48768631717824e-08
sft_full_seed2,full,2,30000,24330,0.24600606673407482,0.7085794448852539,0.0046195536851882935,9.455408223423494e-08
sft_full_seed2,full,2,30000,24340,0.2461071789686552,0.7418098449707031,0.0028801872394979,9.423179395170844e-08
sft_full_seed2,full,2,30000,24350,0.2462082912032356,0.008795421570539474,0.0001874757290352136,9.39099987158139e-08
sft_full_seed2,full,2,30000,24360,0.246309403437816,0.15052806138992308,0.0008046699804253876,9.358869691756272e-08
sft_full_seed2,full,2,30000,24370,0.24641051567239636,0.49844846725463865,5.48724019608926e-05,9.326788894736687e-08
sft_full_seed2,full,2,30000,24380,0.24651162790697675,0.400358247756958,0.007889310829341412,9.29475751950381e-08
sft_full_seed2,full,2,30000,24390,0.24661274014155712,0.7334946632385254,0.0001358051085844636,9.262775604978818e-08
sft_full_seed2,full,2,30000,24400,0.24671385237613752,0.027538347244262695,0.00015881139552220702,9.230843190022725e-08
sft_full_seed2,full,2,30000,24410,0.2468149646107179,0.4472208023071289,0.02922765538096428,9.198960313436443e-08
sft_full_seed2,full,2,30000,24420,0.2469160768452983,0.17933021783828734,0.0003583709185477346,9.167127013960669e-08
sft_full_seed2,full,2,30000,24430,0.24701718907987866,0.22112884521484374,0.00011950309271924198,9.135343330275863e-08
sft_full_seed2,full,2,30000,24440,0.24711830131445905,0.6368302822113037,0.00017951471090782434,9.103609301002179e-08
sft_full_seed2,full,2,30000,24450,0.24721941354903942,0.2210404634475708,0.002098389435559511,9.07192496469949e-08
sft_full_seed2,full,2,30000,24460,0.24732052578361982,0.2512190580368042,2.7419459001976065e-05,9.040290359867231e-08
sft_full_seed2,full,2,30000,24470,0.2474216380182002,1.155500576714985e-05,0.00025862708571366966,9.008705524944438e-08
sft_full_seed2,full,2,30000,24480,0.2475227502527806,0.6018653869628906,0.001349367550574243,8.97717049830965e-08
sft_full_seed2,full,2,30000,24490,0.24762386248736096,0.003835421800613403,0.0003597318136598915,8.945685318280915e-08
sft_full_seed2,full,2,30000,24500,0.24772497472194135,0.23341960906982423,0.00020241820311639458,8.914250023115671e-08
sft_full_seed2,full,2,30000,24510,0.24782608695652175,0.05686348080635071,6.765723810531199e-05,8.882864651010796e-08
sft_full_seed2,full,2,30000,24520,0.24792719919110212,0.2959746837615967,1.9503306248225272e-05,8.851529240102462e-08
sft_full_seed2,full,2,30000,24530,0.24802831142568252,0.25004849433898924,0.0009427486220374703,8.820243828466134e-08
sft_full_seed2,full,2,30000,24540,0.2481294236602629,0.10963687896728516,0.004953484516590834,8.789008454116565e-08
sft_full_seed2,full,2,30000,24550,0.24823053589484328,0.0158357173204422,0.0004775938577950001,8.757823155007655e-08
sft_full_seed2,full,2,30000,24560,0.24833164812942365,0.21067192554473876,0.0009685868280939758,8.72668796903251e-08
sft_full_seed2,full,2,30000,24570,0.24843276036400405,0.12880780696868896,0.0015761369140818715,8.695602934023299e-08
sft_full_seed2,full,2,30000,24580,0.24853387259858442,0.00047522825188934804,6.379474507411942e-05,8.664568087751272e-08
sft_full_seed2,full,2,30000,24590,0.24863498483316482,0.2541881799697876,0.0005803814856335521,8.633583467926697e-08
sft_full_seed2,full,2,30000,24600,0.2487360970677452,0.006753023713827133,0.03027488850057125,8.602649112198795e-08
sft_full_seed2,full,2,30000,24610,0.24883720930232558,0.1313388466835022,380.3014831542969,8.571765058155744e-08
sft_full_seed2,full,2,30000,24620,0.24893832153690595,0.25336194038391113,0.00016744737513363361,8.540931343324582e-08
sft_full_seed2,full,2,30000,24630,0.24903943377148635,0.023131664097309112,0.15036116540431976,8.510148005171169e-08
sft_full_seed2,full,2,30000,24640,0.24914054600606672,0.7254767417907715,5.176425838726573e-05,8.479415081100166e-08
sft_full_seed2,full,2,30000,24650,0.24924165824064712,0.372015380859375,12.655853271484375,8.448732608454968e-08
sft_full_seed2,full,2,30000,24660,0.24934277047522752,0.3193019390106201,34.03201675415039,8.418100624517688e-08
sft_full_seed2,full,2,30000,24670,0.24944388270980788,0.0020763522014021875,0.0003352701314724982,8.387519166509061e-08
sft_full_seed2,full,2,30000,24680,0.24954499494438828,0.2834454536437988,0.002357908757403493,8.356988271588445e-08
sft_full_seed2,full,2,30000,24690,0.24964610717896865,0.019207237660884856,0.007670152932405472,8.326507976853764e-08
sft_full_seed2,full,2,30000,24700,0.24974721941354905,0.20847887992858888,0.009935565292835236,8.296078319341443e-08
sft_full_seed2,full,2,30000,24710,0.24984833164812942,0.2750200033187866,0.0002183435281040147,8.265699336026382e-08
sft_full_seed2,full,2,30000,24720,0.24994944388270982,0.13496103286743164,0.22001270949840546,8.235371063821923e-08
sft_full_seed2,full,2,30000,24730,0.2500505561172902,4.637155798263848e-05,0.0001104689872590825,8.205093539579766e-08
sft_full_seed2,full,2,30000,24740,0.2501516683518706,0.31898977756500246,258.44464111328125,8.174866800089963e-08
sft_full_seed2,full,2,30000,24750,0.25025278058645095,0.6906285285949707,91.4764404296875,8.144690882080851e-08
sft_full_seed2,full,2,30000,24760,0.2503538928210313,0.4546500682830811,0.006081805564463139,8.114565822219005e-08
sft_full_seed2,full,2,30000,24770,0.25045500505561175,3.44325031619519e-05,0.0003269054868724197,8.084491657109233e-08
sft_full_seed2,full,2,30000,24780,0.2505561172901921,0.14826722145080568,0.0004581706889439374,8.054468423294474e-08
sft_full_seed2,full,2,30000,24790,0.2506572295247725,0.000159893196541816,0.0023985111620277166,8.024496157255783e-08
sft_full_seed2,full,2,30000,24800,0.25075834175935285,0.07137360572814941,0.8798246383666992,7.994574895412293e-08
sft_full_seed2,full,2,30000,24810,0.2508594539939333,0.008750952780246735,0.05721078813076019,7.964704674121147e-08
sft_full_seed2,full,2,30000,24820,0.25096056622851365,0.6010406494140625,200.35421752929688,7.934885529677505e-08
sft_full_seed2,full,2,30000,24830,0.251061678463094,0.1422668218612671,0.0004564051632769406,7.905117498314412e-08
sft_full_seed2,full,2,30000,24840,0.25116279069767444,0.28678407669067385,0.0005590694490820169,7.87540061620286e-08
sft_full_seed2,full,2,30000,24850,0.2512639029322548,0.608404016494751,0.3575572967529297,7.845734919451647e-08
sft_full_seed2,full,2,30000,24860,0.2513650151668352,0.8173939704895019,0.014048074372112751,7.816120444107382e-08
sft_full_seed2,full,2,30000,24870,0.25146612740141555,3.6001005355501547e-06,0.00011892695329152048,7.786557226154472e-08
sft_full_seed2,full,2,30000,24880,0.251567239635996,0.028767284750938416,1.9431915283203125,7.757045301514997e-08
sft_full_seed2,full,2,30000,24890,0.25166835187057635,0.3692646026611328,0.004422527272254229,7.727584706048735e-08
sft_full_seed2,full,2,30000,24900,0.2517694641051567,0.4179679393768311,68.31997680664062,7.698175475553076e-08
sft_full_seed2,full,2,30000,24910,0.2518705763397371,0.3090442895889282,0.0005905525176785886,7.66881764576302e-08
sft_full_seed2,full,2,30000,24920,0.2519716885743175,0.32922685146331787,0.0003767172456718981,7.639511252351088e-08
sft_full_seed2,full,2,30000,24930,0.2520728008088979,0.14215395450592042,7.21089745638892e-05,7.610256330927323e-08
sft_full_seed2,full,2,30000,24940,0.25217391304347825,0.1759584903717041,0.003538834862411022,7.58105291703921e-08
sft_full_seed2,full,2,30000,24950,0.2522750252780586,2.9524753335863353e-05,0.019404277205467224,7.551901046171644e-08
sft_full_seed2,full,2,30000,24960,0.25237613751263904,5.2126176888123156e-05,0.0016566928243264556,7.522800753746894e-08
sft_full_seed2,full,2,30000,24970,0.2524772497472194,0.25506253242492677,0.0008613552199676633,7.493752075124576e-08
sft_full_seed2,full,2,30000,24980,0.2525783619817998,0.6430111408233643,49.55052185058594,7.464755045601556e-08
sft_full_seed2,full,2,30000,24990,0.2526794742163802,0.004243017733097076,0.00016718858387321234,7.435809700411971e-08
sft_full_seed2,full,2,30000,25000,0.2527805864509606,0.012903255224227906,0.0003700616944115609,7.406916074727148e-08
sft_full_seed2,full,2,30000,25010,0.25288169868554095,0.7740183353424073,29.064434051513672,7.37807420365556e-08
sft_full_seed2,full,2,30000,25020,0.2529828109201213,0.04642059206962586,412.42413330078125,7.349284122242782e-08
sft_full_seed2,full,2,30000,25030,0.25308392315470174,0.5542211055755615,0.00012689971481449902,7.320545865471512e-08
sft_full_seed2,full,2,30000,25040,0.2531850353892821,0.22512526512145997,0.0008246285724453628,7.291859468261425e-08
sft_full_seed2,full,2,30000,25050,0.2532861476238625,0.5875834941864013,6.93938709446229e-05,7.263224965469195e-08
sft_full_seed2,full,2,30000,25060,0.25338725985844285,0.15054987668991088,46.46525955200195,7.234642391888445e-08
sft_full_seed2,full,2,30000,25070,0.2534883720930233,0.18347688913345336,3.754186036530882e-05,7.206111782249697e-08
sft_full_seed2,full,2,30000,25080,0.25358948432760364,2.9945591813884674e-05,0.0003632032312452793,7.177633171220337e-08
sft_full_seed2,full,2,30000,25090,0.253690596562184,0.0380489319562912,0.00015176067245192826,7.149206593404561e-08
sft_full_seed2,full,2,30000,25100,0.2537917087967644,0.4626347541809082,263.3335266113281,7.120832083343336e-08
sft_full_seed2,full,2,30000,25110,0.2538928210313448,0.2501308679580688,254.78379821777344,7.092509675514369e-08
sft_full_seed2,full,2,30000,25120,0.2539939332659252,0.20567686557769777,0.0001634251093491912,7.064239404332062e-08
sft_full_seed2,full,2,30000,25130,0.25409504550050555,0.47091102600097656,4.0186449041357264e-05,7.036021304147449e-08
sft_full_seed2,full,2,30000,25140,0.25419615773508597,0.00028295672964304683,2.9747227017651312e-05,7.007855409248198e-08
sft_full_seed2,full,2,30000,25150,0.25429726996966634,0.27354094982147215,31.008384704589844,6.97974175385852e-08
sft_full_seed2,full,2,30000,25160,0.2543983822042467,0.3006793975830078,5.069574356079102,6.951680372139157e-08
sft_full_seed2,full,2,30000,25170,0.2544994944388271,0.36679527759552,0.7444365620613098,6.923671298187334e-08
sft_full_seed2,full,2,30000,25180,0.2546006066734075,0.00014727486995980144,1.0944035053253174,6.895714566036704e-08
sft_full_seed2,full,2,30000,25190,0.2547017189079879,1.1479445674922317e-05,0.00012729807349387556,6.86781020965736e-08
sft_full_seed2,full,2,30000,25200,0.25480283114256824,0.0859704315662384,0.00022579326468985528,6.839958262955709e-08
sft_full_seed2,full,2,30000,25210,0.2549039433771486,0.07841154932975769,0.00030024052830412984,6.81215875977449e-08
sft_full_seed2,full,2,30000,25220,0.25500505561172904,3.7547925603576e-05,0.022876178845763206,6.784411733892731e-08
sft_full_seed2,full,2,30000,25230,0.2551061678463094,8.058403909672052e-06,0.013109100051224232,6.756717219025665e-08
sft_full_seed2,full,2,30000,25240,0.2552072800808898,0.21673974990844727,0.005013430956751108,6.729075248824761e-08
sft_full_seed2,full,2,30000,25250,0.25530839231547015,0.0003825334599241614,0.0005692617269232869,6.701485856877615e-08
sft_full_seed2,full,2,30000,25260,0.25540950455005057,0.007332376390695572,1.8008962797466666e-05,6.673949076707925e-08
sft_full_seed2,full,2,30000,25270,0.25551061678463094,0.6880636215209961,9.147715172730386e-05,6.646464941775499e-08
sft_full_seed2,full,2,30000,25280,0.2556117290192113,0.8448009490966797,429.09698486328125,6.619033485476128e-08
sft_full_seed2,full,2,30000,25290,0.25571284125379173,0.05016995072364807,0.8139803409576416,6.591654741141639e-08
sft_full_seed2,full,2,30000,25300,0.2558139534883721,0.07615350484848023,177.96746826171875,6.564328742039781e-08
sft_full_seed2,full,2,30000,25310,0.2559150657229525,0.40498666763305663,51.308597564697266,6.537055521374218e-08
sft_full_seed2,full,2,30000,25320,0.25601617795753284,0.28870406150817873,371.8516540527344,6.509835112284484e-08
sft_full_seed2,full,2,30000,25330,0.25611729019211327,0.17936466932296752,0.0001901377399917692,6.482667547845944e-08
sft_full_seed2,full,2,30000,25340,0.25621840242669364,0.0002518012188374996,4.242318755132146e-05,6.455552861069736e-08
sft_full_seed2,full,2,30000,25350,0.256319514661274,0.14634554386138915,0.0005573651287704706,6.428491084902787e-08
sft_full_seed2,full,2,30000,25360,0.2564206268958544,0.0029785702005028724,8.148553024511784e-05,6.401482252227697e-08
sft_full_seed2,full,2,30000,25370,0.2565217391304348,0.47521543502807617,266.0585632324219,6.374526395862739e-08
sft_full_seed2,full,2,30000,25380,0.25662285136501517,0.0007858570665121078,0.00014814316818956286,6.347623548561825e-08
sft_full_seed2,full,2,30000,25390,0.25672396359959554,0.41318063735961913,98.89033508300781,6.32077374301444e-08
sft_full_seed2,full,2,30000,25400,0.2568250758341759,0.34196672439575193,3.716721296310425,6.293977011845647e-08
sft_full_seed2,full,2,30000,25410,0.25692618806875633,4.462267097551376e-05,0.000373777118511498,6.267233387615983e-08
sft_full_seed2,full,2,30000,25420,0.2570273003033367,0.0006898545660078525,0.0002572420344222337,6.2405429028215e-08
sft_full_seed2,full,2,30000,25430,0.2571284125379171,0.7750777721405029,7.344187906710431e-05,6.21390558989363e-08
sft_full_seed2,full,2,30000,25440,0.2572295247724975,0.22966978549957276,0.0007758911815471947,6.18732148119922e-08
sft_full_seed2,full,2,30000,25450,0.25733063700707787,1.2691329175140709e-05,0.001275723334401846,6.160790609040489e-08
sft_full_seed2,full,2,30000,25460,0.25743174924165824,0.299350905418396,0.0012728568399325013,6.134313005654929e-08
sft_full_seed2,full,2,30000,25470,0.2575328614762386,0.7127114295959472,0.0002227948425570503,6.107888703215336e-08
sft_full_seed2,full,2,30000,25480,0.25763397371081903,0.003421163558959961,0.02843557670712471,6.081517733829722e-08
sft_full_seed2,full,2,30000,25490,0.2577350859453994,0.45382208824157716,377.41436767578125,6.055200129541293e-08
sft_full_seed2,full,2,30000,25500,0.25783619817997977,0.0768960177898407,0.00013167165161576122,6.028935922328443e-08
sft_full_seed2,full,2,30000,25510,0.25793731041456014,0.3334274530410767,0.0008043494308367372,6.002725144104648e-08
sft_full_seed2,full,2,30000,25520,0.25803842264914056,0.0011796181090176106,11.899201393127441,5.976567826718475e-08
sft_full_seed2,full,2,30000,25530,0.25813953488372093,0.03902309238910675,0.0003365774464327842,5.950464001953531e-08
sft_full_seed2,full,2,30000,25540,0.2582406471183013,0.37954230308532716,7.724024180788547e-05,5.924413701528413e-08
sft_full_seed2,full,2,30000,25550,0.2583417593528817,3.6674243165180084e-05,0.0016826405189931393,5.898416957096702e-08
sft_full_seed2,full,2,30000,25560,0.2584428715874621,0.6214658260345459,118.49445343017578,5.8724738002469135e-08
sft_full_seed2,full,2,30000,25570,0.25854398382204247,4.848184180445969e-05,0.0002750480780377984,5.846584262502402e-08
sft_full_seed2,full,2,30000,25580,0.25864509605662284,0.6711465835571289,0.005553241353482008,5.820748375321411e-08
sft_full_seed2,full,2,30000,25590,0.25874620829120326,0.25913450717926023,0.01949908770620823,5.7949661700969766e-08
sft_full_seed2,full,2,30000,25600,0.25884732052578363,0.48042449951171873,0.0002224289783043787,5.7692376781568966e-08
sft_full_seed2,full,2,30000,25610,0.258948432760364,0.0054656386375427244,72.64171600341797,5.743562930763735e-08
sft_full_seed2,full,2,30000,25620,0.25904954499494437,0.20425240993499755,0.00016043655341491103,5.717941959114725e-08
sft_full_seed2,full,2,30000,25630,0.2591506572295248,0.1883487582206726,0.0003832963411696255,5.692374794341759e-08
sft_full_seed2,full,2,30000,25640,0.25925176946410516,0.2546743392944336,0.004179703537374735,5.666861467511352e-08
sft_full_seed2,full,2,30000,25650,0.25935288169868553,0.16254878044128418,90.61113739013672,5.641402009624591e-08
sft_full_seed2,full,2,30000,25660,0.2594539939332659,0.7346029281616211,0.050370994955301285,5.6159964516171445e-08
sft_full_seed2,full,2,30000,25670,0.25955510616784633,0.3043616771697998,1.1174869537353516,5.590644824359148e-08
sft_full_seed2,full,2,30000,25680,0.2596562184024267,0.010598558932542801,0.0003339268732815981,5.5653471586552095e-08
sft_full_seed2,full,2,30000,25690,0.25975733063700707,0.554263973236084,7.218067185021937e-05,5.5401034852443964e-08
sft_full_seed2,full,2,30000,25700,0.25985844287158744,0.0056831955909729,0.0003362701099831611,5.514913834800133e-08
sft_full_seed2,full,2,30000,25710,0.25995955510616786,0.13395651578903198,0.005173901561647654,5.489778237930237e-08
sft_full_seed2,full,2,30000,25720,0.26006066734074823,0.3458868503570557,68.005859375,5.464696725176826e-08
sft_full_seed2,full,2,30000,25730,0.2601617795753286,0.3084169864654541,0.3286208212375641,5.4396693270162944e-08
sft_full_seed2,full,2,30000,25740,0.260262891809909,0.13401795625686647,0.0026571934577077627,5.4146960738592986e-08
sft_full_seed2,full,2,30000,25750,0.2603640040444894,0.18349366188049315,0.0007560550584457815,5.3897769960506933e-08
sft_full_seed2,full,2,30000,25760,0.26046511627906976,1.7791993741411716e-05,0.0028076323214918375,5.364912123869492e-08
sft_full_seed2,full,2,30000,25770,0.26056622851365013,0.2833465337753296,1.707647788862232e-05,5.340101487528886e-08
sft_full_seed2,full,2,30000,25780,0.26066734074823056,0.4048280715942383,249.712646484375,5.315345117176129e-08
sft_full_seed2,full,2,30000,25790,0.2607684529828109,0.47115564346313477,0.0005638033617287874,5.2906430428925397e-08
sft_full_seed2,full,2,30000,25800,0.2608695652173913,2.8133268642704935e-06,6.681565719190985e-05,5.265995294693471e-08
sft_full_seed2,full,2,30000,25810,0.26097067745197167,0.146129834651947,28.52182960510254,5.241401902528253e-08
sft_full_seed2,full,2,30000,25820,0.2610717896865521,1.059694480895996,0.2397700846195221,5.2168628962801886e-08
sft_full_seed2,full,2,30000,25830,0.26117290192113246,0.42104368209838866,0.0458015501499176,5.19237830576647e-08
sft_full_seed2,full,2,30000,25840,0.26127401415571283,0.7626192092895507,56.32981872558594,5.167948160738206e-08
sft_full_seed2,full,2,30000,25850,0.2613751263902932,0.6458434581756591,0.0003628527629189193,5.14357249088031e-08
sft_full_seed2,full,2,30000,25860,0.2614762386248736,0.019208478927612304,0.0039020096883177757,5.119251325811513e-08
sft_full_seed2,full,2,30000,25870,0.261577350859454,1.2405257439240814e-05,0.010377568192780018,5.094984695084348e-08
sft_full_seed2,full,2,30000,25880,0.26167846309403436,0.0034977559000253676,0.0037517372984439135,5.0707726281850384e-08
sft_full_seed2,full,2,30000,25890,0.2617795753286148,0.5883369445800781,0.20693515241146088,5.0466151545335344e-08
sft_full_seed2,full,2,30000,25900,0.26188068756319516,0.06371901631355285,0.0006430066423490644,5.0225123034834505e-08
sft_full_seed2,full,2,30000,25910,0.2619817997977755,0.5168067932128906,0.0019810541998595,4.998464104322014e-08
sft_full_seed2,full,2,30000,25920,0.2620829120323559,0.14628326892852783,0.000429672742029652,4.9744705862700464e-08
sft_full_seed2,full,2,30000,25930,0.2621840242669363,0.067267507314682,357.5150146484375,4.9505317784819645e-08
sft_full_seed2,full,2,30000,25940,0.2622851365015167,0.8179887771606446,0.0012526321224868298,4.92664771004565e-08
sft_full_seed2,full,2,30000,25950,0.26238624873609706,0.03889244794845581,387.88372802734375,4.902818409982512e-08
sft_full_seed2,full,2,30000,25960,0.26248736097067743,0.5211123943328857,0.5443285703659058,4.879043907247382e-08
sft_full_seed2,full,2,30000,25970,0.26258847320525786,0.1922957181930542,0.00027263694209977984,4.855324230728541e-08
sft_full_seed2,full,2,30000,25980,0.2626895854398382,0.07426618933677673,0.0002567072515375912,4.8316594092476183e-08
sft_full_seed2,full,2,30000,25990,0.2627906976744186,0.5708671092987061,193.18385314941406,4.808049471559617e-08
sft_full_seed2,full,2,30000,26000,0.26289180990899896,0.2666046619415283,382.02825927734375,4.784494446352832e-08
sft_full_seed2,full,2,30000,26010,0.2629929221435794,0.32504868507385254,0.033671993762254715,4.7609943622488324e-08
sft_full_seed2,full,2,30000,26020,0.26309403437815976,0.006738955527544022,0.00525938393548131,4.737549247802442e-08
sft_full_seed2,full,2,30000,26030,0.2631951466127401,0.07090858221054078,4.2624229536158964e-05,4.7141591315016885e-08
sft_full_seed2,full,2,30000,26040,0.26329625884732055,0.028013113141059875,0.0003442811721470207,4.690824041767766e-08
sft_full_seed2,full,2,30000,26050,0.2633973710819009,7.565539272036404e-06,0.0007641601259820163,4.66754400695501e-08
sft_full_seed2,full,2,30000,26060,0.2634984833164813,0.5824692726135254,78.64984893798828,4.644319055350859e-08
sft_full_seed2,full,2,30000,26070,0.26359959555106166,0.24752976894378662,425.138916015625,4.621149215175807e-08
sft_full_seed2,full,2,30000,26080,0.2637007077856421,0.0016441943123936653,0.010211430490016937,4.598034514583415e-08
sft_full_seed2,full,2,30000,26090,0.26380182002022246,0.0011896369978785515,0.012662539258599281,4.574974981660212e-08
sft_full_seed2,full,2,30000,26100,0.2639029322548028,0.31668221950531006,0.00021383300190791488,4.551970644425707e-08
sft_full_seed2,full,2,30000,26110,0.2640040444893832,0.5421063899993896,0.0007196806254796684,4.529021530832328e-08
sft_full_seed2,full,2,30000,26120,0.2641051567239636,3.1380416476167736e-05,5.0886003009509295e-05,4.5061276687654306e-08
sft_full_seed2,full,2,30000,26130,0.264206268958544,0.20842969417572021,0.04642202705144882,4.483289086043196e-08
sft_full_seed2,full,2,30000,26140,0.26430738119312436,0.07914766669273376,0.21532723307609558,4.4605058104166815e-08
sft_full_seed2,full,2,30000,26150,0.2644084934277047,0.2153765916824341,0.1993248164653778,4.4377778695696976e-08
sft_full_seed2,full,2,30000,26160,0.26450960566228515,0.08999692797660827,0.0005622032913379371,4.4151052911188427e-08
sft_full_seed2,full,2,30000,26170,0.2646107178968655,0.0006786643993109464,0.05282384157180786,4.3924881026134344e-08
sft_full_seed2,full,2,30000,26180,0.2647118301314459,0.35037617683410643,2.0401792526245117,4.369926331535473e-08
sft_full_seed2,full,2,30000,26190,0.2648129423660263,0.32921428680419923,0.008611622266471386,4.347420005299668e-08
sft_full_seed2,full,2,30000,26200,0.2649140546006067,0.46805267333984374,303.1947937011719,4.324969151253316e-08
sft_full_seed2,full,2,30000,26210,0.26501516683518705,0.318996262550354,0.0005379333742894232,4.302573796676312e-08
sft_full_seed2,full,2,30000,26220,0.2651162790697674,0.0021644158288836477,0.00021129028755240142,4.280233968781139e-08
sft_full_seed2,full,2,30000,26230,0.26521739130434785,0.002639779634773731,0.000391054549254477,4.2579496947127704e-08
sft_full_seed2,full,2,30000,26240,0.2653185035389282,0.2583887577056885,0.000367714004823938,4.235721001548726e-08
sft_full_seed2,full,2,30000,26250,0.2654196157735086,0.6583447456359863,65.92901611328125,4.21354791629896e-08
sft_full_seed2,full,2,30000,26260,0.26552072800808896,0.0714936912059784,362.18499755859375,4.191430465905843e-08
sft_full_seed2,full,2,30000,26270,0.2656218402426694,0.766749095916748,0.0024773688055574894,4.169368677244184e-08
sft_full_seed2,full,2,30000,26280,0.26572295247724975,0.0010726043023169042,0.48285797238349915,4.147362577121122e-08
sft_full_seed2,full,2,30000,26290,0.2658240647118301,0.400758171081543,0.0001519459328847006,4.1254121922761566e-08
sft_full_seed2,full,2,30000,26300,0.2659251769464105,0.3542217969894409,0.007254301104694605,4.1035175493810695e-08
sft_full_seed2,full,2,30000,26310,0.2660262891809909,0.03500352203845978,0.00020611587387975305,4.0816786750399126e-08
sft_full_seed2,full,2,30000,26320,0.2661274014155713,0.3922243356704712,1.3598511219024658,4.059895595788987e-08
sft_full_seed2,full,2,30000,26330,0.26622851365015165,0.24176108837127686,0.000533812795765698,4.038168338096776e-08
sft_full_seed2,full,2,30000,26340,0.2663296258847321,0.002069430984556675,0.0001339941518381238,4.016496928363944e-08
sft_full_seed2,full,2,30000,26350,0.26643073811931245,0.6484933853149414,2.3614349629497156e-05,3.994881392923316e-08
sft_full_seed2,full,2,30000,26360,0.2665318503538928,0.4201859474182129,306.3370361328125,3.9733217580397936e-08
sft_full_seed2,full,2,30000,26370,0.2666329625884732,0.2807529211044312,4.788078513229266e-05,3.951818049910366e-08
sft_full_seed2,full,2,30000,26380,0.2667340748230536,0.37100260257720946,68.44664001464844,3.93037029466407e-08
sft_full_seed2,full,2,30000,26390,0.266835187057634,0.0026351276785135267,0.0005887039005756378,3.908978518361938e-08
sft_full_seed2,full,2,30000,26400,0.26693629929221435,0.006737841665744782,0.003471950301900506,3.8876427469970167e-08
sft_full_seed2,full,2,30000,26410,0.2670374115267947,0.6126399517059327,107.56499481201172,3.8663630064942555e-08
sft_full_seed2,full,2,30000,26420,0.26713852376137515,0.18617727756500244,172.77471923828125,3.845139322710572e-08
sft_full_seed2,full,2,30000,26430,0.2672396359959555,0.606733751296997,0.0015660325298085809,3.823971721434727e-08
sft_full_seed2,full,2,30000,26440,0.2673407482305359,0.11899522542953492,0.01111108809709549,3.80286022838735e-08
sft_full_seed2,full,2,30000,26450,0.26744186046511625,0.22991352081298827,112.25879669189453,3.781804869220911e-08
sft_full_seed2,full,2,30000,26460,0.2675429726996967,3.0875067750457675e-06,0.00012965817586518824,3.7608056695196455e-08
sft_full_seed2,full,2,30000,26470,0.26764408493427705,0.266735315322876,0.0007285729516297579,3.7398626547995585e-08
sft_full_seed2,full,2,30000,26480,0.2677451971688574,7.41068652132526e-06,0.0011083681602030993,3.718975850508399e-08
sft_full_seed2,full,2,30000,26490,0.26784630940343784,0.1056111216545105,7.10921740392223e-05,3.698145282025583e-08
sft_full_seed2,full,2,30000,26500,0.2679474216380182,0.32085115909576417,0.00038965162821114063,3.677370974662236e-08
sft_full_seed2,full,2,30000,26510,0.2680485338725986,0.45134906768798827,0.0008555863751098514,3.6566529536610994e-08
sft_full_seed2,full,2,30000,26520,0.26814964610717895,0.5600672721862793,2.3760741896694526e-05,3.6359912441965124e-08
sft_full_seed2,full,2,30000,26530,0.2682507583417594,0.12195327281951904,377.0666198730469,3.615385871374404e-08
sft_full_seed2,full,2,30000,26540,0.26835187057633975,0.08094091415405273,0.0019516381435096264,3.5948368602322366e-08
sft_full_seed2,full,2,30000,26550,0.2684529828109201,0.4668600559234619,0.0004603136912919581,3.5743442357390186e-08
sft_full_seed2,full,2,30000,26560,0.2685540950455005,0.40881915092468263,7.952807936817408e-05,3.5539080227951936e-08
sft_full_seed2,full,2,30000,26570,0.2686552072800809,0.0009043844416737557,0.011911560781300068,3.533528246232709e-08
sft_full_seed2,full,2,30000,26580,0.2687563195146613,0.28343799114227297,0.0001315822300966829,3.5132049308149116e-08
sft_full_seed2,full,2,30000,26590,0.26885743174924165,0.056749767065048216,0.0004101966042071581,3.4929381012365424e-08
sft_full_seed2,full,2,30000,26600,0.268958543983822,0.22169029712677002,301.1234436035156,3.4727277821236965e-08
sft_full_seed2,full,2,30000,26610,0.26905965621840244,0.6212567329406739,296.23895263671875,3.452573998033842e-08
sft_full_seed2,full,2,30000,26620,0.2691607684529828,0.2034297466278076,354.4578857421875,3.4324767734557116e-08
sft_full_seed2,full,2,30000,26630,0.2692618806875632,0.13273786306381224,195.0365753173828,3.4124361328093376e-08
sft_full_seed2,full,2,30000,26640,0.2693629929221436,2.4316798953805118e-05,0.0005405981210060418,3.392452100445975e-08
sft_full_seed2,full,2,30000,26650,0.269464105156724,0.3708387851715088,0.00012200781930005178,3.372524700648116e-08
sft_full_seed2,full,2,30000,26660,0.26956521739130435,0.13804354667663574,0.006448495667427778,3.352653957629431e-08
sft_full_seed2,full,2,30000,26670,0.2696663296258847,0.47363781929016113,0.0003295627248007804,3.3328398955347444e-08
sft_full_seed2,full,2,30000,26680,0.26976744186046514,0.29592623710632326,0.01855260320007801,3.313082538440015e-08
sft_full_seed2,full,2,30000,26690,0.2698685540950455,1.7244485206902027e-05,0.026756836101412773,3.293381910352277e-08
sft_full_seed2,full,2,30000,26700,0.2699696663296259,0.12218424081802368,0.0008940253756009042,3.273738035209678e-08
sft_full_seed2,full,2,30000,26710,0.27007077856420625,0.006727305799722671,0.0017011656891554594,3.254150936881356e-08
sft_full_seed2,full,2,30000,26720,0.2701718907987867,0.0500813364982605,0.0009044180624186993,3.234620639167496e-08
sft_full_seed2,full,2,30000,26730,0.27027300303336704,0.2916786909103394,3.4983062505489215e-05,3.215147165799248e-08
sft_full_seed2,full,2,30000,26740,0.2703741152679474,0.056773269176483156,0.006502930074930191,3.195730540438718e-08
sft_full_seed2,full,2,30000,26750,0.2704752275025278,1.0200129508972169,0.0001930990256369114,3.176370786678934e-08
sft_full_seed2,full,2,30000,26760,0.2705763397371082,0.3880582571029663,0.12185019254684448,3.157067928043816e-08
sft_full_seed2,full,2,30000,26770,0.2706774519716886,0.2836833238601685,0.0007176785147748888,3.1378219879881764e-08
sft_full_seed2,full,2,30000,26780,0.27077856420626895,0.41011867523193357,0.001073587452992797,3.118632989897629e-08
sft_full_seed2,full,2,30000,26790,0.2708796764408493,0.23801510334014891,0.0018716525519266725,3.09950095708863e-08
sft_full_seed2,full,2,30000,26800,0.27098078867542974,0.3208431005477905,1.7274458514293656e-05,3.080425912808393e-08
sft_full_seed2,full,2,30000,26810,0.2710819009100101,0.4274138450622559,104.74700164794922,3.06140788023489e-08
sft_full_seed2,full,2,30000,26820,0.2711830131445905,0.002540647238492966,0.00025872024707496166,3.042446882476846e-08
sft_full_seed2,full,2,30000,26830,0.2712841253791709,0.02319682538509369,0.7467586994171143,3.023542942573643e-08
sft_full_seed2,full,2,30000,26840,0.2713852376137513,0.2450416088104248,0.00039590225787833333,3.004696083495351e-08
sft_full_seed2,full,2,30000,26850,0.27148634984833164,3.0641842749901115e-05,0.09705021977424622,2.98590632814269e-08
sft_full_seed2,full,2,30000,26860,0.271587462082912,0.1332140564918518,0.00053873733850196,2.96717369934697e-08
sft_full_seed2,full,2,30000,26870,0.27168857431749244,0.17152897119522095,0.00025555730098858476,2.9484982198701214e-08
sft_full_seed2,full,2,30000,26880,0.2717896865520728,0.4792813777923584,0.1528831273317337,2.9298799124046035e-08
sft_full_seed2,full,2,30000,26890,0.2718907987866532,1.3374598347581923e-05,0.0006270567537285388,2.9113187995734145e-08
sft_full_seed2,full,2,30000,26900,0.27199191102123355,0.2251133441925049,0.15442398190498352,2.892814903930052e-08
sft_full_seed2,full,2,30000,26910,0.27209302325581397,0.01047411784529686,0.0027292221784591675,2.8743682479584973e-08
sft_full_seed2,full,2,30000,26920,0.27219413549039434,0.1339617609977722,0.00010628352174535394,2.8559788540731822e-08
sft_full_seed2,full,2,30000,26930,0.2722952477249747,0.5376623630523681,0.00030682937358506024,2.837646744618949e-08
sft_full_seed2,full,2,30000,26940,0.2723963599595551,0.2572157859802246,282.7317810058594,2.8193719418710406e-08
sft_full_seed2,full,2,30000,26950,0.2724974721941355,0.06368668675422669,0.0017400425858795643,2.8011544680350664e-08
sft_full_seed2,full,2,30000,26960,0.2725985844287159,0.4003265857696533,0.00046097050653770566,2.782994345246975e-08
sft_full_seed2,full,2,30000,26970,0.27269969666329624,0.2958682537078857,0.07854530960321426,2.764891595573021e-08
sft_full_seed2,full,2,30000,26980,0.27280080889787667,0.32504734992980955,233.40298461914062,2.746846241009765e-08
sft_full_seed2,full,2,30000,26990,0.27290192113245704,2.7288321871310472e-05,0.00851675495505333,2.728858303483994e-08
sft_full_seed2,full,2,30000,27000,0.2730030333670374,0.0004866441246122122,0.0009563291678205132,2.710927804852775e-08
sft_full_seed2,full,2,30000,27010,0.2731041456016178,0.18401337862014772,0.00011344173981342465,2.693054766903341e-08
sft_full_seed2,full,2,30000,27020,0.2732052578361982,0.11932572126388549,0.0071710036136209965,2.6752392113531085e-08
sft_full_seed2,full,2,30000,27030,0.27330637007077857,0.33650054931640627,1.0364525318145752,2.6574811598496782e-08
sft_full_seed2,full,2,30000,27040,0.27340748230535894,0.816704273223877,0.00020333126303739846,2.639780633970745e-08
sft_full_seed2,full,2,30000,27050,0.2735085945399393,0.0009147990494966507,0.00023848154523875564,2.6221376552241213e-08
sft_full_seed2,full,2,30000,27060,0.27360970677451973,0.1503942608833313,0.004214789718389511,2.6045522450476808e-08
sft_full_seed2,full,2,30000,27070,0.2737108190091001,0.27628374099731445,0.00018440524581819773,2.5870244248093586e-08
sft_full_seed2,full,2,30000,27080,0.2738119312436805,3.773941134568304e-05,0.0001565764978295192,2.569554215807118e-08
sft_full_seed2,full,2,30000,27090,0.27391304347826084,0.00011592094087973238,0.00010768477659439668,2.5521416392689064e-08
sft_full_seed2,full,2,30000,27100,0.27401415571284127,0.42032346725463865,0.003983132541179657,2.534786716352638e-08
sft_full_seed2,full,2,30000,27110,0.27411526794742164,0.1959511399269104,0.001323115429840982,2.517489468146189e-08
sft_full_seed2,full,2,30000,27120,0.274216380182002,0.29610657691955566,0.010602743364870548,2.5002499156673406e-08
sft_full_seed2,full,2,30000,27130,0.27431749241658243,0.3126260280609131,5.7197961723431945e-05,2.4830680798637815e-08
sft_full_seed2,full,2,30000,27140,0.2744186046511628,0.10809626579284667,9.739569213707e-05,2.4659439816130555e-08
sft_full_seed2,full,2,30000,27150,0.27451971688574317,0.0009444848634302616,0.0007280723075382411,2.448877641722569e-08
sft_full_seed2,full,2,30000,27160,0.27462082912032354,0.003652428463101387,0.05145266652107239,2.4318690809295215e-08
sft_full_seed2,full,2,30000,27170,0.27472194135490396,0.16106873750686646,27.910869598388672,2.4149183199009215e-08
sft_full_seed2,full,2,30000,27180,0.27482305358948433,0.05089641213417053,0.0010214116191491485,2.3980253792335426e-08
sft_full_seed2,full,2,30000,27190,0.2749241658240647,0.498247766494751,0.0003762023407034576,2.3811902794538984e-08
sft_full_seed2,full,2,30000,27200,0.2750252780586451,0.022554536163806916,0.0025139437057077885,2.3644130410182317e-08
sft_full_seed2,full,2,30000,27210,0.2751263902932255,7.835986325517297e-05,0.0005689437384717166,2.347693684312463e-08
sft_full_seed2,full,2,30000,27220,0.27522750252780587,0.3291842222213745,0.028598729521036148,2.3310322296521855e-08
sft_full_seed2,full,2,30000,27230,0.27532861476238624,0.5378244876861572,0.05187259986996651,2.3144286972826277e-08
sft_full_seed2,full,2,30000,27240,0.2754297269969666,0.32704854011535645,175.02366638183594,2.297883107378673e-08
sft_full_seed2,full,2,30000,27250,0.27553083923154703,0.4791858673095703,0.00017367297550663352,2.2813954800447512e-08
sft_full_seed2,full,2,30000,27260,0.2756319514661274,0.0010175985284149648,0.06840239465236664,2.264965835314897e-08
sft_full_seed2,full,2,30000,27270,0.27573306370070777,0.31675817966461184,6.32048977422528e-05,2.2485941931526642e-08
sft_full_seed2,full,2,30000,27280,0.2758341759352882,0.7879371166229248,0.00044092003372497857,2.2322805734511507e-08
sft_full_seed2,full,2,30000,27290,0.27593528816986856,0.13556770086288453,0.0005674894200637937,2.216024996032945e-08
sft_full_seed2,full,2,30000,27300,0.27603640040444893,1.7359809135086834e-05,0.00013794279948342592,2.199827480650107e-08
sft_full_seed2,full,2,30000,27310,0.2761375126390293,7.136394560802728e-06,0.0002718313771765679,2.183688046984139e-08
sft_full_seed2,full,2,30000,27320,0.27623862487360973,0.000879693403840065,0.0001675477542448789,2.1676067146459808e-08
sft_full_seed2,full,2,30000,27330,0.2763397371081901,0.0042462550103664395,0.0008086672751232982,2.1515835031759576e-08
sft_full_seed2,full,2,30000,27340,0.27644084934277047,0.0650240957736969,0.0010188508313149214,2.1356184320437952e-08
sft_full_seed2,full,2,30000,27350,0.27654196157735084,0.258369517326355,0.000313683325657621,2.1197115206485538e-08
sft_full_seed2,full,2,30000,27360,0.27664307381193126,0.1051753282546997,0.0001838771568145603,2.1038627883186276e-08
sft_full_seed2,full,2,30000,27370,0.27674418604651163,0.0053458396345376965,0.0007652181666344404,2.0880722543117292e-08
sft_full_seed2,full,2,30000,27380,0.276845298281092,9.777848608791829e-05,0.0006392649374902248,2.072339937814843e-08
sft_full_seed2,full,2,30000,27390,0.27694641051567237,0.20841827392578124,0.00011096771049778908,2.0566658579442066e-08
sft_full_seed2,full,2,30000,27400,0.2770475227502528,0.00030570083763450386,3.3791239261627197,2.0410500337453174e-08
sft_full_seed2,full,2,30000,27410,0.27714863498483316,0.33758976459503176,0.0011143919546157122,2.0254924841928645e-08
sft_full_seed2,full,2,30000,27420,0.27724974721941353,0.02753860652446747,6.169918196974322e-05,2.009993228190754e-08
sft_full_seed2,full,2,30000,27430,0.27735085945399396,0.2792133569717407,0.005339014809578657,1.994552284572032e-08
sft_full_seed2,full,2,30000,27440,0.27745197168857433,0.13935294151306152,0.0012818711111322045,1.979169672098896e-08
sft_full_seed2,full,2,30000,27450,0.2775530839231547,0.12585022449493408,0.0004648700705729425,1.9638454094626834e-08
sft_full_seed2,full,2,30000,27460,0.27765419615773507,0.541792631149292,0.0003592047141864896,1.9485795152838103e-08
sft_full_seed2,full,2,30000,27470,0.2777553083923155,0.1869201183319092,0.0003218096971977502,1.9333720081117777e-08
sft_full_seed2,full,2,30000,27480,0.27785642062689586,0.635935640335083,0.0006873114034533501,1.9182229064251432e-08
sft_full_seed2,full,2,30000,27490,0.27795753286147623,0.46013174057006834,8.527664613211527e-05,1.9031322286314878e-08
sft_full_seed2,full,2,30000,27500,0.2780586450960566,0.44664907455444336,37.22118377685547,1.8880999930674213e-08
sft_full_seed2,full,2,30000,27510,0.278159757330637,0.45917596817016604,1.3294293880462646,1.8731262179985162e-08
sft_full_seed2,full,2,30000,27520,0.2782608695652174,0.663016414642334,0.00016543296806048602,1.8582109216193244e-08
sft_full_seed2,full,2,30000,27530,0.27836198179979776,1.19523007015232e-05,0.0012444454478099942,1.8433541220533367e-08
sft_full_seed2,full,2,30000,27540,0.27846309403437813,0.0008111000061035156,5.443975533125922e-05,1.8285558373529576e-08
sft_full_seed2,full,2,30000,27550,0.27856420626895856,1.3457931345328689e-05,0.01671016588807106,1.8138160854995144e-08
sft_full_seed2,full,2,30000,27560,0.27866531850353893,0.0636909544467926,0.00012483693717513233,1.799134884403186e-08
sft_full_seed2,full,2,30000,27570,0.2787664307381193,3.813308721873909e-05,0.0007488220580853522,1.78451225190302e-08
sft_full_seed2,full,2,30000,27580,0.2788675429726997,1.812666159821674e-05,0.0022299031261354685,1.769948205766891e-08
sft_full_seed2,full,2,30000,27590,0.2789686552072801,0.216742205619812,0.021958013996481895,1.7554427636914894e-08
sft_full_seed2,full,2,30000,27600,0.27906976744186046,0.07835146188735961,0.010365580208599567,1.740995943302287e-08
sft_full_seed2,full,2,30000,27610,0.27917087967644083,0.10151166915893554,0.00016025333025027066,1.726607762153548e-08
sft_full_seed2,full,2,30000,27620,0.27927199191102126,0.15015228986740112,0.005889183841645718,1.7122782377282597e-08
sft_full_seed2,full,2,30000,27630,0.2793731041456016,0.6003146171569824,0.03261366859078407,1.6980073874381494e-08
sft_full_seed2,full,2,30000,27640,0.279474216380182,0.7294788360595703,0.001743858214467764,1.683795228623641e-08
sft_full_seed2,full,2,30000,27650,0.27957532861476236,0.5486403465270996,0.01804666593670845,1.6696417785538484e-08
sft_full_seed2,full,2,30000,27660,0.2796764408493428,0.1834882378578186,0.0015969278756529093,1.6555470544265536e-08
sft_full_seed2,full,2,30000,27670,0.27977755308392316,0.00020318136084824802,4.991625974071212e-05,1.6415110733681735e-08
sft_full_seed2,full,2,30000,27680,0.27987866531850353,0.1696215510368347,0.0001375339343212545,1.6275338524337433e-08
sft_full_seed2,full,2,30000,27690,0.2799797775530839,0.6087156772613526,3.5429534912109375,1.6136154086069055e-08
sft_full_seed2,full,2,30000,27700,0.2800808897876643,0.20011446475982667,0.013006404042243958,1.5997557587998867e-08
sft_full_seed2,full,2,30000,27710,0.2801820020222447,0.658349609375,60.81369400024414,1.5859549198534606e-08
sft_full_seed2,full,2,30000,27720,0.28028311425682506,0.00021604259964078665,1.34618079662323,1.572212908536963e-08
sft_full_seed2,full,2,30000,27730,0.2803842264914055,0.00017664168262854218,0.00022595068730879575,1.5585297415482203e-08
sft_full_seed2,full,2,30000,27740,0.28048533872598586,0.3659257650375366,0.6826611161231995,1.5449054355135714e-08
sft_full_seed2,full,2,30000,27750,0.2805864509605662,0.3328848838806152,0.03211512789130211,1.5313400069878413e-08
sft_full_seed2,full,2,30000,27760,0.2806875631951466,0.3228979825973511,0.003988571465015411,1.5178334724542883e-08
sft_full_seed2,full,2,30000,27770,0.280788675429727,1.825775398174301e-05,0.005722647067159414,1.5043858483246408e-08
sft_full_seed2,full,2,30000,27780,0.2808897876643074,0.32850573062896726,0.0004387754015624523,1.4909971509390328e-08
sft_full_seed2,full,2,30000,27790,0.28099089989888776,0.7449178695678711,344.711181640625,1.4776673965659791e-08
sft_full_seed2,full,2,30000,27800,0.2810920121334681,0.2730171918869019,11.907513618469238,1.4643966014023957e-08
sft_full_seed2,full,2,30000,27810,0.28119312436804855,0.5458847045898437,0.002881155116483569,1.45118478157355e-08
sft_full_seed2,full,2,30000,27820,0.2812942366026289,0.4668862819671631,2.873335688491352e-05,1.438031953133051e-08
sft_full_seed2,full,2,30000,27830,0.2813953488372093,0.8501125335693359,325.4993591308594,1.4249381320628195e-08
sft_full_seed2,full,2,30000,27840,0.28149646107178966,1.0792083048727364e-05,0.0002913862990681082,1.4119033342730901e-08
sft_full_seed2,full,2,30000,27850,0.2815975733063701,0.00029491581954061986,2.783240556716919,1.3989275756023655e-08
sft_full_seed2,full,2,30000,27860,0.28169868554095046,0.03259161114692688,0.00010012947313953191,1.3860108718174168e-08
sft_full_seed2,full,2,30000,27870,0.2817997977755308,0.14434869289398194,0.0011559829581528902,1.3731532386132616e-08
sft_full_seed2,full,2,30000,27880,0.28190091001011125,0.7166731834411622,0.0019397574942559004,1.3603546916131359e-08
sft_full_seed2,full,2,30000,27890,0.2820020222446916,0.2709595441818237,1.215494990348816,1.3476152463684776e-08
sft_full_seed2,full,2,30000,27900,0.282103134479272,0.17527490854263306,0.00035156053490936756,1.3349349183589153e-08
sft_full_seed2,full,2,30000,27910,0.28220424671385236,0.21214404106140136,0.15685513615608215,1.3223137229922355e-08
sft_full_seed2,full,2,30000,27920,0.2823053589484328,0.08230027556419373,0.0006445498438552022,1.309751675604398e-08
sft_full_seed2,full,2,30000,27930,0.28240647118301315,0.42626328468322755,0.0018019103445112705,1.2972487914594598e-08
sft_full_seed2,full,2,30000,27940,0.2825075834175935,0.7797179222106934,0.006947522051632404,1.2848050857496128e-08
sft_full_seed2,full,2,30000,27950,0.2826086956521739,3.0685579986311495e-05,0.0053057800978422165,1.2724205735951287e-08
sft_full_seed2,full,2,30000,27960,0.2827098078867543,0.19594223499298097,0.00013688970648217946,1.260095270044359e-08
sft_full_seed2,full,2,30000,27970,0.2828109201213347,0.0002577973064035177,0.0004086575354449451,1.247829190073707e-08
sft_full_seed2,full,2,30000,27980,0.28291203235591506,0.41726102828979494,171.22067260742188,1.2356223485876172e-08
sft_full_seed2,full,2,30000,27990,0.2830131445904954,0.25836079120635985,0.0005110276979394257,1.2234747604185525e-08
sft_full_seed2,full,2,30000,28000,0.28311425682507585,0.00020485080312937498,0.00015239912318065763,1.2113864403269835e-08
sft_full_seed2,full,2,30000,28010,0.2832153690596562,0.3179246664047241,0.001170082832686603,1.1993574030013553e-08
sft_full_seed2,full,2,30000,28020,0.2833164812942366,6.913281395100057e-05,6.468028732342646e-05,1.1873876630580814e-08
sft_full_seed2,full,2,30000,28030,0.283417593528817,0.5420408248901367,0.0005492758355103433,1.1754772350415276e-08
sft_full_seed2,full,2,30000,28040,0.2835187057633974,0.1809853196144104,0.0014912678161635995,1.1636261334239839e-08
sft_full_seed2,full,2,30000,28050,0.28361981799797775,9.42939892411232e-05,0.09287269413471222,1.151834372605659e-08
sft_full_seed2,full,2,30000,28060,0.2837209302325581,0.36553125381469725,0.00019843554764520377,1.1401019669146473e-08
sft_full_seed2,full,2,30000,28070,0.28382204246713855,0.17532540559768678,0.0006586158415302634,1.1284289306069338e-08
sft_full_seed2,full,2,30000,28080,0.2839231547017189,0.15868617296218873,0.00023101278929971159,1.1168152778663619e-08
sft_full_seed2,full,2,30000,28090,0.2840242669362993,0.0012747446075081826,0.000267600902589038,1.10526102280461e-08
sft_full_seed2,full,2,30000,28100,0.28412537917087965,1.1074189387727529e-05,0.0011751496931537986,1.0937661794611863e-08
sft_full_seed2,full,2,30000,28110,0.2842264914054601,0.28348217010498045,9.255199984181672e-05,1.0823307618034128e-08
sft_full_seed2,full,2,30000,28120,0.28432760364004045,0.22923729419708253,0.00038528061122633517,1.0709547837263967e-08
sft_full_seed2,full,2,30000,28130,0.2844287158746208,1.4701366308145224e-05,0.00022014675778336823,1.059638259053025e-08
sft_full_seed2,full,2,30000,28140,0.2845298281092012,0.008563140034675598,5.4066331358626485e-05,1.0483812015339432e-08
sft_full_seed2,full,2,30000,28150,0.2846309403437816,0.7041948318481446,0.004842793568968773,1.037183624847543e-08
sft_full_seed2,full,2,30000,28160,0.284732052578362,6.810674676671624e-06,0.0005060055409558117,1.0260455425999236e-08
sft_full_seed2,full,2,30000,28170,0.28483316481294235,0.4746533393859863,0.0012013862142339349,1.0149669683249208e-08
sft_full_seed2,full,2,30000,28180,0.2849342770475228,0.09375622272491455,0.0005607368075288832,1.0039479154840268e-08
sft_full_seed2,full,2,30000,28190,0.28503538928210315,0.43551273345947267,0.0007244453299790621,9.929883974664488e-09
sft_full_seed2,full,2,30000,28200,0.2851365015166835,0.012379475682973862,3.0459036827087402,9.820884275890284e-09
sft_full_seed2,full,2,30000,28210,0.2852376137512639,0.3508058309555054,6.24554741079919e-05,9.712480190962546e-09
sft_full_seed2,full,2,30000,28220,0.2853387259858443,0.24854202270507814,0.0005895881913602352,9.604671851602463e-09
sft_full_seed2,full,2,30000,28230,0.2854398382204247,0.19673324823379518,0.0002166782069252804,9.497459388807305e-09
sft_full_seed2,full,2,30000,28240,0.28554095045500505,0.00015558222075924278,0.0008935462683439255,9.390842932850362e-09
sft_full_seed2,full,2,30000,28250,0.2856420626895854,0.2553783178329468,0.00041664595482870936,9.28482261328073e-09
sft_full_seed2,full,2,30000,28260,0.28574317492416584,0.08429045677185058,0.0004178582748863846,9.179398558923023e-09
sft_full_seed2,full,2,30000,28270,0.2858442871587462,0.28839132785797117,0.008966955356299877,9.074570897877387e-09
sft_full_seed2,full,2,30000,28280,0.2859453993933266,0.07930539846420288,418.5558166503906,8.970339757519375e-09
sft_full_seed2,full,2,30000,28290,0.28604651162790695,0.2376342535018921,0.27922385931015015,8.866705264499618e-09
sft_full_seed2,full,2,30000,28300,0.2861476238624874,0.30678060054779055,0.33175188302993774,8.763667544743835e-09
sft_full_seed2,full,2,30000,28310,0.28624873609706775,0.9919401168823242,0.0521196573972702,8.66122672345254e-09
sft_full_seed2,full,2,30000,28320,0.2863498483316481,0.356328558921814,0.0026594626251608133,8.559382925101e-09
sft_full_seed2,full,2,30000,28330,0.28645096056622854,0.2644286870956421,14.091950416564941,8.458136273438943e-09
sft_full_seed2,full,2,30000,28340,0.2865520728008089,0.3770263195037842,264.3586120605469,8.357486891490794e-09
sft_full_seed2,full,2,30000,28350,0.2866531850353893,0.23362312316894532,0.11698919534683228,8.257434901554893e-09
sft_full_seed2,full,2,30000,28360,0.28675429726996965,0.013792873919010162,0.00044976637582294643,8.157980425203937e-09
sft_full_seed2,full,2,30000,28370,0.2868554095045501,0.4856131076812744,341.7315368652344,8.059123583284367e-09
sft_full_seed2,full,2,30000,28380,0.28695652173913044,0.2792500972747803,0.0007317409035749733,7.960864495916653e-09
sft_full_seed2,full,2,30000,28390,0.2870576339737108,0.0001612812397070229,4.664521475206129e-05,7.863203282494846e-09
sft_full_seed2,full,2,30000,28400,0.2871587462082912,0.000182171945925802,0.0006353385397233069,7.766140061686521e-09
sft_full_seed2,full,2,30000,28410,0.2872598584428716,8.503418939653784e-06,0.00014201666635926813,7.669674951432614e-09
sft_full_seed2,full,2,30000,28420,0.287360970677452,1.0116952896118163,0.00034118109033443034,7.573808068947362e-09
sft_full_seed2,full,2,30000,28430,0.28746208291203235,0.24619042873382568,3.5705058574676514,7.478539530718086e-09
sft_full_seed2,full,2,30000,28440,0.2875631951466127,0.024741102755069733,0.0015034996904432774,7.383869452504965e-09
sft_full_seed2,full,2,30000,28450,0.28766430738119314,0.22088289260864258,0.0025603603571653366,7.289797949341203e-09
sft_full_seed2,full,2,30000,28460,0.2877654196157735,0.2583590507507324,0.0002866951108444482,7.1963251355324215e-09
sft_full_seed2,full,2,30000,28470,0.2878665318503539,0.19177775382995604,0.0008990245405584574,7.103451124656989e-09
sft_full_seed2,full,2,30000,28480,0.2879676440849343,0.0004384238738566637,0.0030858435202389956,7.011176029565524e-09
sft_full_seed2,full,2,30000,28490,0.2880687563195147,0.20365426540374756,2.2735643142368644e-05,6.919499962381003e-09
sft_full_seed2,full,2,30000,28500,0.28816986855409504,0.11004643440246582,0.06989023089408875,6.828423034498487e-09
sft_full_seed2,full,2,30000,28510,0.2882709807886754,0.002080025337636471,0.006344872992485762,6.737945356585007e-09
sft_full_seed2,full,2,30000,28520,0.28837209302325584,1.52384236571379e-05,0.0015952989924699068,6.648067038579508e-09
sft_full_seed2,full,2,30000,28530,0.2884732052578362,0.003571326285600662,1.9192595481872559,6.5587881896925765e-09
sft_full_seed2,full,2,30000,28540,0.2885743174924166,0.435797119140625,4.670314592658542e-05,6.470108918406492e-09
sft_full_seed2,full,2,30000,28550,0.28867542972699695,0.44180984497070314,5.5851178331067786e-05,6.3820293324748916e-09
sft_full_seed2,full,2,30000,28560,0.28877654196157737,0.00017399673815816642,9.781822154764086e-05,6.2945495389227775e-09
sft_full_seed2,full,2,30000,28570,0.28887765419615774,0.3671532869338989,0.0002415824419585988,6.2076696440463425e-09
sft_full_seed2,full,2,30000,28580,0.2889787664307381,0.7334100723266601,102.11546325683594,6.1213897534128645e-09
sft_full_seed2,full,2,30000,28590,0.2890798786653185,0.3762310028076172,0.00019849400268867612,6.035709971860592e-09
sft_full_seed2,full,2,30000,28600,0.2891809908998989,0.1835072159767151,0.00019938350305892527,5.950630403498469e-09
sft_full_seed2,full,2,30000,28610,0.2892821031344793,0.4010016441345215,0.0003667553246486932,5.866151151706189e-09
sft_full_seed2,full,2,30000,28620,0.28938321536905964,1.066758155822754,381.7158203125,5.782272319134085e-09
sft_full_seed2,full,2,30000,28630,0.28948432760364007,0.0007910973392426968,0.0004169072490185499,5.698994007702795e-09
sft_full_seed2,full,2,30000,28640,0.28958543983822044,0.16129254102706908,299.0439453125,5.6163163186033205e-09
sft_full_seed2,full,2,30000,28650,0.2896865520728008,0.40866909027099607,2.0638301372528076,5.534239352296799e-09
sft_full_seed2,full,2,30000,28660,0.2897876643073812,0.08761218190193176,0.0009402118157595396,5.4527632085146216e-09
sft_full_seed2,full,2,30000,28670,0.2898887765419616,0.04390139877796173,9.566778317093849e-05,5.371887986257872e-09
sft_full_seed2,full,2,30000,28680,0.28998988877654197,0.12171808481216431,0.0011030378518626094,5.29161378379761e-09
sft_full_seed2,full,2,30000,28690,0.29009100101112234,0.00014540416887030006,0.00011154105595778674,5.211940698674533e-09
sft_full_seed2,full,2,30000,28700,0.2901921132457027,0.38750615119934084,0.0013885260559618473,5.132868827698977e-09
sft_full_seed2,full,2,30000,28710,0.29029322548028313,0.1368661880493164,402.1642150878906,5.054398266950754e-09
sft_full_seed2,full,2,30000,28720,0.2903943377148635,0.3592722177505493,0.024520916864275932,4.976529111778871e-09
sft_full_seed2,full,2,30000,28730,0.2904954499494439,0.0068380884826183316,0.6836899518966675,4.899261456801862e-09
sft_full_seed2,full,2,30000,28740,0.29059656218402424,0.0863883912563324,0.0014977901009842753,4.822595395907125e-09
sft_full_seed2,full,2,30000,28750,0.29069767441860467,0.004237831756472588,61.9842643737793,4.746531022251088e-09
sft_full_seed2,full,2,30000,28760,0.29079878665318504,0.6025617122650146,85.71822357177734,4.6710684282593174e-09
sft_full_seed2,full,2,30000,28770,0.2908998988877654,0.27093403339385985,0.0007860665791667998,4.596207705625799e-09
sft_full_seed2,full,2,30000,28780,0.2910010111223458,0.2819697380065918,0.00025142665253952146,4.521948945313492e-09
sft_full_seed2,full,2,30000,28790,0.2911021233569262,0.39247729778289797,6.979249954223633,4.4482922375537194e-09
sft_full_seed2,full,2,30000,28800,0.29120323559150657,0.18782172203063965,0.0006373104988597333,4.375237671846332e-09
sft_full_seed2,full,2,30000,28810,0.29130434782608694,0.05672823786735535,0.00017091953486669809,4.302785336959547e-09
sft_full_seed2,full,2,30000,28820,0.29140546006066737,0.3583399295806885,39.729312896728516,4.230935320929774e-09
sft_full_seed2,full,2,30000,28830,0.29150657229524773,0.42139134407043455,0.12484601885080338,4.159687711061566e-09
sft_full_seed2,full,2,30000,28840,0.2916076845298281,0.04079553782939911,4.319446816225536e-05,4.089042593927506e-09
sft_full_seed2,full,2,30000,28850,0.2917087967644085,0.29296169281005857,9.855962707661092e-05,4.019000055367982e-09
sft_full_seed2,full,2,30000,28860,0.2918099089989889,0.6253016471862793,0.04074680432677269,3.949560180491362e-09
sft_full_seed2,full,2,30000,28870,0.29191102123356927,0.23551299571990966,8.513910142937675e-05,3.880723053673651e-09
sft_full_seed2,full,2,30000,28880,0.29201213346814964,0.1545384407043457,0.002275677165016532,3.812488758558385e-09
sft_full_seed2,full,2,30000,28890,0.29211324570273,2.906247682403773e-05,0.0003276861971244216,3.744857378056743e-09
sft_full_seed2,full,2,30000,28900,0.29221435793731043,0.3666979789733887,0.00030231045093387365,3.677828994347154e-09
sft_full_seed2,full,2,30000,28910,0.2923154701718908,0.30597031116485596,0.00021995027782395482,3.6114036888754697e-09
sft_full_seed2,full,2,30000,28920,0.29241658240647117,0.6625896453857422,5.707202581106685e-05,3.5455815423546808e-09
sft_full_seed2,full,2,30000,28930,0.29251769464105154,0.24177889823913573,0.004864331800490618,3.480362634764922e-09
sft_full_seed2,full,2,30000,28940,0.29261880687563196,0.09398868083953857,0.3690420985221863,3.415747045353301e-09
sft_full_seed2,full,2,30000,28950,0.29271991911021233,0.4425967216491699,0.0006335582002066076,3.351734852633903e-09
sft_full_seed2,full,2,30000,28960,0.2928210313447927,0.6209197998046875,0.0009461360168643296,3.2883261343874535e-09
sft_full_seed2,full,2,30000,28970,0.29292214357937313,0.010581532865762711,1.028835654258728,3.2255209676616545e-09
sft_full_seed2,full,2,30000,28980,0.2930232558139535,0.0748942732810974,0.05384448915719986,3.1633194287706276e-09
sft_full_seed2,full,2,30000,28990,0.29312436804853387,0.10757158994674683,236.6432647705078,3.101721593295137e-09
sft_full_seed2,full,2,30000,29000,0.29322548028311424,0.6524934291839599,24.422975540161133,3.040727536082366e-09
sft_full_seed2,full,2,30000,29010,0.29332659251769466,0.0008245974779129029,4.259475463186391e-05,2.9803373312458634e-09
sft_full_seed2,full,2,30000,29020,0.29342770475227503,0.6005008220672607,0.0002940948761533946,2.9205510521653208e-09
sft_full_seed2,full,2,30000,29030,0.2935288169868554,0.00285058431327343,5.9013294958276674e-05,2.8613687714868494e-09
sft_full_seed2,full,2,30000,29040,0.29362992922143577,0.5913566589355469,0.00015290141163859516,2.80279056112237e-09
sft_full_seed2,full,2,30000,29050,0.2937310414560162,0.0709047019481659,0.0001371557591482997,2.7448164922500573e-09
sft_full_seed2,full,2,30000,29060,0.29383215369059656,0.2658687114715576,154.78334045410156,2.6874466353137838e-09
sft_full_seed2,full,2,30000,29070,0.29393326592517693,0.12878382205963135,0.00021679610654246062,2.630681060023343e-09
sft_full_seed2,full,2,30000,29080,0.2940343781597573,0.36678621768951414,1.2813432216644287,2.574519835354283e-09
sft_full_seed2,full,2,30000,29090,0.29413549039433773,0.08604187965393066,0.0001878576003946364,2.518963029547794e-09
sft_full_seed2,full,2,30000,29100,0.2942366026289181,0.032083168625831604,0.00535778421908617,2.464010710110598e-09
sft_full_seed2,full,2,30000,29110,0.29433771486349847,0.25003221035003664,0.0005097318207845092,2.409662943815005e-09
sft_full_seed2,full,2,30000,29120,0.2944388270980789,0.35003113746643066,0.0001419787877239287,2.35591979669858e-09
sft_full_seed2,full,2,30000,29130,0.29453993933265926,0.0006186453625559807,0.00016054279694799334,2.3027813340644186e-09
sft_full_seed2,full,2,30000,29140,0.29464105156723963,0.015873523056507112,0.004660260863602161,2.250247620480705e-09
sft_full_seed2,full,2,30000,29150,0.29474216380182,0.015809227526187897,0.0005009055021218956,2.198318719780878e-09
sft_full_seed2,full,2,30000,29160,0.2948432760364004,0.17952494621276854,0.5643304586410522,2.1469946950634644e-09
sft_full_seed2,full,2,30000,29170,0.2949443882709808,0.004238241165876388,0.0025801819283515215,2.096275608691911e-09
sft_full_seed2,full,2,30000,29180,0.29504550050556116,0.2254573345184326,2.883178422052879e-05,2.0461615222947537e-09
sft_full_seed2,full,2,30000,29190,0.29514661274014153,9.266267443308607e-06,0.0001950123842107132,1.9966524967653943e-09
sft_full_seed2,full,2,30000,29200,0.29524772497472196,0.0440219908952713,0.8043182492256165,1.947748592261822e-09
sft_full_seed2,full,2,30000,29210,0.29534883720930233,4.597745137289166e-05,6.381208368111402e-05,1.899449868207004e-09
sft_full_seed2,full,2,30000,29220,0.2954499494438827,0.28893156051635743,0.00032083678524941206,1.8517563832884386e-09
sft_full_seed2,full,2,30000,29230,0.29555106167846307,0.4484506607055664,246.92608642578125,1.8046681954581034e-09
sft_full_seed2,full,2,30000,29240,0.2956521739130435,0.23756763935089112,0.07458197325468063,1.7581853619327291e-09
sft_full_seed2,full,2,30000,29250,0.29575328614762386,0.32597644329071046,0.0028503104113042355,1.7123079391932472e-09
sft_full_seed2,full,2,30000,29260,0.29585439838220423,0.3709932565689087,0.00030438846442848444,1.6670359829850654e-09
sft_full_seed2,full,2,30000,29270,0.29595551061678466,0.13394590616226196,0.004800822120159864,1.6223695483179033e-09
sft_full_seed2,full,2,30000,29280,0.296056622851365,4.537844506558031e-06,0.0001203340434585698,1.5783086894656794e-09
sft_full_seed2,full,2,30000,29290,0.2961577350859454,0.564907169342041,0.1718779355287552,1.534853459966512e-09
sft_full_seed2,full,2,30000,29300,0.29625884732052576,9.977332956623286e-06,0.0002696467563509941,1.4920039126225526e-09
sft_full_seed2,full,2,30000,29310,0.2963599595551062,1.1026114952983334e-05,6.539159221574664e-05,1.449760099500097e-09
sft_full_seed2,full,2,30000,29320,0.29646107178968656,0.10189095735549927,0.0024585279170423746,1.4081220719293074e-09
sft_full_seed2,full,2,30000,29330,0.29656218402426693,0.003396431729197502,0.00024347136786673218,1.3670898805043795e-09
sft_full_seed2,full,2,30000,29340,0.2966632962588473,0.3417069673538208,0.00016613876505289227,1.326663575083209e-09
sft_full_seed2,full,2,30000,29350,0.2967644084934277,0.19049065113067626,0.00012107278598705307,1.2868432047876687e-09
sft_full_seed2,full,2,30000,29360,0.2968655207280081,0.47126021385192873,407.11358642578125,1.2476288180032212e-09
sft_full_seed2,full,2,30000,29370,0.29696663296258846,0.19430310726165773,0.0004015655431430787,1.209020462379029e-09
sft_full_seed2,full,2,30000,29380,0.29706774519716883,0.19182372093200684,0.0034693810157477856,1.1710181848278433e-09
sft_full_seed2,full,2,30000,29390,0.29716885743174926,0.3866468667984009,0.00019422417972236872,1.1336220315261158e-09
sft_full_seed2,full,2,30000,29400,0.2972699696663296,0.4183786392211914,0.000124665632029064,1.0968320479136094e-09
sft_full_seed2,full,2,30000,29410,0.29737108190091,0.008149901777505875,0.0007610535249114037,1.0606482786936765e-09
sft_full_seed2,full,2,30000,29420,0.2974721941354904,0.3022384881973267,357.0167541503906,1.0250707678329805e-09
sft_full_seed2,full,2,30000,29430,0.2975733063700708,0.3610947608947754,301.5423583984375,9.900995585615524e-10
sft_full_seed2,full,2,30000,29440,0.29767441860465116,0.4875792503356934,0.0017635120311751962,9.55734693372734e-10
sft_full_seed2,full,2,30000,29450,0.29777553083923153,0.18770132064819336,254.00460815429688,9.219762140231235e-10
sft_full_seed2,full,2,30000,29460,0.29787664307381195,0.44426817893981935,0.0026056095957756042,8.888241615322978e-10
sft_full_seed2,full,2,30000,29470,0.2979777553083923,0.0018161419779062272,0.00022807397181168199,8.562785761833114e-10
sft_full_seed2,full,2,30000,29480,0.2980788675429727,0.05725071430206299,384.3651123046875,8.243394975219752e-10
sft_full_seed2,full,2,30000,29490,0.29817997977755306,0.258359432220459,0.01111880037933588,7.930069643573567e-10
sft_full_seed2,full,2,30000,29500,0.2982810920121335,0.19120001792907715,469.299072265625,7.622810147614456e-10
sft_full_seed2,full,2,30000,29510,0.29838220424671386,0.03288930654525757,0.06281094998121262,7.321616860690993e-10
sft_full_seed2,full,2,30000,29520,0.2984833164812942,0.2866882085800171,0.004010078497231007,7.026490148782093e-10
sft_full_seed2,full,2,30000,29530,0.2985844287158746,0.2916795492172241,0.00023838152992539108,6.737430370494235e-10
sft_full_seed2,full,2,30000,29540,0.298685540950455,0.00026236751582473514,2.2735116481781006,6.454437877062568e-10
sft_full_seed2,full,2,30000,29550,0.2987866531850354,0.00011662819888442754,0.00013203962589614093,6.177513012349256e-10
sft_full_seed2,full,2,30000,29560,0.29888776541961576,2.82922283076914e-06,0.00015379211981780827,5.906656112844577e-10
sft_full_seed2,full,2,30000,29570,0.2989888776541962,0.36479945182800294,0.057034142315387726,5.641867507664155e-10
sft_full_seed2,full,2,30000,29580,0.29908998988877655,0.00023014959879219532,1.2400020360946655,5.383147518552844e-10
sft_full_seed2,full,2,30000,29590,0.2991911021233569,0.2668986082077026,180.00144958496094,5.13049645987862e-10
sft_full_seed2,full,2,30000,29600,0.2992922143579373,0.002778441831469536,0.016998961567878723,4.883914638636466e-10
sft_full_seed2,full,2,30000,29610,0.2993933265925177,0.82614164352417,225.1927032470703,4.643402354446713e-10
sft_full_seed2,full,2,30000,29620,0.2994944388270981,5.83557179197669e-05,0.00015495378465857357,4.408959899554476e-10
sft_full_seed2,full,2,30000,29630,0.29959555106167846,0.593145227432251,0.005227231420576572,4.1805875588296623e-10
sft_full_seed2,full,2,30000,29640,0.2996966632962588,0.09008055329322814,0.05878836661577225,3.9582856097658547e-10
sft_full_seed2,full,2,30000,29650,0.29979777553083925,3.376280074007809e-05,0.00031349691562354565,3.7420543224808697e-10
sft_full_seed2,full,2,30000,29660,0.2998988877654196,0.0007359494920819998,0.0034712948836386204,3.5318939597162035e-10
sft_full_seed2,full,2,30000,29670,0.3,0.010960527509450913,2.8103411197662354,3.327804776837029e-10
sft_full_seed2,full,2,30000,29680,0.30010111223458036,0.04386376142501831,0.00026112364139407873,3.129787021829977e-10
sft_full_seed2,full,2,30000,29690,0.3002022244691608,0.10564178228378296,477.5408935546875,2.937840935305913e-10
sft_full_seed2,full,2,30000,29700,0.30030333670374115,0.0020754400640726088,0.0002701928315218538,2.751966750497159e-10
sft_full_seed2,full,2,30000,29710,0.3004044489383215,0.39294915199279784,7.101555092958733e-05,2.572164693258605e-10
sft_full_seed2,full,2,30000,29720,0.30050556117290195,0.004244028776884079,0.02064931020140648,2.398434982066599e-10
sft_full_seed2,full,2,30000,29730,0.3006066734074823,6.1988052038941536e-06,0.002506003249436617,2.2307778280189483e-10
sft_full_seed2,full,2,30000,29740,0.3007077856420627,0.9711521148681641,7.724794704699889e-05,2.06919343483547e-10
sft_full_seed2,full,2,30000,29750,0.30080889787664306,0.0341428279876709,0.004569299519062042,1.913681998855776e-10
sft_full_seed2,full,2,30000,29760,0.3009100101112235,0.287984561920166,0.0008565754978917539,1.7642437090414907e-10
sft_full_seed2,full,2,30000,29770,0.30101112234580385,0.699818468093872,4.855754741583951e-05,1.6208787469734754e-10
sft_full_seed2,full,2,30000,29780,0.3011122345803842,0.0027714969590306284,0.00019058948964811862,1.483587286854604e-10
sft_full_seed2,full,2,30000,29790,0.3012133468149646,0.7847928047180176,0.0017679379088804126,1.3523694955064336e-10
sft_full_seed2,full,2,30000,29800,0.301314459049545,0.12668223381042482,0.1574302464723587,1.227225532370868e-10
sft_full_seed2,full,2,30000,29810,0.3014155712841254,0.15894575119018556,7.088130223564804e-05,1.108155549509604e-10
sft_full_seed2,full,2,30000,29820,0.30151668351870575,0.35833916664123533,0.00023115061048883945,9.951596916041304e-11
sft_full_seed2,full,2,30000,29830,0.3016177957532861,0.22319276332855226,0.00014388405543286353,8.882380959551739e-11
sft_full_seed2,full,2,30000,29840,0.30171890798786655,1.4507019659504295e-05,0.006645072251558304,7.873908924821426e-11
sft_full_seed2,full,2,30000,29850,0.3018200202224469,0.31668593883514407,5.503969077835791e-05,6.926182037242378e-11
sft_full_seed2,full,2,30000,29860,0.3019211324570273,0.000310553889721632,0.00010348783689551055,6.039201448387876e-11
sft_full_seed2,full,2,30000,29870,0.3020222446916077,0.0008538581430912017,1.6128125190734863,5.212968236029125e-11
sft_full_seed2,full,2,30000,29880,0.3021233569261881,0.4526674270629883,0.0005036648944951594,4.4474834041186016e-11
sft_full_seed2,full,2,30000,29890,0.30222446916076845,0.010591626167297363,147.39808654785156,3.7427478827845024e-11
sft_full_seed2,full,2,30000,29900,0.3023255813953488,0.05685598254203796,0.0008305544033646584,3.098762528347398e-11
sft_full_seed2,full,2,30000,29910,0.30242669362992924,0.02360599935054779,232.43783569335938,2.515528123320232e-11
sft_full_seed2,full,2,30000,29920,0.3025278058645096,0.2335683822631836,0.006220570299774408,1.9930453763750134e-11
sft_full_seed2,full,2,30000,29930,0.30262891809909,0.0861737608909607,0.004072524141520262,1.531314922387228e-11
sft_full_seed2,full,2,30000,29940,0.30273003033367035,0.5874372482299804,64.42024993896484,1.1303373224025304e-11
sft_full_seed2,full,2,30000,29950,0.3028311425682508,0.4428243160247803,0.001230729860253632,7.901130636367437e-12
sft_full_seed2,full,2,30000,29960,0.30293225480283115,0.16063445806503296,0.0005381559603847563,5.1064255950361566e-12
sft_full_seed2,full,2,30000,29970,0.3030333670374115,8.797197369858623e-06,0.00019916957535315305,2.9192614958706286e-12
sft_full_seed2,full,2,30000,29980,0.3031344792719919,0.7463733673095703,0.7726061940193176,1.3396409964117062e-12
sft_full_seed2,full,2,30000,29990,0.3032355915065723,8.280913607450203e-06,0.0006008008494973183,3.6756601606846573e-13
sft_full_seed2,full,2,30000,30000,0.3033367037411527,0.32092037200927737,0.04080752283334732,3.0377360626943073e-15
