step,reward,reward_std,loss,kl,entropy,frac_reward_zero_std,grad_norm,learning_rate,epoch
10,-0.12472870647907257,0.030194169282913207,-1.1175870895385742e-09,0.0,0.09537169774994254,0.8,0.0,1.8200202224469159e-09,0.00010111223458038423
20,-0.022452979907393457,0.01556114125996828,5.587935447692871e-09,1.5310943126678467e-07,0.10774077642709017,0.8,0.7048059701919556,3.8422649140546e-09,0.00020222446916076846
30,0.013147187232971192,0.007512678205966949,1.3984742963657482e-08,3.417953848838806e-07,0.06876983714755625,0.9,2.1025591649959097e-06,5.864509605662285e-09,0.00030333670374115267
40,-0.44850397706031797,0.6693774029612541,-0.0009383744560182095,0.00017826147377490996,0.15523227569647133,0.4,2.976755013150978e-06,7.886754297269969e-09,0.0004044489383215369
50,-0.01945083923637867,0.16062366217374802,-0.00922730416059494,4.281830042600632e-05,0.11238993748556822,0.5,0.38959991931915283,9.908998988877653e-09,0.0005055611729019212
60,-0.04709499292075634,0.30630246847867965,3.7223635445116088e-06,9.27673652768135e-05,0.14229223576840014,0.6,1.1871508149852161e-06,1.1931243680485338e-08,0.0006066734074823053
70,-0.3880365490913391,0.3984609330072999,0.01249867007136345,0.0001753268763422966,0.14604660149198026,0.5,3.500488219287945e-06,1.3953488372093022e-08,0.0007077856420626896
80,-0.13153009563684465,0.14724256470799446,5.275232251733542e-06,0.0001317659392952919,0.11538658514618874,0.7,0.00013646607112605125,1.5975733063700707e-08,0.0008088978766430738
90,-0.03790300488471985,0.034523576498031616,8.789831190370023e-06,0.00021970607340335846,0.08453624399844557,0.9,7.728045261501393e-07,1.7997977755308394e-08,0.000910010111223458
100,0.10270776450634003,0.07838816046714783,2.425961611152161e-06,6.065554916858673e-05,0.08833065468352289,0.8,0.00020389871497172862,2.0020222446916078e-08,0.0010111223458038423
110,-0.06812397390604019,0.10836664475500583,0.0001486134948208928,0.00014882851392030715,0.11317749689333141,0.7,5.175545084057376e-05,2.204246713852376e-08,0.0011122345803842265
120,-0.20626580342650414,0.23407194018363953,0.001439446583390236,0.0002444137498969212,0.16235179328359664,0.5,3.194706005160697e-05,2.4064711830131445e-08,0.0012133468149646107
130,-0.22566273510456086,0.19629990831017494,4.837736560148187e-06,0.0001209009438753128,0.13987286216579378,0.5,2.6415574438942713e-07,2.608695652173913e-08,0.0013144590495449949
140,-0.26508177667856214,0.2541965156793594,3.5293400287628173e-06,8.85404646396637e-05,0.12780556126963347,0.6,7.015577793121338,2.8109201213346816e-08,0.0014155712841253793
150,-0.16183173060417175,0.1763433039188385,3.7464815250132233e-06,9.364988654851914e-05,0.1215022279880941,0.6,2.589437826827634e-05,3.0131445904954496e-08,0.0015166835187057635
160,-0.18933354839682578,0.232136532664299,-0.00034829173237085345,9.290855377912522e-05,0.09641412456985562,0.6,1.3053610928182025e-05,3.2153690596562186e-08,0.0016177957532861476
170,-0.01609731577336788,0.05129922032356262,4.550829544314183e-06,0.00011381171643733978,0.12613032152876258,0.7,1.264021562974449e-07,3.4175935288169863e-08,0.0017189079878665318
180,0.0214928038418293,0.05988164395093918,3.8129277527332305e-06,9.528715163469315e-05,0.07987614721059799,0.6,1.465126872062683,3.6198179979777554e-08,0.001820020222446916
190,-0.09558509588241577,0.054620054364204404,5.502105523191858e-07,1.375209540128708e-05,0.09385680286213756,0.8,6.825973105151206e-05,3.822042467138523e-08,0.0019211324570273002
200,-0.00745435431599617,0.0,2.863608870029566e-08,7.381662726402283e-07,0.07347176424227655,1.0,2.692932412173832e-06,4.024266936299292e-08,0.0020222446916076846
210,-0.08593065142631531,0.12874180674552918,-0.00039462386630475523,0.00014930926263332367,0.1266177061246708,0.5,0.956050455570221,4.2264914054600605e-08,0.002123356926188069
220,0.0044239684473723175,0.22446418167091906,5.067922393209301e-06,0.00012665819376707078,0.11403434204403311,0.5,2.1251744897199387e-07,4.428715874620829e-08,0.002224469160768453
230,-0.13734606020152568,0.10555170048028231,1.9240755136706865e-06,4.8045627772808074e-05,0.10505793790798634,0.5,2.191212722379987e-08,4.630940343781597e-08,0.002325581395348837
240,-0.11002756357192993,0.06287289261817933,5.226806024438702e-07,1.3086013495922089e-05,0.0950710775796324,0.8,1.8128649799109553e-06,4.8331648129423656e-08,0.0024266936299292214
250,-0.039529287815093996,0.21632663905620575,1.8950551748275756e-06,4.740320146083832e-05,0.11455626923125237,0.6,3.219472646713257,5.035389282103134e-08,0.0025278058645096056
260,-0.09198643565177918,0.1024744376540184,3.786466913879849e-06,9.472277015447617e-05,0.0989696788834408,0.8,2.518854898880818e-06,5.237613751263903e-08,0.0026289180990899897
270,-0.13893986791372298,0.0948621042072773,6.8900590122211725e-06,0.00017227288335561753,0.0974031654652208,0.6,1.74579582790102e-07,5.439838220424671e-08,0.002730030333670374
280,-0.2542008489370346,0.1993034303188324,2.0362436771392823e-06,5.107205361127853e-05,0.1317670616786927,0.7,8.451026916503906,5.64206268958544e-08,0.0028311425682507585
290,0.19315059185028077,0.11037176847457886,1.429385065421229e-07,3.6552548408508302e-06,0.09949626771267503,0.9,0.0001823576894821599,5.844287158746208e-08,0.0029322548028311427
300,-0.12230051159858704,0.11139620542526245,1.0596588253974914e-06,2.6512332260608674e-05,0.12078973439056426,0.8,3.6234195232391357,6.046511627906976e-08,0.003033367037411527
310,-0.1389003623276949,0.14086284013465047,1.1469714081613347e-05,0.0002868073061108589,0.13998816774692385,0.5,8.081012765615014e-07,6.248736097067745e-08,0.003134479271991911
320,-0.1505347192287445,0.3738994225859642,1.1669937521219253e-06,2.7977675199508666e-05,0.15946923701558263,0.6,0.8389503955841064,6.450960566228513e-08,0.0032355915065722953
330,0.03248792290687561,0.09713483452796937,6.475066038547084e-06,0.00016046265773184132,0.12277441022451967,0.8,8.181272278307006e-06,6.653185035389282e-08,0.0033367037411526795
340,-0.07318400032818317,0.06292454451322556,2.506755117792636e-06,6.26763328909874e-05,0.09435703314375132,0.7,1.3402682270680089e-05,6.85540950455005e-08,0.0034378159757330637
350,0.14050935953855515,0.4001898616552353,1.8725579138845205e-05,0.00046825800091028215,0.1372883902862668,0.5,0.8287570476531982,7.05763397371082e-08,0.003538928210313448
360,0.026820527762174605,0.22656659334897994,4.8442743718624115e-06,0.00012125689536333085,0.11744929752312601,0.5,0.5305650234222412,7.259858442871587e-08,0.003640040444893832
370,-0.07365681529045105,0.07420836091041565,3.4226104617118835e-06,8.543208241462708e-05,0.11546736268792301,0.8,2.7492973804473877,7.462082912032355e-08,0.0037411526794742162
380,0.040138506516814235,0.2367999956011772,-0.01515512764453888,2.914387732744217e-05,0.10400401034858078,0.6,0.011709101498126984,7.664307381193125e-08,0.0038422649140546004
390,-0.06327811479568482,0.20583077967166902,1.9351396986166947e-06,4.8425793647766116e-05,0.09868564042262733,0.8,4.154489943175577e-06,7.866531850353893e-08,0.003943377148634985
400,0.014815841801464558,0.11869493033736944,5.121342837810516e-07,1.2725032866001129e-05,0.10189807545393706,0.6,1.4599992036819458,8.06875631951466e-08,0.004044489383215369
410,-0.10216648876667023,0.10566438138484954,-0.0005530892405658961,4.227403551340103e-05,0.10339003033004701,0.7,5.485719157150015e-06,8.270980788675428e-08,0.004145601617795753
420,-0.42707157135009766,0.17306685894727708,6.25496541033499e-06,0.00015630200505256653,0.09985403900500386,0.6,5.235405842540786e-05,8.473205257836198e-08,0.004246713852376138
430,-0.03361795246601105,0.022750825993716715,1.0094596655108035e-05,0.00025235582143068314,0.06981218818109483,0.8,5.881938491825167e-08,8.675429726996967e-08,0.004347826086956522
440,0.10772393345832824,0.23578662872314454,6.428226333810016e-06,0.00016095228493213655,0.13850342365913093,0.6,3.6014844226883724e-05,8.877654196157734e-08,0.004448938321536906
450,0.014798983931541443,0.008456561714410782,-0.0018653837963938714,8.342787623405456e-07,0.07415875687729567,0.9,0.0024072034284472466,9.079878665318503e-08,0.00455005055611729
460,-0.00624261200428009,0.07909896001219749,1.1687940059346148e-06,2.9178522527217866e-05,0.07735161271411925,0.7,2.7415831027610693e-07,9.282103134479272e-08,0.004651162790697674
470,-0.09674211665987968,0.04645378049463034,3.572713103494607e-06,8.933451026678085e-05,0.1056124436436221,0.7,7.531710252806079e-06,9.48432760364004e-08,0.0047522750252780585
480,0.014071083441376687,0.08130722846835851,-0.0009237942285835743,8.947942405939102e-05,0.08973499638959766,0.6,0.09198108315467834,9.68655207280081e-08,0.004853387259858443
490,0.008838529139757157,0.007834728807210922,2.01451239263406e-06,5.036797374486923e-05,0.11527997995726764,0.8,1.1935742350033252e-06,9.888776541961577e-08,0.004954499494438827
500,-0.24427732974290847,0.29105987437069414,-0.004739533364772797,4.96838241815567e-05,0.12189820616040378,0.6,0.20345836877822876,1.0091001011122345e-07,0.005055611729019211
510,-0.11045654453337192,0.03103677909821272,1.8371036276221276e-06,4.599876701831818e-05,0.07867862656712532,0.7,0.19147437810897827,1.0293225480283113e-07,0.005156723963599595
520,0.07628429126925766,0.06672797300852835,4.976474156137556e-06,0.000124395452439785,0.1117785241222009,0.6,8.359214831443751e-08,1.0495449949443883e-07,0.0052578361981799795
530,-0.03069603517651558,0.28119064345955846,-0.000339483842253685,0.00015918798744678496,0.1329817181220278,0.4,2.651857614517212,1.069767441860465e-07,0.005358948432760364
540,-0.19465274810791017,0.2563130632042885,-0.008173248916864394,0.0003006165225087898,0.15444901250302792,0.4,1.1537441423570272e-05,1.0899898887765419e-07,0.005460060667340748
550,-0.016191346943378447,0.009252198040485382,8.102414540189784e-07,2.0269677042961122e-05,0.09702740691136569,0.9,1.5220590512399212e-06,1.1102123356926188e-07,0.005561172901921132
560,-0.11680794432759285,0.4363113522529602,0.004102294892072677,0.0001323152333498001,0.14682495754677802,0.5,0.7569329738616943,1.1304347826086955e-07,0.005662285136501517
570,-0.44442788064479827,0.405277980864048,0.002352871559560299,0.00021072346717119217,0.14693585131317377,0.5,2.858918605852523e-06,1.1506572295247724e-07,0.005763397371081901
580,0.07076541781425476,0.2201002962887287,4.823782728635706e-06,0.000120549276471138,0.08881780591327697,0.6,2.065093576675281e-05,1.1708796764408493e-07,0.0058645096056622855
590,-0.133146021515131,0.22360223829746245,4.849762990488671e-06,0.0001212097704410553,0.09241425248328597,0.5,0.00010690046474337578,1.1911021233569262e-07,0.00596562184024267
600,0.09030352532863617,0.28447123765945437,9.566044172970579e-06,0.00023901034146547317,0.12068739656824619,0.7,8.26457908260636e-05,1.211324570273003e-07,0.006066734074823054
610,-0.03684312775731087,0.03218130171298981,5.512131610885262e-06,0.00013780221343040466,0.11996528962627054,0.7,9.628392945160158e-06,1.2315470171890798e-07,0.006167846309403438
620,0.07145229578018189,0.13735294342041016,-0.0018164131790399552,0.00021301917731761933,0.07770630901213735,0.8,8.392616271972656,1.2517694641051566e-07,0.006268958543983822
630,-0.23017453625798226,0.28682194724678994,1.0696096433093772e-05,0.0002673737704753876,0.14960396473761647,0.3,0.0001027189937303774,1.2719919110212335e-07,0.006370070778564206
640,-0.28695752322673795,0.3862578049302101,-0.002046363987028599,0.0001692159101366997,0.1437407748075202,0.4,3.1298968679038808e-06,1.2922143579373105e-07,0.006471183013144591
650,-0.14029939658939838,0.08962039351463318,5.140093708178028e-06,0.0001283004879951477,0.14121126697864383,0.6,0.00034635307383723557,1.3124368048533872e-07,0.006572295247724975
660,-0.012237338034901768,0.021935232961550356,-4.9804424634203315e-05,3.582760691642761e-05,0.11708043671678751,0.6,1.5260704344655096e-07,1.3326592517694642e-07,0.006673407482305359
670,0.03254902046173811,0.10697394618764519,-0.012814612686634063,6.646979600191116e-05,0.09800482543651015,0.7,6.557950655405875e-06,1.352881698685541e-07,0.006774519716885743
680,-0.02184978425502777,0.12132838964462281,1.498447272751946e-06,3.776419907808304e-05,0.08322847695089877,0.8,8.295086217913195e-07,1.3731041456016176e-07,0.006875631951466127
690,-0.13382947742938994,0.07276903539896011,4.7478824853897096e-07,1.1868216097354889e-05,0.08469958549831062,0.7,0.834010124206543,1.3933265925176945e-07,0.0069767441860465115
700,0.1761902529746294,0.16757232015952467,0.015595975518226623,0.0001833224669098854,0.16345810126513244,0.5,5.097121715545654,1.4135490394337715e-07,0.007077856420626896
710,-0.034944581985473636,0.1280420422554016,5.815699296363164e-07,1.4455430209636688e-05,0.10981370017398148,0.8,1.117792578497756e-07,1.4337714863498482e-07,0.00717896865520728
720,-0.1894849912263453,0.12487954923417419,-0.0017815791070461273,0.00011279638856649399,0.08040700096171349,0.5,2.4044318199157715,1.4539939332659252e-07,0.007280080889787664
730,-0.027426965534687042,0.015672552958130838,4.936789082421455e-07,1.2323819100856781e-05,0.0806217563804239,0.8,5.1333058763702866e-06,1.4742163801820022e-07,0.007381193124368048
740,0.1809862434864044,0.1447548449039459,-0.02632826566696167,3.318116068840027e-06,0.09596848606597633,0.7,6.238090281840414e-05,1.4944388270980786e-07,0.0074823053589484325
750,-0.07354776859283448,0.046023502200841906,7.95605683379108e-07,1.9911117851734163e-05,0.1038256830535829,0.8,2.385359584877733e-05,1.5146612740141556e-07,0.007583417593528817
760,0.2174413174390793,0.1536008358001709,-0.02127464711666107,0.00015732552856206894,0.07044816922862082,0.7,9.372181921207812e-06,1.5348837209302325e-07,0.007684529828109201
770,-0.009696275368332863,0.008831756468862296,6.15114695392549e-06,0.0001537790521979332,0.12301848686765879,0.8,0.0002148188214050606,1.5551061678463092e-07,0.007785642062689585
780,-0.13248573541641234,0.17074232548475266,1.0506482794880867e-06,2.6183947920799255e-05,0.1212789170909673,0.7,0.9300544261932373,1.5753286147623862e-07,0.00788675429726997
790,0.07520384788513183,0.06436430215835572,8.681997314852196e-07,2.1702423691749572e-05,0.08464530967175961,0.8,3.8417418579683726e-08,1.5955510616784632e-07,0.007987866531850353
800,-0.20249018669128419,0.11570867300033569,3.3952524972846732e-06,8.442793041467667e-05,0.10171105780173093,0.8,4.440110387804452e-06,1.61577350859454e-07,0.008088978766430738
810,-0.21272537522017956,0.13304972434416412,5.039925235905685e-06,0.00012587625533342362,0.119028574321419,0.7,0.00010584746632957831,1.6359959555106168e-07,0.008190091001011122
820,0.056021928787231445,0.03917360603809357,1.310072730120737e-06,3.278143703937531e-05,0.12258767255116254,0.8,7.679445843677968e-06,1.6562184024266933e-07,0.008291203235591507
830,0.04025803133845329,0.023004589974880217,1.2612045793503058e-06,2.906949557655025e-05,0.11171690642368048,0.8,4.9117617891170084e-05,1.6764408493427703e-07,0.00839231547017189
840,0.03736621625721455,0.3605355456471443,-0.005702407658100128,9.176954627037049e-05,0.10655629688408226,0.6,21.186161041259766,1.6966632962588472e-07,0.008493427704752275
850,-0.07107601016759872,0.10708664245903492,6.654478784184903e-06,0.00016632471233606337,0.11746458914130926,0.5,1.3134331311448477e-05,1.716885743174924e-07,0.008594539939332659
860,-0.2269837588071823,0.12890967950224877,9.705768316052854e-05,0.00017796022184484172,0.10830144723877311,0.6,2.832791506079957e-05,1.737108190091001e-07,0.008695652173913044
870,-0.39731915593147277,0.4416559234261513,9.332663466921076e-06,0.00023358594626188278,0.16647687021177263,0.4,1.2726673048746306e-06,1.757330637007078e-07,0.008796764408493427
880,-0.0915878121741116,0.23076317338272928,3.784149885177612e-06,9.470060467720032e-05,0.11506597995758057,0.8,26.26645278930664,1.7775530839231546e-07,0.008897876643073812
890,0.04177453964948654,0.2442772291600704,-0.005489647015929222,0.00023659821599721908,0.09710651368368417,0.5,3.9898677641758695e-05,1.7977755308392315e-07,0.008998988877654197
900,-0.03352568745613098,0.1948477953672409,4.665181040763855e-06,0.00011669974774122238,0.13004262431059033,0.7,4.847440242767334,1.8179979777553085e-07,0.00910010111223458
910,-0.23125419914722442,0.3574472017586231,-0.0056003183126449585,9.527411311864853e-05,0.11376017050351947,0.4,5.043260102866043e-07,1.838220424671385e-07,0.009201213346814965
920,-0.09572408683598041,0.22432224303483964,5.8759727835422385e-06,0.00014691911637783052,0.1002165004145354,0.7,1.4578332638848224e-06,1.858442871587462e-07,0.009302325581395349
930,0.11741905435919761,0.08505731942132115,-0.000126789475325495,4.602111876010895e-05,0.090099120978266,0.7,2.1617997845169157e-06,1.878665318503539e-07,0.009403437815975734
940,-0.04604817107319832,0.07238173335790635,2.244987990707159e-05,0.0005612857639789581,0.1089786485536024,0.7,0.9261329770088196,1.8988877654196156e-07,0.009504550050556117
950,0.03380967322736979,0.16326166158542038,1.0977977945003659e-05,0.00027429480105638503,0.126971032936126,0.6,4.308957954890502e-07,1.9191102123356926e-07,0.009605662285136502
960,-0.16424128282815217,0.29512641187757255,0.0004305174108594656,0.00021054428070783616,0.13777115438133478,0.7,0.0012712468160316348,1.9393326592517695e-07,0.009706774519716885
970,0.010938992351293563,0.011417820304632186,2.6939760573441163e-06,6.738342344760894e-05,0.12508842130191625,0.8,7.33548176867771e-06,1.9595551061678462e-07,0.00980788675429727
980,-0.019587880373001097,0.08007172346115113,3.2446710974909366e-06,8.104685693979263e-05,0.08185749107506127,0.8,8.766501764512213e-07,1.9797775530839232e-07,0.009908998988877654
990,0.06911538243293762,0.06295306086540223,-0.009485958516597748,1.218412071466446e-05,0.07447316569741816,0.9,7.452810990571379e-08,2e-07,0.010010111223458039
1000,0.002456355094909668,0.1764060664921999,2.220645546913147e-06,5.5412948131561277e-05,0.1273417375050485,0.7,3.981673002243042,2.0202224469160766e-07,0.010111223458038422
1010,-0.048400469683110715,0.06929524610750377,9.967217920348048e-06,0.0002491716295480728,0.1353823893936351,0.5,0.039294034242630005,2.0404448938321536e-07,0.010212335692618807
1020,-0.038287201523780824,0.01605277359485626,4.5725332711299414e-07,1.1452846229076385e-05,0.06942657849285752,0.9,2.8878119337605312e-05,2.0606673407482306e-07,0.01031344792719919
1030,-0.035474182665348054,0.03911411911249161,5.0725342589430514e-06,0.00012683235108852388,0.1062903133686632,0.8,4.557192369247787e-05,2.0808897876643073e-07,0.010414560161779576
1040,0.07370783388614655,0.19069374799728395,-0.0003114410676062107,0.00047519449144601823,0.1327031831489876,0.5,4.3422746658325195,2.1011122345803842e-07,0.010515672396359959
1050,0.018539813905954362,0.011436856724321843,6.185797974467277e-06,0.00015464257448911668,0.08665805440396071,0.7,0.3102180063724518,2.1213346814964612e-07,0.010616784630940344
1060,-0.1541546292603016,0.16252779327332972,-0.0010301582515239716,0.0002776695415377617,0.11525176512077451,0.6,6.133737997515709e-07,2.141557128412538e-07,0.010717896865520727
1070,-0.2647045858204365,0.16348042637109755,0.0003342249896377325,0.0001361759379506111,0.11254079495556653,0.6,1.9457215070724487,2.1617795753286146e-07,0.010819009100101112
1080,-0.06261465698480606,0.26432555466890334,1.679668202996254e-05,0.00041997823864221574,0.16675145761109889,0.6,4.304165363311768,2.1820020222446913e-07,0.010920121334681496
1090,-0.14098474923521281,0.13028314146213232,4.7527842980343845e-06,0.00011893454939126968,0.08275429522618652,0.8,0.05088875815272331,2.2022244691607683e-07,0.01102123356926188
1100,0.02820618897676468,0.0457274504005909,7.975435437401757e-06,0.00019940845668315889,0.09971720776520669,0.7,6.59980287309736e-06,2.2224469160768452e-07,0.011122345803842264
1110,-0.010503674671053887,0.1926751345396042,6.983341154409572e-06,0.00017479825764894487,0.13465893745888025,0.4,4.40985286331852e-06,2.242669362992922e-07,0.01122345803842265
1120,0.11351827383041382,0.08457522094249725,1.204460859298706e-05,0.00030104108154773714,0.12677727472037076,0.8,1.2742750644683838,2.262891809908999e-07,0.011324570273003034
1130,-0.24197700023651122,0.2608131967484951,1.6851723194122316e-05,0.00042099263519048693,0.13012691142503172,0.6,9.115522384643555,2.283114256825076e-07,0.011425682507583418
1140,0.07901636511087418,0.09357587099075318,2.5190814994857646e-06,6.293971091508865e-05,0.08516826836857945,0.8,1.9908766546450352e-07,2.3033367037411526e-07,0.011526794742163803
1150,-0.1535644382238388,0.349682342261076,-0.033659884333610536,9.433794766664506e-05,0.10496937641873956,0.5,6.132278031145688e-06,2.3235591506572293e-07,0.011627906976744186
1160,0.1886570319533348,0.41860702335834504,3.3262185752391815e-05,0.0008315185084939003,0.12544988601002843,0.7,2.332749366760254,2.3437815975733063e-07,0.011729019211324571
1170,-0.14095563888549806,0.09045803248882293,1.2822076678276062e-05,0.00032071880996227265,0.09798035346902907,0.8,5.290364742279053,2.364004044489383e-07,0.011830131445904954
1180,-0.13235177397727965,0.3498270146548748,0.002424648404121399,0.0008928554132580757,0.1666737218387425,0.3,17.297367095947266,2.38422649140546e-07,0.01193124368048534
1190,-0.06600376963615417,0.037716439366340636,1.7255029888474383e-06,4.315171390771866e-05,0.10593464937992395,0.9,5.694184437743388e-05,2.4044489383215366e-07,0.012032355915065723
1200,0.04739045556634665,0.0441848827060312,-0.0004224537871778011,0.0002989931032061577,0.0900339315412566,0.7,0.00020674830011557788,2.4246713852376136e-07,0.012133468149646108
1210,0.00011808648705482482,0.022092747781425715,0.0001866643433459103,0.00010484177619218826,0.09781515309587122,0.7,0.49982768297195435,2.4448938321536906e-07,0.012234580384226491
1220,-0.024344097077846526,0.20204464644193648,-0.0001982627436518669,0.0013337388634681701,0.1144889150513336,0.6,0.00011651258682832122,2.4651162790697676e-07,0.012335692618806876
1230,-0.26775073558092116,0.17863401882350444,2.2458158491645007e-05,0.0005615347996354103,0.12846165439113974,0.5,1.658294968365226e-05,2.485338725985844e-07,0.01243680485338726
1240,-0.12918461188673974,0.25015422850847246,1.1939211253775283e-05,0.00029860474169254305,0.13274834586773068,0.6,5.8041907323058695e-05,2.505561172901921e-07,0.012537917087967644
1250,0.0758420169353485,0.26635050065815447,2.5123290834017097e-05,0.0006279941648244858,0.13947705819737166,0.6,2.6634768801159225e-05,2.525783619817998e-07,0.012639029322548028
1260,-0.2876619651913643,0.3639650970697403,1.9676514784805477e-05,0.0004918914288282395,0.1623757196124643,0.6,0.00036649429239332676,2.546006066734075e-07,0.012740141557128413
1270,-0.1589985452592373,0.09851845093071461,5.476568912854418e-06,0.00013703666627407074,0.11220656556542963,0.7,0.0002256303559988737,2.5662285136501513e-07,0.012841253791708796
1280,-0.054969382286071775,0.1515834704041481,1.56076333951205e-05,0.0003742828965187073,0.13741943708155305,0.8,2.9486949415513664e-07,2.5864509605662283e-07,0.012942366026289181
1290,-0.11143665015697479,0.24739945828914642,2.4994098930619656e-05,0.0006249666213989258,0.12752281113062053,0.6,3.5256398405181244e-05,2.6066734074823053e-07,0.013043478260869565
1300,-0.1582810953259468,0.07011890858411789,2.1321950771380217e-05,0.0005330514162778854,0.0898540172725916,0.7,1.265793889615452e-05,2.626895854398382e-07,0.01314459049544995
1310,0.0861769124865532,0.11815654151141644,5.328189581632614e-05,0.0013319838792085648,0.12685865156818182,0.5,0.6700783967971802,2.6471183013144587e-07,0.013245702730030333
1320,-0.07523128669708967,0.1144850442185998,-0.00016822360921651125,0.00024459175765514376,0.10429474234115332,0.7,6.45504223939497e-06,2.667340748230536e-07,0.013346814964610718
1330,-0.2729630768299103,0.2709190309047699,-0.01304103285074234,0.0006236106157302857,0.10704438821412623,0.6,3.1345174312591553,2.6875631951466126e-07,0.013447927199191101
1340,-0.014096173644065856,0.4127700187265873,-0.0020324371755123137,0.001299133524298668,0.1186728277709335,0.5,29.40754508972168,2.7077856420626896e-07,0.013549039433771486
1350,0.23829478919506072,0.18448933064937592,2.1086503693368286e-05,0.0005271410569548607,0.11150566774886102,0.7,0.0001603271666681394,2.7280080889787666e-07,0.013650151668351871
1360,-0.12401735577732324,0.24037299826741218,0.0003954206127673388,0.0006642721593379975,0.14449236795771866,0.6,0.00024718520580790937,2.748230535894843e-07,0.013751263902932255
1370,-0.14958718568086624,0.13599785566329955,-0.0056710619479417804,0.0008211841806769371,0.08295459705404937,0.6,2.4548484361730516e-05,2.76845298281092e-07,0.01385237613751264
1380,-0.028324232250452042,0.06494101965799928,0.0003272427711635828,0.0010140310352653615,0.10517804347909987,0.7,0.00038307011709548533,2.788675429726997e-07,0.013953488372093023
1390,-0.06544271335005761,0.10387875512242317,6.213312735781074e-05,0.0015480159476283007,0.16068700037430972,0.5,0.0055540394969284534,2.808897876643074e-07,0.014054600606673408
1400,-0.08759486973285675,0.3289608657360077,-0.0051893886178731915,0.0019997771829366683,0.10890707087237388,0.5,0.00012893092934973538,2.8291203235591503e-07,0.014155712841253791
1410,-0.21855801437050104,0.13201378122903407,3.2091187313199045e-05,0.0008022793258078309,0.11664865436032415,0.6,0.03610166907310486,2.849342770475228e-07,0.014256825075834176
1420,0.06621516905725003,0.38541220016777517,0.0001512222457677126,0.0037807850167155266,0.1478632061276585,0.3,0.004920319188386202,2.8695652173913043e-07,0.01435793731041456
1430,-0.06580355986952782,0.13856549449265004,0.00013088406994938851,0.003272145986557007,0.18365985190030187,0.4,1.7956219911575317,2.8897876643073807e-07,0.014459049544994945
1440,0.0884377658367157,0.1251907765865326,1.7720620962791146e-05,0.00044409427791833875,0.10955213289707899,0.7,5.957457688055001e-06,2.9100101112234577e-07,0.014560161779575328
1450,-0.014284643530845641,0.2074684776365757,0.00010287091135978699,0.002571786567568779,0.12359556597657502,0.5,9.962502479553223,2.9302325581395347e-07,0.014661274014155713
1460,0.04082308113574982,0.1761374356225133,-0.019040404260158537,0.0020358892157673835,0.1213620315073058,0.6,1.517157793045044,2.9504550050556116e-07,0.014762386248736097
1470,-0.044633259624242784,0.04062607791274786,9.203155059367418e-05,0.002300793305039406,0.10797835416160524,0.6,0.9846649765968323,2.970677451971688e-07,0.014863498483316482
1480,-0.06253510215319694,0.04640849810093641,5.445870920084417e-05,0.0013617835938930511,0.1048244841163978,0.6,9.093015978578478e-05,2.9908998988877656e-07,0.014964610717896865
1490,0.1535109758377075,0.3259631872177124,9.517836733721196e-05,0.002379384636878967,0.1334992103278637,0.7,0.00012770744797307998,3.011122345803842e-07,0.01506572295247725
1500,-0.23724470064043998,0.3128331132233143,-6.20459788478911e-05,0.0025229791179299356,0.13866653945297003,0.5,0.4841427206993103,3.031344792719919e-07,0.015166835187057633
1510,0.14781673661782407,0.09795724169816822,5.568616325035691e-05,0.0014199800789356232,0.0897721454501152,0.6,8.057658124016598e-05,3.051567239635996e-07,0.015267947421638018
1520,-0.014784882217645645,0.17772404700517655,-0.0020107083022594453,0.0018576111644506455,0.1356634076219052,0.6,0.5038105249404907,3.0717896865520724e-07,0.015369059656218402
1530,-0.07058177888393402,0.3889703154563904,0.00017791856080293656,0.0044478287920355795,0.15227460218593478,0.4,3.040121078491211,3.0920121334681494e-07,0.015470171890798787
1540,-0.0455282237380743,0.026016125548630954,1.999820669880137e-05,0.000920981913805008,0.10189216905273497,0.8,0.00019857731240335852,3.1122345803842263e-07,0.01557128412537917
1550,-0.10697942972183228,0.12670788764953614,0.00010293945670127868,0.0025735389441251754,0.12578500383533536,0.6,1.3884226083755493,3.1324570273003033e-07,0.015672396359959553
1560,0.002428755909204483,0.2343468427658081,0.0003720487467944622,0.009301111660897731,0.19908016775734722,0.5,0.8168355226516724,3.15267947421638e-07,0.01577350859453994
1570,-0.002455953136086464,0.187456214427948,0.00028483618516474964,0.007121310383081436,0.14322518259286882,0.4,0.8712646961212158,3.172901921132457e-07,0.015874620829120323
1580,-0.12790379337966443,0.3561451487243176,0.00041051413863897325,0.010262657701969147,0.18076310623437167,0.4,0.9705396890640259,3.1931243680485337e-07,0.015975733063700707
1590,-0.1304899536073208,0.32802914790809157,0.00013053205329924822,0.004731203615665436,0.1693690717453137,0.5,0.2131917029619217,3.21334681496461e-07,0.016076845298281094
1600,-0.2042394047603011,0.3933060489594936,-0.011802615225315094,0.013842989504337311,0.1895739285973832,0.3,0.0020523997955024242,3.2335692618806876e-07,0.016177957532861477
1610,-0.17011130303144456,0.13579131811857223,0.00020849446300417185,0.005212326161563396,0.14192204629071056,0.6,0.00013930656132288277,3.253791708796764e-07,0.01627906976744186
1620,-0.18445277572609484,0.1551284802146256,0.0003621442243456841,0.009053561836481094,0.1399894371861592,0.4,9.056938870344311e-05,3.274014155712841e-07,0.016380182002022244
1630,0.3455872632563114,0.5988875661045313,-0.02051554024219513,0.022842992283403873,0.18872707723639906,0.2,8.532567977905273,3.294236602628918e-07,0.01648129423660263
1640,0.016492503881454467,0.10237124608829618,0.0006969831883907318,0.006200619600713253,0.13253221742343158,0.5,6.203291559359059e-05,3.314459049544995e-07,0.016582406471183014
1650,-0.09535994976758957,0.28321615904569625,0.0005221965722739697,0.012749113887548447,0.19358309260569512,0.6,1.2106703519821167,3.3346814964610714e-07,0.016683518705763397
1660,0.13609920255839825,0.10158458929508925,0.0002392514608800411,0.008027409389615058,0.11141785017680376,0.6,0.309691458940506,3.354903943377149e-07,0.01678463094034378
1670,0.01075950488448143,0.11930334828794002,0.002234516851603985,0.008684700913727283,0.13358351020142437,0.6,0.00037669469020329416,3.3751263902932253e-07,0.016885743174924167
1680,0.11151305101811886,0.38595754504203794,0.0006365110632032156,0.015912653505802156,0.16929114183876665,0.3,0.0003700907400343567,3.395348837209302e-07,0.01698685540950455
1690,-0.13911877572536469,0.5054291769862175,-0.003066716343164444,0.015338722616434097,0.1948180774692446,0.4,6.509030818939209,3.4155712841253793e-07,0.017087967644084934
1700,-0.2483553174417466,0.20713968612253666,0.0006691950839012861,0.019125699065625668,0.18740394294727594,0.3,1.9473427534103394,3.4357937310414557e-07,0.017189079878665317
1710,-0.057995802536606786,0.1984486434608698,0.000649425107985735,0.016235664114356042,0.15208851173520088,0.7,0.00042476406088098884,3.4560161779575327e-07,0.017290192113245704
1720,-0.16831662505865097,0.34709165096282957,0.0007202777545899153,0.01800708845257759,0.16560535184107722,0.3,6.913639026606688e-06,3.4762386248736097e-07,0.017391304347826087
1730,-0.1753302998840809,0.23832744285464286,0.0006322701461613178,0.03475990854203701,0.20953392097726464,0.2,3.561647463357076e-05,3.4964610717896866e-07,0.01749241658240647
1740,0.0300455623480957,0.0392260757740587,0.0005548158194869756,0.014862221851944923,0.15942203169688582,0.8,0.00019771463121287525,3.516683518705763e-07,0.017593528816986854
1750,-0.04125389158725738,0.1486901432275772,0.007457707822322845,0.010509198158979416,0.16626968334894626,0.6,3.302044206066057e-05,3.53690596562184e-07,0.01769464105156724
1760,-0.22570564299821855,0.4030688852071762,0.0011599406599998475,0.028998561576008795,0.20827400418929756,0.3,19.90421485900879,3.557128412537917e-07,0.017795753286147624
1770,-0.1669830396771431,0.1578531086910516,0.0017376227304339408,0.04344059117138386,0.2093814152292907,0.3,1.6702334880828857,3.5773508594539934e-07,0.017896865520728007
1780,0.028283772617578508,0.41024593114852903,0.001242526527494192,0.05480080638080835,0.21676491387188435,0.3,1.6318962574005127,3.597573306370071e-07,0.017997977755308394
1790,0.18729803194291889,0.3201575977727771,0.0018231719732284546,0.04557924158871174,0.2196609177161008,0.4,17.700170516967773,3.6177957532861474e-07,0.018099089989888777
1800,0.0049425303936004635,0.21804419681429862,-0.00034698285162448883,0.03856892269104719,0.19451535092666744,0.2,2.8549704551696777,3.6380182002022243e-07,0.01820020222446916
1810,0.004459131509065628,0.5093665108084678,0.002086210995912552,0.05215541757643223,0.21930253566242755,0.3,0.0008286074735224247,3.6582406471183013e-07,0.018301314459049544
1820,0.006248699128627777,0.2926716811954975,0.0010042039677500725,0.025105009227991103,0.14465225806925447,0.5,0.0006596574676223099,3.6784630940343783e-07,0.01840242669362993
1830,0.08746969923377038,0.29705916391685605,0.001125664822757244,0.028141959570348263,0.17607425837777554,0.6,0.002710383152589202,3.6986855409504547e-07,0.018503538928210314
1840,-0.423019839450717,0.4703915391117334,0.00178372785449028,0.05877594917546958,0.25328008490614595,0.1,3.432802438735962,3.7189079878665317e-07,0.018604651162790697
1850,0.22386131985113025,0.21843037728685885,0.0004183192271739244,0.06334278527647257,0.16868698857724668,0.3,0.002008693991228938,3.7391304347826087e-07,0.01870576339737108
1860,-0.1443038359284401,0.34932258129119875,-0.0016937097534537315,0.03583047203719616,0.19314013519324363,0.3,3.3973348140716553,3.759352881698685e-07,0.018806875631951468
1870,-0.20692885518074036,0.7267205104231834,-0.0021720528602600098,0.03511310815811157,0.17896339786238968,0.5,41.56853485107422,3.7795753286147626e-07,0.01890798786653185
1880,-0.1483945358544588,0.5293117118999362,0.001967911794781685,0.08597731925547122,0.27022622977383437,0.1,1.9746143817901611,3.799797775530839e-07,0.019009100101112234
1890,0.16753987167030573,0.31651811227202414,0.006419983506202698,0.09010117140132934,0.22488164729438723,0.2,1.9428576231002808,3.820020222446916e-07,0.019110212335692617
1900,-0.17537034749984742,0.3213484728708863,0.0016393961384892463,0.048445348627865314,0.2255329005420208,0.3,0.10950632393360138,3.840242669362993e-07,0.019211324570273004
1910,0.004918652027845383,0.36450921799987557,0.0028930213302373886,0.07232559286057949,0.2251713049598038,0.3,1.0098352432250977,3.8604651162790694e-07,0.019312436804853388
1920,0.14837041925638914,0.7759142763912678,-0.007237251847982407,0.15128643289208413,0.2798097702674568,0.1,0.5306587815284729,3.8806875631951464e-07,0.01941354903943377
1930,0.05443294122815132,0.16450020782649516,-0.0005923413671553134,0.07679667919874192,0.2226273206062615,0.2,0.004735988564789295,3.900910010111223e-07,0.019514661274014154
1940,0.19405052792280914,0.2502435447182506,0.007682463526725769,0.12268763929605483,0.20457429299131036,0.1,0.185703843832016,3.9211324570273003e-07,0.01961577350859454
1950,0.04651663303375244,0.4781676590442657,0.003498120978474617,0.14906897731125354,0.2305143459700048,0.2,1.337630271911621,3.941354903943377e-07,0.019716885743174924
1960,0.25547840977087616,0.5200692018028349,0.004379686713218689,0.10949190426617861,0.26757589252665637,0.2,16.212905883789062,3.961577350859454e-07,0.019817997977755308
1970,0.20283167203888297,0.21788392774760723,0.0031885549426078795,0.0797138934955001,0.22147856946103275,0.3,4.422856330871582,3.9817997977755307e-07,0.01991911021233569
1980,-0.024709080811589956,0.11510956101119518,0.0008222282864153385,0.04936266802251339,0.185680309147574,0.4,3.6694252685265383e-06,4.0020222446916077e-07,0.020020222446916078
1990,-0.002837284281849861,0.3006477184593678,0.004072865098714828,0.10182149596512317,0.23862416232004763,0.2,0.6306753754615784,4.022244691607684e-07,0.02012133468149646
2000,0.0516589742153883,0.374063678085804,-0.010832171142101287,0.0923233637586236,0.22136678057722747,0.3,1.15214204788208,4.042467138523761e-07,0.020222446916076844
2010,-0.07145420387387276,0.5493910670280456,0.0017956700176000595,0.10351716428995132,0.24911111355759202,0.1,0.00024308152205776423,4.062689585439838e-07,0.02032355915065723
2020,0.2556871002539992,0.48672695495188234,0.0015868216753005982,0.14352148156613112,0.2707170785171911,0.1,3.4095101356506348,4.0829120323559145e-07,0.020424671385237615
2030,-0.12438581213355064,0.20688858702778817,0.0021471362560987473,0.053674247363960606,0.19831839599646628,0.4,9.285286796512082e-05,4.103134479271992e-07,0.020525783619817998
2040,0.10857128258794546,0.3522039301693439,0.007375641167163849,0.16259555127471687,0.2328613822814077,0.1,3.84000825881958,4.1233569261880684e-07,0.02062689585439838
2050,0.14645297415554523,0.6365303039550781,0.0077964536845684055,0.19491139613091946,0.33207252332940695,0.0,3.0513687133789062,4.1435793731041454e-07,0.020728008088978768
2060,-0.1094409853219986,0.3933655247092247,-0.017636993527412416,0.06514328680932521,0.18599176923744382,0.3,7.6454315185546875,4.1638018200202224e-07,0.02082912032355915
2070,0.0524209139868617,0.4677747530862689,0.007497260719537735,0.18720269799232483,0.3091152485460043,0.2,0.0036156675778329372,4.184024266936299e-07,0.020930232558139535
2080,-0.04727602628991008,0.5671909853350371,0.007923461496829987,0.21498884111642838,0.2850179586559534,0.0,3.5273239612579346,4.204246713852376e-07,0.021031344792719918
2090,-0.09648188203573227,0.24166201949119567,0.004110835492610931,0.1027709249407053,0.1865579300094396,0.6,2.396148204803467,4.224469160768453e-07,0.021132457027300305
2100,0.10538344476372004,0.3554746456444263,0.005201944708824157,0.13004853650927545,0.27473825225606563,0.0,4.694825649261475,4.2446916076845297e-07,0.021233569261880688
2110,0.20252810642123223,0.8882507584989071,-0.00392758622765541,0.22914641983807088,0.2853888189420104,0.2,8.171610832214355,4.264914054600606e-07,0.02133468149646107
2120,0.41030471175909045,0.7230367496609688,0.004598192125558853,0.22383933421224356,0.29679785016924143,0.1,8.925176620483398,4.2851365015166837e-07,0.021435793731041455
2130,0.12815147191286086,0.5745346665382385,0.007189752161502838,0.17974379584193229,0.2793596888659522,0.1,13.00157642364502,4.30535894843276e-07,0.02153690596562184
2140,0.20912307053804396,0.6446341119706631,0.0052245412021875385,0.17267272099852563,0.21501392987556756,0.2,7.313169479370117,4.325581395348837e-07,0.021638018200202225
2150,0.17947708070278168,0.5764412935823202,0.007162899523973465,0.17907234691083432,0.28064028611406683,0.1,26.351425170898438,4.345803842264914e-07,0.021739130434782608
2160,0.23342417031526566,0.47625919338315725,0.008946012705564499,0.2236503915861249,0.27145479994360355,0.2,12.948711395263672,4.3660262891809905e-07,0.02184024266936299
2170,-0.042301487922668454,0.5992554508149623,-0.004109669104218483,0.23287386856973172,0.26649958761408926,0.3,0.0034411768428981304,4.3862487360970674e-07,0.021941354903943378
2180,0.06720103118568659,0.5027489400701597,0.008860655128955841,0.2215162727981806,0.25673230397515,0.3,1.4291367530822754,4.4064711830131444e-07,0.02204246713852376
2190,-0.07304868083447218,0.5977281983941793,-0.00014036260545253755,0.3080236941576004,0.31843524500727655,0.1,3.667649984359741,4.4266936299292214e-07,0.022143579373104145
2200,0.14794833472842583,0.5153532850032206,0.011370698362588883,0.3272989708930254,0.2946943066082895,0.0,0.46317413449287415,4.446916076845298e-07,0.022244691607684528
2210,0.3544143207371235,0.6643506117165089,-0.0035616420209407806,0.40352774504572153,0.2936808298807591,0.0,12.673211097717285,4.4671385237613753e-07,0.022345803842264915
2220,0.4507502382621169,0.5021365405991673,0.012161748856306076,0.30924386978149415,0.25469028973020613,0.1,0.7280510067939758,4.487360970677452e-07,0.0224469160768453
2230,0.32895865067839625,0.7215109884738922,0.007640777528285981,0.5171548316255212,0.2889864306896925,0.1,10.01834487915039,4.507583417593528e-07,0.02254802831142568
2240,0.1653477607294917,0.3650024674832821,0.013850325345993042,0.37203269712626935,0.2714667996391654,0.1,11.529441833496094,4.5278058645096057e-07,0.02264914054600607
2250,0.04107162244617939,0.44304980859160425,0.014976394176483155,0.37441024743020535,0.31294473563320935,0.1,12.838802337646484,4.548028311425682e-07,0.02275025278058645
2260,-0.0014128737617284059,0.27609443231485786,0.01470082551240921,0.36752050593495367,0.28916413316037504,0.0,1.4461722373962402,4.568250758341759e-07,0.022851365015166835
2270,0.2244074758142233,0.5620508581399918,-0.014071860909461975,0.26499936990439893,0.24925883524119855,0.1,10.464662551879883,4.588473205257836e-07,0.02295247724974722
2280,0.007367341965436936,0.4952016554772854,0.018191678822040556,0.454792270809412,0.35200215661898254,0.1,0.06524796038866043,4.608695652173913e-07,0.023053589484327605
2290,0.0941882187500596,0.326105622202158,0.01867886185646057,0.4594252031296492,0.2952119057066739,0.3,2.4405269622802734,4.6289180990899895e-07,0.02315470171890799
2300,0.15831915913149713,0.2567503182217479,0.012552794814109803,0.3457158230245113,0.24569501364603638,0.2,2.2152018547058105,4.649140546006067e-07,0.023255813953488372
2310,0.27946259821765124,0.7002658953890204,0.01280282884836197,0.32007046826183794,0.26163601616863164,0.1,8.305307388305664,4.6693629929221434e-07,0.023356926188068755
2320,0.27864358350634577,0.3914209984242916,0.01626536399126053,0.350092900544405,0.26039884649217127,0.2,0.16548998653888702,4.68958543983822e-07,0.023458038422649142
2330,0.06478960216045379,0.08824899643659592,0.007279603928327561,0.18507793992757798,0.21061364125926046,0.3,1.549058833916206e-05,4.7098078867542974e-07,0.023559150657229525
2340,0.023431465774774552,0.1830118216574192,0.011148427426815034,0.2787107743322849,0.2608372025657445,0.3,4.490276336669922,4.730030333670374e-07,0.02366026289180991
2350,0.26770121455192564,0.8218800857663154,0.016973060369491578,0.4243269175291061,0.3057141341269016,0.2,2.863529682159424,4.750252780586451e-07,0.023761375126390292
2360,0.008108564466238023,0.10157534023746848,0.006012656912207604,0.15031643509864806,0.2195289141498506,0.5,0.00034176986082457006,4.770475227502528e-07,0.02386248736097068
2370,0.2172084279358387,0.5787736818194389,0.008920100331306458,0.32051053307950494,0.3045452387072146,0.2,0.9827615022659302,4.790697674418605e-07,0.023963599595551062
2380,0.23028908018022776,0.4813126794993877,0.0023558851331472396,0.39916757866740227,0.32915486246347425,0.0,2.788095235824585,4.810920121334681e-07,0.024064711830131445
2390,0.22637054249644278,0.3402498608455062,0.00924864262342453,0.4011910270899534,0.22434207275509835,0.1,0.004077258054167032,4.831142568250759e-07,0.02416582406471183
2400,0.1459795918315649,0.36329525150358677,0.011540966480970383,0.32939864993095397,0.26341164195910094,0.2,0.7733234167098999,4.851365015166835e-07,0.024266936299292215
2410,0.36601233957335355,0.3048192635178566,0.015144796669483184,0.3931952681392431,0.3009817537851632,0.1,0.01272991020232439,4.871587462082912e-07,0.0243680485338726
2420,0.29073589369654657,0.4987334284931421,0.017598697543144227,0.43996761813759805,0.2942391295917332,0.1,0.0987096056342125,4.891809908998989e-07,0.024469160768452982
2430,0.17929733730852604,0.21415547244250774,0.017115573585033416,0.4278893031179905,0.2566627832595259,0.3,0.03316327556967735,4.912032355915065e-07,0.024570273003033365
2440,0.26421948238275944,0.46495819024275986,0.02538614869117737,0.6346540534868836,0.24679406792856753,0.3,30.345458984375,4.932254802831142e-07,0.024671385237613752
2450,0.12120196055620909,0.22134461030364036,0.008585288375616073,0.3654607286676764,0.29563490971922873,0.1,0.08594765514135361,4.952477249747219e-07,0.024772497472194135
2460,0.017910199239850044,0.3489381262101233,0.01474715769290924,0.4660105735063553,0.32168675065040586,0.1,0.6025972366333008,4.972699696663296e-07,0.02487360970677452
2470,-0.06747943758964539,0.5907145515084267,0.017188367247581483,0.42970927581191065,0.29418558918405324,0.2,3.379486560821533,4.992922143579372e-07,0.024974721941354906
2480,0.04718621000647545,0.26314483880996703,0.010976172238588332,0.32631734386086464,0.20654414859600365,0.4,9.635802268981934,5.01314459049545e-07,0.02507583417593529
2490,0.09102401165291667,0.4300708048045635,0.016576094925403594,0.4400224484503269,0.31128325024619696,0.2,1.7816437482833862,5.033367037411526e-07,0.025176946410515672
2500,0.30941908024251463,0.6108763321302831,0.026165008544921875,0.6243763595819474,0.29018189646303655,0.0,10.669209480285645,5.053589484327604e-07,0.025278058645096056
2510,-0.08661652654409409,0.34117017667740585,0.01616774797439575,0.40355996526777743,0.24926177011802791,0.3,0.043727099895477295,5.07381193124368e-07,0.025379170879676442
2520,0.12510395478457212,0.6186912193894386,0.023051653802394868,0.4723210584372282,0.3259942558594048,0.1,2.26949143409729,5.094034378159758e-07,0.025480283114256826
2530,0.08481633914634586,0.2545301724225283,0.02146594375371933,0.5818170707672834,0.32416332415305077,0.0,4.7667741775512695,5.114256825075834e-07,0.02558139534883721
2540,0.37497672364115714,0.5549366131424904,0.01280655264854431,0.30767931155860423,0.2610306284856051,0.2,12.262469291687012,5.134479271991911e-07,0.025682507583417592
2550,0.16262877099215983,0.24958440084010364,0.0184998020529747,0.46249482333660125,0.24788526981137693,0.2,2.417519453956629e-06,5.154701718907988e-07,0.02578361981799798
2560,0.048656095564365384,0.2702384307049215,0.014591753482818604,0.3647939547896385,0.27049785368144513,0.3,0.002068162662908435,5.174924165824064e-07,0.025884732052578362
2570,0.2266467189125251,0.5185123613802716,0.021726839244365692,0.45272304527461527,0.28785347011871637,0.2,0.6567223072052002,5.195146612740141e-07,0.025985844287158746
2580,0.01669088555499911,0.4204899531556293,0.005395667999982834,0.3336404560133815,0.2853440544102341,0.0,1.7670248746871948,5.215369059656218e-07,0.02608695652173913
2590,0.3969665980665013,0.382970582973212,0.01331169456243515,0.2794713508337736,0.2461685894522816,0.2,7.111147880554199,5.235591506572296e-07,0.026188068756319516
2600,0.17940798364579677,0.24928732961416245,0.010877702385187149,0.27383037731051446,0.2361618798226118,0.5,2.6302425861358643,5.255813953488371e-07,0.0262891809908999
2610,-0.11042448366060853,0.18103941567242146,0.005732390284538269,0.14658775385469197,0.2276839750818908,0.4,6.396028518676758,5.276036400404449e-07,0.026390293225480282
2620,0.09471669592894613,0.2922463595867157,0.008117789030075073,0.2029447328299284,0.2052807600935921,0.4,0.0006234469474293292,5.296258847320526e-07,0.026491405460060666
2630,0.02948162630200386,0.7227118983864784,-0.0037139132618904114,0.2776693252846599,0.27807881170883775,0.2,22.687440872192383,5.316481294236602e-07,0.026592517694641053
2640,0.13528972779167817,0.3646926571149379,0.018455034494400023,0.2150458212941885,0.24466342739760877,0.2,13.719895362854004,5.336703741152679e-07,0.026693629929221436
2650,0.28325437381863594,0.4347035434097052,0.008674543350934982,0.22845417410135269,0.26342392491642386,0.4,0.0009020822471939027,5.356926188068757e-07,0.02679474216380182
2660,0.14344113562256097,0.22832592274062335,0.011552861332893372,0.28882144782692193,0.27114215432666244,0.1,2.721946954727173,5.377148634984833e-07,0.026895854398382203
2670,0.09930962678045034,0.5334846243262291,-0.0017032898962497712,0.3121846117079258,0.27312425514683125,0.1,4.131544589996338,5.39737108190091e-07,0.02699696663296259
2680,0.1699830496683717,0.5682425560429692,0.008872112631797791,0.2218042016029358,0.2427903970470652,0.3,2.0457353591918945,5.417593528816986e-07,0.027098078867542973
2690,0.14336768463253974,0.313818995654583,0.006572146713733673,0.16430370099842548,0.22507310328073798,0.2,11.388044357299805,5.437815975733063e-07,0.027199191102123356
2700,0.03115581963211298,0.5920156713575124,0.00634283572435379,0.17121866717934608,0.2110576535575092,0.2,6.284451007843018,5.458038422649141e-07,0.027300303336703743
2710,0.13028431981801986,0.6314507894217968,0.008651126921176911,0.15447200052440166,0.2867911148816347,0.0,3.603619337081909,5.478260869565216e-07,0.027401415571284126
2720,0.1558610700070858,0.5798979580402375,0.006592641770839691,0.16481638364493847,0.2102955387206748,0.4,5.102744034957141e-05,5.498483316481294e-07,0.02750252780586451
2730,0.15361613556742668,0.31113276947289703,0.00027189452666789295,0.23202820345759392,0.2571164911147207,0.1,0.06055186688899994,5.518705763397371e-07,0.027603640040444893
2740,-0.034788135439157486,0.23727732729166745,0.006608262658119202,0.16520663499832153,0.2006044833920896,0.6,0.005377059802412987,5.538928210313447e-07,0.02770475227502528
2750,0.14776218933984636,0.5242001437116415,0.006714146584272385,0.23822292108088733,0.23491803756915033,0.2,4.575098991394043,5.559150657229524e-07,0.027805864509605663
2760,0.18219996020197868,0.5236350236460566,0.006391172111034393,0.15977917835116387,0.19767542388290166,0.3,7.231842517852783,5.579373104145602e-07,0.027906976744186046
2770,-0.03578166072256863,0.10953691301401705,-0.003268791362643242,0.0651355991140008,0.16840228091459722,0.4,2.2996506690979004,5.599595551061678e-07,0.02800808897876643
2780,0.34541625864803793,0.5301177987828851,0.008148899674415589,0.19313739016652107,0.22375831450335681,0.3,5.908542633056641,5.619817997977755e-07,0.028109201213346816
2790,0.02421462833881378,0.3850161891430616,0.003906483575701713,0.13286530300974847,0.21882376060821115,0.4,0.3606017231941223,5.640040444893832e-07,0.0282103134479272
2800,0.18342360453680157,0.25088522434234617,0.0055999565869569775,0.14020502008497715,0.19929927370976658,0.4,2.740793228149414,5.660262891809909e-07,0.028311425682507583
2810,0.37356095723807814,0.658001360297203,-0.003909539431333542,0.3348729254677892,0.2444473827490583,0.2,0.31237906217575073,5.680485338725985e-07,0.028412537917087966
2820,0.24905945961363612,0.2218305291607976,0.004011797159910202,0.1002948272973299,0.1994442064780742,0.4,0.11088835448026657,5.700707785642062e-07,0.028513650151668353
2830,0.017888030037283897,0.20577387660741805,0.00606788657605648,0.13111510686576366,0.2289402976166457,0.2,0.00026094401255249977,5.720930232558139e-07,0.028614762386248736
2840,0.028891031444072724,0.1699446864426136,0.01094467267394066,0.2736169043928385,0.20540978712961078,0.3,1.7726174592971802,5.741152679474216e-07,0.02871587462082912
2850,-0.0008661650121212005,0.12187965614721179,0.007106587290763855,0.19386957846581937,0.23138405638746917,0.3,0.0056953877210617065,5.761375126390293e-07,0.028816986855409503
2860,0.10641807615756989,0.5055061310529709,0.010487547516822815,0.2621886346489191,0.2808567574247718,0.3,4.074314117431641,5.781597573306369e-07,0.02891809908998989
2870,0.16961410865187646,0.4893049292266369,-0.007969975471496582,0.27936271981452593,0.2522390438243747,0.2,19.01807975769043,5.801820020222447e-07,0.029019211324570273
2880,0.38456681817770005,0.749332594871521,-0.004388582706451416,0.42555868402123453,0.22870977206621318,0.3,39.733367919921875,5.822042467138523e-07,0.029120323559150656
2890,0.10549959614872932,0.469875393807888,0.01836666762828827,0.459166544303298,0.2732227226253599,0.3,5.699821472167969,5.8422649140546e-07,0.029221435793731043
2900,0.4762555204331875,0.572601249627769,0.005092509835958481,0.12731276378035544,0.19098886474967003,0.1,12.71821117401123,5.862487360970677e-07,0.029322548028311426
2910,0.0013689829036593437,0.23600746728479863,0.0182470366358757,0.46680795922875407,0.27083432851359246,0.3,0.04642944782972336,5.882709807886755e-07,0.02942366026289181
2920,0.0337674718350172,0.272599433735013,0.008190903812646866,0.20477260742336512,0.1950128499418497,0.4,3.753049612045288,5.90293225480283e-07,0.029524772497472193
2930,-0.034291123226284984,0.3354869786649942,0.01585278958082199,0.39081177171319725,0.21716087628155947,0.3,3.535487991257469e-08,5.923154701718908e-07,0.02962588473205258
2940,0.17770633455365897,0.5624700255692006,0.02111594080924988,0.527898957207799,0.268832190381363,0.1,0.006639260798692703,5.943377148634985e-07,0.029726996966632963
2950,0.008463363349437713,0.4660754207521677,0.018402533233165742,0.29993513722438364,0.2921897356864065,0.1,2.8980560302734375,5.96359959555106e-07,0.029828109201213347
2960,-0.06912589594721794,0.2102719508111477,0.01303253173828125,0.357645620778203,0.2858520444016904,0.2,0.00012884160969406366,5.983822042467138e-07,0.02992922143579373
2970,0.10890325959771871,0.38137926273047923,0.0188508465886116,0.4712710980325937,0.25442055833991617,0.2,2.7598965167999268,6.004044489383215e-07,0.030030333670374117
2980,0.03181551918387413,0.36871812045574187,0.009879346191883086,0.24698367528617382,0.25004657777026296,0.3,0.003950957674533129,6.024266936299292e-07,0.0301314459049545
2990,0.38153912909328935,0.4179123260080814,0.03133000433444977,0.7832504216581583,0.22470471118576824,0.1,16.16773796081543,6.044489383215368e-07,0.030232558139534883
3000,0.002677423506975174,0.5146821316331625,0.02772686779499054,0.6931717474013567,0.29196269435342403,0.1,3.0069432258605957,6.064711830131446e-07,0.030333670374115267
3010,0.19585715923458338,0.6119957786053419,0.02050429433584213,0.5611515050753951,0.30498997094109653,0.1,17.112375259399414,6.084934277047522e-07,0.030434782608695653
3020,0.125756951700896,0.16521071940660476,0.021761620044708253,0.5555434769019485,0.2078844249714166,0.2,0.19630208611488342,6.1051567239636e-07,0.030535894843276037
3030,0.11887403763830662,0.5210010834038258,0.024972160160541535,0.6331918854266405,0.2808813982643187,0.1,5.022590160369873,6.125379170879676e-07,0.03063700707785642
3040,0.20170009839348496,0.3556093031074852,0.02463192939758301,0.621295272372663,0.2973648172803223,0.1,0.07593453675508499,6.145601617795753e-07,0.030738119312436803
3050,0.04447656311094761,0.23868575105443596,0.01830977201461792,0.4577441085129976,0.2874709968455136,0.2,1.6592953205108643,6.16582406471183e-07,0.03083923154701719
3060,0.14173848293721675,0.49712983407080175,0.04087048172950745,0.8140044359490275,0.29004691541194916,0.2,0.05153803527355194,6.186046511627907e-07,0.030940343781597573
3070,0.2822848461568356,0.5191224262118339,-0.002478358708322048,0.3971630299463868,0.23390888199210166,0.2,6.077783107757568,6.206268958543983e-07,0.031041456016177957
3080,0.17393807526677846,0.25393051793798804,0.024305090308189392,0.44521624259650705,0.23535117434803396,0.2,13.992144584655762,6.22649140546006e-07,0.03114256825075834
3090,0.4681541554629803,0.474896764755249,0.006509674340486526,0.4584189608693123,0.18272082656621932,0.4,0.0015860298881307244,6.246713852376138e-07,0.031243680485338727
3100,0.23665664419531823,0.2768526241183281,0.01619529128074646,0.40488251894712446,0.22918101050890982,0.2,2.263970136642456,6.266936299292213e-07,0.03134479271991911
3110,0.04826261318521574,0.10894995403941721,0.011789142340421676,0.2951909963041544,0.23419817262329162,0.4,3.164065128657967e-05,6.287158746208291e-07,0.0314459049544995
3120,0.2967883344739676,0.6188377410173416,0.015178069472312927,0.44685199186205865,0.2510741683188826,0.2,12.776721000671387,6.307381193124368e-07,0.03154701718907988
3130,0.29940369352698326,0.4183632433414459,0.010446368902921676,0.30941693782806395,0.22645567243453116,0.3,10.23702335357666,6.327603640040444e-07,0.031648129423660264
3140,-0.059667581040412185,0.2735319444909692,0.013571768999099731,0.3392941992729902,0.24684980835299938,0.4,9.594527244567871,6.347826086956521e-07,0.03174924165824065
3150,0.37388001587241887,0.5078387439250946,0.010261183232069015,0.471749010309577,0.22721934644505382,0.2,13.098772048950195,6.368048533872599e-07,0.03185035389282103
3160,-0.007782753184437751,0.2119833081960678,0.006545943021774292,0.16364865116775035,0.2052363783121109,0.4,6.035307884216309,6.388270980788675e-07,0.031951466127401414
3170,0.15892985574901103,0.5066449373960495,-0.007642327249050141,0.3036412005603779,0.24428397028241305,0.4,3.648204803466797,6.408493427704752e-07,0.0320525783619818
3180,0.11808417569845915,0.27967046182602645,0.011514498293399811,0.28786247633397577,0.23433381775394083,0.2,10.767409324645996,6.428715874620829e-07,0.03215369059656219
3190,0.36832964392378925,0.4435720078647137,0.027241453528404236,0.6810363586992025,0.26884254179894923,0.1,8.479009628295898,6.448938321536906e-07,0.03225480283114257
3200,0.08871613405644893,0.15741810239851475,0.01611355096101761,0.40283877328038215,0.18060238407924772,0.3,3.5894311167794513e-06,6.469160768452982e-07,0.032355915065722954
3210,0.09975301623344421,0.8403779715299606,-0.0023482363671064378,0.2742761753499508,0.25808560515288265,0.3,11.397808074951172,6.48938321536906e-07,0.03245702730030334
3220,0.12838543573161587,0.15242303647100924,0.010706406086683273,0.2710663862526417,0.22102691035252064,0.4,0.040593165904283524,6.509605662285136e-07,0.03255813953488372
3230,0.07825893014669419,0.16577782332897187,0.004021455347537994,0.10053638704121112,0.14373874962329863,0.7,5.18669319152832,6.529828109201213e-07,0.032659251769464104
3240,-0.030225972086191176,0.24424614310264586,0.0036752674728631972,0.2832132413983345,0.2295686129713431,0.5,18.359189987182617,6.55005055611729e-07,0.03276036400404449
3250,-0.16295310533605517,0.33396123833954333,-0.004419047757983208,0.16666562482714653,0.22193243755027653,0.3,7.582972049713135,6.570273003033366e-07,0.03286147623862487
3260,0.21426411089487374,0.3865948189981282,0.01113155037164688,0.2782888948917389,0.24182743448764085,0.1,1.0309189558029175,6.590495449949444e-07,0.03296258847320526
3270,0.1368984144181013,0.31262581050395966,0.007263822853565216,0.5300679385662079,0.27454643198288975,0.2,6.3818769454956055,6.610717896865521e-07,0.033063700707785644
3280,0.14322354607284069,0.3453186646103859,0.01673312485218048,0.41832871548831463,0.2264101264066994,0.3,0.0006746329599991441,6.630940343781597e-07,0.03316481294236603
3290,0.058883404335938395,0.17660834453999996,0.0155710831284523,0.43332790210843086,0.31584164989180863,0.1,2.4073827266693115,6.651162790697674e-07,0.03326592517694641
3300,0.10067360401153565,0.33149430379271505,0.013802938163280487,0.3450736429542303,0.25312549266964196,0.4,16.591196060180664,6.671385237613752e-07,0.033367037411526794
3310,0.31661685071885587,0.6015403315424919,0.021354809403419495,0.533870480209589,0.2870605014730245,0.1,5.482448101043701,6.691607684529827e-07,0.03346814964610718
3320,0.0982427854090929,0.3276842050254345,-0.012222111970186234,0.25411620996892453,0.21886715171858667,0.2,25.814373016357422,6.711830131445905e-07,0.03356926188068756
3330,0.021598776057362556,0.321514992415905,0.005375448241829872,0.13438600674271584,0.16731650163419545,0.6,0.0002721906639635563,6.732052578361982e-07,0.03367037411526795
3340,0.17108220476657152,0.47901993468403814,0.004152563214302063,0.2382318302989006,0.2643824582686648,0.2,3.369011028553359e-05,6.752275025278059e-07,0.033771486349848334
3350,0.15465571731328964,0.6324613153934479,0.03976517915725708,0.9941291799768806,0.2643973272293806,0.0,20.049551010131836,6.772497472194135e-07,0.03387259858442872
3360,0.05789296813309193,0.20810254514217377,0.009028854221105576,0.2033142874017358,0.19233042327687144,0.5,0.00013070355635136366,6.792719919110212e-07,0.0339737108190091
3370,0.12988736634142697,0.19158488735556603,0.008424520492553711,0.21061300300061703,0.20748746155295522,0.3,6.792145252227783,6.812942366026289e-07,0.034074823053589484
3380,0.027177953720092775,0.12342335432767867,0.0011359665542840958,0.11285539735108614,0.15806793340016156,0.6,3.6543121950671775e-07,6.833164812942365e-07,0.03417593528816987
3390,0.13711590506136417,0.1590818826109171,0.008584012091159821,0.21460034027695657,0.18541580063756555,0.6,0.017023032531142235,6.853387259858443e-07,0.03427704752275025
3400,-0.07312444597482681,0.12477590888738632,0.002339739352464676,0.05849338658154011,0.1573843325022608,0.5,1.5367277228506282e-05,6.873609706774519e-07,0.034378159757330634
3410,-0.022034846246242523,0.13149993754923345,0.01039271503686905,0.2598178803920746,0.18448051544837654,0.5,5.764011383056641,6.893832153690597e-07,0.034479271991911024
3420,-0.08400785010308028,0.23120472989976407,0.006875970959663391,0.16475949361920356,0.1657325048232451,0.4,1.6652400493621826,6.914054600606673e-07,0.03458038422649141
3430,0.051257006078958514,0.16848111599683763,0.014820675551891326,0.37051681205630305,0.2550014115869999,0.3,0.03823274001479149,6.93427704752275e-07,0.03468149646107179
3440,0.11433103997260333,0.11424459051340818,0.011140480637550354,0.27851211465895176,0.18145934799686075,0.6,0.2140057384967804,6.954499494438827e-07,0.034782608695652174
3450,0.44611182233202273,0.5493863896495895,0.02021487057209015,0.23514825850725174,0.18574863146059215,0.3,7.79329776763916,6.974721941354904e-07,0.03488372093023256
3460,0.04820841774344444,0.08338298480957747,0.006195719912648201,0.15489301234483718,0.16420079031959176,0.4,1.2772681713104248,6.99494438827098e-07,0.03498483316481294
3470,0.13926543109118938,0.40169371366500856,0.011871804296970368,0.4083029286935925,0.2278589043300599,0.4,11.961995124816895,7.015166835187058e-07,0.035085945399393324
3480,0.002251558005809784,0.3570049047470093,0.010247386991977692,0.28240669295191767,0.16361326891928912,0.4,5.8239946365356445,7.035389282103135e-07,0.03518705763397371
3490,-0.11669641733169556,0.15053386688232423,0.004001251235604286,0.10003129038959742,0.13016017216723413,0.9,0.005869369022548199,7.05561172901921e-07,0.0352881698685541
3500,0.00782683789730072,0.21396304555237294,0.004651596397161483,0.11629003267735243,0.1856404178775847,0.5,4.438217274582712e-06,7.075834175935288e-07,0.03538928210313448
3510,-0.12502750288695097,0.1575481165200472,0.003750927746295929,0.17194596044719218,0.20009978727903216,0.6,19.12272834777832,7.096056622851365e-07,0.035490394337714865
3520,0.10808574324473738,0.6781015494838357,0.013224449753761292,0.42012895569205283,0.2920703993178904,0.2,1.1020781130355317e-05,7.116279069767441e-07,0.03559150657229525
3530,-0.1260612688958645,0.3927470684051514,0.0022514741867780685,0.09858436826616526,0.1717917504021898,0.5,0.0035749904345721006,7.136501516683518e-07,0.03569261880687563
3540,0.2961712919175625,0.33344979733228686,-0.013561375439167023,0.17196808382868767,0.1707639292581007,0.3,1.62294181791367e-05,7.156723963599596e-07,0.035793731041456014
3550,0.27294858247041703,0.4882623553276062,0.013642102479934692,0.30242031887173654,0.20200198139064013,0.4,0.05774320662021637,7.176946410515672e-07,0.0358948432760364
3560,0.15254262313246728,0.4799275577068329,0.01642305254936218,0.41057624351233246,0.19261501533910633,0.4,2.024411916732788,7.197168857431749e-07,0.03599595551061679
3570,0.6221274405717849,0.5150856629014016,0.010541172325611114,0.267793295532465,0.2096533939242363,0.4,1.1344919204711914,7.217391304347826e-07,0.03609706774519717
3580,0.003943146765232086,0.14691614210605622,0.01787019371986389,0.4467547107487917,0.19889053527731448,0.5,13.619844436645508,7.237613751263903e-07,0.036198179979777555
3590,0.29952682107686995,0.42919487729668615,0.02198323905467987,0.4792802043259144,0.2024339033057913,0.3,8.95389461517334,7.25783619817998e-07,0.03629929221435794
3600,0.2697491830214858,0.25760853439569475,0.004085110872983933,0.10212768707424402,0.14785213333088904,0.5,6.194245088408934e-06,7.278058645096057e-07,0.03640040444893832
3610,0.12620215564966203,0.13408144563436508,0.008725106716156006,0.21812778972089292,0.14001869284547866,0.7,3.7146762679185485e-06,7.298281092012133e-07,0.036501516683518705
3620,0.02628914937376976,0.03160237222909927,0.013696521520614624,0.3338102616369724,0.21816189291421323,0.5,4.496151575494878e-07,7.31850353892821e-07,0.03660262891809909
3630,0.0477279856801033,0.47760487347841263,0.015436461567878723,0.3859115641564131,0.20200355786364527,0.4,0.00025163512327708304,7.338725985844287e-07,0.03670374115267947
3640,0.14471995644271374,0.22599258422851562,0.007008399069309235,0.1752102293074131,0.1768571648048237,0.4,1.321188562997122e-07,7.358948432760363e-07,0.03680485338725986
3650,-0.054204273223876956,0.11072458177804947,0.002828274480998516,0.1306703582406044,0.13107472795527428,0.8,3.081904888153076,7.379170879676441e-07,0.036905965621840245
3660,-0.019048580341041087,0.05330025851726532,0.0029502132907509803,0.0737553421407938,0.13451669733040034,0.8,4.426881059771404e-05,7.399393326592518e-07,0.03700707785642063
3670,-0.07131273671984673,0.18533664643764497,0.0083743155002594,0.20935797467827796,0.16952307033352554,0.6,2.8494989692262607e-06,7.419615773508594e-07,0.03710819009100101
3680,-0.06586564416065813,0.2309335246682167,0.003477751836180687,0.2175377331674099,0.19889524960890412,0.4,0.7071586847305298,7.439838220424671e-07,0.037209302325581395
3690,0.10345696210861206,0.3410651199519634,0.004611513391137123,0.13344592973589897,0.19045392968691885,0.2,1.6613951921463013,7.460060667340748e-07,0.03731041456016178
3700,-0.015659797191619872,0.16809917688369752,0.015993553400039672,0.4108170745894313,0.19526267910841852,0.5,3.6220230867911596e-06,7.480283114256824e-07,0.03741152679474216
3710,-0.01615854548290372,0.4372271552681923,0.015732459723949432,0.4091146495193243,0.286200177622959,0.2,3.257026433944702,7.500505561172902e-07,0.037512639029322545
3720,0.22338716462254524,0.37743037585169076,0.010734653472900391,0.23269023261964322,0.21878431881777943,0.4,1.3657441741088405e-05,7.520728008088978e-07,0.037613751263902935
3730,0.04168706759810448,0.46657670848071575,0.006189962476491928,0.15474931821227073,0.2667554243467748,0.1,3.498629093170166,7.540950455005056e-07,0.03771486349848332
3740,0.24498028494417667,0.2929131522774696,0.012840005755424499,0.32100009731948376,0.2643659150460735,0.2,6.688911437988281,7.561172901921132e-07,0.0378159757330637
3750,-0.1050744310952723,0.3616864372044802,0.016331502795219423,0.408287413790822,0.2850369327934459,0.3,17.487516403198242,7.581395348837208e-07,0.037917087967644085
3760,0.09102164879441262,0.2909765958786011,0.006997285038232803,0.1749322699382901,0.20541530053596943,0.5,8.325703620910645,7.601617795753286e-07,0.03801820020222447
3770,-0.025271989405155182,0.23589330166578293,0.007796105742454529,0.32860904429107907,0.18607222884893418,0.5,2.3842267182772048e-05,7.621840242669362e-07,0.03811931243680485
3780,0.15544707216322423,0.38464239090681074,0.01693733036518097,0.2944152019917965,0.20016730597708374,0.4,3.6184487342834473,7.642062689585439e-07,0.038220424671385235
3790,0.10612926296889783,0.30516544841229915,0.011731362342834473,0.29328424111008644,0.19454053931403906,0.5,1.6386557817459106,7.662285136501516e-07,0.038321536905965625
3800,0.04231677018105984,0.4609683766961098,0.012603946030139923,0.3921833369880915,0.20035999580286443,0.5,7.726912940597686e-07,7.682507583417594e-07,0.03842264914054601
3810,0.07276611849665642,0.5333549730479717,-0.008850370347499848,0.3847750581800938,0.22007370349019767,0.4,0.024160334840416908,7.702730030333669e-07,0.03852376137512639
3820,-0.00038752481341362,0.32898920848965646,0.014660467207431794,0.4756979327648878,0.21421954433899373,0.3,18.07891082763672,7.722952477249747e-07,0.038624873609706775
3830,-0.027967564575374127,0.37472092248499395,0.014547933638095856,0.3636984255164862,0.22390257520601153,0.5,20.436708450317383,7.743174924165824e-07,0.03872598584428716
3840,0.2781356230378151,0.6562009066343307,0.020630908012390137,0.5335489835590124,0.1831668603932485,0.3,24.811424255371094,7.7633973710819e-07,0.03882709807886754
3850,0.025984890945255756,0.08185009080916643,0.01463652104139328,0.3030929580330849,0.17432591882534326,0.6,9.076397304852435e-07,7.783619817997977e-07,0.038928210313447925
3860,0.038681669533252715,0.2472174122929573,0.026683729887008668,0.6670929117128253,0.1967785315355286,0.4,0.12228643894195557,7.803842264914055e-07,0.03902932254802831
3870,0.28782084956765175,0.20202753990888594,0.012642261385917664,0.31605677865445614,0.18636591315735132,0.5,0.06335636973381042,7.824064711830131e-07,0.0391304347826087
3880,0.00864146426320076,0.08698577508330345,0.015116703510284425,0.37791773676872253,0.21403976685833187,0.4,1.6707550287246704,7.844287158746207e-07,0.03923154701718908
3890,-0.038056659139692785,0.28177630081772803,0.01342301070690155,0.33557339695580596,0.26912077732849865,0.3,0.02884317934513092,7.864509605662285e-07,0.039332659251769465
3900,0.16209676191210748,0.2286519855260849,0.016312769055366515,0.40781936757266524,0.15260965498164297,0.6,15.771452903747559,7.884732052578361e-07,0.03943377148634985
3910,0.25480458065867423,0.1979012696072459,0.008177670836448669,0.20444186720997096,0.1572104532038793,0.4,9.744281768798828,7.904954499494439e-07,0.03953488372093023
3920,0.2130616383627057,0.4459745414555073,0.014332611858844758,0.578349782526493,0.25600387423764914,0.4,17.233123779296875,7.925176946410515e-07,0.039635995955510615
3930,0.18261034190654754,0.26771652363240717,0.016894769668579102,0.42639679200947284,0.2395379148190841,0.4,0.026455359533429146,7.945399393326592e-07,0.039737108190091
3940,-0.12644356191158296,0.20146623253822327,0.017040696740150452,0.4260174173861742,0.18910405552014709,0.4,1.3968816995620728,7.965621840242669e-07,0.03983822042467138
3950,0.1549249529838562,0.18847426772117615,0.018313810229301453,0.4578453030437231,0.18949486264027654,0.6,12.871288299560547,7.985844287158746e-07,0.03993933265925177
3960,0.013551706075668335,0.056880154833197596,0.0038811113685369492,0.09874177649617195,0.13343510429840535,0.8,1.8589445971883833e-05,8.006066734074822e-07,0.040040444893832156
3970,0.37922605951316657,0.5328846560791135,0.023126347362995146,0.5870587550103664,0.26194907519966365,0.1,5.936771392822266,8.0262891809909e-07,0.04014155712841254
3980,0.07653558496385812,0.18389549106359482,0.009989711642265319,0.2497429322451353,0.18756525113712996,0.3,0.6393985748291016,8.046511627906977e-07,0.04024266936299292
3990,0.16334333270788193,0.41478014886379244,0.03329665660858154,0.7876320656388998,0.21710234673228115,0.3,8.938161849975586,8.066734074823053e-07,0.040343781597573306
4000,0.037766687106341124,0.41538308477029207,0.015281647443771362,0.3820412650704384,0.26775645264424386,0.0,58.62916946411133,8.08695652173913e-07,0.04044489383215369
4010,0.030503714829683302,0.1845404427498579,0.008099523931741714,0.35618220195174216,0.14581243509892375,0.4,3.8661553859710693,8.107178968655208e-07,0.04054600606673407
4020,-0.03180555258877575,0.04237030688673258,0.011869419366121292,0.29673549756407736,0.23972692235838622,0.4,0.0005596251576207578,8.127401415571283e-07,0.04064711830131446
4030,0.02619326449930668,0.11634940095245838,0.01438959687948227,0.3711333341896534,0.24241093802265823,0.3,7.504264831542969,8.14762386248736e-07,0.040748230535894846
4040,0.07897769496776164,0.1766035190783441,0.012491418421268463,0.31228543594479563,0.174438937054947,0.6,0.4662177264690399,8.167846309403438e-07,0.04084934277047523
4050,-0.005893169716000557,0.2430716197937727,0.009285535663366318,0.23213848248124122,0.18187176461797208,0.5,0.500979483127594,8.188068756319514e-07,0.04095045500505561
4060,-0.03274139910936356,0.34897402971982955,0.008565361052751541,0.21413421034812927,0.200157809862867,0.5,20.671722412109375,8.208291203235591e-07,0.041051567239635996
4070,-0.09337665811181069,0.23298271782696248,0.006570916622877121,0.164273015409708,0.17678458199370653,0.6,2.1895873942412436e-05,8.228513650151668e-07,0.04115267947421638
4080,0.06163177341222763,0.15735448896884918,0.006766508519649506,0.16916284300386905,0.173856020742096,0.7,2.7598707674769685e-05,8.248736097067745e-07,0.04125379170879676
4090,0.08496011979877949,0.3778901809826493,0.002547895722091198,0.28235619850456717,0.21103759112302214,0.4,3.447024345397949,8.268958543983821e-07,0.041354903943377146
4100,0.10000205039978027,0.19109416902065277,0.012524646520614625,0.19323165398091077,0.17244807935785503,0.5,23.293312072753906,8.289180990899899e-07,0.041456016177957536
4110,0.2623411528766155,0.579784432053566,0.016191160678863524,0.4047791738063097,0.23452100101858378,0.3,0.00010202114935964346,8.309403437815975e-07,0.04155712841253792
4120,0.14169035367667676,0.3503501437604427,0.009793223440647125,0.48467810079455376,0.21020777088124304,0.5,7.121079306671163e-06,8.329625884732053e-07,0.0416582406471183
4130,0.18427244052290917,0.20290829241275787,0.013042165338993073,0.32605372071266175,0.1786315190140158,0.5,1.9294087886810303,8.349848331648129e-07,0.041759352881698686
4140,0.15188209123443813,0.17752753836102783,0.00900944396853447,0.3544637132436037,0.2160969464574009,0.3,0.0016603192780166864,8.370070778564205e-07,0.04186046511627907
4150,0.1905085427686572,0.22539836764335633,0.010771434009075164,0.3600371613516472,0.17317747657652943,0.4,5.079184006717696e-07,8.390293225480283e-07,0.04196157735085945
4160,0.24902607649564742,0.24141833931207657,0.008364233374595641,0.2091059684753418,0.1440886973403394,0.6,5.950836339252419e-07,8.41051567239636e-07,0.042062689585439836
4170,0.14167044200003148,0.5836655966937542,0.007993236184120178,0.38629479433002417,0.22143093415070325,0.4,0.00021422540885396302,8.430738119312436e-07,0.04216380182002022
4180,0.20099123939871788,0.22740792576223612,0.004733020812273026,0.11832553781569004,0.17945258549880236,0.2,11.355549812316895,8.450960566228513e-07,0.04226491405460061
4190,0.06563130598515272,0.14285054728388785,0.008643027395009995,0.21607567369937897,0.1749527288833633,0.4,5.030949592590332,8.471183013144591e-07,0.04236602628918099
4200,-0.0710926629602909,0.22135120183229445,0.00495651550590992,0.18919580914080142,0.16372063662856817,0.5,3.212388151041523e-07,8.491405460060666e-07,0.042467138523761376
4210,0.37821062207221984,0.3702379912137985,0.011568675935268401,0.36970396135002376,0.17957940243650228,0.4,3.560572804417461e-05,8.511627906976744e-07,0.04256825075834176
4220,0.06060009002685547,0.2897608160972595,0.009690609574317933,0.24226541630923748,0.15143670809920878,0.8,5.3933912568027154e-05,8.531850353892821e-07,0.04266936299292214
4230,0.09312278553843498,0.14364249259233475,0.007865455001592636,0.1966363988816738,0.21460438352078198,0.5,0.005360792391002178,8.552072800808898e-07,0.042770475227502526
4240,0.03343856707215309,0.07961582317948342,0.011749398708343507,0.29373489823192356,0.181679430603981,0.5,2.4599125385284424,8.572295247724974e-07,0.04287158746208291
4250,-0.029736318811774253,0.3796465568244457,-0.011784771084785461,0.2090853676199913,0.17988571990281343,0.3,0.05921287089586258,8.592517694641052e-07,0.0429726996966633
4260,0.07573182806372643,0.10759683772921562,0.005602342262864113,0.1400584913790226,0.17097183605656027,0.5,0.00018042195006273687,8.612740141557128e-07,0.04307381193124368
4270,-0.020061221718788148,0.21270963847637175,0.013228142261505127,0.34433295894414184,0.144781631231308,0.7,53.91462326049805,8.632962588473204e-07,0.043174924165824066
4280,0.06486341715790331,0.10134718324989081,0.014294308423995972,0.3573578856885433,0.18118631280958652,0.6,2.802096366882324,8.653185035389282e-07,0.04327603640040445
4290,-0.13448188304901124,0.17560309693217277,0.011079587787389756,0.27698985412716864,0.1980363153386861,0.5,8.590424537658691,8.673407482305358e-07,0.04337714863498483
4300,0.010102758556604386,0.5127467058598996,0.01156141459941864,0.28464062698185444,0.2419721722137183,0.4,46.582950592041016,8.693629929221436e-07,0.043478260869565216
4310,0.07136909551918506,0.20805487520992755,0.01759006977081299,0.44645018614828585,0.19545444471295922,0.4,1.3525280337489676e-05,8.713852376137512e-07,0.0435793731041456
4320,-0.22528334893286228,0.4242601327598095,0.010001981258392334,0.4391146220266819,0.2347888357937336,0.3,34.22349166870117,8.734074823053589e-07,0.04368048533872598
4330,0.24075081795454026,0.1597615834325552,0.009056996554136276,0.2740731775760651,0.18643780085258185,0.3,3.7267401218414307,8.754297269969666e-07,0.04378159757330637
4340,-0.11238510459661484,0.5839771926403046,0.02137075662612915,0.5342687878757715,0.2692706904374063,0.1,8.746489524841309,8.774519716885743e-07,0.043882709807886756
4350,-0.11608100216835737,0.14732211884111165,0.0176419198513031,0.4670459175482392,0.15190360953565687,0.5,1.6362192630767822,8.794742163801819e-07,0.04398382204246714
4360,0.008252815564628691,0.17255510222748854,0.011898823082447052,0.30513450913131235,0.19409394143149256,0.3,6.592012405395508,8.814964610717897e-07,0.04408493427704752
4370,0.1777482345700264,0.35709048360586165,0.022941049933433533,0.5735260903835296,0.17632607102859765,0.5,5.633664131164551,8.835187057633974e-07,0.044186046511627906
4380,-0.0043462255969643595,0.15155123844742774,0.021336083114147187,0.5388555372133851,0.18381281492765994,0.6,0.04601682350039482,8.85540950455005e-07,0.04428715874620829
4390,-0.027563191950321198,0.1238597970455885,0.020444111526012422,0.5111028872430324,0.21893118773587047,0.4,5.148066997528076,8.875631951466127e-07,0.04438827098078867
4400,0.14117552796378732,0.21543698199093342,0.008948659896850586,0.5392957370728254,0.23244613229762762,0.4,19.254526138305664,8.895854398382205e-07,0.044489383215369056
4410,0.04651416353881359,0.13569598756730555,0.010563253611326217,0.2640814511105418,0.2115159692708403,0.4,0.0028568883426487446,8.91607684529828e-07,0.04459049544994945
4420,0.07165709286928176,0.4177341595292091,0.023963725566864012,0.5990930523723363,0.22719983623828738,0.3,5.819824695587158,8.936299292214357e-07,0.04469160768452983
4430,-0.02015960179269314,0.11721475534141064,0.013144584000110626,0.2064414631575346,0.16414614580571651,0.6,3.4721801966952626e-07,8.956521739130435e-07,0.04479271991911021
4440,-0.13031081203371286,0.39461931586265564,0.011051160097122193,0.46418724916875365,0.25198812391608955,0.3,9.729792594909668,8.976744186046511e-07,0.0448938321536906
4450,0.07354387417435646,0.3028802342712879,0.016847001016139986,0.4211749888956547,0.22292815670371055,0.5,1.02891203823674e-06,8.996966632962588e-07,0.04499494438827098
4460,0.24624384720809758,0.19881789423525334,0.01751929521560669,0.41267091892659663,0.18521247322205453,0.4,0.11165887862443924,9.017189079878665e-07,0.04509605662285136
4470,0.21633783811703325,0.31130506843328476,0.017757749557495116,0.452386767975986,0.19779541320167482,0.4,17.811567306518555,9.037411526794742e-07,0.045197168857431747
4480,-0.024402611143887042,0.07888211332028731,0.015009172260761261,0.4122947692871094,0.16866679643280805,0.5,4.201716423034668,9.057633973710819e-07,0.04529828109201214
4490,-0.07801405768841504,0.17470327665887453,0.015971693396568298,0.43935943929245697,0.27315842276439073,0.3,0.6314407587051392,9.077856420626896e-07,0.04539939332659252
4500,0.12765937335789204,0.22064189948141574,0.01377713680267334,0.33838617131114007,0.14743459122255445,0.6,2.8955914785910863e-06,9.098078867542972e-07,0.0455005055611729
4510,0.03172030062414706,0.027148104924708604,0.010038650035858155,0.31777463518083093,0.1519788415171206,0.3,0.7377791404724121,9.11830131445905e-07,0.04560161779575329
4520,-0.05165496412664652,0.1116789341904223,0.00197217483073473,0.049304261803627014,0.10225661352742463,0.7,0.0002574935497250408,9.138523761375126e-07,0.04570273003033367
4530,0.06324889566749334,0.09973565675318241,0.003146521747112274,0.07493542991578579,0.13546068565919994,0.6,0.00018037942936643958,9.158746208291203e-07,0.04580384226491405
4540,0.2165034145116806,0.21736082285642624,0.004189011082053185,0.12304523102939129,0.11669218626338988,0.5,0.00023086144938133657,9.17896865520728e-07,0.04590495449949444
4550,0.09940372272394597,0.24748975411057472,0.015108542144298553,0.37771378718316556,0.20696657630614937,0.2,3.2953951745184895e-07,9.199191102123358e-07,0.04600606673407482
4560,0.0486567422747612,0.2007327351719141,0.0020192692056298254,0.05048155896365643,0.14413363670464605,0.4,1.539642095565796,9.219413549039433e-07,0.04610717896865521
4570,0.001995077356696129,0.17638742700219154,0.017052070796489717,0.42630192562937735,0.21777807008475064,0.4,2.6800804138183594,9.23963599595551e-07,0.046208291203235594
4580,0.19809698462486267,0.1812622681260109,-0.005359540134668351,0.24154075011610984,0.12246623681858182,0.5,0.00015635155432391912,9.259858442871588e-07,0.04630940343781598
4590,-0.118590047955513,0.2092141706496477,0.008455847203731538,0.22720669023692608,0.20880629194434733,0.5,2.710240364074707,9.280080889787663e-07,0.04641051567239636
4600,-0.03304251544177532,0.18458346799015998,0.012164731323719025,0.3041182544082403,0.15888351616449653,0.6,5.962842806184199e-07,9.300303336703741e-07,0.046511627906976744
4610,-0.023443231731653212,0.028914175927639008,0.0028935544192790984,0.07233886178582907,0.11633735583163798,0.8,3.7809345722198486,9.320525783619818e-07,0.04661274014155713
4620,-0.005291058123111725,0.389835898578167,0.01409221738576889,0.3523053197190166,0.19899571873247623,0.4,1.3027516615693457e-05,9.340748230535895e-07,0.04671385237613751
4630,0.13579790592193602,0.12369016706943511,0.008570678532123566,0.21426699943840505,0.11908651532139629,0.7,0.0010177489602938294,9.360970677451971e-07,0.046814964610717894
4640,0.061171942949295045,0.1094277024269104,0.0002941443817690015,0.007353538461029529,0.09511266686022282,0.9,4.219721085974015e-05,9.381193124368049e-07,0.046916076845298284
4650,0.025931716337800025,0.05847935006022453,0.0063143037259578705,0.15785762779414653,0.14844259149394928,0.6,3.22831654548645,9.401415571284125e-07,0.04701718907987867
4660,0.21856431104242802,0.22627750113606454,0.012474949657917022,0.4274777416139841,0.18346079101320356,0.5,0.1979634314775467,9.421638018200202e-07,0.04711830131445905
4670,0.11460851281881332,0.24003260731697082,0.014035728573799134,0.38281417489051817,0.16962067235726863,0.4,5.319610863807611e-05,9.441860465116278e-07,0.047219413549039434
4680,0.03203001115471125,0.16531145554035903,0.02148372232913971,0.5356825862079859,0.20343201581854373,0.4,28.042564392089844,9.462082912032355e-07,0.04732052578361982
4690,0.11502496227622032,0.23679098784923552,-0.0007355496287345886,0.22653276138007641,0.22215522185433656,0.5,3.727259070274158e-07,9.482305358948433e-07,0.0474216380182002
4700,0.0887057326734066,0.06762539632618428,0.01828351467847824,0.45708788447082044,0.16364642318803818,0.5,7.51813268661499,9.502527805864508e-07,0.047522750252780584
4710,-0.04770618677139282,0.056348516047000884,0.0006272443570196629,0.02636565938591957,0.10921780308708548,0.6,5.794944968329219e-07,9.522750252780586e-07,0.047623862487360974
4720,0.0,0.0,0.001420418918132782,0.0355123046785593,0.09039727931376547,1.0,3.854037515793607e-07,9.542972699696662e-07,0.04772497472194136
4730,-0.0029346087947487833,0.019423286244273186,0.004930074512958527,0.12706612745532767,0.1259368499973789,0.8,0.0003756035293918103,9.563195146612739e-07,0.04782608695652174
4740,-0.05806376151740551,0.04748457111418247,0.0033814985305070876,0.06365030705928802,0.12227843531873077,0.7,1.0394800901412964,9.583417593528817e-07,0.047927199191102124
4750,0.31396568194031715,0.2660798523109406,0.013407181203365325,0.2567094713449478,0.17855750247836114,0.2,7.053126335144043,9.603640040444894e-07,0.04802831142568251
4760,0.03364685270935297,0.06307665752246976,0.00840732678771019,0.23631265982985497,0.13659951239824294,0.6,3.1019296646118164,9.62386248736097e-07,0.04812942366026289
4770,0.3921976637095213,0.49363975748419764,0.01511734426021576,0.38373928852379324,0.23417672386858612,0.2,2.3043289184570312,9.644084934277047e-07,0.048230535894843274
4780,0.29780454486608504,0.432783842086792,0.0032004863023757935,0.08001223541796207,0.2194404861656949,0.2,5.618842124938965,9.664307381193125e-07,0.04833164812942366
4790,0.09962247535586358,0.2978179782629013,0.007507505267858506,0.31763577442616225,0.16780109487008305,0.6,0.1769244521856308,9.6845298281092e-07,0.04843276036400405
4800,-0.09027543403208256,0.1913228053599596,0.002134460583329201,0.05336166471242905,0.12725675622932614,0.7,1.8614565533425775e-07,9.704752275025278e-07,0.04853387259858443
4810,-0.06862490684725345,0.3295961622148752,0.01524243801832199,0.3810608748346567,0.22714488678611816,0.5,8.083328430075198e-05,9.724974721941354e-07,0.048634984833164814
4820,0.00396850761026144,0.29911714303307235,0.007326789200305939,0.18316944167017937,0.2216916538309306,0.4,12.280871391296387,9.74519716885743e-07,0.0487360970677452
4830,-0.19385347915813328,0.5027675814926624,0.007561171799898148,0.1890296157449484,0.21578758286777883,0.3,3.5831680297851562,9.765419615773507e-07,0.04883720930232558
4840,-0.31452922374010084,0.315031661093235,0.005217388644814492,0.1304348587989807,0.14592332926113158,0.6,1.3519642379833385e-05,9.785642062689586e-07,0.048938321536905964
4850,0.04000463783740997,0.1324491448700428,0.004594069346785546,0.17840932216495275,0.19224684606306255,0.4,5.910057067871094,9.805864509605662e-07,0.04903943377148635
4860,-0.011802129447460175,0.01076715588569641,0.0029542634263634683,0.0738571783527732,0.07981629956047982,0.9,0.0008241322939284146,9.826086956521739e-07,0.04914054600606673
4870,0.009004658460617066,0.4439432486891747,0.005275738984346389,0.1318936813622713,0.18600998902693391,0.4,1.375541671677638e-07,9.846309403437815e-07,0.04924165824064712
4880,0.04910671822726727,0.15064146518707275,0.0039170004427433016,0.09792497977614403,0.14977483367547392,0.7,1.3002384093852015e-06,9.866531850353892e-07,0.049342770475227504
4890,0.2927786584943533,0.34371527191251516,0.005181638523936272,0.14644064754247665,0.14506453268695624,0.4,11.77366828918457,9.886754297269968e-07,0.04944388270980789
4900,0.03152588605880737,0.2502087354660034,0.004402122646570206,0.1100532678887248,0.15180338947102429,0.7,4.851292760577053e-05,9.906976744186047e-07,0.04954499494438827
4910,-0.030099234404042365,0.08739719577133656,0.004752522706985474,0.1188112857438682,0.1271233641775325,0.5,7.334406291192863e-07,9.927199191102123e-07,0.049646107178968654
4920,-0.03040494620800018,0.030569103360176087,0.01587868332862854,0.3940426344051957,0.16776995060499758,0.6,2.2660049125988735e-07,9.9474216380182e-07,0.04974721941354904
4930,-0.10901992246508599,0.21133315786719323,0.005856718868017197,0.14641794078052045,0.19154542775359004,0.4,11.898191452026367,9.967644084934276e-07,0.04984833164812942
4940,0.010024193208664656,0.023759223893284796,0.004042267054319382,0.10362728051841259,0.08758324482478201,0.8,6.554221840815444e-07,9.987866531850352e-07,0.04994944388270981
4950,-0.03443989562802017,0.12828911691904069,0.00514446347951889,0.12861148454248905,0.13608773304149507,0.6,1.7110316548496485e-05,9.999999955278132e-07,0.050050556117290194
4960,0.09402721747756004,0.3462119892239571,0.01334194391965866,0.39540334343910216,0.24235836123116314,0.3,2.708936929702759,9.999999452157118e-07,0.05015166835187058
4970,0.014061405486427248,0.15560410637408495,0.010323359072208405,0.2580839846283197,0.17539746039547027,0.6,9.88487434387207,9.999998390012808e-07,0.05025278058645096
4980,0.0480064682662487,0.11276072040200233,0.008611801266670226,0.21529502123594285,0.18803541532251983,0.5,0.03566443547606468,9.999996768845328e-07,0.050353892821031344
4990,0.1929296126589179,0.36694538556039336,0.007827101647853852,0.3786406980827451,0.23261236287653447,0.4,15.852575302124023,9.999994588654855e-07,0.05045500505561173
5000,0.1550017137080431,0.34630887508392333,0.014603488147258759,0.4234481766819954,0.20905055087059737,0.3,9.966437339782715,9.999991849441628e-07,0.05055611729019211
5010,0.03643227517604828,0.0919933807104826,0.004364090412855149,0.11474363263696433,0.18323117042891682,0.4,0.00015654138405807316,9.999988551205962e-07,0.050657229524772494
5020,0.10239663878455758,0.4053556929342449,0.014387455582618714,0.3664723694324493,0.20975727860350163,0.4,7.69262170791626,9.99998469394822e-07,0.050758341759352885
5030,0.12473131418228149,0.3867678642272949,0.010621388256549836,0.26553472466766836,0.20925228907726706,0.3,0.00618242472410202,9.999980277668836e-07,0.05085945399393327
5040,-0.055765204795170574,0.2015634794253856,0.01323368102312088,0.33084185160696505,0.17917098910547793,0.5,0.0008971760980784893,9.999975302368303e-07,0.05096056622851365
5050,0.2249797774478793,0.26673893397673965,0.01652892678976059,0.41508376877754927,0.17714508683420718,0.3,0.0010646451264619827,9.999969768047173e-07,0.051061678463094035
5060,0.1262955192476511,0.2343553151935339,0.019383692741394044,0.48459232337772845,0.22641214234754442,0.3,0.22523650527000427,9.99996367470607e-07,0.05116279069767442
5070,0.22541156709194182,0.2387196332216263,0.028197604417800903,0.704940190166235,0.12871123664081097,0.5,12.510887145996094,9.999957022345676e-07,0.0512639029322548
5080,0.04559734687209129,0.233413490653038,0.010101068019866943,0.4837239637970924,0.19485309107694776,0.4,3.8824048042297363,9.999949810966732e-07,0.051365015166835185
5090,0.06576663553714752,0.31710098385810853,-0.002021254599094391,0.2888837669044733,0.18111776309087874,0.5,24.711353302001953,9.999942040570044e-07,0.05146612740141557
5100,0.08516248767264187,0.1029797731898725,0.03858242630958557,0.9645607743412257,0.17614837191067637,0.4,7.709415435791016,9.999933711156483e-07,0.05156723963599596
5110,0.15272887512110173,0.30648692008107903,0.018330419063568117,0.45826052539050577,0.18446286721155047,0.5,7.169278144836426,9.999924822726978e-07,0.05166835187057634
5120,0.18886084854602814,0.22897859662771225,0.019631902873516082,0.49079747051000594,0.18166553762275725,0.6,0.0925278589129448,9.999915375282524e-07,0.051769464105156725
5130,0.21578372046351432,0.41177147179841994,0.04300961196422577,1.0331270590424537,0.2014858022099361,0.3,4.130451998207718e-07,9.999905368824177e-07,0.05187057633973711
5140,0.16574891991913318,0.22451176084578037,0.02357206791639328,0.5893015831708908,0.20717778569087386,0.4,7.2460832595825195,9.999894803353055e-07,0.05197168857431749
5150,0.5307091906666755,0.3795565254986286,0.03275101184844971,0.8187752779573202,0.17752032075077295,0.4,6.606954097747803,9.99988367887034e-07,0.052072800808897875
5160,0.3062420278787613,0.5722252517938614,0.028705587983131407,0.6026654422283173,0.2227878965670243,0.3,19.67534065246582,9.999871995377276e-07,0.05217391304347826
5170,0.19137874701991678,0.1971289224922657,0.01457342654466629,0.3643356509506702,0.17481550690717995,0.4,13.399924278259277,9.999859752875169e-07,0.05227502527805865
5180,0.09563034120947123,0.13680295515805482,-0.0012813043780624867,0.1831828448921442,0.1843364616855979,0.4,2.3842454538680613e-05,9.999846951365388e-07,0.05237613751263903
5190,-0.10054459990933537,0.06372479097917676,0.01099202111363411,0.27480031475424765,0.0838012812891975,0.7,0.002376793185248971,9.999833590849365e-07,0.052477249747219415
5200,0.3171170519664884,0.19533701464533806,0.014305077493190765,0.3576268348842859,0.14302136790938674,0.6,0.00012877903645858169,9.99981967132859e-07,0.0525783619817998
5210,0.367545675765723,0.5604094607755542,-0.005999290570616722,0.3837639354169369,0.24435298612806947,0.2,0.9749652743339539,9.999805192804625e-07,0.05267947421638018
5220,0.3514994038268924,0.34413382187485697,0.004758711904287338,0.29182207509875296,0.19020250600297003,0.4,12.31861686706543,9.999790155279086e-07,0.052780586450960565
5230,0.03555328928632662,0.1857227304019034,0.002928505092859268,0.14242515638470649,0.1778356185881421,0.5,0.0007686027674935758,9.999774558753654e-07,0.05288169868554095
5240,0.009742648340761662,0.0924887403845787,0.011146438121795655,0.2786612302064896,0.17879265905357897,0.6,0.3022681176662445,9.99975840323007e-07,0.05298281092012133
5250,0.042803774145431815,0.03573522141668946,0.0036432743072509766,0.08803225085139274,0.15405492698773743,0.7,0.13005299866199493,9.999741688710146e-07,0.05308392315470172
5260,0.07298324555158615,0.3621008634567261,0.0065417632460594176,0.16354413628578185,0.1509595466312021,0.7,0.00020958557433914393,9.999724415195747e-07,0.053185035389282105
5270,0.12716427594423294,0.13593278527259828,0.0015119203366339208,0.03779812604188919,0.08897665820550174,0.8,0.000137889597681351,9.999706582688805e-07,0.05328614762386249
5280,0.07292193807661533,0.2694157477468252,-0.00973184108734131,0.2268602266907692,0.1253172914730385,0.5,8.121543828565336e-07,9.999688191191316e-07,0.05338725985844287
5290,0.11929208161309361,0.08016230850480496,-0.00026448562275618317,0.2722872868180275,0.12216349467635154,0.6,0.00037430640077218413,9.999669240705331e-07,0.053488372093023255
5300,0.30543619180098175,0.30163937509059907,0.013300999999046326,0.3325246851891279,0.16921328837051988,0.5,16.927949905395508,9.999649731232973e-07,0.05358948432760364
5310,0.11116967424750328,0.2168028697371483,0.01890951693058014,0.4727395823225379,0.15065937144681812,0.6,2.9361612519096525e-07,9.999629662776422e-07,0.05369059656218402
5320,0.15612154304981232,0.38540598154067995,0.01250365525484085,0.3125912705436349,0.15477384035475553,0.5,3.276792287826538,9.999609035337924e-07,0.053791708796764405
5330,-0.049166521057486534,0.38791864588856695,0.0046472236514091495,0.1161802876740694,0.17192661929875613,0.5,64.48466491699219,9.999587848919782e-07,0.053892821031344795
5340,0.196381563693285,0.30372416563332083,0.021764035522937774,0.5441009048372507,0.14711991576477884,0.6,4.921833515167236,9.999566103524365e-07,0.05399393326592518
5350,0.0073763769119977955,0.19347511529922484,0.018928325176239012,0.5252007436007261,0.16188430557958783,0.6,0.0019744508899748325,9.999543799154107e-07,0.05409504550050556
5360,0.039901836216449736,0.21089090555906295,0.005711763352155686,0.14279426485300065,0.17429901415016502,0.5,11.10429573059082,9.999520935811499e-07,0.054196157735085945
5370,0.17512774728238584,0.31176939476281407,0.017834095656871794,0.4458523105829954,0.1843493008054793,0.3,2.59834361076355,9.999497513499098e-07,0.05429726996966633
5380,0.149979829788208,0.2140279233455658,0.0099205881357193,0.24801486637443304,0.11321159806102514,0.8,0.00030618341406807303,9.999473532219522e-07,0.05439838220424671
5390,-0.06979484409093857,0.20531244277954103,0.013024631142616271,0.3256156459450722,0.18832825869321823,0.4,3.7726728916168213,9.999448991975455e-07,0.054499494438827095
5400,0.008828825503587722,0.139452863112092,0.022640398144721983,0.6569038990885019,0.16385580147616566,0.6,3.09885535898502e-07,9.999423892769638e-07,0.054600606673407485
5410,-0.012759907776489854,0.1139277103357017,0.019459572434425355,0.48648935966193674,0.18965578225906937,0.4,2.711312770843506,9.999398234604876e-07,0.05470171890798787
5420,0.002837648522108793,0.09095799811184406,0.013758121430873871,0.34395293779671193,0.223454709793441,0.4,0.0014027338474988937,9.999372017484043e-07,0.05480283114256825
5430,0.09815901592373848,0.13060063105076553,0.03370688259601593,0.5750869311392307,0.19525530184619128,0.4,3.6197609901428223,9.999345241410065e-07,0.054903943377148635
5440,0.1619610410183668,0.13499938622117041,0.0031287048012018205,0.2470310341566801,0.13444013183470815,0.5,7.300690174102783,9.999317906385939e-07,0.05500505561172902
5450,0.046589252352714536,0.14951903820037843,0.006819535046815872,0.1449708268046379,0.1262515394948423,0.7,2.0222098555677803e-06,9.999290012414717e-07,0.0551061678463094
5460,0.09127486497163773,0.07223493605852127,0.008844558149576187,0.21074531748890876,0.09662547984626144,0.7,3.2101524993777275e-05,9.999261559499524e-07,0.055207280080889785
5470,0.03434828915633261,0.038094743294641374,0.02455493211746216,0.6114648412913084,0.131806085864082,0.6,3.0289578489828273e-07,9.999232547643534e-07,0.05530839231547017
5480,0.0653836414217949,0.23860745765268804,0.008583777397871018,0.21459544412791728,0.16663927952758967,0.5,0.0005901262629777193,9.999202976849996e-07,0.05540950455005056
5490,0.02110327109694481,0.06643729209899903,0.0027070403099060058,0.0676760844886303,0.1281965205213055,0.6,2.1879401206970215,9.999172847122215e-07,0.05551061678463094
5500,0.09368346333503723,0.09520734250545501,0.019509820640087126,0.48774539344012735,0.16792030248325318,0.7,2.8722922801971436,9.99914215846356e-07,0.055611729019211326
5510,-0.11269434243440628,0.34769591838121416,0.014031243324279786,0.3507807932794094,0.18906735619530082,0.5,1.486150154050847e-07,9.999110910877459e-07,0.05571284125379171
5520,0.006096669659018517,0.1885238617658615,0.004159800708293915,0.23921894747763872,0.17062502673361452,0.7,12.2852144241333,9.999079104367408e-07,0.05581395348837209
5530,0.4432537332177162,0.4334528692066669,0.003375134989619255,0.6017086768522859,0.18795389265287668,0.3,1.429002285003662,9.999046738936963e-07,0.055915065722952476
5540,0.15868559256196021,0.17327837608754634,0.011202397942543029,0.5087742812931537,0.14116715053096413,0.6,6.468884384958073e-05,9.999013814589743e-07,0.05601617795753286
5550,0.04815381541848183,0.2558274418115616,0.015591368079185486,0.38978427946567534,0.1560185118811205,0.7,1.5822027989997878e-06,9.99898033132943e-07,0.05611729019211325
5560,0.36260669529438017,0.358294378221035,0.023868289589881898,0.5658076722174883,0.12609346595127136,0.6,3.0273164952632214e-07,9.998946289159765e-07,0.05621840242669363
5570,0.2547421708703041,0.19514175951480867,0.010575009137392044,0.27009000051766635,0.15254142126068473,0.6,0.00031271521584130824,9.998911688084556e-07,0.056319514661274016
5580,0.3334381324239075,0.44999831207096574,0.015754790604114534,0.3938700769096613,0.17125852156896143,0.4,3.4099898584827315e-06,9.998876528107669e-07,0.0564206268958544
5590,-0.026357227563858034,0.11345391049981117,0.022381938993930817,0.5595486517995596,0.17626273843925447,0.5,2.0250017642974854,9.998840809233038e-07,0.05652173913043478
5600,0.023940759897232055,0.11503451988101006,0.010473786294460297,0.26184471026062967,0.12046381551772356,0.7,2.808276803989429e-06,9.998804531464658e-07,0.056622851365015166
5610,0.21944845616817474,0.23630301654338837,0.007199124991893768,0.23992708511650562,0.12839279358740896,0.6,11.380459785461426,9.99876769480658e-07,0.05672396359959555
5620,-0.05714469626545906,0.15947936996817588,0.009325513988733292,0.2968277129031776,0.18046803881879897,0.6,0.0020485890563577414,9.998730299262924e-07,0.05682507583417593
5630,0.045409245789051055,0.07552106902003289,0.014279434084892273,0.4264487665146589,0.14478831561282277,0.6,1.8560044765472412,9.998692344837873e-07,0.05692618806875632
5640,0.12381266914308071,0.17697975039482117,0.017828251421451568,0.451112212240696,0.15136109080631285,0.5,2.1314281184459105e-05,9.998653831535671e-07,0.057027300303336706
5650,0.03216727003455162,0.08960636481642723,0.030865508317947387,0.7519249083474279,0.1932402173988521,0.4,0.004517350345849991,9.998614759360619e-07,0.05712841253791709
5660,0.15244681686162947,0.1804393857717514,0.01307215541601181,0.36489784978330136,0.10488583915866911,0.7,0.00010507844126550481,9.998575128317093e-07,0.05722952477249747
5670,0.148020919598639,0.1149501159787178,0.0036720458418130876,0.09180092196911574,0.11940270799677818,0.7,3.458349340235145e-07,9.998534938409518e-07,0.057330637007077856
5680,0.23721757722087206,0.25471289586275814,0.021612548828125,0.5403134863823652,0.22013096085283906,0.2,2.132827043533325,9.998494189642389e-07,0.05743174924165824
5690,0.038695663679391146,0.18825137354433535,-0.007813803106546401,0.38416239283978937,0.10633050340693444,0.5,1.9360912517640827e-07,9.998452882020261e-07,0.05753286147623862
5700,0.07361304068472237,0.15015228679403664,0.016931481659412384,0.42328708097338674,0.2320901119383052,0.3,0.3818857967853546,9.998411015547757e-07,0.057633973710819006
5710,0.24223685059696437,0.4332262806594372,-0.008918561786413193,0.2839742597192526,0.2368477201089263,0.3,45.304222106933594,9.998368590229551e-07,0.057735085945399396
5720,0.04231011420488358,0.23181914053857328,0.002570709213614464,0.1940264968201518,0.1940597967710346,0.3,17.438631057739258,9.99832560607039e-07,0.05783619817997978
5730,0.09423482567071914,0.12356269583106042,0.01549661010503769,0.3874151337891817,0.11021011276170611,0.6,6.157975440146402e-05,9.99828206307508e-07,0.05793731041456016
5740,-0.02378564327955246,0.32116991728544236,0.009260987490415573,0.23152451254427434,0.15999379421118648,0.5,16.5008487701416,9.998237961248491e-07,0.058038422649140546
5750,-0.050355765875428914,0.19670082960510626,0.011088795959949493,0.277219719812274,0.15825950230937452,0.4,12.460070610046387,9.99819330059555e-07,0.05813953488372093
5760,-0.03426616080105305,0.21285630017518997,0.01301572024822235,0.37607904970645906,0.21664584898389877,0.4,7.7638702392578125,9.998148081121252e-07,0.05824064711830131
5770,-0.0063699081540107725,0.027572516724467276,0.009823252260684968,0.258926123008132,0.1360411305911839,0.7,1.4490687847137451,9.998102302830653e-07,0.058341759352881696
5780,-0.08229629769921303,0.0971974827349186,0.008378756046295167,0.2094687893986702,0.14792529810220004,0.5,0.05475180968642235,9.99805596572887e-07,0.058442871587462086
5790,0.09872940890491008,0.1157147441059351,0.009939805418252946,0.24849527888000011,0.135764051345177,0.6,0.6044269800186157,9.998009069821087e-07,0.05854398382204247
5800,0.01788252964615822,0.11286063510924578,0.008504422754049301,0.41121918987482786,0.1486950436839834,0.6,0.11046282947063446,9.997961615112541e-07,0.05864509605662285
5810,-0.07318899910897017,0.24198396280407905,0.0065275833010673525,0.1631895150989294,0.17488974179141223,0.5,0.00018892942171078175,9.997913601608545e-07,0.058746208291203236
5820,-0.02437111996114254,0.056136824935674665,0.003809971734881401,0.09524931125342846,0.12849285462871193,0.6,0.00022811740927863866,9.997865029314462e-07,0.05884732052578362
5830,-0.05449087396264076,0.10418321825563907,0.022923900187015532,0.5585513176396489,0.11121703651733697,0.6,8.737695693969727,9.997815898235726e-07,0.058948432760364
5840,0.24310435429215432,0.2308373421430588,0.011982203274965287,0.29955512695014475,0.1437130182282999,0.6,1.974321722984314,9.997766208377828e-07,0.059049544994944386
5850,0.06804101653397084,0.3305627040565014,0.006756441295146942,0.3196576856076717,0.22669295100495218,0.3,2.9088408837196766e-07,9.99771595974632e-07,0.05915065722952477
5860,0.18852705508470535,0.2536494517698884,0.01981141120195389,0.47619760446250436,0.1678891990100965,0.4,2.7289578914642334,9.997665152346829e-07,0.05925176946410516
5870,0.04162576347589493,0.24451722353696823,0.0075177490711212155,0.18794368468225003,0.15961391523014754,0.5,0.006334204226732254,9.997613786185026e-07,0.05935288169868554
5880,-0.00986151322722435,0.12409912794828415,0.014775884151458741,0.36939714662730694,0.16657502069137992,0.6,0.016024906188249588,9.997561861266662e-07,0.059453993933265926
5890,0.2294843215495348,0.29641984552145006,0.021670813858509063,0.5417703945189715,0.1665645430330187,0.3,1.1548911333084106,9.997509377597538e-07,0.05955510616784631
5900,-0.05440068766474724,0.13451371286064387,0.009821821749210358,0.2455456130206585,0.18997861742973327,0.5,4.793705463409424,9.997456335183522e-07,0.05965621840242669
5910,0.22854617703706026,0.23824295923113822,0.02054359167814255,0.5135900100693107,0.13164894841611385,0.4,0.8868485689163208,9.997402734030545e-07,0.059757330637007076
5920,0.15158835351467131,0.11081559211015701,0.012756545841693879,0.31891382187604905,0.12357315130066127,0.7,4.3252893533463066e-07,9.997348574144598e-07,0.05985844287158746
5930,-0.02410559803247452,0.05037453323602677,0.0113110288977623,0.1926664000377059,0.13800735012628138,0.7,0.0012561719631776214,9.99729385553174e-07,0.05995955510616784
5940,-0.003740641428157687,0.2328841790324077,0.004534140229225159,0.11335366871207952,0.11479679136537016,0.5,63.32273864746094,9.997238578198089e-07,0.06006066734074823
5950,-0.059253744408488275,0.20596407502889633,0.006903217732906341,0.21691066212952137,0.21982848457992077,0.5,14.40225887298584,9.997182742149822e-07,0.06016177957532862
5960,0.023279596865177155,0.03918018043041229,0.005087970569729805,0.1271992776542902,0.09292251870501786,0.8,5.061574459075928,9.997126347393183e-07,0.060262891809909
5970,-0.11983507871627808,0.31487692296504977,0.0006636500358581543,0.01659126840531826,0.09976306050084531,0.7,4.257172747657023e-07,9.997069393934477e-07,0.06036400404448938
5980,0.12358182519674302,0.23409912139177322,0.0009362179785966873,0.11307007055729627,0.1903596012853086,0.3,11.563498497009277,9.997011881780074e-07,0.06046511627906977
5990,-0.044006890058517455,0.09613196551799774,0.0053222797811031345,0.14477297626435756,0.12997940110508352,0.7,0.005931905936449766,9.9969538109364e-07,0.06056622851365015
6000,-0.027410907298326494,0.10439236499369145,0.021784134209156036,0.5446030158549547,0.166812064871192,0.5,3.0919494520276203e-07,9.996895181409948e-07,0.06066734074823053
6010,-0.003595813177525997,0.1134493675082922,0.004809252917766571,0.12023129481822252,0.1944967237766832,0.4,9.474483135818446e-07,9.996835993207278e-07,0.060768452982810924
6020,0.16015155911445617,0.12362179607152939,0.009338760375976562,0.233468721807003,0.06483813819941134,0.8,2.223370529463864e-06,9.996776246335003e-07,0.06086956521739131
6030,0.1789189173374325,0.18698786944150925,0.013303375244140625,0.33258451130241157,0.14109027446247638,0.7,5.773551947640954e-07,9.996715940799805e-07,0.06097067745197169
6040,0.194025020301342,0.1782051332294941,0.011839109659194946,0.29597768764942883,0.14220185065642,0.7,1.1924711465835571,9.996655076608425e-07,0.06107178968655207
6050,0.1389351552701555,0.3066931625828147,0.018615078926086426,0.4653771862387657,0.20278598233126105,0.3,13.317361831665039,9.996593653767668e-07,0.06117290192113246
6060,0.2202306367456913,0.18300231099128722,0.01121889054775238,0.33382055088877677,0.09173030483070761,0.7,16.01875877380371,9.996531672284403e-07,0.06127401415571284
6070,0.03897001296281814,0.05745890126563609,0.0055853743106126785,0.13963431157171727,0.17146359977778047,0.7,0.0004401102487463504,9.996469132165558e-07,0.06137512639029322
6080,0.0837938841432333,0.17902810722589493,0.016859282553195954,0.4306318923830986,0.21540529543999581,0.5,7.668184280395508,9.996406033418127e-07,0.06147623862487361
6090,0.10906702429056167,0.1393803808838129,0.027379295229911803,0.7043391328305006,0.1771071498049423,0.5,7.645714504178613e-05,9.996342376049163e-07,0.061577350859454
6100,0.02238406166434288,0.21114748269319533,0.012464538216590881,0.3116133872419596,0.2135205327766016,0.5,34.28828048706055,9.996278160065785e-07,0.06167846309403438
6110,-0.00301600843667984,0.07724792212247848,0.009251863509416581,0.23129660207778216,0.13118043765425683,0.8,0.0011188313364982605,9.99621338547517e-07,0.061779575328614764
6120,0.12428532671183348,0.20269434452056884,0.0334297776222229,0.8415250509977341,0.1972494956338778,0.4,2.8004724979400635,9.996148052284564e-07,0.06188068756319515
6130,0.2378041494754143,0.49826264260336756,-0.014892444014549255,0.4733349110931158,0.23455529967322947,0.0,6.375038146972656,9.996082160501266e-07,0.06198179979777553
6140,0.011369258165359497,0.019585051201283933,0.01085716038942337,0.27142892107367517,0.1515225472394377,0.7,0.00032440468203276396,9.996015710132648e-07,0.062082912032355914
6150,-0.04677621517330408,0.1445995413698256,0.016188493371009825,0.41637674402445557,0.16678338435012846,0.7,0.0895712599158287,9.995948701186138e-07,0.0621840242669363
6160,0.05151797328144312,0.27037184685468674,0.010663211345672607,0.26658034771680833,0.16031253745313734,0.5,51.33138656616211,9.995881133669227e-07,0.06228513650151668
6170,0.0030352063477039337,0.23010168559849262,0.023797246813774108,0.5949312409386038,0.18225029909517615,0.4,2.5634679445829534e-07,9.99581300758947e-07,0.06238624873609707
6180,0.06308929296210408,0.1322889517992735,0.005245301127433777,0.12790944688022138,0.18576841433532537,0.6,1.4261135220294818e-05,9.995744322954484e-07,0.062487360970677454
6190,0.025002819299697877,0.1730814278125763,-0.006421294808387756,0.07345088049769402,0.08733736260328442,0.7,4.5740412701889e-07,9.99567507977195e-07,0.06258847320525783
6200,0.11016342490911483,0.31564589848276225,0.008548366278409958,0.21370896380394697,0.18342825304716825,0.4,0.0002594678953755647,9.995605278049606e-07,0.06268958543983821
6210,0.15425241589546204,0.1016488790512085,0.017616048455238342,0.44040131345391276,0.07255658267531544,0.8,3.4493095881771296e-05,9.995534917795258e-07,0.06279069767441861
6220,0.16206351667642593,0.35627549737691877,0.013337765634059907,0.33344406373798846,0.1832880273927003,0.6,0.11660423874855042,9.995463999016774e-07,0.062891809908999
6230,0.14528252497548239,0.17407356118783354,-0.015036003291606903,0.2033607004210353,0.13132197842933238,0.5,2.3059401428326964e-05,9.99539252172208e-07,0.06299292214357938
6240,0.08981787115335464,0.3896391049027443,0.012456020712852478,0.311400537379086,0.1699449947103858,0.5,1.8327707052230835,9.99532048591917e-07,0.06309403437815976
6250,0.17381002753973007,0.18102751970291137,0.027844151854515074,0.696104085072875,0.08106582204345614,0.6,2.4906909465789795,9.995247891616096e-07,0.06319514661274014
6260,0.1158265701495111,0.09628175562247634,-0.0003175919409841299,0.1857275443151593,0.1772957074455917,0.3,2.173004627227783,9.995174738820974e-07,0.06329625884732053
6270,0.3688191622495651,0.47854467034339904,-0.029440373182296753,0.2763617530465126,0.1377807280048728,0.4,14.608672142028809,9.995101027541987e-07,0.06339737108190091
6280,0.21306279934942723,0.1998676672577858,0.015607473254203797,0.39018690660595895,0.1521024317247793,0.6,0.0002502565912436694,9.995026757787373e-07,0.0634984833164813
6290,-0.02743576616048813,0.14043352901935577,0.008032121509313584,0.20080309100449084,0.13547818681690843,0.8,0.00016160121595021337,9.994951929565436e-07,0.06359959555106168
6300,0.08012050539255142,0.28294444978237154,0.012860655784606934,0.32219943553209307,0.16897776077967136,0.6,12.800872802734375,9.994876542884543e-07,0.06370070778564206
6310,0.09742744639515877,0.13573124557733535,-0.0034055598080158234,0.10406308211386203,0.11780851020012051,0.7,0.00015355327923316509,9.994800597753122e-07,0.06380182002022244
6320,-0.013242795877158643,0.09061274901032448,0.020161263644695282,0.5040314991027117,0.19688262541312723,0.5,4.59669828414917,9.994724094179664e-07,0.06390293225480283
6330,0.04506130218505859,0.07657129615545273,0.005717193707823753,0.1491258155554533,0.0966055470984429,0.8,7.3710493779799435e-06,9.99464703217272e-07,0.06400404448938321
6340,-0.10453318732324987,0.17405831618234516,0.01053745448589325,0.21812428534030914,0.19679856058210135,0.6,26.896343231201172,9.99456941174091e-07,0.0641051567239636
6350,0.2140832617878914,0.21368318349123,0.01637251377105713,0.4093128636479378,0.11694627760443836,0.6,0.00037415107362903655,9.994491232892913e-07,0.06420626895854398
6360,0.006574685871601105,0.02629874348640442,0.006491895020008087,0.1622973930090666,0.10129761437419801,0.9,9.190009117126465,9.994412495637463e-07,0.06430738119312437
6370,0.010815123841166497,0.04483271837234497,0.011475566029548644,0.2868893716484308,0.11008934336714446,0.8,0.0002757832990027964,9.994333199983371e-07,0.06440849342770476
6380,0.04344167709350586,0.10025171265006065,0.013614313304424286,0.3403578670695424,0.14383075113873928,0.7,9.170425415039062,9.994253345939498e-07,0.06450960566228514
6390,-0.014492517709732056,0.1193233847618103,0.003881968930363655,0.09704935476183892,0.10347929724957794,0.8,3.0195661793186446e-07,9.994172933514772e-07,0.06461071789686552
6400,0.13154298439621925,0.07727888785302639,0.004747644066810608,0.11869117319583893,0.07941999596077949,0.8,17.950584411621094,9.994091962718188e-07,0.06471183013144591
6410,-0.03365602977573871,0.22020910680294037,0.007725235819816589,0.23118689134716988,0.16680580927059055,0.5,1.6511483408976346e-05,9.994010433558792e-07,0.06481294236602629
6420,0.033842343091964724,0.15959829688072205,0.008397248387336732,0.20993112530559302,0.13407866139896213,0.8,29.118816375732422,9.993928346045706e-07,0.06491405460060667
6430,0.053534038737416266,0.10776077210903168,0.009084518998861313,0.22711306102573872,0.11078747019637376,0.8,6.567152865954995e-08,9.993845700188103e-07,0.06501516683518706
6440,0.050510174036026,0.08465596958994866,0.008992266654968262,0.2278925556689501,0.1246314529562369,0.7,1.0808171282405965e-06,9.993762495995226e-07,0.06511627906976744
6450,0.08561474531888962,0.3694074243307114,0.009095627069473266,0.21982957050204277,0.13434773925691842,0.5,18.151859283447266,9.993678733476375e-07,0.06521739130434782
6460,0.4067824654281139,0.3382661432027817,0.00782548114657402,0.37442125342786314,0.13508129841648042,0.6,1.317650344390131e-07,9.99359441264092e-07,0.06531850353892821
6470,0.061397004127502444,0.2803415395319462,0.0104782834649086,0.26195695642381905,0.19455323736183344,0.3,24.0953426361084,9.993509533498282e-07,0.06541961577350859
6480,-0.05167147908359766,0.06096698846668005,0.010515879094600677,0.2628970339894295,0.15677208793349565,0.6,4.780511881108396e-05,9.993424096057955e-07,0.06552072800808897
6490,0.042358942329883575,0.16532295271754266,0.01994985342025757,0.5112077860161662,0.20148925276007504,0.3,0.00013708655023947358,9.99333810032949e-07,0.06562184024266936
6500,0.0,0.0,0.0022325893864035607,0.05581468865275383,0.0539613206172362,1.0,0.00013256877718959004,9.993251546322503e-07,0.06572295247724974
6510,0.03478726763278246,0.21625080155208706,0.01890515983104706,0.5104765094816685,0.22472620436456053,0.4,0.03359336033463478,9.99316443404667e-07,0.06582406471183014
6520,0.0887160636484623,0.09796909773722291,-0.0008535430766642094,0.2148752987384796,0.19352357699535788,0.4,6.824879528721794e-05,9.993076763511729e-07,0.06592517694641052
6530,-0.017104608193039893,0.1269384328275919,0.021131764352321624,0.5315695233643055,0.20221243216656148,0.4,1.0064480304718018,9.992988534727487e-07,0.0660262891809909
6540,-0.24013629015535115,0.38064466677606107,0.012471021711826324,0.31594185791909696,0.17786735170520843,0.3,0.3114442229270935,9.992899747703802e-07,0.06612740141557129
6550,0.021850938349962233,0.21049705445766448,0.01616663783788681,0.4487001959234476,0.15450887200422586,0.6,1.5429959603352472e-06,9.992810402450603e-07,0.06622851365015167
6560,0.16221247911453246,0.14959672689437867,0.022033241391181946,0.5508313834667206,0.0923070679185912,0.8,5.547919954551617e-07,9.992720498977885e-07,0.06632962588473205
6570,0.31611989736557006,0.296879556030035,0.017839203774929046,0.44598000552505257,0.1626787006156519,0.4,1.1785781383514404,9.99263003729569e-07,0.06643073811931244
6580,0.023102195654064416,0.08235719911754132,0.017733539640903472,0.443338892236352,0.1792988616041839,0.6,0.0947425439953804,9.99253901741414e-07,0.06653185035389282
6590,-0.06829513814300299,0.11785572916269302,0.028698381781578065,0.7608341928571463,0.20108884817454964,0.5,0.0019113706657662988,9.992447439343405e-07,0.0666329625884732
6600,0.052461746335029605,0.06500079035758972,0.010850790143013,0.32101782858371736,0.11503542324062437,0.5,4.156827799306484e-06,9.99235530309373e-07,0.06673407482305359
6610,0.14326795227825642,0.15664707142859696,0.02108730375766754,0.527182880602777,0.15486980192363262,0.6,2.3004567140105792e-07,9.992262608675412e-07,0.06683518705763397
6620,0.10810270984657108,0.11067698551923968,0.025929051637649535,0.6482265209779143,0.15062114116735756,0.6,2.085699452436529e-05,9.992169356098815e-07,0.06693629929221435
6630,-0.14157083872705697,0.14530451074242592,0.014131671190261841,0.3532914653420448,0.16754951747134328,0.6,7.208818715298548e-07,9.99207554537437e-07,0.06703741152679474
6640,-0.0038094744086265564,0.040390252321958545,0.015885403752326964,0.3971352130174637,0.10748397866263985,0.7,6.641337677137926e-05,9.991981176512558e-07,0.06713852376137512
6650,0.010124055668711662,0.10720417741686106,0.021848103404045104,0.5462845992296934,0.16194904756266623,0.5,4.775978088378906,9.991886249523934e-07,0.0672396359959555
6660,0.17806272953748703,0.19947843998670578,0.02431846708059311,0.6079615591093898,0.13260963214561344,0.5,3.897409439086914,9.99179076441911e-07,0.0673407482305359
6670,-0.15732471393421293,0.19557755766436458,0.008296126872301102,0.21048031318932772,0.1693630662979558,0.5,13.768239974975586,9.991694721208766e-07,0.06744186046511629
6680,0.02784501062706113,0.04140975251793862,0.018565304577350616,0.46413281857967376,0.14376254505477845,0.6,4.273913134511531e-07,9.991598119903633e-07,0.06754297269969667
6690,0.09215943217277527,0.36077978909015657,0.016002514958381654,0.2504379376769066,0.13498330200091005,0.7,7.296971797943115,9.991500960514517e-07,0.06764408493427705
6700,0.02113879323005676,0.04729737341403961,0.011650368571281433,0.29125930145382883,0.1541277501732111,0.7,9.18596051633358e-05,9.991403243052277e-07,0.06774519716885744
6710,0.12380528673529625,0.15428064614534379,0.011980285495519638,0.2995072862133384,0.11245531181339175,0.7,2.3019929074052925e-07,9.99130496752784e-07,0.06784630940343782
6720,0.07499997168779374,0.10073286145925522,0.0067998945713043215,0.16999737173318863,0.11042568269185722,0.7,0.0016410256503149867,9.991206133952194e-07,0.0679474216380182
6730,-0.13609303617849947,0.1602522201836109,0.00954405814409256,0.2386013839393854,0.14702334748581053,0.7,5.825125754199689e-06,9.99110674233639e-07,0.06804853387259858
6740,0.06939593255519867,0.09827237464487552,0.005933531373739242,0.15898405201733112,0.11421628850512207,0.7,6.687387940473855e-05,9.99100679269154e-07,0.06814964610717897
6750,0.0759916439652443,0.2823773868381977,0.01953280419111252,0.4924258753657341,0.17896550868172198,0.6,3.8358922004699707,9.990906285028818e-07,0.06825075834175935
6760,0.09168406035751105,0.1791704572737217,0.02644103765487671,0.6610259804874659,0.1936880368273705,0.5,0.00010443660721648484,9.990805219359458e-07,0.06835187057633973
6770,0.060757548362016675,0.15664089657366276,0.014974172413349151,0.5058836940675974,0.21811057878658174,0.4,7.625725746154785,9.990703595694766e-07,0.06845298281092012
6780,0.12705471962690354,0.3976930618286133,0.022244463860988616,0.5561118787154555,0.2178840466775,0.2,9.936388969421387,9.9906014140461e-07,0.0685540950455005
6790,0.030081091076135637,0.11313004195690154,0.004646067693829537,0.30157850254327057,0.1043394812149927,0.7,3.26566691910557e-07,9.990498674424886e-07,0.06865520728008088
6800,0.027184273302555084,0.12525030896067618,0.025068560242652894,0.6267141163349151,0.15942988314200193,0.6,7.323676109313965,9.99039537684261e-07,0.06875631951466127
6810,0.34727284116670487,0.33095902390778065,0.004391350224614144,0.6380567949265241,0.17488439297303557,0.3,0.018533680588006973,9.990291521310821e-07,0.06885743174924165
6820,-0.06098847053945065,0.12601303234696387,0.012592093646526336,0.34182322174310686,0.17224324475973846,0.5,10.635648727416992,9.99018710784113e-07,0.06895854398382205
6830,0.14738455805927514,0.13247658535838128,0.006379577517509461,0.4194175761193037,0.1635835526045412,0.4,2.5878634346554463e-07,9.990082136445213e-07,0.06905965621840243
6840,0.01803792417049408,0.0755526527762413,0.008299770206212998,0.20749437622725964,0.17178837256506085,0.6,9.292123794555664,9.989976607134803e-07,0.06916076845298282
6850,0.023616256564855574,0.06253725774586201,0.01989557147026062,0.49738929234445095,0.15006767793092876,0.6,11.939370155334473,9.989870519921702e-07,0.0692618806875632
6860,-0.008613337390124797,0.06418234184384346,0.028137794137001036,0.7034445155411959,0.1990765415597707,0.6,2.0535478591918945,9.98976387481777e-07,0.06936299292214358
6870,0.019101623632013797,0.021532321348786354,0.014479589462280274,0.36783121470361946,0.1138996749650687,0.7,1.163708209991455,9.98965667183493e-07,0.06946410515672397
6880,0.06608669832348824,0.42392264418303965,0.016331525146961214,0.4082878176122904,0.184638687572442,0.2,48.50127029418945,9.989548910985168e-07,0.06956521739130435
6890,0.0935933323111385,0.18574860878288746,0.00014791963621973991,0.1725431414321065,0.15181842383462935,0.4,2.489846706390381,9.989440592280532e-07,0.06966632962588473
6900,0.16045560836791992,0.16541366130113602,0.012410613894462585,0.3102654043585062,0.11727690000552685,0.7,17.626802444458008,9.989331715733132e-07,0.06976744186046512
6910,-0.0334257616661489,0.2889074835926294,0.018909822404384612,0.5847204558551311,0.2078123595099896,0.3,20.7935848236084,9.989222281355143e-07,0.0698685540950455
6920,0.14577506855130196,0.1584969326853752,0.01282670795917511,0.3254029881209135,0.09924281248822808,0.8,0.022392960265278816,9.989112289158797e-07,0.06996966632962588
6930,0.04745041597634554,0.2994834242388606,0.005818744748830795,0.24234321601688863,0.17835379757452757,0.4,7.027812480926514,9.989001739156396e-07,0.07007077856420627
6940,0.0057230696082115175,0.09749093055725097,0.01200033351778984,0.30000824816524985,0.16431492217816412,0.6,0.012653197161853313,9.988890631360294e-07,0.07017189079878665
6950,0.17395912769716232,0.13886305410414934,0.020139791071414948,0.49131220653653146,0.16933057447895408,0.5,0.9976629018783569,9.98877896578292e-07,0.07027300303336703
6960,0.09524367824196815,0.25386313870549204,0.015970394015312195,0.3992597095668316,0.19148939598817377,0.6,43.20420837402344,9.988666742436754e-07,0.07037411526794742
6970,0.03624443411827087,0.11327878683805466,0.009466573596000671,0.23666431605815888,0.16449904043693095,0.7,0.015282094478607178,9.988553961334344e-07,0.07047522750252781
6980,0.06644069831818342,0.29492118805646894,0.01796651929616928,0.44916294813156127,0.1998873636359349,0.5,3.1020678648019384e-07,9.988440622488301e-07,0.0705763397371082
6990,0.16149485111236572,0.5273457787930965,0.029114896059036256,0.727872289903462,0.22965552110690624,0.3,25.41860008239746,9.988326725911295e-07,0.07067745197168858
7000,0.015840524854138494,0.1287278648465872,0.014231778681278229,0.3557946145534515,0.18469339271541685,0.4,3.2625808715820312,9.988212271616064e-07,0.07077856420626896
7010,0.011012521386146546,0.11324440687894821,0.007952024787664413,0.19880079180002214,0.13015205210540443,0.6,3.434481186559424e-06,9.988097259615398e-07,0.07087967644084935
7020,0.19516512693371624,0.48690162124112246,0.015741519629955292,0.45489023756235836,0.2011777489911765,0.4,33.19272994995117,9.98798168992216e-07,0.07098078867542973
7030,0.2126244455575943,0.1341034360229969,-0.002615359239280224,0.5194488663226366,0.09873236033599823,0.6,0.00533920107409358,9.987865562549273e-07,0.07108190091001011
7040,0.10492514949291945,0.11412514112889767,0.021167196333408356,0.5291800241917372,0.20498042670078576,0.2,0.0011052419431507587,9.987748877509717e-07,0.0711830131445905
7050,0.14077485920861363,0.09082600381225348,0.012611426413059235,0.31528566535562275,0.14406540817581118,0.5,1.909328818321228,9.98763163481654e-07,0.07128412537917088
7060,-0.08564036199823022,0.3238768454641104,0.019221699237823485,0.48314874097704885,0.22059926320798695,0.3,2.0053203105926514,9.987513834482848e-07,0.07138523761375126
7070,-0.010946952551603318,0.09314021933823824,0.014648588001728058,0.3662147669121623,0.13962327181361617,0.7,0.13411851227283478,9.987395476521815e-07,0.07148634984833165
7080,0.034441199526190756,0.2414896585047245,0.00952613428235054,0.3855862461030483,0.18901334120891988,0.4,1.5352873802185059,9.987276560946672e-07,0.07158746208291203
7090,0.40936563136056064,0.47192422747612,0.02834506630897522,0.5720925889909267,0.167846314702183,0.5,26.58662986755371,9.987157087770713e-07,0.07168857431749241
7100,0.1005707062780857,0.3579385161399841,0.01632237732410431,0.4080591261386871,0.20956250736489893,0.5,8.466569312304273e-08,9.987037057007297e-07,0.0717896865520728
7110,-0.03340144753456116,0.07819981873035431,0.004533946514129639,0.1133490413427353,0.10058007163461298,0.8,3.4021991268673446e-07,9.986916468669846e-07,0.07189079878665318
7120,-0.04515455840155482,0.1097331166267395,0.0051582690328359606,0.15994913019239904,0.14980566736776382,0.5,7.440403938293457,9.986795322771838e-07,0.07199191102123358
7130,0.04601790499873459,0.07936578318476677,0.00932128205895424,0.23303216528147458,0.2473544023698196,0.3,0.001160533633083105,9.98667361932682e-07,0.07209302325581396
7140,0.1880645826458931,0.25727344676852226,0.01754305362701416,0.438576390594244,0.15131540580186992,0.5,9.976693604585307e-08,9.986551358348404e-07,0.07219413549039434
7150,0.18768955441191792,0.2935605254024267,0.017732679843902588,0.4996377578587271,0.15425214883871377,0.4,2.7535261892808194e-07,9.98642853985025e-07,0.07229524772497473
7160,0.3133611589670181,0.3252081900835037,0.020148786902427673,0.5037200780585408,0.13744061780162156,0.5,10.293632507324219,9.986305163846093e-07,0.07239635995955511
7170,-0.00246637798845768,0.06449500061571597,0.008159403502941132,0.2039850503206253,0.1729705086443573,0.7,0.032644592225551605,9.986181230349732e-07,0.07249747219413549
7180,0.10692258551716805,0.2512382000684738,0.01973663121461868,0.6406958935782313,0.20194062516093253,0.4,2.7693023681640625,9.986056739375018e-07,0.07259858442871588
7190,-0.028881139308214187,0.19315646383911372,0.022954468429088593,0.5738618988543749,0.1941402375465259,0.4,4.640837669372559,9.985931690935871e-07,0.07269969666329626
7200,0.1025081497617066,0.18402579948306083,0.023684854805469512,0.5921217776834965,0.13992417878471314,0.6,1.025414228439331,9.985806085046273e-07,0.07280080889787664
7210,0.015686809550970793,0.10804824572987855,0.004871912673115731,0.14825405031442643,0.1627201094524935,0.5,1.5162058843998238e-05,9.985679921720265e-07,0.07290192113245703
7220,0.03414552733302116,0.17790484577417373,0.01985277533531189,0.5747184123843908,0.16690710166003556,0.6,0.0025093324948102236,9.985553200971955e-07,0.07300303336703741
7230,-0.045246797427535054,0.14661315381526946,0.027587980031967163,0.6896994050592185,0.19166503646411,0.5,4.864862717113283e-07,9.98542592281551e-07,0.07310414560161779
7240,0.01446525901556015,0.1396802959498018,0.015105606615543365,0.37764026038348675,0.18940590496640652,0.5,2.3225855827331543,9.98529808726516e-07,0.07320525783619818
7250,0.00560787171125412,0.09861738341860474,0.01716388463973999,0.429097231850028,0.14686456704512238,0.5,1.0302042961120605,9.985169694335198e-07,0.07330637007077856
7260,0.18444966077804564,0.43486534655094145,-0.013183726370334626,0.14895979017019273,0.1838500957703218,0.4,55.820411682128906,9.98504074403998e-07,0.07340748230535894
7270,0.09792076125741005,0.20789277814328672,0.021717242896556854,0.5429314330220223,0.1500246200710535,0.6,1.1735704902093858e-05,9.984911236393923e-07,0.07350859453993933
7280,-0.08152813538908958,0.1140265017747879,0.018129274249076843,0.39379778914153574,0.18533471352420747,0.7,2.2113566398620605,9.984781171411502e-07,0.07360970677451972
7290,0.1918425366282463,0.5107899352908134,0.027407807111740113,0.6910364491253859,0.16351025789044799,0.5,31.03887367248535,9.984650549107268e-07,0.0737108190091001
7300,0.01718594878911972,0.1521844738163054,0.017661648988723754,0.44154161848127843,0.14214836908504366,0.5,2.3302934169769287,9.984519369495817e-07,0.07381193124368049
7310,0.17285504788160325,0.19422867447137832,0.008883988857269287,0.2433002855628729,0.1187880099983886,0.6,8.227851139963605e-06,9.984387632591817e-07,0.07391304347826087
7320,0.026490996405482293,0.05861722156405449,0.012008006870746612,0.28556248657405375,0.16595832887105644,0.6,2.0720250176964328e-05,9.98425533841e-07,0.07401415571284126
7330,0.09505316112190484,0.3097090311348438,0.011323326081037522,0.3353005165234208,0.2237304793205112,0.4,19.778871536254883,9.984122486965154e-07,0.07411526794742164
7340,-0.03433308694511652,0.06276629604399205,0.012300392985343933,0.30750982351601125,0.13769835589919238,0.7,5.909890887778602e-07,9.983989078272134e-07,0.07421638018200202
7350,-0.030913305282592774,0.028157079219818117,0.009321445971727372,0.23682768382132052,0.08361264932900667,0.9,0.07593207061290741,9.983855112345857e-07,0.0743174924165824
7360,0.07634837180376053,0.08837122321128846,0.019232767820358276,0.4808190958574414,0.1736595171969384,0.5,8.324355125427246,9.983720589201297e-07,0.07441860465116279
7370,0.25861678263172505,0.28211183547973634,0.011635012179613113,0.29087536223232746,0.19211747737135737,0.3,2.542360544204712,9.983585508853498e-07,0.07451971688574317
7380,0.10177986375056207,0.27059228271245955,0.01767558455467224,0.47653342690318823,0.22605313509702682,0.2,4.6996073722839355,9.98344987131756e-07,0.07462082912032356
7390,0.3598269380629063,0.30500597655773165,0.016779637336730956,0.6153722515329718,0.13524352794047445,0.5,0.05688721686601639,9.98331367660865e-07,0.07472194135490394
7400,0.13635458350181578,0.11826997771859168,-0.002175922691822052,0.359848840534687,0.08988851641770453,0.8,1.5422423871314095e-07,9.983176924741996e-07,0.07482305358948432
7410,0.0,0.0,0.0045589346438646315,0.11397339086979627,0.07173245961312205,1.0,0.0001698909472906962,9.983039615732885e-07,0.0749241658240647
7420,0.3248985686339438,0.29367123707197607,0.008380848914384842,0.4506281290203333,0.15690315233077853,0.4,0.034993600100278854,9.98290174959667e-07,0.07502527805864509
7430,-0.04904886242002249,0.22041845098137855,0.015852420032024382,0.39631056785583496,0.2655471924226731,0.2,3.3530056476593018,9.982763326348763e-07,0.07512639029322549
7440,-0.12052674815058709,0.1199178822338581,0.004877991229295731,0.12194971367716789,0.09536999647971242,0.7,0.0004766131460200995,9.982624346004643e-07,0.07522750252780587
7450,0.11289366036653518,0.28933655843138695,0.0098055399954319,0.3046800607116893,0.18356703990139067,0.6,5.019459058530629e-05,9.982484808579848e-07,0.07532861476238625
7460,0.09573076367378235,0.1272953525185585,0.009069208800792695,0.2267304563894868,0.13557989387772978,0.7,1.7240614624824957e-06,9.98234471408998e-07,0.07542972699696664
7470,0.028170907124876975,0.12365961438044906,0.007145480066537857,0.17863700799643994,0.16662849970161914,0.7,4.724834442138672,9.9822040625507e-07,0.07553083923154702
7480,-0.00985722690820694,0.06654036343097687,0.005571759864687919,0.13929405212402343,0.12882938685361295,0.7,3.4944136473313847e-07,9.982062853977733e-07,0.0756319514661274
7490,0.14628283083438873,0.3567322968970984,0.011231514066457749,0.2807879474014044,0.2784181932685897,0.1,7.5536346435546875,9.98192108838687e-07,0.07573306370070779
7500,-0.18266803584992886,0.2618601150810719,0.003436914086341858,0.16213319040834903,0.1996453104307875,0.4,30.097637176513672,9.981778765793958e-07,0.07583417593528817
7510,0.00696578873321414,0.08772997446358204,0.010867713391780854,0.2716928219422698,0.19885691711679102,0.5,0.0006427185144275427,9.981635886214912e-07,0.07593528816986855
7520,0.07861067913472652,0.2968353308737278,0.0042892761528491976,0.3573223099112511,0.21906477981247008,0.4,6.406040853335071e-08,9.981492449665704e-07,0.07603640040444894
7530,0.04390260633081198,0.12044089380651712,0.007247912883758545,0.23686655201017856,0.14401050619781017,0.6,1.4687060117721558,9.981348456162373e-07,0.07613751263902932
7540,0.08410178348422051,0.12905598506331445,0.020541329681873322,0.5135359100997448,0.12836939871776848,0.6,0.00505182147026062,9.981203905721016e-07,0.0762386248736097
7550,0.18483451008796692,0.23564462065696717,0.0314081072807312,0.7852025538682937,0.15908895519096405,0.5,1.0391108844487462e-06,9.981058798357798e-07,0.07633973710819009
7560,0.10568252526572905,0.11426305298227817,0.007530991733074188,0.2970874149352312,0.16788954883813859,0.6,0.008189613930881023,9.980913134088939e-07,0.07644084934277047
7570,0.060041531920433044,0.16579180229455232,0.027574101090431215,0.674725853279233,0.2368435654323548,0.2,5.1538214683532715,9.980766912930724e-07,0.07654196157735085
7580,0.06655460633337498,0.12072236761450768,0.00705060064792633,0.17626496087759733,0.13967718223575504,0.5,5.430944919586182,9.980620134899507e-07,0.07664307381193125
7590,0.01540603619068861,0.20614454373717309,0.022134925425052642,0.550280474871397,0.23755699067842215,0.4,9.672126770019531,9.980472800011695e-07,0.07674418604651163
7600,0.008449220098555088,0.040947829373180866,0.021249739825725554,0.531243416853249,0.16176392515189947,0.6,1.3435660600662231,9.98032490828376e-07,0.07684529828109202
7610,0.251421183347702,0.15205253437161445,0.043389877676963805,1.0847469218075276,0.1328000349458307,0.4,0.08975423872470856,9.980176459732237e-07,0.0769464105156724
7620,0.17817346658557653,0.3087172109633684,0.03031071424484253,0.9054908121004701,0.15859917274210603,0.4,4.108038902282715,9.980027454373724e-07,0.07704752275025278
7630,0.22641741381958128,0.20623005656525492,0.024480147659778594,0.6120041370391845,0.1734422740759328,0.6,1.3600361347198486,9.97987789222488e-07,0.07714863498483317
7640,-0.004463005065917969,0.061660198122262956,0.01524672657251358,0.3811682365834713,0.14949374014977365,0.6,1.9404265880584717,9.979727773302427e-07,0.07724974721941355
7650,0.27653450667858126,0.25096639394760134,0.023920512199401854,0.5980130970478058,0.12929502502083778,0.6,0.0002521995047573,9.979577097623149e-07,0.07735085945399393
7660,0.15103384479880333,0.25039703473448754,0.012069619446992873,0.3017407238483429,0.12910069262143226,0.7,0.00056879548355937,9.979425865203894e-07,0.07745197168857432
7670,0.051849986612796786,0.1323249951004982,0.015562286972999573,0.3950304456055164,0.1382310209563002,0.7,0.0012527514481917024,9.979274076061567e-07,0.0775530839231547
7680,0.03791946768760681,0.06227796021848917,0.010086765885353089,0.2521690851077437,0.12182386789936572,0.6,8.091578074242989e-09,9.979121730213143e-07,0.07765419615773508
7690,0.08597672088071703,0.07106980532407761,0.010228846222162247,0.2557211769744754,0.15708470200188457,0.6,0.002843621652573347,9.97896882767565e-07,0.07775530839231547
7700,0.09030545577406883,0.2032988764345646,0.02148751765489578,0.5371882569044828,0.141488016420044,0.5,4.711231724741083e-07,9.978815368466187e-07,0.07785642062689585
7710,-0.03336067795753479,0.07208124548196793,0.0026584332808852196,0.06646086294203997,0.13131764438003302,0.7,8.157645225524902,9.978661352601912e-07,0.07795753286147623
7720,0.28430763967335226,0.2173916231840849,0.008138206601142884,0.22179822139441968,0.08550877617672085,0.7,5.005456841900013e-06,9.97850678010004e-07,0.07805864509605662
7730,0.158908149600029,0.3847672320902348,0.03622113764286041,0.823535043746233,0.2069884616881609,0.3,10.558013916015625,9.978351650977857e-07,0.078159757330637
7740,0.07861309349536896,0.19514234811067582,0.021145828068256378,0.5286456663161516,0.15519472504965962,0.5,2.4093904471556016e-07,9.978195965252707e-07,0.0782608695652174
7750,-0.04116093665361405,0.10671867430210114,0.0048601143062114716,0.12150293122977018,0.1167354048229754,0.8,0.00018255029863212258,9.978039722941995e-07,0.07836198179979778
7760,0.23456817269325256,0.36777664814144373,0.01696169823408127,0.36026262734085324,0.17730969164986163,0.4,1.4833159446716309,9.97788292406319e-07,0.07846309403437816
7770,-0.12273321077227592,0.12991334535181523,0.011137507855892181,0.27843775469809773,0.13798217142466457,0.6,1.140751805905893e-06,9.977725568633821e-07,0.07856420626895855
7780,0.14859247095882894,0.2689525410998613,0.020972180366516113,0.5243045166134834,0.1530530203366652,0.6,14.71922492980957,9.977567656671485e-07,0.07866531850353893
7790,0.09155962020158767,0.11380743309855461,0.023796439170837402,0.5949112445116043,0.1329128756886348,0.6,7.628276348114014,9.977409188193837e-07,0.07876643073811931
7800,0.05456102080643177,0.11048574130982161,0.02247786372900009,0.5619466986507178,0.11293782752472907,0.6,4.93802133405552e-07,9.97725016321859e-07,0.0788675429726997
7810,-0.139612765237689,0.1446085475385189,0.004365541785955429,0.11903396788984537,0.131151140271686,0.5,8.734437942504883,9.977090581763527e-07,0.07896865520728008
7820,-0.03454278707504273,0.06179201602935791,0.007383736222982407,0.20604921132326126,0.11059542372822762,0.8,8.14511395219597e-07,9.97693044384649e-07,0.07906976744186046
7830,0.17579850666224955,0.2641332796309143,0.016750288009643555,0.4187570795416832,0.15066440848167986,0.5,2.0025188860017806e-05,9.976769749485383e-07,0.07917087967644085
7840,0.17715996843762696,0.20776240304112434,0.021876464784145355,0.2614844349387567,0.16802543862722813,0.6,2.0662786960601807,9.97660849869817e-07,0.07927199191102123
7850,-0.05484476089477539,0.31600708365440366,0.008809888362884521,0.2202472072094679,0.17628071350045502,0.6,0.012985268607735634,9.976446691502883e-07,0.07937310414560161
7860,0.12185338586568832,0.16886398270726205,0.0259668231010437,0.6491710036993027,0.20444978249724954,0.3,0.00012257460912223905,9.976284327917613e-07,0.079474216380182
7870,0.26776697719469666,0.33732424676418304,0.038486427068710326,0.8324030391871929,0.19470312914345414,0.3,30.963504791259766,9.97612140796051e-07,0.07957532861476238
7880,0.14404945969581603,0.2934387281537056,0.025212055444717406,0.6303014189004899,0.1783747776178643,0.5,3.018439898028191e-08,9.975957931649792e-07,0.07967644084934276
7890,0.11544531993567944,0.270893108099699,0.009992344677448273,0.24980840161442758,0.15914780159946532,0.5,3.7073078829052974e-08,9.975793899003732e-07,0.07977755308392316
7900,-0.03482220806181431,0.28905356032773855,0.011258529871702195,0.3299240365624428,0.1991586933610961,0.4,0.4492546617984772,9.975629310040675e-07,0.07987866531850354
7910,-0.0011958278715610503,0.15456299483776093,0.007659599184989929,0.19148999582976103,0.14745178762823344,0.7,28.216876983642578,9.975464164779021e-07,0.07997977755308393
7920,0.11116345971822739,0.16204842627048494,0.01183662936091423,0.6264340445399285,0.1452725019073114,0.4,0.005745882634073496,9.975298463237231e-07,0.08008088978766431
7930,0.08250932916998863,0.10883899740874767,0.018409208953380586,0.453904240205884,0.12011859368067235,0.5,0.058716025203466415,9.975132205433836e-07,0.0801820020222447
7940,0.06585739189758896,0.21785356737673284,0.021208816766738893,0.5302205331623554,0.21514161564409734,0.2,3.7862761814722035e-07,9.974965391387421e-07,0.08028311425682508
7950,0.12726620882749556,0.32554744780063627,0.00934193879365921,0.2719671968370676,0.16716480131726713,0.7,48.49965286254883,9.97479802111664e-07,0.08038422649140546
7960,0.05362044349312782,0.24091813564300538,-0.0006458621006458998,0.12808722481131554,0.12901749643497168,0.5,3.949318124796264e-05,9.9746300946402e-07,0.08048533872598584
7970,0.04424740225076675,0.1174902118742466,0.014500226080417632,0.362505579739809,0.15044394666329025,0.7,0.00047778678708709776,9.974461611976882e-07,0.08058645096056623
7980,0.1908695675432682,0.2014742225408554,0.01583544462919235,0.3958860943093896,0.15830378562677652,0.6,4.811299800872803,9.97429257314552e-07,0.08068756319514661
7990,0.08052449524402619,0.28732312470674515,-0.0035388927906751634,0.4342081304639578,0.10978967952542007,0.5,0.8988499045372009,9.974122978165012e-07,0.080788675429727
8000,0.1501174658536911,0.42515562251210215,0.023472489416599275,0.7371556982398033,0.2631252928171307,0.2,3.7059295177459717,9.973952827054323e-07,0.08088978766430738
8010,0.10288916695863008,0.13712372146546842,0.018520179390907287,0.4546345680952072,0.22751979927998037,0.4,8.731153116059431e-07,9.973782119832475e-07,0.08099089989888776
8020,0.07513958639465272,0.10039501339197159,0.014694052934646606,0.36735123936086894,0.14069903444033116,0.6,3.4553872296783084e-07,9.973610856518555e-07,0.08109201213346814
8030,-0.029138598963618277,0.326039641816169,0.021067382395267488,0.5266846185550094,0.2709153439383954,0.2,0.03894958272576332,9.97343903713171e-07,0.08119312436804853
8040,0.16836561020463706,0.19516541361808776,0.027694877982139588,0.5632738556712866,0.14709891052916646,0.6,0.0010057552717626095,9.97326666169115e-07,0.08129423660262892
8050,-0.08386659203097224,0.11984795378521085,0.014658617973327636,0.3664654174819589,0.17403556746430696,0.5,0.1130913570523262,9.973093730216144e-07,0.08139534883720931
8060,0.2990718835964799,0.3160581670701504,0.017490008473396303,0.48064107112586496,0.20638575053308159,0.3,13.684416770935059,9.972920242726034e-07,0.08149646107178969
8070,0.054709592461586,0.2890419792383909,0.016673643887043,0.5349641917273402,0.18089087002445012,0.3,2.3663361048420484e-07,9.972746199240212e-07,0.08159757330637007
8080,0.1179576450958848,0.0781181313097477,0.016639555990695953,0.4349207812920213,0.104444307112135,0.6,1.961923599243164,9.972571599778139e-07,0.08169868554095046
8090,0.016430550813674928,0.076359324157238,0.005822913348674774,0.20991811361163853,0.12536919973790644,0.7,0.001990719698369503,9.972396444359333e-07,0.08179979777553084
8100,0.31728112418204546,0.26511122826486827,0.01831013560295105,0.3996938582509756,0.14452632013708352,0.4,18.173015594482422,9.972220733003379e-07,0.08190091001011122
8110,0.02399403154850006,0.1498936265707016,0.023083631694316865,0.5747105617076158,0.17163015368860216,0.5,0.0001709344651317224,9.972044465729924e-07,0.08200202224469161
8120,-0.06602603569626808,0.12358013167977333,0.01666254550218582,0.41656408086419106,0.20104837738908826,0.5,5.436099052429199,9.97186764255867e-07,0.08210313447927199
8130,-0.04018745953217149,0.1478274527937174,0.020441813766956328,0.5110452137887478,0.1549009321955964,0.6,0.0012008064659312367,9.971690263509396e-07,0.08220424671385237
8140,-0.0003250904148444533,0.09749223245307803,0.013533154129981994,0.33832896389067174,0.17559785621706397,0.6,0.1573050320148468,9.971512328601925e-07,0.08230535894843276
8150,0.10763592403382063,0.11510066539049149,-0.0007821131497621536,0.32075954489409925,0.13460781176108866,0.6,4.663699826323864e-07,9.971333837856155e-07,0.08240647118301314
8160,0.025558405090123415,0.10705096516758203,0.010869643837213516,0.31622170265764,0.13985647622030228,0.7,1.071738006430678e-05,9.97115479129204e-07,0.08250758341759352
8170,0.03013967666774988,0.16946268677711487,0.007224677503108979,0.1806172166019678,0.14691267621237786,0.7,8.219914889195934e-05,9.9709751889296e-07,0.08260869565217391
8180,-0.0961537379771471,0.2706304106861353,0.011963766813278199,0.20720424700994045,0.21503899351228029,0.4,0.0006308454903773963,9.970795030788916e-07,0.08270980788675429
8190,-0.13494180995039642,0.12133773183450103,0.003128555417060852,0.07821377031505108,0.14368101514410228,0.7,5.055163273937069e-05,9.97061431689013e-07,0.08281092012133467
8200,-0.026942430064082146,0.049956024438142774,0.0023103095591068268,0.05886900679470273,0.15180164657067508,0.7,9.576178854331374e-05,9.970433047253445e-07,0.08291203235591507
8210,0.05348688811063766,0.17850153148174286,0.01431124359369278,0.27216827534139154,0.1469630480511114,0.7,0.00029905978590250015,9.970251221899128e-07,0.08301314459049546
8220,0.08353933952748775,0.12188607826828957,0.012513291835784913,0.31283223778009417,0.1500857210950926,0.7,2.6050846576690674,9.970068840847513e-07,0.08311425682507584
8230,-0.031655662786215545,0.31488687694072726,0.009094426780939103,0.20620613768696786,0.21771402771119028,0.4,0.004441503435373306,9.969885904118982e-07,0.08321536905965622
8240,0.08674548119306565,0.13569629639387132,0.0005151861812919378,0.06329958140850067,0.08936452220659703,0.8,3.887534205659904e-07,9.969702411733996e-07,0.0833164812942366
8250,-0.050886111706495284,0.3745216079056263,0.018835973739624024,0.37555083154293245,0.21804176215082408,0.5,21.441627502441406,9.969518363713066e-07,0.08341759352881699
8260,-0.025615794211626054,0.17288611605763435,0.0069721415638923645,0.17430355288088323,0.1384895670460537,0.6,0.00036008981987833977,9.969333760076772e-07,0.08351870576339737
8270,0.20719238519668579,0.26868083477020266,0.033020433783531186,0.400858517922461,0.15822840228211135,0.7,0.030216185376048088,9.969148600845752e-07,0.08361981799797776
8280,-0.046297517418861386,0.14821561351418494,0.00441071130335331,0.11026787906885147,0.13158121299929917,0.6,4.0086320041154977e-07,9.968962886040707e-07,0.08372093023255814
8290,0.24472148418426515,0.22899763584136962,0.01309664398431778,0.3086971081793308,0.13267520684748887,0.5,0.00026071807951666415,9.968776615682402e-07,0.08382204246713852
8300,0.2818530037999153,0.310566969960928,0.04947446882724762,1.2368619166314603,0.1737803410505876,0.3,7.910495281219482,9.968589789791665e-07,0.0839231547017189
8310,0.13042642697691917,0.18460432249121367,0.014363068342208862,0.3590766929090023,0.14926982088945806,0.5,13.814918518066406,9.968402408389378e-07,0.08402426693629929
8320,0.19226489067077637,0.37600623816251755,0.0014329192228615284,0.5398941934108734,0.23067391170188783,0.3,6.941780927860464e-09,9.968214471496499e-07,0.08412537917087967
8330,0.16809590756893159,0.15975315421819686,-0.00865568071603775,0.18754500150680542,0.12745700946543365,0.6,0.005886486265808344,9.968025979134034e-07,0.08422649140546005
8340,0.12354751161765307,0.21909974366426468,0.01634337902069092,0.40858448930084706,0.18255515706259756,0.4,0.02109072171151638,9.967836931323059e-07,0.08432760364004044
8350,0.02024794975295663,0.37757339626550673,0.017933128774166106,0.5387113489210605,0.20332271826919168,0.3,16.99687385559082,9.967647328084712e-07,0.08442871587462084
8360,0.08430127166211605,0.20729039274156094,0.0043490096926689144,0.45413943361490966,0.20177947541233152,0.5,19.162202835083008,9.96745716944019e-07,0.08452982810920122
8370,-0.011452820524573326,0.09821990057826042,0.014066621661186218,0.35166558008641,0.15820496862288563,0.6,0.5106096267700195,9.967266455410752e-07,0.0846309403437816
8380,0.0995150063186884,0.15184422805905343,0.007336270064115524,0.4552683666348457,0.15873790993355213,0.5,3.723742723464966,9.967075186017725e-07,0.08473205257836199
8390,-0.060763228312134744,0.13714703358709812,0.02846839725971222,0.7072115108370781,0.19288513085339218,0.4,0.0023576386738568544,9.96688336128249e-07,0.08483316481294237
8400,0.049437074642628434,0.19980412051081659,0.009667110443115235,0.24168689604848623,0.2103729443391785,0.3,0.01880534738302231,9.966690981226498e-07,0.08493427704752275
8410,0.0013044055551290513,0.25048451460897925,0.015376292169094086,0.3844075985252857,0.2055960276396945,0.5,8.247682217188412e-07,9.966498045871253e-07,0.08503538928210314
8420,-0.016083893179893494,0.22427278906106948,0.022619107365608217,0.5400405971333384,0.14641040503047406,0.5,1.9820745364995673e-06,9.966304555238329e-07,0.08513650151668352
8430,0.21715830247849227,0.245070980489254,0.038767144083976746,0.5706978060305119,0.1881643188651651,0.3,0.016042407602071762,9.966110509349359e-07,0.0852376137512639
8440,0.019807412289083004,0.14394174702465534,0.015828149020671846,0.40491684824228286,0.14970533279702067,0.6,23.21579933166504,9.965915908226038e-07,0.08533872598584429
8450,0.08050858029164373,0.13715604930184783,-0.01032709926366806,0.12293634731322527,0.09037513099610806,0.4,0.0091000497341156,9.965720751890124e-07,0.08543983822042467
8460,0.0617973230779171,0.13089044596999883,0.036684855818748474,0.717540019005537,0.1565619175788015,0.3,3.1246304512023926,9.965525040363434e-07,0.08554095045500505
8470,0.22205176968127488,0.23532014307565988,0.007809238135814666,0.33214389756321905,0.12414738405495881,0.4,7.4417290687561035,9.965328773667852e-07,0.08564206268958544
8480,0.334795743227005,0.4074569046497345,0.018054240942001344,0.451355891302228,0.2098394862608984,0.3,2.0293740021770645e-07,9.965131951825318e-07,0.08574317492416582
8490,0.4540566518902779,0.4049568369984627,0.03884727954864502,0.917726855352521,0.16877643312327564,0.4,15.255111694335938,9.964934574857844e-07,0.0858442871587462
8500,0.06500247865915298,0.2295609287917614,0.017959187924861907,0.39984393753111364,0.14066703105345368,0.6,0.000307017209706828,9.964736642787493e-07,0.0859453993933266
8510,-0.011736146733164787,0.1288493148982525,0.021160927414894105,0.6070437841117382,0.16345777118112892,0.4,4.724156497104559e-06,9.964538155636392e-07,0.08604651162790698
8520,0.1051305890083313,0.06007462739944458,0.018555799126625062,0.46389494352042676,0.08949864618480205,0.9,0.05788412690162659,9.964339113426741e-07,0.08614762386248737
8530,-0.016373959183692933,0.24706557989120484,0.01678788661956787,0.4196973845362663,0.17288206380326301,0.6,22.179927825927734,9.964139516180787e-07,0.08624873609706775
8540,0.01981602907180786,0.30971930027008054,0.02621544599533081,0.6553864359855652,0.12197054920252412,0.7,18.15165901184082,9.963939363920847e-07,0.08634984833164813
8550,-0.03413836732506752,0.17104411758482457,0.02607884109020233,0.6877052485942841,0.18207426650915295,0.3,26.192533493041992,9.963738656669303e-07,0.08645096056622852
8560,0.000358055904507637,0.1452121153473854,0.019358959794044495,0.48397426307201385,0.17823682923335582,0.5,3.4146950244903564,9.96353739444859e-07,0.0865520728008089
8570,0.09894140027463436,0.21217624954879283,0.020136846601963042,0.5284042410552502,0.22171631173696368,0.3,0.3469153642654419,9.963335577281213e-07,0.08665318503538928
8580,0.2895843669772148,0.25288854632526636,0.013341294229030609,0.3699469640851021,0.15769755870569496,0.5,0.00010745701001724228,9.963133205189736e-07,0.08675429726996967
8590,0.13034318313002585,0.11176413297653198,0.02919897735118866,0.8787596944719553,0.13871620525605977,0.5,2.5351951122283936,9.962930278196783e-07,0.08685540950455005
8600,0.24526066184043885,0.17295524179935456,0.021506820619106293,0.537670261412859,0.12733701108954848,0.6,0.0007507483242079616,9.962726796325043e-07,0.08695652173913043
8610,-0.012941858358681202,0.047411303874105214,0.005667644366621971,0.1416911419481039,0.14430450678337364,0.6,6.066758155822754,9.962522759597267e-07,0.08705763397371082
8620,0.10913950428366662,0.12972225472331048,0.007879651337862014,0.1969913974404335,0.09364830432459711,0.7,0.04664243385195732,9.962318168036268e-07,0.0871587462082912
8630,0.2571636820444837,0.2915400367928669,0.0036932677030563354,0.48876371011137965,0.22857631689403207,0.2,11.46017074584961,9.96211302166492e-07,0.08725985844287158
8640,0.21086704656481742,0.2948646411299706,0.010979800671339034,0.27449509091675284,0.2060379628557712,0.3,2.382863759994507,9.961907320506159e-07,0.08736097067745197
8650,0.025282053276896477,0.20909356474876403,0.012136197090148926,0.30339853912591935,0.1717765623005107,0.5,0.0021637780591845512,9.96170106458298e-07,0.08746208291203236
8660,0.11096498258411884,0.24320634882897138,-0.008234599232673645,0.14570173546671866,0.16047032906208186,0.5,4.235108375549316,9.96149425391845e-07,0.08756319514661275
8670,-0.04978012144565582,0.17452814429998398,0.0024818260222673415,0.0887510560452938,0.11069313720799982,0.6,6.129493236541748,9.961286888535684e-07,0.08766430738119313
8680,0.12352764680981636,0.42499937266111376,0.02627085745334625,0.5737532034516335,0.19315505374688655,0.4,1.047473006110522e-06,9.961078968457873e-07,0.08776541961577351
8690,-0.11252914732322097,0.07073186300694942,0.015165397524833679,0.37913508154451847,0.12323677081149072,0.8,2.904219513766293e-07,9.96087049370826e-07,0.0878665318503539
8700,0.21551821529865264,0.29467922896146775,0.01449987143278122,0.3809217303991318,0.1510562452254817,0.4,0.00025952060241252184,9.960661464310154e-07,0.08796764408493428
8710,0.06349549633450806,0.11750083190854639,0.01855423003435135,0.46385581232607365,0.19413445675745605,0.4,0.792709231376648,9.960451880286927e-07,0.08806875631951466
8720,0.1628591777291149,0.21868570526130499,0.03144180774688721,0.7860452767461539,0.12311834858264774,0.7,0.11627046018838882,9.960241741662007e-07,0.08816986855409505
8730,0.08060233071446418,0.12899123895913361,0.01898749768733978,0.474687697738409,0.1913622541585937,0.4,2.9321305751800537,9.960031048458894e-07,0.08827098078867543
8740,-0.16798442415893078,0.07833245359361171,0.015200969576835633,0.38572480492293837,0.1314305321779102,0.7,8.933927536010742,9.959819800701141e-07,0.08837209302325581
8750,-0.023633617162704467,0.12791782431304455,0.006013200432062149,0.1733425237238407,0.10821291860193014,0.8,0.01615901105105877,9.959607998412368e-07,0.0884732052578362
8760,0.03094090297818184,0.11625836566090583,0.015614670515060425,0.3903669908642769,0.15761935361661017,0.6,8.984494343167171e-05,9.959395641616253e-07,0.08857431749241658
8770,0.14921594895422458,0.260758264362812,0.024528463184833527,0.6132112331688404,0.18116733774077148,0.4,10.10451889038086,9.959182730336543e-07,0.08867542972699696
8780,-0.002577520161867142,0.04518297463655472,0.014413271844387055,0.36033185571432114,0.1295192444929853,0.8,11.091973304748535,9.95896926459704e-07,0.08877654196157735
8790,0.25462445681914686,0.1991301504895091,0.013242918252944946,0.33107303120195863,0.2127236844971776,0.3,6.990518093109131,9.958755244421607e-07,0.08887765419615773
8800,0.014906524121761322,0.02666560113430023,0.01182105541229248,0.27901312820613383,0.07750154761597514,0.9,3.605609163059853e-05,9.958540669834178e-07,0.08897876643073811
8810,-0.08635618984699249,0.17393889408558608,0.012319861352443695,0.3217456001788378,0.160298908688128,0.4,1.611055850982666,9.958325540858743e-07,0.08907987866531851
8820,0.08688928931951523,0.1388622045516968,0.01902022212743759,0.5813685730099678,0.18927112314850092,0.5,0.04740992933511734,9.95810985751935e-07,0.0891809908998989
8830,0.1905828222632408,0.250326868891716,0.033197295665740964,0.8299321390688419,0.18175962124951184,0.4,6.08621883392334,9.957893619840118e-07,0.08928210313447928
8840,-0.07953503131866455,0.17143099904060363,0.0038456305861473083,0.1817570820450783,0.19381787194870412,0.4,0.0034851820673793554,9.95767682784522e-07,0.08938321536905966
8850,0.08173559652641416,0.17456620167940856,0.009865546226501464,0.24663878977298737,0.18021994698792695,0.4,10.79555892944336,9.9574594815589e-07,0.08948432760364004
8860,0.0674143759533763,0.27779310569167137,0.011814907193183899,0.29537267312407495,0.20148861003108323,0.5,2.7351150512695312,9.95724158100545e-07,0.08958543983822043
8870,0.01938285231590271,0.05328020956367254,0.015480537712574006,0.38701345939189197,0.10475786104798317,0.6,2.433077096939087,9.957023126209236e-07,0.08968655207280081
8880,0.03157208785414696,0.22197128534317018,0.006956992298364639,0.19291770718991758,0.11237986341584474,0.6,1.2672832781390753e-05,9.956804117194683e-07,0.0897876643073812
8890,0.061286216229200365,0.2153000831604004,0.015382355451583863,0.4299129042774439,0.12228550480213016,0.7,0.0010701782302930951,9.95658455398628e-07,0.08988877654196158
8900,0.2422562140971422,0.14397884756326676,0.04416984915733337,1.0434711199253797,0.1504406415624544,0.6,0.4237028956413269,9.95636443660857e-07,0.08998988877654196
8910,0.19413007088005543,0.18624229691922664,0.003458641842007637,0.28560476563870907,0.1496410188032314,0.5,19.142799377441406,9.956143765086165e-07,0.09009100101112234
8920,0.01943121701478958,0.13025402836501598,0.013275127112865447,0.33187819868326185,0.11858612191863357,0.8,0.1284496784210205,9.955922539443738e-07,0.09019211324570273
8930,0.10116365104913712,0.10340323969721794,0.01726384460926056,0.4315960597246885,0.10899928759317845,0.7,2.359483187319711e-05,9.955700759706024e-07,0.09029322548028311
8940,0.028940589725971223,0.028101883083581924,0.005748492851853371,0.14371233507990838,0.10730243884027005,0.7,1.8566827774047852,9.955478425897814e-07,0.09039433771486349
8950,0.21432974338531494,0.390261410176754,0.014992524683475495,0.37481307573616507,0.14858668395318092,0.5,64.01856994628906,9.955255538043972e-07,0.09049544994944388
8960,0.029553144238889217,0.06465964438393712,-0.000883279088884592,0.08527073860168458,0.11692284557502716,0.7,6.168992058519507e-06,9.955032096169417e-07,0.09059656218402427
8970,0.3171835087239742,0.3712523803114891,0.020753055810928345,0.5188260238617659,0.15075242517050355,0.6,0.0008632712415419519,9.954808100299126e-07,0.09069767441860466
8980,0.08369026836007834,0.12732254341244698,0.007112660259008407,0.16765680834650992,0.15829428292345255,0.5,6.93037122800888e-07,9.954583550458146e-07,0.09079878665318504
8990,0.013886069133877754,0.38929282426834105,0.012676657736301422,0.3169165153056383,0.2041171562159434,0.5,7.924190867925063e-07,9.954358446671585e-07,0.09089989888776542
9000,0.1696179747581482,0.2188006281852722,0.017219336330890657,0.30977391470223664,0.0924910478759557,0.8,10.542013168334961,9.954132788964606e-07,0.0910010111223458
9010,-0.04597930759191513,0.1623525146394968,0.01295536756515503,0.32663067281246183,0.15767529115546494,0.6,8.16217607280123e-07,9.953906577362443e-07,0.09110212335692619
9020,0.0017086081206798553,0.01133458036929369,0.00529949851334095,0.1359223410487175,0.06730348377022892,0.8,2.061522224039436e-07,9.953679811890385e-07,0.09120323559150657
9030,0.1699031710624695,0.2760887060314417,0.01218845248222351,0.304711527377367,0.18054193216376008,0.4,12.008993148803711,9.953452492573785e-07,0.09130434782608696
9040,0.34064427614212034,0.5463787004351616,0.0007334527093917131,0.4409381791949272,0.19676214260980487,0.5,9.313010377809405e-05,9.95322461943806e-07,0.09140546006066734
9050,0.1870777329429984,0.23891920149326323,0.02074236571788788,0.5185588531196117,0.20415705086197705,0.5,5.522319497686112e-06,9.952996192508687e-07,0.09150657229524772
9060,0.05291568962857127,0.1695039954036474,0.009789735078811646,0.2647286655381322,0.15141192595474423,0.4,0.0016782006714493036,9.952767211811204e-07,0.0916076845298281
9070,-0.08867726512253285,0.2092276554554701,0.017492742836475374,0.4373188462108374,0.0831067139049992,0.7,0.030220696702599525,9.952537677371212e-07,0.09170879676440849
9080,0.08999010697007179,0.15409690961241723,0.019088637828826905,0.477215775847435,0.14811241964343935,0.5,8.076861381530762,9.952307589214378e-07,0.09180990899898887
9090,0.16264580925926567,0.2669039603322744,-0.009459182620048523,0.14943478032946586,0.1447065234882757,0.6,13.936979293823242,9.95207694736642e-07,0.09191102123356926
9100,0.1835402727127075,0.21349313259124755,0.01982974261045456,0.500300595909357,0.07368491550441832,0.8,12.978991508483887,9.95184575185313e-07,0.09201213346814964
9110,0.1289305567741394,0.07367460578680038,0.0089934803545475,0.22483726143836974,0.10114812231622636,0.7,0.0021149551030248404,9.951614002700358e-07,0.09211324570273004
9120,-0.11076332218945026,0.1077598486095667,0.002770541235804558,0.06926359161734581,0.09563496420159937,0.6,3.552354712610395e-07,9.951381699934007e-07,0.09221435793731042
9130,0.16381861139088869,0.14390644878149034,0.03330998718738556,0.8408136077225208,0.20353021160699428,0.4,0.10089471936225891,9.951148843580059e-07,0.0923154701718908
9140,-0.012967861071228982,0.1600243180990219,0.010991313308477402,0.27478277310729027,0.18670211359858513,0.5,0.00027190244873054326,9.950915433664541e-07,0.09241658240647119
9150,0.018477697228081524,0.03305390803143382,0.014066474139690399,0.38102514632046225,0.13585514738224447,0.7,1.1605908870697021,9.950681470213554e-07,0.09251769464105157
9160,0.08196319490671158,0.07318837344646453,0.005523179098963738,0.13807955309748648,0.10334595693275332,0.8,0.0007450319244526327,9.950446953253255e-07,0.09261880687563195
9170,-0.05680970326066017,0.2456920064985752,0.006182557716965675,0.1851243693381548,0.2093914893222973,0.3,10.572693824768066,9.950211882809862e-07,0.09271991911021234
9180,0.3842091143131256,0.30815797448158266,-0.008596858382225037,0.5526643555611372,0.1611737635685131,0.3,0.0035250154323875904,9.94997625890966e-07,0.09282103134479272
9190,0.1858455895446241,0.14597464967519044,-0.01607692092657089,0.1805981282144785,0.170147218904458,0.6,0.00033654391882009804,9.94974008157899e-07,0.0929221435793731
9200,-0.015198100358247757,0.2820805311203003,0.008767933398485184,0.2191984172910452,0.16961504584178327,0.7,9.875529289245605,9.949503350844263e-07,0.09302325581395349
9210,0.028885035030543803,0.06582394847646356,0.007192936539649963,0.17982366867363453,0.13882663524709643,0.6,9.559560775756836,9.949266066731938e-07,0.09312436804853387
9220,0.10333666205406189,0.18818679600954055,0.016624350845813752,0.41560862176120283,0.13766434781719,0.6,0.7464247345924377,9.94902822926855e-07,0.09322548028311425
9230,0.07208052948117256,0.07677682749927044,-0.0009990998543798924,0.044245225563645366,0.11509702824987471,0.6,0.0006617950857616961,9.948789838480692e-07,0.09332659251769464
9240,0.25016401931643484,0.3670711301267147,0.017848192155361174,0.446204699203372,0.12467741774162278,0.6,0.005979636684060097,9.948550894395013e-07,0.09342770475227502
9250,0.10590758919715881,0.1949675977230072,-0.006210753321647644,0.3087568449496757,0.11265518760774285,0.7,0.03293652832508087,9.94831139703823e-07,0.0935288169868554
9260,0.0598029226064682,0.17629455626010895,-0.0039921820163726805,0.20622375831007958,0.10611313988920301,0.6,1.1616270967351738e-05,9.948071346437118e-07,0.09362992922143579
9270,0.21018190681934357,0.12010394483804702,0.013477301597595215,0.3369327511638403,0.09661419664043933,0.8,0.135978102684021,9.947830742618522e-07,0.09373104145601618
9280,-0.0893977322615683,0.19955047629773617,0.011594973504543304,0.28987436965107916,0.20283640355337412,0.5,3.388021469116211,9.947589585609336e-07,0.09383215369059657
9290,-0.029802556708455087,0.10897371256724,0.005052847042679787,0.1337577249854803,0.15605237826239318,0.5,0.07120160758495331,9.947347875436523e-07,0.09393326592517695
9300,-0.03557170554995537,0.2154948577284813,0.008697394281625748,0.316889563947916,0.11809472539462149,0.6,1.9234115825383924e-05,9.947105612127112e-07,0.09403437815975733
9310,0.30995657183229924,0.5703782856464386,0.03753457963466644,0.938364353775978,0.2561030325014144,0.3,0.05802284926176071,9.946862795708183e-07,0.09413549039433772
9320,0.15008748918771744,0.17094362229108812,0.01525697261095047,0.3814243674278259,0.11799451294355094,0.6,0.03659785911440849,9.946619426206888e-07,0.0942366026289181
9330,0.22448495209100655,0.2468914809403941,0.01666511744260788,0.7272039882838726,0.1864642581436783,0.3,0.14282217621803284,9.946375503650437e-07,0.09433771486349848
9340,0.08170584468171001,0.22964981328696013,0.011975131928920746,0.2599593695253134,0.16678075375966728,0.5,14.52808666229248,9.9461310280661e-07,0.09443882709807887
9350,0.041668832674622534,0.13514163121581077,0.018207651376724244,0.4551911726593971,0.1618739593308419,0.6,0.009637068957090378,9.945885999481213e-07,0.09453993933265925
9360,0.2830015875399113,0.1617151876911521,8.992285002022982e-05,0.36762488931417464,0.09865002469159663,0.6,0.060695260763168335,9.945640417923168e-07,0.09464105156723963
9370,-0.02342533618211746,0.10121099501848221,0.014184100925922394,0.35492737628519533,0.10846727713942528,0.8,0.013911779969930649,9.945394283419424e-07,0.09474216380182002
9380,0.0882196456193924,0.08329124525189399,0.0023220937699079515,0.058052292466163634,0.13835303087253123,0.6,1.9777536392211914,9.945147595997498e-07,0.0948432760364004
9390,0.06814483962953091,0.1812540300190449,0.01760368049144745,0.4400919355452061,0.1431680091423914,0.5,1.1531662940979004,9.944900355684975e-07,0.09494438827098078
9400,0.16598029732704161,0.13427925407886504,0.008521125465631486,0.1700015041977167,0.08462460823357106,0.8,2.7227970349485986e-05,9.944652562509495e-07,0.09504550050556117
9410,0.15028031915426254,0.22521038800477983,0.014718446135520934,0.3679613932967186,0.1272056316724047,0.6,35.219722747802734,9.94440421649876e-07,0.09514661274014155
9420,-0.10348659753799438,0.22533907890319824,0.0016531461849808692,0.041328607872128484,0.09860318750143052,0.8,8.102371680251963e-07,9.944155317680542e-07,0.09524772497472195
9430,0.11946934424340724,0.19433984942734242,0.01544317752122879,0.3860797632485628,0.09697792967781424,0.6,0.0013151654275134206,9.943905866082665e-07,0.09534883720930233
9440,0.154041388630867,0.27570972591638565,0.02504783570766449,0.6261957727372647,0.15381155831273646,0.6,0.05312735587358475,9.943655861733017e-07,0.09544994944388271
9450,0.21927653402090072,0.14721085280179977,-0.0006618615239858628,0.29984522648155687,0.08683359501883388,0.7,3.1538681983947754,9.943405304659556e-07,0.0955510616784631
9460,0.2210070386528969,0.15718090534210205,-0.013773076236248016,0.27810036279261113,0.07901243148371577,0.6,0.056006528437137604,9.94315419489029e-07,0.09565217391304348
9470,0.31990911408138345,0.3706846265762579,0.046807309985160826,0.42431114576756956,0.22547592013143003,0.4,0.8924086093902588,9.942902532453296e-07,0.09575328614762386
9480,-0.0006679303012788295,0.0011948300525546074,0.00399414449930191,0.09985363483428955,0.0822247319854796,0.9,3.5023501254727307e-07,9.94265031737671e-07,0.09585439838220425
9490,-0.014158535376191139,0.01728392541408539,0.007140618562698364,0.1785155598074198,0.09287136469502003,0.8,6.724201284669107e-07,9.942397549688735e-07,0.09595551061678463
9500,0.09970734342932701,0.06079219132661819,0.01870415359735489,0.46760400384664536,0.05794643016997725,0.8,10.390142440795898,9.942144229417625e-07,0.09605662285136501
9510,0.06209481693804264,0.09783011805266142,0.01267101913690567,0.31677592284977435,0.1077134893508628,0.6,5.059963223175146e-05,9.941890356591709e-07,0.0961577350859454
9520,0.09862687140703201,0.29918970763683317,0.004013879224658012,0.25989422872662543,0.15085274770390242,0.6,0.00011423337127780542,9.941635931239367e-07,0.09625884732052578
9530,0.011021682433784008,0.03488309867680073,0.00799166113138199,0.19979151152074337,0.1739201727323234,0.6,5.112126350402832,9.941380953389046e-07,0.09635995955510616
9540,-0.03460577428340912,0.13437725342810153,0.01626952886581421,0.4067382074892521,0.12957898750901223,0.6,4.664190669245727e-07,9.941125423069255e-07,0.09646107178968655
9550,0.01198745146393776,0.030605629086494446,0.0034786351025104523,0.08696594052016735,0.08904777322895825,0.9,8.187159983208403e-05,9.94086934030856e-07,0.09656218402426693
9560,0.022499367501586674,0.14654686599969863,0.008803828805685043,0.23835945799946784,0.16618191971210763,0.6,0.008389429189264774,9.940612705135595e-07,0.09666329625884731
9570,0.14690735451877118,0.2014849826693535,0.010292451083660125,0.3157410629093647,0.14578110072761774,0.5,6.561980724334717,9.940355517579054e-07,0.09676440849342771
9580,0.03634282192215323,0.06007682792842388,0.00880686119198799,0.22017139792442322,0.14974318770691752,0.6,0.29642295837402344,9.940097777667689e-07,0.0968655207280081
9590,0.07245740741491317,0.07696926491335035,0.015874260663986207,0.39685649909079074,0.15070381127297877,0.7,1.1720491102096275e-06,9.939839485430317e-07,0.09696663296258848
9600,0.057945594936609265,0.07381611447781325,0.0060963653028011325,0.4126758322119713,0.16134175017941743,0.6,6.514631536447268e-07,9.939580640895816e-07,0.09706774519716886
9610,0.22848875373601912,0.33310959562659265,0.013532894849777221,0.33832240626215937,0.18949600593186916,0.3,0.00022145688126329333,9.93932124409313e-07,0.09716885743174924
9620,0.04807567074894905,0.13936578072607517,0.01536012887954712,0.3840030334889889,0.14970126920379698,0.5,3.657422951164335e-07,9.939061295051258e-07,0.09726996966632963
9630,-0.0046240963973104956,0.008528780116466805,0.00838247686624527,0.2095619525760412,0.13754774797707797,0.7,0.053287871181964874,9.938800793799262e-07,0.09737108190091001
9640,0.09804604351520538,0.06470785327255726,0.011936043947935104,0.29840123690664766,0.07454936171416193,0.8,5.493691921234131,9.93853974036627e-07,0.0974721941354904
9650,0.14347631036071107,0.27239891631761565,0.023853491246700286,0.5927576672285795,0.18018000754527747,0.3,18.52898597717285,9.938278134781466e-07,0.09757330637007078
9660,0.16580168008804322,0.2982843220233917,0.02846851944923401,0.724018388800323,0.17999436222016812,0.3,2.8032164573669434,9.9380159770741e-07,0.09767441860465116
9670,-0.01668321490287781,0.02984384000301361,0.008543401211500167,0.21358497366309165,0.07525333680678159,0.9,15.149397850036621,9.937753267273482e-07,0.09777553083923154
9680,0.2115342251956463,0.201230052113533,0.010493552684783936,0.4286869324743748,0.11588437696918845,0.4,1.6416274309158325,9.93749000540899e-07,0.09787664307381193
9690,-0.0152018703520298,0.20237055346369742,0.015350794792175293,0.24567531854845584,0.16039582148659975,0.7,0.001469857175834477,9.93722619151005e-07,0.09797775530839231
9700,0.10666008265689016,0.10527360439300537,0.005372437834739685,0.2589940007776022,0.1324643809115514,0.5,9.574800969858188e-07,9.936961825606158e-07,0.0980788675429727
9710,0.04958944618701935,0.22424092441797255,0.010958531498908996,0.27396314442157743,0.09566345294006169,0.8,0.033885858952999115,9.936696907726877e-07,0.09817997977755308
9720,0.19364297464489938,0.2643151104450226,-0.0039048030972480773,0.2780986901372671,0.14768128050491214,0.5,0.0005283423233777285,9.93643143790182e-07,0.09828109201213346
9730,0.015335267595946788,0.011580932885408401,0.013847272098064422,0.3461820960044861,0.0684409429319203,0.8,1.8792972564697266,9.936165416160673e-07,0.09838220424671386
9740,0.07107360027730465,0.10519217923283578,0.006056952476501465,0.44418691247701647,0.15939693849068134,0.5,3.813369767158292e-05,9.935898842533177e-07,0.09848331648129424
9750,0.04275479167699814,0.06815195530653,0.0077400244772434235,0.1935006469488144,0.1090781387872994,0.7,4.943900421494618e-05,9.935631717049133e-07,0.09858442871587463
9760,-0.04213536148890853,0.09135524109005928,0.011519336700439453,0.2879833109676838,0.19553276516962798,0.5,5.4508836910827085e-05,9.93536403973841e-07,0.09868554095045501
9770,0.08718198761343957,0.42533171474933623,0.010962903499603271,0.27407265938818454,0.21654837694950402,0.2,1.059760332107544,9.935095810630936e-07,0.09878665318503539
9780,-0.10461427569389344,0.22689379677176474,0.013624453544616699,0.3803116738796234,0.19345269828336314,0.4,2.498905269021634e-05,9.934827029756698e-07,0.09888776541961578
9790,0.13333046939224005,0.20266005024313927,0.009963446855545044,0.27657011337578297,0.2262043269816786,0.3,14.966174125671387,9.934557697145748e-07,0.09898887765419616
9800,0.20691572427749633,0.1542927272617817,0.016771072149276735,0.42992378808557985,0.16843944627325982,0.4,9.513361930847168,9.934287812828198e-07,0.09908998988877654
9810,-0.08522003572434186,0.14573378711938859,0.018460822105407716,0.46152069717645644,0.15271613190416247,0.6,0.126359760761261,9.934017376834225e-07,0.09919110212335693
9820,0.25204715989530085,0.24718808829784394,0.017252686619758605,0.4313173718750477,0.09844954579602927,0.6,6.213109031705244e-07,9.933746389194062e-07,0.09929221435793731
9830,0.014591480977833271,0.029414235055446623,0.005224405974149704,0.13061017952859402,0.12809717864729464,0.7,0.00078305893111974,9.933474849938006e-07,0.09939332659251769
9840,0.14425660576671362,0.15685599595308303,0.03471439480781555,0.8804693203419447,0.16578283791895956,0.4,9.32422161102295,9.93320275909642e-07,0.09949443882709808
9850,0.17438021972775458,0.22963084354996682,0.0054446224123239515,0.13611570112407206,0.16612502795178444,0.4,40.79680633544922,9.932930116699722e-07,0.09959555106167846
9860,0.07154714185744523,0.06956450492143632,0.01223168969154358,0.30579228326678276,0.13023548184428363,0.4,8.806541442871094,9.932656922778397e-07,0.09969666329625884
9870,0.13656483590602875,0.27854183614253997,0.011998026072978974,0.2581338379532099,0.1688194481888786,0.4,0.0027299164794385433,9.93238317736299e-07,0.09979777553083923
9880,0.011147874477319419,0.02646254515275359,0.006418132036924362,0.16045325733721255,0.11447242063004523,0.6,1.1628732181634405e-06,9.9321088804841e-07,0.09989888776541962
9890,0.014302891120314598,0.1766868382692337,0.008050489425659179,0.3095690492540598,0.14587273488286884,0.7,0.005280365236103535,9.931834032172404e-07,0.1
9900,0.23804499879479407,0.4491279378533363,0.021355228126049043,0.5338811706751585,0.1925861043855548,0.4,4.251763812135323e-07,9.931558632458625e-07,0.10010111223458039
9910,0.13527339398860933,0.12498646825551987,0.010564235597848892,0.26410579681396484,0.10757266147993505,0.8,4.454712867736816,9.931282681373556e-07,0.10020222446916077
9920,0.08226177468895912,0.11632393151521683,0.01068604364991188,0.288819482177496,0.12729653851129114,0.6,7.585761547088623,9.93100617894805e-07,0.10030333670374116
9930,0.17566405683755876,0.30905450135469437,0.08024292588233947,2.0060734301805496,0.17442396052647383,0.4,5.733031749725342,9.930729125213023e-07,0.10040444893832154
9940,-0.004589695483446121,0.08274256736040116,0.009800456464290619,0.24862826615571976,0.15200904314406216,0.7,1.2014566659927368,9.930451520199446e-07,0.10050556117290192
9950,0.08270215708762407,0.10657650306820869,0.008601346611976623,0.21503362767398357,0.1077680031536147,0.7,1.7732665583025664e-05,9.93017336393836e-07,0.1006066734074823
9960,0.05418799668550491,0.08202662244439125,0.016774553060531616,0.41936384737491605,0.12481462378054857,0.7,3.5227432250976562,9.929894656460865e-07,0.10070778564206269
9970,-0.04694124981760979,0.10385115370154381,0.026327604055404664,0.6647899180650712,0.12904715831391514,0.6,4.463461875915527,9.92961539779812e-07,0.10080889787664307
9980,0.1897698188200593,0.2821505781263113,0.007377461344003677,0.4043311469256878,0.2382696378743276,0.2,2.1307802200317383,9.929335587981346e-07,0.10091001011122346
9990,-0.08077716147527099,0.3217607242055237,0.03082258105278015,0.7704645509365946,0.17456018533557655,0.3,0.13028404116630554,9.929055227041831e-07,0.10101112234580384
10000,0.02363966964185238,0.1404622860252857,0.022952136397361756,0.5738034095615149,0.15422318601049484,0.5,1.3270196914672852,9.928774315010918e-07,0.10111223458038422
10010,0.08206887301057578,0.14053936377167703,0.014106060564517974,0.35100478641688826,0.17279230568092316,0.7,0.049800217151641846,9.928492851920014e-07,0.1012133468149646
10020,-0.02107008344028145,0.055315519310534,0.013613720238208771,0.3403432432562113,0.14645244183484465,0.6,5.369309405978129e-07,9.92821083780059e-07,0.10131445904954499
10030,0.40994814232108184,0.28462794322986157,0.11973143815994262,3.223913937062025,0.14056110386736692,0.3,0.0006254790932871401,9.927928272684173e-07,0.10141557128412539
10040,0.032271967828273775,0.12896641343832016,0.018058973550796508,0.4936798993498087,0.1251093493308872,0.6,1.959498405456543,9.927645156602361e-07,0.10151668351870577
10050,0.015221476554870605,0.23665723204612732,0.01998752951622009,0.4996875122189522,0.13724220376461743,0.7,0.010160611011087894,9.9273614895868e-07,0.10161779575328615
10060,0.1378411877900362,0.12198123261332512,0.020925241708755492,0.5231307670474052,0.16726803861092776,0.5,4.2363715171813965,9.927077271669212e-07,0.10171890798786654
10070,0.096814379747957,0.39557305837515744,0.02128392904996872,0.6171286299824714,0.1776796604739502,0.6,31.39927864074707,9.92679250288137e-07,0.10182002022244692
10080,0.1255554288625717,0.18457867428660393,-0.011573992669582367,0.24507953338325023,0.09778567967005074,0.8,3.841637953883037e-05,9.926507183255114e-07,0.1019211324570273
10090,0.1521695602685213,0.22195988297462463,0.007760382443666458,0.7289077024906874,0.13483528124634175,0.6,6.010566711425781,9.926221312822343e-07,0.10202224469160769
10100,0.37197752147912977,0.5680883511900902,0.02416188269853592,0.8202265504747629,0.1627386033302173,0.3,0.001564064878039062,9.925934891615019e-07,0.10212335692618807
10110,0.0,0.017949995398521424,0.026659852266311644,0.6664962410926819,0.11365719884634018,0.9,3.65555739402771,9.925647919665168e-07,0.10222446916076845
10120,0.15197959840297698,0.19730841144919395,0.022368483245372772,0.559211840853095,0.1818960449891165,0.5,2.031689405441284,9.925360397004871e-07,0.10232558139534884
10130,0.2766803233884275,0.2452265141531825,0.008892054855823516,0.3652744856663048,0.15376870245672764,0.3,9.895719995256513e-05,9.925072323666274e-07,0.10242669362992922
10140,0.12928060181438922,0.14601139929145573,0.023549123108386992,0.5887283403426409,0.14628066434524953,0.4,16.31037712097168,9.924783699681589e-07,0.1025278058645096
10150,0.21934408405795694,0.2515267706476152,0.06784439086914062,1.6961099676787854,0.18361584877129644,0.4,15.592704772949219,9.924494525083083e-07,0.10262891809908999
10160,0.11291518844664097,0.25356436222791673,0.019162853062152863,0.4790718764066696,0.20617472354788333,0.4,11.500953674316406,9.924204799903087e-07,0.10273003033367037
10170,-0.05240969881415367,0.0765463426709175,0.016976945102214813,0.4244237467646599,0.1392604356398806,0.7,6.363369464874268,9.923914524173993e-07,0.10283114256825075
10180,0.07281452678143978,0.21269260104745627,0.01337653249502182,0.33441373258829116,0.18600399526767433,0.4,0.38976994156837463,9.923623697928258e-07,0.10293225480283114
10190,0.008017374947667123,0.09942913204431533,0.012832994759082793,0.3208248056471348,0.1579980060691014,0.7,4.316197373555042e-05,9.923332321198394e-07,0.10303336703741153
10200,0.1382872387766838,0.1883280262351036,0.017749057710170747,0.4558991402387619,0.14992108303122223,0.6,15.664791107177734,9.923040394016981e-07,0.10313447927199192
10210,0.00734289139509201,0.06907913610339164,0.01151295006275177,0.2878237351775169,0.11824125718558207,0.6,2.374903678894043,9.92274791641666e-07,0.1032355915065723
10220,0.11020771116018295,0.08709802627563476,0.01259956806898117,0.3149890810251236,0.15396656773518771,0.6,7.583308843095438e-07,9.922454888430123e-07,0.10333670374115268
10230,0.24948454536497594,0.21695840060710908,0.023751962184906005,0.5937997471541167,0.14072378042619677,0.5,5.773691177368164,9.92216131009014e-07,0.10343781597573307
10240,0.3028797090053558,0.23361409902572633,0.01071711927652359,0.26792802959680556,0.10873809269396588,0.6,7.008832767496642e-07,9.92186718142953e-07,0.10353892821031345
10250,0.043903511762619016,0.03998907506465912,0.008062512427568436,0.2015628233551979,0.0928628298221156,0.9,1.067759694706183e-05,9.921572502481181e-07,0.10364004044489383
10260,0.21327865570783616,0.4629088118672371,0.009876390546560287,0.5397217705845833,0.2080925876274705,0.5,0.0014641131274402142,9.921277273278038e-07,0.10374115267947422
10270,-0.04710061887744814,0.18482856024056674,0.015670959651470185,0.39911463130265473,0.2167949777795002,0.4,0.9264487028121948,9.920981493853108e-07,0.1038422649140546
10280,0.08995468392968178,0.06197684220969677,0.01418582946062088,0.354645774140954,0.1268154239980504,0.7,2.6479711532592773,9.920685164239463e-07,0.10394337714863498
10290,0.06517207529395819,0.09261959604918957,0.01636846661567688,0.6164193674921989,0.14252809083554893,0.6,2.8864119052886963,9.920388284470231e-07,0.10404448938321537
10300,0.09054482467472554,0.07893747463822365,0.008592941612005234,0.2148238193243742,0.09141142717562616,0.6,4.384673595428467,9.92009085457861e-07,0.10414560161779575
10310,0.21842630803585053,0.13490277528762817,0.005261711776256561,0.48341826163232327,0.1317626179428771,0.6,0.002896899124607444,9.919792874597844e-07,0.10424671385237613
10320,0.0069003614597022535,0.02626582784578204,0.010578828305006028,0.244612006098032,0.1431374768028036,0.7,0.8664929270744324,9.91949434456126e-07,0.10434782608695652
10330,0.0528831958770752,0.23847977072000504,0.014120462536811828,0.3530117623507977,0.13283756012097,0.6,4.352859020233154,9.919195264502229e-07,0.1044489383215369
10340,-0.11368217244744301,0.16234284397214652,0.011429418623447419,0.2857354115694761,0.178589877509512,0.5,5.49158642115799e-07,9.918895634454188e-07,0.1045500505561173
10350,0.10741564780473709,0.165255668759346,0.011701991409063339,0.3161932919174433,0.14124602240044623,0.6,0.0006634693709202111,9.91859545445064e-07,0.10465116279069768
10360,-0.18828301951289178,0.10413659438490867,0.0011893088929355144,0.029754414036870003,0.1204528735484928,0.7,1.0359660791436909e-06,9.918294724525148e-07,0.10475227502527806
10370,0.11060312017798424,0.3495647296309471,0.0177143931388855,0.44273442302364857,0.21260272294748575,0.4,13.529311180114746,9.917993444711332e-07,0.10485338725985845
10380,-0.04473224375396967,0.11616498096846044,0.010175734758377075,0.2586427744477987,0.1708874618401751,0.5,4.496196652326034e-06,9.917691615042876e-07,0.10495449949443883
10390,0.1042644901201129,0.20470857340842485,0.01652762442827225,0.4188019592314959,0.12987598865292965,0.6,0.1874784678220749,9.917389235553532e-07,0.10505561172901921
10400,0.16528941858559848,0.20881795771420003,0.02315368354320526,0.5788423646241426,0.1603960735956207,0.5,7.49472965253517e-05,9.917086306277098e-07,0.1051567239635996
10410,0.26889395983889697,0.2147347627207637,0.05677370429039001,1.419342652708292,0.14243848188780248,0.6,9.29054069519043,9.916782827247449e-07,0.10525783619817998
10420,0.046968608349561694,0.24847028851509095,0.03160823583602905,0.730319757759571,0.1605419026920572,0.5,0.05427529662847519,9.916478798498513e-07,0.10535894843276036
10430,0.003171704895794392,0.2102741165086627,0.014541493356227874,0.3635375823825598,0.20096504462417214,0.5,17.85828399658203,9.916174220064286e-07,0.10546006066734075
10440,0.037352636270225045,0.031174104975070803,0.010590489953756332,0.26476229168474674,0.08206271626986564,0.7,9.69902248471044e-06,9.915869091978815e-07,0.10556117290192113
10450,-0.04687441056594253,0.10576566681265831,0.013138695061206818,0.3284673638641834,0.16200071608182043,0.6,3.090632200241089,9.91556341427622e-07,0.10566228513650151
10460,0.04042168017476797,0.4462885394692421,0.022286441922187806,0.6622410722076892,0.22499500000849365,0.4,33.386295318603516,9.915257186990676e-07,0.1057633973710819
10470,0.19677562341094018,0.19689144119620322,0.018097372353076936,0.4524345722049475,0.12838508146815003,0.6,6.990020438024658e-07,9.914950410156418e-07,0.10586450960566228
10480,0.08327017761766911,0.33376806452870367,0.028863748908042906,0.721593702211976,0.20086372937075794,0.4,2.913504123687744,9.914643083807748e-07,0.10596562184024266
10490,0.054674864187836646,0.31314462311565877,0.026612702012062072,0.6653177738189697,0.18828181198332458,0.5,18.160640716552734,9.914335207979025e-07,0.10606673407482306
10500,0.03841555193066597,0.11255639307200908,0.022994513809680938,0.5748629987239837,0.1486333241686225,0.5,7.27738094329834,9.914026782704673e-07,0.10616784630940344
10510,0.20839006956666709,0.39543933905661105,0.0005480743944644928,0.6563518773764372,0.16715728263370694,0.5,40.03984832763672,9.91371780801917e-07,0.10626895854398383
10520,0.22550533041357995,0.42810558825731276,0.027554473280906676,0.688862033188343,0.15992169750388713,0.4,8.978447914123535,9.913408283957067e-07,0.10637007077856421
10530,0.06859969720244408,0.13012282084673643,0.031090739369392394,0.782717315852642,0.1598300799494609,0.5,2.412009962426964e-06,9.913098210552967e-07,0.1064711830131446
10540,-0.006637071818113327,0.0926351599395275,0.034979712963104245,0.8744926512241363,0.12568312708754092,0.5,10.545100212097168,9.91278758784154e-07,0.10657229524772498
10550,0.004116576537489891,0.03374588489532471,0.012496604770421981,0.31241513732820747,0.10051534767262638,0.9,0.0002959458506666124,9.912476415857513e-07,0.10667340748230536
10560,0.11414414495229722,0.07697175592184066,0.016117776930332183,0.44313386753201484,0.09109402371104806,0.7,0.007908664643764496,9.912164694635676e-07,0.10677451971688574
10570,0.16092955991625785,0.16024065464735032,0.008066769689321518,0.2016693390905857,0.11622976809740067,0.7,0.00046241548261605203,9.911852424210884e-07,0.10687563195146613
10580,-0.0867957682814449,0.3571891463827342,0.030241125822067262,0.7630685437470675,0.21214466607198118,0.3,11.666132926940918,9.911539604618047e-07,0.10697674418604651
10590,-0.08982291594147682,0.15171724259853364,0.0152931809425354,0.38232953697443006,0.14268765111919493,0.7,6.7064900398254395,9.91122623589214e-07,0.1070778564206269
10600,0.02899232767522335,0.19920011833310128,0.02104915529489517,0.4594079278409481,0.2462026684777811,0.4,5.558725833892822,9.910912318068203e-07,0.10717896865520728
10610,0.08741537975147366,0.21010892670601605,0.023807501792907713,0.6474709331989288,0.19995360204484314,0.5,1.008401870727539,9.910597851181328e-07,0.10728008088978766
10620,0.021020612446591258,0.1269404711201787,0.0325867623090744,0.8146688852459192,0.20159306616988032,0.3,6.08981872574077e-06,9.910282835266676e-07,0.10738119312436804
10630,0.021796552836894988,0.015323037281632423,0.019409216940402985,0.4852303292602301,0.10572144153993576,0.8,8.315210493492486e-07,9.909967270359468e-07,0.10748230535894843
10640,0.21845365390181543,0.4331717200577259,0.01915220320224762,0.47880506329238415,0.19443614666815848,0.4,11.059051513671875,9.909651156494986e-07,0.10758341759352881
10650,0.2531496467068791,0.5235330998897553,0.014647464454174041,0.3661867413669825,0.20497971947770566,0.4,0.11957263201475143,9.909334493708573e-07,0.10768452982810921
10660,0.2135801889002323,0.14352436624467374,0.014610522985458374,0.43571288995444774,0.19454658061731606,0.3,0.0005785892135463655,9.90901728203563e-07,0.10778564206268959
10670,0.12014497928321362,0.14600830301642417,0.015110301971435546,0.3777575891464949,0.1352363672107458,0.4,4.766891956329346,9.908699521511627e-07,0.10788675429726997
10680,0.03275751918554306,0.35313446819782257,0.03010687232017517,0.7526718970388174,0.2231524630682543,0.2,34.59480667114258,9.90838121217209e-07,0.10798786653185036
10690,0.16643488854169847,0.27141611091792583,0.003617780655622482,0.5114731438457966,0.15914033593144267,0.5,1.631475806236267,9.908062354052605e-07,0.10808897876643074
10700,0.20080670304596424,0.3176306217908859,0.017043600976467132,0.4260904088616371,0.1859156264225021,0.6,3.0586270440835506e-05,9.907742947188826e-07,0.10819009100101112
10710,0.16095006614923477,0.447834649682045,0.0182396337389946,0.4559916857630014,0.17902709387708454,0.4,22.715816497802734,9.90742299161646e-07,0.10829120323559151
10720,0.31855712896212934,0.35633420108351854,0.050699108839035036,1.2449718099087477,0.2653187012299895,0.1,17.38913917541504,9.907102487371283e-07,0.10839231547017189
10730,-0.10410811863839627,0.27609770447015763,0.01685207486152649,0.41506300754845143,0.22621723166666924,0.3,5.068981647491455,9.906781434489125e-07,0.10849342770475227
10740,0.2560051456093788,0.20036810040473937,-0.008436140418052674,0.3711016923189163,0.13103594479616731,0.6,0.7117576599121094,9.906459833005888e-07,0.10859453993933266
10750,0.06494357604533434,0.17354652099311352,0.04523062109947205,1.1307655267417431,0.22856331483926623,0.3,10.95538330078125,9.90613768295752e-07,0.10869565217391304
10760,0.30666207037866117,0.3249150954186916,0.022443760931491853,0.9145622380077839,0.15117451359983533,0.5,9.517613648313272e-07,9.905814984380044e-07,0.10879676440849342
10770,0.018963126838207243,0.014142682030797004,0.012634478509426117,0.3158067962154746,0.1152360707288608,0.8,2.8081538403057493e-05,9.905491737309541e-07,0.10889787664307381
10780,0.08450922556221485,0.2577605441212654,0.018144993484020232,0.35784475430846213,0.13175799287855625,0.7,2.047668218612671,9.905167941782147e-07,0.10899898887765419
10790,0.16989435404539108,0.18182673063129187,0.014744405448436738,0.3636698625981808,0.16329242968931795,0.5,4.673793315887451,9.904843597834064e-07,0.10910010111223457
10800,0.19569286350160836,0.21892368607223034,0.0254672110080719,0.6366806652396917,0.1552668163087219,0.4,0.00010678794933483005,9.904518705501557e-07,0.10920121334681497
10810,0.2658251946792006,0.3258309308439493,0.020659245550632477,0.5241673585027457,0.20809248336590827,0.2,10.570635795593262,9.90419326482095e-07,0.10930232558139535
10820,0.1897318631410599,0.12852084040641784,0.041170480847358706,1.0292616669088601,0.09204111562576145,0.7,4.513614654541016,9.903867275828632e-07,0.10940343781597574
10830,0.3323271231725812,0.2856801196932793,0.049638471007347106,1.240961517766118,0.18074405428487808,0.2,6.076009526623238e-07,9.903540738561045e-07,0.10950455005055612
10840,0.11343299001455306,0.2460538014769554,0.02102537453174591,0.5256342623382807,0.1573932042112574,0.3,5.481272220611572,9.9032136530547e-07,0.1096056622851365
10850,0.08934780973941088,0.2972102515399456,0.023227818310260773,0.6010091297328473,0.22318843493703752,0.2,0.012873473577201366,9.902886019346167e-07,0.10970677451971689
10860,0.05628802105784416,0.16843382641673088,0.01601470708847046,0.40279243141412735,0.2050644404720515,0.5,4.714975833892822,9.902557837472074e-07,0.10980788675429727
10870,0.030964684193895663,0.27391945643757937,0.019426840543746948,0.6042058002203703,0.2442738829413429,0.1,6.68182897567749,9.902229107469115e-07,0.10990899898887765
10880,0.08363827168941498,0.23399548307061196,0.03203825652599335,0.8009564314037562,0.26259458714630457,0.2,7.021998405456543,9.901899829374047e-07,0.11001011122345804
10890,0.2536861032247543,0.2833811279386282,0.03271390497684479,0.8204412456601858,0.22759481184184552,0.3,1.3375509977340698,9.90157000322368e-07,0.11011122345803842
10900,0.08201254345476627,0.2978092426434159,0.01565488874912262,0.39137233830988405,0.20407156532164664,0.4,8.759155889492831e-07,9.901239629054892e-07,0.1102123356926188
10910,0.13693028851412237,0.293390797264874,0.023730720579624175,0.593268197402358,0.20067060731817038,0.4,8.405251605836384e-07,9.90090870690462e-07,0.11031344792719919
10920,0.1491351455450058,0.19150960333645345,0.018018826842308044,0.551737368479371,0.1724114853190258,0.3,0.13873319327831268,9.900577236809864e-07,0.11041456016177957
10930,0.015126299858093262,0.13531313240528106,0.012791737914085388,0.3197931688278913,0.1256168757332489,0.7,6.610188847844256e-06,9.900245218807681e-07,0.11051567239635995
10940,-0.0015786826610565186,0.05299823731184006,0.0031732738018035887,0.07933188006281852,0.1034270660020411,0.8,5.440344333648682,9.899912652935196e-07,0.11061678463094034
10950,-0.004105520434677601,0.08607886666432023,0.018805599212646483,0.4780965931713581,0.14756850490812212,0.6,1.2733080438920297e-06,9.89957953922959e-07,0.11071789686552073
10960,0.3761844724416733,0.2621538981795311,-0.0007421076763421298,0.5322789080440998,0.10712590080220252,0.4,0.09200441837310791,9.899245877728104e-07,0.11081900910010112
10970,0.16780044548213482,0.41452814973890784,0.011789929121732712,0.6887351043522358,0.2677637423854321,0.1,13.21411418914795,9.898911668468046e-07,0.1109201213346815
10980,0.1264897528621077,0.1702947841025889,0.03619255721569061,0.9096247736364603,0.16395153827033937,0.4,0.012328854762017727,9.89857691148678e-07,0.11102123356926188
10990,0.21451258212327956,0.14090144149959088,0.026599937677383424,0.643256402388215,0.12744370439322666,0.5,0.21419945359230042,9.898241606821737e-07,0.11112234580384227
11000,-0.019338221848011018,0.1602403361350298,0.033534896373748777,0.8383725982159376,0.16100808850023896,0.6,7.660751180083025e-07,9.8979057545104e-07,0.11122345803842265
11010,0.18892910480499267,0.19610652402043344,0.006689751893281937,0.16724411137402057,0.12511737090535463,0.6,6.03428840637207,9.897569354590326e-07,0.11132457027300303
11020,0.18541980013251305,0.2543020829558372,0.010454690456390381,0.6630524843931198,0.160477309464477,0.5,0.007976986467838287,9.89723240709912e-07,0.11142568250758342
11030,0.06593697499483823,0.3068830221891403,0.02457350641489029,0.6678016547113657,0.20125634223222733,0.2,3.350874185562134,9.896894912074455e-07,0.1115267947421638
11040,0.17680126059567555,0.1283940328285098,0.024059908092021944,0.6031901080161333,0.1665817233501002,0.4,5.140323082741816e-07,9.896556869554068e-07,0.11162790697674418
11050,0.12786063998937608,0.20241295397281647,0.007749529182910919,0.19373820312321186,0.14147708893287927,0.6,4.414950370788574,9.89621827957575e-07,0.11172901921132457
11060,0.4365820735692978,0.3543960601091385,0.032227417826652525,0.8056852892041206,0.14502926107961683,0.5,3.938065528869629,9.89587914217736e-07,0.11183013144590495
11070,-0.008935257280245423,0.09456517500802875,0.026508063077926636,0.6153316907584667,0.20178375483956187,0.5,8.626337051391602,9.895539457396814e-07,0.11193124368048533
11080,-0.08188310749828816,0.10239779502153397,0.01841161400079727,0.46029071435332297,0.15364461948629468,0.7,5.288871765136719,9.895199225272088e-07,0.11203235591506572
11090,0.21519965007901193,0.29325034879148004,0.019342438876628877,0.4835610996931791,0.1884408657439053,0.4,1.1288528442382812,9.894858445841225e-07,0.1121334681496461
11100,0.01944185495376587,0.07776741981506348,0.004216261953115463,0.10540669597685337,0.0827552866190672,0.9,2.274186772410758e-05,9.894517119142326e-07,0.1122345803842265
11110,0.07108207605779171,0.11479422450065613,0.011298605799674987,0.2824652899056673,0.12555300612002612,0.6,0.0013721272116526961,9.89417524521355e-07,0.11233569261880688
11120,0.02448086831718683,0.0945952795445919,0.007696782052516937,0.19241966418921946,0.12347496589645743,0.7,3.6178454365654034e-07,9.89383282409312e-07,0.11243680485338726
11130,0.40108455503359436,0.3790647409856319,0.04516262710094452,1.1899908630177378,0.17874778732657431,0.3,24.989028930664062,9.893489855819323e-07,0.11253791708796765
11140,0.11105365753173828,0.11479201167821884,0.01307617872953415,0.491075324639678,0.1286489252001047,0.4,0.33116620779037476,9.893146340430502e-07,0.11263902932254803
11150,0.14134540855884553,0.1338782340288162,0.01783923655748367,0.6089734941720962,0.10437647900544107,0.6,5.328112138158758e-07,9.892802277965067e-07,0.11274014155712841
11160,0.13216520771384238,0.21921348124742507,0.03559276461601257,0.9364551335573197,0.21653408957645298,0.4,3.4314839839935303,9.892457668461482e-07,0.1128412537917088
11170,0.18002945557236671,0.24956294894218445,0.009339748322963715,0.34399290680885314,0.16022390592843294,0.4,3.279448890225467e-07,9.89211251195828e-07,0.11294236602628918
11180,0.1389161515980959,0.18286359645426273,0.022634512186050414,0.5422643439378589,0.2099397652549669,0.5,0.00020560548000503331,9.891766808494043e-07,0.11304347826086956
11190,-0.024620835855603217,0.05841774605214596,0.01187051385641098,0.2967628639191389,0.13309938667807727,0.7,2.6197387796855764e-06,9.891420558107433e-07,0.11314459049544995
11200,0.11695065759122372,0.1302419213578105,0.013245227932929992,0.3538360416889191,0.17545493466313927,0.4,2.301538870597142e-06,9.891073760837157e-07,0.11324570273003033
11210,0.05116846519522369,0.14310917565599085,0.004752505570650101,0.2121483523398638,0.2722884665708989,0.2,6.140286359368474e-07,9.890726416721985e-07,0.11334681496461071
11220,0.09875642843544483,0.20192021913826466,0.015722955763339996,0.3925224688835442,0.1476677261525765,0.4,5.658125132868008e-07,9.89037852580076e-07,0.1134479271991911
11230,0.0823386071715504,0.10450555975548922,0.004641097784042358,0.11602745614945889,0.18859145052265375,0.5,0.4513471722602844,9.890030088112372e-07,0.11354903943377148
11240,0.034453637152910235,0.14018959254026414,0.009487470984458924,0.23718687407672406,0.18012621940579265,0.5,15.274195671081543,9.889681103695778e-07,0.11365015166835186
11250,0.027784980088472366,0.0478927381336689,0.0067341230809688565,0.16835331544280052,0.0827387755154632,0.8,0.00013559551734942943,9.889331572589999e-07,0.11375126390293225
11260,0.020457367599010467,0.11231164708733558,0.006660928577184677,0.208080518245697,0.1114220003131777,0.6,1.9657877683639526,9.888981494834112e-07,0.11385237613751265
11270,0.16813642034539952,0.21674314951524137,0.020069466531276704,0.5133800022304058,0.19001615247689188,0.4,36.33026123046875,9.888630870467255e-07,0.11395348837209303
11280,0.015611253678798676,0.027926260232925416,0.010948513448238373,0.2737018622457981,0.09338702613022179,0.9,0.009086055681109428,9.888279699528637e-07,0.11405460060667341
11290,0.1384674796834588,0.19064874891191722,0.018632076680660248,0.4707845603406895,0.16144859662745148,0.6,2.7229907573200762e-06,9.887927982057514e-07,0.1141557128412538
11300,-0.03705507037229836,0.21556766144931316,0.02772086262702942,0.6930534072220326,0.2038542583817616,0.4,4.85248665427207e-06,9.887575718093212e-07,0.11425682507583418
11310,0.3282913114875555,0.3447374925017357,0.01810765713453293,0.46879136599600313,0.15309951852541417,0.5,4.129156513954513e-05,9.887222907675115e-07,0.11435793731041456
11320,-0.02862137332558632,0.11256468296051025,0.016767615079879762,0.4191901758313179,0.10854156583081931,0.6,2.2692861421091948e-06,9.886869550842668e-07,0.11445904954499495
11330,0.29640780091285707,0.2936115778982639,-0.012861044704914093,0.2701208321377635,0.1747065433766693,0.5,0.0007231063791550696,9.886515647635384e-07,0.11456016177957533
11340,0.13098237067461013,0.1510232776403427,0.01107541173696518,0.2768855530768633,0.11334121903637424,0.7,5.133222579956055,9.88616119809282e-07,0.11466127401415571
11350,0.01079762652516365,0.19121650010347366,0.017896971106529234,0.44742445684969423,0.1861082782037556,0.6,1.8500492572784424,9.885806202254615e-07,0.1147623862487361
11360,-0.022182931564748286,0.022608697554096578,0.011066548526287079,0.2766636908054352,0.13287500967271626,0.7,0.19117633998394012,9.885450660160455e-07,0.11486349848331648
11370,0.12179525345563888,0.16967066749930382,0.02601151168346405,0.6734165258705616,0.15299315142910927,0.5,0.06820513308048248,9.88509457185009e-07,0.11496461071789686
11380,0.12870725952088832,0.16339147239923477,0.0159819558262825,0.39954910390079024,0.1494669918436557,0.6,0.10742433369159698,9.884737937363336e-07,0.11506572295247725
11390,0.06723597757518292,0.33667061626911166,0.011037781089544296,0.27594483345746995,0.17667594086378813,0.3,0.6969707608222961,9.884380756740064e-07,0.11516683518705763
11400,0.046253218618221584,0.055199356353841725,0.003862452879548073,0.09656147286295891,0.1110432805493474,0.7,1.1353220088494709e-06,9.88402303002021e-07,0.11526794742163801
11410,0.0643623299896717,0.08466680347919464,0.008651751279830932,0.21629369743168353,0.11841537524014711,0.7,5.540424581340631e-07,9.883664757243766e-07,0.11536905965621841
11420,0.067092065513134,0.3469084039330482,0.01133292019367218,0.2833231832832098,0.17310657335910945,0.5,4.060662269592285,9.883305938450793e-07,0.11547017189079879
11430,0.03169574588537216,0.04209513515233994,0.03304043412208557,0.8260111324489117,0.11059649295639247,0.8,1.087519308384799e-06,9.882946573681406e-07,0.11557128412537918
11440,0.11241221278905869,0.1981705728918314,0.02019493281841278,0.5048731327056885,0.19331213762052357,0.5,1.08407723903656,9.882586662975785e-07,0.11567239635995956
11450,0.24189266413450242,0.3778357207775116,0.025658684968948364,0.6414673238992691,0.14539721505716444,0.6,5.395022869110107,9.882226206374169e-07,0.11577350859453994
11460,0.30305964797735213,0.24254014492034912,0.02463512122631073,0.6158780217170715,0.12109838009346277,0.6,17.847200393676758,9.881865203916858e-07,0.11587462082912033
11470,0.20099130645394325,0.14793715914711356,0.021337197721004487,0.5334295921027661,0.16114454492926597,0.5,4.802653279512015e-07,9.881503655644214e-07,0.11597573306370071
11480,0.1406933706253767,0.1321683406829834,0.019702316820621492,0.48392157033085825,0.12730898034060373,0.7,0.005126155447214842,9.881141561596661e-07,0.11607684529828109
11490,0.0318513885140419,0.0999105665832758,0.02402726709842682,0.6006820250302554,0.14064430594444274,0.7,0.0009169299737550318,9.88077892181468e-07,0.11617795753286148
11500,0.13910224437713622,0.2621395796537399,0.025478169322013855,0.6369540229439735,0.20640898027922958,0.4,3.1931207180023193,9.880415736338822e-07,0.11627906976744186
11510,0.13058996498584746,0.17411425784230233,0.008578434586524963,0.4598757442086935,0.14016818648669868,0.6,1.0539304184931098e-06,9.880052005209688e-07,0.11638018200202224
11520,0.0003923814743757248,0.05800043772906065,0.01702481508255005,0.4315490987151861,0.12016455926932394,0.7,23.840476989746094,9.879687728467944e-07,0.11648129423660263
11530,0.0056813620030879974,0.007328736782073975,0.010218653082847595,0.2554664023220539,0.09326900655869394,0.9,0.03714539483189583,9.879322906154318e-07,0.11658240647118301
11540,-0.050742940153577366,0.16395852757850662,0.023859797418117522,0.8126331157982349,0.1824313733493909,0.4,5.481867790222168,9.878957538309603e-07,0.11668351870576339
11550,0.008185162767767906,0.1361857413314283,0.024834509193897247,0.7183925053104758,0.22842386956326663,0.4,3.962053060531616,9.878591624974646e-07,0.11678463094034378
11560,0.10155659019947053,0.07746085152029991,0.012054990977048874,0.3013746291399002,0.09585522307315841,0.7,7.745384209556505e-07,9.878225166190356e-07,0.11688574317492417
11570,0.24996791929006576,0.29984417408704755,0.008276531100273132,0.20689786020666362,0.13549179738620296,0.7,4.2279961576241476e-07,9.87785816199771e-07,0.11698685540950456
11580,0.13619915023446083,0.23247063308954238,0.01502557545900345,0.3748318476602435,0.1547962182899937,0.6,5.47990282484534e-07,9.877490612437736e-07,0.11708796764408494
11590,0.00203915536403656,0.04451702237129211,0.006065177917480469,0.15162954516708851,0.1123100761556998,0.8,0.00012048268399666995,9.87712251755153e-07,0.11718907987866532
11600,-0.0302945064031519,0.15912428749725221,0.023250633478164674,0.37354910746216774,0.12220954741351306,0.7,36.69760513305664,9.876753877380243e-07,0.1172901921132457
11610,0.10091813206672669,0.18406969606876372,0.015452849864959716,0.38632153533399105,0.13737620583269744,0.7,3.23654842376709,9.876384691965095e-07,0.11739130434782609
11620,0.17348467893898487,0.1562971740961075,0.015166370570659638,0.35591830834746363,0.1534170425729826,0.6,7.206958293914795,9.876014961347363e-07,0.11749241658240647
11630,-0.0063250228762626644,0.15495641082525252,0.01432695984840393,0.45867371596395967,0.15083643656689674,0.5,23.206893920898438,9.875644685568381e-07,0.11759352881698686
11640,0.09417222291231156,0.13172138929367067,0.01640855669975281,0.41021413803100587,0.13158382545225322,0.8,0.021257130429148674,9.875273864669552e-07,0.11769464105156724
11650,-0.0741549697238952,0.22907873122021555,0.010193787515163422,0.23782300017774105,0.1920564884087071,0.5,0.5296247005462646,9.87490249869233e-07,0.11779575328614762
11660,0.011230419483035802,0.17887569626327604,0.020207923650741578,0.5051980003714561,0.23176520648412408,0.2,2.7850725650787354,9.87453058767824e-07,0.117896865520728
11670,0.4314208522439003,0.48539905846118925,0.1549830913543701,3.95880689509213,0.1483343845233321,0.5,0.015807796269655228,9.874158131668862e-07,0.11799797775530839
11680,0.2391590390354395,0.23078663349151612,0.03809289634227753,0.9523227162659168,0.1410365447634831,0.3,1.3539438247680664,9.873785130705838e-07,0.11809908998988877
11690,-0.03795212805271149,0.10470849946141243,0.013478083908557892,0.4136170741170645,0.15212331356015057,0.7,15.3671875,9.87341158483087e-07,0.11820020222446916
11700,0.02776214461773634,0.1563468374311924,0.02492985427379608,0.6232461560517549,0.16206595932599158,0.4,2.3393056380882626e-06,9.873037494085727e-07,0.11830131445904954
11710,0.376355305314064,0.2229020908474922,0.0301247775554657,0.7531193654984236,0.14325008327141403,0.6,5.750143259319884e-07,9.872662858512228e-07,0.11840242669362992
11720,0.023112688958644868,0.06028154194355011,0.020429645478725434,0.6181487690657377,0.15363036596681923,0.6,0.24394403398036957,9.872287678152263e-07,0.11850353892821032
11730,0.2863383173942566,0.3197284143418074,0.03329942226409912,0.8324859444051981,0.14483791890088468,0.4,1.501835823059082,9.871911953047777e-07,0.1186046511627907
11740,0.14327530041337014,0.09950915724039078,0.016070547699928283,0.6818205125629901,0.1560118869645521,0.6,1.8678332708077505e-05,9.87153568324078e-07,0.11870576339737109
11750,-0.04994597285985947,0.18282251954078674,0.02055462896823883,0.5138657215982676,0.2079762147506699,0.5,0.03220124915242195,9.871158868773337e-07,0.11880687563195147
11760,0.14959745090454818,0.2657409280538559,0.014999106526374817,0.4531030900776386,0.19928592743817716,0.4,2.96576189994812,9.87078150968758e-07,0.11890798786653185
11770,0.07534666657447815,0.16686681881546975,0.034139427542686465,0.8534862242639065,0.17446151233743876,0.5,6.0460773966042325e-05,9.8704036060257e-07,0.11900910010111224
11780,0.17157902717590331,0.1891912005841732,0.006254100054502487,0.46365595534443854,0.12897640191949905,0.6,7.002858524174371e-07,9.870025157829947e-07,0.11911021233569262
11790,0.13602898139506578,0.1930378559976816,0.01792430579662323,0.44810770116746423,0.19956285539083182,0.3,14.51682186126709,9.869646165142636e-07,0.119211324570273
11800,0.22042627506889403,0.21277737389318646,0.02926292419433594,0.7315731152892113,0.13464456216897816,0.4,0.00012391150812618434,9.869266628006136e-07,0.11931243680485339
11810,-0.009108469799684826,0.09396413587382994,0.02735321521759033,0.6802228581160307,0.22243788635823875,0.3,3.2423155307769775,9.868886546462884e-07,0.11941354903943377
11820,0.1419574037194252,0.14246562570333482,0.01594737470149994,0.4012742418795824,0.12682324065826833,0.6,8.769221153670514e-07,9.868505920555374e-07,0.11951466127401415
11830,0.14055682606995107,0.24136510267853736,0.031099775433540346,0.7913625076413154,0.18980285035213457,0.5,4.0572190284729,9.868124750326161e-07,0.11961577350859454
11840,0.34838911443948745,0.37473134547472,0.04020337164402008,0.948653918877244,0.15896424965467304,0.4,16.539897918701172,9.867743035817864e-07,0.11971688574317492
11850,0.06489524021744728,0.20418355464935303,0.015712046623229982,0.3928009744733572,0.17235043477267026,0.6,9.820289506023983e-07,9.867360777073158e-07,0.1198179979777553
11860,-0.01917001008987427,0.05832486152648926,0.010844608396291732,0.4106620989739895,0.10869564053136856,0.8,0.07806675881147385,9.866977974134783e-07,0.11991911021233569
11870,0.20692692864686252,0.15970330610871314,0.020894236862659454,0.5223565321415663,0.15469617035705596,0.6,0.03321586921811104,9.866594627045537e-07,0.12002022244691608
11880,0.23730916660279036,0.2482031992636621,0.04505177140235901,1.1454011503607036,0.12409164864802733,0.4,0.9160856008529663,9.866210735848279e-07,0.12012133468149647
11890,0.008399875462055206,0.08744291514158249,0.008924657851457596,0.2853453703224659,0.15085856893565505,0.7,7.33495880922419e-07,9.865826300585932e-07,0.12022244691607685
11900,-0.0038194209337234497,0.2665021300315857,0.007693403959274292,0.19466551952064037,0.13301476009655744,0.7,6.706306976411724e-07,9.865441321301477e-07,0.12032355915065723
11910,0.24699474489316345,0.15776054970920086,0.02064691632986069,0.5161731112748384,0.16524081169627608,0.5,5.232349872589111,9.865055798037955e-07,0.12042467138523762
11920,0.2855508394539356,0.3217771746218204,0.01790761500597,0.5300388129428029,0.18056201729923488,0.3,2.788855791091919,9.864669730838473e-07,0.120525783619818
11930,0.09214910566806793,0.26548834294080736,0.010112777352333069,0.25281938910484314,0.13759299097582697,0.6,6.104679641794064e-07,9.86428311974619e-07,0.12062689585439838
11940,0.26247527450323105,0.21428214237093926,0.031236562132835387,0.7809139557182789,0.14956402727402746,0.5,2.9036364139756188e-06,9.863895964804336e-07,0.12072800808897877
11950,0.06123449057340622,0.0904258593916893,0.01282794177532196,0.3206986103206873,0.09318989862222224,0.8,13.247949600219727,9.863508266056196e-07,0.12082912032355915
11960,0.023856818675994873,0.05840959995985031,0.008546213805675506,0.21365526132285595,0.11708701541647315,0.7,11.581640243530273,9.863120023545111e-07,0.12093023255813953
11970,0.10305229965597391,0.09516174588352441,0.00075373868457973,0.12625314071774482,0.12775285795796662,0.6,7.438858347086352e-07,9.862731237314494e-07,0.12103134479271992
11980,0.2442058702930808,0.24433023240417243,0.0262107789516449,0.6678993362933398,0.1599052478792146,0.6,5.888311386108398,9.862341907407813e-07,0.1211324570273003
11990,0.05224554967135191,0.07459426689893008,0.01490991711616516,0.41807459518313406,0.13585073185386137,0.6,0.0002958533586934209,9.861952033868593e-07,0.12123356926188068
12000,0.07729263976216316,0.1431134596467018,0.0057104315608739855,0.14276073239743708,0.09162076069042087,0.7,6.0518003010656685e-05,9.861561616740426e-07,0.12133468149646107
12010,0.04626633734442294,0.09897160194814206,0.014322428405284882,0.32850534562021494,0.16785479474347084,0.5,6.046648025512695,9.861170656066962e-07,0.12143579373104145
12020,0.27218916788697245,0.25628295838832854,0.019137240946292877,0.5215389106422663,0.15324427869636564,0.5,2.927191972732544,9.860779151891914e-07,0.12153690596562185
12030,0.15867441445589064,0.31972268782556057,0.04096195697784424,1.1301924128085374,0.21197712998837231,0.2,0.39408719539642334,9.86038710425905e-07,0.12163801820020223
12040,0.01739910701289773,0.05633999966084957,0.009768076986074448,0.2442018523812294,0.11800423578824848,0.7,1.891051738311944e-06,9.85999451321221e-07,0.12173913043478261
12050,0.21375268027186395,0.30872104577720166,0.037133580446243285,0.9559168070554733,0.1663151899119839,0.5,2.3978586196899414,9.85960137879528e-07,0.121840242669363
12060,0.01635766923427582,0.03922451660037041,0.024134714901447297,0.6086547303944826,0.12043125391937792,0.8,4.1296934796264395e-06,9.859207701052217e-07,0.12194135490394338
12070,0.18577134907245635,0.22032695412635803,0.023455332219600677,0.546644140407443,0.1576942256418988,0.6,14.562702178955078,9.858813480027038e-07,0.12204246713852376
12080,0.14604689553380013,0.12357745915651322,0.02247602641582489,0.5619008537381888,0.12570309310685843,0.7,3.182890850439435e-06,9.858418715763815e-07,0.12214357937310415
12090,0.12369186729192734,0.14026556983590127,0.02492947578430176,0.6232371151447296,0.1266736715566367,0.5,7.012047262833221e-07,9.858023408306687e-07,0.12224469160768453
12100,-0.062065813690423965,0.41645360328257086,0.024165503680706024,0.6041379168629646,0.24209536907728763,0.2,0.13541537523269653,9.85762755769985e-07,0.12234580384226491
12110,-0.2242295753210783,0.1699414636939764,0.006845185905694962,0.17112957015633584,0.1416728798300028,0.4,0.7632716298103333,9.857231163987564e-07,0.1224469160768453
12120,-0.0673227783292532,0.1390695445239544,0.013918645679950714,0.3673204693943262,0.2064571402268484,0.4,0.23156368732452393,9.856834227214145e-07,0.12254802831142568
12130,0.1963484950363636,0.2348257781472057,0.036586612462997437,0.9146651472896338,0.14844941049814225,0.5,0.01658453978598118,9.856436747423974e-07,0.12264914054600606
12140,-0.020379135757684706,0.02408504709601402,0.009817928075790405,0.24544834904372692,0.10680042498279363,0.8,6.371249696712766e-07,9.856038724661491e-07,0.12275025278058645
12150,0.26678443402051927,0.33019893020391466,0.035891947150230405,0.8972983907908201,0.17235324759967624,0.5,0.010819370858371258,9.855640158971196e-07,0.12285136501516683
12160,0.033727673999965194,0.1245450558140874,0.014516979455947876,0.36292424872517587,0.18438205535057933,0.5,9.038615189638222e-07,9.855241050397652e-07,0.12295247724974721
12170,0.06517292420612648,0.05899992780759931,0.018876674771308898,0.5259721711277962,0.17025868475902825,0.6,7.192371413111687e-06,9.85484139898548e-07,0.1230535894843276
12180,0.05774091295897961,0.242047081887722,0.016703982651233674,0.47862890399992464,0.1578025987604633,0.4,1.2863417863845825,9.854441204779363e-07,0.123154701718908
12190,0.001181386411190033,0.07426383458077908,0.01605063080787659,0.41716698110103606,0.15107663318049164,0.7,1.2251388170625432e-06,9.854040467824045e-07,0.12325581395348838
12200,0.170764868799597,0.38579931333661077,0.031072577834129332,0.7768142428249121,0.22562632602639496,0.3,0.9756866693496704,9.85363918816433e-07,0.12335692618806876
12210,0.07555255815386772,0.12179496586322784,0.0198140949010849,0.4952331442385912,0.18424825303955003,0.6,1.7962747733690776e-06,9.853237365845083e-07,0.12345803842264914
12220,0.09091920991195365,0.1281063764472492,0.03467284440994263,0.8878706689924002,0.19303431024309248,0.3,0.00014709003153257072,9.852835000911227e-07,0.12355915065722953
12230,0.2581567684188485,0.27275821641087533,0.020615407824516298,0.48552415929734705,0.19576255476567894,0.2,4.7290940284729,9.852432093407754e-07,0.12366026289180991
12240,0.07569271046668291,0.16438706777989864,0.02043441981077194,0.48378371857106683,0.16023136590374634,0.4,0.4228873550891876,9.852028643379707e-07,0.1237613751263903
12250,0.08650913350284099,0.26808531731367113,0.018483003973960875,0.4620752800256014,0.19280388117767872,0.5,7.652669751223584e-07,9.851624650872194e-07,0.12386248736097068
12260,0.13923391439020633,0.16349974684417248,0.008970441669225693,0.43304572366178035,0.14879520377144217,0.6,23.185880661010742,9.851220115930383e-07,0.12396359959555106
12270,-0.005542682111263275,0.17328876182436942,0.020387712121009826,0.5399324011057616,0.23270428564865142,0.4,4.089992046356201,9.850815038599504e-07,0.12406471183013144
12280,0.06593106538057328,0.11742829978466034,0.01533629447221756,0.38339402750134466,0.1377449714811519,0.7,0.005696734879165888,9.850409418924846e-07,0.12416582406471183
12290,0.07547764852643013,0.057009272277355194,0.021039709448814392,0.5173985034227371,0.10621494858060032,0.7,6.715124607086182,9.85000325695176e-07,0.12426693629929221
12300,0.08401356935501099,0.08763603270053863,0.021597743034362793,0.5399441920220852,0.09171429437119513,0.7,9.545520924802986e-07,9.849596552725654e-07,0.1243680485338726
12310,0.09073767997324467,0.1051077388226986,0.016752135753631592,0.4026678387075663,0.16146687720902264,0.6,1.2895116014988162e-06,9.849189306292004e-07,0.12446916076845298
12320,0.042051936686038974,0.025651758909225462,0.0005840863566845655,0.1320585146546364,0.0737571540987119,0.8,0.00019490349222905934,9.848781517696338e-07,0.12457027300303336
12330,-0.014012541621923447,0.02223243974149227,0.008109849691390992,0.20274643190205097,0.07310267164139077,0.8,2.1707107862312114e-06,9.848373186984252e-07,0.12467138523761376
12340,0.25614485889673233,0.15343352556228637,0.013843904435634612,0.42349196057766675,0.12275078312959523,0.7,0.00011946129961870611,9.847964314201395e-07,0.12477249747219414
12350,0.14136600941419603,0.26500279903411866,0.014499886333942414,0.45379029773175716,0.1284290679031983,0.6,9.352178312838078e-05,9.847554899393484e-07,0.12487360970677452
12360,-0.0019869923591613768,0.19132065773010254,0.011008541285991668,0.2752136953175068,0.15531256238464267,0.7,5.535915761356591e-07,9.847144942606294e-07,0.12497472194135491
12370,0.4512448810040951,0.3299924787133932,0.03179644346237183,0.4236381350783631,0.18055884686764329,0.4,8.882012139110884e-07,9.846734443885657e-07,0.1250758341759353
12380,0.006619289517402649,0.00853862687945366,0.005572110787034035,0.13930282033979893,0.09471075267065317,0.9,3.7676289081573486,9.846323403277472e-07,0.12517694641051566
12390,0.018069393932819366,0.26596452966332434,0.009991106390953065,0.24977767560631037,0.17574230886530132,0.6,1.7965123788599158e-06,9.845911820827692e-07,0.12527805864509606
12400,0.2346050798892975,0.4307739034295082,0.02778756320476532,0.7304839514195919,0.23315401764120908,0.3,0.4450641870498657,9.845499696582337e-07,0.12537917087967643
12410,0.16165691614151,0.20734288543462753,0.010872944444417953,0.38931234083138405,0.10763256778009236,0.7,0.02110332064330578,9.845087030587485e-07,0.12548028311425682
12420,-0.015403754834551364,0.14490341083728708,0.016835311055183412,0.4208824969828129,0.16098650939529763,0.5,5.4417637329606805e-06,9.84467382288927e-07,0.12558139534883722
12430,-0.07114765176083893,0.18537152400240303,0.012905226647853851,0.3226305674761534,0.15440953199286014,0.6,0.03037121146917343,9.844260073533892e-07,0.1256825075834176
12440,0.22499304674565793,0.19950659573078156,0.021861906349658965,0.6205349039286375,0.11779610567027703,0.5,1.0791022759804036e-06,9.843845782567613e-07,0.125783619817998
12450,0.19585045726271347,0.22597452215850353,0.01954236924648285,0.4885593935847282,0.1290423061698675,0.7,0.0021697888150811195,9.843430950036748e-07,0.12588473205257836
12460,-0.00589338056743145,0.07656780555844307,0.01589609533548355,0.3974025744944811,0.15889825406484306,0.7,0.00033542345045134425,9.84301557598768e-07,0.12598584428715875
12470,-0.004597250372171402,0.15099012926220895,0.02149071991443634,0.5372680082917214,0.2129738028626889,0.4,17.064847946166992,9.842599660466852e-07,0.12608695652173912
12480,0.18498234488070012,0.11751319915056228,0.04080813527107239,1.0291550375521183,0.13089304682798683,0.7,7.807934761047363,9.84218320352076e-07,0.12618806875631952
12490,0.03798489943146706,0.06355932652950287,0.013461141288280487,0.33652818873524665,0.11890492958482354,0.8,0.011537074111402035,9.841766205195968e-07,0.1262891809908999
12500,0.06950955651700497,0.06775956451892853,0.002421870455145836,0.29412681683897973,0.10707042987924069,0.7,0.0003896622802130878,9.841348665539103e-07,0.1263902932254803
12510,0.16280557811260224,0.0930317610502243,0.014246289432048798,0.3561572629958391,0.09369520507752896,0.8,0.017549538984894753,9.84093058459684e-07,0.12649140546006066
12520,0.1499771449714899,0.14067076481878757,0.018078844249248504,0.49517383202910425,0.18107774965465068,0.5,8.599728857916489e-07,9.840511962415927e-07,0.12659251769464105
12530,0.07960940003395081,0.3587984323501587,0.01795440763235092,0.4488602254539728,0.17959453316871077,0.7,0.004645403474569321,9.840092799043166e-07,0.12669362992922142
12540,0.1553744912147522,0.31339135468006135,0.027503615617752074,0.39331789761781694,0.13651271725539119,0.7,4.4192762516104267e-07,9.839673094525425e-07,0.12679474216380182
12550,0.058503753133118154,0.08419960495084525,0.011317064613103866,0.2828677446930669,0.1745538300136104,0.5,7.920704661046329e-07,9.839252848909624e-07,0.1268958543983822
12560,0.29307741750963034,0.4145997148938477,0.01372217684984207,0.3430547632277012,0.13811392203206196,0.4,0.7836861610412598,9.838832062242753e-07,0.1269969666329626
12570,0.14977946355938912,0.18959679454565048,0.011587648838758468,0.28969127386808396,0.11135420671198518,0.7,0.0010841318871825933,9.838410734571856e-07,0.12709807886754299
12580,0.033852348756045106,0.20648796409368514,0.011186235398054124,0.2796559751033783,0.19880551137030125,0.5,0.0001649962505325675,9.837988865944039e-07,0.12719919110212335
12590,0.13669788390398024,0.1830711379647255,0.019526875019073485,0.49195244163274765,0.10087792101548984,0.7,1.9551040168153122e-05,9.837566456406466e-07,0.12730030333670375
12600,0.14911615811288356,0.2603644303977489,0.015284787118434905,0.3998268060386181,0.20452247336506843,0.5,0.0005203913897275925,9.83714350600637e-07,0.12740141557128412
12610,0.02183232717216015,0.014183355867862702,0.0009299870580434799,0.08613925576210021,0.07682008451083674,0.8,0.0005142366862855852,9.836720014791036e-07,0.12750252780586452
12620,-0.011930187046527863,0.03733872175216675,0.013992434740066529,0.3498106189072132,0.10970241778995841,0.8,5.5760800023563206e-05,9.836295982807813e-07,0.1276036400404449
12630,0.0036365807056427,0.04525076970458031,0.0057492353022098545,0.14373090602457522,0.12426056932890787,0.7,1.568127004247799e-06,9.835871410104107e-07,0.12770475227502529
12640,-0.05029607340693474,0.05152949243783951,0.005801153182983398,0.14502874426543713,0.13824697391828522,0.7,0.0012728295987471938,9.835446296727392e-07,0.12780586450960565
12650,0.32794551774859426,0.34374636933207514,0.007595632970333099,0.799597492069006,0.20011851815506815,0.3,0.07409598678350449,9.835020642725194e-07,0.12790697674418605
12660,0.10917956940829754,0.22650522105395793,0.023324966430664062,0.5875406712293625,0.17340818135999142,0.4,1.2719042301177979,9.834594448145103e-07,0.12800808897876642
12670,-0.023618027195334436,0.06604287549853324,0.009632376581430435,0.24080937989056111,0.1651056796312332,0.6,5.5325137509498745e-05,9.834167713034772e-07,0.12810920121334682
12680,0.1850731760263443,0.13323891311883926,0.01632446199655533,0.4081115502864122,0.09332639136118814,0.6,0.06233293563127518,9.833740437441912e-07,0.1282103134479272
12690,0.010729024605825543,0.022516537830233573,0.01173628643155098,0.2934073507785797,0.12301110965199769,0.6,8.812065743768471e-07,9.833312621414294e-07,0.12831142568250758
12700,0.0798038363456726,0.10294386148452758,0.005981894955039024,0.14954754523932934,0.06938009617151693,0.9,5.815301847178489e-06,9.832884264999747e-07,0.12841253791708795
12710,0.05684058251790702,0.12791131027042865,0.011385194212198257,0.28463033959269524,0.11211568641010672,0.7,35.387237548828125,9.832455368246164e-07,0.12851365015166835
12720,0.21481139063835145,0.17097058296203613,0.0055732566863298414,0.47078451365232465,0.12412792353425176,0.6,3.2755844586063176e-05,9.8320259312015e-07,0.12861476238624875
12730,0.3655907064676285,0.2509885534644127,0.032498610019683835,0.8124659463763237,0.13569603599607943,0.5,0.03991270065307617,9.83159595391377e-07,0.12871587462082912
12740,0.14358385428786277,0.15342654194682837,0.02712019979953766,0.6780050922185182,0.10357727631926536,0.7,3.0483641624450684,9.831165436431042e-07,0.12881698685540952
12750,0.07745162025094032,0.27455370090901854,0.0444739818572998,1.1118496876209973,0.15293472819030285,0.4,1.350914478302002,9.83073437880145e-07,0.12891809908998988
12760,-0.015735389664769173,0.12899181246757507,0.01011040285229683,0.25276021026074885,0.1214355731382966,0.8,0.000762568786740303,9.830302781073194e-07,0.12901921132457028
12770,0.19153924603015185,0.15654010996222495,0.006463906913995743,0.7695769902318716,0.14474769444204866,0.6,1.7381192947141244e-06,9.829870643294524e-07,0.12912032355915065
12780,0.07573530392255634,0.13435877449810504,0.013418954610824586,0.38613136485219,0.18856765397358685,0.5,7.813093361619394e-06,9.829437965513757e-07,0.12922143579373105
12790,0.1911569394171238,0.12795984297990798,0.016358156502246857,0.42472196333110335,0.14902899517910556,0.6,2.3547120094299316,9.829004747779267e-07,0.12932254802831142
12800,0.09416846446692943,0.17006933423690498,0.025260266661643983,0.6328090216964484,0.217258989228867,0.3,2.5997283458709717,9.82857099013949e-07,0.12942366026289182
12810,0.16101252761436627,0.14600576437078416,0.030899935960769655,0.7724987752735615,0.12746591329341755,0.6,0.00047554043703712523,9.828136692642924e-07,0.12952477249747218
12820,0.04500987827777862,0.03817610889673233,0.03532769381999969,0.9066456511616707,0.12235526163130998,0.7,0.020067045465111732,9.827701855338123e-07,0.12962588473205258
12830,0.0907552495598793,0.06263038665056228,0.02310105562210083,0.5775263290852308,0.11189520484767854,0.7,4.443511962890625,9.827266478273705e-07,0.12972699696663295
12840,0.07175289802253246,0.1754128023982048,0.023114769160747527,0.5778692837804555,0.1908739226637408,0.5,0.33863961696624756,9.826830561498347e-07,0.12982810920121335
12850,0.17203012662939726,0.3051823141053319,0.013974113762378693,0.4127601258456707,0.14178826179122553,0.5,92.07002258300781,9.826394105060786e-07,0.12992922143579372
12860,0.09436306431889534,0.19404138699173928,0.019438765943050385,0.4859693292528391,0.16183829940855504,0.5,6.672867774963379,9.825957109009822e-07,0.13003033367037412
12870,0.02530372589826584,0.051968852430582045,0.006544870138168335,0.19383845366537572,0.1280780412722379,0.7,1.7919224774232134e-05,9.825519573394311e-07,0.1301314459049545
12880,0.08324189707636834,0.09307084679603576,0.02031812071800232,0.5079532872885466,0.11427909558406099,0.7,1.7778138499124907e-06,9.825081498263172e-07,0.13023255813953488
12890,0.10292894914746284,0.3329513192176819,0.02019704580307007,0.5049261204898358,0.188158500357531,0.4,0.00036929018096998334,9.824642883665384e-07,0.13033367037411528
12900,0.28318007588386535,0.23469802141189575,0.00958104208111763,0.5600198067724704,0.15662877659779043,0.5,0.00022633506159763783,9.824203729649987e-07,0.13043478260869565
12910,0.39053615033626554,0.3450174182653427,0.03199960589408875,0.9482960253953934,0.15370214744471014,0.3,6.238461494445801,9.823764036266078e-07,0.13053589484327605
12920,0.03484434634447098,0.062453273311257364,0.012528379261493684,0.33138589188456535,0.09901757268235087,0.7,9.784588428374263e-07,9.82332380356282e-07,0.13063700707785642
12930,0.038344898447394374,0.21749044582247734,0.024762938916683196,0.6190736122429371,0.1939469053177163,0.4,7.977393465807836e-07,9.822883031589431e-07,0.1307381193124368
12940,0.1162580132484436,0.08358728736639023,0.022749896347522735,0.5687477745115757,0.10422796455677599,0.7,4.547444820404053,9.822441720395192e-07,0.13083923154701718
12950,0.163755651563406,0.20025513470172882,0.02156928777694702,0.692189111188054,0.13342722365632653,0.7,8.557042121887207,9.821999870029442e-07,0.13094034378159758
12960,0.15208510160446168,0.19492237120866776,0.010294099897146225,0.2573523007333279,0.12025920419255272,0.6,33.77717208862305,9.821557480541585e-07,0.13104145601617795
12970,0.02399610122665763,0.04734908994287253,0.023790428042411806,0.5649508852511644,0.12310034949332475,0.8,2.0878989744232967e-05,9.821114551981081e-07,0.13114256825075835
12980,0.17077447697520257,0.17796632945537566,0.01789193004369736,0.4472985934466124,0.11114963360596448,0.7,8.806495657154301e-07,9.820671084397452e-07,0.13124368048533872
12990,0.005448403954505921,0.03580581545829773,0.009507478773593902,0.2546597760170698,0.11831623881589622,0.8,16.915361404418945,9.820227077840276e-07,0.1313447927199191
13000,0.11069986745715141,0.0938341286033392,0.02696250081062317,0.6740625537931919,0.14113710261881351,0.5,0.010884668678045273,9.8197825323592e-07,0.13144590495449948
13010,-0.017509520053863525,0.04306372702121734,0.008863943815231323,0.22882825657725334,0.10026157556567342,0.8,6.011733262312191e-07,9.819337448003924e-07,0.13154701718907988
13020,0.008607572317123413,0.10448558330535888,0.003411862626671791,0.08529657907783986,0.1043422396061942,0.8,8.655402052681893e-05,9.81889182482421e-07,0.13164812942366028
13030,0.010923275351524353,0.08340278938412667,0.010687314718961716,0.26718284040689466,0.12880192666780205,0.7,0.04462134465575218,9.818445662869883e-07,0.13174924165824065
13040,0.1160930722951889,0.18193076476454734,0.023774729669094087,0.5943685583770275,0.18691003422718494,0.3,4.114452838897705,9.817998962190822e-07,0.13185035389282104
13050,0.12833512127399443,0.1885326648131013,0.025303590297698974,0.6325897932052612,0.17878684389870614,0.5,21.304107666015625,9.817551722836975e-07,0.1319514661274014
13060,0.13868058254010976,0.1100154772400856,0.031186285614967345,0.7796566609293223,0.16914885446894914,0.6,9.52548418808874e-07,9.817103944858342e-07,0.1320525783619818
13070,-0.015634625777602197,0.0629189819097519,0.0023998232558369637,0.059995558485388754,0.10987754887901247,0.8,11.541351318359375,9.81665562830499e-07,0.13215369059656218
13080,0.0742629799307906,0.27403473875601775,0.02358749508857727,0.547014306485653,0.22778027229942382,0.3,2.59277021541493e-06,9.816206773227037e-07,0.13225480283114258
13090,0.12693738602101803,0.2645222797989845,0.01319027841091156,0.48646634072065353,0.12722252276726068,0.6,2.460460901260376,9.81575737967467e-07,0.13235591506572295
13100,0.46158105509821323,0.27134600834106093,0.03989772200584411,0.997443025931716,0.1144357097800821,0.6,0.04037269577383995,9.815307447698138e-07,0.13245702730030334
13110,0.1318872505798936,0.16668986082077025,0.006867404282093048,0.3176932670176029,0.1514107242343016,0.4,0.2672017514705658,9.814856977347741e-07,0.1325581395348837
13120,-0.021351701021194457,0.012200971692800522,0.006612054258584976,0.16530102752149106,0.06319889348233118,0.9,1.5389708778457134e-06,9.814405968673843e-07,0.1326592517694641
13130,0.17578350156545638,0.21668008267879485,0.028724214434623717,0.7181056853383779,0.12877459921874107,0.7,1.456996642446029e-06,9.81395442172687e-07,0.13276036400404448
13140,0.2064270108938217,0.2718829229474068,0.008393900096416473,0.41316673867404463,0.13274087733589113,0.5,13.504207611083984,9.813502336557308e-07,0.13286147623862488
13150,-0.18011596649885178,0.15663953125476837,0.014405554533004761,0.3601387690752745,0.11858448216225952,0.6,0.07668779045343399,9.813049713215699e-07,0.13296258847320525
13160,0.01564101092517376,0.06184112727642059,0.011102182418107986,0.2775543760508299,0.15321163062471896,0.7,1.1052170520997606e-06,9.812596551752654e-07,0.13306370070778564
13170,0.1877524672076106,0.11268032528460026,0.021660760045051575,0.5415193025022745,0.10676583412569016,0.6,9.817557838687208e-06,9.812142852218835e-07,0.13316481294236604
13180,0.016717592254281044,0.18636465556919574,0.013846929371356963,0.34617339335381986,0.1390299289720133,0.6,0.01652473211288452,9.811688614664967e-07,0.1332659251769464
13190,0.09046427570283413,0.16118300883099437,0.02317618876695633,0.5484288331121207,0.16408200431615114,0.5,7.45124964396382e-07,9.811233839141836e-07,0.1333670374115268
13200,0.022747667599469425,0.02741873115301132,0.012634557485580445,0.31586419567465784,0.11779226877260954,0.7,7.642987475264817e-05,9.810778525700292e-07,0.13346814964610718
13210,0.02550254464149475,0.03289729356765747,0.006061369925737381,0.15153439603745938,0.08499632867751643,0.9,4.572135367197916e-06,9.810322674391235e-07,0.13356926188068757
13220,0.018675884418189525,0.051161414850503205,0.014894290268421173,0.4455563772469759,0.1726074559148401,0.5,2.810911178588867,9.809866285265635e-07,0.13367037411526794
13230,0.18285844912752508,0.23166853231377899,0.010765711963176727,0.26914287395775316,0.13834485695697368,0.5,2.4685748485353542e-06,9.80940935837452e-07,0.13377148634984834
13240,0.13044716048170812,0.16624396566767247,0.025340571999549866,0.6335139997303486,0.19324457675684242,0.3,1.0286540828019497e-06,9.808951893768973e-07,0.1338725985844287
13250,0.07514196038246154,0.214588744728826,0.014493386447429656,0.3647306676954031,0.1268155169324018,0.6,0.019866764545440674,9.808493891500143e-07,0.1339737108190091
13260,0.17155870264396073,0.24102886249311267,0.019256307184696196,0.48140750750899314,0.1596118928049691,0.5,0.014275776222348213,9.808035351619235e-07,0.13407482305358948
13270,0.025142530724406243,0.09944442957639694,0.008407284319400788,0.21018214151263237,0.12625203453935682,0.7,0.011187834665179253,9.80757627417752e-07,0.13417593528816987
13280,0.0224338966421783,0.19373417124152184,0.011567433178424836,0.28918612375855446,0.1304217297118157,0.7,15.820838928222656,9.807116659226318e-07,0.13427704752275024
13290,0.13029746264219283,0.11093037426471711,0.02810586094856262,0.7026468619704247,0.13453738882672042,0.5,0.9199910163879395,9.80665650681702e-07,0.13437815975733064
13300,0.03176687378436327,0.06275668628513813,0.007747464627027511,0.31872188188135625,0.153478099941276,0.6,0.20908059179782867,9.806195817001074e-07,0.134479271991911
13310,0.12067258358001709,0.15566295385360718,0.013850849866867066,0.3462712772190571,0.07614195480709895,0.9,9.142760291069862e-07,9.805734589829987e-07,0.1345803842264914
13320,0.07130520939826965,0.048739035800099376,0.005164816230535507,0.13089121282100677,0.07452272833324969,0.8,3.1573657906847075e-05,9.805272825355326e-07,0.1346814964610718
13330,0.012502622077590786,0.04000071797054261,0.017131008207798004,0.4587806351482868,0.19645428255898878,0.5,8.996273663797183e-07,9.804810523628717e-07,0.13478260869565217
13340,0.5076419621706009,0.4442590817809105,0.026611322164535524,0.9561780549585819,0.13634066123049707,0.4,23.597129821777344,9.804347684701851e-07,0.13488372093023257
13350,0.1436384528875351,0.11399087607860565,0.03532263040542603,0.8830660235136747,0.09703943706117571,0.6,0.0006654897006228566,9.80388430862647e-07,0.13498483316481294
13360,0.18439336055889727,0.4154566153883934,-0.016770638525485992,0.3724970694631338,0.14984917053952812,0.5,7.743861942799413e-07,9.803420395454387e-07,0.13508594539939334
13370,0.21088408231735228,0.13697584867477416,0.03036680519580841,0.7591700717806816,0.1334673883044161,0.7,0.04583441838622093,9.802955945237466e-07,0.1351870576339737
13380,0.02654999792575836,0.2776192114688456,0.019385865330696105,0.4846465453505516,0.16836626995354892,0.4,2.2923221588134766,9.802490958027639e-07,0.1352881698685541
13390,0.019026997312903405,0.15803981199860573,0.028878277540206908,0.7219570178538561,0.21708424899261444,0.3,3.0221312046051025,9.802025433876888e-07,0.13538928210313447
13400,0.008824041485786438,0.14133790042251348,0.01988966464996338,0.5765025857836008,0.16986548962304368,0.7,0.051542770117521286,9.801559372837265e-07,0.13549039433771487
13410,0.17898290595039726,0.19179127886891364,0.025996047258377075,0.6499015696346759,0.19014858612790703,0.4,2.194413185119629,9.801092774960877e-07,0.13559150657229524
13420,0.21215078458189965,0.24127257019281387,0.028570321202278138,0.7142580565065145,0.181523321964778,0.2,8.390301786675991e-07,9.80062564029989e-07,0.13569261880687564
13430,0.1419591221958399,0.33586654290556905,0.03200394213199616,0.8000984728336334,0.23096871017478407,0.3,27.25990867614746,9.800157968906535e-07,0.135793731041456
13440,0.06721318513154984,0.08988566026091575,0.008773843199014664,0.21934610642492772,0.11470196433365346,0.6,0.0035147303715348244,9.799689760833096e-07,0.1358948432760364
13450,0.10643604546785354,0.11215392649173736,0.009904930740594864,0.24762333706021308,0.11143611125880852,0.7,0.0008036213694140315,9.799221016131925e-07,0.13599595551061677
13460,0.2148573413491249,0.31091987490653994,0.01401481032371521,0.6000691074877977,0.13341997573152184,0.6,0.04123332351446152,9.798751734855425e-07,0.13609706774519717
13470,0.022939476743340494,0.033974483609199524,0.014905937016010284,0.3959127735346556,0.1637398943072185,0.6,0.00022049614926800132,9.79828191705607e-07,0.13619817997977754
13480,0.09058140367269515,0.15184459686279297,0.006031972542405129,0.1507991660386324,0.09918465551454574,0.8,0.012202955782413483,9.797811562786382e-07,0.13629929221435794
13490,0.0936318501830101,0.07153083756566048,0.02306211143732071,0.6535515703260899,0.10753836304647849,0.7,2.3570051193237305,9.797340672098953e-07,0.13640040444893833
13500,0.03112306073307991,0.08979534432291984,0.001719432882964611,0.04298586100339889,0.11326775323832408,0.7,10.729804039001465,9.796869245046427e-07,0.1365015166835187
13510,-0.006016578711569309,0.07043729275465012,0.018602807819843293,0.465070354193449,0.17440097441431135,0.6,6.342350959777832,9.796397281681515e-07,0.1366026289180991
13520,0.15194101836532353,0.1579156570136547,0.018007756769657136,0.4501938410103321,0.15227609891444444,0.7,2.3245551586151123,9.795924782056983e-07,0.13670374115267947
13530,0.134367436170578,0.2009422540664673,0.017423513531684875,0.41961778439581393,0.09690508974017575,0.6,5.484433813762735e-07,9.79545174622566e-07,0.13680485338725987
13540,0.3128229647874832,0.2981146574020386,0.028299549221992494,0.8122008796781301,0.13481377280550078,0.4,1.7454203771194443e-05,9.79497817424043e-07,0.13690596562184024
13550,0.08489615842700005,0.15475862175226213,0.027337849140167236,0.6911185931414365,0.20205034411046655,0.3,0.00010789052612381056,9.794504066154245e-07,0.13700707785642063
13560,0.19209999330341815,0.1909252241253853,0.021859261393547057,0.7129648171365262,0.12030005214037373,0.6,6.370512962341309,9.794029422020112e-07,0.137108190091001
13570,-0.05156654715538025,0.12002135887742042,0.025239968299865724,0.6309989258646965,0.13106753514148295,0.6,0.8337641358375549,9.793554241891096e-07,0.1372093023255814
13580,0.027575562708079815,0.02188742980360985,0.014564187824726104,0.3613988168537617,0.12629046000074595,0.7,0.6049962043762207,9.793078525820325e-07,0.13731041456016177
13590,-0.010903978161513806,0.062080565467476846,0.024082772433757782,0.6020690556615591,0.11490096761845052,0.7,9.41435530421586e-07,9.792602273860987e-07,0.13741152679474217
13600,0.22598723769187928,0.4040326181799173,0.02443196773529053,0.6107991077005863,0.18189840079285205,0.3,0.35111764073371887,9.792125486066332e-07,0.13751263902932254
13610,0.07265825793147088,0.04151900932192802,0.020976565778255463,0.524414211884141,0.0925600174581632,0.8,0.8056655526161194,9.79164816248966e-07,0.13761375126390293
13620,0.20240757893770933,0.1517283171415329,0.02393665909767151,0.598416443541646,0.13673761839745566,0.6,4.971169471740723,9.791170303184344e-07,0.1377148634984833
13630,0.1241170302964747,0.14775534011423588,0.013933557271957397,0.34833908677101133,0.14920591665431857,0.6,9.913023859553505e-07,9.79069190820381e-07,0.1378159757330637
13640,0.16905116885900498,0.14265571534633636,0.011271381378173828,0.2817846152931452,0.10740419387584552,0.7,0.06840669363737106,9.790212977601544e-07,0.1379170879676441
13650,0.40210358425974846,0.5731697678565979,0.024044229090213774,0.601106122136116,0.2071162286447361,0.3,9.817134696277208e-07,9.78973351143109e-07,0.13801820020222447
13660,0.42387318015098574,0.27465097010135653,-0.010245634615421296,0.6154075160622596,0.09877614116994664,0.6,0.11184179782867432,9.789253509746058e-07,0.13811931243680486
13670,0.04818742200732231,0.03379739038646221,0.02226692736148834,0.5566735483705998,0.0862660777522251,0.8,1.3513939620679594e-06,9.788772972600114e-07,0.13822042467138523
13680,0.24642758145928384,0.21165507584810256,0.025913283228874207,0.7576670318841934,0.13801270939875393,0.5,6.616024017333984,9.788291900046983e-07,0.13832153690596563
13690,0.1173122376203537,0.08619325011968612,0.01829303354024887,0.4630007665604353,0.11318630264140665,0.7,8.816681997814158e-07,9.787810292140454e-07,0.138422649140546
13700,0.09932944029569626,0.08689597100019456,0.026656562089920045,0.6745128214359284,0.14488765897694975,0.7,0.4717877209186554,9.787328148934369e-07,0.1385237613751264
13710,0.0583801481872797,0.10319075025618077,0.03369515836238861,0.8423786729574203,0.11513344874838367,0.6,1.4840996982457e-06,9.786845470482637e-07,0.13862487360970677
13720,0.2325064495205879,0.14513634145259857,-0.0016842611134052277,0.6042654525488615,0.11235009464435279,0.7,1.0668787808754132e-06,9.786362256839222e-07,0.13872598584428716
13730,0.12055492508225144,0.14306438099592925,0.030506992340087892,0.7626747969537974,0.14775105415610595,0.3,1.5180320739746094,9.78587850805815e-07,0.13882709807886753
13740,0.03768645571544767,0.04920209902338683,0.012194351851940155,0.30485898032784464,0.12207417697645724,0.5,7.892517566680908,9.785394224193507e-07,0.13892821031344793
13750,0.16002665162086488,0.11645995527505874,0.010490340739488601,0.26225885152816775,0.11170440095011144,0.7,0.0005558073753491044,9.784909405299438e-07,0.1390293225480283
13760,0.01707551460713148,0.03342675715684891,0.011318790167570114,0.2962460037320852,0.16139753287425265,0.6,2.7499286261445377e-06,9.784424051430147e-07,0.1391304347826087
13770,-0.07514134719967842,0.08655438870191574,0.005756280943751335,0.14390730895102025,0.10054439356317743,0.7,0.0005420132074505091,9.7839381626399e-07,0.13923154701718907
13780,0.1785782530903816,0.2247919484972954,0.013193751871585845,0.3298438936471939,0.17791232385206968,0.4,2.405043601989746,9.78345173898302e-07,0.13933265925176946
13790,-0.01605924069881439,0.06423696279525756,0.007150429487228394,0.25428192168474195,0.07926807216135785,0.9,0.015403788536787033,9.782964780513894e-07,0.13943377148634986
13800,0.004710743855684996,0.3623639715835452,0.0160383477807045,0.40095847733318807,0.13923232450615614,0.4,2.247266138510895e-06,9.782477287286962e-07,0.13953488372093023
13810,0.33419604394584895,0.3053335901349783,0.0181279256939888,0.6241592219099402,0.1499854941270314,0.5,0.03999479487538338,9.781989259356733e-07,0.13963599595551063
13820,0.026019734144210816,0.0912051647901535,0.011271140724420547,0.46338974088430407,0.09615233712829649,0.7,9.083183840630227e-07,9.78150069677777e-07,0.139737108190091
13830,0.2147314243018627,0.18091673403978348,0.017090126872062683,0.4272533144801855,0.1666115699801594,0.3,13.441739082336426,9.781011599604694e-07,0.1398382204246714
13840,-0.11718171369284391,0.07034777645021677,0.007056814432144165,0.17642049826681613,0.08472745213657618,0.8,30.57790184020996,9.780521967892187e-07,0.13993933265925176
13850,0.013931064307689667,0.0750079795718193,0.010409744083881378,0.26024366803467275,0.12488393653184175,0.8,3.078269514844578e-07,9.780031801694999e-07,0.14004044489383216
13860,0.1061107080662623,0.15021406593732536,0.02803356945514679,0.700839365646243,0.18972949380986392,0.4,1.1967523097991943,9.779541101067926e-07,0.14014155712841253
13870,0.017916251718997956,0.08665363267064094,0.009940388053655625,0.27271896935999396,0.09804119140608236,0.6,3.5074307918548584,9.779049866065835e-07,0.14024266936299293
13880,0.04376004654914141,0.06427943259477616,0.01536884605884552,0.3842213049530983,0.1129959124722518,0.7,1.0386853318777867e-05,9.778558096743643e-07,0.1403437815975733
13890,0.379805601015687,0.24921918772161006,0.020943412184715272,0.5235854234546423,0.07444045367883519,0.5,4.204941797070205e-05,9.778065793156337e-07,0.1404448938321537
13900,0.019981509447097777,0.02574458122253418,0.01432269811630249,0.3580674912780523,0.11106739325914532,0.8,12.28539752960205,9.777572955358961e-07,0.14054600606673406
13910,-0.12115297392010689,0.3527339421212673,0.02102813720703125,0.32779532596468924,0.20853062940295786,0.5,79.06964874267578,9.777079583406608e-07,0.14064711830131446
13920,0.2124186333268881,0.14679185003042222,0.01996971070766449,0.49924288503825665,0.12960442682961001,0.4,2.6158149242401123,9.776585677354447e-07,0.14074823053589483
13930,0.23975352942943573,0.14579443112015725,0.012191211432218551,0.5645241525024176,0.08395055228611455,0.5,2.5908857423928566e-06,9.776091237257697e-07,0.14084934277047523
13940,0.17448276914656163,0.11448433734476567,0.02270045280456543,0.5657184269279242,0.1615561605896801,0.4,8.763649940490723,9.775596263171637e-07,0.14095045500505562
13950,0.08825254328548908,0.17239488810300826,0.02112351804971695,0.5280874524265528,0.17020624300930648,0.5,2.1836906398675637e-06,9.775100755151608e-07,0.141051567239636
13960,0.16514790556393563,0.09633668456226588,-0.005352963879704476,0.3385106176137924,0.0989898310508579,0.8,4.93296568038204e-07,9.774604713253011e-07,0.1411526794742164
13970,0.24304948300123214,0.2618461288511753,0.014883621037006379,0.3720905140042305,0.14593075688462703,0.5,3.4842257718992187e-06,9.774108137531308e-07,0.14125379170879676
13980,-0.017731580510735513,0.07714149802923202,0.006500584632158279,0.16251468136906624,0.14024306847713888,0.7,0.00047919739154167473,9.773611028042013e-07,0.14135490394337716
13990,-0.016009341925382614,0.15268589332699775,0.013656903803348542,0.37174256294965746,0.14343985063023865,0.6,0.0638718232512474,9.773113384840708e-07,0.14145601617795753
14000,0.10477872267365455,0.13184640407562256,-0.010597006976604461,0.03551982864737511,0.0788086324930191,0.8,1.3178158724258537e-06,9.772615207983033e-07,0.14155712841253792
14010,0.03314044829457998,0.09496942013502122,0.0190284326672554,0.47571048960089685,0.13047566049499437,0.6,1.7634520190767944e-06,9.772116497524684e-07,0.1416582406471183
14020,0.00510390056297183,0.10016652066260576,0.027143010497093202,0.6593801479786634,0.14196701776236295,0.7,0.04511567950248718,9.77161725352142e-07,0.1417593528816987
14030,-0.008945299685001374,0.035781198740005495,0.002681191824376583,0.06703178621828557,0.07836350532015786,0.9,1.054595941241132e-06,9.77111747602906e-07,0.14186046511627906
14040,0.30522248460911217,0.309866133145988,0.019039660692214966,0.4930592603981495,0.1337905179010704,0.5,10.612428665161133,9.770617165103483e-07,0.14196157735085946
14050,0.26367025077342987,0.3821502700448036,0.04021448791027069,1.0053622473031283,0.15624470087932424,0.3,0.0030259552877396345,9.770116320800622e-07,0.14206268958543983
14060,0.06461116676218807,0.11498278041835874,0.017599670588970183,0.43999187611043455,0.09175430375616997,0.8,0.006209959741681814,9.769614943176477e-07,0.14216380182002022
14070,0.018837474659085272,0.03852116540074348,0.01767427772283554,0.4418568789958954,0.09847706706495955,0.7,8.051814079284668,9.769113032287103e-07,0.1422649140546006
14080,0.1280785784125328,0.12072929963469506,0.02912905216217041,0.728226350992918,0.1484211378963664,0.6,0.13828405737876892,9.768610588188614e-07,0.142366026289181
14090,0.19198317378759383,0.17314735054969788,0.015592682361602783,0.38981670551002023,0.09074620209867135,0.6,0.8456084728240967,9.768107610937188e-07,0.1424671385237614
14100,0.11434718184173107,0.0667194340378046,0.013817472755908966,0.3454366195946932,0.07479312181239947,0.8,1.7744321823120117,9.76760410058906e-07,0.14256825075834176
14110,0.0004034071695059538,0.04373177420347929,0.017610599100589753,0.44026504531502725,0.1388074666261673,0.7,0.8628525733947754,9.767100057200524e-07,0.14266936299292216
14120,0.0673794923350215,0.06599222272634506,0.016948622465133668,0.4174617528915405,0.13610889512347057,0.7,2.1789903712488012e-06,9.766595480827936e-07,0.14277047522750252
14130,0.13918710872530937,0.23140043346211314,0.015457221865653991,0.3864308759570122,0.16449995897710323,0.6,0.13887949287891388,9.766090371527708e-07,0.14287158746208292
14140,0.4706118144094944,0.4481374680995941,0.03400483429431915,0.8501216433942318,0.1304078277084045,0.4,22.10063934326172,9.765584729356316e-07,0.1429726996966633
14150,0.19949063658714294,0.2778845265507698,0.022888165712356568,0.5704022791236639,0.08522408566204831,0.6,20.942487716674805,9.76507855437029e-07,0.1430738119312437
14160,0.28349808752536776,0.410414856672287,0.02630932331085205,0.6577335800975561,0.13055984243983404,0.6,5.06087589263916,9.764571846626227e-07,0.14317492416582406
14170,0.23869094848632813,0.13639482259750366,-0.018405240774154664,0.11926579400897026,0.05830722319660708,0.8,0.042981334030628204,9.764064606180774e-07,0.14327603640040446
14180,0.1612264385446906,0.15384280383586885,0.024979451298713685,0.6472497124224901,0.10981698014074937,0.6,2.422290325164795,9.763556833090647e-07,0.14337714863498482
14190,0.0016389569267630578,0.020018933340907097,0.02800566554069519,0.7074156135320664,0.16189804903697222,0.6,9.996377912102616e-07,9.763048527412617e-07,0.14347826086956522
14200,0.17175008915364742,0.14610943868756293,0.020415592193603515,0.510389918833971,0.16446626853430643,0.5,0.0008217988070100546,9.762539689203512e-07,0.1435793731041456
14210,0.1195184335578233,0.20370265520177783,0.027087536454200745,0.7534098830074072,0.16918006696505472,0.4,0.06548869609832764,9.762030318520226e-07,0.143680485338726
14220,0.16398327462375165,0.17510105408728122,0.020365190505981446,0.5091300990432501,0.10455137491226196,0.5,5.802239894866943,9.761520415419705e-07,0.14378159757330636
14230,0.15744140828028322,0.08996651670895517,0.009859917312860489,0.26363820023834705,0.08229494966799393,0.6,8.770174980163574,9.761009979958962e-07,0.14388270980788676
14240,0.013788329064846038,0.05609953850507736,0.01345382332801819,0.33634557351469996,0.1494042821461335,0.6,7.362532615661621,9.760499012195066e-07,0.14398382204246715
14250,0.06583086997270585,0.04239402189850807,0.003288540244102478,0.14858978651463986,0.07849185013910756,0.7,0.003150573233142495,9.759987512185145e-07,0.14408493427704752
14260,0.08945389688014985,0.2600801534950733,0.018663288652896882,0.46658264137804506,0.1506651819567196,0.5,1.093798118745326e-06,9.759475479986386e-07,0.14418604651162792
14270,0.2617899298667908,0.20132038816809655,0.019256046414375304,1.1436607129871845,0.08776695708511398,0.5,0.05257541313767433,9.758962915656038e-07,0.1442871587462083
14280,0.1535284623503685,0.27713380455970765,0.020675824582576753,0.5168993014842271,0.09988376181572675,0.7,0.00035738112637773156,9.758449819251404e-07,0.14438827098078869
14290,0.1196499913930893,0.14970428347587586,0.008861225843429566,0.22153099551796912,0.10828601798275486,0.8,1.0118799309566384e-06,9.757936190829858e-07,0.14448938321536905
14300,0.08238650276325643,0.10228823460638523,0.020042580366134644,0.5019376115873456,0.16434041641186922,0.6,8.66005052557739e-07,9.75742203044882e-07,0.14459049544994945
14310,0.03033752292394638,0.16201702356338502,0.01747896671295166,0.44505385830998423,0.11024352093227208,0.8,71.78516387939453,9.756907338165779e-07,0.14469160768452982
14320,-0.021888015419244768,0.04497400987893343,0.011808139085769654,0.29520351216197016,0.14471020790515468,0.6,0.007659325376152992,9.75639211403828e-07,0.14479271991911022
14330,0.06603620611131192,0.19795120432972907,0.025968635082244874,0.6492159351706505,0.16805359738646075,0.5,0.02130337618291378,9.755876358123922e-07,0.1448938321536906
14340,0.011518226191401481,0.026632512733340264,0.02206687331199646,0.5516718924045563,0.11545486964751035,0.7,5.308767754286237e-07,9.755360070480374e-07,0.14499494438827099
14350,0.12920544892549515,0.09403774291276931,-0.01184864118695259,0.1580483876168728,0.079858256818261,0.7,1.2254614603079972e-06,9.75484325116536e-07,0.14509605662285135
14360,0.29743282571434976,0.2705351047217846,0.029209452867507934,0.7302360631525516,0.18431871458888055,0.3,0.2195640653371811,9.754325900236662e-07,0.14519716885743175
14370,0.21508179046213627,0.14953594654798508,0.012773557007312775,0.22890079704811797,0.1269231164595112,0.7,6.283175935095642e-06,9.75380801775212e-07,0.14529828109201212
14380,0.0032016918063163756,0.15275081619620323,0.015925770998001097,0.6162291925400496,0.1221002045320347,0.7,11.447340965270996,9.753289603769636e-07,0.14539939332659252
14390,0.3521487444639206,0.2547674149274826,0.04468440413475037,1.1171116840094328,0.08208864569896832,0.7,1.3593617040896788e-06,9.752770658347172e-07,0.1455005055611729
14400,0.03680919408798218,0.30817040503025056,0.024250009655952455,0.6062504064291716,0.1842031795764342,0.5,3.400213608983904e-05,9.75225118154275e-07,0.14560161779575329
14410,-0.036599070951342585,0.029644942469894887,0.02403462827205658,0.6008657295256853,0.13884981045266614,0.6,2.596996545791626,9.75173117341445e-07,0.14570273003033368
14420,-0.01092436332255602,0.07127791047096252,0.016582246124744415,0.41455619856715203,0.18910133752506225,0.6,0.5700578093528748,9.751210634020406e-07,0.14580384226491405
14430,0.03279806300997734,0.10579598769545555,0.030812349915504456,0.7892854257195723,0.22128200344741344,0.3,0.4203583002090454,9.750689563418824e-07,0.14590495449949445
14440,0.4019286897033453,0.2972189341671765,0.03428240418434143,0.8570606734603643,0.12629566902760417,0.4,0.6896210312843323,9.75016796166796e-07,0.14600606673407482
14450,0.10566003788262605,0.06730099990963936,0.010138636082410812,0.2534659493714571,0.10858180619543419,0.6,7.752436204100377e-07,9.749645828826126e-07,0.14610717896865522
14460,0.05017755590379238,0.050327453389763833,0.015092605352401733,0.44980011582374574,0.09668129461351782,0.6,0.0007179002859629691,9.749123164951706e-07,0.14620829120323559
14470,0.02469255793839693,0.29268502052873374,0.017986777424812316,0.44966955594718455,0.1797261190833524,0.5,8.265985798061593e-07,9.748599970103133e-07,0.14630940343781598
14480,0.19469678793102502,0.12738965302705765,0.02234809398651123,0.6004141945391893,0.10148698915727436,0.5,1.8822848796844482,9.748076244338904e-07,0.14641051567239635
14490,-0.03485582545399666,0.0706412572413683,0.03233762085437775,0.8084403503686189,0.11895261178724467,0.6,0.01851441152393818,9.747551987717572e-07,0.14651162790697675
14500,0.27317874077707527,0.21904186606407167,0.006578573584556579,0.8220813393592834,0.15137104453751818,0.6,0.12326027452945709,9.747027200297752e-07,0.14661274014155712
14510,0.48184713572263715,0.4520007848739624,0.05671924352645874,1.3731590744107962,0.1501880335388705,0.3,22.565507888793945,9.746501882138118e-07,0.14671385237613752
14520,-0.06485017538070678,0.05906813740730286,0.008491072803735733,0.21535591930150985,0.06747786779887974,0.9,8.442894454674388e-07,9.745976033297404e-07,0.14681496461071789
14530,0.06774686090648174,0.09318499704822898,0.03517772853374481,0.8794427886605263,0.14444289496168494,0.5,0.0029425574466586113,9.745449653834403e-07,0.14691607684529828
14540,0.09777989983558655,0.10142304971814156,0.01642739772796631,0.4106849621981382,0.09777138406643644,0.7,0.016728773713111877,9.744922743807964e-07,0.14701718907987865
14550,0.03601906858384609,0.3270672239363194,0.035568642616271975,0.7446926694363356,0.2447359591955319,0.2,25.28253746032715,9.744395303276999e-07,0.14711830131445905
14560,0.1216116040945053,0.18550236970186235,0.03944659233093262,1.0667501095682383,0.1730359700275585,0.3,1.1699740886688232,9.743867332300478e-07,0.14721941354903945
14570,0.14305515289306642,0.12095637992024422,0.02870493531227112,0.7176233567297459,0.17078211101470514,0.5,0.10204246640205383,9.743338830937432e-07,0.14732052578361982
14580,0.1586805271683261,0.24140493965242057,0.029443734884262086,0.7196760803461075,0.20864037891151382,0.3,5.315518379211426,9.74280979924695e-07,0.1474216380182002
14590,0.2446162462234497,0.25690886974334715,0.024616149067878724,0.6154042450711131,0.12451320711988956,0.7,7.007890872046119e-07,9.742280237288177e-07,0.14752275025278058
14600,0.19842491582967342,0.1276175206527114,0.012912794947624207,0.32281948290765283,0.1292182613746263,0.7,6.774797043362923e-07,9.741750145120324e-07,0.14762386248736098
14610,0.023869078792631625,0.08560108989477158,0.00649171769618988,0.16229305937886238,0.11912752783391625,0.7,7.672530273339362e-07,9.741219522802656e-07,0.14772497472194135
14620,0.04948630221188068,0.2742515355348587,0.023744302988052367,0.5936079628765583,0.2258379951468669,0.4,6.562766075134277,9.7406883703945e-07,0.14782608695652175
14630,-0.054578138142824174,0.1427201583981514,0.011615222692489624,0.29038057550787927,0.1593016504892148,0.5,4.846678733825684,9.74015668795524e-07,0.14792719919110212
14640,0.38535311818122864,0.32143807113170625,-0.01871834844350815,0.3488722663372755,0.09649748397059739,0.6,0.0038694480899721384,9.739624475544324e-07,0.1480283114256825
14650,0.07443566746078431,0.05633829040452838,0.025188687443733215,0.6297173433005809,0.13430002609966324,0.7,2.954571391455829e-05,9.739091733221252e-07,0.14812942366026288
14660,0.0837573055177927,0.14705796167254448,0.026214918494224547,0.6553730681538582,0.1720008205389604,0.4,16.988113403320312,9.738558461045586e-07,0.14823053589484328
14670,0.2371352046728134,0.27018860131502154,0.021123817563056944,0.5280958544462919,0.124717931705527,0.5,8.949106216430664,9.738024659076954e-07,0.14833164812942365
14680,-0.011854966264218092,0.08121090102940798,0.014124734699726105,0.35311853103339674,0.16783986195223405,0.7,14.103012084960938,9.737490327375034e-07,0.14843276036400405
14690,0.0,0.0,4.720733340946026e-06,0.00011801831424236297,0.05020514673087746,1.0,1.0185102837567683e-05,9.736955465999566e-07,0.14853387259858442
14700,0.0959930218756199,0.1019790679216385,0.016361567378044128,0.4090393610298634,0.11518214293755591,0.6,0.01547172013670206,9.736420075010351e-07,0.1486349848331648
14710,0.018450976256281136,0.08655337803065777,0.020816706120967865,0.5204175535589457,0.14226740322774276,0.7,0.00019746551697608083,9.735884154467249e-07,0.1487360970677452
14720,0.4143731962889433,0.272864805907011,0.02175116091966629,0.5437794122844934,0.12022293496411293,0.5,4.012231826782227,9.735347704430177e-07,0.14883720930232558
14730,-0.09715764336287976,0.18044252544641495,0.007928760349750518,0.2489996027201414,0.1591406846535392,0.6,1.4147933143249247e-05,9.734810724959114e-07,0.14893832153690598
14740,0.08537338133901358,0.10074685029685497,0.042604675889015196,1.0651173178106546,0.16440349044278263,0.5,0.006510711740702391,9.734273216114095e-07,0.14903943377148635
14750,0.009060478024184703,0.048407142609357835,0.020452097058296204,0.5109361750073731,0.16076679290272294,0.7,1.3335062476471649e-06,9.733735177955217e-07,0.14914054600606674
14760,0.14241322623565794,0.11513972114771605,0.02508784532546997,0.6271970715373755,0.14051154940389096,0.5,1.0352106301070307e-06,9.733196610542638e-07,0.1492416582406471
14770,0.37584684491157533,0.2841883569955826,0.04645585417747498,1.1613973453640938,0.08106049897614867,0.6,0.000954451214056462,9.732657513936569e-07,0.1493427704752275
14780,0.1115659836679697,0.17249877750873566,0.03654423952102661,0.9221358142793179,0.1341534939594567,0.7,2.1539909839630127,9.732117888197282e-07,0.14944388270980788
14790,0.16907994262874126,0.14528958648443221,0.046620532870292664,0.7694235309958458,0.20432476992718876,0.4,5.450103759765625,9.731577733385113e-07,0.14954499494438828
14800,0.03356759548187256,0.01918148398399353,0.03495877087116241,0.8739691898226738,0.07975350718479604,0.9,0.013712242245674133,9.731037049560454e-07,0.14964610717896865
14810,-0.012187514454126358,0.13374826312065125,0.020897163450717925,0.5224291831254959,0.17222771674860268,0.5,4.398789882659912,9.730495836783752e-07,0.14974721941354904
14820,0.18011857978999615,0.18702373895794153,0.0010534685105085372,0.42024297192692756,0.15628371362108737,0.4,2.8907837867736816,9.729954095115522e-07,0.1498483316481294
14830,0.06300432904390618,0.10988065265701152,0.02777789533138275,0.6533791728317737,0.1713445389876142,0.4,1.2491669654846191,9.72941182461633e-07,0.1499494438827098
14840,0.14781626053154467,0.20848198384046554,0.03202236592769623,0.7884878274053335,0.17075340965529903,0.5,9.792706489562988,9.728869025346806e-07,0.15005055611729018
14850,0.2113995611667633,0.31989135444164274,0.02099594920873642,0.6553141847252846,0.16831431626342236,0.5,2.6862680912017822,9.728325697367636e-07,0.15015166835187058
14860,0.20053424760699273,0.2957502268254757,0.05174021720886231,1.418635381385684,0.24881562642985955,0.1,0.030160080641508102,9.727781840739569e-07,0.15025278058645097
14870,0.030417239665985106,0.09088207334280014,0.025579792261123658,0.6394951160997152,0.10100107291946188,0.7,4.477230072021484,9.727237455523407e-07,0.15035389282103134
14880,0.11231565177440643,0.1468343324959278,0.03818126916885376,0.9661132492125034,0.1633830739883706,0.4,2.837566375732422,9.72669254178002e-07,0.15045500505561174
14890,0.1662396550178528,0.20072131603956223,0.025634783506393432,0.6469228163361549,0.09329368963371962,0.7,0.08791162073612213,9.726147099570328e-07,0.1505561172901921
14900,0.16251991367898883,0.12673106770962478,0.030491024255752563,0.7554334815591573,0.18226160657359286,0.5,0.6580849289894104,9.725601128955315e-07,0.1506572295247725
14910,0.09620323851704597,0.21659577395766974,0.031089344620704652,0.7772337224334478,0.18620833372697235,0.3,1.216785192489624,9.725054629996021e-07,0.15075834175935288
14920,0.0807590737938881,0.1181220281869173,0.00872655287384987,0.21816386096179485,0.09672374529764056,0.7,0.6444306969642639,9.72450760275355e-07,0.15085945399393327
14930,0.11885100081562996,0.2507035981863737,0.03396704494953155,0.8491761706769466,0.16667175161419437,0.5,7.565065970993601e-06,9.723960047289063e-07,0.15096056622851364
14940,0.07853584811091423,0.07853403985500336,0.034736424684524536,0.8684109501540661,0.16182868159376085,0.6,5.7864555856212974e-05,9.723411963663775e-07,0.15106167846309404
14950,0.0027715467265807094,0.03146027344046161,0.01647954136133194,0.41198881790041925,0.15001996014034374,0.6,0.0009560894104652107,9.72286335193897e-07,0.1511627906976744
14960,0.059642791748046875,0.0340815931558609,0.01691400706768036,0.42285011112689974,0.08118139017606155,0.9,0.0017438394716009498,9.72231421217598e-07,0.1512639029322548
14970,0.3004251129925251,0.1844047337770462,0.0275985985994339,0.6906212985515594,0.09566998517839238,0.6,1.8389503955841064,9.721764544436205e-07,0.15136501516683518
14980,-0.1080034002661705,0.0651136353611946,0.008176467567682266,0.2044113501906395,0.09556145472452045,0.7,2.466986416038708e-06,9.721214348781098e-07,0.15146612740141557
14990,0.008675996214151382,0.007902444899082183,0.012565393745899201,0.31413477919995786,0.0778388531296514,0.9,1.0946748716378352e-06,9.720663625272174e-07,0.15156723963599594
15000,0.003615948557853699,0.04581726938486099,0.004371533170342445,0.10928834117949009,0.0800113137695007,0.8,4.050367832183838,9.720112373971009e-07,0.15166835187057634
15010,0.23755066748708487,0.15993072520941495,0.030116647481918335,0.7529159311205149,0.12604686312843114,0.6,2.5449063777923584,9.71956059493923e-07,0.15176946410515674
15020,0.21057558469474316,0.14455317705869675,-0.0018553419038653373,0.3497197080403566,0.1142521855654195,0.5,7.412344302792917e-07,9.719008288238535e-07,0.1518705763397371
15030,0.19557271306402982,0.15393614595523103,0.02164745330810547,0.5411867462098598,0.1259147642296739,0.5,1.2243954188306816e-05,9.718455453930672e-07,0.1519716885743175
15040,0.19065738022327422,0.10894708037376404,0.014486345648765563,0.3621592551469803,0.10802731186849997,0.8,1.149874606198864e-05,9.717902092077447e-07,0.15207280080889787
15050,0.0005532214418053627,0.12927070036530494,0.008627436310052871,0.31487313807010653,0.14543813496129587,0.7,1.023459731186449e-06,9.717348202740734e-07,0.15217391304347827
15060,0.02167622447013855,0.019743575155735014,0.007959328591823578,0.19898333661258222,0.07854532991768792,0.9,0.0002960833953693509,9.716793785982455e-07,0.15227502527805864
15070,0.06848809346556664,0.16960509829223155,0.02046576887369156,0.5116444051265716,0.17044902321649716,0.4,1.9547125101089478,9.7162388418646e-07,0.15237613751263904
15080,-0.038836339861154555,0.029359320551156996,0.0037401348352432253,0.0935034066438675,0.08918275947216898,0.8,4.04886168325902e-06,9.715683370449215e-07,0.1524772497472194
15090,0.163512659072876,0.13948103934526443,0.020636074244976044,0.49600918032228947,0.13787581569049506,0.7,9.139156463788822e-05,9.715127371798402e-07,0.1525783619817998
15100,0.2050466958899051,0.1376984770409763,0.015812762081623077,0.47338023595511913,0.13055699890246614,0.5,1.8069457610181416e-06,9.714570845974324e-07,0.15267947421638017
15110,0.036041221022605895,0.03282778561115265,0.00789136290550232,0.19728402979671955,0.10718682155711576,0.9,1.0447042768646497e-06,9.714013793039205e-07,0.15278058645096057
15120,0.1662752352654934,0.1838359534740448,0.01684985011816025,0.4212459776550531,0.1385013922583312,0.6,5.2685454647871666e-06,9.713456213055325e-07,0.15288169868554094
15130,0.22110961079597474,0.3036592543125153,0.015125297009944916,0.6411019470542669,0.1347641422296874,0.5,40.74257278442383,9.712898106085023e-07,0.15298281092012134
15140,-0.031880709156394,0.15446298494935035,0.008183372020721436,0.2101316023617983,0.16655038751196116,0.5,0.09495163708925247,9.712339472190702e-07,0.1530839231547017
15150,0.1277732841670513,0.15019169077277184,0.0289219468832016,0.7230487827211618,0.12444767173146828,0.5,2.3885018825531006,9.711780311434816e-07,0.1531850353892821
15160,0.08269166499376297,0.18308363892138005,0.011914308369159698,0.2978578008711338,0.12036460159579292,0.6,1.9508072455209913e-06,9.711220623879882e-07,0.1532861476238625
15170,0.16237861439585685,0.18858782052993775,0.03123055100440979,0.7807646419852972,0.10851191160036251,0.7,1.1094997489635716e-06,9.710660409588478e-07,0.15338725985844287
15180,0.09303904939442872,0.17428825832903386,0.020241039991378783,0.5060260783880949,0.14914408762706444,0.6,80.28054809570312,9.710099668623236e-07,0.15348837209302327
15190,0.12137022912502289,0.24132319688796997,0.023716428875923158,0.5929112445563078,0.12271444844081998,0.7,0.021455127745866776,9.70953840104685e-07,0.15358948432760364
15200,0.04061988890171051,0.09862263649702072,0.02856733798980713,0.7141837861388922,0.1900283624534495,0.4,5.0990471839904785,9.708976606922075e-07,0.15369059656218403
15210,0.14413184747099878,0.2664492554962635,0.04092187881469726,0.7390593189746142,0.18153695170767606,0.4,1.0744328164946637e-06,9.70841428631172e-07,0.1537917087967644
15220,0.3274215221405029,0.3450931809842587,0.03711846470832825,0.9279620047658682,0.12426133225671947,0.5,0.027036545798182487,9.707851439278654e-07,0.1538928210313448
15230,0.03757353657856584,0.03911598585546017,0.021441885828971864,0.5360471263527871,0.12069036751054227,0.8,0.006226314697414637,9.707288065885807e-07,0.15399393326592517
15240,0.03618115186691284,0.1769331254065037,0.02646208107471466,0.723046064004302,0.1127239924040623,0.6,64.81526184082031,9.70672416619617e-07,0.15409504550050557
15250,0.029846915602684022,0.11728092692792416,0.015614475309848785,0.39036198779940606,0.23483659407356755,0.4,3.7609992027282715,9.706159740272783e-07,0.15419615773508594
15260,0.14732226133346557,0.0841841459274292,0.014151325821876526,0.353783293440938,0.09560312287649139,0.6,3.910628318786621,9.705594788178758e-07,0.15429726996966633
15270,-0.03496576473116875,0.11792145669460297,0.019564609229564666,0.48911494463682176,0.14435443027177824,0.6,1.4392850289368653e-06,9.705029309977255e-07,0.1543983822042467
15280,0.08435191359021701,0.08903672227170319,0.020835572481155397,0.5208890985697507,0.12444603191688657,0.6,9.00882339477539,9.7044633057315e-07,0.1544994944388271
15290,-0.06445378810167313,0.08314288705587387,0.016401420533657073,0.41003560461103916,0.11066323965787887,0.8,0.008154894225299358,9.70389677550477e-07,0.15460060667340747
15300,0.181297742202878,0.3296630525495857,0.030969956517219545,0.804236925765872,0.18740205717040226,0.2,2.6726810932159424,9.703329719360412e-07,0.15470171890798787
15310,0.054549499228596685,0.19625355452299117,0.017504778504371644,0.43761965036392214,0.14554303232580423,0.6,20.996423721313477,9.70276213736182e-07,0.15480283114256826
15320,0.18334581963717939,0.154943623021245,0.030520930886268616,0.7729825556278229,0.1173531164531596,0.4,7.795646667480469,9.702194029572456e-07,0.15490394337714863
15330,0.04972759960219264,0.13973429165780543,0.011315184086561203,0.2828795488923788,0.15761944744735956,0.6,2.3851946480135666e-06,9.701625396055837e-07,0.15500505561172903
15340,0.12676159865222872,0.11991802714765072,0.029055690765380858,0.7263929776847362,0.14541611892636866,0.5,0.02956962212920189,9.701056236875538e-07,0.1551061678463094
15350,0.07496281266212464,0.1459464967250824,0.0047567557543516156,0.1189190149307251,0.09688767240149901,0.8,1.0820793931998196e-06,9.700486552095193e-07,0.1552072800808898
15360,0.1636839410290122,0.12470670193433761,0.027326589822769164,0.6878944870084525,0.1401470046490431,0.5,1.294221533498785e-06,9.699916341778496e-07,0.15530839231547017
15370,0.28400700688362124,0.258889539539814,0.008480875194072724,0.21202189065515994,0.130683484103065,0.5,51.00825881958008,9.699345605989199e-07,0.15540950455005056
15380,0.06615632846951484,0.11612078845500946,0.03180588781833649,0.7951471872627736,0.18471971575636417,0.4,8.364285469055176,9.698774344791114e-07,0.15551061678463093
15390,0.003938061650842428,0.2284920483827591,0.004025880992412567,0.283277178555727,0.1673878996632993,0.5,1.2040852652717149e-06,9.698202558248107e-07,0.15561172901921133
15400,0.15672616064548492,0.22348198890686036,0.043883538246154784,1.0970886040478944,0.1494321469333954,0.3,7.670962986594532e-06,9.697630246424113e-07,0.1557128412537917
15410,0.1388014664873481,0.13334838300943375,0.0173772469162941,0.5157699167728425,0.12989298199536278,0.6,0.04716549813747406,9.697057409383112e-07,0.1558139534883721
15420,0.08610079959034919,0.07333114072680473,0.023939874768257142,0.5984964188188314,0.1093020108062774,0.7,0.032103925943374634,9.696484047189154e-07,0.15591506572295247
15430,-0.03415066376328468,0.046484435349702834,0.004299814254045487,0.10749537162482739,0.09473888858919963,0.7,2.7997373308608076e-06,9.695910159906344e-07,0.15601617795753286
15440,0.22082462348043919,0.20765927098691464,0.0065728224813938144,0.5756533510982991,0.13664316992508246,0.4,0.08743716776371002,9.695335747598845e-07,0.15611729019211323
15450,-0.03414261732250452,0.32152179945260284,0.03023275136947632,0.7558187518268824,0.19457397252554073,0.3,1.070685016202333e-06,9.694760810330876e-07,0.15621840242669363
15460,0.0995795600116253,0.13922631740570068,0.018259771168231964,0.4564947597682476,0.1175958916079253,0.7,32.770477294921875,9.69418534816672e-07,0.156319514661274
15470,0.024034521263092756,0.05194030031561851,0.013842833042144776,0.3460709501057863,0.14224229962565005,0.5,9.697578207124025e-06,9.693609361170715e-07,0.1564206268958544
15480,0.04042983651161194,0.10322299003601074,0.00800994634628296,0.2002486664801836,0.09162173330551013,0.9,0.030310016125440598,9.693032849407263e-07,0.1565217391304348
15490,0.04634638205170631,0.1033242553472519,0.001046355813741684,0.026158863678574562,0.09646814628504216,0.8,1.1036288015020546e-05,9.692455812940816e-07,0.15662285136501516
15500,0.27012345609255134,0.2457841465715319,0.03901996314525604,0.9824952617287636,0.14158034105785192,0.4,46.67683792114258,9.69187825183589e-07,0.15672396359959556
15510,0.34400118663907053,0.2363409224897623,0.021651729941368103,1.0425374779850245,0.15030477750115095,0.3,4.077169418334961,9.691300166157061e-07,0.15682507583417593
15520,0.04493773048743606,0.032251182664185765,0.03628858327865601,0.9072150509804487,0.12025018475251273,0.7,0.04789471998810768,9.690721555968961e-07,0.15692618806875633
15530,0.35867182314395907,0.25335393100976944,0.035797545313835145,0.8949384424835444,0.11897398988949134,0.5,6.40714168548584,9.690142421336283e-07,0.1570273003033367
15540,0.02118629142642021,0.028644917905330657,0.009942550957202912,0.24856380373239517,0.07123238624772057,0.8,3.2337989807128906,9.689562762323773e-07,0.1571284125379171
15550,0.056214017979800704,0.2866012368351221,0.020179516077041625,0.4963965851813555,0.14002633527852595,0.5,8.616168543085223e-07,9.68898257899624e-07,0.15722952477249746
15560,0.06314942743629218,0.10383356288075447,0.018176063895225525,0.45440177991986275,0.14735149301122874,0.6,1.0666054777175304e-06,9.688401871418557e-07,0.15733063700707786
15570,0.08459761887788772,0.09611139222979545,0.02861737608909607,0.7154345471411944,0.10777862493414432,0.6,0.029347706586122513,9.687820639655644e-07,0.15743174924165823
15580,-0.0063382359221577644,0.12885482832789422,0.023787525296211243,0.5946883764117956,0.16871124730678275,0.5,0.8317327499389648,9.687238883772485e-07,0.15753286147623863
15590,0.02290673297829926,0.06978894616477191,0.01676621437072754,0.41915561258792877,0.1622798220952973,0.6,0.022532932460308075,9.68665660383413e-07,0.157633973710819
15600,0.11735879620537162,0.20704659968614578,0.014395612478256225,0.5252773489803075,0.19213455190183595,0.5,0.047804057598114014,9.686073799905672e-07,0.1577350859453994
15610,0.12350028511136771,0.14260867852717637,0.017943109571933746,0.44366241432726383,0.17473483530338854,0.4,4.371568202972412,9.685490472052275e-07,0.15783619817997976
15620,0.07375617772340774,0.05569354221224785,0.012995916604995727,0.4780716221779585,0.06754791585262865,0.7,4.7968813305487856e-05,9.68490662033916e-07,0.15793731041456016
15630,0.02354154735803604,0.047611850500106814,0.011187287420034409,0.2796822290867567,0.08872651342535391,0.8,1.2016857908747625e-06,9.6843222448316e-07,0.15803842264914056
15640,0.0571732965297997,0.1119481272995472,0.01768200397491455,0.4710504595190287,0.24317120447522028,0.3,8.090906362667738e-07,9.683737345594936e-07,0.15813953488372093
15650,-0.013218028843402863,0.03534578308463097,0.009064815938472748,0.19031364060938358,0.09579838182544335,0.8,5.570148914557649e-06,9.683151922694557e-07,0.15824064711830133
15660,0.1907477891072631,0.23632544055581092,0.019331057369709016,0.48327609747648237,0.14751687843818218,0.4,10.086091041564941,9.682565976195918e-07,0.1583417593528817
15670,0.0038997458294034006,0.0424966455437243,0.015457332134246826,0.46063432209193705,0.1396891093463637,0.8,1.6688300371170044,9.681979506164533e-07,0.1584428715874621
15680,0.15331605970859527,0.18009530305862426,0.008913592249155045,0.640731044858694,0.10170969967730344,0.7,0.052175089716911316,9.68139251266597e-07,0.15854398382204246
15690,0.14013302344828843,0.17975761592388154,0.010808773338794708,0.2702191799879074,0.11219390721525997,0.7,7.083141803741455,9.680804995765857e-07,0.15864509605662286
15700,-0.0019398575648665428,0.13063778607174753,0.018641696870326997,0.4660427164286375,0.1713506835512817,0.6,7.961178198456764e-06,9.680216955529881e-07,0.15874620829120323
15710,0.07505617439746856,0.17156662940979003,0.014540547132492065,0.3635136619210243,0.16718350272858515,0.6,36.73790740966797,9.679628392023791e-07,0.15884732052578363
15720,0.032011610269546506,0.039568476006388666,0.006675224006175995,0.1668805904686451,0.12302149917231872,0.7,3.133537769317627,9.679039305313386e-07,0.158948432760364
15730,0.16476665204390883,0.09799487553536892,0.021641631424427033,0.6107742790132761,0.11236293802503497,0.7,0.0017374965827912092,9.678449695464534e-07,0.1590495449949444
15740,-0.02285409942269325,0.20867732129991054,0.007082262635231018,0.3093150720000267,0.1417398848105222,0.5,7.236018859657634e-07,9.677859562543152e-07,0.15915065722952476
15750,0.03903025982435793,0.1577279252000153,0.015537172555923462,0.388429157435894,0.18670669064158574,0.5,10.295482635498047,9.677268906615221e-07,0.15925176946410516
15760,0.35278101116418836,0.2082067012786865,0.02088117301464081,0.5220292571932077,0.10946891286876052,0.6,1.8707276012719376e-06,9.67667772774678e-07,0.15935288169868553
15770,0.018927647173404692,0.033858805894851685,0.011406141519546508,0.28515357002615926,0.12658256597351283,0.8,1.0524535127842682e-06,9.676086026003925e-07,0.15945399393326593
15780,0.12716396600008012,0.10766645073890686,0.010181185603141785,0.33028822802007196,0.09696512054651976,0.7,0.08355707675218582,9.675493801452808e-07,0.15955510616784632
15790,0.16458232011646032,0.09558567563071847,0.017040544748306276,0.42601375579833983,0.08610252898652107,0.6,0.2167109102010727,9.674901054159648e-07,0.1596562184024267
15800,0.043736381083726884,0.11015016920864582,0.016384433209896087,0.36294738482683897,0.1724980180966668,0.5,1.4861698218737729e-06,9.674307784190713e-07,0.1597573306370071
15810,0.10485199149698018,0.07727844193577767,0.014385664463043213,0.48155927546322347,0.13443641912890597,0.6,6.978925704956055,9.673713991612335e-07,0.15985844287158746
15820,0.081487767980434,0.1370960447588004,0.02359805554151535,0.7250391043722629,0.16720868662232533,0.2,0.0066905273124575615,9.673119676490904e-07,0.15995955510616786
15830,0.12333157509565354,0.1544063150882721,0.010476614534854888,0.261915622651577,0.09481920113321393,0.8,1.023997538140975e-05,9.672524838892863e-07,0.16006066734074822
15840,0.06252602320164442,0.1763695314526558,0.009989570081233978,0.5260829459875822,0.1357335946406238,0.6,5.860767841339111,9.67192947888472e-07,0.16016177957532862
15850,0.20637341141700744,0.12400044202804565,0.022991792857646944,0.5747953183948994,0.07661243752809241,0.7,3.5714590467250673e-06,9.671333596533042e-07,0.160262891809909
15860,0.08620695602148772,0.08677761033177375,0.015467976033687592,0.38669926337897775,0.14792901423061267,0.7,0.00867434497922659,9.670737191904446e-07,0.1603640040444894
15870,-0.00020964567083865405,0.0003750255797058344,0.014268229901790618,0.3567057210952044,0.0734585773316212,0.9,4.524758338928223,9.670140265065616e-07,0.16046511627906976
15880,0.2768631772138178,0.40156182572245597,0.029161590337753295,0.7289526435197331,0.1891207033651881,0.4,1.1461327176220948e-06,9.669542816083292e-07,0.16056622851365016
15890,0.2631484117358923,0.16196675598621368,0.04246148467063904,1.0615375451743603,0.07626658035442233,0.6,3.7327077388763428,9.668944845024268e-07,0.16066734074823052
15900,0.045894986391067503,0.026225706934928893,0.023858463764190672,0.5964623428881168,0.06432480571093038,0.9,1.2002182006835938,9.668346351955403e-07,0.16076845298281092
15910,0.3782397761940956,0.2590343490242958,0.049907156825065614,1.2476790770888329,0.10922821407439187,0.4,0.3594643175601959,9.667747336943611e-07,0.1608695652173913
15920,0.23564283289015292,0.1494178711436689,0.05025355219841003,1.2563390851020813,0.1110278541687876,0.5,1.2707797288894653,9.667147800055864e-07,0.1609706774519717
15930,0.049677053838968276,0.11326436139643192,0.025227588415145875,0.630689849704504,0.18072077555116267,0.5,0.011613779701292515,9.666547741359194e-07,0.16107178968655209
15940,0.1536834782920778,0.16064639240503312,0.0300454705953598,0.9870721749961376,0.1795034499373287,0.5,0.012162834405899048,9.66594716092069e-07,0.16117290192113246
15950,0.38494367614621294,0.2752787420526147,0.03137927949428558,0.784481980651617,0.17644211010774596,0.4,0.05393439903855324,9.665346058807496e-07,0.16127401415571285
15960,0.1051518090069294,0.0789855979848653,0.020419982075691224,0.5104997999966144,0.08997518435353413,0.6,6.577614385605557e-06,9.664744435086824e-07,0.16137512639029322
15970,0.13627142906188966,0.1665104627609253,0.00752970352768898,0.4437936846166849,0.1126308823004365,0.6,2.6055859052576125e-06,9.664142289825935e-07,0.16147623862487362
15980,0.09912699572741986,0.06682209633290767,0.027811351418495178,0.7044058132916688,0.11566669105086476,0.6,0.9091489911079407,9.663539623092151e-07,0.161577350859454
15990,0.039612607657909395,0.05633280575275421,0.020394988358020782,0.5098747033625841,0.11214793433900923,0.7,0.060263849794864655,9.662936434952857e-07,0.16167846309403439
16000,0.18815482184290885,0.1194406844675541,0.026232916116714477,0.6558228295296431,0.07874678422231227,0.6,1.6648237705230713,9.662332725475487e-07,0.16177957532861476
16010,0.07516654506325722,0.2625924676656723,0.045599627494812014,1.1399907290935516,0.14785817455267533,0.5,6.9390880526043475e-06,9.661728494727541e-07,0.16188068756319515
16020,0.09431455072481185,0.09479801391717046,0.03816483616828918,0.9541210319846869,0.1296274560969323,0.6,5.82329797744751,9.661123742776578e-07,0.16198179979777552
16030,0.022316973190754652,0.01454653674736619,0.016978935897350313,0.4331599447876215,0.10277688241330907,0.7,0.0044767288491129875,9.660518469690205e-07,0.16208291203235592
16040,0.020863689854741095,0.020075346529483794,0.026547253131866455,0.6636812269687653,0.1042862529749982,0.7,5.216930866241455,9.6599126755361e-07,0.1621840242669363
16050,-0.038942113518714905,0.12569416761398317,0.011696834117174149,0.29242094345390796,0.11120303238276392,0.7,1.1360136795701692e-06,9.659306360381992e-07,0.16228513650151669
16060,0.13717490136623384,0.19969092607498168,0.028198561072349547,0.7049642112106085,0.13449194384738802,0.5,32.894920349121094,9.65869952429567e-07,0.16238624873609706
16070,0.11300651021301747,0.08816189765930176,0.027465951442718507,0.6866487812250852,0.21386835500597953,0.4,0.042781077325344086,9.65809216734498e-07,0.16248736097067745
16080,0.13456119298934938,0.20812225937843323,0.018751063942909242,0.46877683103084566,0.14536406901897864,0.5,0.014005501754581928,9.65748428959783e-07,0.16258847320525785
16090,0.07400522567331791,0.17868006527423858,0.014961665868759156,0.3740415215492249,0.11971108091529459,0.7,16.55927848815918,9.65687589112218e-07,0.16268958543983822
16100,0.18006378468126058,0.13408739864826202,0.038012799620628354,0.9503196474164725,0.1549752935417928,0.6,0.060253556817770004,9.656266971986054e-07,0.16279069767441862
16110,0.20559922568500041,0.20331777930259703,-0.014865228533744812,0.2563229551538825,0.1385127828689292,0.5,0.007912523113191128,9.655657532257532e-07,0.16289180990899899
16120,0.13855018101166933,0.11694506481289864,0.02218967229127884,0.5347282648086548,0.19172761611407624,0.4,0.9834465384483337,9.655047572004752e-07,0.16299292214357938
16130,0.17741705030202864,0.13761689960956575,0.01815650761127472,0.4539127616211772,0.1133148958091624,0.7,4.919046878814697,9.65443709129591e-07,0.16309403437815975
16140,0.05640362054109573,0.04664118401706219,0.01849304884672165,0.462326443195343,0.10804427242837847,0.6,1.7428131103515625,9.65382609019926e-07,0.16319514661274015
16150,0.2563320524990559,0.18429468870162963,0.041728037595748904,1.043201394751668,0.1566712852800265,0.6,8.179496830962307e-07,9.653214568783118e-07,0.16329625884732052
16160,0.06432880430947989,0.06087284393142909,0.013449960947036743,0.336249154061079,0.11554215304786339,0.6,7.626803153470973e-07,9.652602527115849e-07,0.16339737108190092
16170,0.19727952182292938,0.25979547798633573,0.028372412919998168,0.7093107558786869,0.07649074085056781,0.6,3.0469170724245487e-06,9.651989965265888e-07,0.16349848331648129
16180,-0.07364601567387581,0.22462247014045716,0.011783839762210846,0.2945961758494377,0.13548935839207843,0.6,0.018474377691745758,9.651376883301718e-07,0.16359959555106168
16190,0.05549757005646825,0.053195060975849626,0.008139609545469283,0.20349010899662973,0.08956139852525666,0.8,1.4863849173707422e-06,9.65076328129189e-07,0.16370070778564205
16200,0.17093396391719579,0.17125533446669577,0.01786585748195648,0.44664662182331083,0.10427619586698711,0.6,0.0006956913275644183,9.650149159305e-07,0.16380182002022245
16210,0.24699297100305556,0.2799322634935379,0.02097906470298767,0.5244782213121653,0.1256333236931823,0.5,7.680078983306885,9.649534517409716e-07,0.16390293225480282
16220,0.015163780748844146,0.019560690224170684,0.015362752974033356,0.38406883627176286,0.10836251269793137,0.9,4.520606517791748,9.648919355674754e-07,0.16400404448938322
16230,0.04462596476078033,0.025500550866127014,0.008049563318490983,0.20123934224247933,0.04672805838054046,0.9,1.1926122169825248e-06,9.648303674168893e-07,0.1641051567239636
16240,0.15265490263700485,0.10060512274503708,0.02015897333621979,0.5039742693305016,0.06941750671248884,0.7,1.5404402017593384,9.647687472960972e-07,0.16420626895854398
16250,0.08532879054546356,0.2333304077386856,0.02574273943901062,0.6579472725628875,0.205230648862198,0.5,12.446548461914062,9.647070752119882e-07,0.16430738119312438
16260,0.0012112677097320557,0.031114949285984038,0.0036589175462722777,0.09147307686507702,0.0962735434412025,0.8,0.0005353608867153525,9.646453511714576e-07,0.16440849342770475
16270,0.15638574976474046,0.17672110330313445,0.0414804071187973,1.0370103131979704,0.12412973414175213,0.4,5.718053216696717e-06,9.645835751814062e-07,0.16450960566228515
16280,0.07048620623536409,0.1230382117209956,0.03690567314624786,0.9226423412561416,0.15968286368297413,0.6,8.350349389729672e-07,9.645217472487412e-07,0.16461071789686552
16290,0.08490187153220177,0.11759843528270722,0.014465315639972687,0.36163271144032477,0.10530933678383007,0.6,11.841824531555176,9.644598673803752e-07,0.1647118301314459
16300,0.08562590344808996,0.06782773276790977,0.021279443800449372,0.5495078079402447,0.13857973157428205,0.4,1.1190684290340869e-06,9.643979355832265e-07,0.16481294236602628
16310,0.2640715170651674,0.33812190145254134,0.04152030348777771,1.038007415086031,0.20683770406758412,0.6,0.07114516943693161,9.643359518642196e-07,0.16491405460060668
16320,0.2780519723892212,0.1588868424296379,0.016510309278964998,0.5988764338195324,0.08520194018492475,0.6,3.416712760925293,9.642739162302842e-07,0.16501516683518705
16330,0.0109289588406682,0.021470271795988084,0.010472246259450913,0.2618062313646078,0.10744398356182501,0.7,0.01382786687463522,9.642118286883565e-07,0.16511627906976745
16340,0.23240628018975257,0.21089733839035035,0.006681085377931595,0.7233010973781347,0.1136460360721685,0.6,0.00043809873750433326,9.641496892453782e-07,0.16521739130434782
16350,0.27154584862291814,0.35266089960932734,0.02844049036502838,0.7110121704638004,0.21192102521890774,0.2,14.774188041687012,9.640874979082964e-07,0.1653185035389282
16360,0.22051253765821457,0.13890977166593074,0.019232438504695894,0.6511725708842278,0.09986457128543406,0.6,0.009727929718792439,9.640252546840648e-07,0.16541961577350858
16370,-0.02067164480686188,0.026665621995925905,0.0052324928343296054,0.13081230148673056,0.07639496538322418,0.9,0.00048402242828160524,9.639629595796422e-07,0.16552072800808898
16380,0.07289045304059982,0.10841155648231507,0.019683535397052764,0.4920883674174547,0.10653065379010514,0.8,2.5001087188720703,9.639006126019938e-07,0.16562184024266935
16390,-0.02890194356441498,0.0582781482487917,0.011859194189310075,0.2785730980336666,0.1355879859533161,0.6,6.19602108001709,9.638382137580898e-07,0.16572295247724975
16400,0.18804523348808289,0.11588288396596909,0.02859998345375061,0.7149998858571053,0.07885458121309057,0.7,3.933778771170182e-06,9.63775763054907e-07,0.16582406471183014
16410,0.009726984426379204,0.026965509727597238,0.016938060522079468,0.4234515272080898,0.11328743863850832,0.6,8.965926826931536e-05,9.637132604994278e-07,0.1659251769464105
16420,0.18049109764397145,0.21923567187041043,0.03904781043529511,0.9761953674256801,0.17718300711130724,0.4,0.00042543746531009674,9.6365070609864e-07,0.1660262891809909
16430,0.014641757495701313,0.07099194042384624,0.029961100220680235,0.7490280788391829,0.18162795399548487,0.6,0.00013038163888268173,9.635880998595378e-07,0.16612740141557128
16440,0.024620793759822845,0.044731760397553444,0.01724388897418976,0.43109724558889867,0.1052480659680441,0.8,1.6041761909946217e-06,9.635254417891205e-07,0.16622851365015168
16450,0.04026859123259783,0.06114923879504204,0.0282939612865448,0.7073491834104061,0.1316480313311331,0.6,0.185114786028862,9.634627318943937e-07,0.16632962588473205
16460,0.23348206244409084,0.1956847234047018,0.051743483543395995,1.3057876236736774,0.27113427175208926,0.0,2.8686532974243164,9.633999701823688e-07,0.16643073811931244
16470,0.03499202132225036,0.11420555859804153,0.020638541877269746,0.5159642156213522,0.13339855516096577,0.6,2.5186196580762044e-05,9.633371566600625e-07,0.1665318503538928
16480,0.047053297609090806,0.06484990119934082,0.012908786535263062,0.3227194879204035,0.10909303391817957,0.6,2.286505377924186e-06,9.632742913344982e-07,0.1666329625884732
16490,0.3412668576464057,0.298912712931633,-0.019093936681747435,0.5033018007874489,0.16549734045984224,0.5,1.2437882332960726e-06,9.63211374212704e-07,0.16673407482305358
16500,0.2075179518200457,0.3177232752554119,0.029268860816955566,0.8318356424570084,0.18191322437487542,0.4,12.952197074890137,9.631484053017147e-07,0.16683518705763398
16510,0.047944470308721066,0.04238058738410473,0.022282241284847258,0.5570561263710261,0.14701117879012598,0.6,0.02812447026371956,9.630853846085702e-07,0.16693629929221435
16520,0.05732297971844673,0.07531952634453773,0.021054741740226746,0.5263688907027244,0.09743944538058713,0.6,4.7098939830902964e-05,9.63022312140317e-07,0.16703741152679474
16530,0.006329970061779022,0.2516791298985481,0.020160403847694398,0.6745260508731008,0.13886598868994043,0.6,1.668271579546854e-06,9.629591879040063e-07,0.1671385237613751
16540,0.19808524735271932,0.16019635959528386,0.01902460604906082,0.4756154056638479,0.1495300916605629,0.4,8.910739097700571e-07,9.62896011906696e-07,0.1672396359959555
16550,0.1540196968242526,0.09122021961957216,0.0050411738455295564,0.22951701357960702,0.1015534461243078,0.6,0.049391970038414,9.628327841554494e-07,0.1673407482305359
16560,0.08152606934309006,0.12232143729925156,0.02830304205417633,0.7075765881687403,0.15333215525606647,0.5,23.043901443481445,9.627695046573357e-07,0.16744186046511628
16570,0.03865534067153931,0.09144780561327934,0.03493128418922424,0.873282528296113,0.11598869207082316,0.6,0.7104949951171875,9.6270617341943e-07,0.16754297269969667
16580,0.05187338143587113,0.05635261982679367,0.020235507190227507,0.5058881286531687,0.11113997778156773,0.7,4.686151078203693e-05,9.626427904488126e-07,0.16764408493427704
16590,0.15017701238393782,0.11153553277254105,0.024711744487285615,0.617793956771493,0.11366872092476114,0.7,10.526365280151367,9.625793557525704e-07,0.16774519716885744
16600,-0.1612817108631134,0.020953930914402008,0.0006994599010795355,0.017486512288451196,0.04476989391259849,0.9,4.416191586642526e-06,9.625158693377956e-07,0.1678463094034378
16610,0.18720963338564617,0.15143717625178396,0.03214844763278961,0.8037115100771188,0.16318329039495438,0.5,0.06300289928913116,9.624523312115862e-07,0.1679474216380182
16620,0.09130464792251587,0.08316393196582794,0.020314687490463258,0.5078672364354133,0.07730939340544865,0.8,4.976802349090576,9.62388741381046e-07,0.16804853387259858
16630,0.11124689280986785,0.1712425872683525,0.01656893640756607,0.4142230499535799,0.11952088696416467,0.6,2.7629332635115134e-06,9.62325099853285e-07,0.16814964610717897
16640,0.10287238135933877,0.07512257434427738,-0.008506003022193908,0.13401380702853202,0.1273658117512241,0.7,0.1836949586868286,9.622614066354181e-07,0.16825075834175934
16650,0.09816700220108032,0.0894144356250763,0.015192022919654847,0.37980044409632685,0.07402216437039896,0.9,8.254992280853912e-07,9.62197661734567e-07,0.16835187057633974
16660,0.37532874196767807,0.3165438655763865,0.05254563093185425,0.7823981933295727,0.15115961377741768,0.4,4.756379127502441,9.621338651578583e-07,0.1684529828109201
16670,0.18663756251335145,0.10993445180356502,0.03392067849636078,0.8480170764029026,0.12256442495854572,0.6,0.04932861030101776,9.620700169124249e-07,0.1685540950455005
16680,0.07887330297380686,0.05016531497240066,0.018210846185684203,0.513486310839653,0.08394317016936839,0.8,1.2048021744703874e-06,9.620061170054055e-07,0.16865520728008088
16690,0.1716258315369487,0.17818410273175686,0.027486294507980347,0.7362246427685022,0.1362666348228231,0.5,2.101135015487671,9.61942165443944e-07,0.16875631951466127
16700,0.24060511607676743,0.23182818610221148,0.02696317434310913,0.6740800444036722,0.16261558851692826,0.4,14.4401273727417,9.618781622351908e-07,0.16885743174924167
16710,0.10056626275181771,0.1254214957356453,0.032351672649383545,0.8511386267840862,0.12660400380846112,0.5,1.5576077885270934e-06,9.618141073863017e-07,0.16895854398382204
16720,-0.012806671857833862,0.01652010977268219,0.013666895031929017,0.3416724532842636,0.07320894575677812,0.9,0.048736147582530975,9.617500009044384e-07,0.16905965621840244
16730,0.1049560360610485,0.11537600457668304,0.035648378729820254,0.8912094753235579,0.12710484229028224,0.7,1.0468490927451057e-06,9.61685842796768e-07,0.1691607684529828
16740,0.1663185879588127,0.10184474186971784,0.016541290283203124,0.4135322831571102,0.11594173657940701,0.7,0.01821896620094776,9.61621633070464e-07,0.1692618806875632
16750,0.24518803656101226,0.16509320288896562,-0.0018140897154808044,0.24100711271166803,0.0985676315613091,0.6,0.0070639681071043015,9.615573717327052e-07,0.16936299292214357
16760,0.049478850327432156,0.072358138859272,0.02604684829711914,0.6511713847517967,0.14695481655653567,0.5,6.263401031494141,9.614930587906765e-07,0.16946410515672397
16770,0.24774433374404908,0.19589686691761016,0.022258301079273225,0.7724208410829305,0.1219933689571917,0.5,8.479273674311116e-05,9.61428694251568e-07,0.16956521739130434
16780,0.05773134790360927,0.09376418869942427,0.00805577114224434,0.20139437951147557,0.0974838395952247,0.7,3.420212984085083,9.613642781225763e-07,0.16966632962588474
16790,0.16617359248921276,0.15146425366401672,0.017593353986740112,0.43983421958982943,0.1816749401506968,0.4,8.492078222843702e-07,9.612998104109035e-07,0.1697674418604651
16800,0.0,0.009672893583774567,0.011091368645429612,0.27728434577584266,0.07806910822400823,0.9,7.829844435036648e-06,9.61235291123757e-07,0.1698685540950455
16810,0.17242472469806672,0.19012047946453095,0.020708274841308594,0.6553620204329491,0.14034905763110145,0.6,0.01019198913127184,9.611707202683507e-07,0.16996966632962587
16820,0.28785045333206655,0.25547226145863533,0.02108120024204254,0.8576178789138794,0.1396397401113063,0.5,30.752233505249023,9.611060978519036e-07,0.17007077856420627
16830,0.04195378981530666,0.09759167283773422,0.04407762587070465,1.1019404418766499,0.1372990915318951,0.6,0.013637447729706764,9.610414238816412e-07,0.17017189079878664
16840,0.1063684233929962,0.10456102285534144,0.041277676820755005,1.046868220344186,0.10398080706363544,0.7,0.12454506009817123,9.609766983647942e-07,0.17027300303336704
16850,0.06869837432168424,0.12623012401163577,0.014540064334869384,0.36350152771919964,0.12999715339392423,0.7,3.0632996559143066,9.609119213085988e-07,0.17037411526794743
16860,0.16196468994021415,0.13452254440635442,0.02188710719347,0.5471777699887752,0.1301932412898168,0.7,21.373741149902344,9.60847092720298e-07,0.1704752275025278
16870,0.07174763306975365,0.07519431300461292,0.01893551051616669,0.4757421564310789,0.14125326253706588,0.5,0.026807431131601334,9.607822126071397e-07,0.1705763397371082
16880,0.04912131987512112,0.052379438281059267,0.011989768594503403,0.2997442476451397,0.09996479584369808,0.8,0.009029378183186054,9.607172809763776e-07,0.17067745197168857
16890,0.21488523632287979,0.1271003045141697,0.02781493067741394,0.6953733850270509,0.11478870830032975,0.7,3.611687498050742e-05,9.606522978352715e-07,0.17077856420626897
16900,0.0965352856554091,0.0722768378444016,0.03071429431438446,0.7678572036325931,0.10039809707086533,0.6,0.04457968845963478,9.60587263191087e-07,0.17087967644084934
16910,0.14370340332388878,0.12124023772776127,0.017566031217575072,0.43915116526186465,0.11540118127595633,0.6,0.0005489472532644868,9.60522177051095e-07,0.17098078867542973
16920,0.07373577356338501,0.272881019115448,0.02797975540161133,0.6994936671108007,0.15735698874341325,0.4,0.9490185976028442,9.604570394225725e-07,0.1710819009100101
16930,0.2708438988775015,0.24592837318778038,0.03618902564048767,0.9047255124896765,0.15472466120263562,0.5,4.220186710357666,9.603918503128025e-07,0.1711830131445905
16940,0.09216434359550477,0.05357064288109541,0.03527362048625946,0.8818408530205488,0.10669474801979958,0.8,5.4125895500183105,9.60326609729073e-07,0.17128412537917087
16950,0.008570287958718836,0.054072200879454614,0.015279959142208099,0.3819990575313568,0.195838159089908,0.6,4.5257673263549805,9.602613176786785e-07,0.17138523761375127
16960,0.22948052287101744,0.1612685926258564,0.011463453620672226,0.28658677265048027,0.09758855104446411,0.7,1.0108733476954512e-06,9.601959741689186e-07,0.17148634984833164
16970,0.08283656239509582,0.09022303149104119,0.03192881047725678,0.8004670768976212,0.1400806137127802,0.7,0.27520763874053955,9.601305792070995e-07,0.17158746208291203
16980,0.39131838753819465,0.3246698632836342,0.02497798502445221,0.6244501728564501,0.11452546617947519,0.5,3.6824522018432617,9.600651328005324e-07,0.1716885743174924
16990,0.21560637056827545,0.16360438019037246,0.031431528925895694,0.7857882585376501,0.11112003322923555,0.5,1.1170986890792847,9.599996349565345e-07,0.1717896865520728
17000,0.06651478856801987,0.06195925027132034,0.01856452375650406,0.4641134846955538,0.10615020216209814,0.7,1.4359475244418718e-06,9.59934085682429e-07,0.1718907987866532
17010,0.15206034574657679,0.18260122146457433,0.04061247408390045,1.0164843786507844,0.18053820721106603,0.3,1.6763062477111816,9.598684849855442e-07,0.17199191102123357
17020,-0.0628426780924201,0.05490019181743264,0.027232712507247923,0.6808180335909129,0.15939984496217222,0.6,8.693791389465332,9.598028328732147e-07,0.17209302325581396
17030,0.04176883399486542,0.03328913077712059,0.0003571591805666685,0.008928954973816872,0.057299635652452705,0.8,1.7726915757521056e-06,9.59737129352781e-07,0.17219413549039433
17040,0.31867709159851076,0.20846194475889207,0.05036578774452209,1.2591454073786736,0.10600804322166368,0.5,1.3353102303881315e-06,9.596713744315887e-07,0.17229524772497473
17050,0.2797523707151413,0.25480966866016386,0.03867077231407166,0.9667691189795733,0.08548461773898453,0.7,0.017289793118834496,9.596055681169896e-07,0.1723963599595551
17060,0.0007668123580515385,0.004006370529532432,0.0038432560861110686,0.10556043535470963,0.09311659908853472,0.8,1.279111415897205e-06,9.595397104163414e-07,0.1724974721941355
17070,0.04499198687262833,0.14350809641182422,0.022579407691955565,0.564489621296525,0.16074333018623294,0.5,1.8926082849502563,9.594738013370071e-07,0.17259858442871587
17080,0.06298695504665375,0.09895765818655491,0.016130761802196504,0.40326922573149204,0.10173262392636388,0.7,5.173772933630971e-06,9.594078408863555e-07,0.17269969666329626
17090,0.07749679498374462,0.08116048462688923,0.02842942178249359,0.7107356853783131,0.15153389180777593,0.6,0.01848316192626953,9.593418290717616e-07,0.17280080889787663
17100,0.2670110195875168,0.1829891175031662,0.02314119040966034,0.8986166693270207,0.0925050514168106,0.6,1.2308993339538574,9.592757659006056e-07,0.17290192113245703
17110,0.1782911453396082,0.10890683718025684,0.017597053945064545,0.43992634043097495,0.08540891062002628,0.7,2.4404101371765137,9.592096513802738e-07,0.1730030333670374
17120,0.14722226858139037,0.14177754521369934,0.021662753820419312,0.5415691558271647,0.09056974396808073,0.7,8.06643674877705e-06,9.591434855181582e-07,0.1731041456016178
17130,0.1792207956314087,0.10427088029682637,0.03465601205825806,0.8519494395703078,0.09540907579939813,0.7,0.050713375210762024,9.59077268321656e-07,0.17320525783619817
17140,0.13520786128938198,0.18263399507850409,0.04564383029937744,1.1410962752997875,0.14749575670575724,0.5,0.0163278691470623,9.59010999798171e-07,0.17330637007077856
17150,-0.0006208202801644802,0.017656807135790587,0.018854428827762604,0.47136082500219345,0.09776883191661909,0.8,8.327005386352539,9.589446799551122e-07,0.17340748230535896
17160,0.024813270568847655,0.06251035034656524,0.03861159086227417,0.9652895402163267,0.11667694372590631,0.8,0.04574306681752205,9.588783087998946e-07,0.17350859453993933
17170,-0.007264139503240586,0.009370458871126175,0.01753581464290619,0.43839558474719525,0.11263958810595795,0.9,0.01935480162501335,9.588118863399388e-07,0.17360970677451973
17180,0.1545790672302246,0.18325389921665192,0.028522706031799315,0.7130677707493305,0.12854129674378784,0.7,16.452190399169922,9.587454125826708e-07,0.1737108190091001
17190,0.12710336446762086,0.11939923167228698,0.019995903968811034,0.49433022141456606,0.09729266061913222,0.6,2.8971493244171143,9.58678887535523e-07,0.1738119312436805
17200,0.256840053666383,0.1479342684149742,0.022763834893703462,0.6616959616541862,0.11207863267045468,0.6,3.5623042583465576,9.586123112059333e-07,0.17391304347826086
17210,0.18940406627953052,0.15094301477074623,0.02172827869653702,0.7571580216288567,0.15494115873007103,0.4,0.057243261486291885,9.585456836013447e-07,0.17401415571284126
17220,0.13922439515590668,0.07955679893493653,0.028058674931526185,0.7014674659818411,0.08719004859449342,0.8,11.025286674499512,9.584790047292074e-07,0.17411526794742163
17230,0.013583588041365146,0.089309723675251,0.012268169969320297,0.30670774839818477,0.10695066225016489,0.8,1.2436274801075342e-06,9.584122745969753e-07,0.17421638018200203
17240,0.3808907550759614,0.2838566144462675,0.028971683979034425,1.2088649526238442,0.1714268788928166,0.3,8.019279479980469,9.583454932121101e-07,0.1743174924165824
17250,0.0750211663544178,0.06536456793546677,0.02231561839580536,0.557890610396862,0.10597703038947656,0.8,0.055628981441259384,9.582786605820777e-07,0.1744186046511628
17260,0.041407838463783264,0.11974924206733703,0.00981423705816269,0.2986640203744173,0.14476281084353104,0.6,1.8566960306998226e-06,9.582117767143505e-07,0.17451971688574316
17270,0.05823757303878665,0.15777962580323218,0.023929119110107422,0.5982282966375351,0.163956730265636,0.5,10.797677993774414,9.581448416164063e-07,0.17462082912032356
17280,0.17062848061323166,0.12726853489875795,0.012692467868328094,0.3173118010163307,0.07200997821055352,0.7,0.09511922299861908,9.58077855295729e-07,0.17472194135490393
17290,0.10383609123528004,0.14041659832000733,0.020132648944854736,0.503316157311201,0.16446942539187148,0.5,2.045576333999634,9.58010817759808e-07,0.17482305358948433
17300,0.003057030588388443,0.11417169943451881,0.005046570301055908,0.1261656977236271,0.10321773529285565,0.8,1.3054700502834748e-06,9.57943729016138e-07,0.17492416582406473
17310,0.03524823971092701,0.10188231244683266,0.02138596922159195,0.5346490751951933,0.18313543210970237,0.5,1.4106648222877993e-06,9.578765890722202e-07,0.1750252780586451
17320,0.021679796651005744,0.1012704785913229,0.02619127929210663,0.7637913651764393,0.15622982701752336,0.5,20.452560424804688,9.57809397935561e-07,0.1751263902932255
17330,0.08315732106566429,0.2595012947916985,0.0332706481218338,0.898338419944048,0.2328657163423486,0.4,5.004328727722168,9.57742155613673e-07,0.17522750252780586
17340,0.03902459181845188,0.03899029009044171,0.021092341840267183,0.5273084990680218,0.1526424250099808,0.6,5.732977867126465,9.576748621140736e-07,0.17532861476238626
17350,0.267636376619339,0.2001350998878479,0.019371111690998078,0.4842775508761406,0.10340957663720474,0.7,4.415387153625488,9.576075174442868e-07,0.17542972699696663
17360,0.05490435292012989,0.09836215376853943,0.020968252420425416,0.52420633174479,0.17134611068759115,0.7,14.900857925415039,9.575401216118423e-07,0.17553083923154703
17370,0.1594856210052967,0.26313925385475156,0.020808842778205872,0.4803814832121134,0.1900592322112061,0.4,33.956417083740234,9.57472674624275e-07,0.1756319514661274
17380,0.12427500109188258,0.17552207298576833,0.03018976151943207,0.7547440823167563,0.19610316595062613,0.4,0.21525095403194427,9.57405176489126e-07,0.1757330637007078
17390,0.03415629640221596,0.07647152505815029,0.014695170521736144,0.36737953424453734,0.14853900488233193,0.5,13.172541618347168,9.573376272139418e-07,0.17583417593528816
17400,-0.08550793826580047,0.08724803626537322,0.015800194442272188,0.3938994288444519,0.17623744338052347,0.7,0.061717186123132706,9.572700268062744e-07,0.17593528816986856
17410,0.03608766496181488,0.030238084867596625,0.015491414070129394,0.3872853424400091,0.11415587203809992,0.7,0.0006914588739164174,9.572023752736824e-07,0.17603640040444893
17420,-0.034954187273979184,0.06252794861793518,0.007615459710359573,0.1903863873332739,0.10741276098415256,0.8,1.129139491240494e-06,9.571346726237293e-07,0.17613751263902933
17430,0.1750957265496254,0.20094487443566322,0.014260289072990418,0.35650675371289253,0.15737727322848513,0.5,1.0384193274148856e-06,9.570669188639844e-07,0.1762386248736097
17440,0.050002455711364746,0.1114248901605606,0.01720290631055832,0.4300727378576994,0.1193326756474562,0.8,0.056531380861997604,9.569991140020232e-07,0.1763397371081901
17450,0.03253925135359168,0.030649453750811517,0.00984119325876236,0.2460301760584116,0.1610274597653188,0.4,0.05852305889129639,9.569312580454266e-07,0.17644084934277046
17460,0.21553546153008937,0.2321676658000797,0.02824173867702484,0.7060434233397246,0.15013519790954888,0.4,0.6122146844863892,9.568633510017807e-07,0.17654196157735086
17470,0.09947767779231072,0.1658410422503948,0.016637058556079866,0.4159264888614416,0.10742919817566872,0.6,3.1814627647399902,9.567953928786784e-07,0.17664307381193126
17480,0.014634749642573297,0.013392013707198202,0.014323820173740388,0.3580955624580383,0.10670841273386031,0.8,0.052392225712537766,9.567273836837176e-07,0.17674418604651163
17490,0.004354693833738566,0.0915142634883523,0.01743033677339554,0.4357585862278938,0.1366958911996335,0.7,43.08480453491211,9.56659323424502e-07,0.17684529828109202
17500,0.0832198191434145,0.08320619966834783,0.018655508756637573,0.4679066576063633,0.12108985022641719,0.7,6.510795742542541e-07,9.565912121086408e-07,0.1769464105156724
17510,-0.03763855136930942,0.04597410075366497,0.00640505850315094,0.16012642048299314,0.07136453582206741,0.7,1.431984060218383e-06,9.565230497437495e-07,0.1770475227502528
17520,0.2713702255859971,0.3315640985965729,0.03842045962810516,0.9605115875601768,0.15818523443304003,0.5,7.448896894857171e-07,9.56454836337449e-07,0.17714863498483316
17530,0.030914965271949767,0.05920458622276783,0.016640704870224,0.41601778864860534,0.14599863529438153,0.6,1.2151158443884924e-06,9.563865718973655e-07,0.17724974721941356
17540,0.05770993679761886,0.21178929428569973,0.015049958229064941,0.37624884843826295,0.18695627480046823,0.5,0.008497473783791065,9.56318256431132e-07,0.17735085945399393
17550,0.09847760200500488,0.07836997518315911,0.0159194216132164,0.601148160919547,0.11666218274040148,0.5,1.244392024091212e-06,9.562498899463855e-07,0.17745197168857432
17560,0.04353170767426491,0.06835939288139344,0.033753490447998045,0.8504530329257249,0.16450106840347872,0.6,0.030134528875350952,9.561814724507704e-07,0.1775530839231547
17570,0.09357505068182945,0.10771898031234742,0.040410116314888,1.010252843797207,0.15913824412273242,0.6,0.2539803087711334,9.56113003951936e-07,0.1776541961577351
17580,0.02097419835627079,0.03215009868144989,0.009041257202625275,0.2260315015912056,0.09267905146116391,0.8,1.106201125367079e-06,9.560444844575372e-07,0.17775530839231546
17590,0.3436321385204792,0.23802343830466272,0.036066466569900514,1.0148186333477498,0.10740599213168026,0.4,17.986225128173828,9.55975913975235e-07,0.17785642062689586
17600,0.24995743090985342,0.27685238571139054,0.03761910498142242,1.063085487112403,0.1421372722950764,0.3,6.998121738433838,9.559072925126957e-07,0.17795753286147623
17610,0.1425759918987751,0.1968882244080305,0.02609774172306061,0.652443639561534,0.17667961774859578,0.5,0.023051615804433823,9.558386200775915e-07,0.17805864509605662
17620,0.10740685723721981,0.08954623509198427,0.019391261041164398,0.4847821194678545,0.12701805061660706,0.6,8.883724262886972e-07,9.557698966776006e-07,0.17815975733063702
17630,0.2285667061805725,0.14198656082153321,0.01173364520072937,0.4545721974223852,0.055856891011353584,0.7,1.1021527370758122e-06,9.557011223204064e-07,0.1782608695652174
17640,0.0032050400972366334,0.16811541439965366,0.011416584253311157,0.2854147467762232,0.16094097353052347,0.6,1.6428745084340335e-06,9.556322970136982e-07,0.1783619817997978
17650,-0.010550408065319062,0.014546999707818031,0.001686609908938408,0.04216533005237579,0.09602557132020592,0.8,7.760070843687572e-07,9.555634207651707e-07,0.17846309403437816
17660,0.07425016816705465,0.15109470672905445,0.01000530570745468,0.2747613824903965,0.15055855464888737,0.5,4.170375347137451,9.554944935825251e-07,0.17856420626895855
17670,0.1340902030467987,0.36617743968963623,0.008546659350395202,0.5960202243179082,0.12921582715352997,0.6,28.364364624023438,9.554255154734676e-07,0.17866531850353892
17680,0.34522886127233504,0.25237354375422,0.0225519135594368,0.7653118208050728,0.17019885095069184,0.3,0.02237946353852749,9.5535648644571e-07,0.17876643073811932
17690,0.07211367581039667,0.04235845599323511,0.014174243807792664,0.35435618571937083,0.08152387449517846,0.8,0.0037667015567421913,9.552874065069704e-07,0.1788675429726997
17700,-0.00010874643921852112,0.023816220834851264,0.01682475060224533,0.39223193656653166,0.11425917345331982,0.6,5.004549026489258,9.552182756649722e-07,0.1789686552072801
17710,0.25065715855453163,0.16658405046910046,0.03658030927181244,0.9145080775022507,0.1619266141904518,0.2,1.0227700471878052,9.551490939274446e-07,0.17906976744186046
17720,-0.03783147931098938,0.18401252925395967,0.017146064341068266,0.4286516483873129,0.10433279137359933,0.6,3.6551599502563477,9.550798613021223e-07,0.17917087967644085
17730,0.1919946327805519,0.10971121713519097,0.014858902990818023,0.4122999306768179,0.06448197321733459,0.8,1.7025548686433467e-06,9.550105777967456e-07,0.17927199191102122
17740,0.017058375291526318,0.08960206601768732,0.013561403751373291,0.3390352111309767,0.11670547479297966,0.7,0.017007753252983093,9.549412434190612e-07,0.17937310414560162
17750,0.04788984954357147,0.1205214649438858,0.02459701895713806,0.6226743128150701,0.11431227825814858,0.8,0.005831199232488871,9.548718581768208e-07,0.179474216380182
17760,0.2800742231309414,0.18635540641844273,0.0413510799407959,1.0337771691381932,0.14244612774346024,0.4,4.596429824829102,9.548024220777822e-07,0.1795753286147624
17770,0.24557278603315352,0.1579965114593506,0.029872477054595947,0.7468123365193605,0.09724047139752656,0.6,6.875461167510366e-06,9.547329351297081e-07,0.17967644084934278
17780,0.03399534188210964,0.04089167080819607,0.020210479199886323,0.5217363204807043,0.10236351350322366,0.6,1.1114542530776816e-06,9.546633973403682e-07,0.17977755308392315
17790,0.08480858951807022,0.14795182570815085,0.01984984278678894,0.4962463665753603,0.09131242651492358,0.6,5.316965103149414,9.545938087175366e-07,0.17987866531850355
17800,-0.004669337160885334,0.06502885464578867,0.015487295389175416,0.38718235231935977,0.09477275338722393,0.8,0.021143481135368347,9.545241692689938e-07,0.17997977755308392
17810,0.05554180489853024,0.1363677991554141,0.025425684452056885,0.6468023464083672,0.17911667969310657,0.4,4.413569513417315e-06,9.54454479002526e-07,0.18008088978766432
17820,0.06223876774311066,0.06256355494260787,0.02364301383495331,0.5910757709294557,0.0949912587297149,0.8,0.04613196849822998,9.543847379259245e-07,0.18018200202224469
17830,0.10499482154846192,0.05999704003334046,0.0012427164241671563,0.19203173853456973,0.05143040420953184,0.8,1.3053202110313578e-06,9.543149460469872e-07,0.18028311425682508
17840,0.31079672649502754,0.2563682559877634,0.023643539845943452,0.5910887528210879,0.11308382614515722,0.6,2.4910383224487305,9.542451033735167e-07,0.18038422649140545
17850,0.1826514957472682,0.18441647626459598,0.029005900025367737,0.7251481257379055,0.1173586355522275,0.6,2.062804698944092,9.541752099133218e-07,0.18048533872598585
17860,0.16859673317521812,0.15661375783383846,0.026006025075912476,0.6501506362110376,0.17645891648717224,0.6,5.86677060709917e-06,9.541052656742173e-07,0.18058645096056622
17870,0.05568844638764858,0.052454006671905515,0.02292697727680206,0.5731747213751077,0.14941285155946388,0.5,1.0672102916942094e-06,9.54035270664023e-07,0.18068756319514662
17880,0.08495498709380626,0.19988531209528446,0.01698632687330246,0.42465803399682045,0.16264054334023967,0.6,0.028490504249930382,9.539652248905645e-07,0.18078867542972699
17890,0.11949550881981849,0.11642519161105155,0.009290485829114913,0.5165369611233472,0.12002744013443589,0.6,9.951774018190918e-07,9.538951283616733e-07,0.18088978766430738
17900,0.13576097879558802,0.13628266602754593,0.0549644410610199,1.374111422896385,0.18783178504090756,0.3,1.7100729792218772e-06,9.53824981085187e-07,0.18099089989888775
17910,0.4243954122066498,0.2966771826148033,0.026017707586288453,0.6504428051412106,0.1269754122127779,0.3,1.9540293216705322,9.53754783068948e-07,0.18109201213346815
17920,0.07871695067733527,0.05584894623607397,0.025611945986747743,0.6402985196560621,0.08701583842048422,0.7,1.0762315696410951e-06,9.536845343208047e-07,0.18119312436804855
17930,0.19504383392632008,0.1399232979863882,0.036447721719741824,0.8996645344886929,0.1375196758424863,0.5,0.13589030504226685,9.536142348486111e-07,0.18129423660262892
17940,0.2875001609325409,0.29761401265859605,0.046914669871330264,1.1728665113449097,0.1334673094097525,0.5,7.731142520904541,9.535438846602277e-07,0.1813953488372093
17950,0.09404274672269822,0.07138657420873643,0.027567324042320252,0.6891832619905471,0.0711851436062716,0.7,0.005063018761575222,9.534734837635193e-07,0.18149646107178968
17960,0.09814548243302852,0.05922763012349606,0.03692997097969055,0.7923203889280558,0.1258606671821326,0.6,0.02849162556231022,9.534030321663573e-07,0.18159757330637008
17970,0.13512940779328347,0.18551703318953514,0.03169196546077728,0.7922994256019592,0.16780301543185488,0.4,6.401088237762451,9.533325298766186e-07,0.18169868554095045
17980,0.08508193790912628,0.12570511251688005,0.03678899109363556,0.9246627602726221,0.10894616170553491,0.6,0.010098188184201717,9.532619769021856e-07,0.18179979777553085
17990,0.09546438045799732,0.13052409812808036,0.03887297213077545,0.9718242932111025,0.1461096743005328,0.4,8.658223669044673e-05,9.531913732509464e-07,0.18190091001011122
18000,0.12114540450274944,0.07860792800784111,0.01656237095594406,0.43446166515350343,0.0715601425850764,0.7,0.00020674952247645706,9.531207189307948e-07,0.1820020222446916
18010,0.07218420207500457,0.07090273424983025,0.02144729495048523,0.5355107597075403,0.0955135501571931,0.7,7.109677540029224e-07,9.530500139496305e-07,0.18210313447927198
18020,0.07041804455220699,0.1640937114134431,0.028026589751243593,0.7006652101874351,0.13652372834039853,0.6,15.257858276367188,9.529792583153583e-07,0.18220424671385238
18030,-0.0051855891942977905,0.05936332643032074,0.008190176635980605,0.20475443750619887,0.07713744655484334,0.8,1.6939269471549778e-06,9.529084520358893e-07,0.18230535894843275
18040,0.03797242045402527,0.14098879396915437,0.021246911585330965,0.5311727605760097,0.10900383358821272,0.8,0.03344583883881569,9.528375951191399e-07,0.18240647118301315
18050,-0.006337418220937252,0.30067299073562026,0.024503794312477113,0.6125950671732425,0.21819207579828798,0.3,3.0936217308044434,9.527666875730322e-07,0.18250758341759352
18060,0.26570315286517143,0.1578741267323494,0.023932653665542602,0.5983164921402931,0.12078351323725656,0.6,3.227964162826538,9.526957294054939e-07,0.1826086956521739
18070,0.19271719865500928,0.2657873544842005,0.03622271716594696,0.9055684376507998,0.19876476896461098,0.3,17.325977325439453,9.526247206244586e-07,0.1827098078867543
18080,0.1312762700021267,0.10869142711162567,0.02415860742330551,0.5929170858114958,0.1242581335012801,0.7,0.09652683138847351,9.525536612378655e-07,0.18281092012133468
18090,0.03439877927303314,0.05656234696507454,0.020212480425834657,0.6196918219327927,0.12359594263834879,0.7,2.0888075828552246,9.524825512536592e-07,0.18291203235591508
18100,0.1993529438972473,0.17178428769111634,0.030474868416786195,0.7279276613146066,0.1233866739552468,0.6,8.299146543322422e-07,9.5241139067979e-07,0.18301314459049545
18110,0.13449559211730958,0.0768546223640442,0.008772805333137512,0.2193203128874302,0.05138407188933343,0.9,1.3457462955557276e-05,9.523401795242143e-07,0.18311425682507584
18120,0.3610338240861893,0.24309142529964448,0.02776108682155609,0.694027129560709,0.12835440716007723,0.7,0.014651218429207802,9.522689177948937e-07,0.1832153690596562
18130,0.015396610274910927,0.010848613083362579,0.019084103405475616,0.48365824669599533,0.06555313077988104,0.9,0.025549251586198807,9.521976054997956e-07,0.1833164812942366
18140,-0.0990946538746357,0.09176140129566193,0.027014166116714478,0.6753543708473444,0.12229962850688025,0.7,36.55257034301758,9.52126242646893e-07,0.18341759352881698
18150,0.33249352388083936,0.26711452975869177,0.029832366108894347,0.7458090845495462,0.12599197907838972,0.4,1.1171457767486572,9.520548292441646e-07,0.18351870576339738
18160,0.39743738174438475,0.400906565785408,-0.019639621675014495,0.9353517178446055,0.07609913725173101,0.5,1.0020489692687988,9.519833652995949e-07,0.18361981799797775
18170,0.17770465612411498,0.13754408955574035,0.022046348452568053,0.551158805564046,0.07666241393890232,0.8,2.236517048004316e-06,9.519118508211736e-07,0.18372093023255814
18180,-0.030794968456029893,0.03387308120727539,0.010050160437822342,0.25125406719744203,0.10744799245148898,0.8,15.705521583557129,9.518402858168968e-07,0.1838220424671385
18190,0.08662966191768647,0.13378824144601822,0.056137293577194214,1.4034319277852774,0.1794867726508528,0.4,14.620561599731445,9.517686702947653e-07,0.1839231547017189
18200,0.27320475280284884,0.26454874500632286,0.045636633038520814,1.1409161880612373,0.12119129718048498,0.4,0.24818183481693268,9.516970042627865e-07,0.18402426693629928
18210,0.02367026563733816,0.013899851124733686,0.028613725304603578,0.7127618880942463,0.14011919901240616,0.8,1.674487829208374,9.516252877289728e-07,0.18412537917087968
18220,-0.0019353551790118218,0.007741419970989228,0.01374533325433731,0.3436334155499935,0.089845122594852,0.9,0.007410536985844374,9.515535207013423e-07,0.18422649140546007
18230,-0.05469866096973419,0.08451728373765946,0.012099432945251464,0.30248602069914343,0.14077580251032487,0.7,7.407178600260522e-06,9.51481703187919e-07,0.18432760364004044
18240,0.049495717883110045,0.05899686925113201,0.019525209069252016,0.488130060210824,0.10322102796053514,0.7,1.2617394986591535e-06,9.514098351967326e-07,0.18442871587462084
18250,0.12904530186206103,0.08544588834047318,0.011711751669645309,0.29279387891292574,0.09338972033001483,0.8,3.182288646697998,9.51337916735818e-07,0.1845298281092012
18260,0.27013230621814727,0.1745669014751911,0.024605640769004823,0.6151405107229948,0.0765231400844641,0.6,0.0006675029871985316,9.512659478132163e-07,0.1846309403437816
18270,0.19995523393154144,0.2452644744887948,0.04207401275634766,0.9687262436375021,0.20333183356560766,0.4,0.3477684259414673,9.511939284369737e-07,0.18473205257836198
18280,0.19969331789761782,0.13043755255639553,0.04093475937843323,1.023368715122342,0.15530855526449158,0.6,0.05761045217514038,9.511218586151425e-07,0.18483316481294237
18290,-0.2512525588274002,0.209738776832819,0.008722717314958573,0.21806776113808155,0.1192581384908408,0.5,1.346393446510774e-06,9.510497383557803e-07,0.18493427704752274
18300,0.17507751639932395,0.11305720880627632,0.02054857015609741,0.5450808864086867,0.15255427192896603,0.3,0.8672962188720703,9.509775676669506e-07,0.18503538928210314
18310,0.1381227418780327,0.16409579664468765,0.03871419429779053,0.9777248691767454,0.1527688268222846,0.5,4.2545111682557035e-06,9.509053465567222e-07,0.1851365015166835
18320,0.008034550398588181,0.06819074079394341,0.01407925933599472,0.40412305407226085,0.15180706125684082,0.6,5.6685991287231445,9.508330750331702e-07,0.1852376137512639
18330,0.014504406973719597,0.04546059370040893,0.016890406608581543,0.4222603622823954,0.11664338955888524,0.7,5.411871097749099e-05,9.507607531043745e-07,0.18533872598584428
18340,0.23434536010026932,0.16332270577549934,0.02863973081111908,0.715993020310998,0.06323149389354513,0.7,8.81933307647705,9.506883807784212e-07,0.18543983822042467
18350,0.17593792778789066,0.18223687337012962,0.032381081581115724,0.8011330630630255,0.14953156774863602,0.5,9.939130904967897e-07,9.506159580634017e-07,0.18554095045500504
18360,0.0518108531832695,0.04626770988106728,0.012934046983718871,0.32335143685340884,0.10024499248247594,0.7,1.1287195320619503e-06,9.505434849674133e-07,0.18564206268958544
18370,0.0661669827066362,0.08256001379340887,0.021041983366012575,0.526049917563796,0.11135231675580144,0.5,0.06521908938884735,9.504709614985589e-07,0.1857431749241658
18380,0.15023842109367253,0.27802418619394303,0.035716140270233156,0.8929036471992731,0.274343931954354,0.1,7.354008197784424,9.503983876649468e-07,0.1858442871587462
18390,0.20448575243353845,0.17995745018124581,0.025922510027885436,0.6480628967285156,0.11763686718186364,0.6,14.88979721069336,9.503257634746914e-07,0.1859453993933266
18400,-0.031396832689642905,0.06383828595280647,0.00922228917479515,0.23055692985653878,0.10086503567872569,0.8,1.1768610193030327e-06,9.502530889359121e-07,0.18604651162790697
18410,0.3396747766062617,0.2366562128998339,0.04793975949287414,1.1984947681427003,0.15603327902499586,0.4,10.15647029876709,9.501803640567344e-07,0.18614762386248737
18420,0.06851087536197156,0.08911286992952228,0.01982675790786743,0.4956692896783352,0.14140645045554265,0.6,4.445888519287109,9.501075888452892e-07,0.18624873609706774
18430,0.022289509512484075,0.04439213126897812,0.01739993840456009,0.43499845527112485,0.14064741217298432,0.5,0.025664664804935455,9.500347633097133e-07,0.18634984833164814
18440,0.22934015318751336,0.17023410545662046,0.01353253573179245,0.3383133165538311,0.10268934419145807,0.5,0.4004206657409668,9.499618874581486e-07,0.1864509605662285
18450,0.20343584924412425,0.2017342771636322,0.03264511227607727,0.8161280184984208,0.18387316192965955,0.3,1.676376223564148,9.498889612987433e-07,0.1865520728008089
18460,0.2671652495861053,0.2724871695041656,0.03138834834098816,0.7847089745104313,0.09804442819440737,0.7,0.03201325237751007,9.498159848396507e-07,0.18665318503538927
18470,0.12411340922117234,0.10304894745349884,0.0246424064040184,0.616060353256762,0.10567168730776758,0.7,0.016782822087407112,9.497429580890299e-07,0.18675429726996967
18480,0.019992785004433244,0.011617153591942042,0.009492701292037964,0.24604726172983646,0.09327873347792774,0.8,9.674417924543377e-07,9.496698810550457e-07,0.18685540950455004
18490,0.2190920665860176,0.20599334985017775,0.0041742190718650814,0.562911082059145,0.13753795686643572,0.7,0.25849857926368713,9.495967537458685e-07,0.18695652173913044
18500,0.292779179662466,0.24501492455601692,0.027170473337173463,0.859623734280467,0.14654416282428429,0.4,0.02761373296380043,9.495235761696743e-07,0.1870576339737108
18510,-0.02093860798049718,0.016939583362545817,0.009708163142204285,0.24270407110452652,0.09548509161686525,0.7,1.1147042512893677,9.494503483346444e-07,0.1871587462082912
18520,0.011467675864696502,0.02573997862637043,0.024026946723461153,0.6006739895790816,0.09708522426662966,0.8,0.05630175396800041,9.493770702489663e-07,0.18725985844287157
18530,0.15843003392219543,0.09394932761788369,0.029417097568511963,0.7354270417243243,0.0977215914055705,0.6,1.01785713013669e-06,9.493037419208328e-07,0.18736097067745197
18540,0.05296641178429127,0.06766834282316267,-0.0008326796814799309,0.18708270154893397,0.0746043571154587,0.8,4.806971446669195e-06,9.492303633584422e-07,0.18746208291203237
18550,-0.04213744574226439,0.1646206146106124,0.007011888921260834,0.17529730573296548,0.1407510404707864,0.7,110.14390563964844,9.491569345699988e-07,0.18756319514661274
18560,0.014447134733200074,0.18004898428916932,0.012844866514205933,0.32112206183373926,0.0925877446657978,0.8,8.803133368928684e-07,9.49083455563712e-07,0.18766430738119314
18570,0.07734980285167695,0.06719512790441513,0.016660070419311522,0.4165017191320658,0.1070592075237073,0.7,8.71734619140625,9.490099263477973e-07,0.1877654196157735
18580,0.017257913947105408,0.009861665219068528,0.008747758716344834,0.21869401559233664,0.07047348400810734,0.8,8.518673712387681e-05,9.489363469304756e-07,0.1878665318503539
18590,0.15126173496246337,0.2014916107058525,0.01200740560889244,0.3001850381493568,0.11717608589679003,0.6,22.580984115600586,9.488627173199735e-07,0.18796764408493427
18600,0.25980775952339175,0.14846157729625703,0.03223152160644531,0.5873027516528964,0.04947320820065215,0.8,1.667169726715656e-06,9.487890375245229e-07,0.18806875631951467
18610,0.08335575722157955,0.14911131113767623,0.025861132144927978,0.6465282905846834,0.1209959680796601,0.7,0.22226475179195404,9.487153075523615e-07,0.18816986855409504
18620,0.2678651354275644,0.3577172961086035,0.03301955759525299,0.8254897743463516,0.14494107405189424,0.5,2.3486552436224883e-06,9.48641527411733e-07,0.18827098078867543
18630,0.1427632488310337,0.09864577651023865,0.029372087121009825,0.7343029368668794,0.10523710970301181,0.7,0.05866500735282898,9.485676971108862e-07,0.1883720930232558
18640,0.033526492118835446,0.11604900658130646,0.022091934084892274,0.5522984743118287,0.09281656490638852,0.8,1.1806216207332909e-05,9.484938166580755e-07,0.1884732052578362
18650,0.24683866538107396,0.1570064104627818,0.018651247024536133,0.6011148728430271,0.12390636131167412,0.4,0.6252103447914124,9.484198860615613e-07,0.18857431749241657
18660,0.2107542261481285,0.12043098360300064,0.021073171496391298,0.5268291532993317,0.0633503571501933,0.7,1.334325361312949e-06,9.483459053296094e-07,0.18867542972699697
18670,0.2018954761326313,0.18190571665763855,-0.012289132922887802,0.241270374879241,0.07172890215879306,0.7,4.5155616135161836e-06,9.482718744704909e-07,0.18877654196157734
18680,0.20433080196380615,0.11676045805215836,0.019561964273452758,0.5874393284320831,0.05699054544093087,0.8,0.000774008163716644,9.481977934924832e-07,0.18887765419615773
18690,0.05953138768672943,0.05422357320785522,0.006781705468893051,0.16954251639544965,0.09471403966890649,0.8,3.652447276181192e-06,9.481236624038686e-07,0.18897876643073813
18700,-0.0527373380959034,0.039396969974040984,0.012668082118034362,0.3165272414684296,0.13209061844972894,0.8,0.004897368140518665,9.480494812129355e-07,0.1890798786653185
18710,0.07442038115113973,0.04592832755297423,0.017471474409103394,0.4367870822548866,0.08379552452825009,0.8,1.289208626076288e-06,9.479752499279776e-07,0.1891809908998989
18720,0.2345705959945917,0.20266207233071326,0.02938735783100128,0.7346841841936111,0.16157216114224865,0.5,38.60225296020508,9.479009685572943e-07,0.18928210313447927
18730,0.1261258866637945,0.0895608302205801,0.023588792979717256,0.5897202137857676,0.12063661742722616,0.4,0.02481437288224697,9.478266371091905e-07,0.18938321536905967
18740,0.2554307674989104,0.14596043984638526,0.053648585081100465,0.7559740848839283,0.12355563212186098,0.7,0.08590631932020187,9.47752255591977e-07,0.18948432760364003
18750,0.17345573590137064,0.1568570300587453,0.02619941234588623,0.6549851257354021,0.13485337680904194,0.4,0.5689030289649963,9.4767782401397e-07,0.18958543983822043
18760,0.06338576823472977,0.07710059583187104,0.01926022320985794,0.48150575198233125,0.09280529117677361,0.7,8.285575866699219,9.476033423834911e-07,0.1896865520728008
18770,0.02438368648290634,0.030659321695566177,0.022687408328056335,0.5700316488742828,0.13082066631177441,0.7,0.027339031919836998,9.475288107088678e-07,0.1897876643073812
18780,0.1563445061445236,0.2320019580423832,0.03156864047050476,0.7892161808907986,0.1255129136960022,0.5,18.93446922302246,9.474542289984332e-07,0.18988877654196157
18790,0.09773148829117417,0.10819082227535545,0.020084400475025178,0.34070733599364755,0.15364747758721933,0.6,0.00266264658421278,9.473795972605258e-07,0.18998988877654197
18800,0.04896059185266495,0.05975924134254455,0.019354595243930815,0.48386551029980185,0.07111236316850408,0.9,0.06667359918355942,9.473049155034896e-07,0.19009100101112233
18810,0.013874798640608787,0.06735005974769592,0.011998397111892701,0.24866969976574183,0.1470227904850617,0.6,0.5134707689285278,9.472301837356746e-07,0.19019211324570273
18820,0.08256933912634849,0.2302733138203621,0.02124059647321701,0.5310149524360895,0.1695052516181022,0.5,15.323519706726074,9.471554019654362e-07,0.1902932254802831
18830,0.2006515681743622,0.1913339763879776,0.026235562562942506,0.6558898724615574,0.08037415394792333,0.7,2.8535639557958348e-06,9.470805702011352e-07,0.1903943377148635
18840,0.12406027317047119,0.2744787514209747,0.018119531869888305,0.7579427968710661,0.1712437338079326,0.5,9.727880477905273,9.470056884511382e-07,0.1904954499494439
18850,0.04348884746432304,0.15750862061977386,0.03415725529193878,0.8539307739585638,0.14167335223173722,0.6,2.0303377823438495e-05,9.469307567238172e-07,0.19059656218402427
18860,0.26117478162050245,0.17225931584835052,0.03979808390140534,0.9949519027024507,0.10503668073797598,0.7,1.441100835108955e-06,9.468557750275501e-07,0.19069767441860466
18870,0.20669781044125557,0.23243829421699047,0.045146596431732175,1.1286649379879237,0.08082428100751712,0.6,1.3654962458531372e-06,9.467807433707202e-07,0.19079878665318503
18880,0.008039309084415436,0.004593890905380249,0.02421821653842926,0.6054557379335165,0.11302873429376632,0.9,0.09781235456466675,9.467056617617163e-07,0.19089989888776543
18890,0.32152295149862764,0.227669308334589,0.0026675889268517492,0.7373459227383137,0.14026594021124766,0.6,0.10523790121078491,9.466305302089328e-07,0.1910010111223458
18900,0.21775091364979743,0.12981473803520202,0.013695535063743592,0.3423882596194744,0.0687068751663901,0.8,1.5746286408102605e-06,9.465553487207701e-07,0.1911021233569262
18910,0.19459600001573563,0.3068336106836796,0.022680069506168365,0.5670017905533313,0.13092374763218687,0.5,1.320635192314512e-06,9.464801173056334e-07,0.19120323559150657
18920,0.20527251539751887,0.26642562840133904,0.026893508434295655,0.6723387196660042,0.21200920693809167,0.4,1.8298236454938888e-06,9.464048359719341e-07,0.19130434782608696
18930,0.10128861963748932,0.16465700268745423,0.006025325134396553,0.396714636310935,0.154049306421075,0.6,1.3840013934895978e-06,9.46329504728089e-07,0.19140546006066733
18940,0.058589571714401247,0.0682597067207098,0.042121535539627074,1.0530387960374354,0.1516371609759517,0.6,0.13987094163894653,9.462541235825206e-07,0.19150657229524773
18950,0.1419343188405037,0.09375720173120498,0.0018351921811699868,0.09323957748711109,0.06052814300637692,0.7,9.71971871877031e-07,9.461786925436568e-07,0.1916076845298281
18960,-0.010368229448795318,0.005924702808260918,0.010809218138456344,0.2702304571866989,0.0769342718180269,0.9,2.24462178266549e-06,9.461032116199312e-07,0.1917087967644085
18970,0.3234868422150612,0.28588092550635336,0.028407973051071168,0.7101993549615144,0.11040146215818822,0.5,1.0776744829854579e-06,9.460276808197827e-07,0.19180990899898887
18980,0.17907737269997598,0.138475089892745,0.020914363861083984,0.5228589374572039,0.16469163780566304,0.5,0.39643383026123047,9.459521001516562e-07,0.19191102123356926
18990,0.11228767586871982,0.07466747872531414,0.02570863664150238,0.6427159141749144,0.14489593337057158,0.6,0.5469292998313904,9.458764696240018e-07,0.19201213346814966
19000,0.12725244462490082,0.1544216513633728,0.02943861186504364,0.7359655562788248,0.10200819425517693,0.7,19.996870040893555,9.458007892452756e-07,0.19211324570273003
19010,0.04416874535381794,0.24079868905246257,0.03434029221534729,0.8535611789673567,0.1646320443134755,0.4,0.6567718982696533,9.457250590239387e-07,0.19221435793731043
19020,0.30777096599340437,0.3052885927259922,0.03754106760025024,0.9974715769290924,0.12144596802536398,0.4,0.013052575290203094,9.456492789684584e-07,0.1923154701718908
19030,0.15610321313142778,0.13372503072023392,0.022977831959724426,0.5744460105895997,0.05355423582950607,0.8,2.70833902504819e-06,9.455734490873071e-07,0.1924165824064712
19040,0.30774475513026117,0.34672876687254756,0.020484781265258788,0.8605347763746977,0.1366884483839385,0.4,0.001425539143383503,9.454975693889631e-07,0.19251769464105156
19050,0.035875724628567696,0.07561436258256435,0.01676483005285263,0.41912057548761367,0.10978747450280935,0.7,1.6543109495614772e-06,9.454216398819097e-07,0.19261880687563196
19060,0.10953329801559449,0.07020810768008232,0.018951307237148284,0.4737830374389887,0.10826871219323948,0.7,1.8168952919950243e-06,9.453456605746366e-07,0.19271991911021233
19070,0.273894801735878,0.19866560772061348,0.046375703811645505,1.15298217497766,0.15586013100109994,0.5,0.01718657650053501,9.452696314756386e-07,0.19282103134479273
19080,-0.06193169616162777,0.04797381069511175,0.03262246251106262,0.8155618458986282,0.14012596854008735,0.5,1.3484488590620458e-05,9.451935525934158e-07,0.1929221435793731
19090,0.20168234016746284,0.13574640499427915,0.03197091221809387,0.7992730312049389,0.15446952660568058,0.2,2.837517286025104e-06,9.451174239364743e-07,0.1930232558139535
19100,0.07798730432987214,0.04734637662768364,0.020062971115112304,0.5015742138028145,0.10284361547091976,0.7,0.74758380651474,9.450412455133259e-07,0.19312436804853386
19110,0.16331496611237525,0.16251468881964684,0.03495266437530518,0.8738168496638536,0.1589124478516169,0.5,1.1400054518162506e-06,9.449650173324874e-07,0.19322548028311426
19120,0.19006363227963446,0.14924762602895497,0.03963184356689453,0.9907960470765829,0.13571571935899557,0.5,0.10492053627967834,9.448887394024818e-07,0.19332659251769463
19130,-0.02459225431084633,0.09022834599018097,0.030543607473373414,0.7635900359600782,0.16442260342882947,0.6,0.016912277787923813,9.448124117318367e-07,0.19342770475227503
19140,0.0802111741155386,0.07045233696699142,0.020294477045536042,0.5073621962219477,0.10735450726933778,0.7,1.0584454912532237e-06,9.447360343290867e-07,0.19352881698685542
19150,0.13596021384000778,0.15814977921545506,0.016244813799858093,0.4907744642347097,0.14291334839072078,0.6,1.031246119964635e-05,9.446596072027706e-07,0.1936299292214358
19160,0.009321167014422826,0.028092465190275105,0.017842498421669007,0.4460624162107706,0.11286167422076687,0.6,4.652449131011963,9.445831303614333e-07,0.1937310414560162
19170,0.062457737326622007,0.10738438665866852,0.0156278520822525,0.39069645330309866,0.11895828545093537,0.7,0.1436784863471985,9.445066038136256e-07,0.19383215369059656
19180,0.176638725399971,0.16452373266220094,0.022701960802078248,0.5675493702292442,0.09458424712065608,0.7,38.162071228027344,9.444300275679034e-07,0.19393326592517696
19190,0.022561517357826234,0.1537782743573189,0.02043490707874298,0.4152839329093695,0.14335158708272502,0.6,15.424467086791992,9.44353401632828e-07,0.19403437815975733
19200,0.14030482433736324,0.13612509556114674,0.013180099427700043,0.3295028004795313,0.08602838958613575,0.7,1.2768271062668646e-06,9.44276726016967e-07,0.19413549039433772
19210,0.06426360830664635,0.12377403676509857,0.030181246995925903,0.7545310169458389,0.1286201888695359,0.7,6.306978225708008,9.442000007288927e-07,0.1942366026289181
19220,0.036085522174835204,0.06826761960983277,0.01254684329032898,0.313671088963747,0.0853765539941378,0.7,0.0034637758508324623,9.441232257771836e-07,0.1943377148634985
19230,0.3403970493003726,0.20539701357483864,0.024098388850688934,0.5797720409929752,0.1398989402456209,0.5,2.447588713039295e-06,9.440464011704234e-07,0.19443882709807886
19240,0.15159198082983494,0.16863608211278916,0.009561615437269211,0.5320804882794619,0.15404449112247676,0.5,9.096239068639989e-07,9.439695269172015e-07,0.19453993933265926
19250,0.041320192813873294,0.14315505027770997,0.02475347965955734,0.618836922198534,0.11119334257673472,0.7,5.39507618668722e-06,9.438926030261126e-07,0.19464105156723963
19260,0.0326169109903276,0.04103575432673097,0.01759827584028244,0.4399568948894739,0.10899227915797383,0.7,2.119974374771118,9.438156295057575e-07,0.19474216380182002
19270,0.23414265923202038,0.13740933705121278,0.027356770634651185,0.9149329733103514,0.10424567472655326,0.6,2.05601827474311e-06,9.43738606364742e-07,0.1948432760364004
19280,0.3787874549627304,0.30542112439870833,0.03526832461357117,0.8817082069814205,0.10815102467313409,0.6,6.561828740814235e-06,9.436615336116773e-07,0.1949443882709808
19290,0.02204874432645738,0.048353249207139015,0.037176665663719174,0.9392348773777485,0.14140097940107807,0.6,0.8648233413696289,9.435844112551812e-07,0.19504550050556116
19300,0.27622849568724633,0.18373226346448063,0.02514716684818268,0.628678896650672,0.15047744350740686,0.5,3.8918650150299072,9.435072393038759e-07,0.19514661274014156
19310,0.1610666759312153,0.12705556191504003,0.004062701389193535,0.43704997971653936,0.12487924275919796,0.5,7.218844984890893e-05,9.434300177663897e-07,0.19524772497472195
19320,-0.009419581294059754,0.06922170501202345,0.015183909237384796,0.45542897284030914,0.10475660449592397,0.5,1.7833071947097778,9.433527466513562e-07,0.19534883720930232
19330,0.15663639083504677,0.21899820119142532,0.032473474740982056,0.8118359632790089,0.16671638817060738,0.4,0.0034290694165974855,9.432754259674148e-07,0.19544994944388272
19340,0.06291329879313708,0.08107926324009895,0.03039214015007019,0.7598042964935303,0.1337716426816769,0.6,4.9138918257085606e-05,9.431980557232103e-07,0.1955510616784631
19350,0.08821589052677155,0.11384213268756867,0.032695534825325015,0.8173890471458435,0.10055722802644596,0.7,2.2927913505554898e-06,9.431206359273931e-07,0.1956521739130435
19360,0.13436900251545011,0.11380524132400752,0.018588879704475404,0.46472180653363465,0.1642726483521983,0.5,6.180541515350342,9.43043166588619e-07,0.19575328614762386
19370,0.04928118027746677,0.14515515118837358,0.01675010919570923,0.4187527060508728,0.13554707485018297,0.6,2.0295915603637695,9.429656477155494e-07,0.19585439838220425
19380,0.24917773324996234,0.19628466237336398,0.046049848198890686,1.1512463375926019,0.14758927548537032,0.4,1.46385707466834e-06,9.428880793168515e-07,0.19595551061678462
19390,0.005319421156309545,0.03600107366219163,0.009833962470293046,0.2458490863442421,0.12940451732138172,0.7,0.03228412941098213,9.428104614011973e-07,0.19605662285136502
19400,0.07349061593413353,0.0843654990196228,0.01477702260017395,0.369425567984581,0.11312941196374596,0.6,11.712617874145508,9.427327939772656e-07,0.1961577350859454
19410,0.0994127283745911,0.07089423183351755,0.017145313322544098,0.4286326427012682,0.12656842754222453,0.6,0.00028881480102427304,9.426550770537394e-07,0.1962588473205258
19420,-0.031526295375078915,0.01801502485759556,0.010253167152404786,0.2563289847224951,0.08231486787553877,0.8,0.01914539746940136,9.42577310639308e-07,0.19635995955510616
19430,0.227634037315147,0.26925484483945183,0.03184958100318909,0.7962399065494538,0.15422630121465772,0.5,29.891124725341797,9.42499494742666e-07,0.19646107178968655
19440,0.06490493696182967,0.03726558638736606,0.012019529193639755,0.29833092391490934,0.08741810991195961,0.8,1.4593360901926644e-06,9.424216293725137e-07,0.19656218402426692
19450,0.23970570154488086,0.27240768224000933,0.009909184277057647,0.6107467420399189,0.12188292812788859,0.5,7.609652519226074,9.423437145375567e-07,0.19666329625884732
19460,0.044933730736374855,0.04164787698537111,0.014032818377017975,0.36205256953835485,0.07978080789325759,0.7,1.1477360430944827e-06,9.422657502465062e-07,0.19676440849342772
19470,0.19852385483682156,0.12291276454925537,0.014713315665721894,0.37955960519611837,0.09611782719148323,0.7,2.7107131481170654,9.421877365080791e-07,0.1968655207280081
19480,0.12692005280405283,0.14949895218014717,0.02209755778312683,0.6059389963746071,0.1311313056969084,0.5,0.053733717650175095,9.421096733309977e-07,0.19696663296258848
19490,0.1783840000629425,0.17806456387043,0.03669796884059906,0.9174493417143822,0.12422750528203323,0.6,8.994844051812834e-07,9.420315607239897e-07,0.19706774519716885
19500,0.03662325050681829,0.04413374811410904,0.02690228819847107,0.6725575149059295,0.11033852867549285,0.7,1.735131718305638e-06,9.419533986957886e-07,0.19716885743174925
19510,0.04002872062847018,0.024033848382532596,0.02610439658164978,0.6526097826659679,0.08878193565178663,0.8,5.313855126587441e-06,9.418751872551331e-07,0.19726996966632962
19520,0.06716762008145452,0.0826957244426012,0.02366641312837601,0.5916610457003116,0.1214209430734627,0.6,1.453820686947438e-06,9.417969264107678e-07,0.19737108190091002
19530,0.034814628586173055,0.044517071731388566,0.021572089195251463,0.5393022898584604,0.10462286517722533,0.7,0.008119145408272743,9.417186161714425e-07,0.1974721941354904
19540,0.009277543425559998,0.0791373647749424,0.02505129873752594,0.6262825451791286,0.10384461343055591,0.7,0.07093078643083572,9.416402565459128e-07,0.19757330637007078
19550,0.21549773439764977,0.14286470413208008,0.030582696199417114,0.7645676918327808,0.10416051911888644,0.7,5.6269336710101925e-06,9.415618475429394e-07,0.19767441860465115
19560,0.1190229032188654,0.14490831457078457,0.037635904550552365,0.9408978287130594,0.14925405823159962,0.4,9.176812171936035,9.41483389171289e-07,0.19777553083923155
19570,0.04563788622617722,0.02857048436999321,-0.005191176757216453,0.03848544918000698,0.030768706277012826,0.8,0.0008286788361147046,9.414048814397336e-07,0.19787664307381192
19580,0.05689668767154217,0.13575649186968802,0.0387893408536911,0.9697339083999396,0.1366111855721101,0.6,3.136817213089671e-06,9.413263243570507e-07,0.19797775530839232
19590,0.17904949551448227,0.10689025446772575,0.02024400532245636,0.506099983677268,0.08647785926004872,0.7,5.001576900482178,9.412477179320232e-07,0.1980788675429727
19600,-0.0020815815776586534,0.002685159631073475,0.012972399592399597,0.32431004121899604,0.09947128179483115,0.9,0.050327368080616,9.4116906217344e-07,0.19817997977755308
19610,0.021261376887559892,0.026783766597509383,0.027621623873710633,0.6905405450612306,0.17216164699057118,0.7,0.4911077320575714,9.41090357090095e-07,0.19828109201213348
19620,0.04603324308991432,0.03430740386247635,0.01667550057172775,0.4168872579932213,0.0966615930548869,0.8,0.051895081996917725,9.410116026907878e-07,0.19838220424671385
19630,0.06065506637096405,0.23195886015892028,0.004624328389763832,0.31834327019751074,0.13967549542430788,0.5,0.0003607083053793758,9.409327989843235e-07,0.19848331648129425
19640,-0.016743791475892066,0.03659418113529682,0.02039385586977005,0.5098470773547887,0.1604722405434586,0.7,2.0612383195839357e-06,9.408539459795126e-07,0.19858442871587462
19650,0.06341834962368012,0.21066698133945466,0.02709106504917145,0.6772770412266255,0.15493378242244943,0.4,12.33969497680664,9.407750436851714e-07,0.19868554095045501
19660,0.2589728804305196,0.22503144554793836,0.021634192764759065,0.5408547084778548,0.12775622244225815,0.6,1.759927044986398e-06,9.406960921101215e-07,0.19878665318503538
19670,0.1054720132611692,0.09871863946318626,0.02108326107263565,0.5270813941955567,0.11636586103122681,0.6,6.215373516082764,9.406170912631901e-07,0.19888776541961578
19680,0.1435023657977581,0.10805223733186722,0.02253720909357071,0.563430042937398,0.1184588947566226,0.5,0.00022255860676523298,9.405380411532098e-07,0.19898887765419615
19690,0.08358540460467338,0.18466536626219748,0.03233695030212402,0.8084236543625594,0.17566903370898218,0.4,1.001700752567558e-06,9.404589417890189e-07,0.19908998988877655
19700,0.1911113227601163,0.15419503021985292,0.03919752538204193,0.9799379613250494,0.15220731230219825,0.5,0.2157723754644394,9.403797931794608e-07,0.19919110212335692
19710,0.03123631626367569,0.05132695036008954,0.03258141279220581,0.8145353052765131,0.13244695980101823,0.7,19.18564224243164,9.403005953333849e-07,0.19929221435793731
19720,0.07742595635354518,0.08429129496216774,0.03883372843265533,0.9708427987992764,0.14596400518203154,0.4,0.3179934322834015,9.402213482596459e-07,0.19939332659251768
19730,0.04559189199935645,0.14896460296586156,0.024450352787971495,0.6112585205584764,0.16572660077363252,0.5,3.0572071075439453,9.40142051967104e-07,0.19949443882709808
19740,0.1613301793113351,0.14641595669090748,0.026304662227630615,0.6576171323657036,0.12611659854883328,0.6,5.501849174499512,9.400627064646246e-07,0.19959555106167845
19750,0.0823142372071743,0.14952888935804368,0.01447330117225647,0.3618329245597124,0.08302744348766282,0.7,2.9412733510980615e-06,9.399833117610793e-07,0.19969666329625885
19760,-0.01710814908146858,0.039072062075138095,0.015339449048042297,0.38348650336265566,0.09963465213077143,0.8,1.3620731351693394e-06,9.399038678653446e-07,0.19979777553083924
19770,0.05529684871435166,0.1090586063452065,0.008955292403697968,0.22388233318924905,0.13119286246364936,0.6,0.0643368512392044,9.398243747863027e-07,0.19989888776541961
19780,0.09905878789722919,0.16987988543696703,0.03153890669345856,0.7884726285934448,0.14062057893024757,0.5,0.15462526679039001,9.397448325328414e-07,0.2
19790,0.12923828959465028,0.08799140453338623,0.012075921148061752,0.30189794600009917,0.07227349996101111,0.7,2.905050277709961,9.396652411138537e-07,0.20010111223458038
19800,0.053968381881713864,0.05676015689969063,0.015945856273174287,0.39864644780755043,0.09981539194704965,0.6,2.1402952671051025,9.395856005382385e-07,0.20020222446916078
19810,0.0843030285090208,0.0531255497597158,0.019322015345096588,0.4830505885183811,0.1017007015296258,0.7,4.553112376015633e-06,9.395059108148999e-07,0.20030333670374115
19820,0.04408547431230545,0.09434207454323769,0.015609440207481385,0.3902362782508135,0.10329616826493293,0.7,2.8393842512741685e-06,9.394261719527476e-07,0.20040444893832154
19830,0.049958065152168274,0.21004156097769738,0.018709568679332732,0.46773882322013377,0.11049739867448807,0.5,2.270340473842225e-06,9.393463839606968e-07,0.2005055611729019
19840,0.0634019434452057,0.06941409059800208,0.010598591715097427,0.26795323826372625,0.09413740918971598,0.6,19.352846145629883,9.392665468476679e-07,0.2006066734074823
19850,0.07719718366861343,0.14984347224235534,0.021437931060791015,0.5359518874436617,0.09932125095510855,0.7,0.00026736161089502275,9.391866606225876e-07,0.20070778564206268
19860,0.22746856287121772,0.20119762420654297,0.03397218585014343,0.8493046279996633,0.12414086633361876,0.5,1.0778715022752294e-06,9.391067252943869e-07,0.20080889787664308
19870,0.22133943662047387,0.2174293899908662,0.04402726590633392,1.1006822101771832,0.15102854456054046,0.4,3.7219643592834473,9.390267408720036e-07,0.20091001011122345
19880,0.30521180797368286,0.28018963634967803,0.012808792293071747,0.729417635127902,0.13123325166525318,0.6,0.005260881967842579,9.3894670736438e-07,0.20101112234580384
19890,0.00013185814023017884,0.14578101336956023,0.01874198019504547,0.7802471593022346,0.10788006033981219,0.6,8.374761581420898,9.388666247804641e-07,0.2011122345803842
19900,0.25290876924991607,0.15227337330579757,0.03846087157726288,0.9615281328558922,0.09072694772621617,0.6,0.43935292959213257,9.387864931292097e-07,0.2012133468149646
19910,0.11489969175308942,0.1496369332075119,0.024768461287021638,0.70651476085186,0.1432401944301091,0.5,6.377469539642334,9.387063124195759e-07,0.201314459049545
19920,0.09604992419481277,0.07199137210845948,0.033933842182159425,0.8538776747882366,0.11164187806425616,0.7,0.006061026360839605,9.386260826605273e-07,0.20141557128412538
19930,0.10965819358825683,0.13022845461964608,0.026031097769737242,0.6507771510630846,0.11901242540916428,0.7,1.2171175512776244e-05,9.385458038610337e-07,0.20151668351870577
19940,-0.04282718673348427,0.0949300356209278,0.037636584043502806,0.9409145221114159,0.13376321918331086,0.6,0.014937270432710648,9.384654760300707e-07,0.20161779575328614
19950,0.10753875896334648,0.23339992091059686,0.043688488006591794,1.0922122597694397,0.20220693098381162,0.4,18.407470703125,9.383850991766197e-07,0.20171890798786654
19960,0.030851752310991288,0.043477332964539525,0.027575844526290895,0.6893961366266013,0.11183357948902994,0.7,0.035999149084091187,9.383046733096669e-07,0.2018200202224469
19970,0.003096321225166321,0.002820253372192383,0.0013318454846739769,0.033296170830726626,0.052204821980558334,0.9,1.6532204654140514e-06,9.382241984382044e-07,0.2019211324570273
19980,0.09512462485581637,0.12105327909812331,0.0380060076713562,0.9501503232866526,0.14937207056209445,0.5,0.1538110226392746,9.381436745712296e-07,0.20202224469160768
19990,0.02622171905823052,0.01498383991420269,0.00935070589184761,0.3156730175018311,0.06854916551383212,0.8,1.001237251330167e-05,9.380631017177454e-07,0.20212335692618807
20000,0.1273428551852703,0.0853874184191227,-0.010900619626045226,0.05014091692864895,0.061080855200998485,0.7,1.2222088798807818e-06,9.379824798867603e-07,0.20222446916076844
20010,0.005966584011912346,0.101270642131567,0.018518882989883422,0.46219962630420924,0.1451456873328425,0.6,9.97889401332941e-07,9.379018090872881e-07,0.20232558139534884
20020,0.013478922058129682,0.046112967625958845,0.016040900349617006,0.40102273002266886,0.10281117967097089,0.6,1.4829334986643516e-06,9.378210893283485e-07,0.2024266936299292
20030,0.09442293345928192,0.12871894729323685,0.032419058680534366,0.810476065799594,0.16065356598701327,0.4,0.20856191217899323,9.377403206189658e-07,0.2025278058645096
20040,0.035776132345199586,0.09865373224020005,0.021470588445663453,0.5760034196078777,0.12528809489449486,0.6,6.159269332885742,9.376595029681708e-07,0.20262891809908998
20050,0.016510449722409247,0.036510859802365306,0.02009887099266052,0.5024723276495934,0.09061797366011888,0.8,4.112648010253906,9.375786363849992e-07,0.20273003033367037
20060,0.032041631639003754,0.2158744215965271,0.027461758255958556,0.6865444499999285,0.12118625824805349,0.6,0.0002883612469304353,9.374977208784919e-07,0.20283114256825077
20070,0.17610263749957084,0.137554769217968,0.039235010743141174,0.9808757070451974,0.1274351433850825,0.5,9.635018795961514e-05,9.37416756457696e-07,0.20293225480283114
20080,0.12635491341352462,0.20245279520750045,0.03338842988014221,0.8347108922898769,0.1660751948831603,0.3,0.19286489486694336,9.373357431316636e-07,0.20303336703741154
20090,0.09760224418714643,0.09697279185056687,0.030325943231582643,0.7692854180932045,0.15411217249929904,0.5,0.5416593551635742,9.372546809094523e-07,0.2031344792719919
20100,0.22688426913227885,0.16720515107735992,0.016997234523296358,0.424930639564991,0.09800338736968114,0.6,2.7117502689361572,9.371735698001255e-07,0.2032355915065723
20110,0.08121837675571442,0.07321947962045669,0.015922258794307708,0.39805654995143414,0.08493562358198688,0.8,2.7745578289031982,9.370924098127515e-07,0.20333670374115267
20120,0.01637912690639496,0.09953353255987167,0.014323440194129945,0.36993407271802425,0.12620625521522016,0.7,0.5138995051383972,9.370112009564046e-07,0.20343781597573307
20130,0.36417040824890134,0.20809737741947174,0.03440726697444916,0.8601831808686257,0.09744200627319514,0.7,1.6736411225792835e-06,9.369299432401641e-07,0.20353892821031344
20140,0.2879041027277708,0.29371683299541473,0.04578566551208496,0.6995561892166734,0.1399030395084992,0.5,5.749718184233643e-06,9.36848636673115e-07,0.20364004044489384
20150,0.0709464929997921,0.06546514965593815,0.031757128238677976,0.7939281821250915,0.10966681204736232,0.7,1.1692951602526591e-06,9.367672812643479e-07,0.2037411526794742
20160,0.5168454140424729,0.4208777405321598,0.042190191149711606,1.0547551773488522,0.15166651564650238,0.3,0.042503438889980316,9.366858770229587e-07,0.2038422649140546
20170,-0.0007785793393850326,0.01693635620176792,0.006158724427223206,0.15396808497607709,0.08192923056194559,0.7,3.8454880714416504,9.366044239580486e-07,0.20394337714863497
20180,0.1680756017565727,0.13391105383634566,0.023996354639530183,0.5633130714297294,0.15293178596766666,0.6,18.255159378051758,9.365229220787247e-07,0.20404448938321537
20190,0.11348711624741555,0.0819280631840229,0.023503340780735016,0.5875834655016661,0.07967958566732705,0.7,0.34325239062309265,9.364413713940991e-07,0.20414560161779574
20200,0.012385143153369426,0.09491323977708817,0.02972644865512848,0.7431618355214595,0.15742611995665357,0.4,2.0771676645381376e-06,9.363597719132897e-07,0.20424671385237614
20210,0.12289604861289263,0.07581296470016241,0.02236025780439377,0.5590067330747843,0.1009430467383936,0.7,2.067792956950143e-05,9.362781236454196e-07,0.20434782608695654
20220,0.04355370355769992,0.044188260287046435,0.018353410065174103,0.45883539170026777,0.1299281548243016,0.6,0.20224425196647644,9.361964265996174e-07,0.2044489383215369
20230,0.0043587803840637205,0.08428792655467987,0.01166994720697403,0.29174876138567923,0.09330202644923702,0.8,19.873510360717773,9.361146807850173e-07,0.2045500505561173
20240,0.16483572721481324,0.19546778872609138,0.015847745537757873,0.3961933314800262,0.11441087666898966,0.6,1.834022896218812e-06,9.360328862107587e-07,0.20465116279069767
20250,0.08490198031067848,0.07116325199604034,0.01672525405883789,0.4181318268179893,0.07593807263765484,0.8,4.963134051649831e-05,9.359510428859869e-07,0.20475227502527807
20260,0.0052780739963054655,0.025967085734009743,0.014686116576194763,0.3671531271189451,0.10382756110047922,0.8,0.0006714551709592342,9.358691508198523e-07,0.20485338725985844
20270,0.046580211445689204,0.10776446424424649,0.02743321657180786,0.6858302436769008,0.19102568911621348,0.5,0.07302015274763107,9.357872100215107e-07,0.20495449949443884
20280,-0.0033533312380313873,0.027489134669303895,0.0024436892941594123,0.06109222695231438,0.06867213046643883,0.9,1.0410939239591244e-06,9.357052205001235e-07,0.2050556117290192
20290,-0.009216272830963134,0.03468390554189682,0.009360265731811524,0.2340065509080887,0.0857835874077864,0.8,0.01785433106124401,9.356231822648575e-07,0.2051567239635996
20300,0.03682829812169075,0.10010469667613506,0.00972593054175377,0.24314843714237214,0.13700430868193508,0.6,0.7169641852378845,9.355410953248848e-07,0.20525783619817997
20310,0.032447736151516436,0.026232819026336073,0.007440020889043808,0.18600035607814788,0.08185656805289909,0.7,2.5998065211751964e-06,9.354589596893835e-07,0.20535894843276037
20320,0.1961251087486744,0.15834262408316135,0.016835306584835053,0.42088312804698946,0.12610862915171311,0.4,6.332756996154785,9.353767753675365e-07,0.20546006066734074
20330,0.1551562875509262,0.19043801613152028,0.021829092502593996,0.5457275811582804,0.18523095281561835,0.5,8.260276794433594,9.352945423685324e-07,0.20556117290192114
20340,0.010523556172847748,0.139338356256485,0.015031656622886658,0.48471162617206576,0.18309877883875741,0.4,7.617352485656738,9.352122607015652e-07,0.2056622851365015
20350,0.13288453221321106,0.25073047131299975,0.027491849660873414,0.6872965417802334,0.13660127136390657,0.5,0.15938293933868408,9.351299303758343e-07,0.2057633973710819
20360,0.0,0.0,0.003883397579193115,0.09708502814173699,0.032511371525470165,1.0,3.753052169486182e-06,9.350475514005449e-07,0.20586450960566227
20370,0.07077796459197998,0.06689103543758393,0.022275935113430022,0.55689850859344,0.11365364959929139,0.8,0.23923908174037933,9.349651237849073e-07,0.20596562184024267
20380,0.1393979787826538,0.10084482729434967,0.026470273733139038,0.6615247523412109,0.08102148039033637,0.8,0.0001225039450218901,9.34882647538137e-07,0.20606673407482307
20390,0.2485531161655672,0.24894152018241583,0.034765616059303284,0.869140699878335,0.1754366103792563,0.5,0.02361239120364189,9.348001226694554e-07,0.20616784630940344
20400,0.07119610607624054,0.06484826616942882,0.016652619838714598,0.41631563641130925,0.095439500187058,0.7,0.028038840740919113,9.347175491880892e-07,0.20626895854398383
20410,0.029525986313819884,0.026893451809883118,0.010760021209716798,0.26900055147707463,0.05731080627301708,0.9,2.0755486488342285,9.346349271032706e-07,0.2063700707785642
20420,0.05772368907928467,0.10497725903987884,0.03293775022029877,0.8234439246356487,0.14179090443067252,0.6,0.03259654343128204,9.345522564242369e-07,0.2064711830131446
20430,0.07974067712202668,0.16391093241982163,0.016916213929653166,0.4229066364467144,0.10741476634284482,0.6,2.8927301173098385e-05,9.344695371602313e-07,0.20657229524772497
20440,0.14450119293760508,0.08864544156240299,0.024974778294563293,0.6243692766875029,0.07572026373818516,0.6,2.18049693107605,9.34386769320502e-07,0.20667340748230537
20450,0.19592118859291077,0.1358246773481369,0.021967118978500365,0.5491780534386634,0.09141785817919298,0.7,4.858208285440924e-06,9.343039529143029e-07,0.20677451971688574
20460,0.010079425293952227,0.014890414103865624,0.017451518774032594,0.4362882036715746,0.11357325079152361,0.8,0.0016960904467850924,9.342210879508933e-07,0.20687563195146613
20470,0.22074081655591726,0.16559549644589425,0.04352403581142426,1.0881006821990014,0.11842081890208647,0.5,0.01715267077088356,9.341381744395378e-07,0.2069767441860465
20480,0.10121722323819995,0.09228136576712132,0.035935616493225096,0.8983907729387284,0.10906399067025632,0.5,0.06103239953517914,9.340552123895067e-07,0.2070778564206269
20490,0.2297205373644829,0.22486331611871718,0.036015665531158446,0.9003919448703528,0.17407419400988147,0.5,4.304449248593301e-06,9.339722018100755e-07,0.20717896865520727
20500,0.01033688336610794,0.14945756420493125,0.019967284798622132,0.5350202441215515,0.10713464947184548,0.5,1.9483408323139884e-05,9.338891427105249e-07,0.20728008088978767
20510,0.143663546256721,0.11602554947603494,0.039953064918518064,0.9988261077553033,0.15970342055661604,0.4,3.912372350692749,9.338060351001416e-07,0.20738119312436804
20520,0.13328651785850526,0.13231265172362328,-0.010005690902471543,0.25768430940806863,0.08332522895652801,0.7,0.00010775333066703752,9.337228789882172e-07,0.20748230535894843
20530,-0.011473093554377556,0.038508270680904386,0.011465453356504441,0.28663658536970615,0.09401953581254929,0.8,4.308419704437256,9.336396743840493e-07,0.20758341759352883
20540,0.12991621643304824,0.1447736829519272,0.017588697373867035,0.43971693590283395,0.07620674372883514,0.8,2.220539272457245e-06,9.3355642129694e-07,0.2076845298281092
20550,0.10810693502426147,0.061775386333465576,0.02668813169002533,0.6672119233757258,0.07414194509619847,0.8,0.09835903346538544,9.334731197361979e-07,0.2077856420626896
20560,0.13973396141082048,0.14984391769394279,0.04210477471351624,1.0526190780103206,0.13555392841808497,0.5,10.090859413146973,9.333897697111362e-07,0.20788675429726997
20570,0.24917150707915425,0.2007444232702255,0.044370433688163756,1.4765510208904744,0.1531746439053677,0.3,0.5180877447128296,9.33306371231074e-07,0.20798786653185036
20580,-0.014731601811945438,0.20026896223425866,0.02338138073682785,0.5845344047993422,0.1568776833708398,0.6,0.013179308734834194,9.332229243053356e-07,0.20808897876643073
20590,0.2122541803866625,0.12810477763414382,0.03202195763587952,0.8005488771945238,0.09444239956792444,0.7,2.5633523819124093e-06,9.331394289432507e-07,0.20819009100101113
20600,0.26041057930560785,0.24488031334476545,0.010524635016918183,0.8225783288478852,0.13003601694945247,0.5,29.84012222290039,9.330558851541546e-07,0.2082912032355915
20610,0.02238465631380677,0.02254244275391102,0.013603685796260834,0.35682623237371447,0.10684329409850761,0.7,0.5403009653091431,9.329722929473876e-07,0.2083923154701719
20620,0.10085584004409612,0.0930037023499608,0.0272464781999588,0.6811619628220796,0.1412280525197275,0.7,1.2363738051135442e-06,9.32888652332296e-07,0.20849342770475227
20630,0.12864420011173933,0.2662726087495685,0.033277904987335204,0.8319473404437303,0.19387777891242877,0.3,4.19632625579834,9.32804963318231e-07,0.20859453993933266
20640,-0.006083265319466591,0.04617545641958713,0.01859707534313202,0.46492697633802893,0.1465086458134465,0.5,1.9646891355514526,9.327212259145496e-07,0.20869565217391303
20650,0.1569246449507773,0.14754205867648124,0.044419705867767334,1.1264561980962753,0.15299015052150935,0.5,1.7557824776304187e-06,9.326374401306138e-07,0.20879676440849343
20660,0.06731310188770294,0.06131146997213364,0.0211684912443161,0.5292118586599827,0.06675347560085357,0.8,2.181470563300536e-06,9.325536059757916e-07,0.2088978766430738
20670,0.3808825023472309,0.24436163529753685,0.044535589218139646,1.1133895989507436,0.11635742785874754,0.4,5.977150917053223,9.324697234594556e-07,0.2089989888776542
20680,0.2370807908475399,0.14215809777379035,0.03707620799541474,0.7706899758428335,0.10101821639109403,0.6,0.6333051919937134,9.323857925909847e-07,0.2091001011122346
20690,0.23452732684090732,0.13926748801022767,0.022660644352436067,0.9804242566227913,0.12577249050373213,0.5,0.027908632531762123,9.323018133797624e-07,0.20920121334681496
20700,0.23993837796151637,0.16239638030529022,0.02302291989326477,0.5755724761635065,0.11919682601001114,0.5,2.16430401802063,9.322177858351783e-07,0.20930232558139536
20710,0.16825873106718064,0.16400389820337297,0.021682354807853698,0.5010523170232772,0.07684216662310064,0.7,0.007416709326207638,9.321337099666268e-07,0.20940343781597573
20720,0.07314515886828303,0.1026348146609962,0.029015552997589112,0.7253887392580509,0.1410277516231872,0.6,0.008573290891945362,9.320495857835081e-07,0.20950455005055613
20730,-0.04635112807154655,0.07567770406603813,0.012809211015701294,0.40763550661504266,0.10417117630131542,0.7,0.04770389571785927,9.319654132952278e-07,0.2096056622851365
20740,0.1481538347899914,0.0846593334339559,0.030440577864646913,0.7610150456428528,0.10061743794940411,0.6,7.844924449920654,9.318811925111963e-07,0.2097067745197169
20750,0.08115983391180634,0.10729137882590294,0.013985596597194672,0.36336760483682157,0.12804419567110017,0.5,0.012546297162771225,9.317969234408304e-07,0.20980788675429726
20760,0.11218630075454712,0.09322570189833641,0.024431009590625764,0.6107750784605741,0.09738219066057355,0.6,0.01921207644045353,9.317126060935516e-07,0.20990899898887766
20770,0.032220177352428436,0.11477954499423504,0.01260816752910614,0.31520420014858247,0.08902547337347641,0.8,0.060349542647600174,9.316282404787869e-07,0.21001011122345803
20780,0.15326581299304962,0.14497279226779938,0.035330235958099365,0.8832557830959559,0.11205809181556106,0.6,1.6279224157333374,9.315438266059688e-07,0.21011122345803843
20790,-0.030235562939196825,0.06583042163401842,0.026079931855201723,0.6519984975457191,0.1319488064502366,0.6,0.014268625527620316,9.314593644845352e-07,0.2102123356926188
20800,-0.005155791342258453,0.01346367746591568,0.022269149124622346,0.5567292477935553,0.08349995976313948,0.8,0.03788866475224495,9.313748541239294e-07,0.2103134479271992
20810,0.28982478864490985,0.2390274178236723,0.039494562149047854,1.1036931559443475,0.14938627131050453,0.2,0.5585483312606812,9.312902955336e-07,0.21041456016177956
20820,0.027311872132122515,0.059338079392910005,0.011889076977968215,0.34732299000024797,0.08885382693260908,0.7,0.5100236535072327,9.312056887230011e-07,0.21051567239635996
20830,0.11725485511124134,0.06982188560068607,0.042764019966125486,1.069100334867835,0.09779538864968344,0.6,2.82236385345459,9.31121033701592e-07,0.21061678463094036
20840,0.15235716048628092,0.09091353565454482,0.0213594526052475,0.5353182218968868,0.109833986510057,0.5,1.6606643199920654,9.310363304788376e-07,0.21071789686552073
20850,0.16088712215423584,0.23253042697906495,0.014211572706699371,0.39721147567033765,0.11728532507549971,0.7,9.809122047954588e-07,9.309515790642081e-07,0.21081900910010112
20860,0.028353584522847086,0.07555164974182844,0.012681896984577178,0.3670795913785696,0.1758081487962045,0.6,1.8068342342303367e-06,9.308667794671792e-07,0.2109201213346815
20870,-0.011950311833061278,0.030998529121279716,0.025989902019500733,0.6567962825298309,0.09759099737275392,0.7,3.881718293996528e-05,9.307819316972318e-07,0.2110212335692619
20880,0.021791424416005612,0.03770044727716595,0.03392883539199829,0.8482209291309118,0.1592791722039692,0.6,0.04296524077653885,9.306970357638524e-07,0.21112234580384226
20890,0.0051626678556203846,0.002950096130371094,0.0018645096570253372,0.06531818099319935,0.05353336276020855,0.9,1.8008172446570825e-06,9.306120916765326e-07,0.21122345803842266
20900,0.01188659742474556,0.056831338256597516,0.006638617813587188,0.16596548035740852,0.14635222497163342,0.7,10.540210723876953,9.305270994447695e-07,0.21132457027300303
20910,0.07591895274817943,0.07344562700018287,0.029094186425209046,0.7273549485951663,0.1283232501707971,0.7,3.0778656005859375,9.304420590780657e-07,0.21142568250758342
20920,0.00038710087537765505,0.066026109457016,0.011816803365945816,0.29541997238993645,0.1128135463106446,0.7,16.56730842590332,9.303569705859293e-07,0.2115267947421638
20930,0.24450191091746093,0.2174730071797967,0.01700070798397064,0.42501788288354875,0.14207414354896172,0.5,2.25260329246521,9.302718339778735e-07,0.2116279069767442
20940,0.16266801543533801,0.17463894952088593,0.028377988934516908,0.7094498604536057,0.15729582518106328,0.4,0.00028017594013363123,9.301866492634167e-07,0.21172901921132456
20950,0.09880148023366928,0.1595256209373474,0.018712686002254487,0.7775088436901569,0.11414174113888294,0.6,0.027714204043149948,9.301014164520832e-07,0.21183013144590496
20960,0.2378803014755249,0.13593160640448332,-0.0016161590814590455,0.43139678947627547,0.09474421982886269,0.7,0.010232577100396156,9.300161355534024e-07,0.21193124368048533
20970,0.08855226337909698,0.10142223238945007,0.03506816029548645,0.8767040811479092,0.10770114751067013,0.6,0.00029577460372820497,9.299308065769092e-07,0.21203235591506572
20980,0.17016475535929204,0.20156566351652144,0.03901365399360657,0.9753420133143663,0.17245745310792698,0.4,2.7832179069519043,9.298454295321436e-07,0.21213346814964612
20990,0.2398543007671833,0.16386821456253528,0.04370926022529602,1.0927313216030599,0.1491040653316304,0.3,0.6335968971252441,9.297600044286511e-07,0.2122345803842265
21000,0.1931625660508871,0.1292635802179575,-0.0062471568584442135,0.4758844722062349,0.08365236090030521,0.5,2.6162786070926813e-06,9.296745312759828e-07,0.2123356926188069
21010,0.057564789056777955,0.06412894017994404,0.019341228902339934,0.48353098817169665,0.11343336453428492,0.7,1.5124037265777588,9.295890100836951e-07,0.21243680485338726
21020,0.07898872196674347,0.13804874420166016,0.021538907289505006,0.5384729605168104,0.07645774272968993,0.8,1.0069085192299099e-06,9.295034408613493e-07,0.21253791708796765
21030,0.22056542187929154,0.18330358304083347,0.00015648637199774384,0.5325778238475323,0.130541169422213,0.5,5.843432518304326e-06,9.294178236185129e-07,0.21263902932254802
21040,0.18196907453238964,0.1931714177131653,0.02246934026479721,0.5617339961230755,0.15034915385767816,0.6,19.524757385253906,9.293321583647577e-07,0.21274014155712842
21050,0.0779647782444954,0.09913169145584107,0.02214953303337097,0.5537383310496807,0.13637219826923683,0.6,1.9891902208328247,9.292464451096621e-07,0.2128412537917088
21060,-0.02722530234605074,0.04483158178627491,0.009218938648700714,0.23047357611358166,0.14755746773444117,0.6,1.2522826864369563e-06,9.291606838628089e-07,0.2129423660262892
21070,0.088165283203125,0.07429574429988861,0.016052384674549103,0.4013093296438456,0.07317256188252941,0.8,1.4814311271038605e-06,9.290748746337866e-07,0.21304347826086956
21080,0.19487400650978087,0.19139613807201386,0.04012855589389801,1.0032140586525202,0.11399430120363832,0.6,0.01834321767091751,9.289890174321892e-07,0.21314459049544995
21090,0.278082600235939,0.19992124736309053,0.041860458254814145,1.053697820007801,0.12647097128210588,0.5,1.3099619309286936e-06,9.28903112267616e-07,0.21324570273003032
21100,-0.011475703865289687,0.16607980504631997,0.050427794456481934,1.248957185819745,0.13586738720769062,0.4,0.33840829133987427,9.288171591496715e-07,0.21334681496461072
21110,0.009392693638801575,0.023980851471424102,0.04088700413703918,1.02217489592731,0.10634925491176546,0.9,0.018543493002653122,9.287311580879654e-07,0.2134479271991911
21120,0.10970796868205071,0.15547139346599578,0.04617742896080017,1.1656137153506279,0.1923087086994201,0.5,0.057890187948942184,9.286451090921135e-07,0.2135490394337715
21130,0.11063720583915711,0.1106638491153717,0.02269162833690643,0.5672911208122968,0.06673843413591385,0.7,0.00030270341085270047,9.285590121717362e-07,0.21365015166835188
21140,0.11098352670669556,0.12130698189139366,0.0049593370407819744,0.1875963643193245,0.08903137334855274,0.6,6.584378719329834,9.284728673364595e-07,0.21375126390293225
21150,0.005688771791756153,0.08230487778782844,0.019873255491256715,0.5256457015872001,0.13334731069626288,0.6,32.924217224121094,9.283866745959148e-07,0.21385237613751265
21160,0.1014147559646517,0.06616109199821948,0.012214121222496033,0.3189585041254759,0.10608816107269377,0.7,1.382859863952035e-06,9.283004339597391e-07,0.21395348837209302
21170,0.2767813751474023,0.20092996601015328,0.02817080616950989,0.7042701110243798,0.11955903043271973,0.6,3.5476837158203125,9.282141454375743e-07,0.21405460060667342
21180,0.04195196330547333,0.08882989883422851,0.022655412554740906,0.5663854416459799,0.12108818824635818,0.8,0.000255756254773587,9.281278090390678e-07,0.2141557128412538
21190,0.12288866601884366,0.08733572512865066,0.03353752791881561,0.8384387020021677,0.13080628785537557,0.5,0.685235321521759,9.280414247738727e-07,0.21425682507583418
21200,0.09357212865725159,0.07876640241593122,0.024385294318199156,0.6096322942525149,0.13599287415854633,0.6,6.883236437715823e-06,9.279549926516467e-07,0.21435793731041455
21210,0.18159056268632412,0.12601848430931567,0.0038672257214784622,0.0877346214838326,0.09423885240685195,0.7,0.7302986979484558,9.278685126820539e-07,0.21445904954499495
21220,0.17148216431960464,0.18593572042882442,0.035301366448402406,0.8825337376445532,0.18260758433025331,0.6,0.03513025864958763,9.277819848747628e-07,0.21456016177957532
21230,0.06216361187398434,0.05446345955133438,0.010883835703134536,0.2720960579812527,0.12187524974578992,0.7,1.4550520181655884,9.276954092394475e-07,0.21466127401415572
21240,0.11100982427597046,0.1274937391281128,0.005000118166208267,0.3956183630973101,0.09860059173079208,0.7,2.3368539810180664,9.276087857857878e-07,0.2147623862487361
21250,0.13680619690567256,0.09485043361783027,-0.0074724525213241575,0.2082044318318367,0.08301107264123857,0.7,0.17612230777740479,9.275221145234687e-07,0.21486349848331648
21260,0.1736541584134102,0.1452747493982315,0.019089430570602417,0.48748424276709557,0.11265974192647263,0.7,4.311770915985107,9.2743539546218e-07,0.21496461071789685
21270,0.24588532467314508,0.26395934462780135,0.029815274477005004,0.7576053805649281,0.1522872868110426,0.3,4.627004146575928,9.273486286116177e-07,0.21506572295247725
21280,0.061902995221316814,0.04956504963338375,0.015643095970153807,0.3635033188387752,0.10153592736460268,0.6,1.3509632026398322e-06,9.272618139814827e-07,0.21516683518705762
21290,0.026083989441394805,0.03827164247632027,0.02768799662590027,0.7629320248961449,0.0970062687410973,0.8,4.101554623048287e-06,9.271749515814811e-07,0.21526794742163802
21300,0.019926140550523996,0.04566948264837265,0.038961935043334964,0.9740482859313488,0.1455557670793496,0.6,0.016892587766051292,9.270880414213247e-07,0.21536905965621841
21310,0.1504770996980369,0.14561334382742644,0.03216730058193207,0.8041830353438855,0.14846560114528984,0.5,3.511218786239624,9.270010835107303e-07,0.21547017189079878
21320,0.28260465515777466,0.16738932821899652,0.039694938063621524,1.0620663233101368,0.16904348217649384,0.4,0.36564314365386963,9.269140778594202e-07,0.21557128412537918
21330,0.0,0.0,0.01608525514602661,0.4021318595856428,0.06295788449933752,1.0,1.3443534498946974e-06,9.268270244771224e-07,0.21567239635995955
21340,-0.010353877022862435,0.11809520665556192,0.014705425500869751,0.3676357764750719,0.12382541029946878,0.6,69.3752212524414,9.267399233735693e-07,0.21577350859453995
21350,0.181784042250365,0.14045071620494126,0.033930981159210206,0.848274414613843,0.1448594884830527,0.4,5.582858562469482,9.266527745584998e-07,0.21587462082912032
21360,0.08551276922225952,0.09246204644441605,0.02855755388736725,0.7139388591051101,0.1072970382287167,0.6,7.160120964050293,9.26565578041657e-07,0.21597573306370071
21370,0.10572950057685375,0.10437571513466537,0.011463731527328491,0.2865931589156389,0.10850352003471926,0.5,2.452845365041867e-06,9.264783338327903e-07,0.21607684529828108
21380,-0.010974295809864998,0.02118031708523631,0.01141873300075531,0.28749834559857845,0.08537298244191334,0.7,0.5291491150856018,9.263910419416539e-07,0.21617795753286148
21390,0.13047293499112128,0.1221393659710884,0.03549200594425202,0.8873009148985147,0.12132880348945037,0.4,5.991746002109721e-05,9.263037023780071e-07,0.21627906976744185
21400,-0.01097218357026577,0.11261466033756733,0.041191890835762024,1.0297977566719054,0.14055680030724033,0.6,12.036310195922852,9.262163151516153e-07,0.21638018200202225
21410,0.1141324982047081,0.11934013590216637,0.03570588529109955,0.8664621990174055,0.10922606233507395,0.6,1.3536861160901026e-06,9.261288802722487e-07,0.21648129423660262
21420,0.16388256214559077,0.12487657479941845,0.03500607311725616,0.8875517804175616,0.14797222926281392,0.6,1.4155804137772066e-06,9.26041397749683e-07,0.21658240647118301
21430,0.12765103243291379,0.10644342703744769,0.03228275179862976,0.8117202050983906,0.14641474485397338,0.6,1.83936208486557e-06,9.259538675936989e-07,0.21668351870576338
21440,0.22021979764103888,0.1739043928682804,0.04225597381591797,1.0563994232565164,0.13435357188573108,0.5,1.4528500287269708e-06,9.258662898140827e-07,0.21678463094034378
21450,0.05789615766843781,0.0807478042319417,0.024562878906726836,0.6140721935778857,0.1388028886751272,0.7,1.2897399983557989e-06,9.257786644206263e-07,0.21688574317492418
21460,0.12887096926569938,0.22418975457549095,0.007163536548614502,0.6983467124402523,0.16414311948465182,0.5,0.03907620906829834,9.256909914231263e-07,0.21698685540950455
21470,0.207639729231596,0.14877547398209573,0.016178874671459197,0.4068023331463337,0.0817183060804382,0.6,1.983577931241598e-05,9.256032708313853e-07,0.21708796764408494
21480,0.18055264949798583,0.26254065334796906,0.021148908138275146,0.5287229474633932,0.11029090076917783,0.7,1.928451411004062e-06,9.255155026552106e-07,0.21718907987866531
21490,0.22650592476129533,0.1861615002155304,0.03664863109588623,0.9162155594676733,0.15985634305980057,0.4,1.3676762580871582,9.254276869044151e-07,0.2172901921132457
21500,0.004688624339178204,0.05758280102163553,0.016766147315502168,0.4191537320613861,0.18511794256046415,0.6,0.027920648455619812,9.253398235888171e-07,0.21739130434782608
21510,0.07635687468573452,0.11455847322940826,0.02756219804286957,0.6890555027872324,0.1188096626661718,0.7,1.2048097914885147e-06,9.252519127182401e-07,0.21749241658240648
21520,0.016599935293197633,0.04645819962024689,0.014735613763332368,0.3683901663869619,0.10591945813503116,0.8,0.024120435118675232,9.251639543025129e-07,0.21759352881698685
21530,0.3428186595439911,0.2179485648870468,0.010515515506267548,0.6301796238869428,0.09646822245558724,0.6,0.033747971057891846,9.250759483514698e-07,0.21769464105156724
21540,0.027868814673274754,0.09488086979836226,0.026136559247970582,0.6534143634140491,0.1658097277744673,0.4,0.003901425050571561,9.249878948749503e-07,0.21779575328614761
21550,0.10322509557008744,0.1342421777546406,0.038622915744781494,0.8954470773693174,0.084730519563891,0.7,2.2438391624746146e-06,9.248997938827988e-07,0.217896865520728
21560,0.365715417265892,0.2142749737948179,0.01993950754404068,0.49848804213106634,0.11225355290807784,0.6,1.595509843355103e-06,9.248116453848658e-07,0.21799797775530838
21570,0.0031010009348392486,0.08020764961838722,0.012219500541687012,0.30548754520714283,0.10085259462939575,0.8,0.0003799089463427663,9.247234493910068e-07,0.21809908998988878
21580,0.0,0.0,0.011869561672210694,0.2967391159385443,0.049860149261076,1.0,0.0015114033594727516,9.24635205911082e-07,0.21820020222446915
21590,0.17892289236187936,0.15704255178570747,0.03682580292224884,0.9206457147374749,0.12010613945312798,0.5,0.212620347738266,9.24546914954958e-07,0.21830131445904954
21600,0.13879332290962337,0.1148597314953804,0.025523549318313597,0.6380889430642128,0.181568514672108,0.5,7.990157127380371,9.244585765325057e-07,0.21840242669362994
21610,0.0180924940854311,0.011212083511054516,0.014089351892471314,0.3682544376701117,0.09155200704699382,0.8,0.18338322639465332,9.243701906536021e-07,0.2185035389282103
21620,0.05913217552006245,0.10467566028237343,0.03178786635398865,0.7946968514472246,0.15641307405894622,0.4,0.9414685368537903,9.24281757328129e-07,0.2186046511627907
21630,0.049190393090248107,0.09453158229589462,0.03573123216629028,0.8932808071374894,0.14487450527958573,0.7,0.08586996048688889,9.241932765659735e-07,0.21870576339737108
21640,-0.02286676540970802,0.126098370552063,0.013975720107555389,0.34939315393567083,0.12453726958483458,0.8,0.04182419925928116,9.241047483770284e-07,0.21880687563195148
21650,0.1426752980798483,0.12525257393717765,0.01866690069437027,0.4666725039482117,0.12029624850256368,0.6,5.5444602367060725e-06,9.240161727711915e-07,0.21890798786653184
21660,0.02256008367985487,0.04898890666663647,0.024475619196891785,0.6118902992457151,0.15258907499955968,0.6,7.478204679500777e-06,9.239275497583658e-07,0.21900910010111224
21670,0.14409915842115878,0.1517052784562111,0.02395569086074829,0.6057223949581385,0.12214157772250474,0.4,2.915002824011026e-06,9.238388793484602e-07,0.2191102123356926
21680,0.23854945180937648,0.13661072752438486,0.023846666514873504,0.5961667239665985,0.11745995405362919,0.7,1.7590708694115165e-06,9.23750161551388e-07,0.219211324570273
21690,0.2248231379315257,0.2801796205341816,0.026366043090820312,0.6591513182967901,0.16794341549975797,0.4,3.068756313950871e-06,9.236613963770685e-07,0.21931243680485338
21700,0.17166169211268426,0.10243033897131681,0.010247673839330673,0.25619170628488064,0.0673217048868537,0.8,5.87578915656195e-06,9.23572583835426e-07,0.21941354903943378
21710,0.1532042771577835,0.14614632725715637,0.011488107591867447,0.287202924862504,0.08591762447031215,0.8,1.2147148709118483e-06,9.234837239363901e-07,0.21951466127401414
21720,0.10282122418284416,0.22883628010749818,0.03755210638046265,0.9388030048459768,0.17180575558450073,0.4,1.2429895401000977,9.233948166898958e-07,0.21961577350859454
21730,0.1790810912847519,0.1717047482728958,0.01971590667963028,0.6782331731170416,0.1063095875782892,0.5,1.0234620049232035e-06,9.233058621058835e-07,0.2197168857431749
21740,0.07822397388517857,0.07902270630002022,0.024676787853240966,0.6235406193882227,0.10350200501270593,0.7,1.450850504625123e-06,9.232168601942984e-07,0.2198179979777553
21750,0.16623985581099987,0.14596204776316882,0.03656655550003052,0.92678626999259,0.10788640229729936,0.5,4.498846010392299e-06,9.231278109650917e-07,0.2199191102123357
21760,0.18827474676072598,0.12756819054484367,0.0420154869556427,1.0571527741849422,0.11277502054581419,0.6,1.1711163097061217e-06,9.230387144282193e-07,0.22002022244691607
21770,0.15700503224506973,0.12769458033144473,0.03169695138931274,0.7924238558858633,0.1773845168761909,0.4,0.07180371880531311,9.229495705936427e-07,0.22012133468149647
21780,0.052866166830062865,0.0547416253015399,0.010444409400224685,0.2888194378465414,0.12225070536369458,0.5,3.0799596970609855e-06,9.228603794713286e-07,0.22022244691607684
21790,0.29804350435733795,0.19755443632602693,0.027605223655700683,0.6901308912783861,0.11007015453651547,0.5,8.972702026367188,9.227711410712487e-07,0.22032355915065724
21800,0.17792045921087266,0.3928137421607971,0.03617457747459411,0.9043653570115566,0.18811092792311684,0.5,1.0036541425506584e-05,9.226818554033808e-07,0.2204246713852376
21810,0.033811619877815245,0.10267259031534196,0.011758726835250855,0.4849260438233614,0.1465773383155465,0.6,1.1408523050704389e-06,9.225925224777069e-07,0.220525783619818
21820,0.11619729250669479,0.1236034482717514,0.02910500466823578,0.7276251398026943,0.11885716213146225,0.5,1.0439928770065308,9.225031423042153e-07,0.22062689585439837
21830,0.12553809136152266,0.09488685540854931,0.028909438848495485,0.7227361146360636,0.10060391558799893,0.7,0.1406054049730301,9.224137148928989e-07,0.22072800808897877
21840,0.02117414101958275,0.09625163078308105,0.017570370435714723,0.4392592594027519,0.16902187369996682,0.6,0.044312071055173874,9.223242402537561e-07,0.22082912032355914
21850,0.0441426619887352,0.11403566524386406,0.019662408530712126,0.49156041219830515,0.13973807571455837,0.7,1.1229515166633064e-06,9.222347183967904e-07,0.22093023255813954
21860,0.06917223334312439,0.039526989310979845,0.016409605741500854,0.5985356908291578,0.07372945791576058,0.8,1.4564337789124693e-06,9.221451493320113e-07,0.2210313447927199
21870,0.12196320258080959,0.143275161460042,0.024291655421257018,0.6072920341044664,0.10835357648320496,0.5,2.196640968322754,9.220555330694325e-07,0.2211324570273003
21880,0.002775355614721775,0.02275114506483078,0.00845993384718895,0.21149830818176268,0.07740089020226151,0.9,1.3420943105302285e-05,9.219658696190738e-07,0.22123356926188067
21890,0.33851773031055926,0.326521435379982,0.01848921477794647,1.0991755612194538,0.17984216897748412,0.2,0.39642956852912903,9.2187615899096e-07,0.22133468149646107
21900,0.026498593389987946,0.17508889734745026,0.014793932437896729,0.6769608035683632,0.13821463987696916,0.7,36.056949615478516,9.217864011951208e-07,0.22143579373104147
21910,0.26028147311881183,0.250062868418172,0.04418126344680786,1.1030097432434558,0.1854785685543902,0.2,1.2479047775268555,9.216965962415922e-07,0.22153690596562184
21920,0.08072308152914047,0.061107759922742845,0.022907155752182006,0.5726792793720961,0.09359404105925932,0.8,0.020991774275898933,9.216067441404142e-07,0.22163801820020224
21930,0.3035876592621207,0.19455957636237145,0.04048201739788056,1.0020983468741178,0.17242976361885667,0.5,1.3489190678228624e-05,9.215168449016329e-07,0.2217391304347826
21940,-0.009666739031672478,0.015579794347286225,0.019534862041473387,0.48837188482284544,0.09106033715652302,0.8,0.22583650052547455,9.214268985352997e-07,0.221840242669363
21950,0.0901220116764307,0.09574612975120544,0.020354786515235902,0.5996084757149219,0.11951427571475506,0.5,1.12453460587858e-06,9.213369050514705e-07,0.22194135490394337
21960,0.19848489481955767,0.1266103238798678,0.023584714531898497,0.5896177973598242,0.1284860596060753,0.4,0.07808410376310349,9.212468644602076e-07,0.22204246713852377
21970,0.1455831527709961,0.08807696588337421,0.020224757492542267,0.5056190885603428,0.10589978763600812,0.7,0.1741611361503601,9.211567767715775e-07,0.22214357937310414
21980,0.12838450372219085,0.24971908889710903,0.015351815521717072,0.3837956082075834,0.13119450507219882,0.5,0.39120355248451233,9.210666419956526e-07,0.22224469160768454
21990,0.11709001157432794,0.2007237382233143,0.016486503183841705,0.4121626980602741,0.15622943771304562,0.5,5.495428562164307,9.209764601425103e-07,0.2223458038422649
22000,0.07148978449404239,0.06932714506983757,0.03330452144145966,0.8374386310577393,0.11040780312614515,0.7,1.0815255109264399e-06,9.208862312222336e-07,0.2224469160768453
22010,0.21420252621173858,0.16422277614474295,0.01992889791727066,0.843756652995944,0.13417595775099472,0.5,6.792571544647217,9.2079595524491e-07,0.22254802831142567
22020,0.06535154432058335,0.06343246400356292,0.02003081738948822,0.5007703136652708,0.1010405629989691,0.8,0.0003539860190358013,9.207056322206335e-07,0.22264914054600607
22030,0.0168356254696846,0.015334562957286834,0.010217607021331787,0.25544020272791385,0.0825102568953298,0.9,9.84208213594684e-07,9.20615262159502e-07,0.22275025278058644
22040,0.16165253520011902,0.10167674627155066,0.01071067526936531,0.2677668508142233,0.08393915938213467,0.7,0.8935993313789368,9.205248450716196e-07,0.22285136501516684
22050,0.09215754494071007,0.1290969543159008,0.023176273703575133,0.5794072583317756,0.17072597795631736,0.4,1.2256920172148966e-06,9.204343809670953e-07,0.22295247724974723
22060,0.1752360701560974,0.10013489723205567,0.015256005525588989,0.38140024766325953,0.044148043415043504,0.9,0.025890769436955452,9.203438698560435e-07,0.2230535894843276
22070,0.0040202709846198555,0.015762594155967237,0.00938539057970047,0.23406271835556253,0.10697148201288656,0.6,1.4406238733499777e-05,9.202533117485835e-07,0.223154701718908
22080,0.0,0.0,0.019957470893859863,0.49893686957657335,0.07466152246342972,1.0,0.00324886292219162,9.201627066548405e-07,0.22325581395348837
22090,0.027880796138197182,0.06586162149906158,0.01318909227848053,0.34700138941407205,0.12859710067277774,0.7,1.079220169231121e-06,9.200720545849441e-07,0.22335692618806877
22100,0.5777286496013403,0.4872726559638977,0.04456983506679535,1.1142456278204917,0.1248837837134488,0.4,0.03148377314209938,9.199813555490301e-07,0.22345803842264914
22110,0.12205136567354202,0.12719103172421456,0.03358389437198639,0.8395974241197109,0.12871934418799355,0.7,1.20684387638903e-06,9.198906095572387e-07,0.22355915065722953
22120,0.2543215982615948,0.19464733954519034,0.022804220020771027,0.5701058425009251,0.1312886753003113,0.5,16.774717330932617,9.197998166197159e-07,0.2236602628918099
22130,0.10067698955535889,0.05752971172332764,0.02329567223787308,0.58239139392972,0.060951702937018126,0.9,0.0011470513418316841,9.197089767466129e-07,0.2237613751263903
22140,0.0392734988592565,0.03333300286903977,0.02976588308811188,0.7441473685204982,0.14173391849035397,0.6,5.1182023526052944e-06,9.196180899480858e-07,0.22386248736097067
22150,0.011069469898939133,0.11031405441462994,0.0289546936750412,0.7054249413311482,0.1298244085162878,0.4,9.045478820800781,9.195271562342962e-07,0.22396359959555107
22160,0.06260677576065063,0.12193513289093971,0.011505123227834702,0.287628148496151,0.1373304565786384,0.7,1.048946342052659e-05,9.194361756154111e-07,0.22406471183013144
22170,-0.0168700709939003,0.03750954419374466,0.008228043466806412,0.22487593702971936,0.1362654728582129,0.8,2.427103481750237e-06,9.193451481016024e-07,0.22416582406471183
22180,0.11758716776967049,0.0793997872620821,0.004885611683130264,0.12214026935398578,0.055260686634574084,0.7,3.344594688314828e-06,9.192540737030472e-07,0.2242669362992922
22190,0.05970200002193451,0.11594007164239883,0.02559242248535156,0.6588084377348423,0.138526475278195,0.5,0.19616174697875977,9.191629524299285e-07,0.2243680485338726
22200,0.04545565042644739,0.05780045185238123,0.023354020714759827,0.5838588323444128,0.1518368714605458,0.5,1.3077984704068513e-06,9.190717842924338e-07,0.224469160768453
22210,0.08555993437767029,0.17715967446565628,0.023291829228401183,0.5822955142706633,0.12907249755226075,0.7,60.1204948425293,9.189805693007561e-07,0.22457027300303337
22220,0.2912296454407624,0.20240380005852784,0.020560687780380248,0.6971818257123232,0.11532929480308667,0.4,4.6123637730488554e-05,9.188893074650939e-07,0.22467138523761376
22230,0.010535167157649994,0.013589955866336823,0.01191735565662384,0.2979339580982924,0.07275629496434703,0.9,1.3634285096486565e-06,9.187979987956505e-07,0.22477249747219413
22240,0.12246214300394058,0.20030909404158592,0.03575718700885773,1.0279624123126267,0.20071923843352124,0.4,3.4804243114194833e-06,9.187066433026344e-07,0.22487360970677453
22250,-0.007894904166460038,0.06471895575523376,0.01015378162264824,0.25384441651403905,0.07277069068513811,0.9,0.0723990947008133,9.186152409962602e-07,0.2249747219413549
22260,0.1053165227174759,0.06785736382007598,0.009194575250148773,0.4550206929445267,0.08558752830140293,0.7,1.1690294741129037e-06,9.185237918867466e-07,0.2250758341759353
22270,-0.05890242606401443,0.1634460985660553,0.014446288347244263,0.3611573547124863,0.12647632407024503,0.7,33.37226104736328,9.184322959843182e-07,0.22517694641051567
22280,0.06658563716337085,0.04410057589411735,0.012434213608503341,0.3108552474528551,0.08892972124740481,0.7,2.507287490516319e-06,9.183407532992047e-07,0.22527805864509606
22290,0.16127403527498246,0.0921565867960453,0.02482255846261978,0.756847970932722,0.08888425780460238,0.6,2.951271198980976e-06,9.182491638416408e-07,0.22537917087967643
22300,0.18707150556147098,0.1457246609032154,0.017086371779441833,0.5414015013724566,0.10496141165494918,0.6,7.397463832603535e-06,9.18157527621867e-07,0.22548028311425683
22310,0.08345816060900688,0.14695949144661427,0.020652075111865998,0.516302029043436,0.12237598404753953,0.6,0.0011681809555739164,9.180658446501283e-07,0.2255813953488372
22320,0.023268914222717284,0.013296522200107574,0.00511106587946415,0.1277766518294811,0.06709941077278928,0.9,1.4275611874836613e-06,9.179741149366755e-07,0.2256825075834176
22330,0.23599715121090412,0.15384824126958846,0.0160633847117424,0.4015850078314543,0.08515508379787207,0.7,2.0857025901932502e-06,9.178823384917643e-07,0.22578361981799797
22340,0.18181808218359946,0.10496124285273253,0.010228216648101807,0.25570558831095697,0.08472781719174236,0.6,7.241832008730853e-06,9.177905153256556e-07,0.22588473205257836
22350,0.022187917679548263,0.09207037910819053,0.010601119697093963,0.2650280810892582,0.10119816527003422,0.8,1.6464830423501553e-06,9.176986454486159e-07,0.22598584428715873
22360,0.2008566677570343,0.12939150333404542,0.014504289627075196,0.36260710172355176,0.049517288757488134,0.8,3.0024197101593018,9.176067288709168e-07,0.22608695652173913
22370,0.031894609332084656,0.0290508896112442,0.011157581210136413,0.278939476236701,0.07748432649532333,0.9,1.1913515436390298e-06,9.175147656028348e-07,0.22618806875631953
22380,0.1462859757244587,0.20912676192820073,0.028590741753578185,0.7147688142955303,0.1131020748289302,0.6,0.2879073917865753,9.174227556546518e-07,0.2262891809908999
22390,0.08609349504113198,0.09725445155054331,0.021486619114875795,0.5371660429984331,0.127815192588605,0.7,1.4892887065798277e-06,9.173306990366549e-07,0.2263902932254803
22400,0.15305366814136506,0.15883605182170868,0.03339962661266327,0.8349902745336294,0.10790128075750545,0.6,2.2224878648557933e-06,9.172385957591367e-07,0.22649140546006066
22410,0.13767719864845276,0.1395014315843582,0.02956613302230835,0.7391532946377992,0.10408632409526035,0.6,8.44972038269043,9.171464458323944e-07,0.22659251769464106
22420,0.0918417751789093,0.05248100757598877,0.030730122327804567,0.768252819776535,0.07830659541068599,0.9,1.3604070772998966e-05,9.17054249266731e-07,0.22669362992922143
22430,0.2670782804489136,0.1857440469786525,0.033294564485549925,0.842424464225769,0.05368100628256798,0.6,1.1360638154656044e-06,9.169620060724548e-07,0.22679474216380183
22440,0.006706894934177398,0.05149359814822674,0.008386649936437608,0.20966622605919838,0.06771695683710277,0.8,0.010120176710188389,9.168697162598785e-07,0.2268958543983822
22450,0.20686671724542977,0.19089573994278908,0.03282677531242371,0.8206693388521671,0.1439460871857591,0.5,0.5524290204048157,9.167773798393208e-07,0.2269969666329626
22460,0.15273370295763017,0.13204849362373353,0.012518768012523652,0.6010918214917182,0.08756483012111857,0.7,0.011779464781284332,9.166849968211053e-07,0.22709807886754296
22470,0.13222320824861528,0.12719775810837747,0.013252748548984528,0.35257838722318413,0.08625200731912627,0.7,1.1629729215201223e-06,9.16592567215561e-07,0.22719919110212336
22480,0.006856141984462738,0.02593301348388195,0.015602123737335206,0.39005318135023115,0.09331086463062092,0.8,3.453619456195156e-06,9.165000910330217e-07,0.22730030333670373
22490,0.15215194448828698,0.09019235149025917,0.026712581515312195,0.7063484232872724,0.08491410149727016,0.7,0.6143671274185181,9.164075682838268e-07,0.22740141557128413
22500,0.056888260319828986,0.03428303562104702,0.028878811001777648,0.7219701666384936,0.11474710369948297,0.7,5.319500996847637e-05,9.163149989783207e-07,0.2275025278058645
22510,0.0075542893260717395,0.023578061908483505,0.020936839282512665,0.5234209399670362,0.0980094871018082,0.8,0.02980942092835903,9.162223831268535e-07,0.2276036400404449
22520,0.1803644135594368,0.14039875268936158,0.029032912850379945,0.7258017534390092,0.13162865337217228,0.7,1.4131370562608936e-06,9.161297207397793e-07,0.2277047522750253
22530,-0.00027766227722167967,0.08585767224431037,5.3967599524185064e-05,0.1024632103741169,0.07925266625825315,0.8,0.0030173195991665125,9.160370118274589e-07,0.22780586450960566
22540,0.04003478139638901,0.057141004502773284,0.012528884410858154,0.43710184209048747,0.07762759394245222,0.8,1.5773501900184783e-06,9.159442564002572e-07,0.22790697674418606
22550,0.03469553293543868,0.05290039395331405,0.013149130344390868,0.328728024661541,0.11437978487228975,0.7,2.295923877682071e-06,9.158514544685447e-07,0.22800808897876643
22560,0.154608154296875,0.12033351361751557,0.022068904340267183,0.5517226934432984,0.09041386363096535,0.8,1.4289754629135132,9.157586060426974e-07,0.22810920121334682
22570,0.0,0.038258352875709535,0.005581590160727501,0.13954052813351153,0.08013603548752143,0.9,1.677220780038624e-06,9.156657111330959e-07,0.2282103134479272
22580,0.21316786855459213,0.15897210240364074,0.015661153197288512,0.44908760115504265,0.08816707395017147,0.6,2.278468173244619e-06,9.155727697501263e-07,0.2283114256825076
22590,0.1599139343947172,0.11425417922437191,0.03868602514266968,1.0854319531470538,0.16279136611847206,0.3,0.9128077626228333,9.1547978190418e-07,0.22841253791708796
22600,0.03413256092462689,0.14927392359822989,0.04000235795974731,1.1813808962702752,0.24275059634819626,0.3,3.2384843826293945,9.153867476056535e-07,0.22851365015166836
22610,0.023847082257270814,0.05306763648986816,0.01820908784866333,0.45522764399647714,0.10493834824301303,0.8,7.336849212646484,9.152936668649483e-07,0.22861476238624873
22620,0.09786675199866295,0.07655466943979264,0.028132319450378418,0.7469059765338898,0.11443918556906282,0.7,2.4392318209720543e-06,9.152005396924713e-07,0.22871587462082912
22630,0.06119375303387642,0.1110900841653347,0.030599623918533325,0.7649913854897022,0.1661126394988969,0.4,1.1055302593376837e-06,9.151073660986347e-07,0.2288169868554095
22640,0.0356419749557972,0.038476919382810594,0.027807053923606873,0.686209463328123,0.10093344348715619,0.8,4.983312129974365,9.150141460938556e-07,0.2289180990899899
22650,0.10272215902805329,0.15450654923915863,0.02644168436527252,0.6610423639416695,0.14300952441990375,0.6,1.0491460216144333e-06,9.149208796885566e-07,0.22901921132457026
22660,0.2110863672569394,0.14205901324748993,0.022298578917980195,0.6890113588422537,0.10124723294284195,0.6,4.426557540893555,9.148275668931651e-07,0.22912032355915066
22670,0.047668909281492235,0.05167187377810478,0.027982258796691896,0.6995559759438038,0.10622530397959054,0.7,5.312927441991633e-06,9.147342077181139e-07,0.22922143579373105
22680,0.035809040814638135,0.032125677168369296,0.01676759272813797,0.4207710798829794,0.09935328606516122,0.7,0.3044021427631378,9.146408021738412e-07,0.22932254802831142
22690,-0.002910882048308849,0.03477494455873966,0.005861754715442658,0.14218043871223926,0.10413313807221129,0.7,18.58948516845703,9.145473502707901e-07,0.22942366026289182
22700,0.1937140166759491,0.11069371402263642,0.010867426544427872,0.2716855466365814,0.057300800224766135,0.8,1.955748757609399e-06,9.144538520194089e-07,0.2295247724974722
22710,0.018278077617287634,0.0426225408911705,0.008450274914503097,0.21125708594918252,0.1016236211056821,0.8,0.0017251296667382121,9.143603074301512e-07,0.2296258847320526
22720,0.16382602006196975,0.134953074157238,0.03722253441810608,0.930563472956419,0.14019346262793989,0.5,0.07426497340202332,9.142667165134757e-07,0.22972699696663296
22730,0.07034226544201375,0.10125235095620155,0.02592530846595764,0.6481330804526806,0.14738499915692954,0.5,0.7266249060630798,9.141730792798461e-07,0.22982810920121335
22740,-0.00022989280987530946,0.0005869483109563589,0.014353060722351074,0.3588265597820282,0.09499337751185521,0.9,7.235235443658894e-06,9.140793957397319e-07,0.22992922143579372
22750,-0.010511856898665429,0.022118424624204637,0.03018956780433655,0.7547393873333931,0.1427258698269725,0.8,0.048927631229162216,9.139856659036072e-07,0.23003033367037412
22760,0.1346032178029418,0.12768398672342302,0.03297431766986847,0.824358182027936,0.19251082858536392,0.4,0.021002840250730515,9.138918897819512e-07,0.2301314459049545
22770,0.110905522108078,0.10402377732098103,0.014431291818618774,0.43733924850821493,0.13665842619957402,0.5,7.150154113769531,9.137980673852488e-07,0.2302325581395349
22780,0.19369049668312072,0.157485131919384,0.022311435639858247,0.5577860001474619,0.08708293800009415,0.7,35.86836242675781,9.137041987239895e-07,0.23033367037411526
22790,0.0006012499332427978,0.08273786678910255,0.02366350144147873,0.5915874224156141,0.14226067003328352,0.6,0.041390590369701385,9.136102838086685e-07,0.23043478260869565
22800,0.14685424864292146,0.18078702241182326,0.018971347808837892,0.474283891543746,0.12832612736383453,0.6,26.529298782348633,9.135163226497858e-07,0.23053589484327602
22810,0.1791432026773691,0.14452224811539055,0.03481352031230926,0.8703384600579739,0.1372603069175966,0.5,2.052919626235962,9.134223152578469e-07,0.23063700707785642
22820,0.01606493443250656,0.0410160094499588,0.010799146443605422,0.26997864097356794,0.0767130424384959,0.9,39.9572868347168,9.13328261643362e-07,0.23073811931243682
22830,0.08137215971946717,0.0464983731508255,0.007685647904872894,0.19214113615453243,0.05910159305203706,0.8,1.1290297834420926e-06,9.132341618168466e-07,0.2308392315470172
22840,-0.04095979779958725,0.13520039469003678,0.01792832612991333,0.4482085395604372,0.11526228276779875,0.7,1.6160645373020088e-06,9.131400157888221e-07,0.23094034378159758
22850,0.0984144538640976,0.06365035623311996,0.009876904636621475,0.2469226371496916,0.0975795918260701,0.7,4.203893661499023,9.13045823569814e-07,0.23104145601617795
22860,0.11272356696426869,0.09143828600645065,0.01671253889799118,0.4178135771304369,0.0984195891302079,0.7,1.7514597177505493,9.129515851703533e-07,0.23114256825075835
22870,0.36382090449333193,0.24112099409103394,0.02583855390548706,0.6459640465676785,0.08247561674797907,0.6,0.0011572015937417746,9.128573006009767e-07,0.23124368048533872
22880,0.07805735357105732,0.19174354579299688,0.04169290959835052,1.0620423167943955,0.20496063962345942,0.4,0.013355460949242115,9.127629698722256e-07,0.23134479271991912
22890,0.09574793726205826,0.06188433468341827,0.03248951137065888,0.8122377015650273,0.07710679008159786,0.7,0.01429309044033289,9.126685929946464e-07,0.2314459049544995
22900,0.13392696678638458,0.19522011429071426,0.04245603084564209,1.0614004507660866,0.15152040051762014,0.3,56.85097122192383,9.12574169978791e-07,0.23154701718907988
22910,0.28272352293133735,0.16955376267433167,0.017180870473384856,0.4295214731246233,0.07261987806996331,0.7,3.7043014344817493e-06,9.124797008352162e-07,0.23164812942366025
22920,0.05459021553397179,0.0478773532435298,0.026091113686561584,0.6522776614874601,0.11304269769461825,0.7,8.594269456807524e-05,9.123851855744842e-07,0.23174924165824065
22930,0.16906325668096542,0.12504893271252512,0.03214316666126251,0.8922725178301334,0.1638267764938064,0.4,0.22351285815238953,9.122906242071625e-07,0.23185035389282102
22940,0.18954509869217873,0.11657359600067138,0.03869837820529938,0.9443542996421457,0.08855915234889836,0.7,0.012922667898237705,9.121960167438229e-07,0.23195146612740142
22950,0.3087847439572215,0.24243828151375055,0.06006624698638916,1.503246869146824,0.1563141297083348,0.3,0.9412184357643127,9.121013631950434e-07,0.2320525783619818
22960,0.10771945118904114,0.14966636002063752,0.04407872557640076,1.1019684556871652,0.12537341535789892,0.7,7.060560703277588,9.120066635714068e-07,0.23215369059656218
22970,0.039962947368621826,0.03639985173940659,0.02542344629764557,0.6355861101299525,0.1426767905591987,0.7,2.6160903416894143e-06,9.119119178835006e-07,0.23225480283114258
22980,0.31954988893121483,0.2983038045465946,0.008184474706649781,0.5950261320918798,0.108229652850423,0.6,1.4880927210469963e-06,9.118171261419181e-07,0.23235591506572295
22990,0.2330699920654297,0.13318285644054412,0.02925156056880951,0.7312891814857722,0.07530422289855779,0.7,1.2685395631706342e-06,9.117222883572572e-07,0.23245702730030335
23000,0.03326748460531235,0.12294747307896614,0.022795839607715605,0.5698959920555353,0.12526059785159305,0.7,0.0008332832949236035,9.116274045401213e-07,0.23255813953488372
23010,0.04739939570426941,0.05258126109838486,0.02828461229801178,0.7071156650781631,0.13906255171168597,0.6,0.27753639221191406,9.115324747011191e-07,0.23265925176946411
23020,-0.021808044193312524,0.019828332029283045,0.019119061529636383,0.48191370293498037,0.12794842723524197,0.7,1.3353005670069251e-06,9.114374988508639e-07,0.23276036400404448
23030,0.27132728770375253,0.16579622626304627,0.02934816777706146,0.733703812584281,0.09440500499913469,0.6,7.3062597039097454e-06,9.113424769999747e-07,0.23286147623862488
23040,0.08859041333198547,0.1479635238647461,0.013717731833457947,0.3429432798177004,0.10055136136943474,0.8,34.24248123168945,9.11247409159075e-07,0.23296258847320525
23050,-0.006530316174030304,0.05824275985360146,0.009301909804344177,0.23491142634302378,0.12728514993796125,0.7,10.48802661895752,9.111522953387942e-07,0.23306370070778565
23060,0.24000352919101714,0.13714487552642823,0.028440228104591368,0.7110054187476635,0.04757641507312656,0.8,1.4478790035354905e-05,9.110571355497663e-07,0.23316481294236602
23070,0.06907050758600235,0.17600191980600358,0.02590735852718353,0.6476843219250441,0.10421806211816147,0.6,2.5814003944396973,9.109619298026306e-07,0.23326592517694641
23080,0.17983778417110444,0.16830625087022782,0.028011390566825868,0.7002848632633686,0.11884472413221374,0.6,1.5924081802368164,9.108666781080316e-07,0.23336703741152678
23090,0.03541137538850307,0.06557973437011241,0.024704721570014954,0.617618240043521,0.12166671248851343,0.6,0.0011208107462152839,9.10771380476619e-07,0.23346814964610718
23100,0.2838631082326174,0.1865999571979046,0.039928415417671205,0.9982108678668737,0.10464616829995066,0.6,0.0249099712818861,9.106760369190473e-07,0.23356926188068755
23110,0.0832269847393036,0.04755827784538269,0.023616863787174223,0.5904214307665825,0.05793330495944247,0.9,0.011430791579186916,9.105806474459764e-07,0.23367037411526795
23120,0.10872394368052482,0.09167124927043915,0.02186317592859268,0.5465795636177063,0.0631812742445618,0.6,1.4283007383346558,9.104852120680714e-07,0.23377148634984835
23130,0.04823564533144235,0.07668412700295449,0.029175418615341186,0.7293849099427462,0.16642442331649362,0.7,1.74719696133252e-06,9.103897307960022e-07,0.23387259858442871
23140,0.26950593329966066,0.17373399399220943,0.009599719941616059,0.7370036967098713,0.12925821242388338,0.4,0.1741461455821991,9.102942036404444e-07,0.2339737108190091
23150,-0.024078741297125818,0.06924996748566628,0.0053164131939411165,0.21856243908405304,0.1114378779893741,0.6,1.881629395938944e-05,9.101986306120782e-07,0.23407482305358948
23160,0.031797143071889876,0.028024156019091605,0.017186553776264192,0.45351013708859683,0.06061456901952624,0.7,10.765122413635254,9.101030117215891e-07,0.23417593528816988
23170,-0.015018519759178162,0.10261317319236696,0.02529293894767761,0.6323237121105194,0.0968101657810621,0.7,5.160772707313299e-05,9.100073469796677e-07,0.23427704752275025
23180,0.04486790094524622,0.05144447777420282,0.009778057783842086,0.27364688105881213,0.13701075308490546,0.5,37.79856872558594,9.099116363970098e-07,0.23437815975733065
23190,0.13813250362873078,0.11921222358942032,0.024391475319862365,0.6097865127027035,0.07279439714038745,0.7,2.008062438108027e-06,9.098158799843163e-07,0.23447927199191101
23200,0.2157710548490286,0.27497406452894213,0.039278420805931094,0.9819604564458132,0.18184439542237668,0.3,9.467460632324219,9.097200777522931e-07,0.2345803842264914
23210,0.17020220533013344,0.10902523696422577,0.02406395971775055,0.6015988547354937,0.06908613202394917,0.8,0.023659667000174522,9.096242297116515e-07,0.23468149646107178
23220,0.02133062854409218,0.01548839658498764,0.030913755297660828,0.7797963842749596,0.09430900970473885,0.8,0.03365915268659592,9.095283358731078e-07,0.23478260869565218
23230,0.0967068113386631,0.1187250979244709,0.03725433051586151,0.9313585385680199,0.14807839907007292,0.6,3.2671621283952845e-06,9.094323962473833e-07,0.23488372093023255
23240,0.050041574984788895,0.08766131475567818,0.016251388192176818,0.40628467574715615,0.1251447425922379,0.7,4.842922210693359,9.093364108452044e-07,0.23498483316481295
23250,0.298556886613369,0.2072761669754982,0.03699236810207367,0.9248091865330934,0.07325069782091305,0.6,5.959847450256348,9.092403796773029e-07,0.23508594539939331
23260,0.08178199604153633,0.06493331342935563,0.026931649446487425,0.6732915177941322,0.09756294116377831,0.7,3.321930307720322e-06,9.091443027544152e-07,0.2351870576339737
23270,0.03217688202857971,0.038457507640123366,0.030765992403030396,0.8239938575774431,0.0927682611742057,0.8,1.6775800304458244e-06,9.090481800872835e-07,0.23528816986855408
23280,0.022226668521761896,0.08806189224123954,0.018433469533920287,0.4698262598365545,0.13717904094373806,0.6,4.499710559844971,9.089520116866548e-07,0.23538928210313448
23290,0.24717337265610695,0.17859667558223008,0.0216543048620224,0.5413602236658335,0.07884937995113432,0.4,1.2741247701342218e-06,9.088557975632809e-07,0.23549039433771488
23300,0.2181756619364023,0.16493393406271933,0.02422063648700714,0.7842521797865629,0.11076490324921906,0.5,0.856706440448761,9.087595377279191e-07,0.23559150657229525
23310,0.1618540793657303,0.09248804748058319,0.022101287543773652,0.5525324180722236,0.09192244802834466,0.8,0.09221510589122772,9.086632321913316e-07,0.23569261880687564
23320,-0.0034114111214876173,0.008854708261787891,0.009712862968444824,0.2428217450156808,0.09342082369839773,0.8,2.680520765352412e-06,9.085668809642861e-07,0.235793731041456
23330,0.5010764710605145,0.3714772924780846,0.02302359640598297,0.9594373028725386,0.12495861379429699,0.3,2.608152151107788,9.08470484057555e-07,0.2358948432760364
23340,0.09747239127755165,0.12618090361356735,0.029890358448028564,0.7472591578960419,0.11787283265730367,0.6,2.9635664304805687e-06,9.083740414819156e-07,0.23599595551061678
23350,0.03751663342118263,0.07409301418811083,0.03215028047561645,0.7742959316819906,0.24487513010390102,0.4,2.1750123500823975,9.082775532481512e-07,0.23609706774519718
23360,0.0427468329668045,0.024426761269569396,0.011679829657077789,0.29199573770165443,0.05370710389688611,0.9,0.7092805504798889,9.081810193670491e-07,0.23619817997977754
23370,0.2437496617436409,0.15731027983129026,0.0008120659738779068,0.5247623033821582,0.10724556522909552,0.6,0.005296060815453529,9.080844398494025e-07,0.23629929221435794
23380,0.06650508488528431,0.0784341860562563,0.02006232887506485,0.5015584643930197,0.12443538724910468,0.7,3.210576551282429e-06,9.079878147060094e-07,0.2364004044489383
23390,0.047198987752199176,0.03333814665675163,0.026562535762786867,0.6640635225921869,0.0689427386620082,0.8,1.724103331565857,9.07891143947673e-07,0.2365015166835187
23400,0.005494389683008194,0.005004510283470154,0.025948095321655273,0.6487029235810041,0.08111824711086228,0.9,3.891761934937676e-06,9.077944275852014e-07,0.23660262891809908
23410,0.05123550593852997,0.10724084340035915,0.030970394611358643,0.7742606403306127,0.09902296140789986,0.6,1.543546750326641e-05,9.076976656294082e-07,0.23670374115267948
23420,0.16594950705766678,0.15377136394381524,0.024941883981227875,0.6667490899562836,0.12644139097537846,0.5,2.070742084470112e-06,9.076008580911116e-07,0.23680485338725984
23430,0.01672270894050598,0.021571646630764007,0.0008560309186577797,0.021400770545005797,0.0506675515207462,0.9,1.3820413187204394e-06,9.075040049811351e-07,0.23690596562184024
23440,0.1152123298496008,0.0865613054484129,0.02073878049850464,0.5184697583317757,0.11344474389916286,0.6,1.9638032426883e-06,9.074071063103075e-07,0.23700707785642064
23450,0.06587226912379265,0.05587520189583302,0.024729815125465394,0.6182456910610199,0.06967276202049107,0.7,1.0321588206352317e-06,9.073101620894625e-07,0.237108190091001
23460,0.19505805745720864,0.1638197721913457,0.02681185007095337,0.946215371415019,0.07076148798223585,0.6,2.6718801109382184e-06,9.072131723294387e-07,0.2372093023255814
23470,0.33361599445343015,0.33470083475112916,0.055203473567962645,1.3800863776355983,0.10546655169455335,0.6,2.821746420522686e-06,9.071161370410805e-07,0.23731041456016178
23480,0.19035535361617803,0.11942283427342773,0.036110371351242065,0.9027589317411184,0.10454978331690654,0.4,1.343450903892517,9.070190562352363e-07,0.23741152679474217
23490,0.09603550434112548,0.05487743020057678,0.0130833700299263,0.32708462700247765,0.039224131405353545,0.9,9.329278327641077e-07,9.069219299227606e-07,0.23751263902932254
23500,0.16217811778187752,0.1441830113530159,0.03308040499687195,0.8270101398229599,0.12299304531188682,0.5,6.036452293395996,9.068247581145125e-07,0.23761375126390294
23510,-0.0069832723587751385,0.019277279265224934,0.023011070489883424,0.6007934447377921,0.11834911674959585,0.7,2.3875993520050542e-06,9.067275408213561e-07,0.2377148634984833
23520,0.013543890416622162,0.05417555570602417,0.011292906850576401,0.28232270404696463,0.08008547178469598,0.9,1.6285622450595838e-06,9.066302780541608e-07,0.2378159757330637
23530,-0.045070478320121767,0.03895835727453232,0.022511616349220276,0.5841464854776859,0.10615189673844724,0.8,5.835061073303223,9.065329698238011e-07,0.23791708796764408
23540,0.11517387460917235,0.06763386065140367,0.01673276722431183,0.4218936271965504,0.07194757059914991,0.7,3.021681308746338,9.064356161411566e-07,0.23801820020222447
23550,0.025883799046278,0.14332025423645972,0.029396182298660277,0.750003669783473,0.14634682306787,0.6,3.916334867477417,9.063382170171119e-07,0.23811931243680484
23560,0.10427941158413886,0.07415893543511629,0.01406056433916092,0.3515142247080803,0.06722508459351957,0.7,2.3991761207580566,9.062407724625563e-07,0.23822042467138524
23570,0.1229134440422058,0.07023625373840332,0.013826026022434235,0.34565035812556744,0.045566397998481986,0.9,1.964407965715509e-05,9.06143282488385e-07,0.2383215369059656
23580,0.2681047558784485,0.15320271849632264,0.029221940040588378,0.7305485993623734,0.09451100090518594,0.7,1.241300992660399e-06,9.060457471054977e-07,0.238422649140546
23590,0.06422473788261414,0.036699849367141726,0.00785638988018036,0.19640951715409755,0.034504180098883806,0.9,1.4759917803530698e-06,9.059481663247992e-07,0.2385237613751264
23600,0.10435668732970953,0.1351346645504236,0.022603531181812287,0.7393757566809654,0.19873361757490784,0.3,0.02238614112138748,9.058505401571996e-07,0.23862487360970677
23610,0.2237515078857541,0.20037846975028514,0.05110679864883423,1.385097884014249,0.16233593424549325,0.5,6.886935807415284e-06,9.057528686136137e-07,0.23872598584428717
23620,0.055176045000553134,0.05025655180215836,0.022312484681606293,0.5608591992408037,0.06828904850408435,0.8,0.030452635139226913,9.056551517049622e-07,0.23882709807886754
23630,0.2421538457274437,0.15597127825021745,0.042206665873527525,1.0551677122712135,0.08354198436718434,0.6,1.0909936428070068,9.055573894421699e-07,0.23892821031344794
23640,0.3094346601516008,0.20224867388606071,-0.007498376816511154,0.44675523042678833,0.11825578773859888,0.4,1.2334175109863281,9.05459581836167e-07,0.2390293225480283
23650,0.2497133083641529,0.2928539365530014,0.06304495334625244,1.576124058291316,0.17756192146334798,0.4,0.04173215106129646,9.05361728897889e-07,0.2391304347826087
23660,0.013520009815692902,0.007725720107555389,0.03678942620754242,0.9197358228266239,0.09422285526525229,0.9,1.2254751027285238e-06,9.052638306382765e-07,0.23923154701718907
23670,0.03632116913795471,0.02075495421886444,0.020405399799346923,0.5101349417120218,0.0518295323010534,0.9,0.02700786478817463,9.051658870682746e-07,0.23933265925176947
23680,0.07509525883942843,0.05916714668273926,0.01748822033405304,0.43720672391355037,0.14351937900064513,0.6,2.667294502258301,9.050678981988343e-07,0.23943377148634984
23690,0.0833607256412506,0.08477678000926972,0.02994152009487152,0.7485378812998533,0.1183336520451121,0.7,0.02031788043677807,9.049698640409106e-07,0.23953488372093024
23700,0.035620149411261084,0.08793417606502771,0.013190358877182007,0.3297591175884008,0.08040903303772211,0.8,0.04513556510210037,9.048717846054647e-07,0.2396359959555106
23710,0.17958914488554,0.1525119423866272,0.013482750952243805,0.33706880174577236,0.07810633372282609,0.7,1.8841991424560547,9.047736599034621e-07,0.239737108190091
23720,0.02812063694000244,0.05030372142791748,0.027074337005615234,0.6768581379204989,0.08180580963380635,0.9,5.132445494382409e-06,9.046754899458738e-07,0.23983822042467137
23730,0.015429460071027279,0.03750266283750534,0.01399516612291336,0.349879090860486,0.1165237084380351,0.7,3.337111138534965e-06,9.045772747436754e-07,0.23993933265925177
23740,0.040016900189220904,0.1594759641215205,0.005863133445382118,0.48227463811635973,0.11771431562956422,0.5,0.038914479315280914,9.04479014307848e-07,0.24004044489383217
23750,-0.019265973567962648,0.07673303782939911,0.008689846098423003,0.21724722310900688,0.07319746401626617,0.8,12.323748588562012,9.043807086493776e-07,0.24014155712841254
23760,0.13544986248016358,0.16577856298536062,0.016963541507720947,0.42358332555741074,0.16715814894996583,0.5,2.446441840220359e-06,9.04282357779255e-07,0.24024266936299293
23770,0.1863680887967348,0.20011409372091293,0.04059375524520874,1.0358116261661052,0.12122019733069464,0.5,1.415886913491704e-06,9.041839617084765e-07,0.2403437815975733
23780,0.061985773593187334,0.04076053574681282,0.024004781246185304,0.6001195408403873,0.1220424848375842,0.7,0.005744047462940216,9.040855204480431e-07,0.2404448938321537
23790,0.0008472479879856109,0.050477251410484314,0.014356957376003265,0.3589239906519651,0.1342564029386267,0.6,2.24204683303833,9.039870340089612e-07,0.24054600606673407
23800,0.05963665475137532,0.071383554674685,0.01753101646900177,0.4382756158709526,0.12498072265880182,0.6,1.3411113286565524e-06,9.038885024022419e-07,0.24064711830131447
23810,0.2021684467792511,0.22174323797225953,0.02326487600803375,0.5840260624885559,0.1408104111556895,0.5,8.48999188747257e-05,9.037899256389014e-07,0.24074823053589484
23820,0.007720454037189484,0.16097762286663056,0.026432672142982484,0.6608169414103031,0.1642518529901281,0.4,8.566224098205566,9.036913037299613e-07,0.24084934277047523
23830,0.02207459192723036,0.01364960614591837,0.019062711298465727,0.4765678908675909,0.08831530621973797,0.8,0.01851423643529415,9.035926366864478e-07,0.2409504550050556
23840,0.08748259618878365,0.0782301366329193,0.030898526310920715,0.7724630121141672,0.1109306883532554,0.7,12.887669563293457,9.034939245193924e-07,0.241051567239636
23850,0.13745748214423656,0.15726698748767376,0.04024021029472351,1.006005359068513,0.09756166526349261,0.5,1.2935857967022457e-06,9.033951672398315e-07,0.24115267947421637
23860,-0.0488077110145241,0.07509018322452903,0.025447577238082886,0.6361894022673369,0.14017080377088859,0.6,0.023620115593075752,9.032963648588066e-07,0.24125379170879677
23870,0.19357389807701111,0.15235828906297683,0.04250946938991547,1.0627366133034228,0.0743719436810352,0.7,1.554920004309679e-06,9.031975173873645e-07,0.24135490394337714
23880,0.039729157090187074,0.022702375054359437,0.024624010920524596,0.6156001098453998,0.06141822775825858,0.9,0.01586160808801651,9.030986248365566e-07,0.24145601617795753
23890,0.0837293503805995,0.05238671600818634,0.009335723519325257,0.49896063208580016,0.0912954173865728,0.8,0.08075426518917084,9.029996872174397e-07,0.24155712841253793
23900,0.4363779164850712,0.30253171026706693,0.031563177704811096,0.8073185741901397,0.10290476639056578,0.5,6.822720527648926,9.029007045410754e-07,0.2416582406471183
23910,0.14320807959884405,0.10501267090439796,0.019991180300712584,0.5921683691442012,0.15634648773120716,0.4,0.5136958360671997,9.028016768185303e-07,0.2417593528816987
23920,0.09768318235874177,0.07834725230932235,0.03399170637130737,0.849792605265975,0.08602286085952074,0.7,0.883953332901001,9.027026040608764e-07,0.24186046511627907
23930,0.10996939837932587,0.15251824259757996,0.009829121083021164,0.3058570893481374,0.12760213233996182,0.7,1.971273832168663e-06,9.026034862791902e-07,0.24196157735085946
23940,0.08044174257665873,0.13116760961711407,0.039727982878684995,1.0569241054356098,0.1711571562453173,0.2,1.762712836265564,9.025043234845539e-07,0.24206268958543983
23950,0.13326126001775265,0.11040624231100082,0.036939027905464175,0.9234756015241146,0.15811779054347425,0.4,0.06669081747531891,9.024051156880542e-07,0.24216380182002023
23960,0.23356052171438932,0.19602616131305695,0.028303399682044983,0.7272048845887185,0.10749546927399933,0.6,4.6231007218011655e-06,9.023058629007829e-07,0.2422649140546006
23970,0.17063045278191566,0.14169655069708825,0.025360381603240965,0.9205947432667017,0.20820677536539733,0.3,1.0739779472351074,9.02206565133837e-07,0.242366026289181
23980,0.03770666718482971,0.04348708540201187,0.022489115595817566,0.5622282370924949,0.08467316594906152,0.8,1.4672423276351765e-06,9.021072223983184e-07,0.24246713852376137
23990,0.02723160833120346,0.06100801974534988,0.011059734225273132,0.2764933336526155,0.08512053971644491,0.7,1.5398712776004686e-06,9.020078347053342e-07,0.24256825075834176
24000,0.12444242406636477,0.08609113325364888,0.0057375974953174595,0.44825531654059886,0.10667857751250268,0.6,1.386188614560524e-06,9.019084020659963e-07,0.24266936299292213
24010,-0.010153019428253173,0.04141378104686737,0.02382884919643402,0.5938596870750189,0.09126889996696264,0.9,0.03703108802437782,9.01808924491422e-07,0.24277047522750253
24020,0.16800067238509656,0.10168415419757366,0.026110008358955383,0.6527499601244926,0.09773155500879512,0.7,2.1952901079203002e-06,9.01709401992733e-07,0.2428715874620829
24030,0.06388517618179321,0.03650581538677215,0.02236640602350235,0.5591602608561516,0.06247244963888079,0.9,0.04220971092581749,9.016098345810563e-07,0.2429726996966633
24040,0.03110206201672554,0.06323579549789429,0.014155244827270508,0.418090945109725,0.08418191360542551,0.8,8.037477493286133,9.015102222675243e-07,0.2430738119312437
24050,0.02896753544919193,0.05550420880317688,0.022968311607837678,0.5742078002542257,0.10406998131657019,0.8,1.2370026070129825e-06,9.014105650632743e-07,0.24317492416582406
24060,0.21073636338114737,0.14803169313818215,0.028204706311225892,0.7051174350082874,0.10461815824965015,0.6,2.225284106316394e-06,9.013108629794479e-07,0.24327603640040446
24070,0.00234694667160511,0.048188240826129915,0.012128174304962158,0.30320429913699626,0.10090349584352225,0.8,0.018203087151050568,9.012111160271926e-07,0.24337714863498483
24080,0.06018234707880765,0.06523196485359221,0.014193084836006165,0.3709203600883484,0.08502445216290652,0.6,19.922399520874023,9.011113242176607e-07,0.24347826086956523
24090,0.09422360379248858,0.06316983327269554,0.016873833537101746,0.42184608094394205,0.09736035728128627,0.7,2.633209228515625,9.01011487562009e-07,0.2435793731041456
24100,0.049082215316593646,0.08506060466170311,0.025420022010803223,0.6355009332299233,0.19776204203953968,0.5,3.3092007637023926,9.009116060713999e-07,0.243680485338726
24110,0.047753247618675235,0.04854393973946571,0.009074421226978302,0.2841196175664663,0.07682144707068801,0.8,4.8773322105407715,9.008116797570007e-07,0.24378159757330636
24120,0.07819564938545227,0.14160745963454247,0.029021880030632018,0.725547318533063,0.13206469297874718,0.4,0.2710272967815399,9.007117086299835e-07,0.24388270980788676
24130,0.014311634004116058,0.05271798018366099,0.027115112543106078,0.6778780613094568,0.19486030273837968,0.4,1.4061191677683382e-06,9.006116927015257e-07,0.24398382204246713
24140,0.015066005289554596,0.0194345623254776,0.012980391085147858,0.3245100911706686,0.08990652451757342,0.9,1.3804917671222938e-06,9.005116319828094e-07,0.24408493427704753
24150,0.01875686049461365,0.07428394816815853,0.01836359053850174,0.5452694874256849,0.07220675552962348,0.7,1.3851800986230955e-06,9.004115264850218e-07,0.2441860465116279
24160,0.018682344816625118,0.0816239426843822,0.01731302887201309,0.5973756138235331,0.1265696086222306,0.5,0.30848851799964905,9.003113762193554e-07,0.2442871587462083
24170,0.05413017868995666,0.0709268495440483,0.008602474629878998,0.21506195589900018,0.09399219201877713,0.7,1.3428848433250096e-06,9.002111811970072e-07,0.24438827098078866
24180,0.062184009701013565,0.05844026617705822,0.008341068029403686,0.20852669440209864,0.09906841884367168,0.8,1.870804226200562e-06,9.001109414291797e-07,0.24448938321536906
24190,0.3747977636230644,0.3454186975490302,0.048976844549179076,1.2244218330830337,0.12676176317036153,0.4,6.444400310516357,9.0001065692708e-07,0.24459049544994946
24200,0.3698587976396084,0.26287570409476757,0.05342417359352112,1.335604401677847,0.16643627097364516,0.4,2.9732837677001953,8.999103277019205e-07,0.24469160768452983
24210,0.06461980938911438,0.10790975391864777,0.014450401067733765,0.3612601779401302,0.12056904069613665,0.7,0.0009081525495275855,8.998099537649184e-07,0.24479271991911022
24220,0.20816993415355683,0.18355748057365417,0.023167306184768678,0.5791868571192026,0.13002709763823078,0.6,0.004843845497816801,8.997095351272959e-07,0.2448938321536906
24230,0.14570466242730618,0.10137178152799606,0.015549959242343902,0.36140532288700344,0.1114685938693583,0.7,4.0603597881272435e-05,8.996090718002806e-07,0.244994944388271
24240,0.1885192170739174,0.15074318647384644,0.018102063238620757,0.5616243414580822,0.0774719963897951,0.6,0.0007127823773771524,8.995085637951044e-07,0.24509605662285136
24250,0.10633376855403184,0.10987838469445706,0.04052169322967529,1.0329551119357347,0.14419486812548712,0.6,5.25283670425415,8.994080111230047e-07,0.24519716885743176
24260,0.1995338499546051,0.11401934623718261,0.022295117378234863,0.5573773726820945,0.05616763783618808,0.7,0.6844224333763123,8.993074137952238e-07,0.24529828109201213
24270,0.04795681536197662,0.043680987507104876,0.03514640331268311,0.8708617012947798,0.06557763339951635,0.8,0.009513786062598228,8.99206771823009e-07,0.24539939332659252
24280,0.19847906231880189,0.17395320981740953,0.050254052877426146,1.256351664289832,0.07637685872614383,0.6,4.73246745968936e-06,8.991060852176122e-07,0.2455005055611729
24290,0.25526615753769877,0.16526157222688198,0.027700981497764586,0.6925256326794624,0.08393998693209141,0.7,5.720392437069677e-06,8.990053539902911e-07,0.2456016177957533
24300,0.03394942879676819,0.039461493492126465,0.011169886589050293,0.2792471583932638,0.08377762741874903,0.8,1.4444190128415357e-06,8.989045781523077e-07,0.24570273003033366
24310,0.08362857382744551,0.07995001813396811,0.018629685044288635,0.46574238166213033,0.10745353242382408,0.6,1.6391393273806898e-06,8.988037577149291e-07,0.24580384226491406
24320,-0.00781687144190073,0.05944269504398107,0.036382082104682925,0.8641311835497618,0.11362468862207606,0.7,1.7408240182703594e-06,8.987028926894278e-07,0.24590495449949443
24330,0.15887334644794465,0.10337180532515049,0.021775032579898834,0.544375703856349,0.09488607238745317,0.7,1.7118231880886015e-06,8.986019830870806e-07,0.24600606673407482
24340,-0.02985278647392988,0.04724214151501656,0.01940883547067642,0.4852209217846394,0.14118555193999782,0.7,0.29206836223602295,8.985010289191698e-07,0.2461071789686552
24350,0.010712642967700959,0.027350866794586183,0.004827320575714111,0.12068309262394905,0.0530252366210334,0.9,1.0016072337748483e-05,8.98400030196983e-07,0.2462082912032356
24360,0.07717974111437798,0.08687198730185627,0.02879958748817444,0.7199900951236486,0.16024946857942268,0.7,1.9337530829943717e-06,8.982989869318116e-07,0.246309403437816
24370,0.1234803020954132,0.07056017518043518,0.0150395005941391,0.37598726749420164,0.06422456719446927,0.8,1.4244195654100622e-06,8.981978991349532e-07,0.24641051567239636
24380,-1.042187213897705e-05,0.11311278082430362,0.022342316806316376,0.5585577186197043,0.10942938313819468,0.6,0.019532615318894386,8.980967668177098e-07,0.24651162790697675
24390,0.1838314987719059,0.23595714569091797,0.002130942977964878,0.3638588462024927,0.1371944285579957,0.5,5.89892488278565e-06,8.979955899913882e-07,0.24661274014155712
24400,0.057579505443573,0.052445721626281736,0.013133072853088379,0.32832671515643597,0.04559024644549936,0.9,5.841169240738964e-06,8.978943686673007e-07,0.24671385237613752
24410,-0.004307596385478974,0.024795368313789368,0.004322899878025055,0.14470040313899518,0.1161153604858555,0.6,0.013393177650868893,8.977931028567643e-07,0.2468149646107179
24420,0.0203450009226799,0.03639424368739128,0.025166130065917967,0.6291533630341292,0.1319967187824659,0.8,0.0002519044210202992,8.976917925711009e-07,0.2469160768452983
24430,0.30221015140414237,0.37832485884428024,0.012322983145713806,0.6408888250589371,0.13328920823987572,0.4,36.478546142578125,8.975904378216377e-07,0.24701718907987866
24440,0.056342361494898796,0.10016434509307146,0.019247248768806458,0.48118104562163355,0.13351739471545443,0.5,24.498966217041016,8.974890386197063e-07,0.24711830131445905
24450,0.09897932484745979,0.07039344981312752,0.02160561829805374,0.5401406209915877,0.09563729159999639,0.7,4.186708792985883e-06,8.973875949766437e-07,0.24721941354903942
24460,0.03312544003129005,0.04200109541416168,0.008080654591321946,0.24918595515191555,0.1007178537780419,0.7,1.979077069336199e-06,8.972861069037919e-07,0.24732052578361982
24470,-0.01911401730030775,0.05442703515291214,0.011245708912611008,0.3183579444885254,0.1029511560103856,0.7,5.143784619576763e-06,8.971845744124976e-07,0.2474216380182002
24480,0.0143405731767416,0.06939085796475411,0.014933672547340394,0.3733417894691229,0.09617810344789177,0.7,1.4971415996551514,8.970829975141128e-07,0.2475227502527806
24490,0.06823710426688194,0.12532076463103295,0.016052816808223725,0.6065489370375872,0.15093909102724865,0.7,0.0007105033728294075,8.96981376219994e-07,0.24762386248736096
24500,0.051340009272098544,0.04315822385251522,0.02073231041431427,0.5183081448078155,0.09990444092545658,0.7,0.029895026236772537,8.968797105415031e-07,0.24772497472194135
24510,0.05628657229244709,0.03761402666568756,0.011802564561367034,0.29506454095244405,0.06667880091117695,0.8,1.884607513602532e-06,8.967780004900069e-07,0.24782608695652175
24520,0.21131207346916198,0.18717121183872223,0.02886715531349182,0.721678901091218,0.09319288429105654,0.6,0.8956343531608582,8.966762460768769e-07,0.24792719919110212
24530,0.26395171489566566,0.19502339959144593,0.041174694895744324,1.0293665148317814,0.0997475216514431,0.5,3.239500045776367,8.965744473134897e-07,0.24802831142568252
24540,0.18863573167473077,0.11492458116263152,-0.01257738023996353,0.2761884890496731,0.1050369736738503,0.6,1.4403083324432373,8.96472604211227e-07,0.2481294236602629
24550,0.2221137672662735,0.138423915207386,0.05240246057510376,1.3100609112530948,0.09467018621508032,0.7,5.837049961090088,8.963707167814751e-07,0.24823053589484328
24560,0.32714840210974216,0.2573746547102928,0.05363982319831848,1.340996177121997,0.10251357870874926,0.6,13.211240768432617,8.962687850356258e-07,0.24833164812942365
24570,0.19118237687507644,0.23165291831828655,0.04647196531295776,1.32968318015337,0.15347883282229305,0.4,0.688553512096405,8.961668089850755e-07,0.24843276036400405
24580,0.0383549265563488,0.11870209723711014,0.027986836433410645,0.6996713653206825,0.09307723246747628,0.7,77.31866455078125,8.960647886412254e-07,0.24853387259858442
24590,0.3739185692742467,0.2609326146543026,-0.0023018699139356613,0.4976283874362707,0.12903748127864673,0.4,2.1366513465181924e-06,8.959627240154819e-07,0.24863498483316482
24600,-0.018582216650247573,0.047442980110645294,0.02428334951400757,0.6070836596190929,0.11833319041179494,0.8,0.02431313320994377,8.958606151192563e-07,0.2487360970677452
24610,0.1130533367395401,0.10090021342039109,0.033935004472732545,0.8483751077204943,0.09721966547658667,0.6,7.676087989239022e-06,8.95758461963965e-07,0.24883720930232558
24620,0.05438505932688713,0.04928310811519623,0.022841130197048188,0.5723446819931268,0.09821992805227638,0.6,0.020718073472380638,8.956562645610293e-07,0.24893832153690595
24630,0.02931821346282959,0.026704204082489014,0.01890232414007187,0.472558156773448,0.056453044794034214,0.9,0.02134040929377079,8.955540229218749e-07,0.24903943377148635
24640,0.001327921077609062,0.04594390764832497,0.012791985273361206,0.3198001004755497,0.11316221718443557,0.7,9.155189514160156,8.954517370579332e-07,0.24914054600606672
24650,0.0046537663787603375,0.01861506551504135,0.009564639627933502,0.2512489757194999,0.0690391129348427,0.9,19.188791275024414,8.953494069806402e-07,0.24924165824064712
24660,0.16966516748070717,0.12058903593569995,0.028990411758422853,0.724760640412569,0.08498901025159285,0.6,1.1908751726150513,8.952470327014368e-07,0.24934277047522752
24670,0.17046102732419968,0.12175946868956089,0.03777788877487183,0.9682499881833792,0.13815258354879917,0.5,1.7359342575073242,8.951446142317691e-07,0.24944388270980788
24680,0.44004848701879384,0.28259381279349327,0.03930603563785553,0.9826512962579728,0.11630726660368965,0.6,1.88631010055542,8.950421515830878e-07,0.24954499494438828
24690,0.2597802523523569,0.2278286799788475,0.05139140486717224,1.284784983843565,0.08466447774553672,0.5,1.5899277925491333,8.949396447668487e-07,0.24964610717896865
24700,0.14888608753681182,0.08507776111364365,0.011824303865432739,0.40507680401206014,0.07434633384691551,0.7,0.012266206555068493,8.948370937945126e-07,0.24974721941354905
24710,0.07320778891444206,0.05181189328432083,0.03846318125724792,0.9615802355110645,0.06960136851994321,0.8,1.2298754654693766e-06,8.947344986775452e-07,0.24984833164812942
24720,0.01671130210161209,0.021556931734085082,0.0028309330344200136,0.07077332064509392,0.08126924486132339,0.9,4.004338279628428e-06,8.946318594274172e-07,0.24994944388270982
24730,0.18866957686841487,0.30540676694363356,0.05184108018875122,1.2960270177572966,0.15145939487265422,0.5,10.409261703491211,8.945291760556038e-07,0.2500505561172902
24740,0.022580428142100574,0.04650402441620827,0.015027381479740143,0.3756851743906736,0.11598564069718123,0.7,3.2138284495886182e-06,8.944264485735859e-07,0.2501516683518706
24750,-0.04012084302958101,0.16837154198437929,0.01684727519750595,0.4211822856217623,0.18355184416286646,0.5,1.8440100575389806e-06,8.943236769928486e-07,0.25025278058645095
24760,0.18913580477237701,0.15118283331394194,0.03834505975246429,1.0977407943457365,0.09605330086778849,0.5,3.213951913494384e-06,8.942208613248825e-07,0.2503538928210313
24770,-0.0196611225605011,0.037553003430366515,0.009684135764837265,0.2421033151447773,0.08300124286906793,0.8,0.003580268705263734,8.941180015811827e-07,0.25045500505561175
24780,0.313241571187973,0.17899519205093384,0.03439745604991913,0.8599369887262582,0.04030405599623919,0.7,3.0782489375269506e-06,8.940150977732495e-07,0.2505561172901921
24790,0.1007702985778451,0.15825085081160067,0.02584395408630371,0.6460989445447922,0.1684250651160255,0.4,0.45905739068984985,8.939121499125877e-07,0.2506572295247725
24800,0.08999636471271515,0.07334506511688232,0.017677533626556396,0.4419389799237251,0.06107254915405065,0.8,2.612909611343639e-06,8.938091580107079e-07,0.25075834175935285
24810,0.5490241557359695,0.420600026845932,0.042672911286354066,1.0668227452784778,0.09700927378144115,0.5,1.0338144420529716e-06,8.937061220791246e-07,0.2508594539939333
24820,0.08700510412454605,0.09574076533317566,0.021070653200149538,0.5267663959413766,0.08655888380017132,0.8,0.007953662425279617,8.936030421293582e-07,0.25096056622851365
24830,0.13321865797042848,0.12023756206035614,0.02454497218132019,0.7211150899529457,0.0966677424730733,0.6,1.9377760054339888e-06,8.934999181729328e-07,0.251061678463094
24840,0.013703522086143494,0.0349869966506958,0.031918928027153015,0.7979734722524882,0.10748434412525967,0.9,4.559701210382627e-06,8.933967502213788e-07,0.25116279069767444
24850,0.0807837400585413,0.04954238533973694,0.006363081187009812,0.4322894398123026,0.04237644709646702,0.9,2.953105649794452e-06,8.932935382862306e-07,0.2512639029322548
24860,0.18279837504960597,0.2064915085560642,0.02881166636943817,0.7202915251255035,0.1573405975359492,0.2,15.745277404785156,8.931902823790276e-07,0.2513650151668352
24870,0.01466868920251727,0.020470929611474276,0.016607670485973357,0.41519243083894253,0.09482039669528604,0.7,2.9323807666514767e-06,8.930869825113148e-07,0.25146612740141555
24880,-0.03426708690822124,0.11849518958479166,0.033344367146492006,0.8336093738675118,0.20472347332397475,0.4,0.08306082338094711,8.92983638694641e-07,0.251567239635996
24890,0.06148277521133423,0.035133013129234315,0.011940649896860122,0.2985163230448961,0.06492140942718834,0.8,0.014917689375579357,8.928802509405608e-07,0.25166835187057635
24900,0.06474440824240446,0.06585903444793076,0.035272017121315,0.8817999109625816,0.10569354973267764,0.5,9.078373841475695e-05,8.927768192606338e-07,0.2517694641051567
24910,0.10554740428924561,0.09613681435585023,0.008537188172340393,0.2134297728538513,0.037432266096584496,0.9,2.824233888532035e-06,8.926733436664234e-07,0.2518705763397371
24920,0.14621499180793762,0.1058287039399147,0.023918461799621583,0.5979615747928619,0.09470478645525873,0.7,4.738502502441406,8.925698241694992e-07,0.2519716885743175
24930,0.015750607848167418,0.020317673683166504,0.018136775493621825,0.45341959074139593,0.08203741803299636,0.9,5.5673544920864515e-06,8.92466260781435e-07,0.2520728008088979
24940,0.12064304500818253,0.15547600835561753,0.015769343078136443,0.3942334931343794,0.0962680888012983,0.7,1.3590412208941416e-06,8.923626535138097e-07,0.25217391304347825
24950,-0.03204722106456757,0.10326513648033142,0.031445872783660886,0.7861471910029649,0.09423588081263005,0.8,0.1018817201256752,8.92259002378207e-07,0.2522750252780586
24960,0.026061179488897322,0.17322404384613038,0.030303516983985902,0.7575878106057644,0.14857073716120794,0.8,0.027095284312963486,8.921553073862157e-07,0.25237613751263904
24970,0.2047774076461792,0.11701565980911255,0.02651103138923645,0.6627763353288174,0.06807900014100596,0.9,2.8765718936920166,8.920515685494292e-07,0.2524772497472194
24980,0.11949865873903036,0.06902862600982189,0.015368598699569701,0.3842151235789061,0.06754954303614795,0.8,9.761467936186818e-07,8.919477858794461e-07,0.2525783619817998
24990,-0.004776110406965017,0.014643836254253983,0.010585542023181915,0.2646383233368397,0.11280110122170299,0.7,1.479840648244135e-06,8.918439593878699e-07,0.2526794742163802
25000,0.09900951124727726,0.0893485564738512,0.03182856440544128,0.7957142166793346,0.15723185414681212,0.5,0.16656629741191864,8.917400890863089e-07,0.2527805864509606
25010,0.23970692455768586,0.21920351684093475,-0.0019975095987319947,0.4933375999331474,0.11165206973673776,0.6,18.983625411987305,8.91636174986376e-07,0.25288169868554095
25020,0.06285403203219175,0.08465612083673477,0.01676982790231705,0.4494994103908539,0.1462120938114822,0.5,21.2506160736084,8.915322170996895e-07,0.2529828109201213
25030,0.3758081763982773,0.31344154477119446,0.02881492078304291,0.720373060554266,0.13938865602249279,0.5,3.142504930496216,8.914282154378723e-07,0.25308392315470174
25040,0.23793018497526647,0.17081550657749175,0.030160370469093322,0.7540091183036566,0.10114296943647787,0.6,0.036693647503852844,8.913241700125522e-07,0.2531850353892821
25050,0.07969654742628336,0.07809051275253295,0.02758408784866333,0.6603565413504839,0.1412153073702939,0.7,2.8543620373966405e-06,8.91220080835362e-07,0.2532861476238625
25060,0.0418259784579277,0.18919655829668044,0.023395560681819916,0.5564709957689047,0.10413029212504625,0.6,5.303989382809959e-06,8.911159479179397e-07,0.25338725985844285
25070,0.18267936259508133,0.12464826852083206,0.009625692665576936,0.6314200229942799,0.09826399442972615,0.7,0.038867585361003876,8.910117712719274e-07,0.2534883720930233
25080,0.1942581705749035,0.20486658718436956,0.027174624800682067,0.8963686380535364,0.1735833941726014,0.4,1.927911400794983,8.909075509089727e-07,0.25358948432760364
25090,0.19932254906743765,0.16997919622808694,0.0326895534992218,0.8172385673969984,0.0734524215804413,0.7,0.05383983254432678,8.908032868407279e-07,0.253690596562184
25100,0.16421676874160768,0.1472339913249016,0.011823013424873352,0.3705302983522415,0.10133094815537333,0.6,5.236094951629639,8.906989790788503e-07,0.2537917087967644
25110,0.06892437934875488,0.0596951849758625,0.02128434330224991,0.6054491408169269,0.11006190713960677,0.7,1.7729889805195853e-06,8.905946276350018e-07,0.2538928210313448
25120,0.013381434138864279,0.03601310849189758,0.019403859972953796,0.4850964114069939,0.09288112111389638,0.8,0.10351473093032837,8.904902325208497e-07,0.2539939332659252
25130,0.440020077675581,0.26737728249281645,0.042914918065071105,1.0728759236633778,0.10348173830425367,0.4,2.0643767129513435e-05,8.903857937480654e-07,0.25409504550050555
25140,0.22127194255590438,0.17856539599597454,0.03462936282157898,0.8636005748063326,0.0718499094247818,0.6,0.2654529809951782,8.902813113283262e-07,0.25419615773508597
25150,0.04121268726885319,0.1348311505280435,0.02613309621810913,0.6533274795860052,0.16648419892881067,0.5,2.969673687402974e-06,8.901767852733133e-07,0.25429726996966634
25160,0.051533778011798856,0.05727657526731491,0.023937895894050598,0.598447585105896,0.11524155766237527,0.8,0.028850561007857323,8.900722155947133e-07,0.2543983822042467
25170,0.1509588986635208,0.08626223206520081,0.022527192533016206,0.5631802335381508,0.08572869871277362,0.8,4.384040832519531,8.899676023042177e-07,0.2544994944388271
25180,0.06477535963058471,0.037014490365982054,0.004359079897403717,0.10897699892520904,0.04330162906553596,0.9,5.210295967117418e-06,8.898629454135224e-07,0.2546006066734075
25190,0.05013837069272995,0.05222094524651766,0.009708356112241745,0.2427088689059019,0.08427556650713086,0.7,1.2127896980018704e-06,8.897582449343292e-07,0.2547017189079879
25200,0.37098226975649595,0.2568207892589271,0.02549791932106018,0.6374482467770577,0.14893758066464216,0.4,6.688263511023251e-06,8.896535008783434e-07,0.25480283114256824
25210,0.05250419543590397,0.09030343601480126,0.015398538112640381,0.3849635399878025,0.13040014930302277,0.5,0.00016492314171046019,8.895487132572763e-07,0.2549039433771486
25220,0.1864563301205635,0.14620859548449516,0.028608274459838868,0.6492419246584177,0.12160656787455082,0.6,0.39433687925338745,8.894438820828435e-07,0.25500505561172904
25230,0.2441993772983551,0.13954249769449234,0.03398151695728302,0.8495372615754604,0.07837182524381206,0.7,3.157795845254441e-06,8.893390073667656e-07,0.2551061678463094
25240,0.0293604476377368,0.043286205269396305,0.01435161978006363,0.35879106149077417,0.11605372946942225,0.6,3.9674003346590325e-05,8.892340891207681e-07,0.2552072800808898
25250,0.11226819753646851,0.06415325403213501,0.02374943494796753,0.5937358554452657,0.05853679750580341,0.9,0.012277974747121334,8.891291273565814e-07,0.25530839231547015
25260,0.19448450803756714,0.1658545106649399,0.010400184988975525,0.26000436395406723,0.09658071608282626,0.6,30.589366912841797,8.890241220859407e-07,0.25540950455005057
25270,0.054999930411577226,0.13617741130292416,0.02977718412876129,0.7958251088857651,0.133723742805887,0.4,2.09997820854187,8.88919073320586e-07,0.25551061678463094
25280,0.0,0.0,0.016520273685455323,0.4130072262138128,0.0414319405797869,1.0,6.829303401900688e-06,8.888139810722624e-07,0.2556117290192113
25290,0.09893648028373718,0.05653513297438621,0.044880858063697814,1.1220214121043681,0.07811441137455404,0.8,0.060668475925922394,8.887088453527194e-07,0.25571284125379173
25300,0.03937134295701981,0.0909027747809887,0.02240251749753952,0.5600630037486554,0.15683014516253024,0.6,0.3796932101249695,8.886036661737121e-07,0.2558139534883721
25310,0.015791978873312473,0.1538404354825616,0.02370339781045914,0.5848186747636646,0.19382059941999613,0.3,13.553925514221191,8.884984435469998e-07,0.2559150657229525
25320,0.07670174837112427,0.04382956773042679,0.008930307626724244,0.22325769308954477,0.06987734588328749,0.8,1.8653759070730302e-06,8.883931774843467e-07,0.25601617795753284
25330,0.22629144191741943,0.1751807637512684,0.041968324780464174,1.0492088302969933,0.12854134967783465,0.4,1.964724106073845e-06,8.882878679975223e-07,0.25611729019211327
25340,0.05003807712346316,0.05582224801182747,0.01100025251507759,0.2750064805150032,0.12676846540998668,0.7,1.2392839607855421e-06,8.881825150983005e-07,0.25621840242669364
25350,0.1669082123786211,0.12414280623197556,0.023835045099258424,0.5958765078336,0.14625962923746555,0.6,0.017413459718227386,8.880771187984606e-07,0.256319514661274
25360,0.015425166115164757,0.021773044764995576,0.004823281988501548,0.12058190908282995,0.08585448855301366,0.8,1.6250877479251358e-06,8.87971679109786e-07,0.2564206268958544
25370,0.14746407568454742,0.15175739377737046,0.022044120728969573,0.5511033345013857,0.10077592867892235,0.7,2.8673894121311605e-05,8.878661960440654e-07,0.2565217391304348
25380,0.022617450542747976,0.014897202886641026,0.007194780558347702,0.17986945137381555,0.09242939474061132,0.8,2.0182085336273303e-06,8.877606696130926e-07,0.25662285136501517
25390,0.46858271658420564,0.4079869598150253,0.011497896164655685,0.7571129996329546,0.10207377608167008,0.4,1.7084563523894758e-06,8.876550998286656e-07,0.25672396359959554
25400,0.05703763905912638,0.05330503676086664,0.028257232904434205,0.7056907683610916,0.110522936435882,0.6,0.005619280971586704,8.875494867025878e-07,0.2568250758341759
25410,0.33035159707069395,0.2736364185810089,-0.008963089436292648,0.5914501639723312,0.07153232546988875,0.6,0.008979283273220062,8.874438302466671e-07,0.25692618806875633
25420,0.1279746806714684,0.09081420246511698,0.02104128450155258,0.5260320611298084,0.12043723037932068,0.5,8.316262245178223,8.873381304727166e-07,0.2570273003033367
25430,0.008476723730564118,0.028464972227811813,0.015009160339832305,0.42205552868545054,0.14077300186036154,0.7,0.009834438562393188,8.872323873925539e-07,0.2571284125379171
25440,0.017932555824518203,0.05285522788763046,0.01893775910139084,0.4734442615881562,0.09845908833667635,0.8,0.012777699157595634,8.871266010180015e-07,0.2572295247724975
25450,0.2401070434600115,0.19486653096973897,0.013218460977077484,0.5932286109775304,0.16060362028656527,0.3,4.104029655456543,8.870207713608869e-07,0.25733063700707787
25460,0.08277936577796936,0.07585392612963915,0.038412436842918396,0.9603109132498503,0.1488409300101921,0.5,0.022905798628926277,8.869148984330424e-07,0.25743174924165824
25470,0.016467286832630636,0.03449738987255842,0.011162741482257843,0.279068885743618,0.1612121266545728,0.6,8.838501344143879e-06,8.86808982246305e-07,0.2575328614762386
25480,0.2555830478668213,0.2249194085597992,0.05469955205917358,1.3674895029515028,0.07497406975599005,0.7,0.004459122195839882,8.867030228125165e-07,0.25763397371081903
25490,0.1187639057636261,0.08931815326213836,0.02491389513015747,0.6228476777672768,0.060090022580698135,0.8,1.4825619700786774e-06,8.865970201435238e-07,0.2577350859453994
25500,0.19194585643708706,0.1573235696181655,0.03269195258617401,0.8172987055033445,0.16866466938517988,0.4,0.09294174611568451,8.864909742511786e-07,0.25783619817997977
25510,-0.13234924618154764,0.11116417795419693,0.01604045331478119,0.4010144729167223,0.13193280219566078,0.5,0.010557036846876144,8.863848851473373e-07,0.25793731041456014
25520,0.023000215366482734,0.06904958970844746,0.01940488666296005,0.48512229733169077,0.13406268615508452,0.7,0.03509273752570152,8.862787528438609e-07,0.25803842264914056
25530,0.10171189457178116,0.16289508640766143,0.02218977063894272,0.6834442745894194,0.10845925582107156,0.5,9.48472785949707,8.861725773526156e-07,0.25813953488372093
25540,0.04062263444066048,0.05702336560934782,0.025692078471183776,0.6423021208494901,0.12831581799546257,0.8,0.060106534510850906,8.860663586854727e-07,0.2582406471183013
25550,0.0691893994808197,0.07435222268104554,0.02607419788837433,0.6547211382538081,0.13038890078896656,0.7,1.250240870831476e-06,8.859600968543074e-07,0.2583417593528817
25560,0.1319028079509735,0.08267843276262284,0.03179381787776947,0.7948455289006233,0.10536486065248027,0.7,0.09499579668045044,8.858537918710005e-07,0.2584428715874621
25570,0.24471971876919268,0.2955456770956516,0.036135467886924746,0.9554299682378768,0.164538147195708,0.4,2.6293087005615234,8.857474437474375e-07,0.25854398382204247
25580,0.5011968832463026,0.3438590196892619,0.043815907835960385,1.0953977402299642,0.17220391827868298,0.3,8.354232788085938,8.856410524955083e-07,0.25864509605662284
25590,0.27178195863962173,0.1769758529961109,0.030033543705940247,0.7508387979120016,0.12684137406758964,0.5,0.6595526933670044,8.855346181271083e-07,0.25874620829120326
25600,0.39225744623690845,0.29196611493825914,0.056370359659194944,1.4092588782310487,0.15669332263059915,0.4,0.7183846831321716,8.854281406541373e-07,0.25884732052578363
25610,0.1658906102180481,0.1321830168366432,0.021697413921356202,0.623362635076046,0.09813163203652948,0.6,1.090580644813599e-05,8.853216200884997e-07,0.258948432760364
25620,0.1465108087286353,0.18570609129965304,0.04050220549106598,1.020452779904008,0.1522540185134858,0.5,0.2756761312484741,8.852150564421051e-07,0.25904954499494437
25630,0.1996939843520522,0.12469360828399659,0.024037297070026397,0.6224272351711988,0.07906157901743427,0.7,3.353487772983499e-05,8.851084497268681e-07,0.2591506572295248
25640,0.30575504899024963,0.22490286380052565,0.04666604697704315,1.1666517559438945,0.08753330707550049,0.7,3.978688710049028e-06,8.850017999547075e-07,0.25925176946410516
25650,0.007598528265953064,0.027140898257493974,0.012967190146446228,0.32418011613190173,0.08425222415244207,0.8,1.5044425936139305e-06,8.848951071375475e-07,0.25935288169868553
25660,0.17286272644996642,0.18614769503474235,0.040998294949531555,1.0421259816735984,0.13939001127146183,0.5,1.7614359855651855,8.847883712873166e-07,0.2594539939332659
25670,0.14894042629748583,0.16783559191972017,0.04302394390106201,1.2334508277475833,0.1715452484320849,0.2,0.005970146041363478,8.846815924159485e-07,0.25955510616784633
25680,0.09408244751393795,0.09262902885675431,0.03727424442768097,0.9318558383733034,0.15275640984764322,0.4,1.8740160465240479,8.845747705353815e-07,0.2596562184024267
25690,-0.018198249489068986,0.03346629627048969,0.04692560434341431,1.173139799758792,0.14808665746822952,0.7,0.00010540222865529358,8.844679056575589e-07,0.25975733063700707
25700,0.09169067125767469,0.10351860485970973,0.042713317275047305,1.067833000421524,0.14384053312242032,0.5,0.02141888625919819,8.843609977944286e-07,0.25985844287158744
25710,0.31522751450538633,0.18805091381072997,0.01986330598592758,0.49658263809978964,0.12000315019395202,0.6,0.014255777932703495,8.842540469579436e-07,0.25995955510616786
25720,0.1617708953563124,0.0937593199312687,0.021659396588802338,0.5414850410073996,0.13369173236424103,0.6,0.0021289149299263954,8.841470531600612e-07,0.26006066734074823
25730,0.252805379871279,0.18874811045825482,0.03233073949813843,0.8082684732973575,0.1139596851193346,0.7,1.0322258958694874e-06,8.840400164127439e-07,0.2601617795753286
25740,0.05362347178161144,0.06438213922083377,0.02252116650342941,0.5630290437489748,0.10017472795443609,0.7,1.0890453268075362e-06,8.839329367279591e-07,0.260262891809909
25750,0.20443086810410022,0.15469203367829323,0.03412123620510101,0.932538989558816,0.17899232622003183,0.3,15.070266723632812,8.838258141176786e-07,0.2603640040444894
25760,0.06558521628758171,0.05727761755115353,0.027441433072090148,0.6854865251109004,0.19472847309662028,0.4,0.3879525363445282,8.837186485938793e-07,0.26046511627906976
25770,0.21834434121847152,0.16588063165545464,0.045960855484008786,1.1490218829363585,0.10329086433630437,0.4,0.519289493560791,8.836114401685426e-07,0.26056622851365013
25780,0.030166711285710336,0.034984644316136834,0.011594831198453903,0.3606570153031498,0.11120809091953561,0.7,4.7560834884643555,8.835041888536552e-07,0.26066734074823056
25790,0.22167090252041816,0.1659879457205534,0.0029025807976722716,0.49794360287487505,0.15339575639227404,0.4,0.028949227184057236,8.833968946612083e-07,0.2607684529828109
25800,0.05058533269912004,0.09601066783070564,0.040746715664863584,1.043398442864418,0.19929801914840936,0.5,0.3588975667953491,8.832895576031976e-07,0.2608695652173913
25810,0.10806608200073242,0.12055997997522354,0.0050602458417415615,0.47128140889108183,0.14082261212170125,0.6,3.0939412117004395,8.831821776916242e-07,0.26097067745197167
25820,0.17902456149458884,0.11836321838200092,0.041731718182563785,1.0432929556816817,0.10118412650190294,0.6,0.01624150574207306,8.830747549384934e-07,0.2610717896865521
25830,0.1643275197595358,0.10053620859980583,0.01391322910785675,0.34783170074224473,0.0613259166595526,0.8,2.4391430997638963e-05,8.829672893558158e-07,0.26117290192113246
25840,0.008321605622768402,0.007579652220010757,0.0012907283380627632,0.03226839676499367,0.040021501772571355,0.9,0.01122563797980547,8.828597809556064e-07,0.26127401415571283
25850,0.04344364199787378,0.03720453083515167,0.021895748376846314,0.5473936632275581,0.11629578355932609,0.7,0.20168207585811615,8.82752229749885e-07,0.2613751263902932
25860,-0.026265251636505126,0.023923441767692566,0.01355808973312378,0.33895242884755133,0.06269886277150363,0.9,2.503591531421989e-06,8.826446357506769e-07,0.2614762386248736
25870,0.058963465690612796,0.1362861081957817,0.017514292895793915,0.5449143562465906,0.133800516044721,0.5,1.2378328619888634e-06,8.82536998970011e-07,0.261577350859454
25880,0.005456878617405891,0.00928136594593525,0.017119039595127106,0.42797599285840987,0.07807707019383088,0.8,6.525459866679739e-06,8.824293194199218e-07,0.26167846309403436
25890,0.11260801106691361,0.07640469074249268,0.030438080430030823,0.7609523106366396,0.09601305852411315,0.7,8.866001735441387e-05,8.823215971124485e-07,0.2617795753286148
25900,0.10846381261944771,0.06483623087406158,0.013869591057300568,0.346742807328701,0.07825491232797503,0.8,1.3928324733569752e-06,8.822138320596348e-07,0.26188068756319516
25910,0.055352339148521425,0.034740318357944486,0.010568328946828843,0.2642082519829273,0.05982668987708166,0.8,0.8807660341262817,8.821060242735294e-07,0.2619817997977755
25920,0.17644782066345216,0.13758106529712677,0.035757946968078616,0.8939498998224735,0.07710756689775736,0.7,3.9820144176483154,8.819981737661858e-07,0.2620829120323559
25930,-0.0013419189490377903,0.0017310233786702156,0.012889188528060914,0.32223010919988154,0.060449681302998215,0.9,1.3737525250689941e-06,8.81890280549662e-07,0.2621840242669363
25940,0.07537629641592503,0.0768698040395975,0.013341967761516572,0.33550138808786867,0.10589159786468372,0.7,0.00010344220936531201,8.81782344636021e-07,0.2622851365015167
25950,-0.002350628795102239,0.06769246179610491,0.016888180375099184,0.42967037968337535,0.1709853436681442,0.5,58.84439468383789,8.816743660373308e-07,0.26238624873609706
25960,0.03450641483068466,0.05157573968172073,0.013421034812927246,0.3355292435735464,0.09095965689048172,0.8,1.8285508076587575e-06,8.815663447656636e-07,0.26248736097067743
25970,0.23199140876531602,0.1393273063004017,0.022035521268844605,0.5508880853652954,0.09425306688062847,0.6,0.019199104979634285,8.814582808330968e-07,0.26258847320525786
25980,0.12284163050353528,0.12493439614772797,0.01639723777770996,0.4099312048405409,0.1276424749288708,0.6,2.085010919472552e-06,8.813501742517125e-07,0.2626895854398382
25990,0.01566229984164238,0.018658391386270522,0.018672332167625427,0.4644231151789427,0.08996097216149793,0.8,1.6414101082773414e-06,8.812420250335975e-07,0.2627906976744186
26000,-0.004255067184567451,0.010863777995109559,0.004142557084560394,0.10356392860412597,0.06798605624353513,0.9,0.015203092247247696,8.811338331908433e-07,0.26289180990899896
26010,0.08549003154039383,0.07407391220331191,0.031583169102668764,0.7895789075642824,0.1087865122477524,0.6,0.003575301496312022,8.810255987355463e-07,0.2629929221435794
26020,0.021989860385656358,0.07521724477410316,0.02614886164665222,0.6537214856594801,0.11792072388343514,0.7,0.10244768857955933,8.809173216798076e-07,0.26309403437815976
26030,0.30809912607073786,0.23998302295804025,0.04142736792564392,1.0734017346054316,0.1279279116075486,0.5,0.05222029611468315,8.808090020357332e-07,0.2631951466127401
26040,-0.03350305110216141,0.06877504587173462,0.036838608980178836,0.9209654040634632,0.09946588722523302,0.8,0.00021607335656881332,8.807006398154335e-07,0.26329625884732055
26050,0.28996112048625944,0.3003405287861824,0.045768141746520996,1.144204219803214,0.13413461307063698,0.4,4.511922088568099e-05,8.805922350310242e-07,0.2633973710819009
26060,-0.005811988562345505,0.023247955739498137,0.013299541175365448,0.3324886117130518,0.0843142377678305,0.9,0.014227960258722305,8.804837876946254e-07,0.2634984833164813
26070,0.015306837111711501,0.10593331679701805,0.017614734172821046,0.4403684135526419,0.10787045905599371,0.6,0.015627989545464516,8.803752978183618e-07,0.26359959555106166
26080,0.1754078596830368,0.1002330657094717,0.027634742856025695,0.6908684600144624,0.06377947966102511,0.7,0.027295805513858795,8.802667654143632e-07,0.2637007077856421
26090,0.2272419773042202,0.15856777280569076,0.03446909487247467,0.8617275681346654,0.12881270432844757,0.5,1.1904630810022354e-06,8.80158190494764e-07,0.26380182002022246
26100,0.1301784761250019,0.08894772380590439,0.030048176646232605,0.7512041471898556,0.11382612637244165,0.5,1.0748450222308747e-05,8.800495730717034e-07,0.2639029322548028
26110,0.008253341913223267,0.036691710352897644,0.028127127885818483,0.7095110945403575,0.07944933284306899,0.8,1.8256138218930573e-06,8.799409131573256e-07,0.2640040444893832
26120,0.1903396278619766,0.1689688667654991,0.050469052791595456,1.2617265604436398,0.08963025177363307,0.7,0.13546234369277954,8.798322107637788e-07,0.2641051567239636
26130,0.13552819117903708,0.09577488899230957,0.018837881088256837,0.5664362333714962,0.1339909689500928,0.5,2.8875114367110655e-05,8.797234659032169e-07,0.264206268958544
26140,0.023864799505099656,0.034731929347617554,0.030167895555496215,0.7541974280029535,0.15382225110661238,0.6,1.6300430297851562,8.796146785877977e-07,0.26430738119312436
26150,0.03393158684484661,0.029371552355587482,0.013795135915279389,0.3448786109685898,0.10818934178678319,0.6,0.4347667694091797,8.795058488296843e-07,0.2644084934277047
26160,0.13302548229694366,0.12247521877288818,0.042654862999916075,1.0663716685026885,0.163941193849314,0.5,0.03615398705005646,8.793969766410445e-07,0.26450960566228515
26170,0.2191514689475298,0.13878039196133612,0.010445187240839005,0.43692573346197605,0.10144629542483016,0.6,1.5361826419830322,8.792880620340504e-07,0.2646107178968655
26180,0.21513336822390555,0.1679969124495983,0.02819150686264038,0.7047882109880448,0.12073955010855571,0.6,1.1126397794214427e-06,8.791791050208795e-07,0.2647118301314459
26190,0.028605562448501588,0.03884525373578072,0.014935623109340667,0.4559889201074839,0.1154694614931941,0.7,24.842260360717773,8.790701056137135e-07,0.2648129423660263
26200,0.340697709156666,0.37051874976605176,0.03690844178199768,0.9227108389139176,0.14879131086636335,0.5,64.03902435302734,8.78961063824739e-07,0.2649140546006067
26210,0.26173556987196206,0.27295317463576796,0.040217867493629454,1.005446356907487,0.1915607911418192,0.1,0.6028435230255127,8.788519796661475e-07,0.26501516683518705
26220,0.06484777927398681,0.07019133940339088,0.010025226324796677,0.30218480713665485,0.10737290211254731,0.7,8.728125635570905e-07,8.787428531501353e-07,0.2651162790697674
26230,0.16525475978851317,0.09443129152059555,0.033393758535385135,0.8380527809262276,0.09732707494404166,0.7,3.512176275253296,8.786336842889029e-07,0.26521739130434785
26240,0.01142522506415844,0.20053488053381444,0.024133536219596862,0.635328796505928,0.1982566738850437,0.2,0.33186882734298706,8.78524473094656e-07,0.2653185035389282
26250,0.06661676540970803,0.04213508572429418,0.0156983345746994,0.392458563670516,0.08824967467226089,0.7,0.010353275574743748,8.78415219579605e-07,0.2654196157735086
26260,0.23078863974660635,0.17540660742670297,0.02103232443332672,0.5355200611054898,0.09406648988369852,0.6,2.8672361373901367,8.78305923755965e-07,0.26552072800808896
26270,0.23983714717905968,0.1937489270232618,0.02933218777179718,0.733304338902235,0.14420666424557566,0.5,1.432117187505355e-06,8.781965856359556e-07,0.2656218402426694
26280,0.05800364203751087,0.052224863320589066,0.02155782878398895,0.6517547715455294,0.12236155953723937,0.6,2.21655864152126e-06,8.780872052318013e-07,0.26572295247724975
26290,0.014359092712402344,0.04786434471607208,0.009765972942113876,0.244149437174201,0.06454166704788804,0.8,1.818341851234436,8.779777825557317e-07,0.2658240647118301
26300,-0.03872402161359787,0.09160627499222755,0.037396231293678285,0.9349056381732226,0.12364862126996741,0.7,6.145925908640493e-06,8.778683176199804e-07,0.2659251769464105
26310,0.17302207704633474,0.17254639845341443,0.04309419989585876,1.0899297587573529,0.13257870642701164,0.4,2.7715746909962036e-05,8.777588104367862e-07,0.2660262891809909
26320,0.0370137020945549,0.03740433603525162,0.03223044574260712,0.8057615678757429,0.1020116389147006,0.8,2.16814510167751e-06,8.776492610183925e-07,0.2661274014155713
26330,0.047762554883956906,0.043504048883914945,0.013861088454723359,0.5240719545632601,0.0885741449543275,0.8,1.6734276186980424e-06,8.775396693770475e-07,0.26622851365015165
26340,0.22910132072865963,0.19840573966503144,0.028010481595993043,0.8247942615300417,0.14452079707989468,0.5,1.908868171085487e-06,8.774300355250039e-07,0.2663296258847321
26350,0.002547398582100868,0.0032860450446605682,0.0040143333375453946,0.1003589004278183,0.05292068646522239,0.9,0.149435892701149,8.773203594745195e-07,0.26643073811931245
26360,0.03543393164873123,0.03947349488735199,0.01295127123594284,0.3237817957997322,0.0729380545206368,0.8,5.664977834385354e-06,8.772106412378566e-07,0.2665318503538928
26370,0.046886348724365236,0.06161141395568848,0.011251112073659897,0.3678196605294943,0.12684307063464076,0.7,0.07158712297677994,8.77100880827282e-07,0.2666329625884732
26380,0.3109198464546353,0.2757547979010269,0.030455312132835387,0.7993788700550795,0.1335159388720058,0.5,2.419389486312866,8.769910782550674e-07,0.2667340748230536
26390,0.10391084887087346,0.12177491337060928,0.015154768526554108,0.3788694582879543,0.10586439181352034,0.6,9.913153462548507e-07,8.768812335334895e-07,0.266835187057634
26400,0.1255323886871338,0.20734236240386963,0.014013703167438506,0.3503423653542995,0.13595827120589093,0.6,1.2873306332039647e-06,8.767713466748293e-07,0.26693629929221435
26410,0.12427688799798489,0.16761039514094592,0.018976269662380217,0.488818671554327,0.09633845381904393,0.6,1.9303554381622234e-06,8.766614176913727e-07,0.2670374115267947
26420,0.0765086637577042,0.07143440614454448,0.04208932518959045,1.1068110197782517,0.10638224611757323,0.5,3.0391972813959e-06,8.765514465954102e-07,0.26713852376137515
26430,0.12738262680359186,0.07415216332301497,0.02966628074645996,0.741657666489482,0.10422533352393656,0.6,6.646981546509778e-06,8.764414333992372e-07,0.2672396359959555
26440,0.06276934989436996,0.03615124523639679,0.018048810958862304,0.45690889060497286,0.0968397603253834,0.7,0.6622768640518188,8.763313781151536e-07,0.2673407482305359
26450,0.2890250042080879,0.20575025528669358,0.039713072776794436,0.9928264729678631,0.11542244476731867,0.6,2.5002361780934734e-06,8.762212807554641e-07,0.26744186046511625
26460,-0.007195243239402771,0.018370456993579865,0.006913682073354721,0.1726992182433605,0.11411959660472348,0.9,0.3932543694972992,8.761111413324782e-07,0.2675429726996967
26470,0.1000316102989018,0.08566783908754587,0.02767017185688019,0.6917546980082989,0.12848292846465484,0.6,7.532513791375095e-06,8.760009598585098e-07,0.26764408493427705
26480,0.1652134214527905,0.11266345679759979,0.03359377682209015,0.8398446310311556,0.1409485918818973,0.5,0.8919744491577148,8.758907363458779e-07,0.2677451971688574
26490,0.2273573361337185,0.18181945718824863,0.0003757129888981581,0.4665251784026623,0.12588343092938886,0.5,9.89206796475628e-07,8.757804708069059e-07,0.26784630940343784
26500,0.005911438912153244,0.019269475340843202,0.00931314155459404,0.23282847478985785,0.07578665965702384,0.8,1.1871337619595579e-06,8.756701632539221e-07,0.2679474216380182
26510,0.036581977363675834,0.02944825477898121,0.017688505351543427,0.444235410168767,0.09141206088243052,0.7,0.022153817117214203,8.755598136992592e-07,0.2680485338725986
26520,0.09034182643517852,0.21077806651592254,0.020962522923946382,0.5240635763853788,0.15524842306040226,0.5,6.289283275604248,8.75449422155255e-07,0.26814964610717895
26530,0.09188197543844581,0.0861021913588047,0.018854814767837524,0.471370630338788,0.1631547020166181,0.5,6.5000152587890625,8.753389886342517e-07,0.2682507583417594
26540,0.05368775725364685,0.07509772852063179,0.02279602736234665,0.6689460899680852,0.12111752569908277,0.6,0.04338180646300316,8.752285131485964e-07,0.26835187057633975
26550,0.06312248110771179,0.09085022658109665,0.007173405587673187,0.17933509573340417,0.08399527786532417,0.7,0.8905470967292786,8.751179957106406e-07,0.2684529828109201
26560,0.011767175048589706,0.010718014836311341,0.01875822842121124,0.4689557570964098,0.056270963617134837,0.9,0.05378592014312744,8.750074363327408e-07,0.2685540950455005
26570,0.06099147796630859,0.034852272272109984,0.011850804090499878,0.29627021830528977,0.05152387815760449,0.9,1.2042544312862447e-06,8.748968350272579e-07,0.2686552072800809
26580,0.21113392882980406,0.12094957139343024,0.01933654844760895,0.48341406900435685,0.09320216331398115,0.7,3.568063735961914,8.747861918065578e-07,0.2687563195146613
26590,-0.002063971571624279,0.003692144528031349,0.005585702881217003,0.14116505198180676,0.07070371486479417,0.9,0.03301362693309784,8.746755066830108e-07,0.26885743174924165
26600,-0.0020195063203573226,0.04374686479568481,0.0176494762301445,0.4412367191165686,0.11281127692200243,0.8,6.20014770902344e-06,8.745647796689921e-07,0.268958543983822
26610,0.06207942515611649,0.11856812983751297,0.02563847303390503,0.6409612692892551,0.12092216664459557,0.6,9.673452041170094e-06,8.744540107768817e-07,0.26905965621840244
26620,0.050406509451568125,0.09599143443629146,0.025431254506111146,0.6357815628871322,0.1223307081963867,0.6,7.867090971558355e-06,8.743432000190636e-07,0.2691607684529828
26630,0.002028487017378211,0.06547773219645023,0.008191707730293273,0.20479261241853236,0.17784957841504365,0.6,8.70334529876709,8.742323474079273e-07,0.2692618806875632
26640,-0.013751910626888275,0.0246001660823822,0.012392831593751907,0.3098208125680685,0.07847929485142231,0.9,24.64383316040039,8.741214529558664e-07,0.2693629929221436
26650,-0.006845703721046448,0.12916901409626008,0.013629283010959625,0.3407318122684956,0.10311680003069341,0.7,1.0880851277761394e-06,8.740105166752798e-07,0.269464105156724
26660,0.20339214950799941,0.12489541992545128,0.03499864041805267,0.8749659072607756,0.07855980428867042,0.7,2.363415002822876,8.738995385785705e-07,0.26956521739130435
26670,0.18346343776211144,0.11758621614426375,0.018812565505504607,0.4703145571053028,0.09637405377579852,0.7,1.2514907121658325,8.737885186781462e-07,0.2696663296258847
26680,0.008349328860640525,0.004771045036613941,0.014865566790103913,0.37163967210799453,0.049820509669370946,0.8,0.04744311049580574,8.736774569864196e-07,0.26976744186046514
26690,0.17537031769752504,0.1957138478755951,0.02702740430831909,0.9854781299829483,0.09766700979089364,0.6,1.1733709470718168e-06,8.73566353515808e-07,0.2698685540950455
26700,-0.02128642424941063,0.0229275893419981,0.00852004587650299,0.21300124377012253,0.10651502796681597,0.8,1.7051819668267854e-05,8.734552082787332e-07,0.2699696663296259
26710,0.13993010222911834,0.10620764978229999,0.034787923097610474,0.8696975238621235,0.1409099036362022,0.4,7.212886885099579e-06,8.733440212876216e-07,0.27007077856420625
26720,0.0,0.0,0.012175311893224716,0.3043828416615725,0.04527444137493149,1.0,2.628709125929163e-06,8.732327925549046e-07,0.2701718907987867
26730,0.00797857865691185,0.005640183761715889,0.011526001244783401,0.2881502065807581,0.07922346025006846,0.8,0.6645761132240295,8.731215220930182e-07,0.27027300303336704
26740,0.10506352856755256,0.08237747251987457,0.02379479557275772,0.5948699399828911,0.10360994138754905,0.6,0.002501737093552947,8.730102099144028e-07,0.2703741152679474
26750,-0.022927077114582063,0.09000058472156525,0.006373114138841629,0.1593279004096985,0.09248157227411866,0.7,1.2480961686378578e-06,8.728988560315034e-07,0.2704752275025278
26760,0.048944201320409775,0.033461932092905045,0.015501770377159118,0.3875446479767561,0.06686613381607458,0.8,5.6849985412554815e-06,8.727874604567703e-07,0.2705763397371082
26770,-0.006667273864150047,0.035512206703424455,0.01791807562112808,0.4359404556453228,0.1295059250667691,0.7,2.66037454821344e-06,8.726760232026579e-07,0.2706774519716886
26780,0.14957080259919167,0.11055115796625614,0.031432336568832396,0.7858086429536343,0.10608837952604518,0.6,2.5719282627105713,8.725645442816253e-07,0.27077856420626895
26790,0.006599403917789459,0.13625551126897334,0.01429486870765686,0.3573718149214983,0.09576152556110173,0.7,0.00024053844390437007,8.724530237061365e-07,0.2708796764408493
26800,0.07822469277307391,0.23966322224587203,0.02074918895959854,0.7446628306061029,0.16643261037534102,0.5,1.6659660104778595e-06,8.723414614886599e-07,0.27098078867542974
26810,0.12804120481014253,0.11866045966744423,0.01130228266119957,0.4517787728458643,0.10382162865716964,0.6,0.0321856252849102,8.722298576416688e-07,0.2710819009100101
26820,0.008826273679733276,0.04442991986870766,0.02896538972854614,0.7241344261914492,0.11655689680483192,0.8,0.05498789623379707,8.721182121776409e-07,0.2711830131445905
26830,0.09980671349912881,0.09868402536958457,0.019141265749931337,0.4893951255828142,0.10909650202374906,0.7,0.5450125336647034,8.720065251090588e-07,0.2712841253791709
26840,0.004388587176799774,0.02197379497811198,0.022882497310638426,0.5720623154193163,0.11588424989022314,0.7,0.027828888967633247,8.718947964484095e-07,0.2713852376137513
26850,0.13329466599971057,0.15619421973824502,0.017543555796146394,0.4582941345870495,0.12319787289015949,0.6,5.069093458587304e-05,8.717830262081851e-07,0.27148634984833164
26860,0.39357559131458403,0.2639717575162649,0.030541211366653442,0.7815845370292663,0.11896086375927553,0.4,1.8080110066875932e-06,8.716712144008816e-07,0.271587462082912
26870,0.09871643488295376,0.0703336026519537,0.03483867347240448,0.8709667742252349,0.1352773130638525,0.7,3.823246717453003,8.715593610390004e-07,0.27168857431749244
26880,0.25411364026367667,0.16938795894384384,0.029431656002998352,0.7337576627731324,0.11806289211381227,0.4,0.3510867953300476,8.714474661350471e-07,0.2717896865520728
26890,0.017774733155965804,0.04117352105677128,0.017448581755161285,0.43621507957577704,0.10931750411400572,0.7,1.4625147741753608e-06,8.71335529701532e-07,0.2718907987866532
26900,0.17989127654582263,0.13310800082981586,0.03778235912322998,0.9445588644593954,0.13858172453474255,0.5,0.02124139294028282,8.712235517509703e-07,0.27199191102123355
26910,0.18605547705665232,0.1707777782343328,0.03728081285953522,0.932020916417241,0.09781879592919722,0.6,4.355558758106781e-06,8.711115322958815e-07,0.27209302325581397
26920,0.0019762411713600157,0.04421407133340836,0.01825917512178421,0.45647900775074957,0.07878902098163962,0.8,1.174467342934804e-06,8.709994713487901e-07,0.27219413549039434
26930,0.05441744923591614,0.07019640207290649,0.013156919181346894,0.32892338298261165,0.06584341699490323,0.9,1.8069571297019138e-06,8.708873689222248e-07,0.2722952477249747
26940,0.09887914434075355,0.13723413422703742,0.025721412897109986,0.6430350642651319,0.07692803824320435,0.7,2.2861239910125732,8.707752250287193e-07,0.2723963599595551
26950,0.03993547558784485,0.03637483268976212,0.024591387808322908,0.6147852376103401,0.09227147394558415,0.8,0.0582590214908123,8.706630396808119e-07,0.2724974721941355
26960,0.3783256083726883,0.21618605703115462,0.040664342045783994,1.0166095405817033,0.06996880961814896,0.7,1.2990018376513035e-06,8.705508128910452e-07,0.2725985844287159
26970,0.07616930454969406,0.06937805861234665,0.01741354614496231,0.6581745635718107,0.0684194058412686,0.8,1.463220238685608,8.704385446719667e-07,0.27269969666329624
26980,0.04328030347824097,0.05371033549308777,0.0419238269329071,1.0536309000104667,0.15182268301723525,0.7,0.032872818410396576,8.703262350361289e-07,0.27280080889787667
26990,0.13161545842885972,0.07520883530378342,0.02610589861869812,0.6526476077735424,0.057326466019731015,0.8,3.676003643704462e-06,8.702138839960882e-07,0.27290192113245704
27000,0.09949745079502463,0.10751584954559804,0.035044556856155394,0.9016980577260256,0.17183496811194346,0.6,0.054105691611766815,8.701014915644058e-07,0.2730030333670374
27010,0.17632578634656965,0.10250437427312135,0.0109294094145298,0.415060774423182,0.09587038649478927,0.7,1.8146827187592862e-06,8.699890577536481e-07,0.2731041456016178
27020,0.026080228202044965,0.023161844909191133,0.03775896430015564,0.9439737312495708,0.16578072590054943,0.7,0.0134365763515234,8.698765825763856e-07,0.2732052578361982
27030,-0.027624495327472687,0.06308941543102264,0.0074943207204341885,0.18735796958208084,0.06908106084447355,0.8,1.2418874575814698e-05,8.697640660451936e-07,0.27330637007077857
27040,0.3194188501685858,0.24301850348711013,0.038736152648925784,0.9684042416512966,0.14726965223671867,0.3,2.5650854110717773,8.696515081726518e-07,0.27340748230535894
27050,0.04501990103162825,0.145187109708786,0.02363124042749405,0.5983292892575264,0.13708619007375092,0.5,0.81390780210495,8.695389089713448e-07,0.2735085945399393
27060,0.28544621765613554,0.18432248048484326,0.040495097637176514,1.0123777087777852,0.14959083816502244,0.3,0.03152402490377426,8.694262684538616e-07,0.27360970677451973
27070,0.2027072712779045,0.15443386062979697,0.043543994426727295,1.0886002033948898,0.11049407124519348,0.5,33.05111312866211,8.693135866327961e-07,0.2737108190091001
27080,0.06819965988397599,0.049809325486421585,0.04975156188011169,1.2437887284904718,0.10590270995162428,0.7,0.2572411000728607,8.692008635207465e-07,0.2738119312436805
27090,0.13612402146682143,0.1040806882083416,0.02522805631160736,0.6307013414800167,0.10603795459028334,0.7,0.04113997146487236,8.69088099130316e-07,0.27391304347826084
27100,-0.008820682018995284,0.0050403892993927,0.011703729629516602,0.29259326197206975,0.05915279561886564,0.9,0.04174050688743591,8.68975293474112e-07,0.27401415571284127
27110,-0.008820752799510955,0.005040430277585983,0.009231115132570267,0.23077793531119822,0.0552637069253251,0.9,1.341374854746391e-06,8.688624465647467e-07,0.27411526794742164
27120,0.31983077658806,0.25252918563783167,0.042229220271110535,1.055730351433158,0.15718002900248393,0.4,2.4304046630859375,8.68749558414837e-07,0.274216380182002
27130,0.2643330957740545,0.208028213493526,0.06271118521690369,1.567779317125678,0.1472388536669314,0.4,6.542140007019043,8.686366290370043e-07,0.27431749241658243
27140,0.2860526770353317,0.17676843106746673,0.02485780417919159,0.7658069651573897,0.07182664308929816,0.6,4.5252838134765625,8.685236584438747e-07,0.2744186046511628
27150,0.07427970692515373,0.04244554601609707,0.020074903964996338,0.5018728785216808,0.07548493377398699,0.8,0.0517582967877388,8.684106466480785e-07,0.27451971688574317
27160,0.02873857393860817,0.05299875922501087,0.026622873544692994,0.6927739720791578,0.07476060144836083,0.7,3.574865559130558e-06,8.682975936622513e-07,0.27462082912032354
27170,0.09496935904026031,0.05426820516586304,0.021704426407814024,0.5932687293738127,0.04905666175764054,0.8,0.04131370037794113,8.68184499499033e-07,0.27472194135490396
27180,-0.0028282105922698975,0.023265115544199945,0.027230876684188842,0.7187851011753082,0.09313287371769548,0.7,4.207478923490271e-05,8.680713641710677e-07,0.27482305358948433
27190,0.13558909371495248,0.08338115252554416,0.015053501725196839,0.37633783034980295,0.06302467001369223,0.7,8.964842095338099e-07,8.679581876910048e-07,0.2749241658240647
27200,0.201650033891201,0.13766964375972748,0.047711366415023805,1.1927844613790513,0.09927033957792446,0.7,0.029507432132959366,8.678449700714978e-07,0.2750252780586451
27210,0.01008431389927864,0.013414333760738372,0.020508724451065063,0.5127185668796301,0.0886145097669214,0.8,2.36893970395613e-06,8.67731711325205e-07,0.2751263902932255
27220,0.029012421146035194,0.040298972837626935,0.02902486324310303,0.7256217036396265,0.12513176776701584,0.6,2.2836437225341797,8.67618411464789e-07,0.27522750252780587
27230,0.04961349293589592,0.05310725569725037,0.011872632056474685,0.2988035142421722,0.08983535869047046,0.6,6.974519055802375e-05,8.675050705029178e-07,0.27532861476238624
27240,0.08606923762417865,0.09813213670568074,0.03434047400951386,0.868364081159234,0.11527308084769175,0.5,0.11251027882099152,8.673916884522629e-07,0.2754297269969666
27250,0.014729788340628148,0.017653357796370985,0.02052253931760788,0.5130634032189846,0.09349698232254014,0.7,2.5702438354492188,8.672782653255014e-07,0.27553083923154703
27260,0.004778145626187324,0.008547407388687134,0.007250051200389862,0.18125147111713885,0.06309942366788164,0.9,1.1584337471504114e-06,8.671648011353143e-07,0.2756319514661274
27270,-0.02238139361143112,0.04485244639217854,0.010077565163373946,0.2519393011927605,0.09463598312577233,0.7,17.087312698364258,8.670512958943873e-07,0.27573306370070777
27280,0.3526001453399658,0.2426412284374237,0.033596715331077574,0.8399178057909011,0.07646703437203542,0.6,3.7394997889350634e-06,8.66937749615411e-07,0.2758341759352882
27290,0.08059240430593491,0.05587797313928604,0.021899423003196715,0.5474857512861491,0.09449428940424695,0.8,1.2214311361312866,8.668241623110804e-07,0.27593528816986856
27300,0.08354858011007309,0.1011821448802948,0.015359871089458466,0.38399626724421976,0.08697358961217105,0.8,8.444689228781499e-06,8.66710533994095e-07,0.27603640040444893
27310,0.04531264957040548,0.11619441136717797,0.03439225554466248,0.8598061900585889,0.20474908873438835,0.4,1.1939706802368164,8.665968646771592e-07,0.2761375126390293
27320,0.13600660115480423,0.1527441255748272,0.025885343551635742,0.7146963164210319,0.10098230299772695,0.6,0.0047185285948216915,8.664831543729814e-07,0.27623862487360973
27330,0.10273439958691596,0.07970301546156407,0.01728558987379074,0.43213996663689613,0.12368532706750557,0.6,0.053941935300827026,8.663694030942752e-07,0.2763397371081901
27340,0.1897781382314861,0.11961593758314848,0.02778114676475525,0.6945286236703396,0.11977832787670195,0.7,2.341991424560547,8.662556108537585e-07,0.27644084934277047
27350,0.21645234823226928,0.1436167597770691,0.022272653877735138,0.556816428527236,0.06460829837014899,0.8,0.008039049804210663,8.661417776641538e-07,0.27654196157735084
27360,0.08960841037333012,0.0745194174349308,0.02596292495727539,0.6435605105012655,0.10010915085440501,0.6,2.4744101665419294e-06,8.660279035381882e-07,0.27664307381193126
27370,0.2057342242449522,0.15353672727942466,0.03606161773204804,0.9015406388789415,0.1304686970426701,0.5,0.4799019396305084,8.659139884885931e-07,0.27674418604651163
27380,0.05578957549296319,0.07670774096623063,0.028261959552764893,0.7065492123365402,0.16493283758172766,0.6,10.171820640563965,8.65800032528105e-07,0.276845298281092
27390,0.06276677399873734,0.11486606746912002,0.038219159841537474,0.9554796352982521,0.10767293743556365,0.5,0.02433399111032486,8.656860356694646e-07,0.27694641051567237
27400,0.1595551148056984,0.15615009069442748,0.029101598262786865,0.727539948746562,0.08616344307083637,0.6,0.0240668635815382,8.655719979254175e-07,0.2770475227502528
27410,0.08827700465917587,0.05044400468468666,0.014861103892326356,0.34831596799194814,0.08935311662498861,0.8,3.2674140584276756e-06,8.654579193087135e-07,0.27714863498483316
27420,0.18786623924970627,0.1310310259461403,0.02388758659362793,0.5971898075193167,0.08846065900288522,0.6,1.322963385064213e-06,8.653437998321069e-07,0.27724974721941353
27430,-0.0002600640058517456,0.03998894691467285,0.004927576333284378,0.16420075707137585,0.11034328825771808,0.7,9.870609283447266,8.652296395083571e-07,0.27735085945399396
27440,0.02302304357290268,0.018463486433029176,0.005183155834674835,0.12957877442240714,0.0717299026204273,0.8,2.473137617111206,8.651154383502277e-07,0.27745197168857433
27450,0.020756427943706513,0.05537073165178299,0.021770234405994415,0.5442558601498604,0.13127606867346914,0.7,0.05060960352420807,8.650011963704869e-07,0.2775530839231547
27460,-0.049218617007136346,0.06631728671491147,0.01833864003419876,0.4584660232067108,0.1301743153599091,0.7,0.15118829905986786,8.648869135819072e-07,0.27765419615773507
27470,-0.015351004898548126,0.13413878604769708,0.009732917696237565,0.24332295283675193,0.09885880782967434,0.7,3.755549907684326,8.647725899972666e-07,0.2777553083923155
27480,0.04143164604902268,0.05713319033384323,0.018622589111328126,0.4655648034065962,0.11872207891428843,0.7,0.020754052326083183,8.646582256293465e-07,0.27785642062689586
27490,0.23547715060412883,0.16396893486380576,0.02966233789920807,0.741558650881052,0.1266525908955373,0.5,0.02116747759282589,8.645438204909332e-07,0.27795753286147623
27500,0.18415852757170798,0.14680506885051728,0.01422743797302246,0.35568612813949585,0.16341779630165548,0.5,47.977783203125,8.644293745948184e-07,0.2780586450960566
27510,0.01899151727557182,0.043944858387112616,0.034294542670249936,0.8573638278990984,0.16032285986002534,0.6,0.019463734701275826,8.643148879537971e-07,0.278159757330637
27520,0.02789269983768463,0.05330279469490051,0.02661646604537964,0.6654121223837137,0.10597572289407253,0.8,8.991314098238945e-05,8.642003605806698e-07,0.2782608695652174
27530,0.024423138797283174,0.039896803349256514,0.007240443676710129,0.1810110554099083,0.07307507614605128,0.8,1.7418615243514068e-06,8.640857924882408e-07,0.27836198179979776
27540,0.06102658770978451,0.10250731781125069,0.027153044939041138,0.678826354444027,0.1442227541934699,0.6,5.985997200012207,8.639711836893197e-07,0.27846309403437813
27550,0.2621802657842636,0.14981728792190552,0.023225703835487367,0.5806427724659443,0.06300778208533302,0.7,1.6089148857645341e-06,8.638565341967203e-07,0.27856420626895856
27560,0.00612473776564002,0.06996268182992935,0.01575988531112671,0.39399721696972845,0.16348652070155367,0.6,5.00924015045166,8.637418440232608e-07,0.27866531850353893
27570,0.13612050712108612,0.07990209199488163,0.024321511387825012,0.6080379143357277,0.0915792212006636,0.5,0.3607277572154999,8.636271131817641e-07,0.2787664307381193
27580,0.09812144078314304,0.07584642171859741,0.0181284099817276,0.4532103084027767,0.06792015434475615,0.7,1.8180975914001465,8.635123416850579e-07,0.2788675429726997
27590,0.05862273648381233,0.0644259512424469,0.02657885253429413,0.6644706826657056,0.11145165271591395,0.6,1.0756584742921405e-06,8.633975295459737e-07,0.2789686552072801
27600,0.04082511141896248,0.10591064915060996,0.021021388471126556,0.5255350898951292,0.15940375613281504,0.6,1.7273562207265059e-06,8.632826767773484e-07,0.27906976744186046
27610,0.06861258074641227,0.05786444097757339,0.009850762784481049,0.24626910239458083,0.07073636766290292,0.8,1.6365325450897217,8.63167783392023e-07,0.27917087967644083
27620,0.11123282834887505,0.09022015910595656,0.0386991411447525,0.9797248285263777,0.1250405069324188,0.5,0.9551452398300171,8.63052849402843e-07,0.27927199191102126
27630,0.005712372064590454,0.0032642122358083727,0.009469059854745865,0.23672689720988274,0.04511711249360815,0.9,1.7364378663842217e-06,8.629378748226588e-07,0.2793731041456016
27640,0.026463924348354338,0.06079799830913544,0.017793774604797363,0.4448445774614811,0.09340702012414112,0.7,0.1999879777431488,8.628228596643248e-07,0.279474216380182
27650,0.06767602115869523,0.05135657526552677,0.024676799774169922,0.616920230537653,0.11457395269535482,0.7,0.06776444613933563,8.627078039407004e-07,0.27957532861476236
27660,0.051879358291625974,0.04725379943847656,0.012820892035961151,0.32052242904901507,0.06158785069128499,0.9,1.8899871747635189e-06,8.625927076646494e-07,0.2796764408493428
27670,0.003442823514342308,0.04720064625144005,0.00958230346441269,0.23947577103972434,0.1078161281417124,0.7,1.3043265880696708e-06,8.624775708490402e-07,0.27977755308392316
27680,0.09981673061847687,0.0669991359114647,0.03038361370563507,0.7595901161432266,0.10458887058775872,0.7,1.2188125848770142,8.623623935067452e-07,0.27987866531850353
27690,0.1272856503725052,0.08584925830364228,0.02380400151014328,0.5951005816459656,0.07089955268893391,0.7,5.062888521933928e-05,8.622471756506422e-07,0.2799797775530839
27700,0.12381238639354705,0.09018895030021667,0.02942541241645813,0.7356355469673872,0.10231411721324549,0.7,1.1547289432201069e-05,8.62131917293613e-07,0.2800808897876643
27710,0.014348787860944867,0.014460064377635718,0.025910669565200807,0.6477670226246118,0.11820910593960435,0.7,1.7326427723673987e-06,8.620166184485438e-07,0.2801820020222447
27720,0.15756189152598382,0.14292755387723446,0.028670793771743773,0.7220429603010416,0.10313995169708505,0.6,0.035293225198984146,8.619012791283257e-07,0.28028311425682506
27730,0.078069506585598,0.16493578851222992,0.039028576016426085,0.7602422401309014,0.10975959501229227,0.6,3.7042832374572754,8.617858993458544e-07,0.2803842264914055
27740,0.1884152267128229,0.1989677118137479,0.0355531096458435,0.8888276435434819,0.1699894915567711,0.4,3.8533403873443604,8.616704791140297e-07,0.28048533872598586
27750,0.13303564488887787,0.0903963141143322,0.039770102500915526,0.9942535899579525,0.08229163944488391,0.7,0.024563882499933243,8.61555018445756e-07,0.2805864509605662
27760,0.059882334619760516,0.038789435476064685,0.016896028816699982,0.42240067198872566,0.10200084953103214,0.6,9.733240127563477,8.614395173539424e-07,0.2806875631951466
27770,0.053852743655443194,0.07894087508320809,0.011953334510326385,0.2988334968686104,0.1485679331701249,0.5,2.0946811218891526e-06,8.613239758515025e-07,0.280788675429727
27780,0.057245084643363954,0.054960569739341734,0.010247531533241271,0.25618817172944547,0.09857834202703089,0.7,30.84597396850586,8.612083939513545e-07,0.2808897876643074
27790,0.04006492691114545,0.055430808663368226,0.0254392147064209,0.6359803784638643,0.0847805897356011,0.8,9.577443051966839e-07,8.610927716664209e-07,0.28099089989888776
27800,0.03551318645477295,0.020293249189853667,0.022142766416072844,0.5535691894590855,0.05656765678431839,0.9,0.1671859472990036,8.609771090096287e-07,0.2810920121334681
27810,0.04055646192282438,0.10286843506619334,0.026332873106002807,0.6634737089276314,0.15140367770800367,0.5,4.46935473519261e-06,8.608614059939097e-07,0.28119312436804855
27820,0.19732351899147033,0.14910037517547609,0.03475309610366821,0.8688293151557446,0.09738308876985684,0.6,1.9381786842131987e-06,8.607456626322001e-07,0.2812942366026289
27830,0.030795126222074032,0.06218562573194504,0.019967612624168397,0.49919068440794945,0.1447220544796437,0.6,1.5525326944043627e-06,8.606298789374401e-07,0.2813953488372093
27840,0.21941509177850094,0.31239720246521757,0.0470573753118515,1.1310233015567064,0.1724782636621967,0.4,3.258233070373535,8.605140549225754e-07,0.28149646107178966
27850,0.062950399518013,0.04137103483080864,0.023664861917495728,0.5916213482618332,0.07136640928220003,0.7,0.8609308004379272,8.603981906005553e-07,0.2815975733063701
27860,0.12745710611343383,0.07283263206481934,0.032950198650360106,0.8237543519586324,0.05970015733037144,0.9,2.523639068385819e-06,8.602822859843342e-07,0.28169868554095046
27870,0.1459830731153488,0.1490815006196499,0.036867263913154605,0.9216816063970328,0.14108829372562467,0.5,6.48961067199707,8.601663410868707e-07,0.2817997977755308
27880,-0.014047831296920776,0.07604752033948899,0.02805735170841217,0.7440021902322769,0.12470263938885182,0.6,0.012679222971200943,8.600503559211278e-07,0.28190091001011125
27890,0.028142505139112473,0.08339130030944944,0.018896931409835817,0.50087257232517,0.1650509866187349,0.5,7.286619663238525,8.599343305000735e-07,0.2820020222446916
27900,0.09580783993005752,0.12770838141441346,0.03597380816936493,0.9063384059816599,0.10384566865395754,0.6,0.02345634251832962,8.598182648366799e-07,0.282103134479272
27910,0.08606356680393219,0.05926508740521967,0.023273718357086182,0.5818433649837971,0.15106076567899435,0.6,5.251079082489014,8.597021589439235e-07,0.28220424671385236
27920,0.17697368711233138,0.13197823464870453,0.030818331241607665,0.7704582665115595,0.11866475234273821,0.6,0.4468981623649597,8.595860128347856e-07,0.2823053589484328
27930,0.013778889179229736,0.04350240677595139,0.012277581542730332,0.3069394089281559,0.10830885843606666,0.8,27.181100845336914,8.594698265222519e-07,0.28240647118301315
27940,0.02769205644726753,0.054667824506759645,0.030907076597213746,0.77267701998353,0.15082777296192945,0.7,11.411285400390625,8.593536000193126e-07,0.2825075834175935
27950,0.09127696752548217,0.06272854208946228,0.018822531402111053,0.470563443005085,0.07985058370977641,0.8,5.925419372942997e-06,8.592373333389622e-07,0.2826086956521739
27960,0.11381029561161995,0.14229114651679992,0.015783585608005524,0.4961677350103855,0.11445235824212432,0.6,1.682733568486583e-06,8.591210264942002e-07,0.2827098078867543
27970,-0.026975371688604356,0.04555259272456169,0.013104726374149323,0.32761811912059785,0.14619905878789724,0.7,0.011531027965247631,8.590046794980298e-07,0.2828109201213347
27980,-0.0001299931318499148,0.0002325387904420495,0.017183443903923033,0.4295862428843975,0.06978356092004105,0.9,0.034517209976911545,8.588882923634594e-07,0.28291203235591506
27990,0.3227879047393799,0.34156191572546957,0.0490565150976181,1.2371595926582812,0.1610316839418374,0.4,4.460782527923584,8.587718651035017e-07,0.2830131445904954
28000,0.026412999629974364,0.04724901020526886,0.01029726043343544,0.257431422919035,0.08132416174048558,0.9,0.0829087495803833,8.586553977311735e-07,0.28311425682507585
28010,0.07161125354468822,0.0980032004415989,0.034534570574760434,0.8633650120347738,0.18066906762542204,0.5,0.259323388338089,8.585388902594968e-07,0.2832153690596562
28020,0.1578015223145485,0.14373194724321364,0.0205139622092247,0.5128488812595606,0.048428707814309746,0.8,0.13926206529140472,8.584223427014973e-07,0.2833164812942366
28030,-0.0055958786979317665,0.03237945325672627,0.011599338054656983,0.2899832986295223,0.11376972000580281,0.7,19.522262573242188,8.583057550702057e-07,0.283417593528817
28040,0.19822618141770362,0.16416874825954436,0.03979555070400238,0.9948887649923563,0.12240390139631926,0.6,0.0011306769447401166,8.581891273786572e-07,0.2835187057633974
28050,0.20126148760318757,0.12599849849939346,0.03345944583415985,0.8364860385656356,0.09428985629929229,0.7,0.44120585918426514,8.580724596398912e-07,0.28361981799797775
28060,0.015084780007600784,0.1921834133565426,0.03343883752822876,0.8359706569463015,0.13514414028031752,0.6,1.6382806301116943,8.579557518669516e-07,0.2837209302325581
28070,0.07421725690364837,0.06202128827571869,0.022845298051834106,0.5711321458220482,0.09826874526916071,0.8,1.3970676491226186e-06,8.578390040728871e-07,0.28382204246713855
28080,-0.005216528027085587,0.09311150547582656,0.02490311712026596,0.6225779861211777,0.1772931421874091,0.6,0.16103149950504303,8.577222162707505e-07,0.2839231547017189
28090,0.09808550588786602,0.08849827330559493,0.03788398802280426,0.9470998514443636,0.12999254673486577,0.4,0.36170950531959534,8.576053884735992e-07,0.2840242669362993
28100,0.3924625676125288,0.31222767010331154,0.03308488130569458,0.8503413252532482,0.10872253567213193,0.5,0.0010348438518121839,8.57488520694495e-07,0.28412537917087965
28110,0.10213903887197376,0.09313569143414498,0.02845456004142761,0.711363635584712,0.09316697164904326,0.7,7.912352561950684,8.573716129465047e-07,0.2842264914054601
28120,0.04155557006597519,0.04760805587284267,0.02110377550125122,0.5275943983346224,0.11360286172712222,0.6,1.835245348047465e-05,8.572546652426986e-07,0.28432760364004045
28130,0.2040822234004736,0.1320007499307394,0.04007948338985443,1.001987275481224,0.11228541563032195,0.4,0.40661606192588806,8.571376775961523e-07,0.2844287158746208
28140,0.060030438005924225,0.0501792699098587,0.010096743702888489,0.25241847336292267,0.08343154265312477,0.8,0.010214081965386868,8.570206500199454e-07,0.2845298281092012
28150,0.4404395744204521,0.2885719895362854,0.041324055194854735,1.0331012278795242,0.08633812592597678,0.5,0.6764901280403137,8.569035825271623e-07,0.2846309403437816
28160,0.06331272311508655,0.13399947695434095,0.022600755095481873,0.6151796920690685,0.13964805251453072,0.3,37.85055160522461,8.567864751308915e-07,0.284732052578362
28170,0.16791194230318068,0.11816577166318894,0.04069510698318481,1.073785412684083,0.08657817607745528,0.7,1.234258888871409e-06,8.566693278442264e-07,0.28483316481294235
28180,0.13159456625580787,0.08750120848417282,0.023946665227413177,0.6032009214162827,0.08169304213952273,0.8,1.0426110748085193e-06,8.565521406802645e-07,0.2849342770475228
28190,0.1308722567395307,0.1510776966053527,0.05023993849754334,1.3170960299670695,0.16064727421617137,0.3,0.6159628033638,8.564349136521079e-07,0.28503538928210315
28200,-0.0016268357634544373,0.04501732736825943,0.012374238669872284,0.30935594215989115,0.084591479646042,0.7,1.0257606390950968e-06,8.563176467728627e-07,0.2851365015166835
28210,0.20260189175605775,0.22560064643621444,0.03251456618309021,0.8128639526665211,0.11189116515452042,0.6,4.516047556535341e-05,8.562003400556408e-07,0.2852376137512639
28220,0.017746292147785427,0.05358275030739605,0.019418321549892426,0.5747679818421603,0.10577878416515887,0.7,0.007129188627004623,8.560829935135567e-07,0.2853387259858443
28230,0.0016446567140519619,0.028223626688122748,0.025298410654067995,0.6324607338756323,0.13464486137963833,0.6,2.873636276490288e-06,8.559656071597309e-07,0.2854398382204247
28240,0.18361336179077625,0.11440833173692226,0.04464237689971924,1.1160592336207629,0.11261306785745546,0.5,3.8986534491414204e-05,8.558481810072876e-07,0.28554095045500505
28250,0.0273764505982399,0.02278417833149433,0.021643753349781036,0.5410934418439866,0.07667606243630871,0.8,0.00520834606140852,8.557307150693553e-07,0.2856420626895854
28260,0.3093377884477377,0.2805325459688902,0.040861082077026364,1.0215271405875683,0.1177745628869161,0.4,1.2053432328684721e-05,8.556132093590677e-07,0.28574317492416584
28270,-0.007969921082258224,0.0061806561425328255,0.023385170102119445,0.5846293810755014,0.0698301445809193,0.8,0.013911698944866657,8.554956638895622e-07,0.2858442871587462
28280,0.005161669384688139,0.0073141918517649175,0.009656412899494171,0.2614412888884544,0.12100554413627833,0.7,0.004402422811836004,8.553780786739809e-07,0.2859453993933266
28290,0.03408095706254244,0.062216876447200774,0.03954929709434509,0.9829294636845589,0.15278554019751028,0.6,0.03389940783381462,8.552604537254706e-07,0.28604651162790695
28300,0.3088641844689846,0.2390346959233284,0.042021948099136355,1.0505490370094777,0.1378181895473972,0.5,1.9308606624690583e-06,8.551427890571821e-07,0.2861476238624874
28310,0.0060109651880338785,0.009754198044538498,0.03044928014278412,0.7612325109541416,0.133721482695546,0.8,3.8134062378958333e-06,8.55025084682271e-07,0.28624873609706775
28320,0.07889089584350586,0.0938371941447258,0.01517164409160614,0.37929097525775435,0.11333414651453495,0.6,0.04894733801484108,8.549073406138971e-07,0.2863498483316481
28330,0.08598292917013169,0.06863237135112285,0.018999923765659333,0.4749979481101036,0.08710747655713931,0.7,5.6553831200290006e-06,8.547895568652249e-07,0.28645096056622854
28340,0.07633329033851624,0.05341076254844666,0.023863683640956878,0.5965924836695194,0.07242996725253761,0.8,0.0008333896985277534,8.546717334494229e-07,0.2865520728008089
28350,0.14407671242952347,0.15693080201745033,0.02314339578151703,0.628674229234457,0.17308711052173748,0.4,1.6367242778869695e-06,8.545538703796644e-07,0.2866531850353893
28360,0.347382608614862,0.21298796460032463,0.03885565996170044,0.9713912609964609,0.1138919552671723,0.5,2.48541164182825e-06,8.544359676691273e-07,0.28675429726996965
28370,0.08049336974509061,0.0747230900451541,0.026961535215377808,0.6740384258329868,0.12439170613652095,0.6,1.7769290208816528,8.543180253309934e-07,0.2868554095045501
28380,0.15336016174405814,0.20362007208168506,0.035476517677307126,0.9423181239515543,0.16078949416987598,0.5,10.794736862182617,8.542000433784493e-07,0.28695652173913044
28390,0.253909944370389,0.21019157487899065,0.03231334686279297,0.807833855971694,0.18278398755937814,0.2,1.130185842514038,8.54082021824686e-07,0.2870576339737108
28400,0.04444198324345052,0.033416866906918585,0.027723297476768494,0.6930826459079981,0.12148787147598342,0.7,12.44056224822998,8.539639606828987e-07,0.2871587462082912
28410,0.3725709419697523,0.21690036877989768,0.03882787227630615,0.9706967528909445,0.10439131431048736,0.7,3.2169500627787784e-05,8.538458599662872e-07,0.2872598584428716
28420,0.0038885489106178285,0.01763383746147156,0.013645216822624207,0.3411303646862507,0.10101319889072329,0.8,0.001223849132657051,8.537277196880559e-07,0.287360970677452
28430,0.09938080608844757,0.056789031624794005,0.010626735538244248,0.2656686533242464,0.07282847642200067,0.8,1.0401860475540161,8.536095398614134e-07,0.28746208291203235
28440,0.2582299835979939,0.1850481353700161,0.038488751649856566,0.962219100818038,0.0867214989499189,0.7,3.053769111633301,8.534913204995724e-07,0.2875631951466127
28450,0.11926729474216699,0.07212975807487965,0.017090153694152833,0.4272536877542734,0.09545279266312719,0.8,2.5565426349639893,8.533730616157509e-07,0.28766430738119314
28460,0.014110705442726612,0.043335508368909356,0.032206079363822936,0.8051517527550459,0.168124277156312,0.6,1.8028628119282075e-06,8.532547632231704e-07,0.2877654196157735
28470,0.1121917724609375,0.06410958766937255,-0.011427877843379975,0.06784920692443848,0.041496607882436365,0.9,1.3546602986025391e-06,8.531364253350573e-07,0.2878665318503539
28480,0.09743594489991665,0.13908627703785897,0.027965518832206725,0.6991383124142885,0.17061430757166818,0.5,1.713405966758728,8.530180479646425e-07,0.2879676440849343
28490,0.023909882083535193,0.05082520991563797,0.019345858693122865,0.48364683203399184,0.16634076909394935,0.7,1.9538729247869924e-06,8.52899631125161e-07,0.2880687563195147
28500,0.08129101088270545,0.16791353076696397,0.022302962839603424,0.6759722299873829,0.16125546189723536,0.5,8.433431503362954e-06,8.527811748298524e-07,0.28816986855409504
28510,-0.029257366061210634,0.026648780703544615,0.005355610698461533,0.13389028050005436,0.0610272613237612,0.9,1.738938044582028e-05,8.526626790919606e-07,0.2882709807886754
28520,0.03725930154323578,0.1569514125585556,0.032023447751998904,0.8005864772945642,0.16059145962353796,0.6,4.426031112670898,8.525441439247341e-07,0.28837209302325584
28530,0.13846150590106845,0.13781188800930977,0.015494698286056518,0.3873674053698778,0.10703065742272884,0.7,4.404765059007332e-05,8.524255693414255e-07,0.2884732052578362
28540,0.10500579476356506,0.0967558577656746,0.017900514602661132,0.44370052963495255,0.07000649343244732,0.7,1.1871892213821411,8.523069553552922e-07,0.2885743174924166
28550,0.03650932665914297,0.0669319700449705,0.021714046597480774,0.5428511690348387,0.1617205453454517,0.6,0.10270170122385025,8.521883019795957e-07,0.28867542972699695
28560,-0.026793985441327096,0.06886770725250244,0.012513384222984314,0.312834694981575,0.17005305469501764,0.5,4.938072681427002,8.520696092276019e-07,0.28877654196157737
28570,0.05635750703513622,0.08312713392078877,0.013615570962429047,0.3512602269649506,0.1254148915526457,0.7,0.00011098761024186388,8.519508771125814e-07,0.28887765419615774
28580,0.12718936130404473,0.19357256442308426,0.0387560099363327,0.968900303915143,0.22346848705783487,0.4,28.986318588256836,8.51832105647809e-07,0.2889787664307381
28590,-0.03618560235481709,0.1084322091192007,0.030694147944450377,0.7487723575206473,0.2136874338146299,0.4,16.369400024414062,8.517132948465638e-07,0.2890798786653185
28600,0.008419325947761536,0.015060947835445404,0.012454012781381607,0.3113505981862545,0.07581419550115243,0.9,3.428739547729492,8.515944447221292e-07,0.2891809908998989
28610,0.03270037211477757,0.09669299377128482,0.037139478325843814,0.9284872021526098,0.15355865539750085,0.4,9.425451278686523,8.514755552877936e-07,0.2892821031344793
28620,0.09119057506322861,0.10341275930404663,0.017090249061584472,0.42725607119500636,0.08564416458830237,0.8,3.3985845220740885e-05,8.513566265568491e-07,0.28938321536905964
28630,0.06580041870474815,0.0868544451892376,0.02490053027868271,0.6404117826372385,0.12044961872743443,0.6,9.685716122476151e-07,8.512376585425927e-07,0.28948432760364007
28640,0.0271694325376302,0.02318833041936159,0.01084834337234497,0.2712084766477346,0.12919773180037736,0.7,10.219535827636719,8.511186512583255e-07,0.28958543983822044
28650,0.13137972354888916,0.09721424728631974,0.017318618297576905,0.43296595104038715,0.09724721770035102,0.7,1.9643021005322225e-05,8.50999604717353e-07,0.2896865520728008
28660,0.055396856367588045,0.08788952678442001,0.0038122307509183885,0.30775426849722864,0.0780500031192787,0.8,6.832016424596077e-06,8.508805189329853e-07,0.2897876643073812
28670,0.21345603689551354,0.13072680979967116,0.03555704355239868,0.8889266368001699,0.09576862703543157,0.6,1.3127788633937598e-06,8.507613939185365e-07,0.2898887765419616
28680,0.3285056799650192,0.2347950778901577,0.04079744815826416,1.0199360944330693,0.14177486000116915,0.6,0.018031729385256767,8.506422296873257e-07,0.28998988877654197
28690,-0.053155577182769774,0.06839166693389416,0.012910743057727814,0.32276887260377407,0.13069365643896164,0.6,1.1424754120525904e-05,8.505230262526755e-07,0.29009100101112234
28700,0.16098895519971848,0.13335246853530408,0.011813333630561829,0.597650732472539,0.08813474274938926,0.7,1.1679326235025655e-06,8.504037836279139e-07,0.2901921132457027
28710,-0.03068708749487996,0.031674394756555556,0.016522639989852907,0.4130663130432367,0.09744036875199527,0.7,0.01640613190829754,8.502845018263726e-07,0.29029322548028313
28720,-0.02606782838702202,0.015968643128871918,0.007393175363540649,0.1848295468837023,0.05592926284298301,0.8,1.7234970073332079e-06,8.501651808613879e-07,0.2903943377148635
28730,0.04538533091545105,0.11103736162185669,0.019519668817520142,0.47082152143120765,0.09002510971622542,0.7,0.015414060093462467,8.500458207463003e-07,0.2904954499494439
28740,0.15977539047598838,0.11370855718851089,0.016160739958286284,0.40401861183345317,0.06891931621357798,0.8,5.606573267868953e-06,8.499264214944549e-07,0.29059656218402424
28750,0.04740195265039802,0.08394807409495116,0.022784355282783508,0.5743557453155518,0.17117708148434757,0.6,0.01811535842716694,8.498069831192012e-07,0.29069767441860467
28760,0.034648282825946806,0.06716101914644242,0.015166735649108887,0.37916822023689745,0.1467155920341611,0.6,21.58054542541504,8.496875056338928e-07,0.29079878665318504
28770,0.07020405679941177,0.040116604417562485,0.02926563024520874,0.7316410582512617,0.10287614341359586,0.8,0.06001622602343559,8.495679890518879e-07,0.2908998988877654
28780,0.02510073035955429,0.0260041281580925,0.01737268716096878,0.43431729041039946,0.1316587764536962,0.7,2.1129706510691904e-05,8.49448433386549e-07,0.2910010111223458
28790,0.04133723080158234,0.1881505474448204,0.02598256468772888,0.7198369886726141,0.16730891059851274,0.6,1.7554616533743683e-06,8.493288386512432e-07,0.2911021233569262
28800,0.00512264184653759,0.009163660556077957,0.0027916617691516876,0.0697915256023407,0.07438677210593596,0.9,3.413869853829965e-05,8.492092048593414e-07,0.29120323559150657
28810,0.07709491774439811,0.062193910405039785,0.015241308510303498,0.3810326024889946,0.11011863214662299,0.7,1.7675338312983513e-06,8.490895320242194e-07,0.29130434782608694
28820,0.24155326187610626,0.18829504624009133,0.013010871410369874,0.8104302201420068,0.14875159079674632,0.5,0.03881292790174484,8.489698201592572e-07,0.29140546006066737
28830,0.18399512101896107,0.14386616330593824,0.017432329058647156,0.435807804018259,0.11392572410404682,0.6,1.9213719042454613e-06,8.488500692778391e-07,0.29150657229524773
28840,0.05992798125371337,0.04927856884896755,0.025184249877929686,0.6332874923944474,0.1479054940165952,0.5,0.26907309889793396,8.487302793933537e-07,0.2916076845298281
28850,0.19780422151088714,0.12133821174502372,0.030427563190460204,0.7606896366924047,0.08635007042903453,0.7,0.06552594900131226,8.486104505191943e-07,0.2917087967644085
28860,0.03451662417501211,0.14919978491961955,0.01751699298620224,0.43792503103613856,0.14510089312680066,0.7,1.1321670172037557e-05,8.484905826687582e-07,0.2918099089989889
28870,0.17220745119266212,0.20262332931160926,0.016299983859062193,0.407499984651804,0.1411327751353383,0.6,1.273889438380138e-06,8.483706758554472e-07,0.29191102123356927
28880,0.08158511184155941,0.08482338935136795,0.02061455398797989,0.5153636272996664,0.13045698280911894,0.6,0.6836418509483337,8.482507300926673e-07,0.29201213346814964
28890,0.005337114632129669,0.029410603642463683,0.007075651735067368,0.17689122594892978,0.10838707775110379,0.8,2.286703875142848e-06,8.481307453938294e-07,0.29211324570273
28900,0.13626993894577027,0.10893190503120423,0.021891029179096223,0.5472762223333121,0.0721602192032151,0.8,0.00010064775415230542,8.480107217723479e-07,0.29221435793731043
28910,0.15392804592847825,0.10520721524953842,0.022759683430194855,0.568992231786251,0.09365578020224348,0.7,0.007046766113489866,8.478906592416422e-07,0.2923154701718908
28920,0.06298844586126506,0.03736736653372645,0.018330161273479462,0.45825393237173556,0.10616185656981543,0.7,0.00026737109874375165,8.477705578151359e-07,0.29241658240647117
28930,-0.023474173992872237,0.05600766055285931,0.02607358992099762,0.6518399931490422,0.1361805921071209,0.6,1.1832424888780224e-06,8.476504175062567e-07,0.29251769464105154
28940,0.25335739850997924,0.23839108347892762,0.020053409039974213,0.5013350080698729,0.08403577476274222,0.7,3.824969553534174e-06,8.475302383284371e-07,0.29261880687563196
28950,0.027243094937875866,0.02958402270451188,0.011296882480382919,0.30406012646853925,0.11327161208027973,0.7,0.0002657735312823206,8.474100202951135e-07,0.29271991911021233
28960,0.10977666303515435,0.13167199566960336,0.029080814123153685,0.7270205728709698,0.1505058470531367,0.6,0.051860760897397995,8.47289763419727e-07,0.2928210313447927
28970,0.13760021571069955,0.193893682025373,0.021620804071426393,0.6658278841525316,0.13968195759225638,0.4,4.2540155845927075e-05,8.471694677157228e-07,0.29292214357937313
28980,0.013731839135289192,0.010404116287827492,0.012052633613348008,0.3013158358633518,0.09695484002586455,0.8,1.1130776405334473,8.470491331965504e-07,0.2930232558139535
28990,0.0,0.026749435067176818,0.023721705377101897,0.5930431216955185,0.10850210625212639,0.9,0.0007863236241973937,8.469287598756641e-07,0.29312436804853387
29000,0.29724736511707306,0.22021316438913346,0.0349450945854187,0.8736278995871544,0.12571330475620926,0.5,1.5434669649039279e-06,8.468083477665218e-07,0.29322548028311424
29010,0.13398061096668243,0.19871005564928054,0.029579058289527893,0.7394775275141001,0.1660028905957006,0.5,8.829477337712888e-06,8.466878968825863e-07,0.29332659251769466
29020,0.03721736595034599,0.04047931432723999,0.037640389800071714,0.9410101301968098,0.14523880074266343,0.6,0.6384613513946533,8.465674072373246e-07,0.29342770475227503
29030,0.06600925959646702,0.054956837370991704,0.03144840598106384,0.7862097635865212,0.12387476490112022,0.6,0.2247154265642166,8.464468788442081e-07,0.2935288169868554
29040,0.04109554411843419,0.07317327726632357,0.021811309456825256,0.5452826462686062,0.1742113170796074,0.5,0.05854985490441322,8.463263117167122e-07,0.29362992922143577
29050,0.007784690707921982,0.01987539678812027,0.008603543043136597,0.21508848294615746,0.07422216614941135,0.9,9.168225288391113,8.462057058683171e-07,0.2937310414560162
29060,0.07541189566254616,0.11817113235592842,0.023771210014820097,0.5942804973572493,0.17935436359839513,0.5,0.029993070289492607,8.460850613125069e-07,0.29383215369059656
29070,0.038101392611861226,0.10848847925662994,0.0227553129196167,0.5899056114256382,0.1413161139935255,0.6,1.6904175481613493e-06,8.459643780627703e-07,0.29393326592517693
29080,0.17320240139961243,0.13179759532213212,0.026033103466033936,0.6508277602493763,0.08258560011163354,0.7,4.233554136590101e-06,8.458436561326003e-07,0.2940343781597573
29090,0.2778146810829639,0.18191793859004973,0.03200243711471558,0.8000609017908573,0.08063795240595936,0.6,2.8697650122921914e-06,8.457228955354943e-07,0.29413549039433773
29100,0.14256621859967708,0.13240230157971383,0.040239724516868594,1.0059930942952633,0.1283617082401179,0.5,0.7023897171020508,8.456020962849535e-07,0.2942366026289181
29110,0.08053102605044841,0.06003712564706802,0.01840723156929016,0.4601811680942774,0.09689407564001158,0.7,3.0908936423656996e-06,8.454812583944843e-07,0.29433771486349847
29120,0.15036210080143064,0.09748707953840494,0.03777640163898468,0.9444098498672246,0.10505450423806906,0.5,3.830972218565876e-06,8.453603818775965e-07,0.2944388270980789
29130,0.07819323791190982,0.19118455797433853,0.020185326039791108,0.5041812325827777,0.1678422086290084,0.5,1.4803525800743955e-06,8.452394667478051e-07,0.29453993933265926
29140,0.254931440576911,0.21524019315838813,0.03406673073768616,1.337296292372048,0.15281182191101833,0.5,0.10839757323265076,8.451185130186285e-07,0.29464105156723963
29150,0.13717663381248713,0.11796121634542941,0.02526971697807312,0.7534113351255656,0.1842749538132921,0.3,0.10812491923570633,8.449975207035902e-07,0.29474216380182
29160,0.10996709428727627,0.06303240228444337,0.020820413529872895,0.5205106802284718,0.07120231005828828,0.8,2.5235858629457653e-06,8.448764898162177e-07,0.2948432760364004
29170,0.37503010779619217,0.25904653817415235,0.04581677317619324,1.1454197615385056,0.1420037209521979,0.3,0.3460298776626587,8.447554203700428e-07,0.2949443882709808
29180,0.1486804342828691,0.08612923584878444,0.03246526718139649,0.8116320606321097,0.1022388287470676,0.7,0.00046939143794588745,8.446343123786015e-07,0.29504550050556116
29190,-0.009359798673540354,0.057101148553192614,0.030363190174102783,0.7590798914432526,0.192980275885202,0.4,0.04927491024136543,8.445131658554343e-07,0.29514661274014153
29200,0.1538732096552849,0.1522672340273857,0.027292442321777344,0.6823113605380058,0.0547144275275059,0.7,3.7355165481567383,8.443919808140861e-07,0.29524772497472196
29210,-0.09697245359420777,0.0555191315477714,0.004815587401390075,0.12038985490798951,0.05747897289693356,0.8,3.86231295124162e-06,8.442707572681056e-07,0.29534883720930233
29220,0.20178183801472188,0.2080917540937662,0.02375749498605728,0.8506786338984966,0.1356948021100834,0.5,0.02385127544403076,8.441494952310466e-07,0.2954499494438827
29230,0.1384048629552126,0.1332923360168934,0.0349687784910202,0.9781922042369843,0.16441597471712158,0.4,1.712308517198835e-06,8.440281947164665e-07,0.29555106167846307
29240,0.06022932231426239,0.039815232157707214,0.020064157247543336,0.50160415135324,0.05404695235192776,0.8,0.15217195451259613,8.439068557379272e-07,0.2956521739130435
29250,0.16857526153326036,0.13342872112989426,0.01878410130739212,0.46960262209177017,0.08518801279133185,0.7,1.4371559018400148e-06,8.437854783089952e-07,0.29575328614762386
29260,0.2704609170556068,0.32861305251717565,0.0355199933052063,0.8880004536360502,0.12992706501390786,0.6,0.029710039496421814,8.436640624432407e-07,0.29585439838220423
29270,0.017677874863147737,0.11169022917747498,0.01752265393733978,0.43806629478931425,0.12247408464318141,0.8,0.01874818094074726,8.43542608154239e-07,0.29595551061678466
29280,0.08565012675244361,0.07811233756365255,0.026168125867843627,0.6542034834623337,0.1330067610484548,0.6,1.825160666157899e-06,8.434211154555691e-07,0.296056622851365
29290,0.33602406163699927,0.23695481903851032,0.06046180129051208,1.51154530569911,0.1306469450588338,0.5,0.09805164486169815,8.432995843608143e-07,0.2961577350859454
29300,0.18761226637288927,0.15629580728709697,0.020964455604553223,0.5246395967900753,0.13157294169068337,0.6,0.036038726568222046,8.431780148835625e-07,0.29625884732052576
29310,0.010608983039855958,0.009663086384534836,0.029485750198364257,0.7371443700045347,0.08684227450285106,0.9,1.895546802188619e-06,8.430564070374058e-07,0.2963599595551062
29320,0.03931840062141419,0.04117549955844879,0.03552447259426117,0.888111800327897,0.09994485776405782,0.8,6.510027560580056e-06,8.429347608359403e-07,0.29646107178968656
29330,0.13387211710214614,0.11418377384543418,0.023085489869117737,0.5771370608359575,0.12098910685162992,0.7,2.4013261281652376e-05,8.428130762927668e-07,0.29656218402426693
29340,0.09296424279455096,0.1283997162245214,0.031670352816581725,0.7991050869226456,0.1658597527188249,0.6,1.7863692391983932e-06,8.4269135342149e-07,0.2966632962588473
29350,-0.0011256350204348563,0.0014520254917442799,0.014036652445793153,0.35091674625873565,0.07873522560112178,0.9,2.825745696100057e-06,8.425695922357192e-07,0.2967644084934277
29360,0.32081170082092286,0.18332097232341765,0.03082166612148285,0.7705418534576893,0.07063365450594575,0.7,0.0006829199846833944,8.424477927490681e-07,0.2968655207280081
29370,0.16417718529701233,0.12607200741767882,0.04131655395030975,1.0329138536006213,0.140690774936229,0.5,2.6648011207580566,8.42325954975154e-07,0.29696663296258846
29380,0.03012861181050539,0.10552174150943756,0.02084633708000183,0.5211590461432933,0.1339074104093015,0.6,14.871954917907715,8.422040789275993e-07,0.29706774519716883
29390,0.015568967163562774,0.06142882853746414,0.026229941844940187,0.6557493846863508,0.09857731059892103,0.7,3.799212663579965e-06,8.420821646200303e-07,0.29716885743174926
29400,0.1528903502272442,0.1405714089050889,0.03877940475940704,0.969485018774867,0.17403258706908672,0.5,0.06866085529327393,8.419602120660772e-07,0.2972699696663296
29410,0.06176859140396118,0.0352963387966156,0.012159620970487594,0.30399056188762186,0.07012795370537787,0.8,0.019871966913342476,8.418382212793752e-07,0.29737108190091
29420,-0.0006635278463363647,0.04611033052206039,0.02049180120229721,0.5122950654476881,0.09241200144169852,0.7,0.02096831053495407,8.417161922735634e-07,0.2974721941354904
29430,0.25226191245019436,0.16176656084135174,0.02776086926460266,0.6940219946205616,0.12449188814498484,0.5,0.11344295740127563,8.415941250622851e-07,0.2975733063700708
29440,0.2551828622817993,0.18982185646891594,0.03852092325687408,0.9630229759961366,0.06980956520419568,0.6,1.2465114878068562e-06,8.414720196591882e-07,0.29767441860465116
29450,0.08321102261543274,0.070354038849473,0.030144113302230834,0.7536029540002346,0.09073611054336653,0.6,3.7484631538391113,8.413498760779245e-07,0.29777553083923153
29460,0.03322890028357506,0.029604353196918964,0.0256262868642807,0.6406574476510286,0.07274631267646328,0.8,1.3141775525582489e-06,8.412276943321502e-07,0.29787664307381195
29470,0.09420492332428694,0.07018999587744475,0.012696421146392823,0.32255914285778997,0.06830988775473087,0.6,6.784172058105469,8.41105474435526e-07,0.2979777553083923
29480,0.0362446591258049,0.04617517776787281,0.017422883212566374,0.4355722352862358,0.13459320444380865,0.7,1.1440466778367409e-06,8.409832164017163e-07,0.2980788675429727
29490,0.1580970731563866,0.10734711140394211,0.04243623018264771,1.0551404654979706,0.14923789306776597,0.4,1.9265410900115967,8.408609202443904e-07,0.29817997977755306
29500,-0.012402570061385631,0.05914028733968735,0.011942901462316514,0.2985723491758108,0.1428230404504575,0.6,1.365078560411348e-06,8.407385859772213e-07,0.2982810920121335
29510,0.0767412930727005,0.11952559351921081,0.013831661641597747,0.3457915522158146,0.10398080163868144,0.7,0.820855975151062,8.406162136138868e-07,0.29838220424671386
29520,0.10018696188926697,0.08390399366617203,0.017903198301792145,0.4475802220404148,0.08721253840485588,0.8,1.3346675586944912e-06,8.404938031680688e-07,0.2984833164812942
29530,-0.038563582301139834,0.15461712535470723,0.03515861928462982,0.9634392086416483,0.14517541485838592,0.5,3.284686803817749,8.403713546534531e-07,0.2985844287158746
29540,0.10847305245697499,0.07683887537568808,0.03233213424682617,0.8083036806434393,0.11484646981116384,0.4,1.5239671711242408e-06,8.402488680837301e-07,0.298685540950455
29550,0.11269740834832191,0.08411113917827606,0.022943294048309325,0.5735825698822736,0.0749797529890202,0.8,1.4924660263204714e-06,8.401263434725945e-07,0.2987866531850354
29560,0.09820950627326966,0.22036078870296477,0.01092504858970642,0.5390427712351084,0.10207273319829255,0.7,0.008751020766794682,8.400037808337448e-07,0.29888776541961576
29570,0.20326939723454415,0.13224641140550375,0.030072179436683655,0.7518045119941235,0.11263861283659934,0.4,12.005417823791504,8.398811801808845e-07,0.2989888776541962
29580,0.270991999655962,0.1635476030409336,0.04331084191799164,1.0827716037631034,0.10136632709763944,0.6,4.376762262836564e-06,8.397585415277205e-07,0.29908998988877655
29590,0.012545205652713776,0.02911718636751175,0.024915587902069092,0.6228898502886295,0.06959659190615639,0.8,1.6765350210334873e-06,8.396358648879647e-07,0.2991911021233569
29600,0.013698305748403073,0.015683036483824252,0.028390997648239137,0.7097748275846243,0.12298487726366147,0.7,5.217548370361328,8.395131502753327e-07,0.2992922143579373
29610,0.03442612867802382,0.032038416154682635,0.02339271903038025,0.6898327812552452,0.09831267455592752,0.7,1.1577092209336115e-06,8.393903977035448e-07,0.2993933265925177
29620,0.1543221116065979,0.08818406611680984,0.019039443135261534,0.5610882796347141,0.06956176748499274,0.7,0.8729758262634277,8.392676071863252e-07,0.2994944388270981
29630,0.2186683475971222,0.2273230731487274,0.023903051018714906,0.5975768566131592,0.10431971093639732,0.7,9.833186049945652e-05,8.391447787374023e-07,0.29959555106167846
29640,0.044328486919403075,0.04278705306351185,0.017543202638626097,0.4385808028280735,0.08515229333424941,0.8,1.5809630440344336e-06,8.390219123705092e-07,0.2996966632962588
29650,-0.019711626321077348,0.1080673724412918,0.012957283854484558,0.3845361728221178,0.1354060380370356,0.7,16.508888244628906,8.388990080993825e-07,0.29979777553083925
29660,0.04127645194530487,0.03759624660015106,0.014780099689960479,0.3695022098720074,0.06360322842374444,0.9,0.13064315915107727,8.387760659377641e-07,0.2998988877654196
29670,0.007128580659627915,0.009195592999458314,0.021802830696105956,0.5340439461171627,0.10531081947265193,0.9,0.001042988384142518,8.386530858993987e-07,0.3
29680,0.017245040414854883,0.04848369397222996,0.01062224954366684,0.2655562661588192,0.15115647172788158,0.6,2.032041311264038,8.385300679980367e-07,0.30010111223458036
29690,0.013313931226730347,0.009436194691807032,0.01158958300948143,0.28973961658775804,0.07425128826871515,0.8,0.008415686897933483,8.384070122474319e-07,0.3002022244691608
29700,0.18016062937676908,0.1353547304868698,0.0255910724401474,0.3627407383173704,0.11075128429802135,0.7,16.509374618530273,8.382839186613425e-07,0.30030333670374115
29710,0.06552361242938787,0.06410851925611497,0.016612929105758668,0.41532317623496057,0.08715058974921704,0.5,2.5492020085948752e-06,8.381607872535308e-07,0.3004044489383215
29720,0.057826041057705876,0.03982515595853329,0.014552821218967438,0.3638203702867031,0.09668246255023405,0.7,7.868666580179706e-05,8.380376180377636e-07,0.30050556117290195
29730,0.13474066304042936,0.14337088195607067,0.024839337170124053,0.6209836665540933,0.09386544151930139,0.7,4.06069148084498e-06,8.379144110278118e-07,0.3006066734074823
29740,0.0073080815374851225,0.04269006848335266,0.010340942442417145,0.25852334350347517,0.11435396375600249,0.7,8.054270438151434e-06,8.377911662374505e-07,0.3007077856420627
29750,0.1081813968718052,0.13975632935762405,0.018877056241035462,0.5296201691031456,0.12906288016820328,0.5,18.595237731933594,8.37667883680459e-07,0.30080889787664306
29760,0.1265249714255333,0.1345425270497799,0.033026126027107236,0.8256533417850733,0.14597545014694333,0.4,0.001287856255657971,8.375445633706209e-07,0.3009100101112235
29770,0.1235428772866726,0.22905483171343805,0.02823517322540283,0.7521009501069784,0.16134133802261202,0.3,7.88211400504224e-05,8.374212053217239e-07,0.30101112234580385
29780,0.05815477562136948,0.08784773200750351,0.020204579830169676,0.5226206053048372,0.2102043527411297,0.3,0.0020008774008601904,8.372978095475601e-07,0.3011122345803842
29790,0.10042625237256289,0.0804678425192833,0.023261795938014983,0.5815452359616756,0.11655595657648518,0.6,7.298476219177246,8.371743760619259e-07,0.3012133468149646
29800,0.10162702351808547,0.13553042858839034,0.008818583190441131,0.22046509012579918,0.0867448121891357,0.8,1.8750225763142225e-06,8.370509048786213e-07,0.301314459049545
29810,0.07087152637541294,0.07161606289446354,0.02900828719139099,0.725207231938839,0.1582316711777821,0.5,1.982284426689148,8.369273960114513e-07,0.3014155712841254
29820,0.07401938363909721,0.13157607465982438,0.01192682385444641,0.5277894250117242,0.11068017481593415,0.7,8.8561372756958,8.368038494742247e-07,0.30151668351870575
29830,0.03425700552761555,0.04617527164518833,0.012769436836242676,0.43697048760950563,0.11937209025491029,0.6,0.02907850593328476,8.366802652807545e-07,0.3016177957532861
29840,0.06332893315702677,0.06570884324610234,0.031084150075912476,0.7769522530259565,0.10693588659632951,0.6,2.062328576357686e-06,8.365566434448581e-07,0.30171890798786655
29850,-0.0013982590287923812,0.001273590326309204,0.007073976844549179,0.17684952914714813,0.05532694080611691,0.9,5.222669187787687e-06,8.36432983980357e-07,0.3018200202224469
29860,0.05318267941474915,0.030390103161334992,0.006024371832609177,0.15060936473309994,0.07270161173073575,0.8,2.1262530935928226e-06,8.363092869010767e-07,0.3019211324570273
29870,0.003173557296395302,0.002890603058040142,0.002177008613944054,0.05442520566284657,0.055144582816865295,0.9,1.2174440371381934e-06,8.361855522208474e-07,0.3020222446916077
29880,0.32040719091892245,0.2603462219238281,0.01762196868658066,0.7543062131851912,0.09770362904528156,0.5,0.12583467364311218,8.360617799535031e-07,0.3021233569261881
29890,0.31885831356048583,0.1978427693247795,0.03149703741073608,0.7874256573617459,0.08571144714951515,0.7,9.120348295255098e-06,8.35937970112882e-07,0.30222446916076845
29900,0.2231489572674036,0.17437198758125305,0.0290671169757843,0.7266783405095338,0.1311594094382599,0.5,1.7311127749053412e-06,8.358141227128266e-07,0.3023255813953488
29910,0.017234490439295768,0.04533622693270445,0.02475779354572296,0.6189449537545443,0.11212731391424313,0.7,5.402998924255371,8.356902377671838e-07,0.30242669362992924
29920,0.03653423152863979,0.03508881852030754,0.033271342515945435,0.8317830309271812,0.09337117950199172,0.8,3.349666030771914e-06,8.355663152898045e-07,0.3025278058645096
29930,0.016574505344033243,0.03498808555305004,0.03632385730743408,0.9080967176705599,0.12414325069403276,0.7,2.537719249725342,8.354423552945437e-07,0.30262891809909
29940,0.12163093015551567,0.0786542035639286,0.007301536202430725,0.1825384058058262,0.09501011029351503,0.7,18.240808486938477,8.353183577952609e-07,0.30273003033367035
29950,0.12205008305609226,0.09736761003732682,0.03147668540477753,0.78691759519279,0.10851718845078721,0.6,2.5103179268626263e-06,8.351943228058194e-07,0.3028311425682508
29960,0.2103206917643547,0.16573215276002884,0.020816974341869354,0.5204241044819355,0.1154055384802632,0.7,1.5868925402173772e-05,8.350702503400868e-07,0.30293225480283115
29970,0.1085602167993784,0.1371112883090973,0.028402456641197206,0.7100615721195936,0.11963688638061284,0.7,1.4871021676299279e-06,8.349461404119353e-07,0.3030333670374115
29980,0.0442602813243866,0.04603556096553803,0.012622085213661195,0.3155520252883434,0.07681176939513534,0.8,0.011359118856489658,8.348219930352407e-07,0.3031344792719919
29990,-0.011299922317266464,0.006457098573446274,0.0011219965294003488,0.02804989889264107,0.03809771991800517,0.9,2.4496498554071877e-06,8.346978082238834e-07,0.3032355915065723
30000,0.24518327564001083,0.1635824665427208,0.025714167952537538,0.6428541902452707,0.081150059227366,0.7,0.07564549893140793,8.345735859917478e-07,0.3033367037411527
