step,reward,reward_std,loss,kl,entropy,frac_reward_zero_std,grad_norm,learning_rate,epoch
10,-0.010788667201995849,0.009826750308275223,0.0,0.0,0.07043624296784401,0.9,0.0,6e-09,0.00010111223458038423
20,-0.2559692233800888,0.42345048785209655,-0.005670772492885589,0.00015554092824459075,0.1738756761653349,0.6,1.5760735550429672e-05,1.2666666666666666e-08,0.00020222446916076846
30,-0.25904815793037417,0.16248570114839822,-5.629309453070164e-05,7.392875850200653e-05,0.13668703865259885,0.6,0.0001431372802471742,1.9333333333333334e-08,0.00030333670374115267
40,-0.1743936061859131,0.07801397442817688,1.74348424479831e-06,4.381313920021057e-05,0.09911858695559203,0.9,1.900686402223073e-05,2.5999999999999998e-08,0.0004044489383215369
50,-0.19576708935201168,0.0014850346371531487,5.834978651364509e-08,1.5251338481903075e-06,0.0764227230567485,0.9,5.48462367078173e-07,3.266666666666666e-08,0.0005055611729019212
60,-0.0076128564774990085,0.0069340944290161135,-0.001126355491578579,2.6593729853630065e-05,0.14439549499657006,0.9,3.0122911994112656e-05,3.933333333333333e-08,0.0006066734074823053
70,-0.14065132886171341,0.11578620113432407,5.730619159294293e-06,0.00013037659227848052,0.11812424028757959,0.7,1.0861861483135726e-05,4.5999999999999995e-08,0.0007077856420626896
80,0.06057690680027008,0.14932798705995082,0.0002826300449669361,7.009828987065702e-05,0.09141784000676126,0.6,3.685511956064147e-06,5.266666666666666e-08,0.0008088978766430738
90,-0.1238747164607048,0.14961685985326767,-0.00801285058259964,5.102921277284622e-05,0.10290353193413466,0.7,2.980904127980466e-06,5.9333333333333335e-08,0.000910010111223458
100,-0.08887247741222382,0.09990075826644898,-0.005415258556604385,5.0059333443641665e-05,0.09922687977086753,0.7,1.2079779480700381e-05,6.6e-08,0.0010111223458038423
110,0.20275237523019313,0.22428067941218616,0.004131745174527168,0.00033686570823192595,0.11975824763067067,0.6,1.360821806883905e-05,7.266666666666667e-08,0.0011122345803842265
120,0.06927738189697266,0.0631006121635437,1.576445356477052e-06,3.9409101009368894e-05,0.09750565791036933,0.9,3.3118656119768275e-06,7.933333333333333e-08,0.0012133468149646107
130,0.10569237470626831,0.10597921162843704,2.270197910547722e-06,5.682148039340973e-05,0.08423317556735128,0.8,1.1066270417359192e-05,8.599999999999999e-08,0.0013144590495449949
140,0.0005399249494075775,0.14792788494378328,-0.012332848459482192,0.00012509897351264954,0.09462994413916022,0.5,3.0186643600463867,9.266666666666666e-08,0.0014155712841253793
150,-0.19981018900871278,0.22557674646377562,-0.012284740805625916,4.9202889204025266e-05,0.11366131079848855,0.7,6.166635102999862e-06,9.933333333333332e-08,0.0015166835187057635
160,-0.13841483537107707,0.15219303481280805,-0.0012641569599509239,0.0002947945147752762,0.129766772990115,0.5,4.097507189726457e-05,1.06e-07,0.0016177957532861476
170,-0.03886168003082276,0.20576068460941316,4.265614916221239e-06,0.00010659266263246536,0.1354449972975999,0.6,5.8779827668331563e-05,1.1266666666666666e-07,0.0017189079878665318
180,-0.08232792764902115,0.12069340497255325,3.4671975299715996e-06,8.671712130308152e-05,0.08928002566099166,0.6,0.9421054124832153,1.1933333333333332e-07,0.001820020222446916
190,-0.3917958542704582,0.3730813354253769,0.0012707207351922989,0.00024462162400595844,0.1383084713248536,0.5,2.4878304429876152e-06,1.26e-07,0.0019211324570273002
200,-0.46931350119411946,0.41207913141697644,4.0378403355134654e-06,0.00010064896196126938,0.1288632024778053,0.5,1.5113324991489208e-07,1.3266666666666664e-07,0.0020222446916076846
210,0.0026763197034597396,0.16032139211893082,1.0584112897049635e-05,0.0002646135166287422,0.1287744547938928,0.7,1.927790253830608e-05,1.3933333333333334e-07,0.002123356926188069
220,-0.1570032350718975,0.33893624804913997,5.572116424445994e-06,0.00013974197208881377,0.14806772377341987,0.4,7.850885594962165e-06,1.4599999999999998e-07,0.002224469160768453
230,0.06236133575439453,0.08168751858174801,4.045106470584869e-06,0.0001011790707707405,0.09967060345225036,0.7,1.9698091745376587,1.5266666666666666e-07,0.002325581395348837
240,-0.0982058048248291,0.06471532583236694,1.6754556781961583e-06,4.204418510198593e-05,0.10344120084773749,0.7,2.220952410425525e-05,1.5933333333333333e-07,0.0024266936299292214
250,-0.3463045578449965,0.3034532995894551,5.846016574651003e-06,0.00014628134667873382,0.16776550570502877,0.3,0.5002818703651428,1.66e-07,0.0025278058645096056
260,-0.25683801919221877,0.3673318956047297,6.319070234894753e-06,0.00015785451978445053,0.17692024675197898,0.3,2.2289350032806396,1.7266666666666665e-07,0.0026289180990899897
270,-0.3311288207769394,0.5786616448312998,-0.012631690502166748,0.00021805837750434875,0.15166689630132169,0.6,0.0013537395279854536,1.7933333333333332e-07,0.002730030333670374
280,-0.3747915744781494,0.3546817868947983,8.767136750975624e-06,0.00021923426538705826,0.13125138159375638,0.6,3.922344149032142e-06,1.86e-07,0.0028311425682507585
290,-0.1430090330541134,0.16680867914110423,-0.0009010177105665207,0.00014661885797977446,0.12217841441743076,0.5,2.5397024154663086,1.9266666666666667e-07,0.0029322548028311427
300,-0.2986308719962835,0.34182604514062404,8.995835378300398e-06,0.0002251775935292244,0.1551536097889766,0.6,1.151705220081567e-07,1.9933333333333332e-07,0.003033367037411527
310,-0.011302465200424194,0.1234341323375702,-0.000506310211494565,0.00012906473129987718,0.10069628066848964,0.8,0.00015010613424237818,2.06e-07,0.003134479271991911
320,-0.07745362222194671,0.0736804611980915,3.432389348745346e-06,8.578710258007049e-05,0.09790167259052396,0.8,3.6032683849334717,2.1266666666666667e-07,0.0032355915065722953
330,-0.08599691912531852,0.0768339866772294,1.975375926122069e-06,4.941020160913468e-05,0.1034767156234011,0.8,0.1163817048072815,2.193333333333333e-07,0.0033367037411526795
340,0.24795169830322267,0.14168667793273926,-0.013425701856613159,1.2549199163913727e-05,0.08223584198858588,0.8,9.064755431609228e-06,2.2599999999999999e-07,0.0034378159757330637
350,-0.030590933561325074,0.017480532824993133,1.590087777003646e-06,3.97656112909317e-05,0.08512484619859606,0.9,8.741970668779686e-05,2.3266666666666666e-07,0.003538928210313448
360,0.060618643462657926,0.1458848647773266,0.0013723056763410568,7.604453712701797e-05,0.10248973986599594,0.6,4.249404446454719e-05,2.3933333333333333e-07,0.003640040444893832
370,0.021490845084190368,0.14797312021255493,0.0003867221064865589,0.00019932650029659272,0.12589583699591458,0.7,3.0228781700134277,2.46e-07,0.0037411526794742162
380,-0.22340401634573936,0.22123277112841605,-0.0011905580759048462,0.00011381463482393884,0.14171324942726643,0.5,5.274347358863452e-07,2.526666666666666e-07,0.0038422649140546004
390,0.137313312292099,0.09359262734651566,5.036060974816791e-06,0.000125899538397789,0.13089464623481034,0.7,0.000141626936965622,2.5933333333333335e-07,0.003943377148634985
400,-0.16532582342624663,0.15637475550174712,1.1831149458885193e-05,0.0002958046272397041,0.15227771322242917,0.6,4.025345325469971,2.66e-07,0.004044489383215369
410,-0.3641325389966369,0.7205364817753435,1.2648850679397583e-05,0.00031674504280090334,0.22960605639964343,0.1,21.36612319946289,2.7266666666666665e-07,0.004145601617795753
420,0.04374714531004429,0.024998369719833137,-0.005179642513394356,1.3419054448604584e-05,0.08769295543897897,0.8,0.011350282467901707,2.793333333333333e-07,0.004246713852376138
430,0.0,0.0,1.7049164853233377e-07,4.262290894985199e-06,0.0912104470655322,1.0,6.97258728905581e-05,2.8599999999999994e-07,0.004347826086956522
440,0.19909610152244567,0.11376920193433762,4.812254246644442e-07,1.2071244418621063e-05,0.07572921328246593,0.8,3.1295820690502296e-07,2.9266666666666667e-07,0.004448938321536906
450,-0.22151754144579172,0.22046215925365686,-5.406161653809249e-06,8.167140185832977e-05,0.13553341729566454,0.6,0.02861461043357849,2.9933333333333334e-07,0.00455005055611729
460,-0.2039356678724289,0.40828763842582705,9.393235814059153e-06,0.000234922394156456,0.1319063159171492,0.7,6.318971941254858e-07,3.0599999999999996e-07,0.004651162790697674
470,-0.004709172062575817,0.07006436511874199,-0.0001623976044356823,0.00011551231145858764,0.11637163364794105,0.6,1.345727801322937,3.1266666666666663e-07,0.0047522750252780585
480,0.00518970787525177,0.12901656180620194,8.393824100494384e-06,0.00020993389189243316,0.09365084706805646,0.6,2.6168487071990967,3.1933333333333336e-07,0.004853387259858443
490,0.19323456259444355,0.18053973470814527,3.8065871194703503e-06,9.506568312644958e-05,0.08693237148690969,0.7,1.8768212157738162e-06,3.26e-07,0.004954499494438827
500,0.11769736558198929,0.0993687778711319,3.074585401918739e-06,7.676910609006881e-05,0.09820560892112554,0.8,2.874371966754552e-05,3.3266666666666665e-07,0.005055611729019211
510,-0.3217908047139645,0.2745669260621071,1.3066455721855164e-05,0.0003266364336013794,0.14770246443804352,0.4,10.944314956665039,3.3933333333333333e-07,0.005156723963599595
520,0.24567150678485633,0.2911753222346306,-0.0006087387446314096,0.0004579167813062668,0.11228946130722761,0.5,0.00016454975411761552,3.4599999999999995e-07,0.0052578361981799795
530,-0.24225033223628997,0.3988509401679039,-0.003572102263569832,0.0005182739347219467,0.16068644833285362,0.4,0.6759024858474731,3.526666666666667e-07,0.005358948432760364
540,0.09094099998474121,0.10230640172958375,4.068477574037388e-06,0.00010190941393375396,0.140360088320449,0.8,4.303625973989256e-05,3.5933333333333335e-07,0.005460060667340748
550,-0.3608101963996887,0.5367673158645629,1.9598423386923967e-05,0.0004902143031358719,0.13777862472925334,0.6,1.4487530108908686e-07,3.6599999999999997e-07,0.005561172901921132
560,-0.0664618656039238,0.33235910534858704,-0.0010737854056060315,0.0002642583101987839,0.1120929537108168,0.5,0.00016045886150095612,3.7266666666666664e-07,0.005662285136501517
570,-0.14699527770280837,0.1458325881510973,3.4166686236858365e-05,0.0008542962372303009,0.1099241220857948,0.6,2.8345487117767334,3.793333333333333e-07,0.005763397371081901
580,-0.08655530214309692,0.23648269176483155,2.3908913135528564e-05,0.0005981490015983581,0.09543291644658894,0.8,7.516288757324219,3.86e-07,0.0058645096056622855
590,0.03604344427585602,0.20639795996248722,2.3226137273013592e-05,0.0005806165436979427,0.11467987021896989,0.6,1.030958890914917,3.9266666666666666e-07,0.00596562184024267
600,0.0057325676083564755,0.09662060737609864,1.3102251978125424e-05,0.0003276122733950615,0.11834007387515158,0.7,1.0940654647129122e-05,3.993333333333333e-07,0.006066734074823054
610,-0.09471393674612046,0.13267465569078923,2.1216896129772066e-06,5.290154367685318e-05,0.10865574080962688,0.8,1.3854126336809713e-05,4.06e-07,0.006167846309403438
620,0.045937059447169304,0.27050862889736893,-0.002343893609941006,0.0004379186779260635,0.11764386727008969,0.5,1.355905806121882e-05,4.126666666666667e-07,0.006268958543983822
630,-0.3120874300599098,0.2912671983242035,2.3223117750603706e-05,0.0005806101486086846,0.1010207878658548,0.6,1.3714519582208595e-06,4.193333333333333e-07,0.006370070778564206
640,0.0008385196328163147,0.042745538800954816,-0.001820390671491623,0.0003132810816168785,0.0950556043535471,0.7,1.1040822267532349,4.26e-07,0.006471183013144591
650,-0.19514440894126892,0.17546621561050416,0.001624099537730217,0.0004941773290283891,0.13360046166926623,0.6,5.068425252829911e-06,4.3266666666666665e-07,0.006572295247724975
660,-0.046288301795721055,0.2450219139456749,-0.01996169239282608,0.0006535273045301437,0.12167476546019315,0.6,6.923305136297131e-06,4.393333333333333e-07,0.006673407482305359
670,0.11918079853057861,0.12265817821025848,2.4902075529098512e-05,0.0006225483492016792,0.08384045683778822,0.7,3.1726765632629395,4.46e-07,0.006774519716885743
680,-0.20767012983560562,0.1383513854816556,2.4439021944999696e-05,0.0006111981347203255,0.15279745787847787,0.5,4.165507793426514,4.526666666666666e-07,0.006875631951466127
690,-0.1124186523258686,0.09690512567758561,2.697301097214222e-05,0.000664835050702095,0.12924828708637506,0.7,0.0005353045999072492,4.593333333333333e-07,0.0069767441860465115
700,-0.1842691957950592,0.2637385606765747,-0.001617390662431717,0.0006695739924907684,0.11312681189738213,0.6,2.8275699615478516,4.66e-07,0.007077856420626896
710,-0.01603887416422367,0.21465822421014308,5.021223332732916e-05,0.001255246065557003,0.14419008791446686,0.6,0.0003293493646197021,4.7266666666666664e-07,0.00717896865520728
720,0.11092916876077652,0.1835390917956829,2.702276688069105e-05,0.0006757702678442002,0.1281455002957955,0.7,0.33837658166885376,4.793333333333333e-07,0.007280080889787664
730,-0.04434881247580051,0.05775541327893734,7.434025756083428e-05,0.0018584763631224633,0.15289611413609236,0.8,1.934854708451894e-06,4.86e-07,0.007381193124368048
740,-0.13258035592734813,0.14166502989828586,7.035650778561831e-05,0.0017589403316378594,0.13210882546845823,0.4,2.604912151582539e-05,4.926666666666667e-07,0.0074823053589484325
750,0.011595666408538818,0.14795513972640037,-0.003399292379617691,0.0012052949517965318,0.10369362155906856,0.7,8.104198627734149e-07,4.993333333333333e-07,0.007583417593528817
760,-0.019954901188611984,0.21270702928304672,-0.0013356875628232957,0.0017147842794656754,0.14148505213670431,0.4,0.7235161066055298,5.06e-07,0.007684529828109201
770,-0.01084582582116127,0.1170941635966301,-0.008089182525873184,0.0017218509688973426,0.14095485531724988,0.6,2.659895896911621,5.126666666666667e-07,0.007785642062689585
780,-0.14650935530662537,0.19804763570427894,0.0001047976315021515,0.0026201535016298293,0.10033715793397277,0.7,1.0280820788466372e-05,5.193333333333332e-07,0.00788675429726997
790,0.17571160197257996,0.747686293721199,-0.002054000087082386,0.0032335320487618447,0.171741940244101,0.3,5.459963321685791,5.26e-07,0.007987866531850353
800,-0.17565982341766356,0.1003770425915718,2.8607883723452688e-05,0.0007151497527956962,0.12513247018214316,0.8,7.330099469982088e-05,5.326666666666666e-07,0.008088978766430738
810,-0.06640371531248093,0.0902172639966011,5.61441236641258e-05,0.0014043709263205529,0.12423283804673702,0.8,0.0002982283476740122,5.393333333333333e-07,0.008190091001011122
820,-0.3449521215632558,0.24868174819275737,0.00011520162224769593,0.0028797823935747145,0.14615773493424059,0.5,8.632120132446289,5.46e-07,0.008291203235591507
830,0.19767624512314796,0.30436747130006553,0.0002897117054089904,0.0072429109364748005,0.1321981441229582,0.6,3.241446620450006e-06,5.526666666666666e-07,0.00839231547017189
840,-0.061799553036689756,0.020251263678073884,3.325500874780118e-05,0.0008382137864828109,0.09821637980639934,0.9,0.006768443621695042,5.593333333333333e-07,0.008493427704752275
850,-0.26776429284363984,0.3999163217842579,0.0004624304361641407,0.011560678109526634,0.169102824293077,0.3,3.317625045776367,5.66e-07,0.008594539939332659
860,0.12118341699242592,0.1707711175084114,-0.01785770207643509,0.009353581815958023,0.15165474496316164,0.4,2.8625736236572266,5.726666666666666e-07,0.008695652173913044
870,-0.032000979781150816,0.09829975590109825,-0.006690789759159088,0.0024986686185002327,0.10178699935786426,0.7,2.147315717593301e-05,5.793333333333333e-07,0.008796764408493427
880,-0.10114913135766983,0.1502075359225273,0.00032130107283592226,0.008032488264143467,0.13015246393624694,0.7,9.135870933532715,5.86e-07,0.008897876643073812
890,0.08913482874631881,0.161394814401865,0.00048473686911165714,0.012107491120696067,0.18870799064170568,0.5,0.9826385974884033,5.926666666666667e-07,0.008998988877654197
900,-0.003175637125968933,0.31098327189683916,0.00038275318220257757,0.009568995796144009,0.16331314197741448,0.6,8.629946387372911e-05,5.993333333333333e-07,0.00910010111223458
910,-0.04109290428459644,0.19810797423124313,0.0004778852686285973,0.011947069689631462,0.15040391297079622,0.5,0.6864446401596069,6.06e-07,0.009201213346814965
920,0.06038781441748142,0.06893032863736152,6.236238987185061e-05,0.013814295642077923,0.14420954089146107,0.6,0.0008248684462159872,6.126666666666667e-07,0.009302325581395349
930,0.12429290264844894,0.6206409111618996,0.0013559410348534585,0.03389871791005135,0.22160880013834686,0.1,4.487550258636475,6.193333333333332e-07,0.009403437815975734
940,0.00037302672863006594,0.06519580613821745,0.00039246371015906335,0.010340016335248947,0.13349773529917003,0.6,0.00046187208499759436,6.26e-07,0.009504550050556117
950,-0.11820988655090332,0.46914578676223756,0.0006914435420185327,0.017286154441535473,0.16154000353999437,0.5,1.9854043785016984e-05,6.326666666666667e-07,0.009605662285136502
960,0.09568365067243575,0.06077934727072716,0.0004368057940155268,0.010920223034918308,0.14791983233299105,0.6,2.0083670616149902,6.393333333333333e-07,0.009706774519716885
970,-0.21604893170297146,0.21698563992977143,-0.0003248614026233554,0.01840636394917965,0.18887305725365877,0.5,1.5725017874501646e-05,6.46e-07,0.00980788675429727
980,0.056914019584655764,0.1987047428265214,-0.001502787135541439,0.008686096593737602,0.11461665716487915,0.5,1.8684860378925805e-06,6.526666666666666e-07,0.009908998988877654
990,-0.19565080106258392,0.25150282829999926,-0.0001025402918457985,0.007966305688023567,0.1372053832979873,0.5,5.725735187530518,6.593333333333333e-07,0.010010111223458039
1000,0.021977197751402854,0.3844018816947937,-0.02214415669441223,0.019296224415302276,0.1360933567630127,0.4,0.00044043626985512674,6.66e-07,0.010111223458038422
1010,-0.021426114812493326,0.36221798062324523,0.00019857902079820633,0.037426316738128663,0.21505575273185967,0.2,4.261592864990234,6.726666666666666e-07,0.010212335692618807
1020,-0.07042345851659775,0.2371561661362648,3.774468787014485e-05,0.023319443315267564,0.2117050333879888,0.2,2.3589835166931152,6.793333333333333e-07,0.01031344792719919
1030,-0.030369599908590318,0.20522573366761207,0.00116592301055789,0.029147984832525252,0.1962103109806776,0.3,1.647993803024292,6.86e-07,0.010414560161779576
1040,-0.1784640833735466,0.4380457319319248,0.0016020264476537705,0.03488013036549091,0.1897660167189315,0.2,7.6659626960754395,6.926666666666666e-07,0.010515672396359959
1050,0.041326101124286654,0.31788536682724955,0.0011662770994007587,0.02915687207132578,0.17427018766757102,0.4,0.9542962908744812,6.993333333333333e-07,0.010616784630940344
1060,0.01033699456602335,0.678395465016365,-0.0006815077736973763,0.06636754479259252,0.278464745124802,0.1,0.3958921730518341,7.059999999999999e-07,0.010717896865520727
1070,-0.006223395280539989,0.34635577239096166,-0.0060068536549806595,0.05356539823114872,0.2282838137820363,0.2,0.2511255741119385,7.126666666666667e-07,0.010819009100101112
1080,-0.02057940885424614,0.14665055498480797,0.0009873837232589721,0.024684992060065268,0.15499824120197445,0.6,0.6466764807701111,7.193333333333333e-07,0.010920121334681496
1090,-0.018558511137962343,0.21092070639133453,0.001060071587562561,0.026501772366464137,0.1545644020428881,0.6,14.382843017578125,7.259999999999999e-07,0.01102123356926188
1100,0.3417276509106159,0.5956862412393094,0.0021283701062202454,0.06316126622259617,0.23746308805420996,0.3,23.79288673400879,7.326666666666667e-07,0.011122345803842264
1110,-0.3554521545767784,0.6823819467797876,0.0024716023355722426,0.061790278367698195,0.23590478925034403,0.1,2.870856523513794,7.393333333333333e-07,0.01122345803842265
1120,-0.07265817616134881,0.29073831317946314,0.000748520065099001,0.05981074757874012,0.19478575440589338,0.1,0.010898344218730927,7.459999999999999e-07,0.011324570273003034
1130,0.2736761480569839,0.49459450840950014,-0.011549568176269532,0.05981239378452301,0.19098045595455915,0.4,19.557146072387695,7.526666666666667e-07,0.011425682507583418
1140,0.3729400049895048,0.5292111825197935,0.0025810392573475836,0.10233831144869328,0.2759963011369109,0.1,2.481306552886963,7.593333333333333e-07,0.011526794742163803
1150,0.14252799227833748,0.12647866643965244,-0.014015688002109528,0.02112937569618225,0.11894422620534897,0.3,0.1029403805732727,7.66e-07,0.011627906976744186
1160,-0.13109224755316973,0.3015978053212166,0.0004042960703372955,0.06805159114301204,0.22267019818536937,0.3,1.430724024772644,7.726666666666666e-07,0.011729019211324571
1170,-0.02568125128746033,0.08532974794507027,0.0012147595174610616,0.02898888662457466,0.19078811877407134,0.6,0.436770498752594,7.793333333333333e-07,0.011830131445904954
1180,-0.04255226738750935,0.08603774718940257,0.00205568540841341,0.05139211863279343,0.22435028497129678,0.4,0.0009621047647669911,7.86e-07,0.01193124368048534
1190,-0.030877700075507164,0.13463966585695744,0.004730301350355149,0.1161793565377593,0.28125257613137367,0.2,0.013817526400089264,7.926666666666666e-07,0.012032355915065723
1200,-0.1477146591991186,0.4319568805396557,0.0017328057438135147,0.12836533766239883,0.2697973085567355,0.2,2.499114513397217,7.993333333333333e-07,0.012133468149646108
1210,0.03299018070101738,0.26113524064421656,0.0046751294285058975,0.11687823962420225,0.24517416371963918,0.2,0.0006729267770424485,8.06e-07,0.012234580384226491
1220,0.2101991668343544,0.3568630743538961,-0.001119624264538288,0.16173231936991214,0.1956905596423894,0.2,1.1369341611862183,8.126666666666666e-07,0.012335692618806876
1230,0.13737528324127196,0.5257119618356227,-0.00480121448636055,0.100900324806571,0.23947908291593195,0.3,0.004365928936749697,8.193333333333333e-07,0.01243680485338726
1240,-0.027200965117663144,0.36768393572419883,0.006275445967912674,0.15688619054853917,0.2769532179459929,0.0,1.7572509050369263,8.259999999999999e-07,0.012537917087967644
1250,-0.2996618216857314,0.4357846528291702,0.002296734228730202,0.05741824079304934,0.17921714074909686,0.3,8.364470481872559,8.326666666666666e-07,0.012639029322548028
1260,-0.1751617170870304,0.42624796405434606,-0.009045129269361496,0.05441069565713406,0.18081236113794147,0.3,4.887709617614746,8.393333333333334e-07,0.012740141557128413
1270,0.061342601850628856,0.282652641274035,0.0032211054116487504,0.13204614035785198,0.20759373379405588,0.4,0.9019049406051636,8.459999999999999e-07,0.012841253791708796
1280,-0.20725441686809062,0.26537400055676696,0.0035034961998462676,0.08735628053545952,0.23347263224422932,0.2,0.31408363580703735,8.526666666666666e-07,0.012942366026289181
1290,-0.11408518962562084,0.603819577395916,0.005434182286262512,0.14778805300593376,0.2805477211251855,0.0,3.6547634601593018,8.593333333333333e-07,0.013043478260869565
1300,0.06859463015571236,0.4893198572099209,0.006527015566825866,0.2345855262130499,0.26412235335446893,0.2,22.92322540283203,8.659999999999999e-07,0.01314459049544995
1310,-0.05363086983561516,0.31872778460383416,0.0067338734865188595,0.1560502527281642,0.278010394750163,0.2,3.576007843017578,8.726666666666666e-07,0.013245702730030333
1320,0.2824430959764868,0.6726766475010664,0.003432811051607132,0.2942300125956535,0.2552617080044001,0.3,0.8877282738685608,8.793333333333333e-07,0.013346814964610718
1330,0.0063970647752285,0.43483707793056964,0.008505330979824066,0.23549474794417619,0.23266556758899243,0.4,0.008216474205255508,8.86e-07,0.013447927199191101
1340,0.4010985180735588,0.47601183578372,-0.005110957846045494,0.21176787801086902,0.2587899507023394,0.2,6.935154438018799,8.926666666666666e-07,0.013549039433771486
1350,0.14704896183684468,0.23863459527492523,0.011024270951747895,0.27565694879740477,0.25414145551621914,0.3,0.0019148001447319984,8.993333333333333e-07,0.013650151668351871
1360,0.49381822589784863,0.6146965406835079,-0.0011929404921829701,0.3082910690456629,0.24811852355487646,0.2,0.00037412179517559707,9.06e-07,0.013751263902932255
1370,-0.02512404494918883,0.34012701725587247,0.01167387217283249,0.2622493735205353,0.29391573048196734,0.1,15.054742813110352,9.126666666666666e-07,0.01385237613751264
1380,0.18249246906489133,0.461886983551085,0.010274568200111389,0.256863996386528,0.25454582627862693,0.2,4.425808429718018,9.193333333333333e-07,0.013953488372093023
1390,-0.0647825537249446,0.14966674707829952,0.012015922367572785,0.30039816442877054,0.240152420476079,0.5,0.05579753965139389,9.26e-07,0.014054600606673408
1400,0.07062514945864677,0.24949249476194382,0.017261071503162383,0.27950762026011944,0.25412888342980294,0.3,11.79842472076416,9.326666666666666e-07,0.014155712841253791
1410,0.027123772352933884,0.45577516965568066,0.02355256676673889,0.5888140548020602,0.30432435125112534,0.0,16.172649383544922,9.393333333333334e-07,0.014256825075834176
1420,0.05174634521827102,0.12074023555032909,0.010239821672439576,0.28399697983004446,0.187605602433905,0.5,2.488302707672119,9.459999999999999e-07,0.01435793731041456
1430,0.37286378499120476,0.48673999924212696,-0.0050599250942468645,0.43933675102889536,0.2249283196637407,0.2,0.04219040647149086,9.526666666666666e-07,0.014459049544994945
1440,0.3162795785814524,0.42932490110397337,-0.008749524503946305,0.38691568225622175,0.2642817181069404,0.3,8.726478576660156,9.593333333333333e-07,0.014560161779575328
1450,0.18809532448649408,0.43495745342224834,0.011765553802251815,0.7195469073951244,0.2687692564446479,0.1,10.031411170959473,9.66e-07,0.014661274014155713
1460,0.15712551325559615,0.817505007982254,0.023260560631752015,0.7404967319220305,0.2801018456928432,0.2,1.6660197973251343,9.726666666666666e-07,0.014762386248736097
1470,0.3640793927013874,0.44552831947803495,0.01982395052909851,0.49559854380786417,0.24555536448024212,0.3,0.013086955063045025,9.793333333333333e-07,0.014863498483316482
1480,0.21121915187686682,0.2827403496950865,0.016723771393299103,0.4722368251532316,0.2915149266598746,0.2,16.664459228515625,9.86e-07,0.014964610717896865
1490,0.16365955471992494,0.45973491966724395,0.013746024668216705,0.3436506487429142,0.2911562997847795,0.1,9.090545654296875,9.926666666666666e-07,0.01506572295247725
1500,0.2126073721796274,0.654595871642232,0.014174805581569671,0.35437020659446716,0.22173535581678153,0.2,14.677314758300781,9.993333333333333e-07,0.015166835187057633
1510,0.17030474692583084,0.32659268006682396,0.01361536532640457,0.3283994127064943,0.26792800351977347,0.1,20.168607711791992,9.999997539434005e-07,0.015267947421638018
1520,0.15342192221432924,0.5739039726555347,0.016099844872951508,0.40249601341784,0.30238848538137975,0.1,11.729375839233398,9.999989033776898e-07,0.015369059656218402
1530,0.24737348209600896,0.7593794422224164,0.018169935047626495,0.49819413889199493,0.32324083223938943,0.0,6.832821369171143,9.999974452661641e-07,0.015470171890798787
1540,0.1537563145160675,0.39976778626441956,0.015240278840065003,0.24649654440581797,0.2008154978044331,0.4,5.768517075921409e-05,9.999953796105958e-07,0.01557128412537917
1550,0.3488226030021906,0.760006001777947,0.03194645047187805,0.4629664696753025,0.2678973789792508,0.1,6.510729789733887,9.999927064134948e-07,0.015672396359959553
1560,-0.20209283409640194,0.33101448249071835,0.018983495235443116,0.5008876372128725,0.30022908831015227,0.1,0.5871674418449402,9.999894256781094e-07,0.01577350859453994
1570,0.2533051252365112,0.4534823656082153,0.011703564971685409,0.28741452787071464,0.26581316608935596,0.3,3.9683377742767334,9.999855374084258e-07,0.015874620829120323
1580,0.2074911415576935,0.3965278252959251,0.024750544130802153,0.6187639150768518,0.23324422119185328,0.4,3.5594871044158936,9.999810416091688e-07,0.015975733063700707
1590,0.04925351887941361,0.25689256731420756,0.02012485861778259,0.5396966155618429,0.26617327069398017,0.2,12.428930282592773,9.99975938285801e-07,0.016076845298281094
1600,0.10333366673439741,0.2866217106580734,0.020192152261734007,0.5548508942127228,0.28463364890776577,0.0,0.015346735715866089,9.999702274445234e-07,0.016177957532861477
1610,0.24806773699820042,0.4708200998604298,-0.014644138514995575,0.26191857680678365,0.2230815984075889,0.3,20.794546127319336,9.999639090922756e-07,0.01627906976744186
1620,-0.014934399910271168,0.3082036390900612,0.0337045967578888,0.8426148599013686,0.3228239961899817,0.0,13.61589527130127,9.999569832367346e-07,0.016380182002022244
1630,0.17708235513418913,0.39117622897028925,0.020469069480895996,0.5117269933223725,0.2452380141709,0.1,2.5082664489746094,9.99949449886316e-07,0.01648129423660263
1640,0.515071927011013,0.5267969727516174,0.01389128714799881,0.3472822137176991,0.2208346887724474,0.2,11.780126571655273,9.999413090501738e-07,0.016582406471183014
1650,0.5003526153042912,0.5351548120379448,0.020201309025287627,0.5050326516851783,0.2464465235825628,0.2,3.4129772186279297,9.999325607381997e-07,0.016683518705763397
1660,0.32955203019082546,0.5314485378563404,0.010267005115747452,0.2566848682239652,0.2589738468406722,0.2,3.2501745223999023,9.999232049610237e-07,0.01678463094034378
1670,0.11636077703442424,0.15330695705488323,0.00203203447163105,0.1468346931040287,0.23270187641028314,0.2,1.5418434884395538e-07,9.99913241730014e-07,0.016885743174924167
1680,0.010650554671883583,0.29128552712500094,0.004463093355298042,0.11157726310193539,0.18985812235623598,0.5,3.459986686706543,9.999026710572768e-07,0.01698685540950455
1690,0.12423571199178696,0.5533841609954834,0.010202186554670334,0.2669602233916521,0.23819254925474526,0.2,15.440766334533691,9.998914929556569e-07,0.017087967644084934
1700,0.6113109566271305,0.529462669044733,-0.04440481662750244,0.1895968420431018,0.18546328705269843,0.2,7.3954572677612305,9.998797074387359e-07,0.017189079878665317
1710,0.18629727349616587,0.2549022864550352,0.011863302439451218,0.2964969459921122,0.23463036292232572,0.3,16.89276123046875,9.99867314520835e-07,0.017290192113245704
1720,0.08729277251986786,0.26372796441428364,0.004906439408659935,0.187658747471869,0.23330461888108403,0.3,0.0014655716950073838,9.998543142170124e-07,0.017391304347826087
1730,0.12559071443974973,0.22526587545871735,0.01122020035982132,0.29984238371253014,0.2265021601226181,0.4,0.3646748661994934,9.99840706543065e-07,0.01749241658240647
1740,0.20342972725629807,0.43768258988857267,0.010110042244195937,0.25275153703987596,0.2148342517670244,0.3,30.464740753173828,9.998264915155271e-07,0.017593528816986854
1750,0.021294505149126054,0.12621776908636093,0.00841040089726448,0.2736751206219196,0.25063945408910515,0.4,1.6945323944091797,9.998116691516716e-07,0.01769464105156724
1760,0.041394937038421634,0.45538017638027667,0.013753178715705871,0.4557478755712509,0.240645773941651,0.2,9.583227157592773,9.99796239469509e-07,0.017795753286147624
1770,0.056281720474362376,0.21952521950006484,0.007326896488666535,0.25413650646805763,0.21947014334145934,0.4,5.319701671600342,9.997802024877875e-07,0.017896865520728007
1780,-0.1142502561211586,0.21017197892069817,0.01285502314567566,0.3237168423831463,0.18790570022538305,0.5,17.924678802490234,9.99763558225994e-07,0.017997977755308394
1790,-0.012363104522228241,0.2649749770760536,0.020779429376125334,0.6212581779807806,0.17028894608374684,0.5,6.126986026763916,9.997463067043523e-07,0.018099089989888777
1800,0.18955431506037712,0.4783595331013203,0.0034855540841817858,0.3418414432555437,0.198921592021361,0.4,0.0127445412799716,9.997284479438252e-07,0.01820020222446916
1810,0.39777476489543917,0.2378065273165703,-0.00294046625494957,0.15931356232613325,0.11790935145691037,0.5,0.0030222779605537653,9.997099819661125e-07,0.018301314459049544
1820,0.035650076251477,0.21280742511153222,0.011966199427843095,0.2991550341248512,0.2468998585594818,0.5,1.6705384254455566,9.996909087936523e-07,0.01840242669362993
1830,-0.026952634658664466,0.43577570617198946,0.013713526725769042,0.3428381200879812,0.2261904337676242,0.2,7.097949981689453,9.9967122844962e-07,0.018503538928210314
1840,0.09599419981241226,0.2605709683150053,0.017238280177116393,0.43095707185566423,0.24622264702338725,0.2,0.6215212941169739,9.996509409579293e-07,0.018604651162790697
1850,-0.04053507372736931,0.4102721899747849,0.020854690670967103,0.5213672379031777,0.23392296340316535,0.5,0.00012617901666089892,9.996300463432312e-07,0.01870576339737108
1860,0.03886915873736143,0.14122053533792495,0.014766368269920348,0.365945353358984,0.18987934316974134,0.6,4.427469730377197,9.996085446309146e-07,0.018806875631951468
1870,0.2429410308599472,0.6160882338881493,0.014530344307422638,0.3632586807012558,0.27059892946854236,0.2,5.912973403930664,9.995864358471066e-07,0.01890798786653185
1880,0.04963441649451852,0.3364833857864141,0.01682227849960327,0.4352313196286559,0.2887972790049389,0.2,6.761937618255615,9.995637200186708e-07,0.019009100101112234
1890,0.04319587275385857,0.35709832794964314,0.021823486685752867,0.5541038867086172,0.2559412284521386,0.3,4.195892333984375,9.995403971732098e-07,0.019110212335692617
1900,0.25114652812480925,0.278131090849638,0.01019483283162117,0.25487198159098623,0.16539165072608739,0.4,0.3115173280239105,9.995164673390625e-07,0.019211324570273004
1910,0.11700188517570495,0.16224499195814132,0.00026128366589546205,0.12689872533082963,0.16143893336411566,0.7,7.487901210784912,9.994919305453057e-07,0.019312436804853388
1920,0.23625272400677205,0.508310229703784,0.012522484362125396,0.6342802532017231,0.30846925303339956,0.0,0.3517810106277466,9.994667868217547e-07,0.01941354903943377
1930,0.045662773121148345,0.1880908977240324,0.02544478178024292,0.6225478809326888,0.19006029695738108,0.5,18.61528205871582,9.99441036198961e-07,0.019514661274014154
1940,-0.19219426363706588,0.3638057723641396,0.016110262274742125,0.40275625586509706,0.20034773619845508,0.5,6.0055251121521,9.99414678708214e-07,0.01961577350859454
1950,-0.06322508361190557,0.13680243566632272,0.020527374744415284,0.5131842996925116,0.2425990428775549,0.3,0.6566775441169739,9.993877143815405e-07,0.019716885743174924
1960,0.22387396339327098,0.4457909335382283,0.024254891276359557,0.6460182726383209,0.2827501789201051,0.0,0.0036569377407431602,9.993601432517052e-07,0.019817997977755308
1970,0.20135644357651472,0.3361512191593647,0.04714935421943665,1.1787334766238928,0.24319291324354708,0.2,10.27768611907959,9.99331965352209e-07,0.01991911021233569
1980,0.14001084864139557,0.6427682690322399,0.020997394621372224,0.5249350070953369,0.29699036618694663,0.1,23.7556095123291,9.99303180717291e-07,0.020020222446916078
1990,-0.03478694651275873,0.11450903918594121,0.02940882444381714,0.738950452581048,0.2005840881029144,0.4,0.03526969999074936,9.992737893819274e-07,0.02012133468149646
2000,0.1085641510784626,0.2472219169139862,0.009396533668041229,0.7095058171078563,0.19063484992366284,0.6,1.8280786275863647,9.99243791381831e-07,0.020222446916076844
2010,0.11401830874383449,0.2751527147367597,0.01872069388628006,0.4680174496024847,0.21507873118389398,0.4,0.3860296905040741,9.992131867534526e-07,0.02032355915065723
2020,0.09359274655580521,0.2688315764069557,0.018971836566925047,0.4742960825562477,0.20391921994742007,0.4,0.8035495281219482,9.991819755339796e-07,0.020424671385237615
2030,0.10461626946926117,0.28596932515501977,0.013185708224773407,0.6402635592967272,0.19061082683037966,0.3,1.9203747797291726e-05,9.991501577613363e-07,0.020525783619817998
2040,-0.16745247235521674,0.5341856405138969,0.011830770969390869,0.5228344898670911,0.27885772502049805,0.0,14.244613647460938,9.991177334741849e-07,0.02062689585439838
2050,-0.040606798231601716,0.42257000133395195,0.020581665635108947,0.5384156033396721,0.2826035900274292,0.2,4.3857166019733995e-05,9.990847027119234e-07,0.020728008088978768
2060,0.27219543531537055,0.374500447511673,0.019141712784767152,0.540402865409851,0.23081930843181908,0.3,10.1187162399292,9.990510655146874e-07,0.02082912032355915
2070,0.4009051386383362,0.5087004758417606,0.01653859466314316,0.4134646408259869,0.2743353607831523,0.1,0.20530731976032257,9.990168219233496e-07,0.020930232558139535
2080,0.36205276399850844,0.27501131892204284,0.025721177458763123,0.6430289398878812,0.22858622539788484,0.4,0.004120021592825651,9.989819719795187e-07,0.021031344792719918
2090,-0.021656901761889457,0.3906954489648342,0.02607586681842804,0.6518968096002936,0.25173718109726906,0.2,14.522796630859375,9.98946515725541e-07,0.021132457027300305
2100,0.21250892281532288,0.4149740360677242,0.02563582956790924,0.6874681193381548,0.2074765742989257,0.3,0.0014165325555950403,9.989104532044994e-07,0.021233569261880688
2110,0.03575938567519188,0.31997872740030286,0.02786494493484497,0.7355117611587048,0.2375394820701331,0.3,1.5991488695144653,9.988737844602125e-07,0.02133468149646107
2120,0.2782753221690655,0.3774711862206459,0.020162342488765715,0.7516693290323019,0.17314599736128003,0.3,5.453075885772705,9.98836509537237e-07,0.021435793731041455
2130,0.15480420743115247,0.28190553387394174,0.024777670204639436,0.6194419108331204,0.2629221860319376,0.1,4.915989875793457,9.987986284808652e-07,0.02153690596562184
2140,0.05714687369763851,0.4003628998994827,0.026321980357170104,0.6580497398972511,0.23003288351465018,0.3,17.983318328857422,9.987601413371263e-07,0.021638018200202225
2150,0.170379239320755,0.2013315126299858,0.04409409463405609,1.1023520905524493,0.12635454742703586,0.6,0.0020355749875307083,9.987210481527854e-07,0.021739130434782608
2160,0.11239548474550247,0.3591722473502159,0.04103104770183563,1.0257762048393488,0.2411430266685784,0.3,4.586826801300049,9.986813489753448e-07,0.02184024266936299
2170,0.07432946786284447,0.2781431280076504,0.02401566505432129,0.6003917302936316,0.2649726186413318,0.2,3.3432672023773193,9.986410438530426e-07,0.021941354903943378
2180,0.3463310033082962,0.3506923995912075,0.03637014329433441,0.9092532232403755,0.17315433598123492,0.3,0.0005449666059575975,9.986001328348534e-07,0.02204246713852376
2190,0.10813712030649185,0.21800408251583575,0.014128631353378296,0.3532157436013222,0.14532335817348213,0.6,5.2024138312845025e-06,9.985586159704878e-07,0.022143579373104145
2200,0.36640636175870894,0.4673770502209663,0.02873390316963196,0.7183473881334066,0.2215990134049207,0.4,7.836717850295827e-05,9.985164933103927e-07,0.022244691607684528
2210,0.40574199333786964,0.4637338511645794,-0.008179299533367157,0.45013886205852033,0.21321809985674917,0.3,0.02092134952545166,9.984737649057514e-07,0.022345803842264915
2220,0.05682127154432237,0.331799865886569,0.018892839550971985,0.4914244256913662,0.25915684751234946,0.2,2.232461929321289,9.984304308084825e-07,0.0224469160768453
2230,0.286169667635113,0.3266009908169508,0.020413118600845336,0.5103277508169413,0.22414792911149561,0.2,4.301968097686768,9.983864910712415e-07,0.02254802831142568
2240,0.025803895108401774,0.2335458755493164,0.01961367577314377,0.4608612898737192,0.2386173530248925,0.2,1.1688694953918457,9.98341945747419e-07,0.02264914054600607
2250,0.016419951617717744,0.18895460218191146,0.025927734375,0.648193390108645,0.2216888268943876,0.6,15.493005752563477,9.982967948911418e-07,0.02275025278058645
2260,0.14012823677621783,0.19135757591575384,0.017122645676136018,0.42806629799306395,0.2017512483987957,0.5,3.6077563762664795,9.982510385572724e-07,0.022851365015166835
2270,0.12401827573776245,0.11333776712417602,0.012320184707641601,0.2778776729479432,0.16844047154299915,0.7,0.005347013473510742,9.982046768014093e-07,0.02295247724974722
2280,0.19207450160756706,0.459379368647933,0.022042539715766907,0.5510633740574121,0.24315693371463568,0.4,0.036460187286138535,9.981577096798863e-07,0.023053589484327605
2290,-0.015526776108890772,0.06869255905039609,0.011169998347759247,0.27924999259412286,0.1844909752253443,0.6,1.4773773955312208e-06,9.981101372497727e-07,0.02315470171890799
2300,0.12378750462085009,0.18220078870654105,0.006962054222822189,0.174051433801651,0.19362697429023684,0.4,2.1347253209569317e-07,9.980619595688735e-07,0.023255813953488372
2310,0.1214172437787056,0.6498111203312874,0.013490745425224304,0.3372684489935637,0.20569762354716659,0.4,12.985150337219238,9.980131766957295e-07,0.023356926188068755
2320,-0.09936627205461264,0.1411568770185113,0.007564032822847367,0.18910070788115263,0.20334867264609785,0.5,0.00020353223953861743,9.979637886896163e-07,0.023458038422649142
2330,0.012831897428259253,0.14892581645399333,0.019293446838855744,0.4823361435905099,0.22877800406422466,0.4,6.796571688028052e-05,9.979137956105445e-07,0.023559150657229525
2340,0.06704184878617525,0.46564034298062323,0.00489986352622509,0.12249665446579457,0.2158373733749613,0.2,11.75466537475586,9.97863197519261e-07,0.02366026289180991
2350,0.15407187528908253,0.37096177898347377,0.013205812871456146,0.3301452100276947,0.26106007513590157,0.1,2.8649778366088867,9.978119944772475e-07,0.023761375126390292
2360,0.12140031307935714,0.48639083206653594,0.015627595782279968,0.3906902091577649,0.23582279642578213,0.4,2.8176113119116053e-05,9.977601865467195e-07,0.02386248736097068
2370,0.256238888669759,0.31418680474162103,0.01328752189874649,0.33218789733946325,0.24112707949243486,0.3,0.003380152862519026,9.977077737906296e-07,0.023963599595551062
2380,0.2653422263450921,0.25569155998528004,0.010142406076192855,0.25356028601527214,0.20590085538569838,0.2,6.236588478088379,9.976547562726637e-07,0.024064711830131445
2390,0.3499748138245195,0.5027753422386013,0.014361810684204102,0.363414466381073,0.2138415554072708,0.3,9.93068388197571e-05,9.976011340572428e-07,0.02416582406471183
2400,0.2329140931367874,0.23794507645070553,-0.00025689639151096346,0.2601399371400476,0.17188669370952994,0.4,6.0047190345358104e-05,9.975469072095235e-07,0.024266936299292215
2410,0.08016326595097781,0.2819133155047894,0.009909307956695557,0.24773289673030377,0.23645002453122288,0.4,19.886924743652344,9.974920757953965e-07,0.0243680485338726
2420,-0.01551404520869255,0.11204821243882179,0.009382900595664979,0.2414433289319277,0.11535034466069191,0.7,0.26099541783332825,9.974366398814869e-07,0.024469160768452982
2430,0.1808936420828104,0.2677692070603371,0.004653534293174744,0.13836423065513373,0.19292546166107058,0.4,2.9891414642333984,9.973805995351544e-07,0.024570273003033365
2440,0.13558362796902657,0.2557159554213285,0.013142406940460205,0.3853205468505621,0.2063635432627052,0.5,0.3395734131336212,9.973239548244936e-07,0.024671385237613752
2450,0.05969615206122399,0.23286784179508685,-0.0004736702889204025,0.20132459942251443,0.16512261235620826,0.4,6.103833198547363,9.972667058183333e-07,0.024772497472194135
2460,-0.11388017041608692,0.17351700812578202,0.007659759372472763,0.19149395115673543,0.19494725009426475,0.4,6.650592803955078,9.97208852586236e-07,0.02487360970677452
2470,0.029205956496298313,0.2248814206570387,0.005242371931672096,0.1310591373592615,0.19789727749302982,0.5,0.00020505166321527213,9.971503951984993e-07,0.024974721941354906
2480,0.18188805361278354,0.20668644183315338,0.009709865599870682,0.24274684749543668,0.19477658232208342,0.3,2.14684064303583e-06,9.97091333726154e-07,0.02507583417593529
2490,0.046292401291429995,0.057163999904878436,0.006616468727588654,0.16557870544493197,0.09938566484488547,0.7,0.020043915137648582,9.970316682409659e-07,0.025176946410515672
2500,0.04022646048106253,0.08677064207149669,0.007321473956108093,0.18303678520023822,0.17389169037342073,0.6,4.154510021209717,9.969713988154337e-07,0.025278058645096056
2510,0.1250797763466835,0.4308423040434718,0.00699894055724144,0.17497378215193748,0.19600141569972038,0.5,0.000502453651279211,9.969105255227905e-07,0.025379170879676442
2520,-0.11172179281711578,0.2320171281695366,0.004388825222849846,0.10972054358571767,0.1671905846800655,0.6,3.508887767791748,9.968490484370033e-07,0.025480283114256826
2530,-0.03038800656795502,0.3527396321296692,0.011468368768692016,0.286709264293313,0.22568714590743183,0.5,0.0008624281035736203,9.967869676327726e-07,0.02558139534883721
2540,-0.06786596640013158,0.4392398243770003,0.010915212333202362,0.27288034930825233,0.21241371086798608,0.3,16.03678321838379,9.96724283185532e-07,0.025682507583417592
2550,-0.09292055144906045,0.10949582979083061,0.006476843357086181,0.16192138753831387,0.20035748686641455,0.4,1.7086995285353623e-05,9.966609951714492e-07,0.02578361981799798
2560,0.009329159930348396,0.17700077574700118,0.0056263387203216554,0.1406596589833498,0.20005211883690208,0.6,15.40739631652832,9.965971036674254e-07,0.025884732052578362
2570,0.3232444878667593,0.35439996123313905,0.02058374285697937,0.514593730121851,0.18718060774262996,0.2,4.352929592132568,9.965326087510946e-07,0.025985844287158746
2580,-0.10354716666042804,0.3947991877794266,0.013385647535324096,0.5097302071750164,0.2484876122092828,0.3,0.0013125521363690495,9.964675105008243e-07,0.02608695652173913
2590,0.062402676045894626,0.2631849445402622,0.010672937333583831,0.2668233420699835,0.1986057309433818,0.3,25.729942321777344,9.964018089957146e-07,0.026188068756319516
2600,0.17354800850152968,0.20243862867355347,0.008216946572065353,0.2054234515875578,0.14491633856669067,0.6,2.0218785721226595e-06,9.963355043155995e-07,0.0262891809908999
2610,0.06425660625100135,0.41993695981800555,0.0186049684882164,0.657937529310584,0.17597847883589565,0.5,0.0037019068840891123,9.962685965410454e-07,0.026390293225480282
2620,0.14789900109171866,0.4320006974041462,0.03351619243621826,0.837904904410243,0.2406002677278593,0.2,36.76252746582031,9.962010857533512e-07,0.026491405460060666
2630,-0.05789695978164673,0.1839586079120636,0.012466397881507874,0.461103355884552,0.18290872240904718,0.6,1.5501186847686768,9.961329720345493e-07,0.026592517694641053
2640,0.11522943172603846,0.24041354060173034,0.028367200493812562,0.7091803450137377,0.21697144310455768,0.4,1.3902896642684937,9.96064255467404e-07,0.026693629929221436
2650,0.18795183300971985,0.3433364227414131,0.002215571328997612,0.5279965121299028,0.20893080527894198,0.5,0.004823222290724516,9.959949361354125e-07,0.02679474216380182
2660,0.16026479378342628,0.26380352675914764,0.006474872678518295,0.1618718396872282,0.21480699055828154,0.4,2.886479377746582,9.959250141228043e-07,0.026895854398382203
2670,0.033935128897428515,0.2926507867872715,0.0031844135373830795,0.18182853907346724,0.2335114745888859,0.3,29.721193313598633,9.958544895145412e-07,0.02699696663296259
2680,0.21931194439530372,0.3778087630867958,-0.0049537505954504015,0.48697658255696297,0.1836128384107724,0.3,0.0005081794806756079,9.957833623963177e-07,0.027098078867542973
2690,0.29813139569014313,0.24974144594743847,0.016060902178287505,0.4015229046344757,0.16182499136775733,0.5,7.592410564422607,9.957116328545592e-07,0.027199191102123356
2700,0.060089932195842265,0.29376472607254983,0.018467164039611815,0.46164396572858096,0.1847748892614618,0.6,1.886707067489624,9.956393009764243e-07,0.027300303336703743
2710,0.09069681987166404,0.21160735562443733,0.011426298320293427,0.28565745502710344,0.1428050178801641,0.6,0.0008527716272510588,9.955663668498032e-07,0.027401415571284126
2720,0.07291557788848876,0.12491059303283691,0.00461915135383606,0.11547881662845612,0.11611982819158584,0.8,5.296088829709333e-07,9.954928305633172e-07,0.02750252780586451
2730,0.14256790289655327,0.11107623539865016,0.025028154253959656,0.6316090118139982,0.15792414343450217,0.5,0.07021404057741165,9.954186922063201e-07,0.027603640040444893
2740,0.11761259585618973,0.11537586487829685,0.013293656706809997,0.33234156630933287,0.13926704754121602,0.5,0.6085731387138367,9.953439518688973e-07,0.02770475227502528
2750,0.32686969041824343,0.3312317281961441,0.005447540804743767,0.6098536949604749,0.15611012796871365,0.5,0.03382547199726105,9.95268609641865e-07,0.027805864509605663
2760,0.06479230662807822,0.3385844324715436,0.018930989503860473,0.47327485736459496,0.19820222391281278,0.4,1.8897837400436401,9.951926656167713e-07,0.027906976744186046
2770,0.10615036934614182,0.20169541910290717,0.017154093086719512,0.42885237876325843,0.20258074519224464,0.5,1.3945011687610531e-06,9.951161198858952e-07,0.02800808897876643
2780,0.0017015017569065095,0.3671799167990685,0.016116195917129518,0.40290479324758055,0.1889342761831358,0.5,4.021880158688873e-05,9.95038972542247e-07,0.028109201213346816
2790,0.03696838244795799,0.04558445811271668,0.007693401724100113,0.24913220293819904,0.11077009027358145,0.7,9.835654964263085e-06,9.94961223679568e-07,0.0282103134479272
2800,0.2900894624181092,0.35275077442638575,0.01854189783334732,0.4635470636188984,0.19350571890827267,0.4,12.574569702148438,9.948828733923304e-07,0.028311425682507583
2810,0.010478226467967033,0.02499148901551962,0.02010919600725174,0.5003304267302155,0.14819087556097657,0.6,1.3034600019454956,9.948039217757373e-07,0.028412537917087966
2820,0.0023645322769880297,0.3570532901212573,0.022631409764289855,0.8324979804456234,0.22791459907311945,0.3,0.14116224646568298,9.947243689257224e-07,0.028513650151668353
2830,-0.07546283826231956,0.2177490269765258,0.01647150218486786,0.4117876414209604,0.18375724232755603,0.4,0.5881839990615845,9.946442149389496e-07,0.028614762386248736
2840,0.01912761814892292,0.1926511399447918,0.010091684758663177,0.28349690325558186,0.1926108557730913,0.3,3.085314989089966,9.945634599128138e-07,0.02871587462082912
2850,0.1903827242087573,0.39287311136722564,0.0026962287724018098,0.31622519083321093,0.2435018926858902,0.4,41.1162109375,9.944821039454401e-07,0.028816986855409503
2860,0.041898657381534574,0.2697375677525997,0.01810246706008911,0.44845603927969935,0.20276027850341052,0.5,16.484704971313477,9.944001471356834e-07,0.02891809908998989
2870,0.11262278240174055,0.22335083428770303,0.005345182120800018,0.26438909098505975,0.15945536722429096,0.5,22.266115188598633,9.943175895831287e-07,0.029019211324570273
2880,-0.06087932176887989,0.23475771248340607,0.0065731130540370945,0.18325312696397306,0.13889152044430375,0.7,1.9600576706579886e-05,9.94234431388092e-07,0.029120323559150656
2890,0.042604997754096985,0.050283456593751906,0.017243172228336334,0.43107978273183106,0.1693762793438509,0.6,5.577693173108855e-06,9.941506726516177e-07,0.029221435793731043
2900,0.04712752941995859,0.06617391360923648,0.01809675097465515,0.4524188324809074,0.1600842584623024,0.6,0.17480520904064178,9.94066313475481e-07,0.029322548028311426
2910,0.07506308704614639,0.14621783616021275,0.013028517365455627,0.38795985355973245,0.2285813844529912,0.3,0.004169329069554806,9.939813539621855e-07,0.02942366026289181
2920,0.10082838521338999,0.08266452580573969,0.002328265830874443,0.32551683522760866,0.12590964233968407,0.6,1.5887062545516528e-06,9.938957942149659e-07,0.029524772497472193
2930,-0.19184526093304158,0.3799595795571804,0.011403381824493408,0.2850847106426954,0.18391006872989238,0.4,5.7960762205766514e-05,9.93809634337785e-07,0.02962588473205258
2940,-0.05151353189721704,0.12094655334949493,0.011075793951749801,0.30264710932970046,0.251585455564782,0.2,1.7678782939910889,9.937228744353352e-07,0.029726996966632963
2950,0.06725286990404129,0.23347366880625486,0.010945086181163789,0.27361439280211924,0.18845594278536737,0.5,0.004737726878374815,9.93635514613038e-07,0.029828109201213347
2960,0.1863849103450775,0.32964866459369657,0.031623008847236636,0.6300090553238988,0.15724715071264656,0.6,32.11811828613281,9.935475549770434e-07,0.02992922143579373
2970,-0.014569222554564476,0.23699286431074143,0.004880244284868241,0.23421426303684711,0.1918609097599983,0.4,4.571095928440627e-07,9.934589956342313e-07,0.030030333670374117
2980,0.1633572570979595,0.3774655140936375,0.008375006169080735,0.20937518253922463,0.2144390156958252,0.3,1.9280023574829102,9.933698366922092e-07,0.0301314459049545
2990,0.14966733362525703,0.2251009915024042,0.007791157811880112,0.1947789877653122,0.1986872411565855,0.4,1.4277502298355103,9.932800782593139e-07,0.030232558139534883
3000,0.10410524383187295,0.15705335438251494,0.0061721477657556536,0.15430382862687111,0.11306344768963754,0.7,1.8629039288953209e-07,9.931897204446102e-07,0.030333670374115267
3010,-0.17507034465670585,0.19001832343637942,0.013282033801078796,0.34108607694506643,0.13673294114414603,0.6,0.001304619712755084,9.930987633578915e-07,0.030434782608695653
3020,0.18402473703026773,0.20343722999095917,0.021840542554855347,0.5460137888789177,0.16299411298241467,0.5,0.12797684967517853,9.93007207109679e-07,0.030535894843276037
3030,0.11921092681586742,0.34966977015137674,0.01315011978149414,0.32875284366309643,0.23328560385853053,0.3,5.0304388999938965,9.929150518112224e-07,0.03063700707785642
3040,0.015462121041491628,0.24069883525371552,0.019677342474460603,0.4919334951788187,0.19230012760963291,0.4,24.067771911621094,9.92822297574499e-07,0.030738119312436803
3050,0.2533732444047928,0.23511800765991211,0.03267210125923157,0.43218861911445855,0.19911535445135087,0.3,1.8858920157072134e-05,9.92728944512214e-07,0.03083923154701719
3060,-0.0041414274834096435,0.26091550197452307,0.013263970613479614,0.5381573878228665,0.23346439222805201,0.4,2.8016718715662137e-05,9.926349927378e-07,0.030940343781597573
3070,0.07956762313842773,0.045467215776443484,0.015375708043575288,0.36779908910393716,0.08480042601004242,0.9,0.00014717140584252775,9.925404423654174e-07,0.031041456016177957
3080,0.11750360575970262,0.11654588282108307,0.019405969977378847,0.4851491112262011,0.20113521593157202,0.4,0.23745451867580414,9.924452935099537e-07,0.03114256825075834
3090,0.005737157911062241,0.1386738784611225,0.0136793851852417,0.3419847313314676,0.17145564071834088,0.5,0.03006540983915329,9.923495462870238e-07,0.031243680485338727
3100,-0.02650945959612727,0.06480349227786064,0.006792034953832626,0.16980110127478837,0.17006778502836822,0.6,2.9406632165773772e-05,9.9225320081297e-07,0.03134479271991911
3110,0.2293825663626194,0.2134730454534292,0.021061965823173524,0.5277467264444567,0.18715370732825248,0.4,0.025443922728300095,9.921562572048605e-07,0.0314459049544995
3120,0.3832663346081972,0.40153374448418616,-0.02318333089351654,0.5313590245321393,0.172003637207672,0.3,6.731224536895752,9.920587155804912e-07,0.03154701718907988
3130,0.08439911752939225,0.34190750271081927,0.02382260710000992,0.5955657972022891,0.1453595782397315,0.5,1.1471035480499268,9.919605760583844e-07,0.031648129423660264
3140,0.08965733349323272,0.16037177331745625,0.004204513132572174,0.10511296056210995,0.16255546282045544,0.5,6.892795227031456e-06,9.918618387577887e-07,0.03174924165824065
3150,0.14289651764556766,0.15867442446760832,0.015252117812633515,0.40483234748244284,0.22099294227082283,0.3,1.797498345375061,9.917625037986797e-07,0.03185035389282103
3160,-0.0027913350611925127,0.04486439749598503,0.013311682641506195,0.33279215898364783,0.18049026406370103,0.7,0.2235535979270935,9.91662571301758e-07,0.031951466127401414
3170,0.014076518593356013,0.04968521129339933,0.010066494345664978,0.2516623890027404,0.14875076171010732,0.7,2.557035713834921e-06,9.915620413884519e-07,0.0320525783619818
3180,-0.13478008657693863,0.17734412476420403,0.0066059306263923645,0.1651483016088605,0.12635167138651013,0.6,4.3900618607040087e-07,9.914609141809138e-07,0.03215369059656219
3190,-0.015981680899858474,0.20105054657906293,0.0024900076910853385,0.0622501153498888,0.14819055213592947,0.5,1.2542531067083473e-06,9.913591898020233e-07,0.03225480283114257
3200,0.2094862625002861,0.1761097192764282,-0.013703548908233642,0.12370404247194529,0.09966505244374275,0.7,9.123733520507812,9.912568683753853e-07,0.032355915065722954
3210,0.030795373022556305,0.43093162067234514,0.01226229891180992,0.30655726939439776,0.23099978391546755,0.3,0.6658006906509399,9.911539500253294e-07,0.03245702730030334
3220,0.060562893748283386,0.23499878644943237,0.010451455414295197,0.26128636561334134,0.18852551258169115,0.6,1.6311615524955414e-07,9.910504348769117e-07,0.03255813953488372
3230,0.07444976419210433,0.264934840798378,0.01248280555009842,0.3120701663196087,0.19359666011296212,0.4,26.86773109436035,9.909463230559126e-07,0.032659251769464104
3240,0.08348630713298917,0.13784739822149278,-0.00642600953578949,0.18726933673024176,0.14053691898006945,0.5,0.0003765973960980773,9.908416146888376e-07,0.03276036400404449
3250,0.23377600274980068,0.37679741382598875,0.004371898621320725,0.10929750986397266,0.17283714667428285,0.5,39.16539001464844,9.907363099029174e-07,0.03286147623862487
3260,0.0499884083867073,0.21835675984621047,0.012925772368907929,0.32314398214221,0.18381939188111573,0.7,4.8256754875183105,9.906304088261073e-07,0.03296258847320526
3270,0.06156438831239939,0.21343107167631387,0.017401602864265443,0.4091838218271732,0.25590625836048275,0.2,1.8952749967575073,9.905239115870871e-07,0.033063700707785644
3280,0.30439513362944126,0.46173859778791665,0.016291502118110656,0.40728748850524427,0.2431299241958186,0.2,27.05117416381836,9.904168183152609e-07,0.03316481294236603
3290,-0.07909530624747277,0.1381855696439743,0.004696785286068916,0.0885788757354021,0.11146985918749124,0.7,1.5191352758847643e-05,9.903091291407572e-07,0.03326592517694641
3300,0.3300194039940834,0.36919797398149967,0.013152463734149933,0.37315858975052835,0.2062643111217767,0.3,0.08336471021175385,9.902008441944285e-07,0.033367037411526794
3310,0.033610252849757674,0.23066048584878446,0.009818664193153382,0.3302281295880675,0.2285632465966046,0.4,1.027513349072251e-06,9.90091963607851e-07,0.03346814964610718
3320,0.03532758131623268,0.4930925741791725,0.007010038197040558,0.2084064601920545,0.198896962730214,0.2,1.8757126331329346,9.899824875133254e-07,0.03356926188068756
3330,-0.0428840970620513,0.141440050303936,0.010248547047376632,0.2562138345092535,0.17140897293575108,0.5,6.209896564483643,9.898724160438748e-07,0.03367037411526795
3340,0.018751476192846894,0.44792797532863915,0.019366046786308287,0.4841511778533459,0.27333852264564484,0.3,5.235275745391846,9.897617493332468e-07,0.033771486349848334
3350,0.08230397598817944,0.0742444310337305,0.00368342250585556,0.19919483475387095,0.1173051934223622,0.6,3.1117178878048435e-07,9.89650487515912e-07,0.03387259858442872
3360,-0.10886717215180397,0.17036990821361542,0.005950823798775673,0.1487708181142807,0.12989345672540367,0.6,0.0002934226649813354,9.895386307270638e-07,0.0339737108190091
3370,0.34220237880945203,0.3895042143762112,0.01113385409116745,0.2783463826403022,0.16685194596648217,0.4,6.656615028077795e-07,9.894261791026189e-07,0.034074823053589484
3380,0.037635144963860515,0.15054057985544206,0.007559157907962799,0.18897914811968802,0.11880360024515539,0.8,0.3404516279697418,9.893131327792163e-07,0.03417593528816987
3390,0.019673502072691917,0.2069968946278095,0.018197023868560792,0.3356479864567518,0.22676354206632823,0.3,5.113980932947015e-06,9.891994918942181e-07,0.03427704752275025
3400,0.08689345419406891,0.17395738810300826,0.0023777468129992487,0.0594435065984726,0.13736293297260999,0.7,4.617319973476697e-06,9.890852565857092e-07,0.034378159757330634
3410,0.005102728307247162,0.4059762224555016,0.01391923874616623,0.3479809209704399,0.17613891826476902,0.4,10.791239738464355,9.889704269924952e-07,0.034479271991911024
3420,0.3783243212965317,0.24121196130290629,-0.0011879662051796913,0.5215346224606037,0.14564962242729962,0.5,10.723775863647461,9.88855003254106e-07,0.03458038422649141
3430,0.16858738292939962,0.11400280697271228,0.014170612394809722,0.35426560901105403,0.1394989054882899,0.6,1.0951565504074097,9.887389855107916e-07,0.03468149646107179
3440,-0.020663996785879137,0.3644144214689732,0.006803535670042038,0.2737354410812259,0.2426771656377241,0.4,0.00011110669584013522,9.886223739035249e-07,0.034782608695652174
3450,0.0692435584962368,0.18506652861833572,0.014060501754283906,0.3515127331018448,0.1845529500860721,0.5,0.012534578330814838,9.885051685739995e-07,0.03488372093023256
3460,0.0787436219630763,0.3931653735227883,0.01823238879442215,0.4581233631819487,0.23149240061175078,0.3,0.00023807687102817,9.883873696646316e-07,0.03498483316481294
3470,-0.02006269320845604,0.27047156989574433,0.001109413057565689,0.24706379510462284,0.1671414497308433,0.6,29.84871482849121,9.882689773185574e-07,0.035085945399393324
3480,0.11955370306968689,0.40161768198013303,0.025510600209236144,0.5032578136771917,0.15393258607946336,0.6,38.84907150268555,9.881499916796352e-07,0.03518705763397371
3490,0.25218867026269437,0.30640698280185463,-0.0016899168491363525,0.290348662994802,0.12924807949457318,0.5,28.478055953979492,9.880304128924433e-07,0.0352881698685541
3500,0.031256236508488654,0.08939942009747029,0.020584610104560853,0.5146153271198273,0.1604233996476978,0.5,13.068756103515625,9.879102411022816e-07,0.03538928210313448
3510,0.1529205096885562,0.137913260422647,0.01980348527431488,0.4672420356422663,0.18275773874484003,0.2,1.6622121334075928,9.877894764551701e-07,0.035490394337714865
3520,0.03542095124721527,0.06604785770177841,0.006381724774837494,0.27610330656170845,0.12192050826270133,0.8,12.483861923217773,9.876681190978492e-07,0.03559150657229525
3530,0.2929286308586597,0.42165666446089745,0.020958440005779268,0.5239610698074102,0.1995530468178913,0.5,2.8198745250701904,9.875461691777795e-07,0.03569261880687563
3540,0.055600955442059785,0.11793857095763087,0.01660744696855545,0.4151863416656852,0.18383325561881064,0.4,1.567811750646797e-06,9.874236268431415e-07,0.035793731041456014
3550,0.20349353104829787,0.20174425691366196,0.025368309020996092,0.6342079622671009,0.10514859145041555,0.7,1.901477730825718e-07,9.87300492242836e-07,0.0358948432760364
3560,0.043054391629993916,0.2374717567116022,0.01863415986299515,0.4698756026104093,0.19921060532797127,0.5,0.0002761120558716357,9.871767655264828e-07,0.03599595551061679
3570,-0.04915627781301737,0.133899999409914,0.019442205131053925,0.4860691929818131,0.26653475149068984,0.4,4.327001477122394e-07,9.870524468444219e-07,0.03609706774519717
3580,-0.12321282960474492,0.3271736798807979,0.016648559272289275,0.3296191912144423,0.2097132355440408,0.4,12.69905948638916,9.86927536347712e-07,0.036198179979777555
3590,0.17786216884851455,0.15282665118575095,0.016920045018196106,0.4230009807273746,0.13176030658651144,0.5,1.076024055480957,9.86802034188131e-07,0.03629929221435794
3600,0.00530243122484535,0.00874008536338806,0.015962333977222444,0.4029432192444801,0.12228051749989391,0.8,5.44008616998326e-06,9.866759405181764e-07,0.03640040444893832
3610,0.06323640011250972,0.13840907933190466,0.010092156380414963,0.2523038610816002,0.18221139013767243,0.5,3.9224283695220947,9.865492554910632e-07,0.036501516683518705
3620,0.09931870568543673,0.3090408087708056,0.01577935367822647,0.3944835886359215,0.1934738100739196,0.4,4.187381819065195e-06,9.86421979260726e-07,0.03660262891809909
3630,-0.015466681215912104,0.09772210270166397,-0.00014533166540786624,0.05881320983171463,0.13857353234197944,0.6,0.17101077735424042,9.862941119818176e-07,0.03670374115267947
3640,0.03985355794429779,0.1650357037782669,0.0023479951545596124,0.05869989227503538,0.13565672938711942,0.5,6.18014669418335,9.861656538097084e-07,0.03680485338725986
3650,-0.08333579264581203,0.13060828782618045,0.00726080983877182,0.18152007088065147,0.15157212535850703,0.6,0.013311143033206463,9.860366049004875e-07,0.036905965621840245
3660,-0.03858305849134922,0.32604870684444903,0.00710795521736145,0.17769888527691363,0.19510757646057755,0.4,21.048011779785156,9.859069654109615e-07,0.03700707785642063
3670,0.2372286364203319,0.26553060514852406,0.013999730348587036,0.34999324679374694,0.17996070622466503,0.5,18.096309661865234,9.857767354986544e-07,0.03710819009100101
3680,0.02750387489795685,0.06902352571487427,0.002690230309963226,0.06725582107901573,0.13059463289100676,0.7,0.0011242569889873266,9.856459153218077e-07,0.037209302325581395
3690,0.3950365567114204,0.3337292986921966,-0.017329783737659456,0.2870632816106081,0.15627681065816432,0.3,3.5828356742858887,9.855145050393808e-07,0.03731041456016178
3700,-0.0417276419699192,0.04836545065045357,0.012902700901031494,0.32256770264357326,0.10055280583910645,0.6,2.812706497934414e-06,9.85382504811049e-07,0.03741152679474216
3710,-0.0750043123960495,0.22174399495124816,0.005598936975002289,0.13997317366302015,0.14589644875377417,0.6,13.024768829345703,9.852499147972053e-07,0.037512639029322545
3720,0.12774690315127374,0.21074041351675987,-0.00410076342523098,0.32462891228497026,0.14790962517727166,0.5,6.708326691295952e-05,9.85116735158959e-07,0.037613751263902935
3730,0.22592023154720664,0.1784197071567178,0.006267132610082627,0.15667835734784602,0.16596672863233836,0.5,3.3141816402348923e-06,9.849829660581362e-07,0.03771486349848332
3740,-0.06310114562511444,0.20649827867746354,0.014097574353218078,0.3524394277483225,0.1681054479908198,0.6,14.237711906433105,9.848486076572786e-07,0.0378159757330637
3750,-0.02283945195376873,0.21653648559004068,0.0001520998775959015,0.12723198644816874,0.20165226489771157,0.4,1.3805609341943637e-05,9.847136601196443e-07,0.037917087967644085
3760,-0.03232293538749218,0.15021256692707538,0.009766681492328644,0.25220909155905247,0.20126172001473605,0.4,2.7865493297576904,9.845781236092077e-07,0.03801820020222447
3770,0.21606167554855346,0.19755043387413024,0.009461135417222977,0.23652834184467791,0.12496359157375991,0.7,3.1839417147239146e-07,9.844419982906582e-07,0.03811931243680485
3780,0.1931160181760788,0.14302245825529097,0.00790373757481575,0.1975934263318777,0.1343155725626275,0.7,1.2625728231796529e-05,9.843052843294007e-07,0.038220424671385235
3790,-0.06593272536993026,0.11840966939926148,0.008913128077983857,0.22282836511731147,0.16369728092104197,0.7,2.4538239813409746e-06,9.841679818915558e-07,0.038321536905965625
3800,0.11033673286437988,0.1691492533311248,0.006321217119693756,0.15760307982563973,0.19211632467340678,0.6,9.66464900970459,9.84030091143959e-07,0.03842264914054601
3810,-0.18556165900081395,0.22464886475354434,0.007215297967195511,0.1803822098299861,0.16947990520857276,0.4,3.6880557537078857,9.838916122541602e-07,0.03852376137512639
3820,0.2292345671914518,0.38117131013423206,0.006074176728725433,0.1769225277006626,0.18166577978990972,0.4,0.01863742433488369,9.837525453904245e-07,0.038624873609706775
3830,0.17785804569721222,0.3537210687994957,0.009814297407865524,0.24535739775747062,0.1935240683145821,0.4,0.008017806336283684,9.836128907217313e-07,0.03872598584428716
3840,0.19959308402612805,0.13330396860837937,0.0071835458278656,0.179588651843369,0.1552848354447633,0.4,2.237250328063965,9.834726484177743e-07,0.03882709807886754
3850,0.22660169750452042,0.7057441875338555,-0.00689922496676445,0.24778109323233366,0.16188103307504206,0.4,0.00015328369045164436,9.833318186489608e-07,0.038928210313447925
3860,0.2787273973226547,0.3079383984208107,0.016850191354751586,0.42125478982925413,0.1614524398930371,0.5,0.016956739127635956,9.831904015864125e-07,0.03902932254802831
3870,0.10037190914154052,0.11163399778306485,0.014885777235031128,0.37214443627744914,0.1287229496985674,0.6,0.5045130848884583,9.830483974019644e-07,0.0391304347826087
3880,0.0015534467063844204,0.28399867825210096,0.012734577059745789,0.3183644149452448,0.20427819949109108,0.3,3.4997001421288587e-06,9.82905806268165e-07,0.03923154701718908
3890,-0.05517027974128723,0.34510997459292414,0.013425798714160919,0.40718990135937927,0.19007925607729703,0.3,1.2543854666091647e-07,9.827626283582758e-07,0.039332659251769465
3900,-0.011038560979068279,0.31059974133968354,0.0029383599758148193,0.07345895543694496,0.12069102574605495,0.7,3.014512799381919e-07,9.826188638462717e-07,0.03943377148634985
3910,0.04856087416410446,0.182552944496274,0.006684634834527969,0.16417827159166337,0.18080280867870896,0.5,0.001021962147206068,9.824745129068402e-07,0.03953488372093023
3920,-0.0312896728515625,0.08738788738846778,0.010367149114608764,0.25917890928685666,0.17383474204689264,0.6,4.076314326084685e-06,9.823295757153809e-07,0.039635995955510615
3930,0.15656616240739823,0.23955650106072426,-0.0009324785321950912,0.3587941952670917,0.15670592850074172,0.6,0.0504758283495903,9.821840524480066e-07,0.039737108190091
3940,0.06112059503793717,0.15513479262590407,0.0065292052924633024,0.16323031298816204,0.13859416625928134,0.5,0.03498128801584244,9.820379432815412e-07,0.03983822042467138
3950,0.17286907210946084,0.28043205440044405,0.005287198722362519,0.13217999115586282,0.14865715363994242,0.6,4.499545411817962e-06,9.818912483935219e-07,0.03993933265925177
3960,-0.06431924104690552,0.4792507465928793,0.009103211015462876,0.22758007533848285,0.2105088499840349,0.4,0.19465723633766174,9.817439679621962e-07,0.040040444893832156
3970,0.24306560456752777,0.44492830634117125,-0.014407533407211303,0.3625775948166847,0.18539965115487575,0.5,0.009971187449991703,9.815961021665242e-07,0.04014155712841254
3980,0.06121659632772207,0.07213018350303173,0.020247738063335418,0.47520978227257726,0.15686134009156377,0.6,6.441412925720215,9.814476511861761e-07,0.04024266936299292
3990,-0.0703684464097023,0.18339616805315018,0.006151937320828438,0.07448174742457922,0.1386556684738025,0.7,2.6085233457706636e-06,9.812986152015347e-07,0.040343781597573306
4000,-0.0724570631980896,0.30611095428466795,0.006068965420126915,0.15172410793602467,0.13971481323242188,0.6,13.758556365966797,9.81148994393692e-07,0.04044489383215369
4010,0.15974882580339908,0.3402156066149473,0.0048676028847694395,0.3512761704623699,0.14636584664694965,0.4,4.462681770324707,9.809987889444522e-07,0.04054600606673407
4020,0.01774367019534111,0.08739714622497559,0.008645650744438172,0.21614140681922436,0.16999282208271324,0.6,3.362846612930298,9.808479990363281e-07,0.04064711830131446
4030,0.16462412411347033,0.28872654475271703,0.02091541588306427,0.5218264143913984,0.21858788596000522,0.2,1.5055994140311668e-07,9.806966248525444e-07,0.040748230535894846
4040,0.020608101040124893,0.017561695724725723,0.01772013008594513,0.44300327226519587,0.08996836342848838,0.8,1.5064452441038156e-07,9.805446665770346e-07,0.04084934277047523
4050,0.03445999880786985,0.2118066565133631,0.016143308579921724,0.40358246825635435,0.1597285382449627,0.4,5.689334392547607,9.80392124394443e-07,0.04095045500505561
4060,-0.03904644511640072,0.12557053714990615,0.01671554297208786,0.41788862980902197,0.16425353821832686,0.4,8.707875167601742e-06,9.802389984901216e-07,0.041051567239635996
4070,-0.012118998263031245,0.32705880496650935,0.021270211040973663,0.5936255622655153,0.24857645183801652,0.2,0.13838329911231995,9.800852890501338e-07,0.04115267947421638
4080,-0.01270911879837513,0.19370493441820144,0.009616997838020325,0.3209923172369599,0.20153529185336083,0.3,4.0125274658203125,9.799309962612507e-07,0.04125379170879676
4090,0.1612333431839943,0.18510521054267884,0.018291817605495454,0.5071611244231462,0.17928100384306161,0.6,0.3077661991119385,9.797761203109525e-07,0.041354903943377146
4100,0.46404003649950026,0.5950351148843765,0.01331651359796524,0.3329130757600069,0.2479251373326406,0.2,0.004964734893292189,9.796206613874282e-07,0.041456016177957536
4110,0.023296350019518287,0.09085383099736646,0.010923801362514496,0.2729886144399643,0.19036258971318604,0.5,2.36393404006958,9.794646196795754e-07,0.04155712841253792
4120,0.14405042640864849,0.15167129673063756,0.02685192823410034,0.6946326285600662,0.1900249531958252,0.5,0.2833520174026489,9.793079953769987e-07,0.0416582406471183
4130,0.2817322961986065,0.34393454492092135,0.03546341359615326,0.8463544003665447,0.16686853873543442,0.4,0.048889875411987305,9.791507886700118e-07,0.041759352881698686
4140,0.0402358666062355,0.34111565798521043,0.021063822507858276,0.5265955647453666,0.14087781014386563,0.6,3.282958118688839e-07,9.78992999749636e-07,0.04186046511627907
4150,0.017872513458132743,0.1378022190183401,0.013279041647911072,0.3187999911606312,0.18877980483230203,0.3,3.624842882156372,9.788346288075992e-07,0.04196157735085945
4160,-0.08983683085534722,0.17633783799828961,0.010979116708040238,0.2744778085500002,0.1573899395065382,0.5,3.271742798460764e-06,9.786756760363372e-07,0.042062689585439836
4170,0.27189886034466326,0.1874316304922104,0.016265536844730377,0.4117255721241236,0.14445339969825,0.4,0.004145434591919184,9.78516141628993e-07,0.04216380182002022
4180,0.19786176253110171,0.14191655497998,0.014003410935401917,0.35008598268032076,0.16216224990785122,0.5,1.626945972442627,9.783560257794152e-07,0.04226491405460061
4190,0.054371710307896136,0.21447644010186195,0.025570949912071227,0.6392737451940775,0.18098526196554304,0.5,2.6182963848114014,9.781953286821603e-07,0.04236602628918099
4200,-0.03577754653524608,0.22484609512612225,0.01107672080397606,0.3607584971934557,0.18954638147260994,0.5,4.732513427734375,9.7803405053249e-07,0.042467138523761376
4210,0.19678285252302885,0.3095475934445858,0.019750690460205077,0.493767311796546,0.22998317703604698,0.3,2.0926597118377686,9.778721915263728e-07,0.04256825075834176
4220,0.08742261379957199,0.3701056096702814,0.010258809477090836,0.2564706940203905,0.21707472319249063,0.5,7.208709575934336e-07,9.777097518604822e-07,0.04266936299292214
4230,0.27528963759541514,0.5027551576495171,0.029386743903160095,0.7168995719403028,0.2428611912066117,0.3,21.716278076171875,9.775467317321983e-07,0.042770475227502526
4240,-0.038206087052822114,0.27531822919845583,0.013335102796554565,0.5095356211066246,0.19107064886484296,0.4,0.042481593787670135,9.773831313396054e-07,0.04287158746208291
4250,0.0074966100975871084,0.09797921255230904,0.006059232726693153,0.2050332909449935,0.17173730325885117,0.7,4.423156497068703e-05,9.77218950881494e-07,0.0429726996966633
4260,0.15319205168634653,0.3315973773598671,-0.006996996700763702,0.38613659106194975,0.15905526597052813,0.5,4.132701860726229e-07,9.770541905573583e-07,0.04307381193124368
4270,0.1988488793373108,0.12329100593924522,-0.007807144522666931,0.44410634599626064,0.10178362233564257,0.8,0.14504681527614594,9.768888505673976e-07,0.043174924165824066
4280,0.24665489047765732,0.3123701073229313,0.022021326422691345,0.55053297188133,0.17346791045274584,0.4,2.770803213119507,9.76722931112516e-07,0.04327603640040445
4290,0.29900982417166233,0.4709310166537762,0.02988543510437012,1.1459986839443446,0.1787742766086012,0.4,9.417959518032148e-06,9.76556432394321e-07,0.04337714863498483
4300,-0.01182438973337412,0.2747253406792879,0.023402634263038635,0.5850671924650669,0.2674070620443672,0.2,2.707932949066162,9.763893546151242e-07,0.043478260869565216
4310,0.16980040445923805,0.29800748750567435,0.0122595876455307,0.2711273077875376,0.17471581222489477,0.5,0.000453856831882149,9.762216979779412e-07,0.0435793731041456
4320,0.1809773463755846,0.2635756582021713,0.012293705344200134,0.49621917605400084,0.19622715914156288,0.2,17.855863571166992,9.760534626864902e-07,0.04368048533872598
4330,0.10179259181022644,0.17824620008468628,0.05802074074745178,1.8162781856954098,0.139765111124143,0.6,0.02565501257777214,9.758846489451931e-07,0.04378159757330637
4340,0.08227596208453178,0.07458708956837654,0.02054019719362259,0.513506343588233,0.1444530932465568,0.7,0.005217878147959709,9.757152569591747e-07,0.043882709807886756
4350,0.2018984105437994,0.16075707152485846,0.006552881002426148,0.1638222834095359,0.1108964700018987,0.6,2.472634514560923e-05,9.75545286934262e-07,0.04398382204246714
4360,0.19923494579270482,0.1332286974415183,0.00971752256155014,0.24293821528553963,0.12815519392024727,0.5,3.2387807369232178,9.753747390769847e-07,0.04408493427704752
4370,0.17038028240203856,0.19275424480438233,0.01596102863550186,0.42135226391255853,0.12970447363331913,0.6,3.876078267239791e-07,9.752036135945742e-07,0.044186046511627906
4380,0.04444383643567562,0.4136137213557959,0.02011793851852417,0.4913245100528002,0.2488473715027794,0.2,0.07311692833900452,9.750319106949648e-07,0.04428715874620829
4390,0.28289686888456345,0.3182928301393986,0.02960970401763916,0.740242737531662,0.2153705057920888,0.3,7.1380085945129395,9.748596305867912e-07,0.04438827098078867
4400,-0.17560599315911532,0.5045455684885383,0.017662394046783447,0.44156019762158394,0.22636748682707547,0.4,6.504265785217285,9.746867734793903e-07,0.044489383215369056
4410,0.27849308848381044,0.2527760811150074,0.01159704551100731,0.30235348238202275,0.1340151024516672,0.6,25.52411460876465,9.745133395827993e-07,0.04459049544994945
4420,0.016483620298095046,0.01009943278040737,0.020258210599422455,0.5064553510397672,0.09941671073902399,0.8,1.203533088300901e-06,9.74339329107757e-07,0.04469160768452983
4430,0.007754581049084663,0.1539016854017973,0.013749340176582336,0.34373360201716424,0.19571507431101054,0.4,7.136022567749023,9.741647422657027e-07,0.04479271991911021
4440,0.037204891443252563,0.03319686166942119,0.0009815896861255168,0.10173942968249321,0.07764465149957686,0.7,0.11221121996641159,9.739895792687757e-07,0.0448938321536906
4450,0.22836080342531204,0.17524324655532836,0.01790792793035507,0.44292634036391976,0.11705610861536116,0.6,7.3725972175598145,9.738138403298157e-07,0.04499494438827098
4460,0.09795418856665492,0.2960679240524769,0.02388986051082611,0.5972461801022291,0.2568232773337513,0.4,2.8409754122549202e-06,9.736375256623617e-07,0.04509605662285136
4470,0.0857003340497613,0.314841840416193,0.007646536827087403,0.1911637380719185,0.17675274049397557,0.5,0.00764682749286294,9.734606354806532e-07,0.045197168857431747
4480,0.0773913875222206,0.1987889051437378,0.020769545435905458,0.5192384570837021,0.16200967472977937,0.6,9.116847038269043,9.73283169999628e-07,0.04529828109201214
4490,0.00465027429163456,0.038120904564857484,0.001664288341999054,0.04160720650106668,0.09050393411889672,0.9,1.2816798289350118e-07,9.731051294349238e-07,0.04539939332659252
4500,0.11333722472190857,0.15267109572887422,0.010274283587932587,0.2568572502583265,0.14591888953000307,0.7,5.336996078491211,9.729265140028762e-07,0.0455005055611729
4510,0.2633609361946583,0.23907154202461242,0.029923319816589355,0.7480834869667887,0.11421689772978424,0.7,3.6790115132134815e-07,9.7274732392052e-07,0.04560161779575329
4520,0.03698148988187313,0.19856958854943513,0.0019664280116558075,0.108311633951962,0.13997135621029883,0.5,0.04988721013069153,9.725675594055881e-07,0.04570273003033367
4530,0.27641246616840365,0.3540040150284767,0.023668871819972993,0.591721635684371,0.15631917619612068,0.5,6.02842903137207,9.723872206765115e-07,0.04580384226491405
4540,0.06067239562980831,0.03688414618372917,0.02799442708492279,0.713370518758893,0.10215850044041871,0.6,5.6890352425398305e-05,9.722063079524183e-07,0.04590495449949444
4550,-0.07782482802867889,0.13140937704592942,0.008586401492357254,0.30787788033485414,0.1643133361823857,0.5,0.042576711624860764,9.72024821453135e-07,0.04600606673407482
4560,0.1455459725111723,0.3115297008305788,-0.01643648147583008,0.24056828990578652,0.16789352940395474,0.5,0.01563604734838009,9.718427613991846e-07,0.04610717896865521
4570,0.06718778349459172,0.24065185338258743,0.019671522080898285,0.49178772121667863,0.17707227510400117,0.5,12.377480506896973,9.716601280117873e-07,0.046208291203235594
4580,0.18828477580100297,0.2577590887434781,0.02438271790742874,0.7430178999900818,0.1517696915427223,0.5,0.015165858902037144,9.714769215128596e-07,0.04630940343781598
4590,0.04802708774805069,0.03970077857375145,0.01475512981414795,0.36887827701866627,0.0871679009636864,0.8,0.004464616067707539,9.71293142125015e-07,0.04641051567239636
4600,0.022012055851519108,0.11179717490449548,0.013468647003173828,0.33671640902757644,0.1417281379457563,0.6,2.868282763301977e-06,9.711087900715627e-07,0.046511627906976744
4610,-0.10162621815688908,0.37652687150985004,0.004786685481667519,0.45366512313485147,0.21235135642345995,0.4,0.07572495192289352,9.709238655765077e-07,0.04661274014155713
4620,0.2901549722999334,0.26334291994571685,0.028376343846321105,0.7094088746234775,0.17862781430594624,0.4,3.6426663398742676,9.70738368864551e-07,0.04671385237613751
4630,-0.0032729743979871273,0.03188314065337181,0.007446916401386261,0.21197748556733131,0.14272832616697997,0.6,5.501421928405762,9.705523001610881e-07,0.046814964610717894
4640,0.01575985811650753,0.14051527604460717,0.02478023022413254,0.6015269158408045,0.2049942378886044,0.3,0.0001994382037082687,9.703656596922107e-07,0.046916076845298284
4650,0.05515582377556712,0.06588804125785827,0.011729276180267334,0.2932318963110447,0.21443938121665268,0.4,0.3648286461830139,9.701784476847038e-07,0.04701718907987867
4660,-0.07233102656900883,0.18617300763726236,0.018297725915908815,0.45744303315877916,0.18723967620171605,0.4,29.04498291015625,9.699906643660483e-07,0.04711830131445905
4670,0.029610289121046664,0.054823125898838046,0.014427569508552552,0.36068916916847227,0.12240919440519064,0.8,9.199808120727539,9.698023099644184e-07,0.047219413549039434
4680,0.16570179909467697,0.2667570002377033,0.0055539034307003025,0.30998186897486446,0.20666479426436127,0.4,16.61967658996582,9.696133847086822e-07,0.04732052578361982
4690,-0.027382449805736543,0.16476046442985534,0.01570596545934677,0.46431971713900566,0.17014665871392937,0.5,1.7608698606491089,9.69423888828402e-07,0.0474216380182002
4700,-0.04859835430979729,0.12015568390488625,0.020440034568309784,0.5110010363161563,0.15902834523003548,0.5,0.0612904354929924,9.692338225538332e-07,0.047522750252780584
4710,-0.07380729913711548,0.2815335407853127,0.016219204664230345,0.4054800486192107,0.17787558063864709,0.6,1.5188061297521926e-07,9.69043186115924e-07,0.047623862487360974
4720,0.042663296312093736,0.32719079554080965,0.015221045911312103,0.38052638359367846,0.22561388555914164,0.3,18.94505500793457,9.68851979746316e-07,0.04772497472194136
4730,0.09303825087845326,0.5104254230856895,0.018675601482391356,0.46689020916819574,0.22696175470482557,0.4,6.804276040384138e-07,9.686602036773425e-07,0.04782608695652174
4740,0.1514164499938488,0.27605396434664725,0.025726020336151123,0.6641232393682003,0.16084721309598535,0.5,4.612257480621338,9.6846785814203e-07,0.047927199191102124
4750,0.058002414926886556,0.11500554680824279,0.008686184138059615,0.43014023918658495,0.20282388573978097,0.5,4.064659595489502,9.68274943374096e-07,0.04802831142568251
4760,0.008884688839316368,0.07846205485984684,0.010691683739423752,0.2672921400517225,0.12060760895255954,0.7,0.44801074266433716,9.680814596079506e-07,0.04812942366026289
4770,0.252456134557724,0.3129107803106308,-0.01657775044441223,0.13398795183748008,0.08910798267461359,0.7,1.6384707635097584e-07,9.678874070786945e-07,0.048230535894843274
4780,0.32925646835938094,0.2560354724526405,0.015583954751491547,0.38959916699677705,0.20718064331449568,0.3,2.7215890440857038e-05,9.676927860221198e-07,0.04833164812942366
4790,0.04641551300883293,0.10338118579238653,0.01131221055984497,0.4661226160824299,0.16570447843987496,0.5,0.0012086961651220918,9.674975966747096e-07,0.04843276036400405
4800,0.038257631659507754,0.4659913363866508,0.007774552702903748,0.2770386107265949,0.19870247384533285,0.3,1.4108991308603436e-06,9.673018392736372e-07,0.04853387259858443
4810,-0.059442138671875,0.26202327013015747,0.011345966160297394,0.28364931270480154,0.16697968537919222,0.6,1.1072973649106643e-07,9.671055140567666e-07,0.048634984833164814
4820,0.18309776894748211,0.2122576080262661,-0.0019123932346701623,0.5349895698949695,0.17306298399344086,0.4,6.138095378875732,9.66908621262651e-07,0.0487360970677452
4830,0.002424422651529312,0.18210455700755118,0.010010512173175811,0.25026278346776965,0.1717731571290642,0.5,2.6475105187273584e-05,9.66711161130534e-07,0.04883720930232558
4840,0.12208362072706222,0.15036423783749342,0.002484511770308018,0.06211369466036558,0.09933797295670957,0.7,0.011083905585110188,9.665131339003485e-07,0.048938321536905964
4850,0.021744484640657903,0.015386262023821474,0.00765288695693016,0.1913181810952665,0.11993084240239113,0.7,1.983665606530849e-05,9.663145398127157e-07,0.04903943377148635
4860,-0.10876977369189263,0.12674476411193608,-0.003670095652341843,0.024600930511951447,0.1253929043887183,0.6,0.0011308761313557625,9.661153791089468e-07,0.04914054600606673
4870,0.09619426163844765,0.1254437156021595,0.009834735095500946,0.24586841091513634,0.16916127933654934,0.6,0.9703079462051392,9.659156520310401e-07,0.04924165824064712
4880,-0.08428261280059815,0.12768621146678924,0.011402992159128189,0.2850753184407949,0.15705655263736845,0.7,8.683796882629395,9.657153588216833e-07,0.049342770475227504
4890,-0.0844284638762474,0.12535702884197236,0.006796883791685105,0.16992213167250156,0.1283740614540875,0.6,3.3108937740325928,9.655144997242514e-07,0.04944388270980789
4900,0.18599984496831895,0.18843391835689544,-0.0031332075595855713,0.2825399266555905,0.10640937215648591,0.6,6.657273292541504,9.653130749828073e-07,0.04954499494438827
4910,-0.022425429290160538,0.12459579012356699,0.013501447439193726,0.33753674793988464,0.19176936163567007,0.5,0.009407319128513336,9.65111084842101e-07,0.049646107178968654
4920,0.08605496883392334,0.1905374377965927,0.015704314410686492,0.39260791838169096,0.16098353643901647,0.6,0.013840259052813053,9.649085295475693e-07,0.04974721941354904
4930,0.14868875173851848,0.3570684962440282,0.025200918316841125,0.630023118108511,0.21592092784121633,0.3,0.858601987361908,9.647054093453365e-07,0.04984833164812942
4940,0.058337246999144554,0.1798542993143201,0.01637357473373413,0.4093397606164217,0.18340835319831966,0.4,15.734323501586914,9.645017244822122e-07,0.04994944388270981
4950,-0.04548198580741882,0.1493949145078659,0.012856855988502502,0.43890948835760357,0.15865807456430048,0.5,3.7773146629333496,9.642974752056931e-07,0.050050556117290194
4960,-0.12337660279590637,0.09079676456749439,0.010622217506170272,0.2655553124845028,0.1593130486551672,0.6,1.5899474620819092,9.640926617639612e-07,0.05015166835187058
4970,-0.041315002180635926,0.07739126607775688,0.017302557826042175,0.4325639996677637,0.16923575261607765,0.6,3.46799737371839e-07,9.638872844058842e-07,0.05025278058645096
4980,-0.013891591550782323,0.16609893990680574,0.01841699481010437,0.46223852690309286,0.2616749119479209,0.3,4.0821742004482076e-06,9.636813433810149e-07,0.050353892821031344
4990,0.07605017274618149,0.4097694121301174,0.02879246473312378,0.7198119137436152,0.19059612543787807,0.4,0.060374997556209564,9.634748389395912e-07,0.05045500505561173
5000,0.014755786955356598,0.32269579246640206,0.007719226181507111,0.23840902298688887,0.11921359782572835,0.5,3.4488186836242676,9.632677713325352e-07,0.05055611729019211
5010,0.07042330503463745,0.41963265389204024,-0.0017027251422405242,0.25117212124168875,0.19913071414921432,0.4,5.531207084655762,9.63060140811454e-07,0.050657229524772494
5020,0.2798830956220627,0.408463342487812,0.021407082676887512,0.5334817789494991,0.1330872629303485,0.6,2.7026350498199463,9.628519476286378e-07,0.050758341759352885
5030,-0.1132057026028633,0.5819886803627015,-0.004750287532806397,0.44628495182842015,0.22083257571794093,0.3,26.428808212280273,9.626431920370612e-07,0.05085945399393327
5040,-0.005930990725755691,0.2015820533968508,0.009996819496154784,0.24992067143321037,0.16486816096585244,0.7,1.7865523099899292,9.624338742903817e-07,0.05096056622851365
5050,0.0777448974957224,0.10021911819349043,0.010207457840442658,0.25518628265708687,0.08511352902278305,0.8,0.0007462818757630885,9.622239946429404e-07,0.051061678463094035
5060,-0.040970681607723235,0.2503833552822471,0.00046725431457161903,0.2773850690573454,0.17393303627613932,0.4,0.03572840988636017,9.620135533497609e-07,0.05116279069767442
5070,0.12805095240473746,0.07792860269546509,-0.00981975644826889,0.13716688770800828,0.08296368513256311,0.8,0.00011477131920401007,9.618025506665488e-07,0.0512639029322548
5080,0.3265696680173278,0.3365623809397221,0.021946904063224793,0.5486726094037294,0.22964531015604733,0.3,7.410354010062292e-05,9.615909868496926e-07,0.051365015166835185
5090,0.11811160445213317,0.21601637601852416,0.02225652486085892,0.556413059681654,0.14053466147743165,0.5,2.2417798042297363,9.613788621562621e-07,0.05146612740141557
5100,0.14561979658901691,0.1692182771861553,0.01952691823244095,0.48817302007228136,0.16745809582062066,0.3,2.3779116986588633e-07,9.611661768440092e-07,0.05156723963599596
5110,0.03333279527723789,0.0770938128232956,0.0047606460750102995,0.23719640485942364,0.18342875188682228,0.5,3.378222754690796e-05,9.60952931171366e-07,0.05166835187057634
5120,0.0352960373274982,0.1126629072590731,0.01956665813922882,0.49519549682736397,0.16787638722453266,0.6,0.34463316202163696,9.607391253974464e-07,0.051769464105156725
5130,0.0828559122979641,0.2624875113368034,0.014525040984153748,0.3631259521469474,0.1850663690129295,0.5,27.673110961914062,9.605247597820446e-07,0.05187057633973711
5140,0.18473002538084984,0.2281508106738329,0.002984500676393509,0.3951869675889611,0.1708553838543594,0.4,0.08404037356376648,9.603098345856352e-07,0.05197168857431749
5150,0.03238665536046028,0.259502852614969,0.008052875101566315,0.20132214706391097,0.18704710314050316,0.5,9.253002417608513e-07,9.600943500693724e-07,0.052072800808897875
5160,0.170400995016098,0.20688943862915038,0.005843227356672287,0.14608053788542746,0.11730818704236298,0.8,4.919756975141354e-05,9.598783064950901e-07,0.05217391304347826
5170,0.08495055064558983,0.3138796664774418,0.022427216172218323,0.5606804888695478,0.17881809105165303,0.4,0.6428989768028259,9.596617041253017e-07,0.05227502527805865
5180,0.11616116442601196,0.07466626705718227,0.017846497893333434,0.44616290666162967,0.13491613282822074,0.7,0.00015864164743106812,9.594445432231995e-07,0.05237613751263903
5190,0.06318424986675382,0.06741034872829914,0.012021926790475845,0.4010887112468481,0.11778383613564074,0.7,2.984762090818549e-07,9.592268240526545e-07,0.052477249747219415
5200,0.1572151467204094,0.3040755972266197,0.007547757029533387,0.5134632097557187,0.16309031350538133,0.3,13.211650848388672,9.590085468782162e-07,0.0525783619817998
5210,0.18024985641241073,0.42271862626075746,0.012479934096336364,0.31199877746403215,0.18105572243221105,0.6,57.170127868652344,9.587897119651115e-07,0.05267947421638018
5220,0.20147286728024483,0.19601202085614206,0.01681601256132126,0.4201173553243279,0.14570078717079013,0.5,7.683072908548638e-05,9.585703195792458e-07,0.052780586450960565
5230,0.03184051141142845,0.10764884185045957,0.00421811006963253,0.10545278266072274,0.10913101851474494,0.6,0.1888187825679779,9.583503699872015e-07,0.05288169868554095
5240,-0.05306046418845654,0.07361288368701935,0.008808586746454239,0.2324021805077791,0.10062849901150912,0.8,20.862476348876953,9.58129863456238e-07,0.05298281092012133
5250,0.1602130189538002,0.25702633410692216,0.03214795589447021,0.7987785613164305,0.14822258101776242,0.5,2.682781219482422,9.579088002542917e-07,0.05308392315470172
5260,-0.022817798145115375,0.2674447141587734,0.01840478479862213,0.4601197179406881,0.2439389833714813,0.4,26.619930267333984,9.576871806499748e-07,0.053185035389282105
5270,0.26005858373828233,0.2988128615543246,0.021571113169193266,0.5392779171466827,0.1930489656049758,0.4,0.005095514003187418,9.574650049125768e-07,0.05328614762386249
5280,0.04301998130977154,0.10855519026517868,0.011333494633436202,0.2833373060449958,0.22856036596931517,0.5,1.4621815580539987e-07,9.572422733120614e-07,0.05338725985844287
5290,0.15910514891147615,0.09091722406446934,0.007691112905740738,0.19227788150310515,0.10019423612393438,0.5,4.6703691623406485e-05,9.570189861190689e-07,0.053488372093023255
5300,0.10063769742846489,0.32141292095184326,0.016795171797275542,0.36751821264624596,0.19060097341425716,0.5,7.608504295349121,9.56795143604914e-07,0.05358948432760364
5310,0.21932928264141083,0.3360829859972,0.049925071001052854,1.248126883804798,0.1507612955290824,0.5,19.15530014038086,9.565707460415868e-07,0.05369059656218402
5320,0.6354113906621933,0.5547337144613266,0.011818767338991166,0.47159152701497076,0.14867313839495183,0.4,1.1419399976730347,9.563457937017514e-07,0.053791708796764405
5330,-0.04208980239927769,0.05288419723510742,0.010477692633867264,0.26194234788417814,0.16984437354840337,0.5,0.5857322216033936,9.561202868587459e-07,0.053892821031344795
5340,0.05153188179247081,0.18748228549957274,0.014837200939655303,0.3709302294999361,0.20163930743001401,0.5,9.62087869993411e-05,9.558942257865827e-07,0.05399393326592518
5350,0.2944834835827351,0.3959382988512516,0.014671744406223297,0.36679346635937693,0.17800844381563366,0.3,1.4382461309432983,9.55667610759947e-07,0.05409504550050556
5360,0.10238713156431914,0.10989609993994236,0.01138840839266777,0.2722199046984315,0.17946144891902804,0.4,1.7031653953836212e-07,9.554404420541978e-07,0.054196157735085945
5370,-0.02470533214509487,0.15684569254517555,0.012277763336896896,0.3031273839995265,0.22565199644304812,0.5,0.0004344624758232385,9.55212719945366e-07,0.05429726996966633
5380,0.09537016749382018,0.13090566024184228,0.00959141030907631,0.23978541493415834,0.15790840953122826,0.4,0.9362128376960754,9.549844447101559e-07,0.05439838220424671
5390,0.045599810779094696,0.07746587097644805,0.008378808200359345,0.2094410253688693,0.15666454078163952,0.6,5.886303424835205,9.547556166259433e-07,0.054499494438827095
5400,-0.010005778074264527,0.19241713285446166,0.004969164729118347,0.12011045683175325,0.09435348703991622,0.7,7.79684487497434e-05,9.545262359707755e-07,0.054600606673407485
5410,0.03165095914155245,0.03919531628489494,0.018720972537994384,0.468024418130517,0.13010975602082908,0.6,1.3577643632888794,9.542963030233723e-07,0.05470171890798787
5420,0.09223998673260211,0.07065763100981712,0.005355772376060486,0.13389429524540902,0.1311325401533395,0.6,5.340986251831055,9.540658180631236e-07,0.05480283114256825
5430,0.15621109958738089,0.4494175001978874,0.024998319149017335,0.5860170103609562,0.2816814023302868,0.2,3.4288430213928223,9.538347813700902e-07,0.054903943377148635
5440,0.10755619397386909,0.18878102377057077,0.008692879229784012,0.5892726425081491,0.1762085043126717,0.3,3.796813488006592,9.536031932250036e-07,0.05500505561172902
5450,0.12087084613740444,0.11600253134965896,0.016226576268672945,0.4122106578201056,0.12910720820073038,0.6,1.5610928535461426,9.533710539092652e-07,0.0551061678463094
5460,0.06191260516643524,0.22204870581626893,0.0057427134364843365,0.14356775898486376,0.09091346296481788,0.7,0.0024707044940441847,9.531383637049464e-07,0.055207280080889785
5470,0.04291461929678917,0.5420475445687771,0.016430909931659698,0.7116467908024788,0.24307719017378987,0.3,17.956899642944336,9.529051228947875e-07,0.05530839231547017
5480,0.1634597063064575,0.2493305593729019,0.008193506300449372,0.20483754351735114,0.12358770726714283,0.6,46.208213806152344,9.526713317621979e-07,0.05540950455005056
5490,0.038388635218143466,0.29587617218494416,0.012389828264713288,0.2419430248439312,0.19714862981345505,0.6,2.1043187814484554e-07,9.524369905912563e-07,0.05551061678463094
5500,0.21094702351838351,0.2061882158741355,0.016441476345062257,0.411037715524435,0.14849233655259014,0.6,7.27132719475776e-05,9.52202099666709e-07,0.055611729019211326
5510,0.28259566947817805,0.3826509080827236,0.025307631492614745,0.6326908100396395,0.2625793188111857,0.1,1.6447193622589111,9.519666592739708e-07,0.05571284125379171
5520,0.1255807725712657,0.18740275129675865,0.031107416749000548,0.777685534581542,0.13716582919005305,0.5,5.682727714884095e-05,9.51730669699124e-07,0.05581395348837209
5530,0.2130525778979063,0.24123758897185327,0.04918173551559448,1.107036406174302,0.15778396164532751,0.4,1.2037898302078247,9.51494131228918e-07,0.055915065722952476
5540,0.045187362283468244,0.07029242478311062,0.014339648187160492,0.3258584612980485,0.07123875736724586,0.8,8.17868709564209,9.512570441507695e-07,0.05601617795753286
5550,0.062136507406830785,0.21978552788496017,0.028029656410217284,0.7007417734712362,0.1786781246541068,0.5,3.8640446291537955e-06,9.510194087527614e-07,0.05611729019211325
5560,0.018180568423122167,0.30281560895964504,0.01958036869764328,0.5009223643690348,0.17612677712459118,0.7,2.0666609998443164e-05,9.507812253236435e-07,0.05621840242669363
5570,0.04408289045095444,0.11461988836526871,0.02781982719898224,0.6954956475645304,0.1747736702905968,0.6,0.11214814335107803,9.505424941528308e-07,0.056319514661274016
5580,-0.0011903684586286544,0.03819178007543087,0.013196063041687012,0.3299013990908861,0.12632967869285494,0.7,9.035688322001079e-07,9.503032155304045e-07,0.0564206268958544
5590,0.27247932851314544,0.2536491058766842,0.02973693311214447,1.0074291869997978,0.18081859659869223,0.3,8.791023254394531,9.500633897471105e-07,0.05652173913043478
5600,0.06859667263925076,0.07824324667453766,0.017897845804691316,0.44744624495506286,0.16808978244662284,0.6,0.03429046645760536,9.498230170943595e-07,0.056622851365015166
5610,0.17446761389728635,0.2530651682987809,0.016446124017238616,0.4111530210822821,0.21148697081953288,0.4,2.45130735265775e-07,9.495820978642273e-07,0.05672396359959555
5620,0.060120223090052605,0.1292482301592827,0.004979105293750763,0.22972215339541435,0.1628061727155,0.6,1.228804588317871,9.493406323494535e-07,0.05682507583417593
5630,-0.031481741834431885,0.16420720033347608,0.013307444751262665,0.3326861701905727,0.13729349090717732,0.7,0.017605584114789963,9.490986208434412e-07,0.05692618806875632
5640,0.2164263129234314,0.27105638980865476,0.0008994117379188538,0.41334010399878024,0.1231188828125596,0.5,1.4832042455673218,9.488560636402576e-07,0.057027300303336706
5650,0.04801702741533518,0.27817681594751775,0.018291577696800232,0.45728942584246396,0.20061031584627925,0.4,2.5117765289905947e-07,9.48612961034632e-07,0.05712841253791709
5660,0.0011885173618793488,0.048775074630975725,0.010626129806041718,0.2986361771821976,0.14666552224662155,0.7,2.4444844722747803,9.483693133219575e-07,0.05722952477249747
5670,0.03570683225989342,0.1352183572947979,0.021950912475585938,0.5487726204097271,0.13853388240095227,0.6,2.5579946041107178,9.481251207982888e-07,0.057330637007077856
5680,-0.04875577986240387,0.11596270948648453,0.010184082388877868,0.2546020386740565,0.1368866358185187,0.6,3.2685738915461116e-07,9.478803837603429e-07,0.05743174924165824
5690,-0.06743163280189038,0.07507616430521011,0.008873793482780456,0.13077069278806447,0.21257904309313744,0.5,5.9862217312911525e-05,9.476351025054983e-07,0.05753286147623862
5700,0.03601616732776165,0.30611071195453404,0.0005142731126397849,0.2752921782433987,0.19898142712190747,0.6,0.0020332084968686104,9.473892773317951e-07,0.057633973710819006
5710,0.43726263716816904,0.32524614222347736,0.011169955134391785,0.896709488146007,0.07298340585548431,0.6,4.5317392505239695e-07,9.471429085379337e-07,0.057735085945399396
5720,-0.019808505661785603,0.21402959795668722,0.0032423712313175202,0.15323881134390832,0.2353257129667327,0.3,8.115316390991211,9.468959964232757e-07,0.05783619817997978
5730,-0.01247641146183014,0.20410821512341498,0.00597018413245678,0.20104209315031768,0.14355681363958867,0.7,3.792521852119535e-07,9.466485412878424e-07,0.05793731041456016
5740,-0.008241074532270432,0.11963767595589161,0.008965721726417542,0.26294728815555574,0.17717898942064494,0.6,0.2108263373374939,9.464005434323153e-07,0.058038422649140546
5750,-0.06567159369587898,0.3466857522726059,0.008662959933280945,0.3034542802721262,0.22293558076489717,0.3,17.74028778076172,9.461520031580351e-07,0.05813953488372093
5760,0.18071476554032415,0.14660231426823883,0.002158489637076855,0.34867638871073725,0.11407657328527421,0.5,0.0014634665567427874,9.459029207670017e-07,0.05824064711830131
5770,0.036615041084587574,0.17455191127955913,0.018888908624649047,0.47222260721027853,0.12346637886948883,0.6,26.27185821533203,9.456532965618737e-07,0.058341759352881696
5780,-0.13808908462524414,0.2539015233516693,0.0031779225915670394,0.0794479113072157,0.09325070960912854,0.8,1.8051296137855388e-05,9.45403130845968e-07,0.058442871587462086
5790,-0.019402516633272172,0.1346512481570244,0.021403202414512636,0.5391977865248918,0.15608676976989955,0.6,1.7443092303892627e-07,9.451524239232594e-07,0.05854398382204247
5800,0.07918793950229883,0.15898625776171685,0.015603089332580566,0.39007726274430754,0.2139862789772451,0.5,5.77651309967041,9.449011760983808e-07,0.05864509605662285
5810,0.1297338105738163,0.13158935792744159,0.01822323352098465,0.4555810485035181,0.13554412755183876,0.5,3.092964789175312e-06,9.446493876766217e-07,0.058746208291203236
5820,0.15811187475919725,0.4811596989631653,0.015150077641010284,0.3637877993285656,0.2102293295552954,0.5,1.5221883131744107e-06,9.443970589639289e-07,0.05884732052578362
5830,0.1110760172829032,0.20379967242479324,0.012973147630691528,0.3243285346776247,0.19804967923555522,0.5,12.270651817321777,9.441441902669056e-07,0.058948432760364
5840,-0.027252349257469177,0.034123335778713224,0.010603469610214234,0.2650890551507473,0.10667090851347893,0.8,1.365783418805222e-06,9.43890781892811e-07,0.059049544994944386
5850,0.060307566076517105,0.06958006620407105,0.01106320098042488,0.2765801131725311,0.14390247692354025,0.6,0.2082381397485733,9.436368341495602e-07,0.05915065722952477
5860,0.0205815851688385,0.01874653100967407,0.010631725192070007,0.2657931767404079,0.1056283058365807,0.9,9.167681855615228e-05,9.433823473457239e-07,0.05925176946410516
5870,0.11792315188795328,0.2719055099412799,0.019773763418197633,0.3720396624878049,0.21418525869958102,0.3,8.171950340270996,9.431273217905271e-07,0.05935288169868554
5880,0.25829189121723173,0.3915578186511993,0.026528891921043397,0.6632226441055536,0.17141506972257048,0.3,1.030048131942749,9.428717577938503e-07,0.059453993933265926
5890,0.06115752421319485,0.0969594281166792,0.0206215500831604,0.5155387867242098,0.18922184954863042,0.5,7.118713855743408,9.426156556662275e-07,0.05955510616784631
5900,-0.0019501317292451859,0.015986323356628418,0.010949204117059708,0.27373013868927953,0.10344314447138458,0.9,5.089623300591484e-07,9.423590157188474e-07,0.05965621840242669
5910,0.16693808026611806,0.14028817096259444,0.014851675927639007,0.4784966053441167,0.10341731265652924,0.7,0.0005504741566255689,9.421018382635513e-07,0.059757330637007076
5920,-0.15041655022650957,0.4088771022856236,0.025214684009552003,0.36231554877012967,0.163781705731526,0.4,0.0008533470099791884,9.418441236128343e-07,0.05985844287158746
5930,0.02409818470478058,0.1888106144964695,0.011556821316480637,0.2889205452054739,0.14602254347410054,0.5,0.00013844923523720354,9.41585872079844e-07,0.05995955510616784
5940,0.2795906478539109,0.218436611443758,0.017582306265830995,0.24590835349517876,0.1780649973312393,0.5,0.3990635573863983,9.4132708397838e-07,0.06006066734074823
5950,0.26078765504062174,0.20594359803944826,0.028167036175727845,0.7041757056489587,0.19180235117673874,0.3,1.1502665281295776,9.410677596228948e-07,0.06016177957532862
5960,0.16098412089049816,0.1302330434322357,0.023076565563678743,0.5769144408404827,0.15277002877555787,0.5,4.472204208374023,9.408078993284917e-07,0.060262891809909
5970,0.06115825977176428,0.11772583676502109,0.01113170012831688,0.32816293742507696,0.13036221326328815,0.6,0.007519164122641087,9.405475034109254e-07,0.06036400404448938
5980,0.13884837105870246,0.14277939945459367,0.029332196712493895,0.7333052918314934,0.14737264616414905,0.5,17.159170150756836,9.402865721866015e-07,0.06046511627906977
5990,-0.028861212730407714,0.18372141122817992,0.0020883703604340554,0.05220912788063288,0.10027323295362293,0.8,7.680870908188808e-07,9.400251059725762e-07,0.06056622851365015
6000,0.1042970597743988,0.12468671649694443,0.01112595945596695,0.2781490948051214,0.0996802982641384,0.7,21.450084686279297,9.397631050865553e-07,0.06066734074823053
6010,0.04880287889391184,0.2532483180752024,0.021172834932804106,0.5781602598726749,0.16336193829774856,0.5,2.6495718955993652,9.395005698468948e-07,0.060768452982810924
6020,0.0009154956787824631,0.07847849819809198,0.011423813551664353,0.2855954110622406,0.15006196359172463,0.6,2.333636522293091,9.392375005725999e-07,0.06086956521739131
6030,0.2977376863360405,0.36643457412719727,0.011162652820348739,0.35442067719995973,0.15872254967689514,0.5,0.06707726418972015,9.389738975833242e-07,0.06097067745197169
6040,0.16880587972700595,0.2203732680529356,0.005624957382678986,0.09668774120509624,0.13088010924402624,0.7,45.64991760253906,9.387097611993706e-07,0.06107178968655207
6050,0.41564498881343753,0.44766728724353017,-0.03935973644256592,0.06375286169350147,0.11232306635938585,0.5,0.00702526792883873,9.384450917416893e-07,0.06117290192113246
6060,0.06587388217449189,0.04996138513088226,0.0035316739231348038,0.08829165622591972,0.102883638930507,0.8,5.680043955180736e-07,9.381798895318791e-07,0.06127401415571284
6070,0.10235356241464615,0.30988109707832334,0.013016490638256073,0.27278999499976636,0.1353338571032509,0.7,1.6680748160524672e-07,9.379141548921852e-07,0.06137512639029322
6080,0.08410842744633555,0.06488721705973148,0.015634378790855406,0.39085957519710063,0.1399579827208072,0.7,1.8496603965759277,9.376478881455008e-07,0.06147623862487361
6090,0.03990456275641918,0.37189724296331406,0.021440792083740234,0.5360195096582174,0.21921682374086232,0.3,36.61711502075195,9.373810896153646e-07,0.061577350859454
6100,0.038584384694695474,0.027192382141947746,0.010963057726621627,0.27407646607607605,0.10748941719066352,0.8,2.7183640003204346,9.371137596259621e-07,0.06167846309403438
6110,0.0,0.0,0.01156792938709259,0.2891981635242701,0.07153277227189392,1.0,6.168804702610942e-07,9.368458985021246e-07,0.061779575328614764
6120,0.14994290117174386,0.11802971819415689,0.011692145466804504,0.29230341129004955,0.09526837384328246,0.7,1.3483150951287826e-06,9.365775065693286e-07,0.06188068756319515
6130,0.11520581245422364,0.08931416273117065,0.01827632188796997,0.4625101272016764,0.10972080603241921,0.8,0.0001367746153846383,9.363085841536957e-07,0.06198179979777553
6140,0.17461038627661765,0.27626428063958886,0.022039592266082764,0.5509896401315928,0.1930155464215204,0.4,2.5054404735565186,9.360391315819916e-07,0.062082912032355914
6150,0.09872605800628662,0.13187924027442932,0.0107596717774868,0.2689918804913759,0.10813411723356695,0.8,5.398357391357422,9.357691491816268e-07,0.0621840242669363
6160,0.029326343536376955,0.27745646238327026,0.007698993384838104,0.19678995423018933,0.1343026637332514,0.7,44.955596923828125,9.354986372806556e-07,0.06228513650151668
6170,0.07604092955589295,0.16536086201667785,0.014919178187847137,0.3729792024940252,0.10405185893177986,0.6,4.248075008392334,9.352275962077752e-07,0.06238624873609707
6180,0.12682624198496342,0.17375921607017517,0.019796498119831085,0.4949130922555923,0.18126638093963265,0.6,7.75035630340426e-07,9.349560262923261e-07,0.062487360970677454
6190,0.3068749031983316,0.2598881981568411,0.008706106245517731,0.3673623913899064,0.17326855717692524,0.4,0.9056574702262878,9.346839278642913e-07,0.06258847320525783
6200,-0.009262903407216073,0.051054719090461734,0.001595182716846466,0.03987972587347031,0.0919516351306811,0.8,1.1653850151560619e-06,9.344113012542963e-07,0.06268958543983821
6210,0.19103347454220057,0.2573110915720463,0.01306566447019577,0.6366873241961002,0.17354746980126948,0.4,3.755612850189209,9.341381467936078e-07,0.06279069767441861
6220,0.12742742151021957,0.17937751412391661,0.018378394842147826,0.45946003422141074,0.0992536036297679,0.8,0.07872813194990158,9.338644648141345e-07,0.062891809908999
6230,0.11869122199714184,0.1055216796696186,0.08936237096786499,2.234060260280967,0.12343260648194701,0.5,0.015441522933542728,9.335902556484256e-07,0.06299292214357938
6240,0.02421186026185751,0.11066942736506462,0.01728959083557129,0.4322401437908411,0.14476849178317935,0.5,8.612839698791504,9.333155196296712e-07,0.06309403437815976
6250,-0.005723400134593248,0.06542334444820881,0.013586507737636566,0.3396627679467201,0.15713287598919123,0.7,0.007441656198352575,9.330402570917015e-07,0.06319514661274014
6260,0.0126366525888443,0.2115726113319397,0.013195197284221648,0.329880178719759,0.11836293374653906,0.7,6.14927339553833,9.327644683689865e-07,0.06329625884732053
6270,0.04890228845179081,0.08811049107462168,0.019848358631134034,0.4962089717388153,0.09497443223372101,0.7,4.605458798323525e-06,9.324881537966354e-07,0.06339737108190091
6280,0.12440671026706696,0.08599910736083985,0.006847640872001648,0.4288863088935614,0.08080038437619805,0.8,1.3390447861638677e-07,9.322113137103963e-07,0.0634984833164813
6290,0.04137009382247925,0.1612001821398735,0.02410210818052292,0.6025524202734232,0.11812628959305585,0.5,5.272444923321018e-06,9.319339484466563e-07,0.06359959555106168
6300,0.15556076169013977,0.1416909724473953,0.018169254064559937,0.449719631485641,0.0772161579458043,0.8,6.497414233308518e-07,9.316560583424402e-07,0.06370070778564206
6310,0.027954011561814696,0.025351444073021413,0.009625512361526489,0.24466045796871186,0.16266407135408373,0.5,3.0517184734344482,9.313776437354107e-07,0.06380182002022244
6320,-0.043456147171673364,0.039572455374582205,0.004031198844313621,0.10077987313270569,0.08874430102296174,0.8,12.284144401550293,9.310987049638679e-07,0.06390293225480283
6330,0.061189360730350015,0.09603268625214696,0.018790243566036223,0.48220568932592867,0.1696503110928461,0.6,9.995884895324707,9.308192423667485e-07,0.06400404448938321
6340,-0.1386592634022236,0.16918729171156882,0.010453297197818756,0.2613323828205466,0.1554852425120771,0.6,0.005538905505090952,9.30539256283626e-07,0.0641051567239636
6350,0.11780094802379608,0.2173855073750019,0.0361592561006546,0.9039815912023187,0.24615965995471925,0.4,1.4593178033828735,9.302587470547099e-07,0.06420626895854398
6360,0.06645703017711639,0.053035064786672595,0.018121993541717528,0.44982244409620764,0.12668569481465966,0.6,4.326754570007324,9.299777150208455e-07,0.06430738119312437
6370,0.059225821122527125,0.2016244178637862,0.015526796877384185,0.38817027285695077,0.2100063695339486,0.3,0.0006507658981718123,9.296961605235132e-07,0.06440849342770476
6380,0.1575970821082592,0.12381100580096245,0.010090664029121399,0.2476614348590374,0.12610173702705652,0.6,4.951838945999043e-06,9.294140839048279e-07,0.06450960566228514
6390,0.08425270419102163,0.25051164282485844,0.023952153325080872,0.5988039646297694,0.22566347410902382,0.4,29.969179153442383,9.291314855075396e-07,0.06461071789686552
6400,-0.028100159764289857,0.232866270840168,0.0016153410077095031,0.34681321438401935,0.11382840310689062,0.6,34.3522834777832,9.288483656750321e-07,0.06471183013144591
6410,0.3490473207086325,0.39114413149654864,0.017103889584541322,0.42759743724018334,0.12283180702943355,0.5,29.07591438293457,9.285647247513224e-07,0.06481294236602629
6420,-0.006995831429958343,0.28289922773838044,-0.0029212525114417076,0.20569045953452586,0.1266897019231692,0.7,1.5416466681017482e-07,9.282805630810612e-07,0.06491405460060667
6430,0.25480638705194,0.24288756670430303,0.0285881906747818,0.7190593685954809,0.11645668381825089,0.5,5.663121700286865,9.279958810095316e-07,0.06501516683518706
6440,0.27024226263165474,0.2455117642879486,0.032843956351280214,0.8210990104824305,0.15091547784395515,0.5,0.00014184035535436124,9.277106788826493e-07,0.06511627906976744
6450,0.21097029894590377,0.281587839871645,0.009162276983261108,0.5130074039101601,0.14506894175428897,0.4,13.849266052246094,9.274249570469616e-07,0.06521739130434782
6460,-0.020041944249533115,0.02956639025360346,0.016474881768226625,0.41754178926348684,0.16094516275916249,0.6,0.005341073032468557,9.271387158496476e-07,0.06531850353892821
6470,0.08978327661752701,0.1631465420126915,0.03279810845851898,0.7110059678554534,0.150445598969236,0.7,3.8730951246179757e-07,9.268519556385172e-07,0.06541961577350859
6480,-0.024826707772444934,0.01925174930074718,0.02298906147480011,0.5749182671308517,0.17836100494023413,0.5,0.006023629102855921,9.265646767620112e-07,0.06552072800808897
6490,0.3602665901184082,0.23144001960754396,-0.018584394454956056,0.15802238769829274,0.08576304167509079,0.7,0.0059913103468716145,9.262768795692005e-07,0.06562184024266936
6500,-0.018979177670553328,0.09894610885530711,0.015691226720809935,0.39228115417063236,0.12781851491890847,0.7,2.6227391458633065e-07,9.25988564409786e-07,0.06572295247724974
6510,0.19689251929521562,0.1442638710141182,0.017495131492614745,0.46965030319988726,0.12488886779174209,0.7,5.94796895980835,9.256997316340975e-07,0.06582406471183014
6520,-0.09352043010294438,0.13451119735836983,0.02214842140674591,0.5537108968943357,0.16191752508748322,0.7,0.009783130139112473,9.254103815930943e-07,0.06592517694641052
6530,0.30324224978685377,0.4743132829666138,-0.006335166841745376,0.4852315401658416,0.11780468821525573,0.6,1.2403495475155069e-07,9.251205146383637e-07,0.0660262891809909
6540,0.12118158051744103,0.10608582273125648,0.03233906328678131,0.808476422727108,0.15639885892160238,0.5,2.0696396827697754,9.248301311221216e-07,0.06612740141557129
6550,0.0900554459542036,0.08807903602719307,0.01992364078760147,0.4980911761522293,0.13312891686800868,0.6,3.4006146165665996e-07,9.245392313972115e-07,0.06622851365015167
6560,0.043653391918633135,0.19636526158428752,0.012619905173778534,0.3255174070596695,0.15296879606321453,0.7,36.09454345703125,9.242478158171037e-07,0.06632962588473205
6570,0.05535094290971756,0.13534818589687347,0.009518017619848251,0.23795038908720018,0.12039219667203724,0.7,4.52822732925415,9.239558847358957e-07,0.06643073811931244
6580,0.07651468813419342,0.1889997325837612,0.018131716549396514,0.3584381494671106,0.1151190453208983,0.4,4.22738776251208e-06,9.236634385083113e-07,0.06653185035389282
6590,0.0009747926145792007,0.20711363416630774,0.010606736689805985,0.2651683136820793,0.13427247270010412,0.7,1.8649928569793701,9.233704774897004e-07,0.0666329625884732
6600,0.1909070461988449,0.16028377860784532,0.00790923684835434,0.5369086254388094,0.09995748905930668,0.7,18.81279182434082,9.230770020360381e-07,0.06673407482305359
6610,0.11948818564414979,0.2261403724551201,0.061081981658935545,1.5166917257010937,0.17389702261425555,0.4,4.799655914306641,9.227830125039247e-07,0.06683518705763397
6620,0.24180719256401062,0.24193140864372253,0.019591125845909118,0.4897781930863857,0.09631662513129413,0.8,39.897247314453125,9.224885092505852e-07,0.06693629929221435
6630,0.06196506262058392,0.23903881690930576,0.021258683502674104,0.5314671954140067,0.18464660535100846,0.6,1.9289536476135254,9.22193492633869e-07,0.06703741152679474
6640,0.1522609993815422,0.13692063018679618,0.010108734667301177,0.503946776688099,0.12116132960654795,0.6,8.10546875,9.21897963012249e-07,0.06713852376137512
6650,0.2003633439540863,0.16145365536212922,0.0192912757396698,0.48228216804564,0.07550169583410024,0.7,35.97181701660156,9.216019207448216e-07,0.0672396359959555
6660,0.18333195224404336,0.48507327809929845,0.019421739876270293,0.825743717327714,0.217327257595025,0.4,22.33086585998535,9.213053661913059e-07,0.0673407482305359
6670,0.054517684131860734,0.06505686342716217,0.0232346847653389,0.5808669321238995,0.09810172661673278,0.8,4.901116312794329e-07,9.210082997120438e-07,0.06744186046511629
6680,0.18290282785892487,0.26137966364622117,0.02300759553909302,0.5772889804095029,0.11003412739373744,0.6,7.497382640838623,9.207107216679993e-07,0.06754297269969667
6690,0.27941949367523194,0.19522061944007874,-0.012102480977773666,0.4039372276514769,0.0717672758968547,0.7,0.08376633375883102,9.204126324207573e-07,0.06764408493427705
6700,0.2518710967153311,0.294833654910326,0.01975376009941101,0.49384443946182727,0.19281456649769096,0.4,50.956424713134766,9.201140323325248e-07,0.06774519716885744
6710,-0.017008006852120162,0.05436340793967247,0.014882889389991761,0.3788419902324677,0.15811087891925127,0.7,0.044417500495910645,9.198149217661286e-07,0.06784630940343782
6720,0.03295960174873471,0.06379630155861378,0.02257383018732071,0.5643457431346178,0.15076324599795043,0.7,0.06671164929866791,9.195153010850166e-07,0.0679474216380182
6730,-0.016084587574005126,0.0405779454857111,0.01211966499686241,0.30299165900796654,0.10672482941299677,0.7,2.388737527780904e-07,9.19215170653256e-07,0.06804853387259858
6740,-0.0017871042713522912,0.19528916776180266,0.07519662380218506,1.8799153950065375,0.17613720567896962,0.5,0.020801585167646408,9.189145308355337e-07,0.06814964610717897
6750,0.014888814091682434,0.10832360088825226,-0.001169938873499632,0.17844548150897027,0.08927326709963382,0.8,0.004181671421974897,9.186133819971555e-07,0.06825075834175935
6760,0.02592632584273815,0.039650600496679546,0.03491570353507996,0.9093608800321817,0.11918738870881498,0.7,8.458468414573872e-08,9.183117245040454e-07,0.06835187057633973
6770,0.06784163974225521,0.23334494344890117,0.02318897396326065,0.5797249030321836,0.16423482110258192,0.5,4.55547620958896e-07,9.180095587227458e-07,0.06845298281092012
6780,0.018794696778059006,0.2776359885931015,0.02068387418985367,0.517096683382988,0.13908919943496584,0.5,2.279677937622182e-05,9.177068850204166e-07,0.0685540950455005
6790,0.09644781835377217,0.08874507136642933,0.024447692930698393,0.6111927282065153,0.08327253602910786,0.7,9.607725814930745e-07,9.17403703764835e-07,0.06865520728008088
6800,0.20579869598150252,0.1590361401438713,-0.00018207347020506858,0.36461731493473054,0.14632625842932612,0.6,7.271412372589111,9.171000153243946e-07,0.06875631951466127
6810,-0.008020708430558443,0.23510292815044523,0.011447524279356002,0.2861895296722651,0.20549847276415675,0.4,3.8180698425094306e-07,9.167958200681056e-07,0.06885743174924165
6820,-0.04480277318507433,0.0403177444357425,0.013146623969078064,0.32866569235920906,0.1278593056369573,0.6,3.074958385695936e-07,9.164911183655941e-07,0.06895854398382205
6830,0.3809930171817541,0.3512200996279716,0.018376673758029937,0.8003993552178145,0.17827913837973028,0.4,1.187219500541687,9.161859105871012e-07,0.06905965621840243
6840,0.21395123451948167,0.24581196159124374,-0.009798633307218552,0.42016643695533273,0.15363416869658977,0.5,11.450325965881348,9.158801971034832e-07,0.06916076845298282
6850,0.09016801714897156,0.37686880230903624,0.016476234793663024,0.41190268670543445,0.20556787147652358,0.6,0.0036535260733217,9.155739782862106e-07,0.0692618806875632
6860,0.21888411194086074,0.2501784980297089,0.029897868633270264,0.7474465679377318,0.12085173877421766,0.7,0.04754506051540375,9.152672545073686e-07,0.06936299292214358
6870,0.16651866175234317,0.39048289954662324,0.0022755149751901627,0.2227617546916008,0.19501393761020153,0.4,20.715961456298828,9.149600261396551e-07,0.06946410515672397
6880,0.020832007564604283,0.10462195025756955,0.02992357611656189,0.748089625313878,0.1522112549515441,0.3,7.362541198730469,9.146522935563815e-07,0.06956521739130435
6890,0.016572362929582595,0.19744299054145814,0.014308732748031617,0.3577183846384287,0.1437074658460915,0.6,6.1405035012285225e-06,9.143440571314722e-07,0.06966632962588473
6900,0.186873010545969,0.22268281877040863,0.009263639897108078,0.2315913073718548,0.1323729845462367,0.7,0.0008767242543399334,9.140353172394635e-07,0.06976744186046512
6910,-0.09674262627959251,0.0939603567123413,0.021612431108951568,0.5403217408806086,0.18688345034606754,0.6,4.742772102355957,9.137260742555032e-07,0.0698685540950455
6920,0.14210386034101247,0.1818309299647808,0.020424024760723115,0.5194757881283294,0.16800106156151742,0.5,0.04526142776012421,9.134163285553509e-07,0.06996966632962588
6930,0.3094564646482468,0.2966132417321205,0.010881421715021133,0.4858495713211596,0.08413662954699248,0.6,1.0920339121867073e-07,9.131060805153769e-07,0.07007077856420627
6940,0.022584394365549088,0.06516424790024758,0.00467115081846714,0.1167788129299879,0.1330450964625925,0.7,2.467867261657375e-07,9.127953305125616e-07,0.07017189079878665
6950,-0.05493797808885574,0.07174548283219337,0.01294931173324585,0.3325277637690306,0.10417075636796654,0.7,12.120104789733887,9.124840789244957e-07,0.07027300303336703
6960,0.24852373227477073,0.2607535257935524,-0.0047176159918308255,0.4851393844932318,0.13127664434723557,0.5,0.00032768413075245917,9.121723261293792e-07,0.07037411526794742
6970,0.12921995408833026,0.38228874653577805,0.017317870259284975,0.432946640253067,0.1757665710989386,0.4,7.132408142089844,9.118600725060213e-07,0.07047522750252781
6980,0.15838925167918205,0.17869309782981874,0.02405598908662796,0.6013997938483954,0.09738507932052017,0.7,12.291982650756836,9.115473184338392e-07,0.0705763397371082
6990,0.1916862058453262,0.2522443816065788,0.014753417670726776,0.3465076686814427,0.16100864419713617,0.5,3.543245384207694e-06,9.112340642928588e-07,0.07067745197168858
7000,0.01135680852457881,0.0206928500905633,0.013191473484039307,0.3673777900636196,0.14565227110870183,0.6,0.9329105615615845,9.109203104637136e-07,0.07077856420626896
7010,0.17175984904170036,0.2317192142829299,-0.00033221954945474865,0.47843889258801936,0.09781607859767974,0.5,0.08630562573671341,9.10606057327644e-07,0.07087967644084935
7020,0.04689888805150986,0.31519568562507627,0.017719607055187225,0.44299044013023375,0.12191210165619851,0.7,0.0018522616010159254,9.102913052664969e-07,0.07098078867542973
7030,0.007518158107995987,0.3606786370277405,0.022329777479171753,0.5582442965358496,0.26545146929565816,0.4,2.1915738582611084,9.099760546627261e-07,0.07108190091001011
7040,-0.0457001406699419,0.010569888353347778,0.0087441585958004,0.19461502581834794,0.07836750659625977,0.9,0.0007784488261677325,9.096603058993905e-07,0.0711830131445905
7050,0.3117057681083679,0.24299293532967567,0.019278323650360106,0.4819583103060722,0.10764363317284734,0.6,0.5538578033447266,9.093440593601551e-07,0.07128412537917088
7060,0.26759558971971276,0.3181516759097576,-0.0004925695713609457,0.2317912880331278,0.1275696441764012,0.5,6.186169230204541e-07,9.090273154292888e-07,0.07138523761375126
7070,0.3095857448875904,0.3859466716647148,0.035424435138702394,0.8856111098080873,0.18433089449536055,0.3,22.37367057800293,9.087100744916655e-07,0.07148634984833165
7080,0.09393068291246891,0.20923771262168883,0.014589029550552367,0.5511668745428324,0.16833868355024606,0.7,0.037213463336229324,9.083923369327628e-07,0.07158746208291203
7090,-0.023875095462426544,0.07536076791584492,0.011318793147802353,0.2870246069505811,0.16519158130977302,0.4,3.201140880584717,9.080741031386618e-07,0.07168857431749241
7100,0.0989117469638586,0.1658593714237213,0.025806161761283874,0.6679563287645578,0.18427621515002102,0.4,1.6664619445800781,9.077553734960468e-07,0.0717896865520728
7110,0.15156937815481797,0.08661107631633058,0.029373717308044434,0.7630327187478543,0.07034323618281632,0.7,8.012808052626497e-07,9.07436148392204e-07,0.07189079878665318
7120,-0.042381283454597,0.20274348855018615,0.027442502975463866,0.6860627558082342,0.20922524207271637,0.2,2.4897689819335938,9.071164282150223e-07,0.07199191102123358
7130,0.11465583015233279,0.33730498403310777,0.027437788248062134,0.6859447967261076,0.1520900452742353,0.5,8.977444648742676,9.067962133529917e-07,0.07209302325581396
7140,0.08841931521892547,0.23687504529953002,0.0260820209980011,0.6520505633205176,0.164820981095545,0.6,8.301777839660645,9.064755041952035e-07,0.07219413549039434
7150,0.036797511577606204,0.13104679472744465,0.02386559695005417,0.5997064843773842,0.11573787822853773,0.6,1.8128842115402222,9.061543011313496e-07,0.07229524772497473
7160,0.04053845666348934,0.13150653205811977,0.021430982649326323,0.5401128474622965,0.21695088339038193,0.3,5.516349792480469,9.05832604551722e-07,0.07239635995955511
7170,0.08606738448143006,0.049181362986564635,0.006030183658003807,0.15075465030968188,0.07870352573227138,0.9,4.5752818550681695e-05,9.055104148472122e-07,0.07249747219413549
7180,0.09481982719153166,0.2737087458372116,0.01965823620557785,0.6973338164389133,0.18579845391213895,0.4,1.982959838642273e-05,9.051877324093113e-07,0.07259858442871588
7190,0.215969792753458,0.4365902692079544,0.025640228390693666,0.6410058047622442,0.1753006673650816,0.5,1.942320704984013e-05,9.04864557630109e-07,0.07269969666329626
7200,0.2577821215614676,0.2794677359983325,0.010236980020999908,0.7377229887992144,0.18098248282913118,0.3,0.00034630962181836367,9.045408909022927e-07,0.07280080889787664
7210,0.19503006488084793,0.1306106775999069,0.016380710899829863,0.40952185094356536,0.14053772445768117,0.6,0.005556109361350536,9.042167326191484e-07,0.07290192113245703
7220,0.03650654852390289,0.06652453318238258,0.013712759315967559,0.3489867582917213,0.09596785618923605,0.8,1.601015329360962,9.038920831745587e-07,0.07300303336703741
7230,0.07406354118138551,0.20445380080491304,0.02374093234539032,0.5929651569575072,0.2016867104684934,0.4,6.086884498596191,9.035669429630035e-07,0.07310414560161779
7240,0.11266512051224709,0.3677193345502019,-0.011583174020051957,0.2546555794775486,0.20112998553086073,0.3,24.826711654663086,9.032413123795587e-07,0.07320525783619818
7250,-0.008627084828913213,0.01500192042440176,0.008558602631092071,0.21396527513861657,0.0953592620557174,0.8,1.109760250983527e-05,9.02915191819896e-07,0.07330637007077856
7260,0.22867949549108743,0.18805580781772732,0.021674253046512604,0.5418566703796387,0.14864895639475434,0.5,3.7337245885282755e-05,9.025885816802832e-07,0.07340748230535894
7270,0.004499479848891497,0.21884951293468474,0.009052322804927826,0.49486416913568976,0.21655076409224422,0.3,0.0005804859683848917,9.022614823575818e-07,0.07350859453993933
7280,0.09577212408185005,0.22608520425856113,0.03395443260669708,0.8772536925971508,0.1570103517966345,0.4,5.8062567710876465,9.019338942492485e-07,0.07360970677451972
7290,0.1913219617679715,0.26547307297587397,0.001525159552693367,0.6075397323817014,0.18330178959295154,0.3,4.945734417560743e-07,9.016058177533338e-07,0.0737108190091001
7300,0.12127713859081268,0.17456333637237548,0.020708587765693665,0.5177147503942251,0.1198231008835137,0.7,5.641937264044827e-07,9.012772532684818e-07,0.07381193124368049
7310,0.075244140625,0.06357536688446999,0.03318726420402527,0.8296810004860162,0.11681663792114705,0.6,1.662264347076416,9.009482011939289e-07,0.07391304347826087
7320,0.23565227091312407,0.1840027268975973,-0.008469944447278976,0.5064364392310381,0.0848602520301938,0.5,3.0619993209838867,9.006186619295047e-07,0.07401415571284126
7330,0.1466194202657789,0.11737861661240459,0.030581489205360413,0.806457007303834,0.17166623168159276,0.4,7.375331878662109,9.002886358756303e-07,0.07411526794742164
7340,0.0446825735270977,0.1703755922615528,0.01769414246082306,0.4492596920579672,0.1645500358659774,0.4,9.983173370361328,8.999581234333186e-07,0.07421638018200202
7350,0.21579767912626266,0.23927074372768403,0.024102842807769774,0.6025707419961691,0.15812946727965027,0.5,24.273576736450195,8.996271250041734e-07,0.0743174924165824
7360,0.3253666050732136,0.3054117121733725,0.030124536156654357,0.8076952684670686,0.21232745682355017,0.3,18.34003448486328,8.992956409903889e-07,0.07441860465116279
7370,0.09313646833033999,0.11360350380127784,0.0249024361371994,0.30852945391088726,0.2530261286068708,0.4,3.3176827430725098,8.989636717947494e-07,0.07451971688574317
7380,0.14298071749508381,0.22956234142184256,0.018295350670814513,0.46559781171381476,0.17730256628710778,0.5,0.023934729397296906,8.98631217820629e-07,0.07462082912032356
7390,0.04348226934671402,0.19039485082030297,0.02119286358356476,0.5503771800547839,0.1897070868872106,0.4,6.52301025390625,8.982982794719903e-07,0.07472194135490394
7400,0.032964852452278134,0.080064956843853,0.016031797230243682,0.4007949449121952,0.09194977029692382,0.8,3.503229527268559e-05,8.979648571533851e-07,0.07482305358948432
7410,0.12221829015761614,0.19787818789482117,-0.01860850602388382,0.16230318304151298,0.16688032958190888,0.5,3.2137792110443115,8.976309512699528e-07,0.0749241658240647
7420,0.27781926644966004,0.19512512092478573,-0.004790657013654709,0.38073601238429544,0.09842958548106254,0.5,0.1801203042268753,8.972965622274205e-07,0.07502527805864509
7430,0.08762153824791312,0.3774979768320918,0.014099562168121338,0.3524894930422306,0.23072376183699816,0.3,1.9684412479400635,8.969616904321025e-07,0.07512639029322549
7440,-0.013645574450492859,0.2883978195488453,0.008636019378900527,0.2159005979076028,0.12195208158809692,0.7,0.00036435117362998426,8.966263362908996e-07,0.07522750252780587
7450,-0.03715519979596138,0.07129302620887756,0.007064682990312576,0.18059836104512214,0.13067083072382957,0.7,6.314512575045228e-07,8.962905002112988e-07,0.07532861476238625
7460,-0.07354360017925501,0.10145192183554172,0.018618452548980712,0.4748846098780632,0.15051853593904524,0.6,16.854190826416016,8.959541826013723e-07,0.07542972699696664
7470,0.0732998464256525,0.2337740084156394,0.022838623821735383,0.5709657669067383,0.1843030483694747,0.4,15.591463088989258,8.95617383869778e-07,0.07553083923154702
7480,0.37621819544583557,0.4316537734121084,0.04507613182067871,1.0693849623203278,0.19355811539571732,0.5,0.24027414619922638,8.952801044257581e-07,0.0756319514661274
7490,0.21207878491841256,0.1830456078052521,0.023817262053489684,0.5954320423305035,0.20561344658490271,0.3,5.928054332733154,8.949423446791386e-07,0.07573306370070779
7500,0.007462763879448176,0.1253293538466096,0.013097520172595977,0.3274381499737501,0.1241362840635702,0.5,12.046038627624512,8.946041050403299e-07,0.07583417593528817
7510,-0.05828341618180275,0.07489838302135468,0.0028802452608942984,0.07200605683028698,0.08828894782345742,0.8,2.3914976119995117,8.942653859203248e-07,0.07593528816986855
7520,0.039979128539562224,0.13126951456069946,0.008481214940547942,0.26604394502937795,0.17641240521334112,0.7,0.0002631850657053292,8.93926187730699e-07,0.07603640040444894
7530,0.2086052566766739,0.20419930517673493,-0.0213461697101593,0.22522596903145314,0.1382196577033028,0.5,9.216376304626465,8.935865108836101e-07,0.07613751263902932
7540,-0.06454160362482071,0.0809934101998806,0.01028296872973442,0.25707435719668864,0.11320960836019367,0.7,0.0018631585408002138,8.932463557917979e-07,0.0762386248736097
7550,0.19101252146065234,0.2638595633208752,-0.0029463227838277817,0.36396415792405606,0.2372175753582269,0.3,9.629240989685059,8.929057228685828e-07,0.07633973710819009
7560,0.008636217564344406,0.0675802000798285,0.0067192897200584415,0.16798574663698673,0.14365455522201956,0.7,3.5473676689434797e-05,8.925646125278656e-07,0.07644084934277047
7570,0.10079306960105897,0.2036874771118164,0.008103621006011964,0.20259059872478247,0.09668362580705434,0.8,1.5097307937139703e-07,8.922230251841278e-07,0.07654196157735085
7580,0.018956351559609175,0.013663888350129128,0.020422592759132385,0.5105649303644896,0.12627080648671835,0.8,0.102091483771801,8.918809612524303e-07,0.07664307381193125
7590,0.1986775204539299,0.2719428289681673,0.018302395939826965,0.45756046324968336,0.17411419455893337,0.5,12.382543563842773,8.91538421148413e-07,0.07674418604651163
7600,0.03976055383682251,0.185793898999691,0.030840733647346498,0.7710183434188366,0.13516962160356344,0.6,1.710296783130616e-05,8.911954052882939e-07,0.07684529828109202
7610,0.30285321176052094,0.27664320170879364,0.035882437229156496,0.8970607358962297,0.1295873406343162,0.6,4.698477198417095e-07,8.908519140888703e-07,0.0769464105156724
7620,0.04390987083315849,0.07255796119570732,0.02520519495010376,0.6301300007849931,0.1163142533507198,0.7,0.13171933591365814,8.905079479675164e-07,0.07704752275025278
7630,0.10231815255247056,0.19047061996534467,0.0015819430351257323,0.27857247851788997,0.18763138975482435,0.4,1.1877722272402025e-06,8.90163507342183e-07,0.07714863498483317
7640,0.11164053604006767,0.2205809511244297,0.016127929091453552,0.4031981386244297,0.19668722860515117,0.4,0.4778437316417694,8.898185926313981e-07,0.07724974721941355
7650,0.08303104881197214,0.07373218163847924,0.011867457628250122,0.29668646343052385,0.14302950496785344,0.6,4.413300757732941e-06,8.894732042542659e-07,0.07735085945399393
7660,0.06658267974853516,0.16098328828811645,0.02255450189113617,0.5638626258820295,0.13254366181790828,0.6,7.150421197366086e-07,8.891273426304654e-07,0.07745197168857432
7670,0.006104437680914998,0.01832576598972082,0.015412139892578124,0.3853034220635891,0.1078773757442832,0.8,0.006821653805673122,8.887810081802514e-07,0.0775530839231547
7680,-0.0230289114639163,0.21368987560272218,0.02460881173610687,0.6152200929820537,0.2237287351395935,0.3,9.641976356506348,8.884342013244528e-07,0.07765419615773508
7690,-0.12717268280684949,0.15047259926795958,0.008662619441747666,0.22745751366019248,0.1336551205953583,0.8,0.0018552563851699233,8.880869224844725e-07,0.07775530839231547
7700,0.11033932343125344,0.06805853992700577,0.024455906450748445,0.6381373167037964,0.12371403058059513,0.6,5.766970616605249e-07,8.877391720822873e-07,0.07785642062689585
7710,0.022705402155406774,0.140939955227077,0.011261191219091415,0.28153204582631586,0.1765565642621368,0.6,0.40128499269485474,8.873909505404467e-07,0.07795753286147623
7720,0.0400214777328074,0.1983514804393053,0.016449424624443054,0.416883447393775,0.15378969165030867,0.6,34.40100860595703,8.870422582820725e-07,0.07805864509605662
7730,0.07920348856132478,0.1597282494418323,0.011590349674224853,0.3165246110409498,0.19921093320008368,0.5,16.769119262695312,8.866930957308587e-07,0.078159757330637
7740,-0.008891977462917566,0.20600464642047883,0.011430957168340684,0.2857740569859743,0.21426782407797873,0.4,8.402192179346457e-05,8.863434633110709e-07,0.0782608695652174
7750,0.05701868534088135,0.032582104206085205,0.011898571252822876,0.3014498047530651,0.06231011115014553,0.9,3.630186029113247e-06,8.859933614475452e-07,0.07836198179979778
7760,0.19778850749135019,0.24081031158566474,0.007903477549552918,0.1975869283080101,0.14845915641635657,0.5,6.53853760468337e-07,8.856427905656889e-07,0.07846309403437816
7770,0.029614334180951118,0.16101731322705745,0.014401377737522125,0.4650357414036989,0.18121014481876047,0.3,0.4680759608745575,8.852917510914781e-07,0.07856420626895855
7780,0.006421919167041779,0.3389716796576977,0.005057757347822189,0.26528722867369653,0.21830922896042465,0.3,12.628311157226562,8.84940243451459e-07,0.07866531850353893
7790,0.034361033514142034,0.20260226726531982,0.013327248394489288,0.3331814967095852,0.19863225889857858,0.5,0.011567414738237858,8.845882680727468e-07,0.07876643073811931
7800,0.03951981067657471,0.24171824529767036,0.013628582656383514,0.34071468114852904,0.18968037490267306,0.4,0.0005073088104836643,8.842358253830245e-07,0.0788675429726997
7810,0.059009885787963866,0.16190931797027588,0.015163427591323853,0.3988839011639357,0.11935539476107807,0.7,0.03722023218870163,8.838829158105433e-07,0.07896865520728008
7820,-0.01380381230264902,0.05636927830055356,0.012233985215425491,0.3531206753104925,0.13464382416568696,0.6,0.0576695017516613,8.835295397841216e-07,0.07906976744186046
7830,-0.0751720251981169,0.2839599774684757,0.011453764885663987,0.23954997323453425,0.19663646733388304,0.3,3.920712471008301,8.831756977331446e-07,0.07917087967644085
7840,0.07074987292289733,0.06444181799888611,0.006003385037183761,0.15008492805063725,0.08743265019729733,0.9,0.019885746762156487,8.828213900875638e-07,0.07927199191102123
7850,0.29973804354667666,0.2897369176149368,0.018627652525901796,0.46569144502282145,0.1346265954663977,0.6,0.00021668548288289458,8.824666172778963e-07,0.07937310414560161
7860,-0.004105374962091446,0.07534691393375396,0.002419530972838402,0.06048833467066288,0.12765153960790485,0.8,1.6086708001239458e-06,8.821113797352245e-07,0.079474216380182
7870,0.1011806458234787,0.12470263093709946,0.01801920831203461,0.4504802588373423,0.15513227279298009,0.6,4.657339104596758e-06,8.817556778911956e-07,0.07957532861476238
7880,0.09142004325985909,0.21716749146580697,0.00031963959336280825,0.18864824250340462,0.13819703490007668,0.5,29.499347686767578,8.813995121780209e-07,0.07967644084934276
7890,0.09342942982912064,0.237588344886899,0.026432490348815917,0.6608125332742929,0.1936563135823235,0.4,1.0099381597683532e-07,8.810428830284751e-07,0.07977755308392316
7900,-0.0004087342880666256,0.01566922403872013,0.020503118634223938,0.5125780869275331,0.13509879815392195,0.8,3.59771728515625,8.806857908758967e-07,0.07987866531850354
7910,0.15590568245388567,0.1263024360872805,0.019594936072826384,0.4898735545575619,0.16083315922878683,0.6,0.3308156430721283,8.803282361541858e-07,0.07997977755308393
7920,0.1191362664103508,0.18836657851934432,0.02691648006439209,0.6729122564196587,0.1139379937434569,0.6,0.004026812966912985,8.799702192978056e-07,0.08008088978766431
7930,0.040975958481431006,0.17005984745919706,0.018626075983047486,0.36747253984212874,0.22461734572425485,0.4,9.964783203031402e-06,8.796117407417799e-07,0.0801820020222447
7940,0.33803870975971223,0.3148591071367264,0.04048128426074982,1.0120325848460197,0.13644289390649647,0.5,0.040820591151714325,8.792528009216942e-07,0.08028311425682508
7950,0.011119838058948516,0.08388829678297043,0.01137550175189972,0.2843889009207487,0.13537292308174073,0.8,0.08880080282688141,8.788934002736943e-07,0.08038422649140546
7960,-0.03771485686302185,0.33411396741867067,0.005712033063173294,0.14280947856605053,0.13422580515034496,0.6,15.352322578430176,8.785335392344857e-07,0.08048533872598584
7970,0.08911780864000321,0.12438706457614898,0.008119544386863709,0.3029409635812044,0.10249782707542181,0.6,13.74565601348877,8.781732182413335e-07,0.08058645096056623
7980,0.012747017387300729,0.04642248228192329,0.010538912564516067,0.2634729042649269,0.14596528008114545,0.6,1.1570886373519897,8.778124377320617e-07,0.08068756319514661
7990,0.13441862631589174,0.24780946616083382,0.023907992243766784,0.6660459194332361,0.19940362360794098,0.2,2.291313648223877,8.774511981450528e-07,0.080788675429727
8000,0.056563499569892886,0.07187327444553375,0.007786610722541809,0.28344971463084223,0.10900964643806219,0.6,1.2148472023909562e-06,8.770894999192466e-07,0.08088978766430738
8010,-0.026844971626996995,0.1476003859192133,0.009365116059780122,0.42489539347589017,0.11624160618521273,0.6,1.2144218089815695e-05,8.767273434941411e-07,0.08099089989888776
8020,0.005398799479007721,0.03237579874694348,0.004131868109107017,0.10329673290252686,0.092143943044357,0.7,0.45888015627861023,8.7636472930979e-07,0.08109201213346814
8030,0.02350066900253296,0.30155770629644396,0.021808382868766785,0.5338624235242605,0.1717211797600612,0.4,20.205028533935547,8.760016578068039e-07,0.08119312436804853
8040,-0.05432262551039457,0.18930308148264885,0.009506958723068237,0.23767417185008527,0.1569494033465162,0.6,13.858259201049805,8.756381294263489e-07,0.08129423660262892
8050,0.024147509783506393,0.2274228572845459,0.012067272514104842,0.30168176591396334,0.16414321919437497,0.6,10.739410400390625,8.752741446101463e-07,0.08139534883720931
8060,-0.006600394099950791,0.04537902139127255,0.013216561079025269,0.3304139733314514,0.13688216283917426,0.7,12.696027755737305,8.749097038004721e-07,0.08149646107178969
8070,0.05448411107063293,0.07085509598255157,0.01140698790550232,0.2851746782660484,0.10246928106062114,0.8,0.0034010866656899452,8.74544807440156e-07,0.08159757330637007
8080,-0.10412807203829288,0.29598173052072524,0.01194230243563652,0.2985575970262289,0.2048298276029527,0.5,1.1303542852401733,8.741794559725817e-07,0.08169868554095046
8090,0.28435600753873586,0.2825627729296684,0.012742216885089874,0.3185559153556824,0.14089982875157148,0.5,1.8494436517357826e-05,8.738136498416855e-07,0.08179979777553084
8100,0.016723788995295762,0.09307011514902115,0.005124039947986603,0.3016214858740568,0.15719396679196507,0.6,8.135576248168945,8.734473894919562e-07,0.08190091001011122
8110,0.03114010076969862,0.1421126388013363,0.012493614107370377,0.3080770533531904,0.1375915787415579,0.6,0.03393326699733734,8.730806753684352e-07,0.08200202224469161
8120,0.18650703546591102,0.2447153778746724,0.02407875806093216,0.6019686914980411,0.1927794130751863,0.4,0.748905599117279,8.727135079167143e-07,0.08210313447927199
8130,0.08515834845602513,0.21904789805412292,0.02848862111568451,0.6767178125679493,0.19374734486918896,0.6,4.563689231872559,8.723458875829367e-07,0.08220424671385237
8140,0.027474994596559554,0.02321933788480237,0.006398189067840576,0.16183972954750062,0.11495865401811897,0.7,1.1491237046357128e-06,8.719778148137958e-07,0.08230535894843276
8150,0.032086516916751864,0.2396067526191473,0.01299077719449997,0.4605123601853848,0.16537392768077552,0.5,2.3201766907732235e-06,8.716092900565347e-07,0.08240647118301314
8160,-0.02143543176352978,0.11668901480734348,0.014944444596767425,0.4083876647055149,0.14618356935679913,0.5,0.0014357389882206917,8.712403137589455e-07,0.08250758341759352
8170,0.13503825664520264,0.12863060534000398,0.003675156086683273,0.091878891736269,0.14057927627582104,0.7,4.906017303466797,8.708708863693695e-07,0.08260869565217391
8180,0.1750306811183691,0.23542178310453893,0.01642991155385971,0.4107476878911257,0.18869345230050386,0.4,8.29534837976098e-05,8.705010083366959e-07,0.08270980788675429
8190,0.05541529580950737,0.19529535491019487,0.006910951435565948,0.17277372851967812,0.101301113772206,0.5,8.658490742163849e-07,8.70130680110361e-07,0.08281092012133467
8200,0.05184890441596508,0.20376107264310123,0.010688994079828262,0.24575866460800172,0.18311457387171687,0.5,28.721790313720703,8.697599021403487e-07,0.08291203235591507
8210,0.058730147778987885,0.07655836418271064,0.0007986782118678093,0.019966964051127432,0.07692271161358803,0.7,3.374815378265339e-06,8.693886748771894e-07,0.08301314459049546
8220,0.02973378747701645,0.23838976472616197,0.0068751096725463865,0.17187786437571048,0.15359662449918687,0.5,4.5136749804441934e-07,8.690169987719591e-07,0.08311425682507584
8230,0.00033106296323239805,0.002713908813893795,0.0022317130118608476,0.055792811512947085,0.0903103830292821,0.9,0.006329857744276524,8.68644874276279e-07,0.08321536905965622
8240,-0.12101888805627822,0.14602839797735215,0.007701678574085236,0.19254307821393013,0.12839060619007797,0.6,6.826308890595101e-06,8.682723018423159e-07,0.0833164812942366
8250,0.0025978576391935348,0.04403087683022022,0.001998838037252426,0.04998880848288536,0.10608299155719578,0.8,12.313516616821289,8.678992819227803e-07,0.08341759352881699
8260,0.0163198247551918,0.05404278188943863,0.005799086019396782,0.14497725442051887,0.13700057179667055,0.7,0.001652123057283461,8.675258149709263e-07,0.08351870576339737
8270,0.16358258426189423,0.25156941283494233,0.016829946637153627,0.34238414987921717,0.16809593690559269,0.4,0.828425943851471,8.671519014405519e-07,0.08361981799797776
8280,0.17701091822236775,0.1713952509686351,0.013117992877960205,0.32794978767633437,0.18403643222991378,0.4,5.875144004821777,8.667775417859971e-07,0.08372093023255814
8290,0.11128403916954994,0.1985948786139488,0.007207851856946945,0.18019627407193184,0.12604580647312105,0.6,7.104520705070172e-07,8.66402736462144e-07,0.08382204246713852
8300,0.04195034578442573,0.38661516457796097,0.017153403162956236,0.42883529216051103,0.19936599005013705,0.5,0.629372239112854,8.660274859244166e-07,0.0839231547017189
8310,-0.01973312604241073,0.02524711253354326,0.007513359934091568,0.18783414997160436,0.0994088614359498,0.8,5.901700319554948e-07,8.656517906287798e-07,0.08402426693629929
8320,0.1073594108223915,0.18613772168755532,0.011629807949066161,0.2907452156767249,0.11964574120938778,0.7,18.3162899017334,8.652756510317386e-07,0.08412537917087967
8330,0.20955599322915078,0.20783101432025433,0.041450658440589906,1.0362668290734292,0.12362653648015112,0.5,1.7773754734662361e-06,8.64899067590338e-07,0.08422649140546005
8340,0.13081158101558685,0.23187566176056862,0.026752445101737975,0.6688109882175922,0.19497671225108207,0.4,16.858552932739258,8.645220407621628e-07,0.08432760364004044
8350,0.010169225931167602,0.24183083772659303,0.012889572978019714,0.32223943136632444,0.1272351855179295,0.7,0.09056965261697769,8.641445710053359e-07,0.08442871587462084
8360,0.09604922868311405,0.23137341141700746,0.02192961275577545,0.5447333317250014,0.1843172928551212,0.5,19.071311950683594,8.637666587785184e-07,0.08452982810920122
8370,0.04036036133766174,0.2662921978160739,0.011087542772293091,0.2829858880490065,0.22722705610794947,0.4,0.0018068930367007852,8.633883045409096e-07,0.0846309403437816
8380,0.10037246868014335,0.2098900444805622,-0.002879902720451355,0.17301558293402194,0.10889269534964115,0.6,3.696267604827881,8.630095087522456e-07,0.08473205257836199
8390,0.052320823073387146,0.0613871231675148,0.012071094661951064,0.3017772376537323,0.0809501557610929,0.8,5.202765009926225e-07,8.626302718727989e-07,0.08483316481294237
8400,0.023381785582751037,0.127262978348881,0.022169430553913117,0.46142164953053,0.17040167187806218,0.5,1.0779919624328613,8.62250594363378e-07,0.08493427704752275
8410,0.013420414179563522,0.10286476314067841,0.007911159098148346,0.19777923598885536,0.0844589778687805,0.8,6.044058682164177e-05,8.61870476685327e-07,0.08503538928210314
8420,0.09225700162351132,0.1480627626180649,0.011176271736621857,0.2794066905975342,0.17603063774295152,0.6,0.00941903330385685,8.614899193005246e-07,0.08513650151668352
8430,0.3697456195950508,0.4434628501534462,0.03654322624206543,0.9135805245488882,0.195552385924384,0.3,0.015028719790279865,8.611089226713841e-07,0.0852376137512639
8440,0.022674521431326866,0.04365217015147209,0.012624174356460571,0.315604654699564,0.1337031830335036,0.6,3.532941627781838e-05,8.607274872608521e-07,0.08533872598584429
8450,0.18902272880077362,0.18956218510866166,0.029709187150001527,0.7427295178174973,0.15915449208114296,0.4,1.7915239334106445,8.603456135324087e-07,0.08543983822042467
8460,0.04377420023083687,0.17426420301198958,0.010060881823301315,0.3318668011575937,0.13649005491752178,0.6,6.194433694872714e-07,8.599633019500664e-07,0.08554095045500505
8470,0.09815923110581934,0.1084514003014192,0.008986692130565643,0.22466744258999824,0.12525695043150337,0.5,2.4372379779815674,8.595805529783701e-07,0.08564206268958544
8480,0.06873145699501038,0.09991782680153846,0.009024645388126373,0.2256161082535982,0.16259305118583142,0.5,9.02451756701339e-06,8.591973670823958e-07,0.08574317492416582
8490,-0.02879156619310379,0.059482252597808837,0.004871894419193268,0.12285673879086971,0.12451740053948016,0.7,0.46613767743110657,8.588137447277502e-07,0.0858442871587462
8500,0.09544766023755073,0.2562650615349412,0.012436781078577042,0.31091938465833663,0.16280748560093344,0.5,43.38488006591797,8.584296863805708e-07,0.0859453993933266
8510,0.08888789489865304,0.1421643516048789,0.023367807269096375,0.584194689616561,0.1442388314055279,0.6,3.4198961657239124e-05,8.580451925075247e-07,0.08604651162790698
8520,0.10172303263098001,0.15116356834769248,0.022778013348579408,0.5694505333900451,0.18223114414140582,0.5,1.8177562952041626,8.576602635758085e-07,0.08614762386248737
8530,0.21466524749994279,0.2671211749315262,0.016274186968803405,0.4068545516580343,0.132276142667979,0.6,7.411048412322998,8.572749000531467e-07,0.08624873609706775
8540,-0.0034587055444717405,0.13088027462363244,0.005147009715437889,0.128675027564168,0.10275374499615282,0.7,22.008445739746094,8.568891024077924e-07,0.08634984833164813
8550,-0.08282924946397544,0.13908345270901917,0.009495081007480621,0.23737706393003463,0.17371685025282205,0.5,2.681407750060316e-06,8.565028711085265e-07,0.08645096056622852
8560,0.23092573881149292,0.3616839572787285,0.023018451035022737,0.5754609849303961,0.17796933385543526,0.4,11.960201263427734,8.561162066246561e-07,0.0865520728008089
8570,0.19357906272634864,0.33683089446276426,0.024897152185440065,0.6496822487562894,0.22384749988559632,0.2,13.196406364440918,8.557291094260151e-07,0.08665318503538928
8580,0.07964005097746849,0.13248556107282639,0.01413712501525879,0.35342807210981847,0.2041407410753891,0.4,3.546532392501831,8.553415799829628e-07,0.08675429726996967
8590,-0.0077941685914993284,0.038387802243232724,0.009751959145069123,0.2559079185128212,0.1307315045502037,0.8,5.0211974667035975e-06,8.549536187663846e-07,0.08685540950455005
8600,0.061110210977494715,0.17377355843782424,0.022574843466281892,0.6449971564114094,0.21056244210340083,0.4,0.018653491511940956,8.545652262476897e-07,0.08695652173913043
8610,-0.06821062415838242,0.04145862981677055,0.0027148230001330376,0.06787052378058434,0.09765889060217887,0.8,0.00015960789460223168,8.541764028988114e-07,0.08705763397371082
8620,0.24532407596707345,0.14286250323057176,0.02697163224220276,0.6778644856065512,0.09416566403815523,0.6,0.02035718783736229,8.537871491922071e-07,0.0871587462082912
8630,-0.031068204343318938,0.08286472484469413,0.008945684134960174,0.22364222966134548,0.13370475687552244,0.7,0.036894720047712326,8.533974656008564e-07,0.08725985844287158
8640,0.21008295938372612,0.2964653015136719,0.026387259364128113,0.6596814565360546,0.210188631946221,0.6,98.35902404785156,8.530073525982619e-07,0.08736097067745197
8650,-0.017066922783851624,0.11953302174806595,0.00485886000096798,0.12147142998874187,0.1552876410773024,0.7,0.0042167422361671925,8.526168106584475e-07,0.08746208291203236
8660,0.05311176895629614,0.05465640174224973,0.015815103054046632,0.30702529089758174,0.14948252914473414,0.7,5.811721166537609e-07,8.522258402559585e-07,0.08756319514661275
8670,0.17516887644305826,0.26377690881490706,0.013200952112674713,0.3734187863767147,0.16755707419943064,0.4,9.318578690908907e-07,8.518344418658612e-07,0.08766430738119313
8680,0.07759028263390064,0.11502410508692265,0.0227862685918808,0.5696573976427317,0.09735447387211024,0.6,0.021185800433158875,8.514426159637409e-07,0.08776541961577351
8690,0.06789275519549846,0.22585765477269887,0.017181016504764557,0.42952553778886793,0.16971757309511304,0.5,0.06707516312599182,8.510503630257034e-07,0.0878665318503539
8700,0.14064485658891498,0.11470300033688545,0.022773125767707826,0.36089105557184664,0.15406773395370693,0.6,7.655267715454102,8.50657683528373e-07,0.08796764408493428
8710,0.013472349755465985,0.1644861400127411,0.012319706380367279,0.3079926632344723,0.12887636218219994,0.7,5.20342439358501e-07,8.502645779488921e-07,0.08806875631951466
8720,0.006115786172449589,0.07919692117720842,0.014926600456237792,0.3731651153415442,0.11303027467802167,0.6,0.11551585793495178,8.498710467649213e-07,0.08816986855409505
8730,0.16264162063598633,0.14814051389694213,0.011112162470817566,0.27780434489250183,0.0732013521483168,0.9,0.0001502525992691517,8.49477090454638e-07,0.08827098078867543
8740,-0.02357317805290222,0.05053735226392746,0.011375522613525391,0.2843881228938699,0.12398512801155448,0.8,0.02479150891304016,8.490827094967363e-07,0.08837209302325581
8750,-0.021879395842552184,0.24175399206578732,0.014378321170806885,0.47387030981481076,0.19810360791161657,0.4,1.3888975445297547e-06,8.486879043704262e-07,0.0884732052578362
8760,0.07925843521952629,0.14103317111730576,0.0279180645942688,0.6979516625404358,0.18328622174449266,0.6,7.8881449699401855,8.482926755554332e-07,0.08857431749241658
8770,-0.011735559022054077,0.25005990006029605,0.0275419682264328,0.6993619192391634,0.23413016591221095,0.3,24.17863655090332,8.478970235319974e-07,0.08867542972699696
8780,0.0014972686767578125,0.225996508449316,0.013562780618667603,0.33906969241797924,0.15727676956448705,0.5,48.430564880371094,8.475009487808736e-07,0.08877654196157735
8790,0.13588711591437458,0.2179061695933342,0.025854170322418213,0.7288489893078804,0.15690358432475476,0.4,0.025761108845472336,8.471044517833297e-07,0.08887765419615773
8800,0.1954735953360796,0.5436658820137381,0.027382302284240722,0.7276144023984671,0.24339685782324522,0.2,6.713825860060751e-05,8.467075330211473e-07,0.08897876643073811
8810,0.15420532822608948,0.43116456270217896,0.02547503113746643,0.7937011618167162,0.18578673552256078,0.4,9.470707893371582,8.463101929766196e-07,0.08907987866531851
8820,0.14868109859526157,0.19692462980747222,0.016858676075935365,0.4214669566601515,0.16355471983551978,0.6,9.435727292839147e-07,8.459124321325527e-07,0.0891809908998989
8830,-0.08220357839018107,0.17461048997938633,0.019371433556079863,0.48428571596741676,0.21858012126758694,0.5,3.9023248973535374e-05,8.455142509722634e-07,0.08928210313447928
8840,0.17604072839021684,0.19194598793983458,0.016210411489009858,0.4843469087034464,0.12607372007332743,0.6,11.718510627746582,8.451156499795791e-07,0.08938321536905966
8850,0.06945943627506494,0.29461101070046425,0.025589805841445924,0.6397451423108578,0.18976437411038205,0.3,8.288263320922852,8.44716629638838e-07,0.08948432760364004
8860,0.08229228258132934,0.12594920694828032,0.02666134834289551,0.6665341056883335,0.12238419123459607,0.7,1.2569989848998375e-06,8.443171904348872e-07,0.08958543983822043
8870,0.05886049680411816,0.19241836816072463,0.029667630791664124,0.7577288087457419,0.2078410057350993,0.4,6.508656978607178,8.439173328530828e-07,0.08968655207280081
8880,0.2864518796093762,0.19802451636642218,-0.0035783052444458008,0.4884346313774586,0.1195521343499422,0.5,0.009202788583934307,8.4351705737929e-07,0.0897876643073812
8890,0.11460847407579422,0.1386991634964943,0.019496926665306093,0.4874234709888697,0.16780003113672137,0.3,0.9874524474143982,8.431163644998806e-07,0.08988877654196158
8900,-0.008526162803173065,0.019238396361470223,0.009576469659805298,0.2602221962064505,0.11626109019853174,0.8,3.551570415496826,8.427152547017349e-07,0.08998988877654196
8910,0.0883425496518612,0.20327625721693038,0.0182919517159462,0.4754957929253578,0.1733895468409173,0.6,0.06645426899194717,8.423137284722388e-07,0.09009100101112234
8920,0.0021813832223415374,0.0012465047650039196,0.009750021994113922,0.24375054724514483,0.07946526755113155,0.9,0.002551920711994171,8.419117862992844e-07,0.09019211324570273
8930,0.2021044861525297,0.20303314477205275,0.018954777717590333,0.4738694719970226,0.1471587303094566,0.6,0.026199718937277794,8.415094286712694e-07,0.09029322548028311
8940,0.12485691979527473,0.1383918896317482,0.01993224322795868,0.49830630607903004,0.16021058140322567,0.6,2.3498377799987793,8.411066560770964e-07,0.09039433771486349
8950,0.21209692023694515,0.19071723092347384,0.02076714634895325,0.5191788885742425,0.1639085140544921,0.3,12.652009963989258,8.40703469006172e-07,0.09049544994944388
8960,0.06903580352663993,0.15268874913454056,0.021740451455116272,0.5429705377668143,0.18777658274630085,0.4,4.278212547302246,8.402998679484067e-07,0.09059656218402427
8970,0.035442226380109784,0.0401581859216094,0.030729693174362183,0.7682426128536463,0.15948644345626234,0.5,0.15179893374443054,8.398958533942135e-07,0.09069767441860466
8980,0.1528170986333862,0.08884625434875489,0.015619623661041259,0.39039504509419204,0.17713451804593205,0.7,0.018399173393845558,8.394914258345083e-07,0.09079878665318504
8990,0.13889881297945977,0.12350024022161961,0.015840360522270204,0.39600904248654845,0.10190553383436055,0.7,6.97852087020874,8.390865857607088e-07,0.09089989888776542
9000,0.21900856122374535,0.5672293812036514,0.012639766931533814,0.3992389731109142,0.21977542482782156,0.3,38.81839370727539,8.386813336647338e-07,0.0910010111223458
9010,0.09199159741401672,0.19811737313866615,0.03009330928325653,0.752333153039217,0.1394745316822082,0.6,17.851388931274414,8.382756700390029e-07,0.09110212335692619
9020,-0.006894107535481453,0.31674438044428826,0.01985226422548294,0.5570475686341524,0.24679189885500818,0.4,0.015539641492068768,8.378695953764355e-07,0.09120323559150657
9030,0.26215319633483886,0.1498018205165863,0.03350420296192169,0.3220510225743055,0.08639760036021471,0.8,7.946990194795944e-07,8.374631101704508e-07,0.09130434782608696
9040,0.04101001918315887,0.2662270747125149,0.009642858803272248,0.3692465856671333,0.20280523218680174,0.4,5.329300165612949e-07,8.370562149149665e-07,0.09140546006066734
9050,0.21833007633686066,0.15497989282011987,0.015023869276046754,0.3755968514829874,0.10014937024097889,0.7,0.018117884173989296,8.366489101043988e-07,0.09150657229524772
9060,0.3828334972262383,0.22671622708439826,0.02047937214374542,0.7393535681068897,0.12909474117914216,0.5,3.1404128074645996,8.362411962336613e-07,0.0916076845298281
9070,0.0832163117825985,0.09000502079725266,0.027279290556907653,0.6819824829697609,0.11308499414008111,0.8,0.09558102488517761,8.35833073798165e-07,0.09170879676440849
9080,0.0001436270773410797,0.09385901987552643,0.009456631541252137,0.2364161003381014,0.11809943623375148,0.6,1.0535389947108342e-06,8.35424543293817e-07,0.09180990899898887
9090,0.13979192599654197,0.3137237697839737,-0.0008013087324798107,0.37081419825553896,0.1838449863018468,0.5,0.0005652233958244324,8.350156052170205e-07,0.09191102123356926
9100,0.005524749541655183,0.0328415535215754,0.018800288438796997,0.47000762149691583,0.13519082039128988,0.7,2.0761801806656877e-06,8.346062600646737e-07,0.09201213346814964
9110,0.09994619376957417,0.07821313329041005,0.006282161176204682,0.16964010186493397,0.10052885725162923,0.6,2.8283175197429955e-05,8.341965083341696e-07,0.09211324570273004
9120,0.005448031425476074,0.3070575393736362,0.016577649116516113,0.41444079391658306,0.14729716279543936,0.6,2.871326432796195e-05,8.337863505233953e-07,0.09221435793731042
9130,-0.0457679994404316,0.15941254869103433,0.00918618068099022,0.29580690935254095,0.12934387759305538,0.5,3.5446641959424596e-06,8.333757871307309e-07,0.0923154701718908
9140,0.4081222012639046,0.4921577274799347,0.03144862949848175,0.7488390360027551,0.17645550821907818,0.5,13.901556015014648,8.329648186550499e-07,0.09241658240647119
9150,0.12365878894925117,0.30134350508451463,0.03269423842430115,0.8173563644289971,0.22968916257377714,0.3,2.661404609680176,8.325534455957179e-07,0.09251769464105157
9160,0.19725774675607682,0.20572832860052587,0.02148238867521286,0.5351765349507331,0.17841350387316196,0.4,0.31943750381469727,8.321416684525916e-07,0.09261880687563195
9170,0.11810561269521713,0.24355770871043206,0.01846519410610199,0.6115564063191414,0.19933478208258748,0.4,29.173545837402344,8.317294877260193e-07,0.09271991911021234
9180,0.05670292600989342,0.13884194940328598,0.020619000494480132,0.5154751708731056,0.16275990272406488,0.6,6.468892479460919e-07,8.313169039168393e-07,0.09282103134479272
9190,0.021866253577172756,0.03789849616587162,0.01755247563123703,0.4522968713194132,0.18358294346835463,0.5,1.063713550567627,8.309039175263799e-07,0.0929221435793731
9200,0.030781831964850424,0.28743691043928266,0.011305780708789825,0.2826445814222097,0.18245645951246842,0.5,0.12614639103412628,8.304905290564585e-07,0.09302325581395349
9210,0.3153139026835561,0.263110288977623,0.026027676463127137,0.6506921265274286,0.2205655173631385,0.3,9.344844329461921e-07,8.300767390093812e-07,0.09312436804853387
9220,0.10025875270366669,0.13506429493427277,0.004390982910990715,0.1097744233906269,0.11910023833625019,0.6,0.03241332992911339,8.296625478879416e-07,0.09322548028311425
9230,0.2222238514572382,0.19083041623234748,0.03639188706874848,0.9097972419112921,0.13094062032178044,0.5,4.988526344299316,8.292479561954213e-07,0.09332659251769464
9240,0.03449483960866928,0.019711337238550185,0.022852015495300294,0.5739995252341032,0.11075751553289592,0.8,9.055995906237513e-05,8.288329644355882e-07,0.09342770475227502
9250,0.019001651648432018,0.22481031008064747,0.03315840065479279,0.8289599977433681,0.2537757065379992,0.3,0.1687282770872116,8.284175731126963e-07,0.0935288169868554
9260,0.24000458791851997,0.18825769573450088,0.03091120421886444,0.789813383296132,0.12665456859394908,0.6,5.175518035888672,8.280017827314853e-07,0.09362992922143579
9270,0.15153779983520507,0.2968831293284893,0.0254782110452652,0.636955389752984,0.17627174691297115,0.4,7.06334924697876,8.275855937971798e-07,0.09373104145601618
9280,0.033869610913097856,0.1114157646894455,0.01834187060594559,0.5173961602151393,0.16490831275004894,0.6,4.849877834320068,8.271690068154886e-07,0.09383215369059657
9290,-0.06159171424806118,0.13143647015094756,0.008365123718976974,0.2091279573738575,0.10836353679187596,0.7,1.5529130697250366,8.26752022292604e-07,0.09393326592517695
9300,0.23066438974346964,0.1890414234250784,0.023358167707920076,0.587613083794713,0.21172625389881433,0.3,0.8947396874427795,8.263346407352016e-07,0.09403437815975733
9310,0.19698509573936462,0.21597815304994583,0.01920609027147293,0.44804323799908163,0.16156899102497846,0.5,1.2123599617552827e-06,8.259168626504393e-07,0.09413549039433772
9320,0.022214841656386854,0.07377532944083214,0.006343314796686173,0.15858281031250954,0.15168156803119928,0.6,4.652046072806115e-07,8.254986885459571e-07,0.0942366026289181
9330,0.1718368548899889,0.20363967902958394,0.022146795690059663,0.553669748455286,0.18902593278326094,0.3,0.8516936302185059,8.250801189298758e-07,0.09433771486349848
9340,0.008626511972397565,0.15229687495157124,0.017970062792301178,0.4492514546960592,0.17447164703626186,0.4,8.003902962627762e-07,8.246611543107966e-07,0.09443882709807887
9350,0.10355955362319946,0.13325995206832886,0.017977298796176912,0.4494323693215847,0.11930819855770096,0.7,4.933835029602051,8.242417951978018e-07,0.09453993933265925
9360,0.057519678771495816,0.2202868614345789,0.014823442697525025,0.1864774826914072,0.21012084155809135,0.3,0.06083611398935318,8.238220421004516e-07,0.09464105156723963
9370,0.14901705095544457,0.2691817097365856,0.03599605262279511,0.8999018497765064,0.1935835085110739,0.4,1.2702422509391909e-06,8.234018955287859e-07,0.09474216380182002
9380,0.2886012688279152,0.479497691988945,0.027871960401535036,0.7847979236394167,0.23450214136391878,0.2,15.275153160095215,8.229813559933223e-07,0.0948432760364004
9390,0.2508842684328556,0.32689960300922394,0.02986631393432617,0.7466578219085932,0.1633351643802598,0.4,8.289748191833496,8.225604240050559e-07,0.09494438827098078
9400,0.11636183336377144,0.09816641137003898,0.011941861361265182,0.2985465370118618,0.10109128889162093,0.6,2.1914737224578857,8.22139100075459e-07,0.09504550050556117
9410,0.08371344953775406,0.2308484001085162,0.025900989770889282,0.7078520882874727,0.22941965556237848,0.3,10.037307739257812,8.217173847164798e-07,0.09514661274014155
9420,0.0025816410779953003,0.12663662880659105,0.014655905961990356,0.3663978509604931,0.14911785889416934,0.6,6.784856623198721e-07,8.212952784405422e-07,0.09524772497472195
9430,0.19481816291809081,0.2449767269194126,0.02231399863958359,0.5578499563038349,0.18089690597262234,0.4,0.046781934797763824,8.208727817605451e-07,0.09534883720930233
9440,0.08794906586408616,0.14169960804283618,0.003910001739859581,0.3653778895735741,0.13656466973479836,0.4,1.6859322786331177,8.204498951898618e-07,0.09544994944388271
9450,0.04668773114681244,0.1952734723687172,0.008976391702890395,0.22440991401672364,0.15378992250189186,0.6,2.593531462480314e-05,8.200266192423394e-07,0.0955510616784631
9460,0.08288217470981181,0.2308819006662816,0.019893047213554383,0.4975031979382038,0.22079774814192205,0.4,0.8534758687019348,8.196029544322981e-07,0.09565217391304348
9470,-0.00044361758045852184,0.0002534957602620125,0.0027354931458830833,0.06838736869394779,0.0691526505164802,0.9,1.243273163709091e-05,8.191789012745305e-07,0.09575328614762386
9480,0.09012308567762375,0.11030245833098888,0.03161304593086243,0.7095077121048234,0.12553487494587898,0.7,0.008917193859815598,8.187544602843014e-07,0.09585439838220425
9490,0.1285976365208626,0.17918390221893787,0.0007717786356806755,0.3549090165644884,0.13678805558010937,0.5,0.5705453157424927,8.183296319773465e-07,0.09595551061678463
9500,0.07675632480531931,0.17859387542121113,0.02019231617450714,0.5313578180968761,0.18230778239667417,0.3,0.13687482476234436,8.17904416869872e-07,0.09605662285136501
9510,-0.07061082646250724,0.1809929795563221,0.010998228192329406,0.27495563849806787,0.20278492162469774,0.5,19.211944580078125,8.174788154785547e-07,0.0961577350859454
9520,0.13369341529905795,0.1095630344003439,0.0070097014307975766,0.17524335905909538,0.13123669815249742,0.6,0.5438084006309509,8.170528283205402e-07,0.09625884732052578
9530,0.23473364319652318,0.3408824295736849,0.02827974557876587,1.006813008338213,0.1858330796007067,0.2,7.589426517486572,8.166264559134434e-07,0.09635995955510616
9540,-0.06887993812561036,0.1113467313349247,0.01167166829109192,0.3125786118209362,0.16071949456818402,0.5,7.115515472833067e-06,8.161996987753465e-07,0.09646107178968655
9550,0.05884414203464985,0.09343767687678337,0.02330653667449951,0.5982403166592121,0.17009076102403925,0.5,8.424092925451987e-07,8.157725574248e-07,0.09656218402426693
9560,0.16534115178510547,0.3131633333861828,0.030347687005996705,0.7586923815310002,0.22003335496410728,0.4,10.589826583862305,8.153450323808209e-07,0.09666329625884731
9570,0.0536646194756031,0.09747676942497492,0.023656800389289856,0.6332636430859566,0.18164524701423942,0.4,6.582850456237793,8.149171241628923e-07,0.09676440849342771
9580,0.1614652793854475,0.143087887391448,0.023765483498573305,0.5941370990127325,0.16673310783226042,0.6,0.879123330116272,8.14488833290963e-07,0.0968655207280081
9590,0.13992243334650994,0.09508698843419552,0.01653163880109787,0.4132909905165434,0.10016990012954921,0.5,5.865249022463104e-06,8.14060160285447e-07,0.09696663296258848
9600,0.09430990144610404,0.11332276538014412,0.02964203357696533,0.7410514201968909,0.15417848725337535,0.5,5.327270030975342,8.136311056672223e-07,0.09706774519716886
9610,0.0835534654557705,0.2108545944094658,0.014140945672988892,0.32612421326339247,0.160741301078815,0.6,7.535305500030518,8.132016699576307e-07,0.09716885743174924
9620,0.2293591558933258,0.22512102872133255,0.02093197703361511,0.5773766968399286,0.16535720035899432,0.4,5.995584011077881,8.127718536784771e-07,0.09726996966632963
9630,0.10561313293874264,0.11370514631271363,0.016898053884506225,0.42245156317949295,0.1576079651946202,0.5,0.05054645612835884,8.123416573520289e-07,0.09737108190091001
9640,0.06469152048230171,0.08401161134243011,0.006275375187397003,0.156884391233325,0.16626130014192314,0.6,2.6602606773376465,8.119110815010151e-07,0.0974721941354904
9650,0.07066807448863983,0.14884342551231383,0.02888152301311493,0.7744530085474253,0.09191013262607158,0.7,1.1737056411220692e-05,8.11480126648626e-07,0.09757330637007078
9660,0.05434324480593204,0.05543119013309479,0.009586624056100845,0.23966565541923046,0.12169393585063518,0.7,5.939028824286652e-07,8.110487933185121e-07,0.09767441860465116
9670,0.0820095892995596,0.11050932295620441,0.01241474449634552,0.31036854684352877,0.1424907174659893,0.5,0.051727280020713806,8.106170820347847e-07,0.09777553083923154
9680,0.0900776062742807,0.10980408486211672,0.016213710606098174,0.4053427468985319,0.1317356903804466,0.5,0.005446678958833218,8.101849933220132e-07,0.09787664307381193
9690,0.03373328782618046,0.04377388134598732,0.019650521874427795,0.4912632055580616,0.11281817744020373,0.8,0.01213605422526598,8.097525277052263e-07,0.09797775530839231
9700,0.08995393514633179,0.05140224695205688,-0.005255039781332016,0.1520926859229803,0.08439249141374602,0.9,0.00031364732421934605,8.093196857099105e-07,0.0980788675429727
9710,0.14423615261912345,0.2104275032877922,0.01430654525756836,0.4815729411318898,0.163555102085229,0.7,5.428665303952585e-07,8.088864678620096e-07,0.09817997977755308
9720,0.23882297277450562,0.3257059037685394,0.01558055728673935,0.38951379582285883,0.11666641081683338,0.7,0.008876902982592583,8.084528746879242e-07,0.09828109201213346
9730,-0.01850924864411354,0.06444239020347595,0.007250986248254776,0.18044936321675778,0.10847989208996296,0.7,9.18448165521113e-07,8.080189067145106e-07,0.09838220424671386
9740,-0.05508802831172943,0.25604915618896484,0.014182552695274353,0.3545638233423233,0.1416909651365131,0.5,2.9486632347106934,8.075845644690813e-07,0.09848331648129424
9750,0.014515685476362705,0.031373121868819,0.01361497789621353,0.37091092243790624,0.15795524320565163,0.6,0.005228457972407341,8.071498484794029e-07,0.09858442871587463
9760,0.08206343464553356,0.27350413128733636,0.0234634131193161,0.5865855917334557,0.12887400914914907,0.5,5.1188976613048e-07,8.067147592736962e-07,0.09868554095045501
9770,0.1610236657783389,0.17943324334919453,0.006453890353441238,0.16134751066565514,0.10629696946125478,0.6,8.528305443178397e-06,8.062792973806356e-07,0.09878665318503539
9780,0.0911172354593873,0.3792775310575962,0.03150228857994079,0.7970380742102862,0.2006242436124012,0.2,0.38799142837524414,8.058434633293485e-07,0.09888776541961578
9790,0.029295309353619813,0.158138189278543,0.013464334607124328,0.33660859018564226,0.1965269185602665,0.4,1.0477529031049926e-05,8.054072576494142e-07,0.09898887765419616
9800,0.0865445185918361,0.11884556207805871,0.04539591670036316,1.134898005798459,0.15125284935347735,0.4,12.044547080993652,8.049706808708639e-07,0.09908998988877654
9810,0.1596731536090374,0.22603338323533534,0.015230290591716766,0.5790025297552347,0.19248908872250467,0.4,15.072294235229492,8.045337335241793e-07,0.09919110212335693
9820,0.12777590539772063,0.1799613544717431,0.01640531122684479,0.43323227055370805,0.18283540976699442,0.4,6.064873695373535,8.040964161402931e-07,0.09929221435793731
9830,-0.0017089634202420712,0.03988237865269184,0.016629819571971894,0.41574551798403264,0.20072555451188237,0.5,1.2363450423436007e-06,8.036587292505868e-07,0.09939332659251769
9840,0.0914886485785246,0.10562718957662583,0.014163003861904144,0.354074914008379,0.12351868997793644,0.7,6.352718173729954e-07,8.032206733868911e-07,0.09949443882709808
9850,0.12275156863033772,0.0871311105787754,0.012223275005817413,0.30558210127055646,0.12704771191347392,0.6,6.924257149876212e-07,8.027822490814857e-07,0.09959555106167846
9860,-0.05729831829667091,0.106292568705976,0.016667090356349945,0.4166773669421673,0.175300701148808,0.4,7.544156687799841e-06,8.023434568670971e-07,0.09969666329625884
9870,0.12182429563254119,0.2022048369050026,0.030226293206214904,0.7602483060210943,0.1703944002161734,0.5,0.13679522275924683,8.019042972768991e-07,0.09979777553083923
9880,-0.02753113307990134,0.1511143883690238,0.027910050749778748,0.6977514915168286,0.1871272830525413,0.4,9.607794027033378e-07,8.014647708445124e-07,0.09989888776541962
9890,0.06624265927821398,0.14904474336653947,0.01549624502658844,0.38740615025162695,0.18586596560198815,0.4,1.392534613609314,8.010248781040027e-07,0.1
9900,0.027165937423706054,0.048983296006917955,0.020299647748470307,0.5074914906173944,0.0959930153330788,0.7,8.204714686144143e-05,8.005846195898813e-07,0.10010111223458039
9910,-0.10967564033344387,0.1082825694233179,0.01054278165102005,0.2635694663971663,0.16945370314642788,0.5,3.4593088626861572,8.001439958371039e-07,0.10020222446916077
9920,0.38438442051410676,0.23515860587358475,0.022792841494083404,0.5698213450610637,0.07626200808444991,0.6,2.507282488295459e-06,7.997030073810698e-07,0.10030333670374116
9930,0.04365329360589385,0.0675930555909872,0.010231570899486541,0.2991197228431702,0.18437178540043533,0.3,0.06314355880022049,7.992616547576217e-07,0.10040444893832154
9940,0.07789178490638733,0.3406261999160051,0.027590179443359376,0.6897544410079718,0.22550430269911886,0.3,0.19612190127372742,7.988199385030444e-07,0.10050556117290192
9950,-0.010889248922467232,0.29607763439416884,0.02357553243637085,0.58938820771873,0.2067281951662153,0.3,0.33442461490631104,7.98377859154065e-07,0.1006066734074823
9960,-0.10475055389106273,0.1962065003812313,0.023563095927238466,0.5890777722001076,0.20843039196915925,0.3,31.528772354125977,7.979354172478515e-07,0.10070778564206269
9970,0.162428518012166,0.16437642127275467,0.023418127000331877,0.5854532431811095,0.18401823090389371,0.3,6.552080321853282e-06,7.974926133220126e-07,0.10080889787664307
9980,0.14756645560264586,0.17043213099241256,0.02390618473291397,0.5905784204602241,0.1649493832839653,0.5,8.426283102380694e-07,7.970494479145967e-07,0.10091001011122346
9990,0.14118630886077882,0.11884002536535263,0.03972230553627014,0.9930575501173735,0.1767935803392902,0.5,0.3152724504470825,7.966059215640918e-07,0.10101112234580384
10000,-0.035226092860102656,0.0692716426216066,0.0074060395359992984,0.1851509716361761,0.15344204392749816,0.5,4.5198655128479,7.96162034809424e-07,0.10111223458038422
10010,-0.02507702112197876,0.16406335309147835,0.0183449923992157,0.45862481035292146,0.1620952286059037,0.6,14.311177253723145,7.957177881899577e-07,0.1012133468149646
10020,0.15373554229736328,0.09000943284481763,0.022292296588420867,0.5573075234889984,0.10783694828860461,0.8,5.861917972564697,7.952731822454943e-07,0.10131445904954499
10030,-0.03522261185571551,0.05132678933441639,0.010013126581907273,0.25032818764448167,0.11841049785725773,0.8,4.352147152530961e-05,7.948282175162722e-07,0.10141557128412539
10040,0.07594481110572815,0.1692629188299179,0.011916463822126388,0.29791162014007566,0.15714542996138334,0.6,0.00999908335506916,7.943828945429651e-07,0.10151668351870577
10050,0.2308489976450801,0.30974091961979866,0.023900540173053743,0.5975133549422026,0.22846568792592734,0.3,22.49138069152832,7.939372138666827e-07,0.10161779575328615
10060,0.18995273914188146,0.1598693690262735,0.026988717913627624,0.6747178830206394,0.18806218914687634,0.3,2.2209279537200928,7.934911760289691e-07,0.10171890798786654
10070,0.06242865845561028,0.13689384032040836,0.008357854932546616,0.2925421707332134,0.13753991762641818,0.6,7.29095972928917e-06,7.930447815718021e-07,0.10182002022244692
10080,0.02367005478590727,0.047610914707183837,0.013360220193862914,0.33400501335654553,0.1348753848578781,0.6,1.2314943660385325e-06,7.925980310375932e-07,0.1019211324570273
10090,0.0,0.0,0.0052791770547628404,0.13197932839393617,0.05658941139699891,1.0,5.801276074635098e-06,7.921509249691864e-07,0.10202224469160769
10100,-0.03591861128807068,0.14776550084352494,0.01667981594800949,0.3671264017582871,0.21021353101823478,0.6,7.50994873046875,7.917034639098577e-07,0.10212335692618807
10110,-0.0604940265417099,0.1778827726840973,0.0064036078751087185,0.16009002476930617,0.11240920340642332,0.8,0.005631743930280209,7.912556484033146e-07,0.10222446916076845
10120,0.21757485372945667,0.2666062815114856,0.013195408880710602,0.6842572748661041,0.2316677284077741,0.2,5.394293785095215,7.908074789936951e-07,0.10232558139534884
10130,0.1561153993010521,0.21499764434993268,0.02523810863494873,0.6309527486562729,0.17036924061831088,0.4,0.04149966686964035,7.903589562255672e-07,0.10242669362992922
10140,0.11852043131366372,0.23467335691675545,0.02257770299911499,0.5644424051046372,0.19440986174158753,0.2,0.5983142256736755,7.899100806439285e-07,0.1025278058645096
10150,-0.07987876236438751,0.16846514195203782,0.013839289546012878,0.34598271287977694,0.12548653085250408,0.6,2.9262952011777088e-05,7.894608527942049e-07,0.10262891809908999
10160,0.3550988659262657,0.4005549192428589,-0.019984644651412965,0.16493856087327002,0.1777638310799375,0.5,7.713459808655898e-07,7.890112732222509e-07,0.10273003033367037
10170,0.04349606223404408,0.10630199909210206,0.014406630396842956,0.36016582548618314,0.13915027012117206,0.7,7.360565632552607e-07,7.88561342474348e-07,0.10283114256825075
10180,0.4074809100478888,0.32278797030448914,-0.021072769165039064,0.4606128171086311,0.10207046763971447,0.6,0.022175636142492294,7.881110610972044e-07,0.10293225480283114
10190,0.08810018636286258,0.15076003819704056,0.031148281693458558,0.7787067152559757,0.1868597274646163,0.2,0.0001726965856505558,7.876604296379543e-07,0.10303336703741153
10200,-0.1284123999066651,0.11143796215765178,0.007867144793272019,0.19668142702430486,0.09922421256778761,0.8,0.013264060951769352,7.872094486441578e-07,0.10313447927199192
10210,-0.034686793014407157,0.07840340808033944,0.013205996155738831,0.37494705691933633,0.1586483635008335,0.5,1.020695435727248e-06,7.86758118663799e-07,0.1032355915065723
10220,0.03909122943878174,0.07951873242855072,0.021394228935241698,0.5348557528108359,0.13602257459424436,0.7,9.408149719238281,7.863064402452866e-07,0.10333670374115268
10230,0.0182889673858881,0.13732776343822478,0.01902494877576828,0.47562353163957594,0.17769366735592484,0.5,4.913815975189209,7.858544139374523e-07,0.10343781597573307
10240,0.1907204226590693,0.1680396905168891,0.019483156502246857,0.4870788238942623,0.18894272537436335,0.3,2.5873985290527344,7.854020402895507e-07,0.10353892821031345
10250,0.2553468422731385,0.2595277408603579,0.007038653641939163,0.6035441476851702,0.11353077093372121,0.6,0.00037080366746522486,7.849493198512587e-07,0.10364004044489383
10260,0.1115403026342392,0.12694526724517347,0.024361121654510497,0.6090280018746853,0.1689836030942388,0.6,0.02913001924753189,7.844962531726739e-07,0.10374115267947422
10270,0.20297449887730182,0.19570080563426018,0.018657487630844117,0.6195994921028614,0.16406379865948112,0.4,3.433523033891106e-06,7.840428408043154e-07,0.1038422649140546
10280,0.3399021964520216,0.4129230558872223,0.026324748992919922,0.658119049295783,0.18912103029433638,0.4,25.35349464416504,7.835890832971217e-07,0.10394337714863498
10290,0.09568804092705249,0.18388302400708198,0.0035331886261701583,0.5476635076105595,0.09577795813092962,0.8,0.006144382059574127,7.831349812024512e-07,0.10404448938321537
10300,0.07370762452483177,0.09870150089263915,0.018978787958621977,0.4744697384536266,0.1485556518076919,0.5,6.895759582519531,7.826805350720807e-07,0.10414560161779575
10310,0.19949858114123345,0.16170767992734908,0.035849389433860776,0.8962343975901603,0.15612004020949827,0.5,0.03287813812494278,7.822257454582048e-07,0.10424671385237613
10320,0.2231234483420849,0.1597289890050888,0.023785458505153657,0.600320165231824,0.1423444202169776,0.5,4.314213583711535e-06,7.817706129134363e-07,0.10434782608695652
10330,0.04093341939151287,0.1406668622046709,0.020992335677146912,0.5207041837275028,0.21697536618448793,0.3,0.000708147301338613,7.813151379908037e-07,0.1044489383215369
10340,0.16816016733646394,0.38651610612869264,0.018589313328266143,0.4647325422614813,0.22033341709757223,0.4,7.760653495788574,7.808593212437522e-07,0.1045500505561173
10350,-0.02477363608777523,0.07342562694102525,0.007293850928544998,0.18234653621912003,0.08731607915833592,0.8,1.3168165651222807e-06,7.80403163226142e-07,0.10465116279069768
10360,0.029584886506199837,0.02813713550567627,0.018787933886051177,0.552124872803688,0.1255608201958239,0.6,0.001769240596331656,7.799466644922483e-07,0.10475227502527806
10370,0.13990848269313574,0.09612974897027016,0.009058699756860734,0.2264569740742445,0.11676423550816253,0.7,1.2847390174865723,7.794898255967602e-07,0.10485338725985845
10380,0.09852684289216995,0.14513816684484482,0.0117759570479393,0.42831746488809586,0.1378880379954353,0.5,0.01619865372776985,7.790326470947794e-07,0.10495449949443883
10390,0.044199267774820326,0.05451591685414314,0.01325114369392395,0.3312786042690277,0.11137898422311991,0.7,0.3685448169708252,7.785751295418216e-07,0.10505561172901921
10400,0.35304956920444963,0.2749783094972372,0.06719703674316406,1.6799262087792157,0.17488337219692768,0.5,7.162436759244883e-07,7.781172734938135e-07,0.1051567239635996
10410,0.09543578065931797,0.14885978624224663,0.01077229529619217,0.2305882830172777,0.13054154777200894,0.7,7.224308546938119e-07,7.776590795070932e-07,0.10525783619817998
10420,0.18162705819122493,0.19025337398052217,0.018432018160820008,0.4629140547476709,0.1964711384382099,0.4,4.402268409729004,7.772005481384099e-07,0.10535894843276036
10430,0.09855189686641097,0.2988588117063046,0.01715037077665329,0.4287593312561512,0.187255849968642,0.4,18.862590789794922,7.767416799449222e-07,0.10546006066734075
10440,0.08381908880546689,0.2653518991079181,0.01793377995491028,0.4483447317034006,0.17992074091453106,0.6,0.0006295933853834867,7.762824754841984e-07,0.10556117290192113
10450,0.12667527850717306,0.18476036395877599,0.032225650548934934,0.8056410696357489,0.19622811442241073,0.3,3.805020332336426,7.758229353142152e-07,0.10566228513650151
10460,0.5102933388203382,0.5058704286813736,0.06296692490577697,1.5741750441491604,0.18566649734275414,0.4,0.007218439131975174,7.75363059993357e-07,0.1057633973710819
10470,0.13233756572008132,0.399189193919301,0.026815465092658995,0.6703869301825762,0.20501114208018406,0.4,0.027785005047917366,7.74902850080416e-07,0.10586450960566228
10480,0.11781561747193336,0.19692773409187794,0.018701617419719697,0.46754036843776703,0.2048445761203766,0.3,5.793545722961426,7.744423061345905e-07,0.10596562184024266
10490,-0.05997658148407936,0.11285097002983094,0.011405856907367706,0.28514660224318505,0.1454101603361778,0.5,15.905288696289062,7.739814287154849e-07,0.10606673407482306
10500,-0.10500895529985428,0.3035948880016804,0.012203560769557953,0.30508910603821277,0.17236460723215713,0.6,10.447322845458984,7.735202183831084e-07,0.10616784630940344
10510,0.22854441218078136,0.18870279025286435,0.0060460250824689865,0.611269861087203,0.14342198714148252,0.4,2.1481430530548096,7.730586756978756e-07,0.10626895854398383
10520,0.11554247089661658,0.31384344985708595,0.01724054217338562,0.43101358637213705,0.18745634437073022,0.5,8.161092637237743e-07,7.725968012206039e-07,0.10637007077856421
10530,0.09874426573514938,0.3011160422116518,0.018299800157546998,0.45749516710639,0.19771369649097323,0.4,0.8717400431632996,7.721345955125146e-07,0.1064711830131446
10540,0.16914214976131917,0.1922513574361801,0.03024791181087494,0.7561984289437532,0.09825635560555383,0.7,3.770506282307906e-06,7.716720591352311e-07,0.10657229524772498
10550,0.11702202782034873,0.32849138230085373,0.03270572721958161,0.7363365674391389,0.22125716850860044,0.3,8.654906272888184,7.712091926507787e-07,0.10667340748230536
10560,-0.0006665755063295364,0.19515029191970826,0.023881503939628602,0.5970396522432566,0.24038943161722273,0.5,20.39987564086914,7.707459966215839e-07,0.10677451971688574
10570,0.11396791897714138,0.24402751587331295,0.03125263452529907,0.781316663324833,0.18413270718883723,0.5,7.484872817993164,7.702824716104735e-07,0.10687563195146613
10580,0.24883580282330514,0.182349893450737,0.017931333184242247,0.4482837192714214,0.1922706225886941,0.3,0.004382851999253035,7.698186181806743e-07,0.10697674418604651
10590,0.30101069509983064,0.276484751701355,-0.012943190336227418,0.31184936966747046,0.1600955503527075,0.4,1.438990693714004e-06,7.693544368958116e-07,0.1070778564206269
10600,0.056002536602318284,0.08725282996892929,0.018420024216175078,0.4605014581233263,0.16463256519054995,0.6,0.004797480534762144,7.688899283199096e-07,0.10717896865520728
10610,0.05455362685024738,0.07278546281158924,0.013369616866111756,0.3342401497066021,0.15872310454724356,0.5,3.4448461532592773,7.684250930173901e-07,0.10728008088978766
10620,0.09205578360706568,0.17952322363853454,0.015326809883117676,0.4284983579069376,0.15843093771254643,0.6,0.000885403947904706,7.679599315530717e-07,0.10738119312436804
10630,0.05669199526309967,0.2976447818800807,0.02616477310657501,0.6541194517165423,0.14962388874264435,0.6,8.258037382802286e-07,7.674944444921695e-07,0.10748230535894843
10640,-0.01834300421178341,0.05689457915723324,0.012696021795272827,0.31740058548748495,0.15270109416451305,0.5,3.419159412384033,7.670286324002942e-07,0.10758341759352881
10650,-0.014121014135889709,0.19187523573637008,0.034435230493545535,0.8674389388412237,0.22559675462543965,0.2,3.2406768798828125,7.665624958434514e-07,0.10768452982810921
10660,0.04853651970624924,0.22141205966472627,0.012108629196882248,0.30271581150591376,0.1912160902051255,0.4,0.009384851902723312,7.660960353880409e-07,0.10778564206268959
10670,0.0283960017375648,0.12458870788104832,0.008605678379535676,0.21514207124710083,0.1426976366667077,0.6,0.22690963745117188,7.656292516008562e-07,0.10788675429726997
10680,0.014683018624782562,0.15646450445055962,0.020152214169502258,0.548531922698021,0.19915247256867588,0.5,3.5010881423950195,7.651621450490837e-07,0.10798786653185036
10690,0.005571585521101952,0.23704958856105804,0.025353443622589112,0.6338361337780952,0.23833872025134042,0.4,4.06250524520874,7.646947163003016e-07,0.10808897876643074
10700,0.024748166650533678,0.04840466380119324,0.021688804030418396,0.5422202467918396,0.14185175022576005,0.6,2.6729419231414795,7.642269659224803e-07,0.10819009100101112
10710,0.03168982416391373,0.09103277623653412,0.024266740679740904,0.5887803692370653,0.1423828167258762,0.7,7.0449371337890625,7.637588944839802e-07,0.10829120323559151
10720,0.3863203078508377,0.2771493010222912,0.03626437187194824,0.9065627792850137,0.19340484580025077,0.2,3.693819046020508,7.632905025535528e-07,0.10839231547017189
10730,0.12488712836056948,0.28679070845246313,0.026025879383087158,0.6560384526848793,0.1693918745382689,0.4,0.009284968487918377,7.628217907003378e-07,0.10849342770475227
10740,0.08854192048311234,0.12765548266470433,0.01766287237405777,0.4415722116827965,0.1523127728723921,0.5,0.43862900137901306,7.623527594938648e-07,0.10859453993933266
10750,0.15244122892618178,0.24417405128479003,0.006924541294574737,0.5243374846875668,0.22607871682848782,0.4,2.0774457454681396,7.618834095040507e-07,0.10869565217391304
10760,0.05181391818914562,0.06967737968079746,0.014665211737155914,0.3666302960366011,0.15293377420166507,0.5,0.2148021012544632,7.614137413012e-07,0.10879676440849342
10770,-0.03077987106516957,0.10439953655004501,0.009723088145256043,0.24307732731103898,0.15077071408741177,0.6,1.031316173794039e-06,7.609437554560041e-07,0.10889787664307381
10780,-0.004811051860451698,0.09758194275200367,0.01337183713912964,0.3342959895730019,0.1754326668335125,0.6,1.9076532125473022,7.604734525395398e-07,0.10899898887765419
10790,0.1261046626139432,0.14386539896950126,0.018879821896553038,0.4719960603863001,0.18120977736543864,0.4,6.09856653213501,7.600028331232697e-07,0.10910010111223457
10800,0.14679844155907631,0.0984291635453701,0.017370864748954773,0.43427190780639646,0.1325439699809067,0.6,1.5557004644506378e-06,7.595318977790407e-07,0.10920121334681497
10810,0.07642191015183926,0.3088655792176723,0.02466035932302475,0.6165092084556818,0.1953184319427237,0.5,1.0548174032010138e-06,7.590606470790835e-07,0.10930232558139535
10820,0.04827823787927628,0.08767645452171564,0.019916680455207825,0.5026126123964787,0.1878425944945775,0.6,5.084489345550537,7.585890815960124e-07,0.10940343781597574
10830,-0.09905333667993546,0.0779592216014862,0.00751948133111,0.1879870031028986,0.09022426014998927,0.9,0.07292356342077255,7.581172019028236e-07,0.10950455005055612
10840,0.06832729205489159,0.13459438383579253,0.015885445475578307,0.3962844584137201,0.15792241971939802,0.6,13.202886581420898,7.576450085728958e-07,0.1096056622851365
10850,0.01806741803884506,0.02356577143073082,0.00785224437713623,0.19630614183843137,0.1327739774947986,0.8,7.638498118467396e-07,7.571725021799884e-07,0.10970677451971689
10860,0.23317146544577555,0.27385851223953067,0.028617367148399353,0.7154346145689487,0.18291293270885944,0.4,8.472494125366211,7.566996832982408e-07,0.10980788675429727
10870,0.19365172758698462,0.2721042886376381,0.013159960508346558,0.477653469145298,0.17413340993225573,0.4,0.2680723965167999,7.562265525021729e-07,0.10990899898887765
10880,0.36273107497254387,0.34823113325983285,0.025054961442947388,0.6263740729540587,0.17894828801508994,0.4,6.406030178070068,7.557531103666832e-07,0.11001011122345804
10890,-0.004596873093396426,0.16302694268524648,0.016575539112091066,0.4143883645534515,0.17496260218322277,0.5,3.8760645111324266e-06,7.552793574670484e-07,0.11011122345803842
10900,0.08540917625650764,0.1394212618470192,0.02012172043323517,0.49301490634679795,0.24123976747505366,0.4,2.0757265090942383,7.548052943789229e-07,0.1102123356926188
10910,0.02161653060466051,0.21061962842941284,0.012947064638137818,0.3236764822155237,0.18537978630047292,0.5,9.324328402726678e-07,7.543309216783384e-07,0.11031344792719919
10920,0.2644801359623671,0.2040704139508307,0.01577637791633606,0.3932231109589338,0.097243616101332,0.6,7.807402653270401e-07,7.53856239941702e-07,0.11041456016177957
10930,0.034892036113888025,0.13835460552945733,0.015973317623138427,0.39933295659720897,0.18404352667275817,0.5,16.58363914489746,7.533812497457971e-07,0.11051567239635995
10940,0.016322513297200202,0.037234215438365935,0.016719286143779755,0.4245919082313776,0.11610300020547584,0.7,0.008007303811609745,7.529059516677814e-07,0.11061678463094034
10950,0.15965933352708817,0.23795410059392452,0.018918196856975555,0.4169625975191593,0.1416514548356645,0.5,1.400359034538269,7.52430346285187e-07,0.11071789686552073
10960,0.19610529989004136,0.350443622469902,0.016855394840240477,0.42138521261513234,0.16601127298781648,0.5,0.00042827872675843537,7.519544341759192e-07,0.11081900910010112
10970,0.15585746765136718,0.302543380856514,0.029533863067626953,0.754507165774703,0.17705699859652668,0.5,4.696246147155762,7.514782159182561e-07,0.1109201213346815
10980,0.22790745459496975,0.16239589117467404,0.02695075571537018,0.6737691406160593,0.16943762106820942,0.5,3.0102744858595543e-05,7.51001692090848e-07,0.11102123356926188
10990,0.10315866619348527,0.15242394730448722,0.03962435126304627,0.9906091958284378,0.18866363131674008,0.4,0.313859224319458,7.505248632727158e-07,0.11112234580384227
11000,0.250580882281065,0.3152746483683586,0.050016659498214724,1.2504160616546869,0.1377052275580354,0.4,2.018374061663053e-06,7.50047730043252e-07,0.11122345803842265
11010,0.15312503604218364,0.10742242708802223,0.016330322623252867,0.5447402946650982,0.10794878005981445,0.6,0.006687122397124767,7.495702929822181e-07,0.11132457027300303
11020,0.170698918774724,0.12293872199952602,0.007566529512405396,0.1891633588820696,0.1036318080034107,0.5,10.141194343566895,7.490925526697454e-07,0.11142568250758342
11030,0.06811208054423332,0.2142248898744583,0.013379758596420288,0.3410905856639147,0.18323535564122723,0.3,2.268820935569238e-06,7.486145096863334e-07,0.1115267947421638
11040,0.019744063168764113,0.041299565136432646,0.013276408612728118,0.3406289707869291,0.18950644943397493,0.6,6.2772933233645745e-06,7.48136164612849e-07,0.11162790697674418
11050,0.17661723494529724,0.11137143168598414,0.013583396375179291,0.33958515860140326,0.09366514284629375,0.7,29.07587242126465,7.47657518030527e-07,0.11172901921132457
11060,0.1362026959657669,0.43421919643878937,0.024675747752189635,0.6168936274945735,0.20699906330555679,0.4,14.431320190429688,7.471785705209681e-07,0.11183013144590495
11070,0.05086878277361393,0.06660007983446121,0.011491380631923676,0.2872845038771629,0.1949784149415791,0.4,1.0523748397827148,7.466993226661386e-07,0.11193124368048533
11080,-0.026084966585040094,0.1761924885213375,0.010240157693624496,0.3543970055878162,0.19122500630328432,0.5,19.936708450317383,7.462197750483698e-07,0.11203235591506572
11090,0.1996077686548233,0.2823963716626167,0.03228625059127808,0.8071559693664312,0.22794505434576423,0.2,22.164058685302734,7.457399282503573e-07,0.1121334681496461
11100,0.06327118603512645,0.12228121608495712,0.013590312004089356,0.3397579208016396,0.1506096985307522,0.6,1.0222858009001357e-06,7.452597828551603e-07,0.1122345803842265
11110,0.1615523010492325,0.14411030877381564,0.015082155168056489,0.3770537432283163,0.16233854296151548,0.4,0.91021728515625,7.447793394462005e-07,0.11233569261880688
11120,0.3491951819509268,0.2766747049987316,0.0275991827249527,0.7193892925977707,0.15030808405717835,0.3,5.937285900115967,7.442985986072623e-07,0.11243680485338726
11130,-0.07418826259672642,0.1964333564043045,0.01201423555612564,0.2914610240608454,0.15507453018799425,0.6,6.817670822143555,7.438175609224907e-07,0.11253791708796765
11140,0.09533491656184197,0.11124723702669144,0.012752872705459595,0.28081309646368025,0.10994413752341643,0.8,0.004900970496237278,7.433362269763923e-07,0.11263902932254803
11150,0.042204532958567145,0.06234794445335865,0.010969077795743942,0.27422702871263027,0.15250620974693446,0.6,6.472455993389303e-07,7.428545973538328e-07,0.11274014155712841
11160,0.006676835566759109,0.05916632390581071,0.015219560265541077,0.38048888072371484,0.16750458388123662,0.5,7.471074059139937e-05,7.42372672640038e-07,0.1128412537917088
11170,0.10337537936866284,0.14060713294893504,0.013875503838062287,0.3283819079399109,0.12658897623186932,0.7,1.4977268847360392e-06,7.418904534205916e-07,0.11294236602628918
11180,0.3928086578845978,0.28862510323524476,0.049209654331207275,1.230241382867098,0.11941147889010609,0.6,3.327330341562629e-05,7.414079402814355e-07,0.11304347826086956
11190,0.1092561814468354,0.15332774112466724,0.02034115493297577,0.6131287381052971,0.2211932584643364,0.2,0.016556300222873688,7.409251338088687e-07,0.11314459049544995
11200,0.03428020477294922,0.07423487082123756,0.012357013672590256,0.308925312012434,0.0959308348596096,0.7,1.5451773833774496e-06,7.404420345895465e-07,0.11324570273003033
11210,0.14128423631191253,0.17041297554969786,0.0136519193649292,0.34129839986562727,0.1059624754707329,0.8,10.720248222351074,7.399586432104803e-07,0.11334681496461071
11220,0.11307109463959933,0.16241651624441147,-0.0019876444712281227,0.2105181023478508,0.14894014832098038,0.6,1.4498689324682346e-06,7.394749602590358e-07,0.1134479271991911
11230,0.1347800076007843,0.1080388993024826,-0.004593046382069588,0.05166233740746975,0.09372197972843424,0.7,25.511472702026367,7.389909863229336e-07,0.11354903943377148
11240,0.012514394521713258,0.018677055090665817,0.016977784037590028,0.42444467879831793,0.09836715414421633,0.8,0.05531284585595131,7.385067219902476e-07,0.11365015166835186
11250,0.4423701651394367,0.46883779764175415,0.038814672827720643,0.9508726228028536,0.2142005438450724,0.2,2.681251287460327,7.380221678494048e-07,0.11375126390293225
11260,0.30141904950141907,0.2312295489013195,0.042568507790565493,1.064213039726019,0.10762418245431035,0.6,0.005204626824706793,7.375373244891839e-07,0.11385237613751265
11270,0.10261355452239514,0.1298181988298893,0.03295674324035645,0.8239187091588974,0.17885585632175208,0.5,7.388984158751555e-06,7.370521924987154e-07,0.11395348837209303
11280,0.033532396284863354,0.06208258906845003,0.01263217329978943,0.3024985406547785,0.13165620128856972,0.4,8.599750518798828,7.365667724674806e-07,0.11405460060667341
11290,0.09081379063427449,0.1179006539285183,0.018124377727508544,0.14972964581102133,0.1678312453092076,0.6,5.3555216789245605,7.360810649853104e-07,0.1141557128412538
11300,0.0056952029466629025,0.031736165285110474,0.006915337592363358,0.17288344390690327,0.07898240495705977,0.8,0.0004662403662223369,7.355950706423852e-07,0.11425682507583418
11310,0.15026263892650604,0.17499312683939933,-0.0027749955654144285,0.46926737613976,0.1284352019079961,0.7,0.12174304574728012,7.35108790029234e-07,0.11435793731041456
11320,0.07497115121223033,0.16493414342403412,0.012481338530778884,0.3120337098836899,0.16490696019027382,0.6,8.253156806858897e-07,7.346222237367338e-07,0.11445904954499495
11330,0.025072252750396727,0.10166842639446258,0.011543076485395432,0.25446443613618613,0.14719624309800566,0.7,0.0015034630196169019,7.341353723561081e-07,0.11456016177957533
11340,0.1431516047567129,0.13205188596621156,0.015515616536140442,0.38789054155349734,0.17178527229698376,0.4,3.5963504314422607,7.336482364789276e-07,0.11466127401415571
11350,0.06317783473059535,0.11216308288276196,0.025087979435920716,0.635922695696354,0.11941583893494681,0.7,1.46842273807124e-06,7.331608166971082e-07,0.1147623862487361
11360,0.10403046980500222,0.17823583334684373,0.023862017691135405,0.6617809195071459,0.16459473568247632,0.5,0.12802164256572723,7.326731136029107e-07,0.11486349848331648
11370,0.17546973354183137,0.3552798816934228,0.02892763018608093,0.7231907922774553,0.17518749112496151,0.4,0.06336989998817444,7.321851277889407e-07,0.11496461071789686
11380,0.0027071267366409303,0.13656130731105803,0.024823695421218872,0.5766805417835712,0.2021424829494208,0.6,0.1671808958053589,7.316968598481469e-07,0.11506572295247725
11390,0.00995456539094448,0.1521250417456031,0.024974976480007172,0.624374583363533,0.1419421814964153,0.4,2.1033201217651367,7.312083103738206e-07,0.11516683518705763
11400,0.15559349060058594,0.11103902459144592,0.011876344680786133,0.29690859466791153,0.08779708147048951,0.8,1.2147018424002454e-05,7.307194799595957e-07,0.11526794742163801
11410,0.11758494938258082,0.18668684707954525,0.019236041605472563,0.4809012457728386,0.16724502777215094,0.5,0.01571642793715,7.302303691994472e-07,0.11536905965621841
11420,-0.05476843030191958,0.10392059299629182,0.016795575618743896,0.41988944076001644,0.16394687914289535,0.5,3.583953366614878e-05,7.297409786876909e-07,0.11547017189079879
11430,0.4366797056049109,0.34413701221346854,0.016066844761371612,0.40167196840047836,0.10164112630300223,0.6,9.538284757582005e-07,7.292513090189824e-07,0.11557128412537918
11440,0.2636110452003777,0.21524248961359263,0.029935589432716368,0.7483895860612393,0.22768106288276613,0.2,6.363763332366943,7.287613607883163e-07,0.11567239635995956
11450,0.19411729015409945,0.18997421860694885,0.029918286204338073,0.7479574251919985,0.1475049088941887,0.6,1.395155668258667,7.282711345910262e-07,0.11577350859453994
11460,0.07893443387001753,0.08960983827710152,0.01697273999452591,0.4243185084313154,0.10943773991893976,0.6,1.0192076160819852e-06,7.277806310227829e-07,0.11587462082912033
11470,0.0318750130943954,0.07664826586842537,0.014348851144313812,0.35872124321758747,0.1534565779613331,0.6,0.0006299412925727665,7.272898506795947e-07,0.11597573306370071
11480,0.1291974861174822,0.17005670666694642,0.01579681634902954,0.3949206735938787,0.1552319208625704,0.4,12.098200798034668,7.267987941578058e-07,0.11607684529828109
11490,0.018831390887498856,0.20203709229826927,0.008337675034999848,0.20844201985746622,0.13135966967092827,0.6,9.210081088895095e-07,7.263074620540962e-07,0.11617795753286148
11500,0.2041761914268136,0.4084940038621426,0.025931274890899657,0.6482823461294174,0.15547878593206405,0.5,0.05479403957724571,7.258158549654809e-07,0.11627906976744186
11510,0.036068233847618106,0.1387615330517292,0.01821684241294861,0.4554212614893913,0.17476391040254385,0.5,9.59627300289867e-07,7.253239734893088e-07,0.11638018200202224
11520,0.004745843261480332,0.39019223004579545,0.0034335367381572723,0.31407152488827705,0.1862871116027236,0.4,60.204559326171875,7.248318182232623e-07,0.11648129423660263
11530,0.0911127673694864,0.05895618465729058,0.024844427406787873,0.622808649763465,0.18233602880500258,0.5,0.4569375514984131,7.243393897653564e-07,0.11658240647118301
11540,0.12417823299765587,0.12238750271499158,0.012307225912809371,0.3140270244330168,0.07543479860760272,0.7,0.0010141824604943395,7.238466887139379e-07,0.11668351870576339
11550,0.2120138296857476,0.2294245831668377,0.039006245136260984,0.9751559302210808,0.2620461969869211,0.2,4.000792980194092,7.233537156676853e-07,0.11678463094034378
11560,0.3421914346516132,0.3267845451831818,0.016614578664302826,0.532709289714694,0.15580595608334988,0.5,0.041543155908584595,7.228604712256074e-07,0.11688574317492417
11570,-0.13281139805912973,0.2948300564661622,0.021219536662101746,0.5417364504188299,0.1951056912424974,0.3,0.15246891975402832,7.223669559870426e-07,0.11698685540950456
11580,0.08356988131999969,0.137209764868021,0.018466056883335115,0.46165151074528693,0.15554720433428884,0.6,0.050300776958465576,7.218731705516584e-07,0.11708796764408494
11590,0.10240633515641093,0.17961177174001933,0.020490315556526185,0.5510295767337083,0.2246575947268866,0.3,6.64125764160417e-05,7.213791155194508e-07,0.11718907987866532
11600,0.06338171381503344,0.07863570600748063,0.009388373792171478,0.22627471014857292,0.11729897523764521,0.6,6.8314385414123535,7.20884791490743e-07,0.1172901921132457
11610,0.014528783410787583,0.05847869142889976,0.015521930158138275,0.38804865032434466,0.11658910154365003,0.6,9.860239060799358e-07,7.203901990661856e-07,0.11739130434782609
11620,0.13134455357212574,0.09192403675988317,0.009688422083854675,0.24221080169081688,0.13287165365181863,0.5,18.450851440429688,7.198953388467548e-07,0.11749241658240647
11630,0.004818032681941986,0.19944490045309066,0.009728445112705231,0.24321122318506241,0.118696511129383,0.7,9.682099744168227e-07,7.194002114337525e-07,0.11759352881698686
11640,0.14798821806907653,0.21304069310426713,0.012726423144340516,0.3861119754612446,0.20584257679292933,0.2,1.4876573085784912,7.189048174288053e-07,0.11769464105156724
11650,0.06794140785932541,0.061883756518363954,0.008447393029928207,0.21118489950895308,0.07133057949831709,0.8,1.2049332326569129e-05,7.184091574338636e-07,0.11779575328614762
11660,0.10932625904679298,0.17987678274512292,0.008608512580394745,0.24199582114815713,0.1343620434519835,0.5,2.528078084651497e-06,7.179132320512008e-07,0.117896865520728
11670,0.11361022889614106,0.19939175695180894,0.012730059027671815,0.30818738117814065,0.14542906276183204,0.6,2.2810709197074175e-06,7.174170418834133e-07,0.11799797775530839
11680,0.0943047434091568,0.20470450911670923,0.018227589130401612,0.4556897673755884,0.15607436989666895,0.7,0.1478145867586136,7.169205875334188e-07,0.11809908998988877
11690,0.01857611760497093,0.0951029196381569,0.015374855697154998,0.38437148928642273,0.14348147928249091,0.6,8.360729217529297,7.164238696044561e-07,0.11820020222446916
11700,0.032892282027751206,0.10365490391850471,0.012521293759346009,0.31303218491375445,0.1490365374018438,0.6,0.013162658549845219,7.159268887000844e-07,0.11830131445904954
11710,0.15387920178472997,0.33129520900547504,0.020933406054973604,0.6098697878420353,0.17887690553907304,0.5,0.3479921221733093,7.154296454241826e-07,0.11840242669362992
11720,0.061850722134113315,0.1813981980085373,0.01596195250749588,0.39904892854392526,0.14828162729972974,0.6,7.117887435015291e-07,7.149321403809477e-07,0.11850353892821032
11730,0.09864947944879532,0.1776181861758232,0.004467726498842239,0.11169331222772598,0.12217510046903043,0.6,1.1931224435102195e-06,7.144343741748955e-07,0.1186046511627907
11740,0.1604584688320756,0.16828829958103597,0.002683846279978752,0.42945838198065756,0.14275565261486917,0.4,1.1133271300423075e-06,7.139363474108588e-07,0.11870576339737109
11750,0.1673028951510787,0.23325718026608228,0.010520995408296586,0.2710981387645006,0.1968931297888048,0.3,0.5392106175422668,7.134380606939873e-07,0.11880687563195147
11760,-0.051159437745809555,0.0739020824432373,0.003433855250477791,0.10251595564186573,0.10406672781100497,0.8,3.407452368264785e-06,7.129395146297459e-07,0.11890798786653185
11770,0.19433157898019998,0.32720965865300966,0.0215220645070076,0.5380519296973943,0.19389788028784097,0.3,0.0001606242440175265,7.124407098239154e-07,0.11900910010111224
11780,0.10058791823685169,0.09128859573975205,0.0026269033551216125,0.06567257829010487,0.08316708358470351,0.8,1.1850083865283523e-06,7.119416468825908e-07,0.11911021233569262
11790,0.0458085123449564,0.2846436858177185,0.02718351185321808,0.6908356465399266,0.2577052157255821,0.3,9.718859672546387,7.114423264121803e-07,0.119211324570273
11800,-0.020366065204143524,0.11699532736092806,0.013064718246459961,0.3545569282025099,0.18324397491523997,0.4,7.564298629760742,7.109427490194055e-07,0.11931243680485339
11810,0.13103777170181274,0.19745806232094765,0.012448862195014954,0.31122167482972146,0.12343639358878136,0.5,2.8785645961761475,7.104429153113001e-07,0.11941354903943377
11820,0.41542719285935165,0.32568330504000187,-0.0006203824188560248,0.5679651405662298,0.12791914882836863,0.3,7.537390729339677e-07,7.099428258952091e-07,0.11951466127401415
11830,0.3007626165635884,0.25175943300127984,0.028156420588493346,0.703909906744957,0.21255200849846007,0.3,4.087653636932373,7.094424813787882e-07,0.11961577350859454
11840,0.006978751346468926,0.12973860315978528,0.015308873355388641,0.38272164314985274,0.14007285390980542,0.5,0.00011706379882525653,7.089418823700034e-07,0.11971688574317492
11850,-0.01715175751596689,0.08432752415537834,0.015965145826339722,0.399128757417202,0.19721763932611794,0.6,0.9695441126823425,7.084410294771297e-07,0.1198179979777553
11860,-0.019447052804753184,0.19504368519410492,0.009204549342393875,0.23011376447975634,0.20451907839160413,0.5,26.35817527770996,7.079399233087503e-07,0.11991911021233569
11870,-0.01033643203554675,0.15309770931489766,0.0166823074221611,0.4221248790621758,0.1421855534426868,0.6,0.028458982706069946,7.074385644737567e-07,0.12002022244691608
11880,0.07436165064573289,0.24007521197199821,0.019706305861473084,0.4926575724035501,0.1778980131377466,0.5,6.951240539550781,7.069369535813472e-07,0.12012133468149647
11890,0.04773247949779034,0.1454521343111992,0.022489885985851287,0.5622467871755361,0.20445423615165054,0.5,1.9286725521087646,7.064350912410259e-07,0.12022244691607685
11900,0.09987775385379791,0.24988988190889358,0.019510270655155183,0.48775676973164084,0.15872206513304263,0.6,1.7175493667309638e-06,7.059329780626034e-07,0.12032355915065723
11910,0.03711713626980782,0.09447782263159751,0.020251260697841646,0.5214485630393029,0.16333086389349774,0.6,6.214783668518066,7.054306146561943e-07,0.12042467138523762
11920,0.13605101257562638,0.14647876843810081,0.022835442423820497,0.6265553362667561,0.11753952665021643,0.6,1.4190483170750667e-06,7.049280016322176e-07,0.120525783619818
11930,0.0224611259996891,0.027574827894568443,0.011227286607027053,0.2806820785626769,0.10719664368079976,0.7,9.793139906832948e-05,7.044251396013956e-07,0.12062689585439838
11940,0.05239505022764206,0.05215151906013489,0.020468629896640778,0.5125533174723387,0.10435893986141309,0.7,8.386163585782924e-07,7.039220291747528e-07,0.12072800808897877
11950,0.2712623283267021,0.2850411355495453,0.0574490487575531,1.5894468121230603,0.10829006233252585,0.6,3.545725348885753e-06,7.034186709636159e-07,0.12082912032355915
11960,0.20953868553042412,0.12544065080583094,0.02091889679431915,0.5229725264012813,0.12123372139176354,0.6,3.428441286087036,7.029150655796128e-07,0.12093023255813953
11970,0.04470881745219231,0.19375767260789872,0.0235711008310318,0.5892778594046831,0.15100790275027975,0.6,4.136094139539637e-05,7.024112136346712e-07,0.12103134479271992
11980,0.16998374620452522,0.18998264372348786,0.04142371714115143,1.0355933770537376,0.17130812424002215,0.4,8.999410056276247e-05,7.01907115741019e-07,0.1211324570273003
11990,0.31468765437602997,0.42455711141228675,0.022994190454483032,0.5447471439838409,0.18185415575280786,0.3,51.35934829711914,7.014027725111825e-07,0.12123356926188068
12000,0.15802150517702102,0.13541882932186128,0.011916674673557281,0.35715139992535117,0.10701035007368773,0.6,6.865837349323556e-06,7.008981845579865e-07,0.12133468149646107
12010,0.3142046047374606,0.23931062109768392,0.027374765276908873,0.6843686226755381,0.2210119017981924,0.2,1.1346270412104786e-06,7.003933524945528e-07,0.12143579373104145
12020,0.039708558842539786,0.028649497777223587,0.015211129188537597,0.3802782170474529,0.11195788836339489,0.8,0.4959220290184021,6.998882769342998e-07,0.12153690596562185
12030,0.0351628016680479,0.03059101738035679,0.015978318452835084,0.39945789277553556,0.11978955067461357,0.7,0.04719405621290207,6.993829584909422e-07,0.12163801820020223
12040,0.12700629867613317,0.2531054876744747,0.01621275246143341,0.5594385664910078,0.16533298047725112,0.3,3.276978015899658,6.988773977784894e-07,0.12173913043478261
12050,0.2799509420990944,0.36364343762397766,0.028340286016464232,0.7085069131106139,0.16196168973110617,0.4,0.8792935609817505,6.983715954112453e-07,0.121840242669363
12060,0.06869527366943658,0.248706785030663,0.029385533928871155,0.6979575261473656,0.26214697875548154,0.2,0.5460804104804993,6.978655520038078e-07,0.12194135490394338
12070,-0.03787386938929558,0.09670199640095234,0.011764065176248551,0.3256789851933718,0.16024397718720138,0.6,2.596207857131958,6.973592681710669e-07,0.12204246713852376
12080,0.24789455235004426,0.21861373484134675,0.014387746155261994,0.5113379072397948,0.1687748623546213,0.5,32.68360900878906,6.968527445282056e-07,0.12214357937310415
12090,0.06370939761400223,0.03769277036190033,0.0099416121840477,0.25145193114876746,0.12036638524150475,0.7,2.0027451515197754,6.963459816906976e-07,0.12224469160768453
12100,0.2678158663213253,0.22276147454977036,0.023061580955982208,0.5765396229922771,0.19512409521266819,0.4,5.246206283569336,6.958389802743076e-07,0.12234580384226491
12110,-0.013534833490848542,0.09307249896228313,0.011644076555967331,0.2911019142717123,0.15626906470861285,0.6,2.8867485523223877,6.953317408950903e-07,0.1224469160768453
12120,0.15092490687966348,0.22669807709753514,0.025780606269836425,0.6445152580738067,0.22426365499850362,0.3,19.122201919555664,6.94824264169389e-07,0.12254802831142568
12130,0.08619372248649597,0.12873107194900513,0.004958601295948028,0.2967661004513502,0.11351146193919703,0.7,9.574309349060059,6.94316550713836e-07,0.12264914054600606
12140,0.03386308923363686,0.2165650248527527,0.011204200237989426,0.28010493144392967,0.12526827610563487,0.7,3.546987272784463e-06,6.938086011453513e-07,0.12275025278058645
12150,0.13943262845277787,0.14900134578347207,0.02272014766931534,0.5680040773004293,0.08341472039464862,0.7,1.0248252153396606,6.93300416081141e-07,0.12285136501516683
12160,0.17824272247962653,0.11565230955020525,-0.00255588348954916,0.5073322184383869,0.1132173694903031,0.7,6.4114203453063965,6.927919961386983e-07,0.12295247724974721
12170,0.011278403550386428,0.024396511167287825,0.015783296525478364,0.39458253905177115,0.12962967216735705,0.7,2.0185153484344482,6.922833419358012e-07,0.1230535894843276
12180,0.22178029716014863,0.13320868611335754,0.013109123706817627,0.492770254611969,0.08796959561295807,0.6,5.277902346279006e-07,6.917744540905124e-07,0.123154701718908
12190,0.04650055430829525,0.19930258467793466,0.022843655943870545,0.5710916686803102,0.19317899696761742,0.4,2.198314666748047,6.912653332211786e-07,0.12325581395348838
12200,0.12001107446849346,0.13388951737433671,0.01839188039302826,0.45979697108268736,0.13388315498596057,0.6,8.967404596660344e-07,6.907559799464299e-07,0.12335692618806876
12210,0.18501831758767368,0.12036587353795766,0.028737327456474303,0.6410856530070305,0.14898264731746166,0.5,2.002526343858335e-06,6.902463948851786e-07,0.12345803842264914
12220,0.056409452855587,0.08416683077812195,0.01632046401500702,0.4080116182565689,0.12707294006831943,0.7,1.11319100856781,6.897365786566184e-07,0.12355915065722953
12230,0.2197359513491392,0.14099150002002717,0.011578483134508133,0.2894621595740318,0.1507252961397171,0.6,0.0002083147264784202,6.89226531880224e-07,0.12366026289180991
12240,0.11487163566052913,0.192244803160429,0.012683597207069398,0.4110933683812618,0.12256236841203645,0.5,0.0005273150163702667,6.887162551757506e-07,0.1237613751263903
12250,0.13615797832608223,0.0897901713848114,0.026078703999519347,0.6519673950970173,0.11322745401412249,0.7,0.05496601387858391,6.882057491632325e-07,0.12386248736097068
12260,0.0,0.03141292631626129,0.011811720579862595,0.2952930074185133,0.0971705722506158,0.9,11.917840957641602,6.876950144629823e-07,0.12396359959555106
12270,0.07726940948050469,0.08708717064000666,0.025583061575889587,0.6395890451967716,0.16213222824735568,0.5,2.5068109035491943,6.87184051695591e-07,0.12406471183013144
12280,0.15426114844158292,0.13046024180948734,-0.007147245109081268,0.35153052732348444,0.09091034276643768,0.6,3.433621883392334,6.866728614819267e-07,0.12416582406471183
12290,0.2669206686317921,0.16051098704338074,0.030534717440605163,0.7633677396923304,0.12127120518125593,0.7,0.0033024363219738007,6.861614444431336e-07,0.12426693629929221
12300,0.11227031787857414,0.07935509718954563,0.024301432073116302,0.6075355738401413,0.12047211598837748,0.6,2.3539791982329916e-06,6.856498012006318e-07,0.1243680485338726
12310,-0.030569179728627206,0.13404516726732255,0.015224187076091767,0.40093045979738234,0.13401293611386791,0.6,0.0059758685529232025,6.851379323761156e-07,0.12446916076845298
12320,0.1576056331396103,0.12579082399606706,0.026849663257598876,0.6712422527372837,0.16565303273964674,0.5,0.0023042522370815277,6.846258385915545e-07,0.12457027300303336
12330,0.05191663580480963,0.1450863177422434,0.025730088353157043,0.6432520978152751,0.16333621121011674,0.5,0.0447789803147316,6.841135204691901e-07,0.12467138523761376
12340,0.14532875418663024,0.11490746084600686,0.01421446055173874,0.3553615346550941,0.14031835804926232,0.4,0.02033856138586998,6.836009786315377e-07,0.12477249747219414
12350,0.1067553224042058,0.2734012773260474,0.024236783385276794,0.6059194680303335,0.1737473132321611,0.5,10.517242431640625,6.830882137013838e-07,0.12487360970677452
12360,-0.019088523089885713,0.10935413874685765,0.018806900084018707,0.47017275281250476,0.11341093692462892,0.6,3.225064347134321e-06,6.825752263017863e-07,0.12497472194135491
12370,0.14186549484729766,0.19333161748945712,0.016961342096328734,0.4240334130823612,0.18056353714782744,0.5,7.214947572720121e-07,6.82062017056073e-07,0.1250758341759353
12380,0.10647882670164108,0.1585783950984478,0.024974486231803893,0.6080026715993881,0.16274632648564874,0.5,0.005129336379468441,6.815485865878417e-07,0.12517694641051566
12390,0.17425547894090415,0.24532925821840762,0.025302103161811827,0.6325524970889091,0.1713452494586818,0.4,2.8959033489227295,6.810349355209587e-07,0.12527805864509606
12400,0.1651519164443016,0.10471728891134262,0.017933954298496247,0.4483486574143171,0.08482527467422188,0.7,0.03340477868914604,6.805210644795587e-07,0.12537917087967643
12410,-0.026904062367975712,0.06709240302443505,0.020714640617370605,0.5178660448640585,0.17161795592401177,0.5,0.030153639614582062,6.800069740880432e-07,0.12548028311425682
12420,0.03308207169175148,0.06198930563405156,0.007779385894536972,0.1944845948368311,0.15334449940128253,0.5,0.0001411603152519092,6.794926649710806e-07,0.12558139534883722
12430,-0.004728393629193306,0.1157576322555542,0.02625420391559601,0.6563551064580679,0.2086513537215069,0.5,9.394794464111328,6.789781377536052e-07,0.1256825075834176
12440,0.06316648311913013,0.07608876060694456,0.02704741954803467,0.8002153553068638,0.16377308033406734,0.4,4.69487190246582,6.784633930608157e-07,0.125783619817998
12450,0.0353107575327158,0.06189299523830414,0.017944246530532837,0.44860617369413375,0.11004965202882885,0.8,0.04048505425453186,6.779484315181758e-07,0.12588473205257836
12460,-0.0075057603418827055,0.2292388290166855,0.015647627413272858,0.3950458340346813,0.17869365263031795,0.7,17.790218353271484,6.774332537514121e-07,0.12598584428715875
12470,-0.0003443211317062378,0.20255067050457,0.014678665995597839,0.3669296255975496,0.12291833116905763,0.7,0.005401555448770523,6.769178603865142e-07,0.12608695652173912
12480,0.0413285069167614,0.05180194303393364,0.009840979427099227,0.24602454118430614,0.12618184769526125,0.7,0.16149835288524628,6.764022520497337e-07,0.12618806875631952
12490,0.06407334059476852,0.22215242832899093,0.01971534788608551,0.49288383275270464,0.12334386926377192,0.5,6.932882785797119,6.758864293675833e-07,0.1262891809908999
12500,0.008360843220725656,0.051904848567210136,0.013849936425685883,0.34035276719368995,0.09838478289311751,0.6,0.001327746082097292,6.753703929668362e-07,0.1263902932254803
12510,0.156785985827446,0.20566524416208268,0.0349839985370636,0.8746000161394477,0.14823003713972865,0.6,18.622922897338867,6.748541434745253e-07,0.12649140546006066
12520,0.08665742464363575,0.22169524524360895,0.0015637207776308059,0.32429390413067266,0.16972174503607676,0.4,8.032833099365234,6.743376815179424e-07,0.12659251769464105
12530,0.004317536763846874,0.03819479551166296,0.015735423564910887,0.393385561555624,0.1317275809124112,0.7,5.592961311340332,6.738210077246376e-07,0.12669362992922142
12540,0.4981052577495575,0.3093819975852966,0.05290294289588928,1.07935073338449,0.09446441004984081,0.5,1.5243671214193455e-06,6.733041227224181e-07,0.12679474216380182
12550,0.1911289851181209,0.13749225144274532,0.028582191467285155,0.714554787799716,0.1254717173287645,0.6,6.252654552459717,6.727870271393479e-07,0.1268958543983822
12560,0.40579880475997926,0.3044627606868744,0.007187549024820328,0.9476801447570324,0.09769733373541385,0.6,0.0001485855900682509,6.722697216037469e-07,0.1269969666329626
12570,-0.0009364712983369827,0.007676780968904495,0.013410672545433044,0.3352668795734644,0.10648149446351454,0.9,2.0333292484283447,6.717522067441904e-07,0.12709807886754299
12580,0.173127743601799,0.1438235655426979,0.026387080550193787,0.6596773821860552,0.10437232258263976,0.6,8.345729293068871e-05,6.712344831895074e-07,0.12719919110212335
12590,0.13673345223069192,0.08476846963167191,0.011589953303337097,0.10610683956183493,0.10108970748260618,0.7,8.994173299470276e-07,6.70716551568781e-07,0.12730030333670375
12600,0.049824169278144835,0.04046221480239183,0.006772800534963608,0.17308188206516206,0.08062309541273863,0.7,2.3972158942342503e-06,6.701984125113469e-07,0.12740141557128412
12610,-0.01413369532674551,0.2402803674340248,0.00814165323972702,0.23300066478550435,0.1906274892273359,0.5,77.68586730957031,6.69680066646793e-07,0.12750252780586452
12620,0.14675166755914687,0.29609965682029726,0.030381110310554505,0.7595282193273306,0.16156183787388728,0.5,1.5338464436354116e-05,6.691615146049583e-07,0.1276036400404449
12630,0.13409112971276044,0.09205938652157783,0.03781190514564514,0.9452973421663046,0.11343138156225904,0.7,8.007712608559814e-07,6.686427570159323e-07,0.12770475227502529
12640,0.0744784988462925,0.052759486436843875,0.014742641150951386,0.36856625117361547,0.10209287843899802,0.7,0.0002984938328154385,6.681237945100549e-07,0.12780586450960565
12650,0.19369263648986818,0.11794092506170273,0.024508641660213472,0.6127160593867302,0.09845300192246213,0.8,0.009024291299283504,6.676046277179138e-07,0.12790697674418605
12660,0.04514761930331588,0.05778485909104347,0.027956870198249818,0.6989216510206461,0.13866707071429119,0.7,0.8065877556800842,6.670852572703462e-07,0.12800808897876642
12670,0.07492688149213791,0.07611769586801528,0.019852522015571594,0.4963129121810198,0.09867775867460296,0.8,3.752549409866333,6.665656837984358e-07,0.12810920121334682
12680,0.2563641905784607,0.26732158958911895,0.020353712141513824,0.508843095228076,0.11714788497192785,0.6,2.311657190322876,6.660459079335135e-07,0.1282103134479272
12690,0.295313779450953,0.19519098065793514,0.05247318148612976,1.311830011755228,0.16222334158373997,0.5,12.219998359680176,6.655259303071558e-07,0.12831142568250758
12700,0.19003991186618804,0.17209540456533431,0.004724223911762237,0.5664574481546879,0.10964519490953535,0.5,1.110224047806696e-06,6.650057515511848e-07,0.12841253791708795
12710,0.0189553584670648,0.10415656520053744,0.011587263643741607,0.2934473376721144,0.13922891212860122,0.7,1.3890645504943677e-06,6.644853722976667e-07,0.12851365015166835
12720,0.1406860128045082,0.1769055750221014,-0.0020289130508899687,0.24757902696728706,0.10080489891115577,0.6,13.623703956604004,6.639647931789112e-07,0.12861476238624875
12730,0.10453709615394473,0.06513482639566064,0.012645091116428375,0.3692561611533165,0.12748939861776307,0.6,0.0006215206813067198,6.634440148274711e-07,0.12871587462082912
12740,0.0979845829308033,0.13649544566869737,0.01483689844608307,0.3709224980324507,0.14197327520232647,0.6,6.362005233764648,6.629230378761414e-07,0.12881698685540952
12750,0.006397650390863418,0.055133861303329465,0.011379487067461013,0.2431155694030167,0.07701812824234366,0.7,7.43379641789943e-05,6.62401862957958e-07,0.12891809908998988
12760,0.057743937522172925,0.13865722194314004,0.008697936683893204,0.19605261459946632,0.0844972980208695,0.6,0.000357455835910514,6.618804907061975e-07,0.12901921132457028
12770,0.05687523670494556,0.053560120053589344,0.01580420881509781,0.39510550126433375,0.0654548262944445,0.7,0.2864407002925873,6.613589217543764e-07,0.12912032355915065
12780,0.13567446991801263,0.12939502634108066,0.025822490453720093,0.6455622106790543,0.09646490358281881,0.7,0.00011396651098039001,6.608371567362504e-07,0.12922143579373105
12790,0.004519143607467413,0.003827151469886303,0.016341470181941986,0.408536884188652,0.09063836755231022,0.8,2.781799554824829,6.603151962858129e-07,0.12932254802831142
12800,0.04332326203584671,0.04522665664553642,0.00773550495505333,0.24013337269425392,0.0808237150660716,0.7,1.3345271327125374e-05,6.597930410372954e-07,0.12942366026289182
12810,0.007676517684012651,0.03740296065807343,0.013347586989402771,0.3336896702647209,0.14448847129242495,0.6,2.051708221435547,6.592706916251652e-07,0.12952477249747218
12820,0.08183356635272503,0.09457269832491874,0.0273313969373703,0.6832848533987999,0.12960226570721717,0.6,0.34180575609207153,6.587481486841267e-07,0.12962588473205258
12830,0.3636436998844147,0.3501969717442989,0.0065485253930091854,0.34962630830705166,0.16905402448028325,0.4,24.188425064086914,6.582254128491184e-07,0.12972699696663295
12840,0.07568736374378204,0.2677533447742462,0.023959751427173614,0.3766925074160099,0.11094455808633938,0.8,1.1413812899263576e-06,6.577024847553138e-07,0.12982810920121335
12850,0.24096723981201648,0.16746951192617415,0.03325161635875702,0.848439160734415,0.12330490486929194,0.6,0.22871141135692596,6.5717936503812e-07,0.12992922143579372
12860,0.07453916596714408,0.08546634911326692,0.010712462663650512,0.26781152077019216,0.1030120859388262,0.7,1.182322534987179e-06,6.566560543331765e-07,0.13003033367037412
12870,0.3646389842033386,0.22660586684942247,0.025554129481315614,0.6388533771038055,0.10697579972911626,0.5,9.884148597717285,6.561325532763553e-07,0.1301314459049545
12880,0.2562315300107002,0.17657726258039474,0.024444220960140227,0.61110561452806,0.10938262791605666,0.5,4.190087795257568,6.556088625037597e-07,0.13023255813953488
12890,-0.04324265290051699,0.20589093416929244,0.0329682320356369,0.8242059605196118,0.17380576675059273,0.6,0.06702843308448792,6.55084982651723e-07,0.13033367037411528
12900,0.02844967246055603,0.1130448192358017,0.02566690444946289,0.6416724413633347,0.11277560141170398,0.7,19.29584312438965,6.54560914356809e-07,0.13043478260869565
12910,0.06477895341813564,0.09936109567061066,0.016030974686145782,0.4078990787267685,0.10545958318980411,0.6,0.043649088591337204,6.540366582558097e-07,0.13053589484327605
12920,-0.021111495792865753,0.03776539266109467,0.008605821430683136,0.25340859554708006,0.09484748896211385,0.9,0.049900367856025696,6.535122149857459e-07,0.13063700707785642
12930,0.006586878001689911,0.008496817201375961,0.008879531919956208,0.22198830172419548,0.09201563993701711,0.9,0.00033274374436587095,6.529875851838658e-07,0.1307381193124368
12940,0.034851538576185705,0.06668834686279297,0.01419965922832489,0.35491966059198604,0.10285391735378653,0.8,9.951420452125603e-07,6.524627694876439e-07,0.13083923154701718
12950,0.1653052270412445,0.3008006662130356,0.005991197749972343,0.45997928343713285,0.11945412528002634,0.6,5.555805842050177e-07,6.519377685347807e-07,0.13094034378159758
12960,0.014333194494247437,0.06371304914355277,0.019033893942832947,0.475847252830863,0.10083368164487183,0.6,8.57513427734375,6.51412582963202e-07,0.13104145601617795
12970,0.039000775665044785,0.1304739580489695,0.025103002786636353,0.6275749959051609,0.14351099920459093,0.6,0.47345873713493347,6.508872134110577e-07,0.13114256825075835
12980,-0.03615393340587616,0.16118841469287873,0.017308732867240904,0.4327183343470097,0.08140464188763871,0.8,58.260589599609375,6.503616605167212e-07,0.13124368048533872
12990,0.24072513673454524,0.14048886951059103,0.015822693705558777,0.5360280256718397,0.12336650883080438,0.5,0.0009914061520248652,6.498359249187892e-07,0.1313447927199191
13000,0.33342826142907145,0.20043872892856598,0.026262903213500978,0.7492236338555813,0.08067878957372158,0.6,2.9037168133072555e-05,6.493100072560797e-07,0.13144590495449948
13010,0.09837186820805073,0.10176741629838944,0.00769309550523758,0.19232768714427947,0.08149041639408097,0.8,11.892793655395508,6.487839081676326e-07,0.13154701718907988
13020,0.09438943862915039,0.08597368597984315,0.006120129674673081,0.1530032202601433,0.06007460748078301,0.9,1.0845418728422374e-05,6.482576282927075e-07,0.13164812942366028
13030,0.2505566768348217,0.18240100145339966,0.022606177628040312,0.5651545457541942,0.12360738913994282,0.6,9.88615894317627,6.477311682707843e-07,0.13174924165824065
13040,0.3309325804933906,0.3714363627135754,0.049356409907341005,0.6487480837851762,0.1529121825704351,0.5,47.30091094970703,6.472045287415615e-07,0.13185035389282104
13050,0.1847293870523572,0.11400480661541224,0.031831756234169006,0.7957939941436052,0.1173271058825776,0.5,6.090693932492286e-05,6.466777103449558e-07,0.1319514661274014
13060,-0.0017601251602172852,0.027294603735208513,0.022632107138633728,0.5658026657998562,0.07844730302458629,0.8,8.626416206359863,6.461507137211011e-07,0.1320525783619818
13070,0.19933084547519683,0.1856704220175743,0.019160813093185423,0.48257527835667136,0.11523847593925893,0.6,1.7267524003982544,6.456235395103482e-07,0.13215369059656218
13080,0.05170186962932348,0.07258067913353443,0.020318759977817534,0.5079690366983414,0.1579083106596954,0.6,6.416130542755127,6.450961883532634e-07,0.13225480283114258
13090,0.3118298567831516,0.28547443151474,0.05275799036026001,1.3189496167004109,0.1274529836140573,0.5,6.03524028974789e-07,6.445686608906282e-07,0.13235591506572295
13100,0.22390536665916444,0.20804790928959846,0.01843714863061905,0.46092883348464964,0.12013750961050391,0.4,1.748262184264604e-05,6.440409577634379e-07,0.13245702730030334
13110,0.0711841955780983,0.06762230396270752,0.013801586627960206,0.34503972455859183,0.09501377581618727,0.7,1.8862700462341309,6.435130796129018e-07,0.1325581395348837
13120,0.0592889279127121,0.10387932062149048,0.02453724145889282,0.6134310636669398,0.08925357881234959,0.8,1.6247135400772095,6.429850270804416e-07,0.1326592517694641
13130,0.2298193212598562,0.13648843467235566,0.03276742696762085,0.81918560937047,0.11293613066663966,0.6,7.816146307959571e-07,6.424568008076908e-07,0.13276036400404448
13140,0.0023044170811772346,0.0013168097473680973,0.009885380417108536,0.24713457003235817,0.07122970396885649,0.9,0.00032255289261229336,6.419284014364943e-07,0.13286147623862488
13150,0.164420285820961,0.11503473073244094,0.013786917924880982,0.3446732085198164,0.08329453552141786,0.7,0.013826238922774792,6.41399829608907e-07,0.13296258847320525
13160,0.004093252867460251,0.0023390015587210653,0.02479390949010849,0.6198481071740389,0.10071352490922436,0.9,1.3709277482121252e-06,6.408710859671938e-07,0.13306370070778564
13170,0.1484059142647311,0.0874225958250463,0.028124696016311644,0.710208160430193,0.10671668216818944,0.7,0.10896889865398407,6.403421711538278e-07,0.13316481294236604
13180,0.08428225480020046,0.20052507594227792,0.010447182506322861,0.26117972023785113,0.19839536094805227,0.4,21.229446411132812,6.398130858114903e-07,0.1332659251769464
13190,0.1718406041385606,0.11589630884118378,0.01375642716884613,0.34391098096966743,0.11309951322618872,0.6,8.541941497242078e-06,6.392838305830701e-07,0.1333670374115268
13200,0.12820763289928436,0.1060659795999527,0.006617388874292374,0.16543457992374896,0.08831320211756974,0.8,1.294396724915714e-06,6.38754406111662e-07,0.13346814964610718
13210,0.22036032229661942,0.3509335994720459,-0.0008382424712181091,0.41946234591305254,0.12156739302445203,0.6,0.15623988211154938,6.382248130405669e-07,0.13356926188068757
13220,0.0815957635641098,0.11983013898134232,0.015479499101638794,0.442426772788167,0.1482259816140868,0.7,0.04181738942861557,6.376950520132905e-07,0.13367037411526794
13230,0.33005216233432294,0.20002343282103538,0.030731111764907837,0.7682777386158705,0.16525694590527565,0.5,7.285424709320068,6.371651236735417e-07,0.13377148634984834
13240,-0.009126320481300354,0.13393265902996063,0.008220214396715164,0.205505433678627,0.10711103649809957,0.8,6.817385269641818e-07,6.36635028665234e-07,0.1338725985844287
13250,0.05823608636856079,0.03327776491641998,0.012548771500587464,0.31372069381177425,0.06404042356880382,0.9,0.02264043502509594,6.361047676324826e-07,0.1339737108190091
13260,0.025394307216629386,0.350753228738904,0.026325586438179015,0.826875775307417,0.1915401241974905,0.3,2.409956932067871,6.355743412196046e-07,0.13407482305358948
13270,0.07108120955526828,0.20348402559757234,0.01674439013004303,0.41861027739942075,0.15787701294757425,0.6,8.28111296868883e-06,6.350437500711183e-07,0.13417593528816987
13280,0.11433074250817299,0.23151474744081496,0.024237728118896483,0.6059435408562421,0.14780197551008314,0.4,14.23875904083252,6.345129948317418e-07,0.13427704752275024
13290,0.002076619863510132,0.1154299307614565,0.015053193271160125,0.3763301052153111,0.1304377299384214,0.5,3.027228355407715,6.339820761463929e-07,0.13437815975733064
13300,-0.0656771502457559,0.15348146231845022,0.016084064543247224,0.4021017890423536,0.14295658634509892,0.6,68.18683624267578,6.334509946601878e-07,0.134479271991911
13310,-0.009613419836387038,0.055978017020970584,0.01116061583161354,0.27901526540517807,0.15062202160479501,0.6,8.105971573968418e-07,6.329197510184405e-07,0.1345803842264914
13320,0.07166697103530169,0.12820177525281906,0.009338852018117905,0.23347127847373486,0.09801277142250911,0.8,1.2234287396495347e-06,6.323883458666623e-07,0.1346814964610718
13330,0.10553324895445257,0.2611298322677612,0.028471669554710387,0.7117918472737074,0.18235531569225713,0.4,1.5906010866165161,6.318567798505604e-07,0.13478260869565217
13340,0.04610021412372589,0.041829660534858704,0.009075438231229782,0.22688586711883546,0.08950154095655308,0.8,2.6714785690273857e-06,6.313250536160377e-07,0.13488372093023257
13350,-0.07044735550880432,0.06416627764701843,0.012311556935310363,0.30778902731835844,0.08109682325739413,0.9,0.00011488010932225734,6.307931678091917e-07,0.13498483316481294
13360,0.08069005869328975,0.10078293830156326,0.017151059210300447,0.5410577394068241,0.12713053356856108,0.6,5.744762420654297,6.302611230763138e-07,0.13508594539939334
13370,0.049283407628536224,0.11724558472633362,0.02221807837486267,0.5766642171889543,0.14951393690425901,0.4,3.3371806144714355,6.297289200638887e-07,0.1351870576339737
13380,0.16463539004325867,0.15813607573509217,0.01404525339603424,0.36309748999774455,0.07060101324459538,0.8,5.2244708967919e-06,6.291965594185929e-07,0.1352881698685541
13390,0.1450423792935908,0.09909435566514731,0.02735019028186798,0.6837555889040232,0.120734515984077,0.6,3.586424281820655e-05,6.28664041787295e-07,0.13538928210313447
13400,0.013686187658458948,0.10519768418744206,0.017507569491863252,0.4376893028616905,0.22045970017788932,0.5,0.09300372749567032,6.281313678170543e-07,0.13549039433771487
13410,0.032611727714538574,0.08326227068901063,0.01143466979265213,0.19585332088172436,0.07540672417962924,0.9,1.7951246263692155e-05,6.275985381551194e-07,0.13559150657229524
13420,0.16308235749602318,0.1433501996099949,0.02317090779542923,0.5792729366570711,0.10948500197846442,0.7,13.184099197387695,6.270655534489291e-07,0.13569261880687564
13430,0.014173774607479572,0.20481428541243077,0.011963513493537904,0.29908810593187807,0.1014702201122418,0.6,1.2283013575142832e-06,6.265324143461097e-07,0.135793731041456
13440,0.1937754973769188,0.2709930971264839,-0.019194316864013673,0.34734976254403593,0.148756669042632,0.4,4.15186071395874,6.259991214944757e-07,0.1358948432760364
13450,0.14481830671429635,0.12359110862016678,0.02186359018087387,0.5465896766632795,0.13974477482261136,0.5,4.824472853215411e-06,6.254656755420282e-07,0.13599595551061677
13460,-0.02785717025399208,0.09906162470579147,0.007036274671554566,0.1759067617356777,0.14607490573544055,0.6,0.006420417223125696,6.249320771369544e-07,0.13609706774519717
13470,0.21913369884714484,0.14172622486948966,0.041465312242507935,1.0366328854113818,0.13734600532334298,0.6,2.701014995574951,6.243983269276263e-07,0.13619817997977754
13480,0.02471455242484808,0.0480187414214015,0.017855219542980194,0.44638078212738036,0.12313227421836928,0.6,3.3498695302114356e-06,6.238644255626012e-07,0.13629929221435794
13490,0.012886203825473785,0.0568937860429287,0.01542816162109375,0.38570399545133116,0.1042953516007401,0.7,3.796495320784743e-06,6.233303736906193e-07,0.13640040444893833
13500,0.2668483078479767,0.15248474851250648,0.03199909925460816,0.7999774567782879,0.08477158318273723,0.7,0.00014002734678797424,6.227961719606038e-07,0.1365015166835187
13510,0.036064666137099265,0.08389099314808846,0.016157039999961854,0.40392590686678886,0.17176179703092204,0.5,0.02664802223443985,6.222618210216608e-07,0.1366026289180991
13520,0.3657921578735113,0.23399455919861795,0.006815315037965774,0.6584034379571676,0.09069625625852495,0.6,0.00010249532351735979,6.217273215230766e-07,0.13670374115267947
13530,0.19243923295289278,0.18170315008610488,0.019940322637557982,0.49850820042192934,0.17194848033832386,0.4,1.4647503121523187e-06,6.211926741143187e-07,0.13680485338725987
13540,0.13020613938570022,0.12779396623373032,0.016565491259098054,0.41413730941712856,0.11397302241530269,0.7,4.196333520667395e-06,6.206578794450339e-07,0.13690596562184024
13550,0.07513712962972932,0.04299476315791253,-0.004594737291336059,0.12365758307278156,0.07247628428740427,0.8,1.1213796138763428,6.201229381650485e-07,0.13700707785642063
13560,0.014509926736354827,0.02595614492893219,0.004246160387992859,0.10615410134196282,0.06998517613392323,0.9,0.00011133639054605737,6.19587850924366e-07,0.137108190091001
13570,0.11645281240344048,0.07537233233451843,0.0041009396314620975,0.3572313472628593,0.0708255207631737,0.7,0.001785116270184517,6.190526183731685e-07,0.1372093023255814
13580,0.1464370120316744,0.2871287915855646,0.036399683356285094,0.9843646436929703,0.1636631025467068,0.3,27.500476837158203,6.185172411618137e-07,0.13731041456016177
13590,0.02992305373772979,0.021678159944713116,0.011255645751953125,0.29120122231543066,0.11989417729200795,0.7,5.656610028381692e-06,6.179817199408355e-07,0.13741152679474217
13600,0.13963900245726107,0.18138775564730167,0.002816532365977764,0.33588123358786104,0.14544809702783823,0.5,0.0563441701233387,6.174460553609425e-07,0.13751263902932254
13610,0.06058790683746338,0.08192072212696075,0.014008474349975587,0.3502120617777109,0.08658626433461905,0.8,1.4826636061116005e-06,6.169102480730179e-07,0.13761375126390293
13620,0.24618573822081088,0.36420810148119925,0.02515089511871338,0.6287723522633314,0.13109389062738047,0.6,1.1904389793926384e-06,6.16374298728118e-07,0.1377148634984833
13630,-0.057293781347107144,0.3207407472655177,0.013907404243946075,0.34768537133932115,0.1936413950752467,0.5,0.0006529295933432877,6.158382079774716e-07,0.1378159757330637
13640,0.20292673123367422,0.14540004109148869,0.03551050722599029,0.9402722276747226,0.1425504663726315,0.3,0.00010334351100027561,6.153019764724799e-07,0.1379170879676441
13650,0.08654669709503651,0.1103287223726511,0.013476008176803589,0.3369004536420107,0.14242957669775932,0.5,9.55028895077703e-07,6.147656048647143e-07,0.13801820020222447
13660,-0.07662294059991837,0.07552653104066849,0.008416716754436494,0.21363877691328526,0.10549325601896271,0.7,0.024637563154101372,6.142290938059172e-07,0.13811931243680486
13670,0.39829961601644753,0.34935306492261586,-0.00356120765209198,0.3892367096617818,0.17374834209913387,0.3,8.780434608459473,6.13692443948e-07,0.13822042467138523
13680,0.11230105827562512,0.06781936725601553,0.02360776662826538,0.5901943814009428,0.13687010458670557,0.4,2.5448124408721924,6.13155655943043e-07,0.13832153690596563
13690,0.19673527479171754,0.12464185059070587,0.015761032700538635,0.39402595050632955,0.08734146491624414,0.7,0.00011795904720202088,6.12618730443294e-07,0.138422649140546
13700,0.27301014997065065,0.19340856103226542,0.03218513131141663,0.8046283584088088,0.1332009834004566,0.5,0.10163164883852005,6.120816681011684e-07,0.1385237613751264
13710,0.21803453410975634,0.1260335687547922,0.023775865137577058,0.5926661599427462,0.10198977588443085,0.6,6.216197107278276e-06,6.115444695692474e-07,0.13862487360970677
13720,0.020358289266005157,0.08867841940373182,0.023315799236297608,0.5828950390219688,0.14393785336287693,0.5,3.071133613586426,6.110071355002778e-07,0.13872598584428716
13730,0.2108380027115345,0.12791662365198136,0.037582004070281984,0.9395498905330897,0.11946778754936531,0.6,5.358509952202439e-05,6.104696665471713e-07,0.13882709807886753
13740,0.31527187696192416,0.25398457678966224,0.033193251490592955,0.8366053946316242,0.15042846250580624,0.3,1.039790391921997,6.099320633630035e-07,0.13892821031344793
13750,-0.02004011906683445,0.03745525889098644,0.02073468118906021,0.518367150425911,0.14875596653437242,0.6,2.8803250789642334,6.093943266010128e-07,0.1390293225480283
13760,-0.032131743431091306,0.041448700428009036,0.01518111228942871,0.37952769473195075,0.07465342335635797,0.9,0.013479850254952908,6.088564569145999e-07,0.1391304347826087
13770,0.06404607240110635,0.14051448740065098,0.013287529349327087,0.3912278603762388,0.16443925785133615,0.5,1.0143709232579567e-06,6.083184549573273e-07,0.13923154701718907
13780,0.0789290938526392,0.23460078984498978,0.02107592225074768,0.5268982224166393,0.18975384084042163,0.5,6.839824676513672,6.077803213829183e-07,0.13933265925176946
13790,-0.07376515716314316,0.24863439723849295,-0.002828562818467617,0.13072811737656592,0.1670135499560274,0.5,14.872276306152344,6.072420568452558e-07,0.13943377148634986
13800,0.023916536942124367,0.11031833356246352,0.02095552980899811,0.5238882407546044,0.18601548237493262,0.5,0.04832541197538376,6.067036619983821e-07,0.13953488372093023
13810,-0.03229279518127441,0.18711525499820708,0.018604382872581482,0.2490295646712184,0.14631479781819506,0.6,12.401769638061523,6.061651374964973e-07,0.13963599595551063
13820,0.009674427518621086,0.04657513918355107,0.0158860445022583,0.39715127907693387,0.13459431644296274,0.7,1.2779921293258667,6.0562648399396e-07,0.139737108190091
13830,0.2723207358270884,0.2609940143302083,0.030108433961868287,0.7527108453214169,0.10306222160579637,0.6,0.7449719905853271,6.050877021452845e-07,0.1398382204246714
13840,-0.11226593172177672,0.1254494246095419,0.010988500714302064,0.3164779867976904,0.09874580126488582,0.7,0.00030702893855050206,6.045487926051419e-07,0.13993933265925176
13850,-0.0002517357934266329,0.0006427164189517498,0.010835273563861847,0.27088184729218484,0.08512246389873326,0.9,0.05813930928707123,6.040097560283579e-07,0.14004044489383216
13860,0.0021271616220474242,0.08420010358095169,0.005260732397437096,0.13151827380061148,0.12075709680793807,0.7,0.03821655362844467,6.034705930699129e-07,0.14014155712841253
13870,0.016227974370121957,0.03831955194473267,0.006533715128898621,0.19768132418394088,0.10063710876274853,0.8,1.2890197922388325e-06,6.029313043849406e-07,0.14024266936299293
13880,0.04831492635421455,0.12357684653252363,0.02685645818710327,0.6714111633598805,0.15829566739266737,0.5,2.132984809577465e-05,6.023918906287278e-07,0.1403437815975733
13890,-0.040201695263385774,0.25582859516143797,0.024212266504764556,0.6053065896034241,0.19847607119008898,0.6,0.05388949438929558,6.018523524567129e-07,0.1404448938321537
13900,-0.05132186636328697,0.052841691114008424,0.005789183452725411,0.14472954757511616,0.07332177698845044,0.8,0.0010051110293716192,6.013126905244857e-07,0.14054600606673406
13910,0.060806764662265776,0.10581847056746482,0.017530399560928344,0.4382599875330925,0.1393888508901,0.6,3.0213534832000732,6.007729054877864e-07,0.14064711830131446
13920,0.1969019129872322,0.11751718651503325,0.017313283681869508,0.43283243477344513,0.13656529249856247,0.7,0.02461571805179119,6.002329980025046e-07,0.14074823053589483
13930,0.01674608760513365,0.18802473321557045,0.02484098672866821,0.6210249245166779,0.18420769174117596,0.6,0.07084126025438309,5.996929687246789e-07,0.14084934277047523
13940,0.0636307206004858,0.2747204691637307,0.01565655171871185,0.3914137493818998,0.19108185113873333,0.3,49.68093490600586,5.991528183104958e-07,0.14095045500505562
13950,0.010833499534055591,0.05462277568876743,0.013995200395584106,0.3498804453760386,0.15706561886472628,0.7,4.434004949871451e-06,5.98612547416289e-07,0.141051567239636
13960,-0.026986615918576717,0.03969377093017101,0.007951224595308304,0.1987805671989918,0.10878824370447546,0.6,1.2342179616098292e-06,5.980721566985385e-07,0.1411526794742164
13970,0.34274018546566365,0.3699077382683754,0.031154176592826842,0.7788545090705157,0.1599723488208838,0.5,19.288976669311523,5.975316468138699e-07,0.14125379170879676
13980,0.18876238130033016,0.1520257368683815,0.0356400728225708,0.8910019915550947,0.10938278579851612,0.6,2.4172841222025454e-06,5.969910184190539e-07,0.14135490394337716
13990,0.023153789807111025,0.02014212105423212,0.019393084943294524,0.48482719883322717,0.13047325249062852,0.7,3.4602179527282715,5.964502721710048e-07,0.14145601617795753
14000,-0.21039565475657582,0.14005469642579554,0.020908373594284057,0.526612014696002,0.13266576412133874,0.6,0.04646464064717293,5.959094087267803e-07,0.14155712841253792
14010,-0.04545924486592412,0.0881821133196354,0.01401529461145401,0.3503827013075352,0.13738556172465904,0.6,0.09865137934684753,5.953684287435807e-07,0.1416582406471183
14020,0.13274211138486863,0.44768036156892776,0.033626940846443173,0.840674364939332,0.17505787417758256,0.4,9.125149063038407e-07,5.948273328787473e-07,0.1417593528816987
14030,0.1182666857726872,0.14844077099114655,0.027320671081542968,0.6830168470740319,0.1454529524082318,0.5,1.4492589235305786,5.942861217897631e-07,0.14186046511627906
14040,0.049576753610745074,0.19444720055907966,0.01807886064052582,0.45197165869176387,0.1623443959048018,0.4,15.501707077026367,5.9374479613425e-07,0.14196157735085946
14050,-0.04582240879535675,0.07289265617728233,0.01965164244174957,0.49129121713340285,0.1690281077288091,0.5,1.2260478570169653e-06,5.932033565699704e-07,0.14206268958543983
14060,-0.003641742095351219,0.03792033866047859,0.003120817802846432,0.07802046574652195,0.1047144070151262,0.7,13.834953308105469,5.926618037548237e-07,0.14216380182002022
14070,0.04178071916103363,0.08188187479972839,0.0212867334485054,0.5321683429181576,0.1195530706550926,0.7,0.04047466069459915,5.921201383468481e-07,0.1422649140546006
14080,0.12458970118314028,0.19386639073491096,0.018158699572086334,0.4539671167731285,0.1463920223293826,0.4,36.265625,5.915783610042182e-07,0.142366026289181
14090,0.14249517917633056,0.1297903150320053,0.01960322856903076,0.4900808032602072,0.06145662632770836,0.8,8.19477645563893e-05,5.910364723852443e-07,0.1424671385237614
14100,0.15821383148431778,0.1842142954468727,0.03890645503997803,0.9922982677817345,0.12969775930978358,0.5,0.018557632341980934,5.904944731483723e-07,0.14256825075834176
14110,0.3149818152189255,0.23996254056692123,0.029060113430023193,0.9784695118665695,0.10192334190942347,0.5,1.92567777633667,5.899523639521824e-07,0.14266936299292216
14120,0.1328094826079905,0.08368750109802932,0.019716726243495943,0.4929182417690754,0.09517179982503876,0.7,3.244509798605577e-06,5.894101454553883e-07,0.14277047522750252
14130,0.0018836449831724166,0.13266262859106065,0.034355071187019345,0.8588763024657965,0.1254322523716837,0.6,3.8870625495910645,5.888678183168367e-07,0.14287158746208292
14140,-0.014499286003410817,0.19502244796603918,0.025732633471488953,0.6433161824941636,0.16494550791103393,0.5,1.946516513824463,5.88325383195506e-07,0.1429726996966633
14150,0.12119590714573861,0.18265268132090567,0.01949850171804428,0.5520739421248436,0.15410201131599024,0.6,0.00010614172060741112,5.877828407505063e-07,0.1430738119312437
14160,0.056687768548727036,0.10934848096221686,0.02881975769996643,0.7204942468553781,0.1486543767969124,0.6,2.560751438140869,5.872401916410776e-07,0.14317492416582406
14170,0.16252196668647229,0.13789280578494073,0.028718188405036926,0.8338794115930795,0.1777940027648583,0.5,0.2528705596923828,5.866974365265901e-07,0.14327603640040446
14180,0.09426491558551789,0.11601014658808709,0.022479259967803956,0.5619814779609442,0.139615278551355,0.6,0.9770342111587524,5.861545760665419e-07,0.14337714863498482
14190,0.2610161552205682,0.26096516475081444,0.003641507029533386,0.3716449115425348,0.11539091086015105,0.5,43.617103576660156,5.856116109205601e-07,0.14347826086956522
14200,0.19302060711197555,0.1673885690048337,0.025964686274528505,0.6491169478744269,0.16708823106018827,0.4,2.3707618713378906,5.850685417483982e-07,0.1435793731041456
14210,0.06190622337162495,0.08161985166370869,0.017677702009677887,0.4419421710073948,0.12168078320100903,0.6,1.3799028693028959e-06,5.845253692099368e-07,0.143680485338726
14220,0.19238791167736052,0.1579376459121704,0.028895294666290282,0.7223822351545095,0.08712443264666944,0.7,1.7090444544010097e-06,5.839820939651816e-07,0.14378159757330636
14230,-0.025349440425634383,0.14012899100780488,0.02041172832250595,0.5102937504649162,0.16133189847460017,0.5,47.7241325378418,5.834387166742632e-07,0.14388270980788676
14240,0.05402119809295982,0.062078094482421874,0.035392022132873534,0.8847999226301908,0.1377037609810941,0.6,0.06797050684690475,5.828952379974363e-07,0.14398382204246715
14250,0.09001028537750244,0.132706218957901,0.011910107731819154,0.2977527789771557,0.11646129949949682,0.7,7.326300144195557,5.823516585950787e-07,0.14408493427704752
14260,-0.020364360138773917,0.15522320233285428,0.011464963108301163,0.28662404641509054,0.13544530097860843,0.5,2.2677490051137283e-05,5.818079791276907e-07,0.14418604651162792
14270,0.08455604463815689,0.16347317360341548,0.033468425273895264,0.8367106262594461,0.19189091365551575,0.5,0.029820172116160393,5.81264200255894e-07,0.1442871587462083
14280,0.08736874014139176,0.06559677198529243,0.015369126200675964,0.3842281885445118,0.08311240635812282,0.7,1.1496341585370828e-06,5.807203226404313e-07,0.14438827098078869
14290,-0.006894846074283123,0.14808332277461886,0.02405542880296707,0.6013856817036867,0.1766762183047831,0.5,0.18208740651607513,5.801763469421652e-07,0.14448938321536905
14300,0.34818119145929816,0.2466395255178213,0.039531674981117246,0.7279484232305549,0.16468900539912285,0.4,0.00036837870720773935,5.796322738220773e-07,0.14459049544994945
14310,0.2936393514275551,0.1857606440782547,0.025435268878936768,0.6375461775809527,0.13056991933844983,0.7,7.453371654264629e-05,5.790881039412679e-07,0.14469160768452982
14320,0.21785552637884392,0.15259388405829669,0.005804269388318062,0.2565922822803259,0.10563144499901682,0.6,3.8796234130859375,5.785438379609549e-07,0.14479271991911022
14330,0.0777322595473379,0.05743399038910866,0.016516676545143126,0.41291724480688574,0.13249727721558885,0.6,1.1126961680929526e-06,5.779994765424724e-07,0.1448938321536906
14340,0.18976598735898734,0.13848829865455628,0.02343749552965164,0.5859375156462192,0.122623119445052,0.5,1.104371563087625e-06,5.774550203472711e-07,0.14499494438827099
14350,0.10426448052749038,0.1801428928039968,0.022220180928707124,0.5609815124422312,0.222919147554785,0.3,1.2732720375061035,5.769104700369163e-07,0.14509605662285135
14360,0.1328396772965789,0.08245209343731404,0.014229197800159455,0.35573020689189433,0.10111127102281899,0.6,5.30864953994751,5.763658262730885e-07,0.14519716885743175
14370,0.13701876401901245,0.13010408636182547,0.00894179344177246,0.2743669129908085,0.13283995162928477,0.5,29.128620147705078,5.758210897175809e-07,0.14529828109201212
14380,0.15207876749336718,0.20135005787014962,0.017933674156665802,0.44834203869104383,0.17185679753310978,0.5,1.6092971563339233,5.752762610322999e-07,0.14539939332659252
14390,0.15333629213273525,0.16527136582881213,0.02802211940288544,0.7011995445936918,0.19105010911589487,0.3,4.151424884796143,5.747313408792636e-07,0.1455005055611729
14400,0.055525698326528074,0.2704666547477245,0.02594274878501892,0.6485691282898187,0.17803916960256175,0.5,3.7951860427856445,5.741863299206014e-07,0.14560161779575329
14410,0.27559920139610766,0.2695183360949159,0.010726894438266753,0.3048369627445936,0.10348747187526897,0.5,0.000261856010183692,5.736412288185529e-07,0.14570273003033368
14420,0.2279105432331562,0.15048484466969966,0.030966198444366454,0.774155892804265,0.10199547929223626,0.5,1.117075044021476e-06,5.730960382354676e-07,0.14580384226491405
14430,0.07461450723931193,0.052729642437770965,0.023877371847629548,0.5969345986843109,0.11839467376703397,0.5,1.232049953614478e-06,5.725507588338035e-07,0.14590495449949445
14440,0.01449539177119732,0.13336237221956254,0.026635855436325073,0.6968473833054304,0.20320812020218,0.4,7.402342796325684,5.72005391276126e-07,0.14600606673407482
14450,0.18137763030827045,0.16284638158977033,0.01938275694847107,0.484569588676095,0.09078871369129046,0.7,9.311064059147611e-05,5.714599362251087e-07,0.14610717896865522
14460,-0.0680400928016752,0.15907151363790034,0.011604891717433929,0.29012227803468704,0.15388100784039124,0.5,1.226330596182379e-06,5.709143943435306e-07,0.14620829120323559
14470,0.048552009463310244,0.08685247898101807,0.013561300933361053,0.3390326116234064,0.07589202855015173,0.9,0.0020873015746474266,5.703687662942765e-07,0.14630940343781598
14480,0.09830991998314857,0.12505626007914544,0.023717932403087616,0.5929479632526636,0.13152206974336877,0.7,1.816673261600954e-06,5.69823052740336e-07,0.14641051567239635
14490,0.13790666367858648,0.26652137339115145,0.027644217014312744,0.6874353237450123,0.1680732727632858,0.4,22.294504165649414,5.692772543448026e-07,0.14651162790697675
14500,0.021438907831907272,0.06271668449044228,0.022059047222137453,0.5514760956168174,0.13387921977555378,0.8,0.03298003599047661,5.687313717708728e-07,0.14661274014155712
14510,0.09099624846130609,0.0626731975004077,0.024526087939739226,0.6131520580500365,0.1360694733913988,0.7,0.07869661599397659,5.681854056818452e-07,0.14671385237613752
14520,0.03837438151240349,0.11553283371031284,0.015427012741565705,0.385675835609436,0.1619543451233767,0.6,7.041945082164602e-06,5.676393567411204e-07,0.14681496461071789
14530,0.03428151309490204,0.019589436054229737,0.00952010676264763,0.2380026590079069,0.07890822128392756,0.9,1.429671049118042,5.670932256121991e-07,0.14691607684529828
14540,0.2900080636143684,0.30625665932893753,0.031003677845001222,0.8601621881127357,0.1738408731529489,0.2,20.243942260742188,5.665470129586821e-07,0.14701718907987865
14550,0.03231653086841106,0.3180890142917633,0.028462639451026915,0.6721671592444182,0.14348870277171955,0.5,3.686293363571167,5.660007194442697e-07,0.14711830131445905
14560,0.04204592034220696,0.0240262396633625,0.015279212594032287,0.3819806188344955,0.07974643441848457,0.8,0.06951609998941422,5.654543457327594e-07,0.14721941354903945
14570,0.25908342003822327,0.22089204788208008,0.01791994720697403,0.44799844510853293,0.10591907019261271,0.7,1.06300785773783e-06,5.649078924880472e-07,0.14732052578361982
14580,0.17301191985607148,0.1473020136356354,0.0219100758433342,0.5477520268410444,0.13148978672688827,0.7,15.804864883422852,5.643613603741252e-07,0.1474216380182002
14590,0.12590470314025878,0.16406482756137847,0.025158992409706114,0.6289748013019562,0.11583060877164826,0.7,11.497498512268066,5.638147500550815e-07,0.14752275025278058
14600,0.1892252067103982,0.1902268212288618,0.02238767296075821,0.7268902238458395,0.17846823481377214,0.5,0.05658559873700142,5.632680621950992e-07,0.14762386248736098
14610,0.1674689669162035,0.34470544047653673,0.018911275267601012,0.5795727122575045,0.17924200436100363,0.3,73.961181640625,5.627212974584554e-07,0.14772497472194135
14620,-0.027791046351194382,0.1477498158812523,0.0190980464220047,0.5030586209148169,0.16303736894624307,0.5,0.00031061528716236353,5.62174456509521e-07,0.14782608695652175
14630,0.07973831351846457,0.19585846168920398,0.027553048729896546,0.6888259187340736,0.18674991402076557,0.3,3.7448273815243738e-06,5.616275400127594e-07,0.14792719919110212
14640,0.10832900293171406,0.12643530182540416,0.013346971571445465,0.3336742136627436,0.13880966076394544,0.7,1.7523013866593828e-06,5.610805486327253e-07,0.1480283114256825
14650,0.38105731289833783,0.2444726973772049,-0.010062799602746964,0.5761218044906855,0.10981894927099348,0.5,0.005573976784944534,5.605334830340653e-07,0.14812942366026288
14660,-0.00451420322060585,0.004111717268824577,0.008797642588615418,0.21994102373719215,0.08895258789416402,0.9,1.008460685625323e-06,5.599863438815156e-07,0.14823053589484328
14670,0.07793423228431492,0.0515803043730557,0.01895201802253723,0.47380022518336773,0.08450672404142097,0.7,1.4877664398227353e-06,5.594391318399016e-07,0.14833164812942365
14680,0.039006064832210544,0.0933570796623826,0.01746348887681961,0.4510556809604168,0.1439253511140123,0.6,0.0008739351178519428,5.588918475741377e-07,0.14843276036400405
14690,-0.04116846919059754,0.20522855520248412,0.01779482960700989,0.44487179517745973,0.10481943400809542,0.7,5.318418502807617,5.583444917492258e-07,0.14853387259858442
14700,0.0013288413174450397,0.047321971505880356,0.009798993915319442,0.2449748780578375,0.09188110992545262,0.7,1.3390816450119019,5.577970650302549e-07,0.1486349848331648
14710,0.24238909780979156,0.14686810187995433,0.04278104603290558,1.0695263147354126,0.11030740801943466,0.6,1.0801160335540771,5.572495680824001e-07,0.1487360970677452
14720,0.3610303796827793,0.2721467182040215,0.002241867408156395,0.7213371299207211,0.10623336847638712,0.5,7.243528366088867,5.567020015709219e-07,0.14883720930232558
14730,0.11005820333957672,0.2939776207320392,0.03212858438491821,0.8032150097191334,0.2125280451728031,0.4,0.9430816769599915,5.561543661611649e-07,0.14893832153690598
14740,0.1788780505768955,0.17514053455088288,0.018259134888648988,0.4564781464636326,0.10532823253888637,0.6,1.155800646301941e-06,5.556066625185583e-07,0.14903943377148635
14750,-0.0051180988550186155,0.06749160662293434,0.018315260112285615,0.45788133777678014,0.09976356335682794,0.7,1.8161287016482675e-06,5.55058891308613e-07,0.14914054600606674
14760,0.24731307812035083,0.2754764825105667,0.037407538294792174,0.988397166877985,0.16828474103240296,0.3,0.0014571977080777287,5.545110531969234e-07,0.1492416582406471
14770,0.07127743344753981,0.09696552723180503,0.03451783359050751,0.8629462201148271,0.13774592768168076,0.6,6.736479759216309,5.53963148849164e-07,0.1493427704752275
14780,0.017531764507293702,0.12484768033027649,0.02163380980491638,0.5408460080623627,0.11267324077198282,0.6,14.240686416625977,5.534151789310903e-07,0.14944388270980788
14790,0.10407855622470379,0.08892374597489834,0.016262340545654296,0.40655847601592543,0.09715046535711735,0.6,1.133270643549622e-06,5.528671441085375e-07,0.14954499494438828
14800,0.27670635655522346,0.28318430334329603,0.023745492100715637,0.5936375256627798,0.1286112551460974,0.5,0.00474537955597043,5.523190450474197e-07,0.14964610717896865
14810,0.20262663830071687,0.11747150393202901,0.029815438389778137,0.7453862216323615,0.11494895885698497,0.6,2.50740122795105,5.517708824137286e-07,0.14974721941354904
14820,0.49515602700412276,0.33592127822339535,0.024628373980522155,1.0531304772943257,0.140896973060444,0.3,1.5121263459150214e-05,5.512226568735338e-07,0.1498483316481294
14830,0.07484634183347225,0.08630562871694565,0.017911088466644288,0.5892741560935975,0.1339428460225463,0.6,9.923916816711426,5.506743690929808e-07,0.1499494438827098
14840,0.010994593054056168,0.00628262460231781,0.01598924696445465,0.39973112754523754,0.0731220802408643,0.9,2.028155722655356e-05,5.501260197382912e-07,0.15005055611729018
14850,-0.005524672474712134,0.048980017006397245,0.01848347783088684,0.46208685673773287,0.17350155791500582,0.7,4.328614234924316,5.495776094757609e-07,0.15015166835187058
14860,0.0724230796098709,0.051285943016409874,0.021088241040706633,0.5272061109542847,0.1063131725997664,0.7,4.2844430936384015e-06,5.490291389717603e-07,0.15025278058645097
14870,0.10323454216122627,0.061866998486220834,0.008356127142906188,0.20890490896999836,0.07535602643620223,0.8,0.03294602036476135,5.484806088927328e-07,0.15035389282103134
14880,-0.0009503304958343506,0.06697414666414261,0.0221708744764328,0.5542677077151893,0.1505803854437545,0.6,0.006149247754365206,5.479320199051941e-07,0.15045500505561174
14890,-0.010003875195980071,0.10693139228969813,0.010980602353811264,0.2745151337236166,0.14238202777924017,0.6,1.6459574699401855,5.473833726757313e-07,0.1505561172901921
14900,0.1321460720151663,0.2801202848553658,0.016017787158489227,0.4004447590559721,0.23283075869549066,0.4,0.012953907251358032,5.46834667871003e-07,0.1506572295247725
14910,0.18809320479631425,0.2396329715847969,0.04479043483734131,1.136582363024354,0.15557325719855725,0.4,38.392730712890625,5.462859061577369e-07,0.15075834175935288
14920,0.1590450718998909,0.14766108617186546,0.02304413914680481,0.576103600114584,0.0920628132065758,0.7,7.637242561031599e-06,5.457370882027302e-07,0.15085945399393327
14930,-0.032299915328621864,0.14233400635421276,0.021951141953468322,0.6284303694963456,0.1343355615856126,0.6,22.52058982849121,5.451882146728488e-07,0.15096056622851364
14940,0.04552450031042099,0.1342879593372345,0.024050186574459075,0.6012546826153994,0.13639510003849864,0.7,0.023151136934757233,5.446392862350254e-07,0.15106167846309404
14950,0.012963572144508361,0.08571108132600784,0.0128310427069664,0.32077606581151485,0.12066797656007111,0.6,0.002822340466082096,5.440903035562603e-07,0.1511627906976744
14960,0.1957588441669941,0.24465612918138505,0.03507601022720337,0.8769010167568922,0.1947453278233297,0.3,23.205947875976562,5.435412673036187e-07,0.1512639029322548
14970,0.23698165267705917,0.15263132229447365,0.029728314280509947,0.7432076584547758,0.08373638632474467,0.7,1.5919392808427801e-06,5.429921781442317e-07,0.15136501516683518
14980,0.05833335369825363,0.15778505764901637,0.0036762624979019163,0.44295189827680587,0.11511603478575125,0.6,1.3416564464569092,5.424430367452945e-07,0.15146612740141557
14990,0.0850232258439064,0.2603443950414658,0.0107698455452919,0.6307783018797636,0.1295514093944803,0.5,0.06462564319372177,5.418938437740655e-07,0.15156723963599594
15000,0.04612240493297577,0.03479510247707367,0.02451634854078293,0.612908711284399,0.10318778563523665,0.8,4.613424301147461,5.413445998978657e-07,0.15166835187057634
15010,0.10978199690580367,0.0932704083621502,0.018332743644714357,0.46525708101689817,0.14509537862613797,0.7,0.12132767587900162,5.407953057840788e-07,0.15176946410515674
15020,0.15153894647955896,0.2241387465968728,0.028959739208221435,0.7239931128919125,0.17391094347694888,0.5,42.7946662902832,5.402459621001485e-07,0.1518705763397371
15030,0.02173305507749319,0.10775470212101937,0.036193445324897766,0.9048357930034399,0.15781892450759188,0.6,0.027924925088882446,5.396965695135793e-07,0.1519716885743175
15040,0.09551814571022987,0.19863249659538268,0.0143292635679245,0.5481344260275364,0.143144965544343,0.6,60.78574752807617,5.39147128691935e-07,0.15207280080889787
15050,0.030848261481150985,0.10667583756148816,0.04620529413223266,1.1551328551024198,0.1478544284356758,0.4,6.472836017608643,5.38597640302838e-07,0.15217391304347827
15060,0.17140689268708229,0.215886715054512,0.0359429270029068,0.898573587089777,0.121870584867429,0.5,1.1851672070406494e-06,5.380481050139687e-07,0.15227502527805864
15070,0.05970064550638199,0.13803645372390747,0.03343019485473633,0.8357546046376229,0.130910107283853,0.5,2.616176128387451,5.374985234930639e-07,0.15237613751263904
15080,0.018134692311286928,0.03007035255432129,0.028319913148880004,0.7079979054629802,0.11685670774895698,0.8,0.033597301691770554,5.369488964079172e-07,0.1524772497472194
15090,0.026625149697065354,0.0343454122543335,0.014780165255069732,0.3695046421140432,0.08981353484559804,0.8,0.0034929136745631695,5.363992244263773e-07,0.1525783619817998
15100,0.12885295897722243,0.13178888596594335,0.03228314518928528,0.8070789765566587,0.1529857349698432,0.5,0.007198852952569723,5.358495082163476e-07,0.15267947421638017
15110,0.07937887758016586,0.08212179243564606,0.014369465410709381,0.3564124282449484,0.11763129731407389,0.5,0.20589004456996918,5.35299748445785e-07,0.15278058645096057
15120,0.0018241750076413155,0.014670043438673019,0.017143815755844116,0.4285447712987661,0.11586864484706894,0.8,0.0054179769940674305,5.347499457826994e-07,0.15288169868554094
15130,0.3519266903400421,0.2791896514594555,0.017983841896057128,0.640989438444376,0.12839858934748918,0.5,5.917343616485596,5.34200100895153e-07,0.15298281092012134
15140,0.1745759904384613,0.26172807067632675,0.0310371994972229,0.8321521647274495,0.1562504054629244,0.2,9.417874935024884e-06,5.336502144512591e-07,0.1530839231547017
15150,0.0015974417328834534,0.1085345420986414,0.03837675452232361,0.9615569826215505,0.18677365379408,0.6,20.022043228149414,5.331002871191817e-07,0.1531850353892821
15160,0.1689397871494293,0.13899639546871184,0.010728684067726136,0.6640138190239668,0.12639664654852822,0.6,0.08261796832084656,5.325503195671344e-07,0.1532861476238625
15170,0.06674255635589361,0.0572095685871318,0.02409173548221588,0.6022934637963772,0.14563754391856493,0.6,8.748854156692687e-07,5.320003124633793e-07,0.15338725985844287
15180,0.2408190444111824,0.14285837560892106,0.022848373651504515,0.5712097696959972,0.09576755873858929,0.7,1.517443593002099e-06,5.314502664762274e-07,0.15348837209302327
15190,0.18328066291287542,0.22325078547000884,0.02349783182144165,0.587446878477931,0.1635321096982807,0.5,8.076301574707031,5.30900182274036e-07,0.15358948432760364
15200,0.061043618619441985,0.07590223923325538,0.023209831118583678,0.5802458755671978,0.1561275687534362,0.5,0.9654542207717896,5.303500605252095e-07,0.15369059656218403
15210,0.15314567983150482,0.14569761827588082,0.01721240282058716,0.5774009343236685,0.14510333560174332,0.4,1.1871868537127739e-06,5.297999018981976e-07,0.1537917087967644
15220,0.27449193224310875,0.35478531308472155,0.04113941788673401,1.0284858882427215,0.2070036716060713,0.2,0.002787236822769046,5.29249707061495e-07,0.1538928210313448
15230,0.2289407104253769,0.21510539799928666,0.024487382173538207,0.7321847334504128,0.122682129801251,0.5,3.518933226587251e-06,5.286994766836401e-07,0.15399393326592517
15240,0.030027852952480318,0.16708970442414284,0.0171107679605484,0.42776966467499733,0.18060255588497967,0.5,19.72728729248047,5.28149211433215e-07,0.15409504550050557
15250,0.05974772721529007,0.08306077122688293,0.02246408015489578,0.5616017822176218,0.1205350473173894,0.8,0.0005286934901960194,5.275989119788436e-07,0.15419615773508594
15260,0.12735055834054948,0.08502359017729759,0.005611926317214966,0.14458072185516357,0.07069983148248866,0.8,9.564328138367273e-07,5.270485789891919e-07,0.15429726996966633
15270,-0.05735945142805576,0.12389318235218524,0.04023212194442749,1.0058036413043738,0.17810660237446427,0.4,4.3499555587768555,5.26498213132966e-07,0.1543983822042467
15280,-0.010468344390392303,0.026754233986139297,0.009748555719852448,0.24371409527957438,0.09444173221709207,0.8,1.4411789178848267,5.259478150789127e-07,0.1544994944388271
15290,0.26555190570652487,0.19333937466144563,0.04751587212085724,1.0493444638326763,0.1607378326356411,0.4,1.5724670886993408,5.253973854958172e-07,0.15460060667340747
15300,0.07406453527510166,0.16111748144030572,0.023436690866947173,0.5859174143522978,0.14884160534711555,0.6,1.251235244126292e-05,5.248469250525038e-07,0.15470171890798787
15310,0.06251781545579434,0.06386817246675491,0.029444512724876405,0.7361128762364387,0.1456430829828605,0.6,1.4352032167153084e-06,5.242964344178332e-07,0.15480283114256826
15320,0.23187852203845977,0.192260080575943,0.013858935236930848,0.3464737642556429,0.12556239940458908,0.5,2.9657676350325346e-06,5.23745914260704e-07,0.15490394337714863
15330,0.09986968412995338,0.1778191037476063,0.026067385077476503,0.6516847867518664,0.10036762374220416,0.7,0.9705329537391663,5.231953652500497e-07,0.15500505561172903
15340,0.22111835479736328,0.12635335326194763,0.020977503061294554,0.5244377292692661,0.07635936351725832,0.7,2.4318292140960693,5.226447880548397e-07,0.1551061678463094
15350,0.05340162981301546,0.05226870831102133,0.013048762083053589,0.3198110170662403,0.1343614883488044,0.6,0.03385245427489281,5.220941833440768e-07,0.1552072800808898
15360,0.15580864198273048,0.1452341249678284,0.02679087519645691,0.6697718787938356,0.13423257883405312,0.6,0.005414385348558426,5.215435517867977e-07,0.15530839231547017
15370,0.05329504460096359,0.061177883669734,0.01414407640695572,0.35360209420323374,0.13878541252342985,0.6,0.031213462352752686,5.209928940520718e-07,0.15540950455005056
15380,0.250564394146204,0.3389422856271267,0.040845847129821776,1.099969356507063,0.1689403055002913,0.3,8.122658073261846e-06,5.204422108090003e-07,0.15551061678463093
15390,0.009990488737821579,0.06820843294262886,0.024670898914337158,0.6167729195207358,0.1505116126383655,0.6,0.009211519733071327,5.198915027267149e-07,0.15561172901921133
15400,0.0922095686197281,0.12773630693554877,0.03311625421047211,0.9122864365577698,0.15374168715206907,0.5,14.896129608154297,5.193407704743782e-07,0.1557128412537917
15410,0.043507361831143496,0.08772454718127846,0.021568790078163147,0.5433760587126016,0.17787141931476072,0.3,6.385685443878174,5.187900147211814e-07,0.1558139534883721
15420,0.020162670686841012,0.05302216187119484,0.014358134567737579,0.39701212756335735,0.1394918359350413,0.6,1.4721482557433774e-06,5.182392361363452e-07,0.15591506572295247
15430,-0.04201263841241598,0.0749057799577713,0.01277020424604416,0.31925512813031676,0.17323738230625169,0.6,1.0068991969092167e-06,5.176884353891171e-07,0.15601617795753286
15440,0.2694205164909363,0.2679975390434265,0.02128671109676361,0.5321675930172205,0.07725075609050691,0.6,1.7173111700685695e-05,5.171376131487722e-07,0.15611729019211323
15450,0.13536314740777017,0.325654224306345,0.008723928034305573,0.5925752241164446,0.11447971747256816,0.4,25.161943435668945,5.165867700846113e-07,0.15621840242669363
15460,0.05222928002476692,0.1106536328792572,0.02103716880083084,0.5259294129908085,0.18130803873063997,0.6,1.279600269299408e-06,5.160359068659606e-07,0.156319514661274
15470,0.004225397109985351,0.05863539278507233,0.01026775985956192,0.25669430904090407,0.11400199723429978,0.7,3.782798103202367e-06,5.154850241621711e-07,0.1564206268958544
15480,0.2436608411371708,0.23634467422962188,0.030581390857696532,0.7645350802689791,0.13401860129088164,0.4,13.536307334899902,5.149341226426172e-07,0.1565217391304348
15490,0.2876220285892487,0.22420539557933808,0.004375628381967545,0.3517265684902668,0.11556573718553409,0.5,0.0010317597771063447,5.14383202976696e-07,0.15662285136501516
15500,0.11530260741710663,0.08784087002277374,0.011415555328130721,0.2853889800608158,0.06550882165320218,0.8,0.00013717713591177016,5.138322658338268e-07,0.15672396359959556
15510,0.09500508718192577,0.20666936971247196,0.027873402833938597,0.6968352306634188,0.13176361814839765,0.6,8.878775596618652,5.132813118834504e-07,0.15682507583417593
15520,0.05915361568331719,0.13215826749801635,0.017419448494911192,0.5041261613368988,0.13571361488429828,0.7,17.111669540405273,5.127303417950277e-07,0.15692618806875633
15530,-0.04198028192622587,0.04146876833401621,0.02899094820022583,0.7247735932469368,0.18934090993134306,0.4,1.782684564590454,5.121793562380395e-07,0.1570273003033367
15540,0.028885413054376842,0.13418651185929775,0.01608784794807434,0.6066717263311148,0.16089665088802577,0.5,6.592008590698242,5.116283558819848e-07,0.1571284125379171
15550,0.12943723518401384,0.11087222099304199,0.019163407385349274,0.4790851276367903,0.12943790601566435,0.6,3.836888313293457,5.110773413963813e-07,0.15722952477249746
15560,0.15242500454187394,0.15922103822231293,0.015475714206695556,0.3868931084871292,0.07964820706984028,0.7,1.8896242181654088e-05,5.105263134507636e-07,0.15733063700707786
15570,0.016481025516986846,0.16163743734359742,0.02415652424097061,0.44639536589384077,0.12304484486812725,0.7,0.003941476345062256,5.099752727146823e-07,0.15743174924165823
15580,-0.016537430975586177,0.011161999963223933,0.007536433637142181,0.18841083720326424,0.09346032339381054,0.7,2.1647958755493164,5.094242198577041e-07,0.15753286147623863
15590,0.0384286480024457,0.07021264508366584,0.012637747824192047,0.315943843126297,0.09242752398131415,0.7,1.2994890213012695,5.088731555494102e-07,0.157633973710819
15600,-0.00495449835434556,0.08884623423218727,0.004677548632025718,0.1169387087225914,0.14233385801780968,0.7,6.123779296875,5.083220804593955e-07,0.1577350859453994
15610,0.09624924957752228,0.20744148194789885,-0.001060798577964306,0.36709065102040767,0.13121499747503548,0.6,8.792918606559397e-07,5.077709952572684e-07,0.15783619817997976
15620,0.11932752060238272,0.07225299142301082,0.011883557587862015,0.2992948587983847,0.09771070003043861,0.7,1.453568696975708,5.072199006126493e-07,0.15793731041456016
15630,0.07567594181746244,0.13983849585056304,-0.0003337946720421314,0.3046764060854912,0.14228264635894447,0.5,0.00015988359518814832,5.066687971951702e-07,0.15803842264914056
15640,0.018952550552785396,0.04834530055522919,0.010958714038133621,0.2739678263664246,0.11387053380021825,0.7,1.845350742340088,5.061176856744737e-07,0.15813953488372093
15650,0.06426034001633525,0.08187218820676208,0.00972038134932518,0.2440715041011572,0.15128103385213762,0.4,6.0902910232543945,5.05566566720212e-07,0.15824064711830133
15660,0.16203456968069077,0.2157135710120201,-0.01332550048828125,0.13899697177112103,0.11863852395908907,0.6,0.0008792838780209422,5.050154410020472e-07,0.1583417593528817
15670,0.24325379878282546,0.2619264468550682,0.028085434436798097,0.702135843411088,0.1261843800195493,0.5,0.241504967212677,5.044643091896485e-07,0.1584428715874621
15680,0.33990806471556423,0.33895689640194177,0.027842596173286438,0.7026690769940614,0.20835083445999772,0.3,10.039548873901367,5.039131719526931e-07,0.15854398382204246
15690,0.1662228347733617,0.09880323130637407,-0.00813910886645317,0.2978242691606283,0.12734587177401407,0.7,1.0243593454360962,5.03362029960865e-07,0.15864509605662286
15700,0.23706050117034466,0.18138836780562997,0.033936476707458495,0.9409099116921424,0.16613673673709856,0.4,1.9356874227523804,5.028108838838533e-07,0.15874620829120323
15710,0.22827224098145962,0.16412079855799674,0.03228127658367157,0.7962680652737617,0.1679109823075123,0.3,0.015734082087874413,5.022597343913527e-07,0.15884732052578363
15720,0.09445446133613586,0.06251053512096405,0.01725681871175766,0.4314208012074232,0.10767350274836644,0.8,9.892552270684973e-07,5.017085821530617e-07,0.158948432760364
15730,0.26409389078617096,0.16167543306946755,0.020173756778240202,0.5043441116809845,0.07142269539181142,0.7,1.5940034927552915e-06,5.011574278386822e-07,0.1590495449949444
15740,0.2869622938334942,0.18939178064465523,0.012859724462032318,0.32149325534701345,0.11400520455790683,0.5,1.9742748737335205,5.006062721179189e-07,0.15915065722952476
15750,0.022909386456012724,0.05309028439223766,0.005844982340931892,0.27046891003847123,0.10376768175046891,0.6,5.793173113488592e-05,5.000551156604777e-07,0.15925176946410516
15760,0.005274778604507447,0.040407633781433104,0.024019819498062134,0.6004959080368281,0.11864010021090507,0.8,0.05346659943461418,4.995039591360659e-07,0.15935288169868553
15770,0.035165514424443246,0.05484936870634556,0.014731299877166749,0.36828284040093423,0.17763968323124574,0.5,3.703472137451172,4.989528032143903e-07,0.15945399393326593
15780,-0.024896296858787536,0.0635637104511261,0.01486324667930603,0.4351387366652489,0.09346563174622133,0.9,2.8999622827541316e-06,4.984016485651578e-07,0.15955510616784632
15790,0.08709743320941925,0.09523185640573502,0.01209421530365944,0.30235547907650473,0.07557716944720597,0.8,0.0021240287460386753,4.978504958580727e-07,0.1596562184024267
15800,0.26112333945930005,0.19219432920217513,0.028192156553268434,0.7048039697110653,0.10597245666431263,0.5,2.340205430984497,4.97299345762838e-07,0.1597573306370071
15810,0.10663484656251968,0.257152977026999,0.013436484336853027,0.39878410249948504,0.13063272959552705,0.5,0.08933389186859131,4.96748198949153e-07,0.15985844287158746
15820,0.06199705302715301,0.08457368351519108,0.018668876588344575,0.4667219743132591,0.1488551258808002,0.5,0.037442296743392944,4.961970560867126e-07,0.15995955510616786
15830,0.26282489476725457,0.22986211497336625,0.029140427708625793,0.6016657471656799,0.13128915311535821,0.5,1.4194982895787689e-06,4.956459178452078e-07,0.16006066734074822
15840,0.06134974956512451,0.09545029699802399,0.029253095388412476,0.7313276130706072,0.14360623069806025,0.5,1.2668398085224908e-05,4.950947848943234e-07,0.16016177957532862
15850,0.1418870732188225,0.1380261391401291,0.00941850021481514,0.26892828978598116,0.14173470286186785,0.6,1.2938916142957169e-06,4.94543657903738e-07,0.160262891809909
15860,0.16387911662459373,0.1496479831635952,0.014305019378662109,0.3576255921274424,0.15368400326697157,0.6,7.2602434158325195,4.939925375431225e-07,0.1603640040444894
15870,0.0184247188270092,0.026063090935349465,0.004170461371541023,0.13761996030807494,0.08103863414144144,0.8,0.00012779618555214256,4.934414244821404e-07,0.16046511627906976
15880,0.5807300489395857,0.3710322741419077,0.02097196727991104,0.8655657026916742,0.1705058453604579,0.2,9.495007514953613,4.928903193904461e-07,0.16056622851365016
15890,0.10797499045729637,0.20080982372164727,0.028262007236480712,0.7065505366772413,0.17916954013053327,0.5,17.911970138549805,4.923392229376841e-07,0.16066734074823052
15900,0.09898171126842499,0.08703307248651981,0.009774389117956162,0.2443597737699747,0.05091663720086217,0.8,1.965565843420336e-06,4.917881357934885e-07,0.16076845298281092
15910,-0.03938486259430647,0.13082218486815692,0.011229266226291657,0.28073135688900946,0.1555956112453714,0.5,0.5237826108932495,4.912370586274824e-07,0.1608695652173913
15920,0.1494457542896271,0.15439528599381447,0.023456943035125733,0.5846616063266993,0.16826703660190107,0.5,0.11099601536989212,4.906859921092763e-07,0.1609706774519717
15930,0.08060533516108989,0.15646057166159152,0.023971176147460936,0.5992792699486017,0.15564041618490593,0.5,3.387669949006522e-06,4.90134936908468e-07,0.16107178968655209
15940,0.3398167282342911,0.19418097883462906,0.03437310457229614,0.8593268916010857,0.07583069859538227,0.7,1.3635963114211336e-06,4.895838936946415e-07,0.16117290192113246
15950,0.04992349073290825,0.07002456746995449,0.017526763677597045,0.43816896304488184,0.11646761213196441,0.7,2.8136937544331886e-06,4.890328631373665e-07,0.16127401415571285
15960,0.06345546245574951,0.12874591946601868,0.015510298311710358,0.5255757857114076,0.10449978593969718,0.8,1.3651212611875962e-05,4.88481845906197e-07,0.16137512639029322
15970,0.15975628942251205,0.09634232483804225,0.026130393147468567,0.6751522198319435,0.07075635060900823,0.7,1.1011345577571774e-06,4.879308426706706e-07,0.16147623862487362
15980,0.22597982883453369,0.1689505398273468,0.03433064818382263,0.8582667071372271,0.08663051672047004,0.8,0.016590077430009842,4.873798541003084e-07,0.161577350859454
15990,0.03260391876101494,0.2677500616759062,0.018667665123939515,0.4666918024420738,0.16222609118558468,0.6,1.691776787993149e-06,4.868288808646135e-07,0.16167846309403439
16000,0.2937720865011215,0.2237972378730774,-0.022696112096309663,0.2725388791412115,0.06391252087196335,0.6,1.4406925439834595,4.862779236330705e-07,0.16177957532861476
16010,0.3919791398569942,0.23910577073693276,0.019214175641536713,0.480354230850935,0.13503867459949107,0.6,2.203498601913452,4.857269830751439e-07,0.16188068756319515
16020,0.051076443400233984,0.042055081017315386,0.01409049928188324,0.35245498990407215,0.10440803985111416,0.6,0.0006093367119319737,4.85176059860279e-07,0.16198179979777552
16030,0.0222512423992157,0.10480556190013886,0.007930857688188553,0.19817738744895905,0.10097411746392027,0.8,38.426673889160156,4.846251546578988e-07,0.16208291203235592
16040,-0.10215823091566563,0.16046003643423318,0.01265655755996704,0.31641402691602705,0.11740772618213668,0.6,1.5042867289594142e-06,4.840742681374058e-07,0.1621840242669363
16050,0.07790691182017326,0.11644047200679779,0.019052816927433013,0.47632035687565805,0.13562394751934334,0.6,1.717341433504771e-06,4.835234009681786e-07,0.16228513650151669
16060,0.287231108546257,0.24461082145571708,0.03850623965263367,1.1449445117264987,0.1233593794517219,0.4,0.013913155533373356,4.829725538195729e-07,0.16238624873609706
16070,0.08371930457651615,0.05733920522034168,0.023696434497833253,0.5924109153449535,0.15804074034094812,0.5,0.014153449796140194,4.824217273609198e-07,0.16248736097067745
16080,0.06249140221625567,0.15346232876181604,0.02095481604337692,0.49301618002355097,0.11714886388508602,0.5,6.92338228225708,4.818709222615255e-07,0.16258847320525785
16090,0.1965968508273363,0.18700842186808586,0.02091137319803238,0.5287079136818648,0.16367687443271278,0.5,6.6217944549862295e-06,4.813201391906701e-07,0.16268958543983822
16100,0.32070504762232305,0.3819905683398247,0.022915132343769073,0.5133483778685332,0.1538066144217737,0.5,0.019627781584858894,4.80769378817607e-07,0.16279069767441862
16110,0.11775828003883362,0.1375248372554779,0.011211728304624557,0.2802930474281311,0.0795065833022818,0.7,0.0018245745450258255,4.802186418115621e-07,0.16289180990899899
16120,0.18437639698386193,0.23609122335910798,0.024353547394275664,0.5296678123995662,0.1458022151258774,0.5,15.216062545776367,4.796679288417326e-07,0.16299292214357938
16130,0.0038970912341028453,0.0828020136919804,0.012783412635326386,0.3195853490382433,0.17518399506807328,0.4,1.3013004718231969e-06,4.791172405772866e-07,0.16309403437815975
16140,0.02375476360321045,0.05128141939640045,0.014410211145877838,0.36025526113808154,0.10531652177451178,0.8,0.13019008934497833,4.785665776873624e-07,0.16319514661274015
16150,0.09244592878967524,0.07200741022825241,0.03716290891170502,0.9290728237479925,0.13082384924637153,0.5,0.8880124092102051,4.780159408410676e-07,0.16329625884732052
16160,0.31651915311813356,0.24909174740314483,0.02804495394229889,0.7011240813881159,0.0958972000866197,0.6,16.993267059326172,4.774653307074774e-07,0.16339737108190092
16170,0.06683445572853089,0.04765313044190407,0.01240466833114624,0.31011681966483595,0.09219279299722985,0.7,0.5275164842605591,4.769147479556355e-07,0.16349848331648129
16180,0.01008383445441723,0.10112880244851112,0.010749684274196624,0.31352258175611497,0.11629599754232914,0.6,0.019371572881937027,4.7636419325455153e-07,0.16359959555106168
16190,0.029123538453131915,0.2264197793789208,0.019242554903030396,0.48106393590569496,0.17534294936340303,0.6,2.196218490600586,4.7581366727320125e-07,0.16370070778564205
16200,-0.0035215748474001886,0.18765963986516,0.014836400747299194,0.37091004438698294,0.17715312343789263,0.6,0.00011322252976242453,4.7526317068052606e-07,0.16380182002022245
16210,0.25508283376693724,0.2540899157524109,0.04215146601200104,1.053786426410079,0.06941677883733063,0.8,0.01487060822546482,4.7471270414543107e-07,0.16390293225480282
16220,0.14146118015050888,0.1241111397743225,0.0350957065820694,0.8773927040398121,0.131112728419248,0.5,1.41270561471174e-06,4.741622683367849e-07,0.16400404448938322
16230,0.07586094103753567,0.08007490001618862,0.006205488368868828,0.15513719245791435,0.11104763944167644,0.7,2.041017432929948e-05,4.7361186392341907e-07,0.1641051567239636
16240,0.10535430125892162,0.13497537709772586,0.031099173426628112,0.7774794090539217,0.15520281947683542,0.6,0.017459068447351456,4.730614915741266e-07,0.16420626895854398
16250,0.38917988538742065,0.4629773121327162,0.016341404616832735,0.8806485660374165,0.13769778264686466,0.5,4.570286273956299,4.7251115195766226e-07,0.16430738119312438
16260,-0.03652288587763906,0.04468428753316402,0.014847685396671296,0.3711921598762274,0.1766625300399028,0.7,0.020712124183773994,4.719608457427403e-07,0.16440849342770475
16270,0.09939915239810944,0.1868555337190628,0.02974196970462799,0.895215192809701,0.10972707479959354,0.7,6.876719951629639,4.714105735980347e-07,0.16450960566228515
16280,0.021459586918354034,0.02768203616142273,0.014097075164318084,0.3524271499365568,0.09059798553353175,0.9,7.451542387570953e-06,4.7086033619217793e-07,0.16461071789686552
16290,0.14662090111523868,0.14094317210838198,0.029630738496780395,0.7407683823257685,0.15941757999826223,0.4,5.981594562530518,4.703101341937603e-07,0.1647118301314459
16300,0.1537142250686884,0.24476206675171852,0.01987968385219574,0.5143920693546533,0.14230428077280521,0.5,2.273612835779204e-06,4.697599682713292e-07,0.16481294236602628
16310,0.09155239313840866,0.108828105032444,0.02689030170440674,0.6722574930638074,0.13213667084928601,0.5,2.635291576385498,4.6920983909338824e-07,0.16491405460060668
16320,0.12019486427307129,0.2320135474205017,0.02827359437942505,0.750171123817563,0.13378186862682923,0.6,0.010363904759287834,4.686597473283961e-07,0.16501516683518705
16330,0.10802463875152171,0.19075143784284593,0.022120839357376097,0.5530211456120014,0.16896959921577945,0.5,0.015292213298380375,4.681096936447661e-07,0.16511627906976745
16340,0.23715815059840678,0.1483289435505867,0.017405933141708373,0.4351487379521132,0.09631727254018188,0.6,0.0009295772179029882,4.6755967871086524e-07,0.16521739130434782
16350,0.06341216899454594,0.09786201789975166,0.015191587805747985,0.3796044936403632,0.13078212261898442,0.6,1.9621486444520997e-06,4.670097031950138e-07,0.1653185035389282
16360,0.05002238154411316,0.0395857036113739,0.008741777390241623,0.21854433994740247,0.07079691152321174,0.8,1.5930063724517822,4.664597677654838e-07,0.16541961577350858
16370,0.0394231865182519,0.10205877386033535,0.028737273812294007,0.7184320703148842,0.1487937394180335,0.6,0.014461602084338665,4.659098730904985e-07,0.16552072800808898
16380,0.11779721528291702,0.12236213684082031,0.03240106105804443,0.8100265879184008,0.10498611951479689,0.7,0.045479241758584976,4.6536001983823195e-07,0.16562184024266935
16390,0.16634602658450603,0.11569864470511675,-0.004893913492560386,0.17648538388311863,0.12015374585753306,0.5,1.0337055300624343e-06,4.648102086768077e-07,0.16572295247724975
16400,0.25911490619182587,0.2961326755583286,0.03352182507514954,0.8380454245954752,0.17437195871025324,0.5,19.712465286254883,4.642604402742978e-07,0.16582406471183014
16410,0.023333134152926503,0.1662695867009461,0.02805897295475006,0.7014744378626346,0.12764405867783352,0.6,0.023555032908916473,4.637107152987233e-07,0.1659251769464105
16420,0.11412578355520964,0.10811160020530224,0.024889177083969115,0.6222295176237822,0.1763690564315766,0.4,14.465291976928711,4.631610344180515e-07,0.1660262891809909
16430,0.3315415382385254,0.29346240758895875,0.02305716723203659,0.7743805538862943,0.10809524283977226,0.4,3.1490142345428467,4.6261139830019644e-07,0.16612740141557128
16440,0.5921730614732951,0.4231923346873373,0.0365000456571579,1.7863646347075701,0.10226090247742832,0.4,0.3191467523574829,4.6206180761301817e-07,0.16622851365015168
16450,0.15995694864541293,0.18397061079740523,0.020476074516773225,0.5119021110236645,0.12468468559673056,0.6,1.3503461104846792e-06,4.6151226302432066e-07,0.16632962588473205
16460,0.18579759076237679,0.24067853391170502,0.0312412828207016,0.7810324560850859,0.15936303295893595,0.5,23.794187545776367,4.60962765201853e-07,0.16643073811931244
16470,0.30437461137771604,0.2860632579773664,0.04656042158603668,1.1640103727579116,0.11774704304989428,0.5,2.116744041442871,4.6041331481330657e-07,0.1665318503538928
16480,-0.07167471349239349,0.22298812717199326,0.025289392471313475,0.649610723182559,0.11961807601619512,0.6,11.96879768371582,4.5986391252631546e-07,0.1666329625884732
16490,0.0124064601957798,0.03535338789224625,0.015835209190845488,0.43372245915234087,0.11544803431024775,0.7,0.1049576923251152,4.593145590084552e-07,0.16673407482305358
16500,0.17183072599582375,0.19330301652662457,0.04676516652107239,1.1691295601427556,0.19512177265714853,0.1,0.7651797533035278,4.5876525492724195e-07,0.16683518705763398
16510,-0.014450111985206604,0.03738146424293518,0.008495357632637025,0.26652786396443845,0.1050653939251788,0.7,0.020960098132491112,4.582160009501323e-07,0.16693629929221435
16520,0.18399633932858706,0.2625740818679333,0.02398921400308609,0.8486952446401119,0.1502297281520441,0.3,1.004948377609253,4.576667977445214e-07,0.16703741152679474
16530,-0.04075364330783486,0.026249879971146584,0.005953765287995338,0.14884752593934536,0.08566907545318828,0.8,2.3006322383880615,4.5711764597774304e-07,0.1671385237613751
16540,0.13666770439594983,0.10707823261618614,0.037286308407783506,0.9321572337299585,0.15195246405201032,0.5,1.316276552643103e-06,4.5656854631706845e-07,0.1672396359959555
16550,0.17305492758750915,0.23799374997615813,0.022000211477279662,0.8876933947205543,0.1106617440120317,0.6,0.012877318076789379,4.5601949942970533e-07,0.1673407482305359
16560,0.10336562544107437,0.12444628328084946,0.0486432284116745,1.21608132943511,0.09771173465996981,0.6,5.051400661468506,4.5547050598279737e-07,0.16744186046511628
16570,0.11987583003938199,0.10620623230934143,0.007344096899032593,0.4561506245285273,0.09503591624088585,0.7,1.2585975355250412e-06,4.549215666434236e-07,0.16754297269969667
16580,0.0,0.0,1.5801904373802246e-05,0.000395047664642334,0.060051886131986976,1.0,4.779303708346561e-06,4.5437268207859693e-07,0.16764408493427704
16590,-0.0042191118001937864,0.005442490428686142,0.006018643453717232,0.15046618394553662,0.053327361075207594,0.9,1.7794059203879442e-06,4.5382385295526403e-07,0.16774519716885744
16600,0.0642458839341998,0.28142035081982614,0.029367661476135253,0.7910091988742352,0.17782294312492014,0.4,31.547046661376953,4.532750799403039e-07,0.1678463094034378
16610,0.30843357741832733,0.17624775618314742,0.03409352600574493,0.8523383338004351,0.094884186796844,0.6,3.548309177858755e-05,4.527263637005273e-07,0.1679474216380182
16620,0.18614523634314536,0.30121207796037197,0.01835732311010361,0.9056822419166565,0.1779032220831141,0.3,1.149331524175068e-06,4.521777049026766e-07,0.16804853387259858
16630,0.20679017941001804,0.3135504947975278,0.026055508852005006,0.6514291916042566,0.16177607636200264,0.5,2.4966843739093747e-06,4.5162910421342383e-07,0.16814964610717897
16640,0.03823864981532097,0.1458617091178894,0.019446629285812377,0.48616561815142634,0.17194593582535161,0.6,5.206699848175049,4.510805622993705e-07,0.16825075834175934
16650,0.13422516263090073,0.08989131171256304,0.015381139516830445,0.3845283817499876,0.12209935105638578,0.5,2.5484901016170625e-06,4.5053207982704664e-07,0.16835187057633974
16660,0.060529731772840024,0.05938225463032722,0.029196733236312868,0.7232476849108934,0.12200727432500572,0.7,1.2633059895961196e-06,4.499836574629104e-07,0.1684529828109201
16670,0.2993955135345459,0.368330055475235,0.032729741930961606,0.8182438693940639,0.14117770498851315,0.6,38.69799041748047,4.494352958733465e-07,0.1685540950455005
16680,-0.09526818692684173,0.16005110889673232,0.01846640110015869,0.4616604905575514,0.14251588858896866,0.8,4.829751196666621e-05,4.488869957246662e-07,0.16865520728008088
16690,0.19544236734509468,0.28205285854637624,0.033846333622932434,0.846157730743289,0.1736982874572277,0.2,0.6145311594009399,4.483387576831057e-07,0.16875631951466127
16700,0.06583267822861671,0.09070290923118592,0.02169976681470871,0.5424619129567873,0.11616704574553297,0.6,1.1507282806633157e-06,4.47790582414826e-07,0.16885743174924167
16710,0.23175828360544984,0.19190947157330812,0.001299695298075676,0.445947227627039,0.15692902497248723,0.6,18.232492446899414,4.472424705859114e-07,0.16895854398382204
16720,0.08110884111374617,0.08838841915130616,0.03620972037315369,0.9052435353398323,0.1246368529740721,0.8,0.09305332601070404,4.4669442286237e-07,0.16905965621840244
16730,0.1725623279809952,0.1466144358739257,0.019463852047920227,0.5861109424382448,0.13485373728908598,0.5,1.2680698091571685e-06,4.461464399101312e-07,0.1691607684529828
16740,0.06321067810058593,0.054270966351032256,0.023643499612808226,0.5910877268761396,0.1104088464169763,0.8,0.024358650669455528,4.4559852239504595e-07,0.1692618806875632
16750,0.12442089095711709,0.18775055482983588,0.03497361540794373,0.8743403818458318,0.16160349206766114,0.4,12.78886890411377,4.4505067098288573e-07,0.16936299292214357
16760,0.03401756752282381,0.05679706856608391,0.03371317684650421,0.8428295221179724,0.12409718144917861,0.6,1.393596221532789e-06,4.445028863393417e-07,0.16946410515672397
16770,0.0005416043102741241,0.13690883666276932,0.022070661187171936,0.5682295558974146,0.15805893917568029,0.6,2.3710376808594447e-06,4.4395516913002354e-07,0.16956521739130434
16780,-0.01825760006904602,0.06494525521993637,0.0036834437400102616,0.17224573642015456,0.1027046895120293,0.7,0.0004998198128305376,4.4340752002045984e-07,0.16966632962588474
16790,0.1686347971437499,0.24328631912358106,0.03620457351207733,0.9051144324243069,0.1763820584397763,0.4,3.0053777209104737e-06,4.428599396760956e-07,0.1697674418604651
16800,-0.01314052976667881,0.15578293111175298,0.016258691251277924,0.41135796085000037,0.1535081080859527,0.5,0.0034532982390373945,4.423124287622925e-07,0.1698685540950455
16810,0.18369654309353792,0.23369038726377767,0.01858668327331543,0.9555325500667096,0.18438919089967384,0.4,0.8644470572471619,4.4176498794432817e-07,0.16996966632962587
16820,0.3054785132408142,0.24743637442588806,0.03236936032772064,0.8092345267534256,0.10530022463062778,0.5,7.780726036799024e-07,4.412176178873944e-07,0.17007077856420627
16830,0.14068647623062133,0.2020108349621296,0.0243745282292366,0.6093636609613895,0.1297994613298215,0.6,1.735386649670545e-05,4.40670319256598e-07,0.17017189079878664
16840,0.4534175585955381,0.30065550208091735,0.042363566160202024,0.8862173436209559,0.11589715136215091,0.5,14.969536781311035,4.401230927169581e-07,0.17027300303336704
16850,-0.0054546501487493515,0.021689899265766144,0.013407306373119354,0.33518277369439603,0.07669742425205187,0.8,5.5922873798408546e-06,4.395759389334066e-07,0.17037411526794743
16860,0.0658344030380249,0.09887953493744135,0.010912957787513732,0.4144370425492525,0.11480924092466012,0.6,1.0242180824279785,4.3902885857078683e-07,0.1704752275025278
16870,0.08817169517278671,0.21891941055655478,0.02701144218444824,0.6576651709154249,0.17665277470368893,0.4,0.06548348069190979,4.3848185229385303e-07,0.1705763397371082
16880,0.017421510070562363,0.1580631908029318,0.012440210580825806,0.3110057730227709,0.20003198033664377,0.4,5.770019015471917e-06,4.379349207672695e-07,0.17067745197168857
16890,0.2212172482162714,0.21071576476097106,0.046042627096176146,1.1510654043406248,0.15368706847075372,0.5,0.015084153972566128,4.3738806465560974e-07,0.17077856420626897
16900,-0.0028086066246032714,0.033894903212785724,0.019080010056495667,0.5034715589135885,0.13904586692806334,0.8,0.06783444434404373,4.368412846233553e-07,0.17087967644084934
16910,0.024126863665878774,0.02707967013120651,0.009240257740020751,0.23100646771490574,0.12712592306779696,0.7,1.5013303027444636e-06,4.362945813348955e-07,0.17098078867542973
16920,0.25313631892204286,0.3701069712638855,0.009476079791784286,0.23690179362893105,0.11533204093575478,0.6,47.96232604980469,4.357479554545262e-07,0.1710819009100101
16930,0.0838994950056076,0.2198319211602211,0.02904263138771057,0.71710614276235,0.1487372051924467,0.3,0.31942787766456604,4.352014076464499e-07,0.1711830131445905
16940,0.169844388961792,0.2190926790237427,0.014684481918811798,0.3668453572317958,0.10930218660505489,0.8,8.890021324157715,4.3465493857477333e-07,0.17128412537917087
16950,0.03383631110191345,0.04364753067493439,0.010533177852630615,0.26332941427826884,0.05733326963381842,0.9,4.220346454530954e-06,4.341085489035079e-07,0.17138523761375127
16960,0.1251106221228838,0.26668570525944235,0.027189067006111144,0.6797270715236664,0.20030044339364395,0.4,76.54019927978516,4.335622392965689e-07,0.17148634984833164
16970,0.10335442125797271,0.07961457297205925,0.02328439652919769,0.44817666318267585,0.10048995885299519,0.7,0.012320928275585175,4.330160104177737e-07,0.17158746208291203
16980,0.17034312542527913,0.2019193666987121,0.03722864985466003,0.9249722503125668,0.19181316202739254,0.3,0.6750286817550659,4.324698629308419e-07,0.1716885743174924
16990,0.01989269405603409,0.06899349167943,0.017983290553092956,0.44958225451409817,0.12380121757742017,0.6,2.5072567462921143,4.3192379749939456e-07,0.1717896865520728
17000,0.23996425392106174,0.1672619055956602,0.025729358196258545,0.6637104988098145,0.13273607925511896,0.4,1.293951982006547e-06,4.313778147869523e-07,0.1718907987866532
17010,0.25073957070708275,0.18623356223106385,0.029383459687232973,0.7345873389393092,0.11428032723488286,0.6,3.0082314879109617e-06,4.3083191545693575e-07,0.17199191102123357
17020,0.06735638454556465,0.1372289925813675,0.018707843124866487,0.46769637800753117,0.09822736943606288,0.8,0.01817595399916172,4.302861001726641e-07,0.17209302325581396
17030,0.03442354612052441,0.039859503507614136,0.010110439360141754,0.25276108309626577,0.0951527122175321,0.7,2.153451442718506,4.297403695973541e-07,0.17219413549039433
17040,0.11148729342967272,0.11305940970778465,0.025575625896453857,0.639390617609024,0.1362328003626317,0.5,1.0807324647903442,4.291947243941203e-07,0.17229524772497473
17050,0.14946749210357665,0.09766168147325516,0.025786322355270386,0.624886616319418,0.11772167416056618,0.5,0.044005513191223145,4.286491652259729e-07,0.1723963599595551
17060,0.11997861191630363,0.10193392895162105,0.024840842187404632,0.6210209142416716,0.08981299792649225,0.7,4.230934791848995e-06,4.281036927558177e-07,0.1724974721941355
17070,0.1527184841223061,0.12263071760535241,0.044545480608940126,1.1136373545974494,0.2066866982728243,0.3,0.07274159044027328,4.2755830764645517e-07,0.17259858442871587
17080,0.0,0.0,0.010574121773242951,0.2643529996275902,0.03767269215313718,1.0,0.0001826724474085495,4.2701301056057934e-07,0.17269969666329626
17090,0.18155793473124504,0.17508183643221856,0.014541594684123993,0.43317996747791765,0.1264632094767876,0.6,7.557090759277344,4.2646780216077813e-07,0.17280080889787663
17100,0.07244898676872254,0.04390537850558758,-0.0024403711780905724,0.1647617258131504,0.07811842678347602,0.8,9.064424375537783e-07,4.25922683109531e-07,0.17290192113245703
17110,0.06990938894450664,0.07744379565119744,0.017140913009643554,0.42852293848991396,0.143762569851242,0.6,0.39911314845085144,4.2537765406920897e-07,0.1730030333670374
17120,0.42046832712367177,0.3947851394303143,0.025519970059394836,0.8216495145112276,0.178444103570655,0.1,29.729585647583008,4.248327157020736e-07,0.1731041456016178
17130,-0.005949433706700802,0.01223011128604412,0.012347550690174102,0.3164268538355827,0.12604676393093542,0.7,1.3874953310732963e-06,4.242878686702763e-07,0.17320525783619817
17140,0.08422172175341984,0.13319142287946306,0.025552237033843996,0.6388058822602034,0.16320222247159108,0.4,1.4606205240852432e-06,4.237431136358579e-07,0.17330637007077856
17150,0.175331518240273,0.20929505154490471,0.033921852707862854,0.8480462726205588,0.12062551397830248,0.6,6.4607930183410645,4.2319845126074705e-07,0.17340748230535896
17160,0.12908777892589568,0.081007669121027,0.013513721525669098,0.33784298561513426,0.07069469832349569,0.7,1.7174015738419257e-06,4.226538822067597e-07,0.17350859453993933
17170,-0.0035398248583078384,0.014159299433231354,0.01633811593055725,0.40845283940434457,0.1066554441000335,0.9,1.7822142126533436e-06,4.221094071355989e-07,0.17360970677451973
17180,0.15105003518983723,0.18695200160145758,0.029983988404273985,0.8232929181307554,0.13240718946326524,0.5,2.226308822631836,4.2156502670885296e-07,0.1737108190091001
17190,0.18575091138482094,0.18176889941096305,0.013466858863830566,0.336671245098114,0.14090342780109494,0.5,3.4678694191825343e-06,4.2102074158799527e-07,0.1738119312436805
17200,0.020700695924460888,0.02498539462685585,0.01444103866815567,0.3610259495675564,0.10242073111003265,0.8,1.343478061244241e-06,4.2047655243438407e-07,0.17391304347826086
17210,0.3453822709619999,0.32064196690917013,0.049408134818077085,1.2352031484246253,0.15023107475135475,0.3,5.016123395762406e-06,4.199324599092603e-07,0.17401415571284126
17220,0.08977524600923062,0.16754825375974178,0.00795050710439682,0.3530924737453461,0.13158594067208468,0.5,0.0059582749381661415,4.193884646737474e-07,0.17411526794742163
17230,0.04708928726613522,0.05713505446910858,0.008517291396856308,0.2129322078078985,0.07949230836238712,0.8,18.16931915283203,4.1884456738885123e-07,0.17421638018200203
17240,0.19140217136591672,0.14717942685820162,0.023503024876117707,0.5875754330307246,0.14949417136376725,0.5,2.0596871376037598,4.1830076871545793e-07,0.1743174924165824
17250,0.34030795395374297,0.25967728048563005,-0.0015992823988199233,0.49622309356927874,0.1669206560123712,0.3,12.175374984741211,4.177570693143346e-07,0.1744186046511628
17260,0.012004570662975311,0.07487431764602662,0.009205019474029541,0.2301254913210869,0.11946737129474058,0.8,1.8535150729803718e-06,4.1721346984612704e-07,0.17451971688574316
17270,0.22442951686680318,0.2164541332051158,0.0535183310508728,1.3737373746931554,0.15844137497479097,0.4,2.7861338821821846e-05,4.1666997097135984e-07,0.17462082912032356
17280,0.14191167613025754,0.09928736556321383,0.03021049201488495,0.7552623502910137,0.18063546819612383,0.4,0.03955269604921341,4.161265733504355e-07,0.17472194135490393
17290,-0.023882783949375153,0.021753397583961488,0.013125422596931457,0.328142824023962,0.09916300405748188,0.8,0.0022901634220033884,4.1558327764363307e-07,0.17482305358948433
17300,0.07312359064817428,0.07809161022305489,0.02427031993865967,0.6122897390276194,0.06604516536463052,0.8,1.911009348987136e-06,4.150400845111084e-07,0.17492416582406473
17310,0.1031146114692092,0.0789996013045311,0.013213518261909484,0.327256378531456,0.1163734209141694,0.7,0.018587833270430565,4.1449699461289225e-07,0.1750252780586451
17320,0.13780951574444772,0.14757689982652664,0.0317012757062912,0.7925323817878962,0.13588692974299194,0.5,0.9040886759757996,4.1395400860889006e-07,0.1751263902932255
17330,0.021681615710258485,0.016347086057066917,0.012581761181354522,0.3145441420376301,0.06676986278034747,0.8,8.700789635440742e-07,4.1341112715888105e-07,0.17522750252780586
17340,0.026546667888760568,0.18982682693749667,0.012569580972194672,0.35904222801327706,0.15069790078559891,0.5,0.9019533395767212,4.1286835092251715e-07,0.17532861476238626
17350,-0.016919369250535964,0.06644005551934243,0.012144971638917923,0.303624289855361,0.11306943640811369,0.8,0.005894712638109922,4.1232568055932305e-07,0.17542972699696663
17360,0.04039043211378157,0.040411821007728575,0.019999748468399046,0.4897796384990215,0.10783075792714954,0.8,1.1709290674843942e-06,4.1178311672869426e-07,0.17553083923154703
17370,0.0002978009637445211,0.000760327186435461,0.017693321406841277,0.4423332463949919,0.09949508754070849,0.9,0.015795648097991943,4.1124066008989675e-07,0.1756319514661274
17380,0.07928686775267124,0.08714867047965527,0.022394938766956328,0.5598735049366951,0.13243377240141854,0.6,4.164545059204102,4.106983113020669e-07,0.1757330637007078
17390,0.2916257705539465,0.20518933087587357,0.03139001727104187,0.784750147908926,0.1396605798159726,0.5,3.783472776412964,4.1015607102420937e-07,0.17583417593528816
17400,-0.030869734846055506,0.045601851958781484,0.015673139691352846,0.3918281845748425,0.1382075538043864,0.6,1.2669509033003123e-06,4.0961393991519704e-07,0.17593528816986856
17410,0.013387827761471271,0.01726292446255684,0.01394357681274414,0.3485897783190012,0.107765034341719,0.7,3.3275997638702393,4.090719186337708e-07,0.17603640040444893
17420,0.14440339133143426,0.11679722368717194,0.022921727597713472,0.573043217137456,0.07555005961330608,0.7,0.005835616495460272,4.085300078385374e-07,0.17613751263902933
17430,0.1414308249950409,0.24750988483428954,0.008252587914466859,0.20631468780338763,0.06272979622008279,0.8,5.767052061855793e-05,4.0798820818796953e-07,0.1762386248736097
17440,0.1841403815895319,0.17215860746800898,0.03276999294757843,0.42289653345942496,0.1124168420676142,0.6,5.958763122558594,4.0744652034040474e-07,0.1763397371081901
17450,0.07951469421386718,0.07242516875267029,0.0006030939519405365,0.015077336132526398,0.05800662686815485,0.9,36.21829605102539,4.0690494495404493e-07,0.17644084934277046
17460,-0.0030215851962566375,0.01208634078502655,0.010167048871517181,0.2541764710098505,0.06956780239706858,0.9,1.7840277450886788e-06,4.063634826869553e-07,0.17654196157735086
17470,0.15896032080054284,0.20407999455928802,0.024199648201465605,0.6049934908747673,0.1251503034029156,0.7,7.357853064604569e-06,4.0582213419706367e-07,0.17664307381193126
17480,0.09005259284749627,0.051743552926927804,0.002100900188088417,0.3336570281535387,0.08204842172563076,0.8,0.02650459110736847,4.052809001421594e-07,0.17674418604651163
17490,0.20838256180286407,0.12403248697519302,0.01050991415977478,0.4373428475111723,0.0941945411846973,0.6,2.585601806640625,4.0473978117989287e-07,0.17684529828109202
17500,0.022255608811974525,0.09700128734111786,0.02251269668340683,0.42645042911171915,0.14242011149181052,0.6,11.28293514251709,4.0419877796777447e-07,0.1769464105156724
17510,0.025946241244673728,0.02459401488304138,0.01569966822862625,0.39249198883771896,0.11169945561559871,0.7,0.23571856319904327,4.036578911631745e-07,0.1770475227502528
17520,0.38647418171167375,0.3366836171597242,0.0068297147750854496,0.7011561200022698,0.13570000074105337,0.4,1.1201868801435921e-06,4.031171214233211e-07,0.17714863498483316
17530,0.05290861376561225,0.05200286330655217,0.024341656267642973,0.6122146496549249,0.1125273235142231,0.6,0.0001225527230417356,4.0257646940530076e-07,0.17724974721941356
17540,0.029954693093895913,0.026564254146069288,0.019163826107978822,0.4790957888588309,0.08397867408348247,0.8,0.0002411522582406178,4.0203593576605653e-07,0.17735085945399393
17550,0.048911952134221795,0.029319183062762023,0.010542576014995576,0.2635645065456629,0.06330589493736624,0.8,2.7331963792676106e-05,4.014955211623875e-07,0.17745197168857432
17560,0.31945611089468,0.1919585160911083,0.030969735980033875,0.7742432549595832,0.0933934829896316,0.7,5.501773357391357,4.009552262509489e-07,0.1775530839231547
17570,0.012353819236159325,0.18980843722820281,0.022719070315361023,0.567976713180542,0.13852568090660497,0.6,1.1100244137196569e-06,4.0041505168824966e-07,0.1776541961577351
17580,0.10845069214701653,0.08926617503166198,0.014041152596473695,0.48882381394505503,0.10612540947040543,0.5,2.8274080753326416,3.9987499813065294e-07,0.17775530839231546
17590,0.00842254920862615,0.06279622716829181,0.03485485315322876,0.8744386062026024,0.16424127938225866,0.6,4.54663610458374,3.993350662343745e-07,0.17785642062689586
17600,0.0862271511927247,0.12091297507286072,0.029493075609207154,0.6716677278280259,0.14353767796419561,0.6,6.474691326729953e-05,3.9879525665548274e-07,0.17795753286147623
17610,-0.08420637398958206,0.1376488760113716,0.008198939263820648,0.20497353374958038,0.10744274259777739,0.7,1.1359935569998925e-06,3.98255570049897e-07,0.17805864509605662
17620,-0.006678109616041183,0.006082690134644508,0.0019284741953015327,0.048211900517344475,0.06504149404354394,0.9,2.3617936676600948e-05,3.977160070733877e-07,0.17815975733063702
17630,0.002325352467596531,0.19160027354955672,0.019652648270130156,0.407693158951588,0.20555075604934245,0.4,48.751792907714844,3.9717656838157453e-07,0.1782608695652174
17640,0.2610929574817419,0.24018534645438194,0.036443856358528134,0.9110963977873325,0.12399810797069222,0.5,1.9723365306854248,3.966372546299264e-07,0.1783619817997978
17650,0.1262914329767227,0.07853053063154221,0.02546893060207367,0.726235456392169,0.054460707842372356,0.7,1.6932708604144864e-06,3.9609806647376033e-07,0.17846309403437816
17660,0.004970383644104004,0.028441411256790162,0.02080329358577728,0.5200823683291673,0.10715581804979593,0.8,0.07572431117296219,3.955590045682407e-07,0.17856420626895855
17670,0.1639295496046543,0.16558677032589914,0.02165115475654602,0.5412789572030305,0.12333545117871836,0.5,0.00041465749382041395,3.9502006956837873e-07,0.17866531850353892
17680,-0.016955630481243135,0.20562930181622505,0.014700488746166229,0.3675117865204811,0.14577884068712593,0.6,6.063678938517114e-06,3.9448126212903133e-07,0.17876643073811932
17690,-0.030141909420490266,0.09697716608643532,0.028754597902297972,0.7188652120530605,0.1925843100529164,0.4,1.139459641308349e-06,3.939425829049001e-07,0.1788675429726997
17700,0.3981857180595398,0.36827839612960817,-0.0041614919900894165,0.768001601099968,0.09468675893731415,0.5,1.7954484064830467e-05,3.9340403255053126e-07,0.1789686552072801
17710,0.22095234356820584,0.22548093870282174,0.02713017165660858,0.6782543271780014,0.18342185488436372,0.4,7.338480472564697,3.92865611720314e-07,0.17906976744186046
17720,0.05214820019900799,0.1288450501859188,0.012916578352451325,0.3229143589735031,0.1705212671193294,0.6,0.024788837879896164,3.9232732106848086e-07,0.17917087967644085
17730,0.08566492833197117,0.13179374411702155,0.019264358282089233,0.6542819175869227,0.12043239765334875,0.6,1.2224040801811498e-06,3.9178916124910547e-07,0.17927199191102122
17740,0.14108366351574658,0.20980709046125412,0.030316966772079467,0.7579244319349527,0.1707154292613268,0.5,3.6242902278900146,3.912511329161027e-07,0.17937310414560162
17750,0.1169963575899601,0.21068123653531073,0.024034580588340758,0.685779063589871,0.20456001280108466,0.4,0.0635293647646904,3.9071323672322783e-07,0.179474216380182
17760,0.033425223734229806,0.04270588755607605,0.020087383687496185,0.502593508118298,0.1598661042400636,0.6,0.1897049844264984,3.901754733240752e-07,0.1795753286147624
17770,0.07945863194763661,0.07165435962378978,0.02639680206775665,0.6599201038479805,0.14799151060869917,0.4,0.38580143451690674,3.896378433720785e-07,0.17967644084934278
17780,0.17177580744028093,0.24966500401496888,0.02904658913612366,0.7320885580033064,0.11788117378018796,0.5,2.15420459426241e-06,3.8910034752050857e-07,0.17977755308392315
17790,0.16685962677001953,0.15198243483901025,0.0260656476020813,0.6540216721594334,0.08611091284547001,0.7,0.027599964290857315,3.885629864224736e-07,0.17987866531850355
17800,0.12558753024786712,0.09336032997816801,0.02540813386440277,0.6352037560194731,0.11787617893423885,0.6,1.7214265426446218e-06,3.8802576073091774e-07,0.17997977755308392
17810,-0.011950971931219101,0.059112989064306024,0.013069383800029755,0.32673470824956896,0.14708926131716,0.7,1.608775528438855e-05,3.8748867109862124e-07,0.18008088978766432
17820,0.2863456545397639,0.23569819815456866,0.06083537340164184,1.520884383097291,0.22029547963757068,0.2,0.0006442466983571649,3.8695171817819825e-07,0.18018200202224469
17830,0.16880522593855857,0.2099155392497778,0.01787874400615692,0.41481867916882037,0.14959817471681164,0.5,1.7638394832611084,3.864149026220977e-07,0.18028311425682508
17840,0.15110841374844314,0.21191714331507683,0.024395847320556642,0.6098964035511016,0.14560172696365042,0.5,1.0779963304230478e-06,3.8587822508260083e-07,0.18038422649140545
17850,0.0809065893292427,0.1167491391301155,0.030413207411766053,0.760330481827259,0.12603374320315197,0.6,17.191587448120117,3.853416862118214e-07,0.18048533872598585
17860,0.08772199898958206,0.08894413560628892,0.02321976125240326,0.818656400218606,0.1252447860199027,0.7,0.12531238794326782,3.8480528666170485e-07,0.18058645096056622
17870,0.10643926560878754,0.07561907060444355,0.02578766644001007,0.644691601768136,0.10572476933011785,0.7,0.005396305117756128,3.8426902708402694e-07,0.18068756319514662
17880,0.1853565067052841,0.11772850751876832,0.024438969790935516,0.6109744440764189,0.0957125017652288,0.7,0.12348334491252899,3.83732908130394e-07,0.18078867542972699
17890,-0.010664466978050768,0.05623632539063692,0.026333802938461305,0.7346092682331801,0.14879553803475573,0.6,1.6012212427085615e-06,3.8319693045224087e-07,0.18088978766430738
17900,0.34851697385311126,0.28442666828632357,0.04481761455535889,1.1204411190003156,0.10983327248832211,0.6,1.71614670753479,3.826610947008312e-07,0.18099089989888775
17910,0.05908164530992508,0.17091063112020494,0.02555614411830902,0.6389039196074009,0.08622882626950741,0.6,0.5643622279167175,3.821254015272558e-07,0.18109201213346815
17920,0.052786386013031004,0.06809239685535431,0.014480134844779969,0.362003818154335,0.10104344669962302,0.8,0.03942739591002464,3.8158985158243214e-07,0.18119312436804855
17930,0.31146347858011725,0.32187878116965296,0.026548749208450316,0.6637191589921713,0.17641096523730085,0.4,50.93247604370117,3.8105444551710437e-07,0.18129423660262892
17940,0.02313837632536888,0.11908447816967964,0.02781490981578827,0.6953728932887315,0.16387512029614298,0.6,0.2508549392223358,3.805191839818411e-07,0.1813953488372093
17950,0.18082066462375224,0.13279847726225852,0.025623193383216857,0.6405799224972725,0.17835649132030085,0.5,0.09222812950611115,3.799840676270356e-07,0.18149646107178968
17960,0.05809609889984131,0.03319776952266693,0.015740402042865753,0.39350984543561934,0.09064900202210993,0.9,1.5551661363133462e-06,3.7944909710290474e-07,0.18159757330637008
17970,0.10150298066437244,0.18856555223464966,0.023750220239162446,0.593755666539073,0.13072416895302014,0.7,1.6408509964094264e-06,3.7891427305948806e-07,0.18169868554095045
17980,-0.008282889891415835,0.059972554352134465,0.018458439409732817,0.46146089769899845,0.15494301442522557,0.4,1.3027056455612183,3.783795961466471e-07,0.18179979777553085
17990,0.1798927592113614,0.22751045655459165,0.01029120311141014,0.26481658332049846,0.17888341173529626,0.4,0.04615344479680061,3.7784506701406505e-07,0.18190091001011122
18000,0.21718164905905724,0.12860095500946045,0.0029814448207616806,0.4612720631062984,0.08154930525925011,0.7,0.5915165543556213,3.773106863112451e-07,0.1820020222446916
18010,0.01899487755727023,0.014900862821377814,0.02651708722114563,0.6629270985722542,0.17183216991834344,0.6,0.0470537506043911,3.7677645468751e-07,0.18210313447927198
18020,0.280003422498703,0.20428125858306884,0.030443963408470155,0.7610991962254048,0.0973505066940561,0.7,0.03787555173039436,3.762423727920017e-07,0.18220424671385238
18030,0.0190244160592556,0.06522695422172546,0.010879378765821457,0.2719844300299883,0.14154702253872528,0.7,0.26012492179870605,3.757084412736799e-07,0.18230535894843275
18040,0.044810321927070615,0.14415548741817474,0.025782355666160585,0.6445585634559393,0.15712077725911514,0.6,0.015552937984466553,3.751746607813221e-07,0.18240647118301315
18050,0.065243324264884,0.3154213489033282,0.02894831895828247,0.7237081315368414,0.21609343707095832,0.3,1.4479271612799494e-06,3.746410319635217e-07,0.18250758341759352
18060,0.15478934720158577,0.24497837871313094,0.008083553612232208,0.40887614600360395,0.14866969261784108,0.4,2.011905280596693e-06,3.74107555468688e-07,0.1826086956521739
18070,0.07301622703671455,0.045878663659095764,0.01311655193567276,0.3279136806726456,0.1243136985693127,0.5,4.9130258048535325e-06,3.735742319450453e-07,0.1827098078867543
18080,0.01708553358912468,0.08763685375452042,0.006697311997413635,0.16743271946907043,0.11910949221346527,0.7,9.797025995794684e-06,3.730410620406318e-07,0.18281092012133468
18090,0.3223410166800022,0.24656129106879235,0.022606216371059418,0.5651552882045507,0.14650368097936733,0.4,10.846700668334961,3.725080464032996e-07,0.18291203235591508
18100,0.09581229612231254,0.09760765135288238,0.011108119040727615,0.27770318612456324,0.10526676791487262,0.7,0.01394694484770298,3.719751856807125e-07,0.18301314459049545
18110,0.056709039211273196,0.10144422054290772,0.0003286565886810422,0.008216459304094315,0.06256154929287731,0.9,9.433290688320994e-05,3.7144248052034694e-07,0.18311425682507584
18120,0.3731719635426998,0.40615915656089785,0.05691056847572327,1.422764216735959,0.14309021700173616,0.3,6.716822624206543,3.709099315694897e-07,0.1832153690596562
18130,0.043134829105110836,0.12415878374595195,0.028329914808273314,0.7329403318464756,0.20699317156104372,0.4,3.039272087335121e-05,3.703775394752378e-07,0.1833164812942366
18140,0.04266783632338047,0.08226244077086449,0.010169880837202072,0.3033207092434168,0.15502920693252237,0.4,4.300789441913366e-06,3.698453048844983e-07,0.18341759352881698
18150,0.11372978426516056,0.08493043258786201,0.012481431663036346,0.3120355114340782,0.11629222969058901,0.7,0.0389280691742897,3.6931322844398606e-07,0.18351870576339738
18160,0.1264828063547611,0.16913131773471832,0.0056593894958496095,0.5285756234079599,0.08344284936320037,0.7,1.94286303667468e-06,3.6878131080022414e-07,0.18361981799797775
18170,0.05681953728199005,0.17507872283458709,0.017765435576438903,0.44413587525486947,0.12581411885330454,0.6,0.0008211845997720957,3.6824955259954283e-07,0.18372093023255814
18180,0.2021130352281034,0.24376691455254332,0.034759041666984555,0.8689762022346258,0.15632715508108957,0.5,1.3044270277023315,3.677179544880784e-07,0.1838220424671385
18190,-0.014520220831036568,0.00829726941883564,0.014404729008674622,0.360118617862463,0.09457307376433163,0.8,0.0005000617238692939,3.671865171117724e-07,0.1839231547017189
18200,0.13824901655316352,0.07899943012744189,0.022081886231899262,0.5520470615476369,0.06740924639161676,0.7,2.136305283784168e-06,3.666552411163718e-07,0.18402426693629928
18210,0.1620265170931816,0.1832794301211834,0.03475097715854645,0.8687741562724114,0.09575596371432767,0.6,8.994709060061723e-05,3.661241271474269e-07,0.18412537917087968
18220,-0.008544594049453735,0.15285334959626198,0.02100563496351242,0.5688536822795868,0.1430281598586589,0.5,3.8235530853271484,3.655931758502911e-07,0.18422649140546007
18230,0.035813480615615845,0.03262035250663757,0.018098470568656922,0.4524615824222565,0.05714200517395511,0.9,1.0894204378128052,3.6506238787012036e-07,0.18432760364004044
18240,0.059578964859247206,0.08306399807333946,0.02442507743835449,0.61062754355371,0.13503533226903527,0.6,2.583876132965088,3.645317638518721e-07,0.18442871587462084
18250,0.13123449832201003,0.08634264171123504,0.0226149246096611,0.5653731923550367,0.09697027907241136,0.7,7.828116213204339e-05,3.640013044403045e-07,0.1845298281092012
18260,0.0032006984343752264,0.030329689383506775,0.011655078828334808,0.29137700237333775,0.13862337482860312,0.7,1.1714172615029383e-05,3.6347101027997607e-07,0.1846309403437816
18270,0.08227386623620987,0.08705722242593765,0.017637132108211516,0.6671226147562266,0.1133053848403506,0.7,1.4283665450420813e-06,3.629408820152439e-07,0.18473205257836198
18280,0.15101681277155876,0.11563505828380585,0.014931093156337737,0.44844746589660645,0.1174158844165504,0.6,3.139791033390793e-06,3.62410920290264e-07,0.18483316481294237
18290,0.0665224775671959,0.04978896528482437,0.015547586977481842,0.3879657471552491,0.10999494931893423,0.6,1.2574450920510571e-06,3.618811257489895e-07,0.18493427704752274
18300,0.16929853856563568,0.19081665575504303,0.01857547014951706,0.46438683979213236,0.09573955652303993,0.7,0.03177157789468765,3.6135149903517116e-07,0.18503538928210314
18310,0.07266440633684397,0.08957671523094177,0.02512592077255249,0.6281485050916672,0.17461124904220923,0.6,2.817230551954708e-06,3.6082204079235513e-07,0.1851365015166835
18320,0.1077733177691698,0.10901504456996917,0.028980153799057006,0.725858211517334,0.1316888042143546,0.6,1.4590014219284058,3.6029275166388323e-07,0.1852376137512639
18330,0.15157323596067726,0.16452155308797956,0.01982511729001999,0.49562823176383974,0.1232142849592492,0.5,1.4096331142354757e-06,3.5976363229289164e-07,0.18533872598584428
18340,0.13799939751625062,0.11503705680370331,0.03190268278121948,0.7975684519857168,0.07448350926861166,0.7,7.67176243243739e-06,3.5923468332231e-07,0.18543983822042467
18350,0.15184978917241096,0.2395930364727974,0.027728551626205446,0.7965697903186083,0.17199458316899835,0.3,0.00045492121716961265,3.5870590539486154e-07,0.18554095045500504
18360,0.31609559804201126,0.36433487236499784,0.011733883619308471,0.8255830641835928,0.1469751737313345,0.5,1.323302984237671,3.5817729915306133e-07,0.18564206268958544
18370,0.013277940265834332,0.019134936109185218,0.008806020021438599,0.22015044279396534,0.10785023905336857,0.7,4.663163661956787,3.576488652392156e-07,0.1857431749241658
18380,0.18690807186067104,0.15914502069354058,0.03686072528362274,0.921518013253808,0.14309226787881926,0.5,1.1012111826858018e-06,3.5712060429542135e-07,0.1858442871587462
18390,0.01309525549877435,0.008945622853934765,0.019070857763290407,0.4820021655410528,0.09360596566693857,0.7,0.04663031920790672,3.5659251696356564e-07,0.1859453993933266
18400,0.05682114828377962,0.033504164218902587,0.03936200737953186,0.9840506445616484,0.09598749378928914,0.7,0.019579246640205383,3.56064603885324e-07,0.18604651162790697
18410,0.1760355368256569,0.12324011251330376,0.03354397118091583,0.8385995712131262,0.0867708652280271,0.7,0.015679795295000076,3.555368657021611e-07,0.18614762386248737
18420,0.2871543549001217,0.2545007407665253,0.026343059539794923,0.5973888705484569,0.15152057383675127,0.3,12.917099952697754,3.550093030553284e-07,0.18624873609706774
18430,0.161293113976717,0.11110623255372047,0.03156510889530182,0.7891277760267258,0.12853346795309334,0.6,1.3030318086748593e-06,3.544819165858642e-07,0.18634984833164814
18440,0.10927389338612556,0.12259119600057602,0.021962428092956544,0.5490630675107241,0.0966087979148142,0.8,9.615695489628706e-06,3.5395470693459264e-07,0.1864509605662285
18450,0.159153014421463,0.2900226771831512,0.044043973088264465,1.024283603206277,0.13548029323574157,0.5,5.409645746112801e-05,3.5342767474212335e-07,0.1865520728008089
18460,0.0641604982316494,0.12370560318231583,0.021259307861328125,0.5314826333895326,0.11899964038748294,0.6,1.747260570526123,3.5290082064885016e-07,0.18665318503538927
18470,-0.026674513518810273,0.13324477896094322,0.02576274275779724,0.663916215673089,0.18177755093201994,0.6,45.246368408203125,3.523741452949505e-07,0.18675429726996967
18480,0.05903450921177864,0.0923598051071167,0.023320484161376952,0.583012368530035,0.11416318683186547,0.7,8.17525233287597e-06,3.518476493203845e-07,0.18685540950455004
18490,0.15361876897513865,0.16325715966522694,0.042317673563957214,1.1176017869263888,0.1447221306967549,0.3,15.742180824279785,3.5132133336489445e-07,0.18695652173913044
18500,0.18219720339402556,0.32205201289616525,0.019539910554885864,0.7322736192494631,0.23446123740868643,0.2,11.879860877990723,3.5079519806800366e-07,0.1870576339737108
18510,0.05035498142242432,0.16056917384266853,0.0038177013397216798,0.41013538613915446,0.1476349341799505,0.3,10.023460388183594,3.502692440690165e-07,0.1871587462082912
18520,0.25015711039304733,0.16130347177386284,0.021192458271980286,0.529811330512166,0.11366857147077099,0.6,4.345618435763754e-05,3.497434720070165e-07,0.18725985844287157
18530,0.3780667886137962,0.25382277444005014,0.0409751296043396,1.0243786100298167,0.12988989264704287,0.5,9.110411838264554e-07,3.492178825208661e-07,0.18736097067745197
18540,0.23180645406246186,0.1415843039751053,0.020926326513290405,0.523158166743815,0.09516281367978081,0.7,0.003691998543217778,3.486924762492064e-07,0.18746208291203237
18550,0.1197515107691288,0.10855599604547024,0.026093345880508424,0.6523336287587881,0.1772816809010692,0.4,0.00022567053383681923,3.481672538304553e-07,0.18756319514661274
18560,0.28428533487021923,0.21870059994980692,0.04420616626739502,1.1066132206469774,0.12306352779269218,0.4,1.2730695009231567,3.4764221590280784e-07,0.18766430738119314
18570,0.052120063453912735,0.03461346596013755,0.030527168512344362,0.7631788503378629,0.12085148268379271,0.5,0.6319835186004639,3.4711736310423446e-07,0.1877654196157735
18580,0.1988098978996277,0.14379063248634338,0.01592390388250351,0.3980980973690748,0.08473232624819502,0.8,2.22869334720599e-06,3.4659269607248074e-07,0.1878665318503539
18590,-0.005535658448934555,0.031663660705089566,0.011647412180900573,0.29118512012064457,0.14102520341984928,0.7,9.35796606427175e-07,3.460682154450666e-07,0.18796764408493427
18600,0.17667775899171828,0.15431578755378722,0.0484394371509552,1.2348173808306455,0.19430455891415477,0.3,0.2290811538696289,3.455439218592856e-07,0.18806875631951467
18610,-7.568411529064178e-05,0.07355161644518375,0.023096151649951935,0.5774037677794694,0.19645193975884467,0.4,9.190475463867188,3.4501981595220365e-07,0.18816986855409504
18620,0.012114125862717628,0.034801986813545224,0.01892760843038559,0.4757823786465451,0.1365364990895614,0.6,1.4208800394044374e-06,3.4449589836065915e-07,0.18827098078867543
18630,0.10431931167840958,0.11988555118441582,0.03147231638431549,0.8617773812264204,0.14676638054661453,0.5,0.020916031673550606,3.439721697212612e-07,0.1883720930232558
18640,0.014161487016826868,0.03577356715686619,0.02152317464351654,0.5380793333053588,0.13382490212097764,0.6,0.08273835480213165,3.4344863067038955e-07,0.1884732052578362
18650,0.15802329182624816,0.16191291362047194,0.023843900859355928,0.5960981912910939,0.10339857069775463,0.6,0.0019049836555495858,3.429252818441934e-07,0.18857431749241657
18660,0.1272305754944682,0.11668648067861795,0.026190665364265443,0.6643572129309178,0.10087295016273856,0.6,3.5790038108825684,3.4240212387859093e-07,0.18867542972699697
18670,0.05205688923597336,0.22465914450585842,0.021592536568641664,0.5398131377995015,0.09569120995001867,0.7,1.2060374956490705e-06,3.4187915740926853e-07,0.18877654196157734
18680,-0.025935916835442184,0.047593081719242036,0.010083271563053131,0.2520819302648306,0.08981270842486992,0.8,37.3260498046875,3.4135638307167957e-07,0.18887765419615773
18690,0.037806469667702916,0.042431372590363024,0.02788870632648468,0.6972174257040024,0.12934124789899215,0.6,0.17526188492774963,3.408338015010445e-07,0.18897876643073813
18700,0.033246397878974675,0.04936006739735603,0.018121773004531862,0.4530442986637354,0.10244991763029247,0.7,3.8403685092926025,3.4031141333234894e-07,0.1890798786653185
18710,0.009259915351867676,0.13226661086082458,0.01058112233877182,0.26795943565666674,0.14075155600439757,0.6,9.10463586478727e-06,3.3978921920034365e-07,0.1891809908998989
18720,0.18382168114185332,0.12732794433832167,0.008653312921524048,0.21633305512368678,0.08860027709743008,0.7,0.0002498664543963969,3.392672197395441e-07,0.18928210313447927
18730,0.15007789805531502,0.12052166238427162,0.029905062913894654,0.21129447557032108,0.11484013014705852,0.7,8.134289741516113,3.387454155842287e-07,0.18938321536905967
18740,0.19234283342957498,0.16597839593887329,0.01691921055316925,0.4229803130030632,0.08194498680531978,0.6,1.8763913658403908e-06,3.382238073684386e-07,0.18948432760364003
18750,0.15128800570964812,0.11173312664031983,0.03112071454524994,0.7780179910361766,0.11314148562960327,0.6,0.6676210165023804,3.377023957259771e-07,0.18958543983822043
18760,0.3098475351929665,0.3221938073635101,0.027130377292633057,0.8607639461755753,0.16627201706869527,0.5,3.7283174991607666,3.3718118129040827e-07,0.1896865520728008
18770,0.3999288249760866,0.2545979246497154,0.03958995044231415,0.989748964086175,0.12990283804247155,0.4,0.5034651160240173,3.366601646950572e-07,0.1897876643073812
18780,0.08171265330165625,0.10264177843928338,0.039824572205543515,0.9956143204122782,0.14039731040829792,0.6,2.752892017364502,3.361393465730079e-07,0.18988877654196157
18790,0.013595012575387954,0.056343662459403275,0.01768587976694107,0.44214687049388884,0.11935941977426409,0.5,1.0694705247879028,3.3561872755710365e-07,0.18998988877654197
18800,0.15774205438792704,0.17247242853045464,0.02415585219860077,0.6384108804166317,0.16723743858747184,0.4,7.130735874176025,3.350983082799456e-07,0.19009100101112233
18810,0.2069803356193006,0.14902842044830322,0.026276320219039917,0.6569077562540769,0.15403185747563838,0.4,0.7225626707077026,3.3457808937389196e-07,0.19019211324570273
18820,0.1430081778205931,0.2314817337319255,0.024014951288700105,0.6003738738596439,0.11312401675386355,0.7,0.23022949695587158,3.3405807147105806e-07,0.1902932254802831
18830,-0.031219394505023958,0.028325628861784934,0.0050016604363918304,0.12504150047898294,0.09116793177090585,0.7,7.937715530395508,3.335382552033146e-07,0.1903943377148635
18840,0.0524292629212141,0.041271105781197547,0.018098078668117523,0.4524515688419342,0.09714926878223196,0.7,2.7876885724253953e-06,3.3301864120228756e-07,0.1904954499494439
18850,0.03685022103600204,0.15420802775770426,0.02278505265712738,0.6270667176693678,0.1893511435133405,0.3,2.632542371749878,3.3249923009935676e-07,0.19059656218402427
18860,0.26715850420296194,0.16983186677098275,0.05765514373779297,1.4413794990628959,0.09176186812110246,0.5,9.86330269370228e-06,3.319800225256556e-07,0.19069767441860466
18870,0.15256763538345694,0.0924498375505209,0.02489425241947174,0.6223562762141228,0.12198145919246599,0.7,0.17740023136138916,3.314610191120702e-07,0.19079878665318503
18880,0.0090391106903553,0.14697399660944938,0.020131388306617738,0.5032848630100488,0.2061247113510035,0.4,5.350189685821533,3.309422204892389e-07,0.19089989888776543
18890,0.21386815309524537,0.17155346646904945,0.04302726984024048,1.07568241879344,0.1573109289398417,0.4,1.329729437828064,3.304236272875508e-07,0.1910010111223458
18900,0.04414679557085037,0.055541252717375755,0.02540668249130249,0.635167284682393,0.13504657399607822,0.6,5.910475730895996,3.299052401371456e-07,0.1911021233569262
18910,0.11957841366529465,0.1239937387406826,0.03009119927883148,0.7446616601198912,0.12972805458121,0.6,7.769850254058838,3.2938705966791246e-07,0.19120323559150657
18920,0.2756888933479786,0.24421387761831284,0.035181036591529845,0.8796789806336165,0.1542820821981877,0.5,18.356670379638672,3.2886908650948944e-07,0.19130434782608696
18930,0.03550830576568842,0.2106093442067504,0.03228499293327332,0.807125124335289,0.22923498030286282,0.3,27.168285369873047,3.2835132129126316e-07,0.19140546006066733
18940,0.15892401188611985,0.13423199951648712,0.025730344653129577,0.6432584431022406,0.10660726092755794,0.7,5.030737156630494e-06,3.2783376464236685e-07,0.19150657229524773
18950,0.0631823793053627,0.15969993863254786,0.018874312937259673,0.47923183627426624,0.12851547888712958,0.6,0.4058700501918793,3.2731641719168056e-07,0.1916076845298281
18960,0.05984655525535345,0.07435278445482255,0.02232511341571808,0.5581274464726448,0.18099833209998906,0.5,0.08265531063079834,3.267992795678306e-07,0.1917087967644085
18970,0.10482077598571778,0.14518298245966435,0.038207831978797915,0.9551959924399853,0.14278936460614206,0.6,0.000640934391412884,3.2628235239918745e-07,0.19180990899898887
18980,0.11060700193047523,0.10690680146217346,0.028603637218475343,0.715091236680746,0.10028677472146227,0.7,1.8466837445885176e-06,3.257656363138669e-07,0.19191102123356926
18990,0.032096894830465315,0.048419630527496337,0.012001975625753402,0.3001111216843128,0.11896152757108211,0.8,0.000158454553456977,3.252491319397274e-07,0.19201213346814966
19000,-0.01013433001935482,0.08007857948541641,0.010275015234947204,0.2568753570318222,0.14815457323566078,0.7,1.933837438627961e-06,3.2473283990437056e-07,0.19211324570273003
19010,0.12046480178833008,0.07912729196250438,0.028092971444129942,0.702324691042304,0.08641717145219445,0.7,2.3225252334668767e-06,3.2421676083513984e-07,0.19221435793731043
19020,0.19886700809001923,0.16390239223837852,0.02043887823820114,0.7364295277744531,0.1356698637129739,0.5,0.010834159329533577,3.237008953591198e-07,0.1923154701718908
19030,0.23272542357444764,0.19168948642909528,0.036971038579940795,0.9242761563509703,0.1313576019834727,0.6,0.364757239818573,3.23185244103136e-07,0.1924165824064712
19040,0.22668029367923737,0.18797964006662368,0.03303501307964325,0.832826704159379,0.1269734403351322,0.5,1.8831120729446411,3.2266980769375297e-07,0.19251769464105156
19050,0.08032802566885948,0.069768725335598,0.015439857542514802,0.38599635027348994,0.1270172014599666,0.7,2.275722181366291e-05,3.221545867572749e-07,0.19261880687563196
19060,0.18185254093259573,0.15759864803403617,0.020620991289615632,0.5155249752104283,0.1435546650434844,0.6,1.3060974197287578e-05,3.216395819197437e-07,0.19271991911021233
19070,0.0036895999684929846,0.029573862813413142,0.017365750670433045,0.4341435119509697,0.1530991463456303,0.6,5.104919910430908,3.2112479380693867e-07,0.19282103134479273
19080,0.007379494793713093,0.013200841471552848,0.02112653702497482,0.528163731098175,0.09964651187183335,0.8,0.22028736770153046,3.206102230443759e-07,0.1929221435793731
19090,-0.08900837935507297,0.09661177340894937,0.0217380166053772,0.5434506587684155,0.1394130438216962,0.5,1.2083525007255957e-06,3.200958702573076e-07,0.1930232558139535
19100,-0.09225411973893642,0.12322947159409522,0.014171849191188812,0.35429647117853164,0.13326299793552607,0.6,1.2122712860218599e-06,3.195817360707207e-07,0.19312436804853386
19110,-0.04401727765798569,0.06003531813621521,0.017159585654735566,0.42898961901664734,0.17547161775873973,0.6,8.740190423850436e-06,3.1906782110933697e-07,0.19322548028311426
19120,0.06017183614894748,0.3088508740067482,0.03431800901889801,0.857951182126999,0.1759675256558694,0.4,39.948360443115234,3.1855412599761136e-07,0.19332659251769463
19130,0.08366803517565131,0.11376638431102037,0.03539533019065857,0.8848832432180643,0.15637177005410194,0.7,0.02424171194434166,3.1804065135973165e-07,0.19342770475227503
19140,0.000763857364654541,0.08342954218387603,0.011110414564609528,0.2777662523090839,0.09984781352104619,0.6,3.439349166001193e-05,3.1752739781961835e-07,0.19352881698685542
19150,0.30993282198905947,0.44471573606133463,0.029275813698768617,0.7573763657361269,0.15918124907184392,0.4,1.8675417550184648e-06,3.170143660009228e-07,0.1936299292214358
19160,0.08027334474027156,0.09382345601916313,0.015594190359115601,0.38985492289066315,0.1223541944520548,0.6,9.814598342927638e-07,3.165015565270269e-07,0.1937310414560162
19170,-0.02829049602150917,0.03365214616060257,0.008139893412590027,0.20349741019308568,0.08842587730614468,0.8,9.799466624826891e-07,3.159889700210426e-07,0.19383215369059656
19180,0.2799010236747563,0.21430005878210068,0.02293299287557602,0.5733249206095934,0.0905430508661084,0.6,3.249863862991333,3.154766071058108e-07,0.19393326592517696
19190,0.06580856293439866,0.10228287354111672,0.024004165828227998,0.6003028109669686,0.144528165506199,0.5,8.48882700665854e-06,3.149644684039008e-07,0.19403437815975733
19200,0.08579795705154539,0.07924350574612618,0.029619759321212767,0.7404939886182547,0.15251778207020833,0.6,0.0446762889623642,3.1445255453760944e-07,0.19413549039433772
19210,0.19437173362821342,0.18910643383860587,0.014140640199184418,0.41692864932119844,0.1346774800447747,0.5,3.1118850708007812,3.139408661289603e-07,0.1942366026289181
19220,0.1532287560403347,0.1989626817405224,0.01669315993785858,0.41732907965779303,0.1667715900577605,0.5,6.424903869628906,3.134294037997031e-07,0.1943377148634985
19230,0.4656743511557579,0.35550171285867693,0.03517332971096039,0.8793334677815438,0.13663586522452534,0.4,11.02600383758545,3.129181681713127e-07,0.19443882709807886
19240,0.07351510226726532,0.13178327381610871,0.026498740911483763,0.6624679125845432,0.14442708126734943,0.5,0.00010176774230785668,3.124071598649885e-07,0.19453993933265926
19250,0.12107532657682896,0.1096262939274311,0.013445620238780976,0.4466471388936043,0.15078368196263908,0.5,0.0001363662740914151,3.118963795016539e-07,0.19464105156723963
19260,0.17961378330364824,0.20815767080057412,0.035876476764678956,0.8969121638685464,0.15647738154511898,0.4,9.910773277282715,3.113858277019554e-07,0.19474216380182002
19270,0.0773305281996727,0.06598880141973495,0.01620282530784607,0.40507086627185346,0.07855856986716389,0.8,9.879398703560582e-07,3.108755050862614e-07,0.1948432760364004
19280,0.048854609578847887,0.13889748454093934,0.014741994440555573,0.3685497045516968,0.0766553258523345,0.7,1.1961942618654575e-06,3.10365412274662e-07,0.1949443882709808
19290,0.47215473651885986,0.2698026955127716,0.027642470598220826,0.6907435636967421,0.0748302323394455,0.6,0.8590732216835022,3.0985554988696785e-07,0.19504550050556116
19300,-0.03923455886542797,0.030500505492091178,0.012828715145587921,0.3315437402576208,0.12447498986730351,0.6,0.006079769227653742,3.0934591854271017e-07,0.19514661274014156
19310,0.03479784205555916,0.03907198198139668,0.014507544040679932,0.3626885738223791,0.11130665836390108,0.7,1.3922573316449416e-06,3.0883651886113904e-07,0.19524772497472195
19320,0.2729945068247616,0.2160147473216057,0.029544633626937867,0.7386156767606735,0.15113928540376947,0.5,4.897119998931885,3.083273514612229e-07,0.19534883720930232
19330,0.14542547836899758,0.0849109437316656,0.012457822263240815,0.31144559755921364,0.09157780532259494,0.6,0.0006122320774011314,3.0781841696164845e-07,0.19544994944388272
19340,0.020341768860816956,0.07842852845788002,0.018313056230545043,0.45782609172165395,0.13763979204231874,0.6,0.004638394806534052,3.0730971598081867e-07,0.1955510616784631
19350,0.009790439903736115,0.03844323605298996,0.009759224206209182,0.24398063085973262,0.08718988542677834,0.8,1.1290921975160018e-06,3.068012491368537e-07,0.1956521739130435
19360,0.2155739486217499,0.21372076794505118,0.04247764945030212,1.061941286176443,0.11433108779601753,0.4,12.068890571594238,3.0629301704758844e-07,0.19575328614762386
19370,0.14168361462652684,0.13484662733972072,0.02966550588607788,0.7439924445003271,0.11612105057574809,0.5,3.2381726668972988e-06,3.0578502033057285e-07,0.19585439838220425
19380,0.27682236284017564,0.24512221962213515,0.031818562746047975,0.7517132721841335,0.09613229603273794,0.6,1.380925027660851e-06,3.052772596030708e-07,0.19595551061678462
19390,0.11002815142273903,0.20038849264383315,0.02761530876159668,0.6903826199471951,0.16644318669568747,0.4,3.0576834678649902,3.047697354820594e-07,0.19605662285136502
19400,0.08056870100554078,0.15310362298041583,0.02272535264492035,0.5681339573115111,0.1431733947014436,0.5,3.2826799269969342e-06,3.0426244858422847e-07,0.1961577350859454
19410,0.22504555583000183,0.22771128118038178,0.04330826699733734,1.0827065870165824,0.1035753448260948,0.7,0.1302143782377243,3.037553995259794e-07,0.1962588473205258
19420,0.19998080004006624,0.1725980445742607,0.038667476177215575,0.9666871145367623,0.0921419663936831,0.6,1.140869812843448e-06,3.0324858892342466e-07,0.19635995955510616
19430,0.022458448726683854,0.05825949502177537,0.03649701178073883,0.9124253556132317,0.16093041595304386,0.4,1.7514959573745728,3.0274201739238667e-07,0.19646107178968655
19440,-0.018531936570070684,0.030265550268813966,0.008817179501056671,0.22042950578033924,0.15216688078362495,0.5,0.003354044398292899,3.022356855483978e-07,0.19656218402426692
19450,0.16648077964782715,0.262788850069046,0.03650490939617157,0.9126231238245964,0.12268731677904725,0.5,10.635703086853027,3.0172959400669886e-07,0.19666329625884732
19460,0.1803591787815094,0.11877593100070953,0.016815869510173796,0.42039711941033603,0.09538705858867616,0.6,7.999993272278516e-07,3.01223743382239e-07,0.19676440849342772
19470,0.026089770486578345,0.08606313234195113,0.017081917822360994,0.4270477082580328,0.14264844077406452,0.5,16.342418670654297,3.007181342896742e-07,0.1968655207280081
19480,0.054108117893338206,0.05080797336995602,0.016799074411392213,0.4199769087135792,0.07049766634590923,0.8,1.2858957916250802e-06,3.002127673433674e-07,0.19696663296258848
19490,0.013308217748999596,0.037140382826328276,0.024196074903011323,0.6049018200486899,0.15855265563586726,0.7,1.436537504196167,2.9970764315738703e-07,0.19706774519716885
19500,0.10350386649370194,0.09291440919041634,0.025870490074157714,0.6467627141624689,0.1433304782025516,0.6,0.016844112426042557,2.992027623455063e-07,0.19716885743174925
19510,0.1610061327693984,0.2051151844440028,0.04023109972476959,1.0057779062539338,0.15087387196253985,0.3,47.50410461425781,2.986981255212035e-07,0.19726996966632962
19520,-0.0013295508921146392,0.08465350717306137,0.011260280758142472,0.28150711953639984,0.1599861140246503,0.6,4.672225475311279,2.9819373329765975e-07,0.19737108190091002
19530,0.0953308941796422,0.07193944435566664,0.01425701379776001,0.3564252570271492,0.10548757717479021,0.6,1.9874656200408936,2.9768958628775895e-07,0.1974721941354904
19540,0.22873001117259265,0.16942398864775896,0.03801937103271484,0.9030635975301265,0.14907932294299825,0.4,3.533201152094989e-06,2.971856851040876e-07,0.19757330637007078
19550,0.1216768269892782,0.09236323283985257,0.020719857513904573,0.5179966650903225,0.14190734758740292,0.4,1.1485483646392822,2.966820303589327e-07,0.19767441860465115
19560,0.05054506035521626,0.06428092415444553,0.020093406736850738,0.502335461974144,0.15879899737192318,0.5,1.9280927181243896,2.9617862266428286e-07,0.19777553083923155
19570,0.09244763236492873,0.11728672310709953,0.024898327887058258,0.6224588640034199,0.1477571563445963,0.5,5.276812553405762,2.956754626318255e-07,0.19787664307381192
19580,0.11259007230401039,0.08846503291279077,0.015189836919307708,0.37974639758467676,0.07496008692542092,0.7,1.7176842447952367e-05,2.9517255087294755e-07,0.19797775530839232
19590,0.17079150583595037,0.1401665396988392,0.02007775753736496,0.5405569460242987,0.13505441838642582,0.6,9.419266700744629,2.9466988799873437e-07,0.1980788675429727
19600,0.24321070052683352,0.15788461416959762,0.031143105030059813,0.7785780306905508,0.1306261454243213,0.6,5.796372890472412,2.941674746199685e-07,0.19817997977755308
19610,0.10327389240264892,0.0668162614107132,0.012866617739200592,0.3216653849929571,0.0869726358447224,0.8,0.04082724079489708,2.9366531134712966e-07,0.19828109201213348
19620,0.03918802291154862,0.04912361204624176,0.007319308817386627,0.182982749119401,0.09207549097482115,0.8,3.6043992042541504,2.9316339879039366e-07,0.19838220424671385
19630,0.027667732164263725,0.081881944835186,0.009343135356903075,0.23357827663421632,0.1373810250777751,0.7,9.153417863672075e-07,2.9266173755963163e-07,0.19848331648129425
19640,0.22861454747617244,0.19912299066781997,0.013015156984329224,0.32737240493297576,0.09428021319909022,0.6,1.0845149063243298e-06,2.9216032826440924e-07,0.19858442871587462
19650,0.1482276945374906,0.09602878503501415,0.02279382199048996,0.5698455773293972,0.14201675995718688,0.6,0.00014436882338486612,2.916591715139859e-07,0.19868554095045501
19660,0.06994562281761318,0.09372641309164464,0.021984818577766418,0.5496203534305095,0.09875715889502316,0.6,1.8026805719273398e-06,2.911582679173142e-07,0.19878665318503538
19670,0.10151267017936334,0.1583271475567017,0.02713121771812439,0.6782803386449814,0.1860699009615928,0.4,0.05250774323940277,2.906576180830398e-07,0.19888776541961578
19680,0.1742129221558571,0.2836009129881859,0.019273360073566437,0.83097456805408,0.12612312725977973,0.4,4.993909442418953e-06,2.901572226194992e-07,0.19898887765419615
19690,0.08210867866873742,0.094777050614357,0.02762541174888611,0.6906354635953903,0.16266525007085875,0.5,1.1864585758303292e-06,2.8965708213471987e-07,0.19908998988877655
19700,0.2892558813095093,0.16528907418251038,0.02800782918930054,0.7001953769475222,0.07075794130796567,0.8,4.382483439258067e-06,2.8915719723641973e-07,0.19919110212335692
19710,0.14724816107191147,0.10198623621836304,0.029348292946815492,0.7337069917470217,0.11218900239327922,0.6,0.041672904044389725,2.88657568532006e-07,0.19929221435793731
19720,0.18896546438336373,0.11847497001290322,0.03448297083377838,0.8620738413184881,0.09120211421977728,0.7,1.1392169199098134e-06,2.8815819662857497e-07,0.19939332659251768
19730,0.022653915802948177,0.022328988648951054,0.015154339373111725,0.37885857820510865,0.08614108368055895,0.8,0.0005008055595681071,2.8765908213291046e-07,0.19949443882709808
19740,0.25739350244402887,0.17093339264392854,0.02775390148162842,0.7018242511898279,0.1669338513747789,0.5,8.91837215423584,2.871602256514836e-07,0.19959555106167845
19750,0.018700524233281612,0.01991116739809513,0.028885197639465333,0.7221302852034569,0.09979195281630382,0.8,0.20225991308689117,2.86661627790452e-07,0.19969666329625885
19760,0.02771685551851988,0.046121899783611295,0.02442310154438019,0.6105776213109493,0.13246440831571818,0.6,0.012954926118254662,2.86163289155659e-07,0.19979777553083924
19770,0.040154941566288474,0.1185270769521594,0.019928552210330963,0.49821409583091736,0.14111392239574344,0.6,1.653882384300232,2.8566521035263335e-07,0.19989888776541961
19780,0.11432381402701139,0.20672622174024582,0.020746566355228424,0.5186642527580261,0.15824549535755067,0.5,76.74127197265625,2.851673919865875e-07,0.2
19790,0.0,0.0043391015380620955,0.021187497675418852,0.5296873182058335,0.08748916942859068,0.9,3.171342541463673e-06,2.8466983466241767e-07,0.20010111223458038
19800,0.23558455817401408,0.19021169245243072,0.04673815667629242,1.1684549767524004,0.11086235790280626,0.5,3.586477032513358e-05,2.8417253898470315e-07,0.20020222446916078
19810,-0.023821147438138724,0.07965638265013694,0.014055189490318299,0.3513798199594021,0.1565548511687666,0.5,11.893875122070312,2.8367550555770503e-07,0.20030333670374115
19820,-0.032097041606903076,0.029235273599624634,0.006553994864225388,0.16385010294616223,0.06520652016624809,0.9,4.1541456994309556e-06,2.831787349853655e-07,0.20040444893832154
19830,0.21428513935079535,0.2612003903420373,0.016744500398635863,0.6393812872469425,0.15003470538649707,0.4,5.571201654674951e-06,2.8268222787130803e-07,0.2005055611729019
19840,0.06522590480744839,0.20043834671378136,0.012132512778043747,0.2895110597833991,0.1934612915152684,0.5,1.3475358855430386e-06,2.821859848188355e-07,0.2006066734074823
19850,0.15039206054061652,0.13685247171670198,0.01798054575920105,0.45608302392065525,0.10530243687098846,0.4,6.016299724578857,2.8169000643092986e-07,0.20070778564206268
19860,0.07259962633252144,0.09365070015192031,0.003838426619768143,0.09596044905483722,0.06862976660486311,0.8,0.0003853862581308931,2.811942933102517e-07,0.20080889787664308
19870,0.13838186226785182,0.09588302150368691,0.031080573797225952,0.777014247328043,0.14722930375719442,0.6,0.028810061514377594,2.8069884605913906e-07,0.20091001011122345
19880,0.15853500301018358,0.1214396495372057,0.03097423315048218,0.7743560023605823,0.1578018918982707,0.5,0.09455279260873795,2.8020366527960736e-07,0.20101112234580384
19890,0.012304674834012985,0.026246801018714905,0.020531065762043,0.5228314060717821,0.08043141276575624,0.9,2.890634059906006,2.797087515733478e-07,0.2011122345803842
19900,0.06406665404792874,0.1268115432932973,0.02030010670423508,0.5079251449555159,0.11437456503044814,0.7,46.129085540771484,2.792141055417272e-07,0.2012133468149646
19910,0.03465276509523392,0.07519213110208511,0.012492267787456513,0.3123066421598196,0.11782577668782324,0.6,16.621789932250977,2.787197277857871e-07,0.201314459049545
19920,0.23016218915581704,0.27556422278285025,0.025638702511787414,0.6409677337855101,0.14343955889344215,0.5,0.017570847645401955,2.7822561890624284e-07,0.20141557128412538
19930,-0.012916433066129685,0.10788670107722283,0.019167037308216096,0.58968475908041,0.11365982353454455,0.7,0.18684184551239014,2.777317795034839e-07,0.20151668351870577
19940,0.20269811749458314,0.17305146753787995,0.02575390338897705,0.6438478231430054,0.12014494749018922,0.6,1.1467756032943726,2.772382101775711e-07,0.20161779575328614
19950,-0.018887043930590153,0.11520655900239944,0.014569146931171418,0.36422834992408754,0.15363707934739068,0.6,1.4774153669350198e-06,2.767449115282382e-07,0.20171890798786654
19960,-0.002574536204338074,0.009866795688867568,0.006467057019472122,0.1616764023900032,0.07756501528201624,0.9,1.8831868828783627e-06,2.762518841548894e-07,0.2018200202224469
19970,0.050619897246360776,0.12002744525671005,0.019606490433216096,0.4901626382023096,0.09589651466812939,0.6,11.119101524353027,2.7575912865659923e-07,0.2019211324570273
19980,0.05830800090916455,0.19507345408201218,0.02200261354446411,0.5484934326261282,0.16855220244033262,0.5,1.5785435438156128,2.7526664563211243e-07,0.20202224469160768
19990,0.19146520793437957,0.1284030556678772,0.031002357602119446,0.7750585183501244,0.10650819080183282,0.7,0.05207929015159607,2.747744356798422e-07,0.20212335692618807
20000,0.08465384617447853,0.05216786339879036,0.009973427653312683,0.2743505325168371,0.0852743391180411,0.7,0.002403013873845339,2.7428249939786996e-07,0.20222446916076844
20010,0.035883570462465285,0.042513927444815636,0.014196564257144929,0.360444226115942,0.09874180896440521,0.8,0.04545409977436066,2.737908373839448e-07,0.20232558139534884
20020,0.32594187613576653,0.3497463144361973,0.03480450212955475,0.8703675508499146,0.1717184219509363,0.3,0.7389914989471436,2.7329945023548226e-07,0.2024266936299292
20030,0.07978176400065422,0.051971446722745895,0.030848383903503418,0.7712102234363556,0.10495796087197959,0.7,1.2008038083877182e-06,2.72808338549564e-07,0.2025278058645096
20040,0.07217707335948945,0.12810219898819925,0.02158800810575485,0.4849466530606151,0.11036869323579594,0.7,8.655903911858331e-06,2.7231750292293735e-07,0.20262891809908998
20050,0.2160060584777966,0.13518876687739975,0.03302848637104035,0.8257121186703443,0.1134539584745653,0.5,1.7557460069656372,2.718269439520138e-07,0.20273003033367037
20060,0.1133273959159851,0.12684084773063659,0.020808348059654237,0.5202088825404644,0.08493120594648644,0.8,8.346254348754883,2.7133666223286853e-07,0.20283114256825077
20070,0.0,0.0,0.013583116233348846,0.339577941223979,0.07948143047979102,1.0,0.004765377379953861,2.7084665836124004e-07,0.20293225480283114
20080,0.2500990450382233,0.15159645080566406,0.028883805871009825,0.7220951404422522,0.0772870310698636,0.6,0.6248607039451599,2.703569329325296e-07,0.20303336703741154
20090,0.1697967380285263,0.09702670574188232,0.031100866198539735,0.7775218099355697,0.0948278964497149,0.7,0.37589845061302185,2.6986748654179934e-07,0.2031344792719919
20100,0.046711988374590875,0.08991125151515007,0.014834263920783996,0.2961678519845009,0.10982582923024893,0.6,1.1835488749056822e-06,2.6937831978377323e-07,0.2032355915065723
20110,0.09387589246034622,0.119301787763834,0.023293671011924744,0.5823418300598859,0.12086502535967156,0.6,6.3915649661794305e-06,2.688894332528348e-07,0.20333670374115267
20120,0.2903379201889038,0.22615857124328614,0.01832086145877838,0.4580214165151119,0.04814800805179402,0.8,0.029221896082162857,2.684008275430273e-07,0.20343781597573307
20130,0.13153825253248214,0.2171720877289772,0.014380115270614623,0.35950276665389536,0.1087361351121217,0.7,0.15802820026874542,2.679125032480525e-07,0.20353892821031344
20140,0.3034562855958939,0.23184478851035237,0.028132092952728272,0.7033022396266461,0.12481463341973723,0.4,1.010591586236842e-05,2.674244609612708e-07,0.20364004044489384
20150,0.17550990283489226,0.1251293420791626,0.02211155742406845,0.5527890846133232,0.08358712448971346,0.6,1.0408830348751508e-06,2.6693670127569957e-07,0.2037411526794742
20160,0.27596091916784643,0.2256906546652317,0.03756438195705414,0.9331909846514463,0.16339134394656868,0.4,2.0989307358831866e-06,2.6644922478401263e-07,0.2038422649140546
20170,0.20693580508232118,0.16974708288908005,0.025867652893066407,0.6466914620250463,0.09487613475648686,0.6,2.754382610321045,2.6596203207854e-07,0.20394337714863497
20180,0.012803374975919723,0.022750701010227203,0.0030860673636198045,0.12813810184597968,0.06809299633605406,0.8,0.020142199471592903,2.6547512375126656e-07,0.20404448938321537
20190,-0.008137913607060909,0.040088755637407304,0.014951030910015106,0.4206811636686325,0.11916963632684201,0.8,5.3463008953258395e-05,2.6498850039383226e-07,0.20414560161779574
20200,0.25158702456392346,0.2968154585920274,0.03226881921291351,0.8067207172513008,0.21934599425876514,0.4,5.085956573486328,2.6450216259753e-07,0.20424671385237614
20210,0.2116299867630005,0.12093142569065093,0.03205214142799377,0.8013035215437412,0.06695490527199581,0.8,0.07625491917133331,2.640161109533063e-07,0.20434782608695654
20220,0.010179541073739529,0.008968820050358772,0.014535792171955109,0.3633949276059866,0.08897400512360036,0.8,0.00019529290148057044,2.6353034605175934e-07,0.2044489383215369
20230,0.3057228047400713,0.2135349243879318,0.025599145889282228,0.6399788189679384,0.11330044663045555,0.5,0.5586575269699097,2.630448684831398e-07,0.2045500505561173
20240,-0.09388942122459412,0.09944084584712982,0.003099341318011284,0.07748336903750896,0.060644115845207125,0.8,3.826386091532186e-05,2.625596788373482e-07,0.20465116279069767
20250,0.03575810045003891,0.07808827683329582,0.017275668680667877,0.43189169131219385,0.09206317681819201,0.7,0.002487613121047616,2.6207477770393624e-07,0.20475227502527807
20260,0.03821134027093649,0.17393610253930092,0.026790562272071838,0.6954354822635651,0.16916876944014803,0.6,2.7884740829467773,2.6159016567210425e-07,0.20485338725985844
20270,0.039699242636561397,0.052401168178766964,0.018069961667060853,0.4517490707337856,0.12737748106010258,0.6,0.8440349102020264,2.611058433307015e-07,0.20495449949443884
20280,0.004265142232179641,0.054124582558870316,0.025863289833068848,0.6500772066414356,0.13427220080047847,0.6,1.4332222938537598,2.6062181126822534e-07,0.2050556117290192
20290,0.009940346702933311,0.06873129904270173,0.011212670803070068,0.33463548086583617,0.09747556741349399,0.7,1.6415423260696116e-06,2.601380700728203e-07,0.2051567239635996
20300,0.26419486235827205,0.3490379810333252,0.02789989411830902,0.6974970865994692,0.1774097011075355,0.5,18.03900718688965,2.596546203322777e-07,0.20525783619817997
20310,0.19797015925869346,0.1391953367739916,0.022305989265441896,0.6805689703673125,0.1539016887312755,0.4,5.105278491973877,2.5917146263403457e-07,0.20535894843276037
20320,0.0659052522823913,0.03772464065114036,0.02059466391801834,0.5148666251450777,0.07312599600991235,0.8,4.2582923924783245e-05,2.5868859756517293e-07,0.20546006066734074
20330,0.29272896647453306,0.17290112227201462,0.031218764185905457,0.7804689574986696,0.09884426911594346,0.8,0.033910203725099564,2.5820602571241947e-07,0.20556117290192114
20340,-0.01577478051185608,0.10177445113658905,0.014718830585479736,0.36797085739672186,0.169907745718956,0.5,3.2254157066345215,2.577237476621442e-07,0.2056622851365015
20350,0.03489559609442949,0.1088507143780589,0.01797100454568863,0.44927530400454996,0.14085310745285823,0.6,1.2624495866475627e-06,2.5724176400036093e-07,0.2057633973710819
20360,0.3134967267513275,0.2749733865261078,0.02857759892940521,0.7144403673708439,0.11022451953031123,0.6,38.30529022216797,2.567600753127247e-07,0.20586450960566227
20370,0.29705934412777424,0.40367375798523425,0.03252423405647278,0.8131063342094421,0.19673877251334487,0.2,8.029111862182617,2.5627868218453333e-07,0.20596562184024267
20380,0.13781168460845947,0.0994096577167511,0.019209139049053192,0.4802285645157099,0.08683620480587706,0.8,2.301575183868408,2.5579758520072444e-07,0.20606673407482307
20390,-0.042692771553993224,0.11561023220419883,0.013640333712100983,0.34100861214101313,0.11612265332369134,0.5,5.315559519658564e-06,2.553167849458761e-07,0.20616784630940344
20400,0.41030736044049265,0.26472742184996606,0.04103744029998779,1.025935836881399,0.12698630336672068,0.4,0.13218756020069122,2.548362820042064e-07,0.20626895854398383
20410,0.032924336940050127,0.051416238816455004,0.012251415103673936,0.3159165490418673,0.1312186172697693,0.6,1.1249381941524916e-06,2.543560769595715e-07,0.2063700707785642
20420,0.03275907523930073,0.04408023059368134,0.027866578102111815,0.6966647695749998,0.11421964954352007,0.8,9.085288183996454e-07,2.5387617039546584e-07,0.2064711830131446
20430,0.172962686419487,0.11569592580199242,0.036588194966316226,0.9147051371634006,0.11451890262542293,0.6,0.49950748682022095,2.53396562895021e-07,0.20657229524772497
20440,0.010667904466390609,0.02129510324448347,0.013743261992931365,0.3435815528035164,0.08103216567542404,0.7,0.00014560225827153772,2.5291725504100557e-07,0.20667340748230537
20450,0.12631158549338578,0.1388566166162491,0.03261867761611938,0.8154673658311367,0.1595233167638071,0.5,7.235024452209473,2.5243824741582335e-07,0.20677451971688574
20460,0.444771820306778,0.4018497196026146,0.018522423505783082,1.0739232636988163,0.11755250814603642,0.4,3.688106060028076,2.519595406015143e-07,0.20687563195146613
20470,-0.014795923233032226,0.029251206666231155,0.015320692956447602,0.383017610758543,0.10265103791607544,0.8,0.00042476426460780203,2.514811351797521e-07,0.2069767441860465
20480,0.17369175064377487,0.14776157112792135,0.03413796424865723,0.8534490335732698,0.1498277365928516,0.5,1.6683743524481542e-05,2.5100303173184445e-07,0.2070778564206269
20490,0.01127119418233633,0.044225578755140306,0.025291961431503297,0.6323000740259885,0.15395149455871432,0.7,6.537980079650879,2.5052523083873193e-07,0.20717896865520727
20500,0.0,0.0,0.019763480126857757,0.4940868131816387,0.06485764543758706,1.0,0.054386574774980545,2.500477330809881e-07,0.20728008088978767
20510,-0.050467029213905334,0.17060131579637527,0.0039658226072788235,0.2660555511713028,0.13234912015032024,0.6,1.4016177374287508e-06,2.495705390388173e-07,0.20738119312436804
20520,-0.029103867150843142,0.10767673254013062,0.016896694898605347,0.41854817322455345,0.17286773776868358,0.6,1.2640429076782311e-06,2.490936492920557e-07,0.20748230535894843
20530,0.12158489339053631,0.07170133329927922,0.02287432551383972,0.5718582838773727,0.10956695266067981,0.8,0.3618873953819275,2.486170644201692e-07,0.20758341759352883
20540,0.2069451965391636,0.13440999984741211,0.02873866558074951,0.7184667594730854,0.12110487285535783,0.6,4.499977876548655e-06,2.4814078500225325e-07,0.2076845298281092
20550,0.05191638693213463,0.05756296366453171,0.031444665789604184,0.7861166127026081,0.1718735481495969,0.5,3.6839513778686523,2.476648116170321e-07,0.2077856420626896
20560,0.15294810924679042,0.16437160782516003,0.01871824115514755,0.46795600317418573,0.12524341114331036,0.6,0.9220525026321411,2.4718914484285877e-07,0.20788675429726997
20570,0.21966691613197326,0.32215328700840473,0.04029705226421356,1.0074260525405407,0.1378051704610698,0.4,0.00606790604069829,2.467137852577129e-07,0.20798786653185036
20580,0.12629723250865937,0.13282613605260848,0.033756986260414124,0.8439248912036419,0.16318183155963198,0.4,6.59807825088501,2.462387334392012e-07,0.20808897876643073
20590,0.15750987147912382,0.11555432099848986,0.022638395428657532,0.565959744155407,0.13372298290487378,0.6,0.01033787988126278,2.4576398996455656e-07,0.20819009100101113
20600,0.09268875569105148,0.07014595456421376,0.01594899445772171,0.39822654761374,0.10171012594364584,0.7,1.5768221146572614e-06,2.452895554106368e-07,0.2082912032355915
20610,0.1444917529821396,0.11859363317489624,0.031225669384002685,0.7806420866400003,0.10113917984999717,0.5,0.4054052531719208,2.44815430353925e-07,0.2083923154701719
20620,0.3397991611622274,0.24784680642187595,0.02324986904859543,0.5812470465898514,0.10688316517043858,0.6,0.00014514237409457564,2.4434161537052775e-07,0.20849342770475227
20630,-0.0019196994602680207,0.010352774709463119,0.02447858303785324,0.6119648512452841,0.12867724049137905,0.8,0.13418161869049072,2.438681110361747e-07,0.20859453993933266
20640,0.13596841394901277,0.19893313497304915,0.01658041775226593,0.41451058313250544,0.1770629707723856,0.6,1.4316669876279775e-06,2.433949179262183e-07,0.20869565217391303
20650,0.12015385441482067,0.11899139806628227,0.022653619945049285,0.5993146155029535,0.1899524037260562,0.5,1.590046053934202e-06,2.429220366156331e-07,0.20879676440849343
20660,0.17209902107715608,0.09902320336550474,0.02515738606452942,0.6289362899959088,0.09277052028337493,0.7,0.04455815255641937,2.424494676790141e-07,0.2088978766430738
20670,0.027845815941691398,0.11887041479349136,0.017291255295276642,0.4522367283701897,0.12238473003963009,0.7,3.4845313621190144e-06,2.4197721169057743e-07,0.2089989888776542
20680,0.17515826374292373,0.11020380929112435,0.02105627804994583,0.5264070119708777,0.0894269354408607,0.7,2.3528199195861816,2.415052692241585e-07,0.2091001011122346
20690,0.11556637454777956,0.09838184099644423,0.024391108751297,0.6097777899354696,0.13124304129742087,0.6,9.966614723205566,2.41033640853212e-07,0.20920121334681496
20700,-0.01313350684940815,0.15820586010813714,0.016608189046382903,0.4152054898440838,0.14508448239648714,0.5,2.955961227416992,2.405623271508108e-07,0.20930232558139536
20710,0.33478056827443653,0.25919997848104687,0.01569008529186249,0.39225227385759354,0.1568374814814888,0.6,1.7879045009613037,2.400913286896452e-07,0.20940343781597573
20720,0.05276976525783539,0.12785049080848693,0.01855846345424652,0.46396552622318266,0.12461444572545588,0.7,23.781776428222656,2.3962064604202325e-07,0.20950455005055613
20730,0.0544885203242302,0.16978320181369783,0.032275843620300296,0.8068964123725891,0.16975221870234236,0.6,1.3136935234069824,2.3915027977986856e-07,0.2096056622851365
20740,0.08019385859370232,0.07968373745679855,0.009367679804563522,0.23419218622148036,0.08654342140071095,0.8,9.940797554008896e-07,2.3868023047472047e-07,0.2097067745197169
20750,0.026595817133784293,0.12977244406938554,0.020421580970287324,0.5244095519185066,0.10520719859050587,0.6,3.5449349880218506,2.382104986977332e-07,0.20980788675429726
20760,0.21254203617572784,0.19605457484722139,0.02815461754798889,0.7038654908537865,0.106031241430901,0.7,2.2383497707778588e-05,2.3774108501967488e-07,0.20990899898887766
20770,0.15675808414816855,0.20516088046133518,0.01950545310974121,0.7408701281994581,0.19821484022540972,0.3,2.960189021905535e-06,2.3727199001092797e-07,0.21001011122345803
20780,0.045147199928760526,0.059534524008631705,0.013897450268268585,0.39496421366930007,0.12580680216196924,0.7,2.1718162770412164e-06,2.3680321424148675e-07,0.21011122345803843
20790,0.005835669115185738,0.025669870944693685,0.015390343964099884,0.4323828607797623,0.12247801856137812,0.7,1.392188005411299e-05,2.363347582809579e-07,0.2102123356926188
20800,0.06107112495228648,0.08249406572431325,0.014707009494304656,0.36767523027956484,0.08616808974184095,0.7,0.3038387894630432,2.3586662269855989e-07,0.2103134479271992
20810,0.1392800260335207,0.10898432657122611,0.020172807574272155,0.504320302605629,0.0934506083605811,0.7,2.4087131023406982,2.3539880806312129e-07,0.21041456016177956
20820,0.09225293546915055,0.13413826674222945,0.025361266732215882,0.6340318314731122,0.1135014897910878,0.7,1.1357709581716335e-06,2.3493131494308138e-07,0.21051567239635996
20830,0.33370632492005825,0.22895481437444687,0.034471213817596436,0.8644386157393456,0.14257089287275448,0.4,8.1692476272583,2.344641439064881e-07,0.21061678463094036
20840,-0.001863481104373932,0.13209900334477426,0.008579115569591522,0.2144789218902588,0.10715177456149831,0.8,4.094821929931641,2.3399729552099838e-07,0.21071789686552073
20850,0.11627257466316224,0.08850070387125016,0.011479569226503372,0.3184821207076311,0.09952400201000274,0.5,0.0005122115835547447,2.335307703538771e-07,0.21081900910010112
20860,0.02680457232054323,0.05151490969583392,0.01644548326730728,0.4117254622280598,0.09760339357890188,0.6,6.695934295654297,2.3306456897199617e-07,0.2109201213346815
20870,0.02821718920022249,0.04464555978775024,0.006508632004261017,0.16271584965288638,0.09285417506471276,0.8,4.8372141463914886e-05,2.3259869194183411e-07,0.2110212335692619
20880,0.354147292394191,0.20295319468714296,0.02626415491104126,0.6608641624450684,0.09690942984307185,0.7,6.411135836970061e-05,2.3213313982947587e-07,0.21112234580384226
20890,0.0955173259600997,0.06451766416430474,0.022753192484378813,0.5688297547399997,0.11384156103013084,0.6,5.746789611293934e-06,2.3166791320061092e-07,0.21122345803842266
20900,0.26639354042708874,0.17229562252759933,0.03012172281742096,0.61560149025172,0.11631551686441526,0.5,4.047349193569971e-06,2.3120301262053348e-07,0.21132457027300303
20910,0.038296669721603394,0.02188381105661392,0.025140714645385743,0.6379565436393022,0.06623476931126789,0.9,1.0084996802106616e-06,2.3073843865414161e-07,0.21142568250758342
20920,0.1713960025459528,0.28552386350929737,0.04612681269645691,1.208086369931698,0.1709422333398834,0.4,1.7421695019947947e-06,2.3027419186593628e-07,0.2115267947421638
20930,0.04783294796943664,0.02733311280608177,0.017730888724327088,0.4962054640054703,0.06791644928744063,0.7,0.027654681354761124,2.2981027282002152e-07,0.2116279069767442
20940,0.011990674352273346,0.020103222224861383,0.026897799968719483,0.6724442947655916,0.14050863566808403,0.7,7.834437383280601e-06,2.2934668208010232e-07,0.21172901921132456
20950,0.124672981351614,0.15615835208445789,0.031653675436973575,0.8677271667867898,0.20917518446221947,0.3,0.23036804795265198,2.2888342020948553e-07,0.21183013144590496
20960,0.1290036147518549,0.20771137381670995,0.030428704619407655,0.760717398673296,0.15763719654642044,0.4,4.6354103687917814e-05,2.284204877710778e-07,0.21193124368048533
20970,0.013135985285043717,0.16349179446697235,0.01782069057226181,0.4261205154180061,0.1289220869075507,0.6,2.0923352241516113,2.2795788532738553e-07,0.21203235591506572
20980,0.30319472029805183,0.18866174146533013,0.032660219073295596,0.8165055546909571,0.14238087116973475,0.5,4.061469554901123,2.2749561344051466e-07,0.21213346814964612
20990,0.3721112012863159,0.21263496577739716,0.04138582646846771,1.0346456348896027,0.10153802509885282,0.7,0.22561344504356384,2.2703367267216895e-07,0.2122345803842265
21000,0.09353699311614036,0.14233164265751838,0.00654471293091774,0.40757661163806913,0.1283750172238797,0.6,0.036381907761096954,2.2657206358364995e-07,0.2123356926188069
21010,0.021544761955738068,0.06057527214288712,0.01727043092250824,0.43176084756851196,0.12707997693214565,0.6,9.783769883142668e-07,2.2611078673585627e-07,0.21243680485338726
21020,0.3001445606350899,0.22994547411799432,0.04113625586032867,1.0330971647053957,0.11986198204103857,0.6,0.27394258975982666,2.256498426892826e-07,0.21253791708796765
21030,0.24965857695788146,0.2454634543508291,0.033222702145576474,0.8305675882846117,0.1461865866323933,0.4,2.9834370613098145,2.251892320040198e-07,0.21263902932254802
21040,0.1659945033490658,0.13424211628735067,0.02341427654027939,0.5853565819561481,0.12120938114821911,0.5,28.800451278686523,2.247289552397531e-07,0.21274014155712842
21050,0.025461284816265105,0.05490065608173609,0.01514344960451126,0.3785861924290657,0.10005061220144854,0.7,22.67182159423828,2.2426901295576212e-07,0.2128412537917088
21060,0.0855930894613266,0.15311357378959656,0.019553034007549285,0.62813640832901,0.07671863730065524,0.8,0.8188544511795044,2.238094057109201e-07,0.2129423660262892
21070,0.22765121310949327,0.17891467958688737,0.01959522217512131,0.4734106495976448,0.07288960565347224,0.7,2.690250084924628e-06,2.2335013406369302e-07,0.21304347826086956
21080,0.15948602482676505,0.18928944431245326,0.015018454194068909,0.3754611823707819,0.15167667762143539,0.5,5.222901344299316,2.2289119857213966e-07,0.21314459049544995
21090,0.3070452809333801,0.2379872441291809,0.029915320873260497,0.977186780795455,0.13653559712693095,0.4,1.2319555282592773,2.224325997939095e-07,0.21324570273003032
21100,0.10089758634567261,0.0840043529868126,0.03360599577426911,0.8401502475142479,0.08347941145766527,0.8,6.541672973980894e-06,2.2197433828624368e-07,0.21334681496461072
21110,-0.07106047980487347,0.29397484604269264,0.02809833884239197,0.7268324971199036,0.16165273047517986,0.4,0.049080539494752884,2.2151641460597293e-07,0.2134479271991911
21120,0.15338476281613111,0.10568773943232372,-0.002633909322321415,0.30126313827931883,0.12206310979090632,0.5,1.710175524749502e-06,2.2105882930951768e-07,0.2135490394337715
21130,-0.006558026373386383,0.09319203011691571,0.013548240065574646,0.22561623714864254,0.13355462059844286,0.6,3.3419361114501953,2.206015829528871e-07,0.21365015166835188
21140,0.10536344945430756,0.22640578132122754,0.030213817954063416,0.7189997840672732,0.18844185228226706,0.4,2.445152521133423,2.2014467609167901e-07,0.21375126390293225
21150,0.1301234323065728,0.07597268498502671,0.017149244248867036,0.42873135581612587,0.12342628812184557,0.7,1.6805367977212882e-06,2.1968810928107806e-07,0.21385237613751265
21160,0.08252796977758407,0.12592174261808395,0.02487989664077759,0.6219975881278514,0.07911637725774198,0.8,2.3988698103494244e-06,2.1923188307585605e-07,0.21395348837209302
21170,0.011358733475208282,0.13284088894724846,0.03191772699356079,0.9028382901102304,0.13955303260590882,0.4,2.370592028455576e-06,2.1877599803037078e-07,0.21405460060667342
21180,0.060073261894285676,0.15346955694258213,0.015578219294548034,0.38945520110428333,0.15069201592123135,0.6,2.995285740325926e-06,2.1832045469856543e-07,0.2141557128412538
21190,0.08658177591860294,0.16868939101696015,0.024824850261211395,0.6206226453185082,0.13706584194442256,0.5,1.7322602161584655e-06,2.1786525363396842e-07,0.21425682507583418
21200,0.13896404039114713,0.09691740106791258,0.02081829011440277,0.5204569052904844,0.13860231916187332,0.6,1.6730125480535207e-06,2.174103953896918e-07,0.21435793731041455
21210,0.1051559632178396,0.0652214989066124,0.015398523211479187,0.38496352955698965,0.09134557821089402,0.8,1.4624655477746273e-06,2.1695588051843127e-07,0.21445904954499495
21220,0.14953261837363244,0.15765345245599746,0.02207869440317154,0.5519673898816109,0.10771021229447797,0.7,1.2508202189565054e-06,2.1650170957246507e-07,0.21456016177957532
21230,0.08323745131492614,0.07980861216783523,0.018163371086120605,0.45408482365310193,0.12063448701519519,0.6,1.6422504813817795e-06,2.1604788310365402e-07,0.21466127401415572
21240,0.06185735939070582,0.06704076193273067,0.026653432846069337,0.6663361359387636,0.16850646859966217,0.5,2.1211117200437e-06,2.155944016634398e-07,0.2147623862487361
21250,0.0335544504225254,0.07026459686458111,0.016997574269771575,0.44771018959581854,0.1148001252207905,0.7,1.3387541457632324e-06,2.1514126580284537e-07,0.21486349848331648
21260,0.1916555270552635,0.11761479936540127,0.00868217870593071,0.6595311313867569,0.10228473410243169,0.6,0.3756224811077118,2.146884760724734e-07,0.21496461071789685
21270,0.028718717396259308,0.02193578816950321,0.01718262434005737,0.4295656159520149,0.09128375414293259,0.8,2.6362979412078857,2.142360330225062e-07,0.21506572295247725
21280,0.09203938664868475,0.12408306114375592,0.01396726667881012,0.6076389834284782,0.14036740226438268,0.7,1.2344639799266588e-06,2.1378393720270466e-07,0.21516683518705762
21290,0.21577736884355544,0.13537634182721375,0.025352996587753297,0.6334731334180106,0.08223906450439245,0.6,0.4518643319606781,2.1333218916240757e-07,0.21526794742163802
21300,0.002207960933446884,0.05891456976532936,0.004362682625651359,0.10906715095043182,0.10636581071885302,0.7,8.066755299296346e-07,2.128807894505319e-07,0.21536905965621841
21310,0.0653804201632738,0.06830866374075413,0.023822328448295592,0.5955585427582264,0.12581014209426938,0.7,1.0934262490991387e-06,2.124297386155706e-07,0.21547017189079878
21320,0.019731956720352172,0.03648623302578926,0.01495867520570755,0.3739669594913721,0.1372462946921587,0.7,1.4832864999771118,2.1197903720559303e-07,0.21557128412537918
21330,0.21256222277879716,0.24211980774998665,0.020949774980545045,0.5237444434314966,0.12215253034373745,0.5,0.8652830719947815,2.1152868576824378e-07,0.21567239635995955
21340,0.24979916512966155,0.1427423819899559,0.03447453379631042,0.869277585670352,0.09815462202532217,0.8,3.136906862258911,2.1107868485074226e-07,0.21577350859453995
21350,0.02637181095778942,0.03459756299853325,0.028006535768508912,0.7128980815410614,0.13674687907332556,0.6,1.229998247254116e-06,2.1062903499988234e-07,0.21587462082912032
21360,-0.031203215196728706,0.059822978079319,0.010851342976093293,0.2712837368249893,0.1090662949369289,0.8,0.006879768334329128,2.1017973676203077e-07,0.21597573306370071
21370,-0.04150048196315766,0.09670558497309685,0.01049155816435814,0.2622890666127205,0.1308907164959237,0.6,3.861686944961548,2.097307906831271e-07,0.21607684529828108
21380,0.08265706440433859,0.08085486739873886,0.010171350091695786,0.5655315596610307,0.11758688697591424,0.7,1.2920376093461527e-06,2.0928219730868356e-07,0.21617795753286148
21390,0.294551745429635,0.17677906528115273,0.02533051371574402,0.6332629926502704,0.13802923648618162,0.6,6.27032470703125,2.08833957183783e-07,0.21627906976744185
21400,0.15151468887925149,0.13709386438131332,0.028485462069511414,0.712137120962143,0.1287777089746669,0.6,7.918215487734415e-06,2.083860708530798e-07,0.21638018200202225
21410,0.5271505512297153,0.3578798118978739,-0.005176793783903122,0.5776326980441808,0.09313096813857555,0.5,34.7529296875,2.0793853886079793e-07,0.21648129423660262
21420,0.05063597820699215,0.09569229483604431,0.03185904324054718,0.7964769009500742,0.1372940270928666,0.6,5.567963853536639e-06,2.074913617507309e-07,0.21658240647118301
21430,0.011955417133867741,0.04563605505973101,0.021209995448589324,0.5302500339224935,0.15321686186362057,0.6,0.6046606302261353,2.070445400662411e-07,0.21668351870576338
21440,0.04319682866334915,0.04181195795536041,0.012545384466648102,0.3136342834681273,0.0895879869000055,0.8,3.700604565892718e-06,2.0659807435025907e-07,0.21678463094034378
21450,0.36753731071949003,0.21002131700515747,0.043518611788749696,0.6189299181103707,0.09625600576400757,0.7,5.713611699320609e-06,2.061519651452825e-07,0.21688574317492418
21460,0.12290552109479905,0.16290779113769532,0.026104536652565003,0.6526133611798286,0.13686616090126336,0.6,4.903364242636599e-06,2.0570621299337653e-07,0.21698685540950455
21470,0.1098368349019438,0.11401243060827256,0.022243018448352813,0.556076030805707,0.15609561128076166,0.6,0.03618791699409485,2.052608184361718e-07,0.21708796764408494
21480,0.19501996636390687,0.13323763012886047,0.008790601789951325,0.2197651296854019,0.07414922669995576,0.7,1.6844421679707011e-06,2.0481578201486482e-07,0.21718907987866531
21490,0.09981961399316788,0.06273112297058106,0.02804478108882904,0.7011195022612811,0.10943613591371104,0.7,1.5607012073814985e-06,2.0437110427021675e-07,0.2172901921132457
21500,0.016673080623149872,0.05315057635307312,0.018674866855144502,0.466871951892972,0.14148746808059515,0.7,1.615649125596974e-06,2.039267857425528e-07,0.21739130434782608
21510,0.15049086562357844,0.10049558631144465,0.04729942679405212,1.1824857018887998,0.12458376991562545,0.5,1.7172951698303223,2.0348282697176218e-07,0.21749241658240648
21520,0.027231353521347045,0.05474655628204346,0.018080602586269378,0.4520153135061264,0.11429955856874585,0.7,0.033845204859972,2.0303922849729638e-07,0.21759352881698685
21530,0.004731462523341179,0.02173365969210863,0.01514350324869156,0.37858779914677143,0.12097305291099474,0.8,1.1661355756587e-06,2.025959908581697e-07,0.21769464105156724
21540,0.10223478581756354,0.08897259384393692,0.027196004986763,0.6799002669751644,0.1520756663638167,0.5,1.4505043029785156,2.0215311459295754e-07,0.21779575328614761
21550,0.14813870191574097,0.2315255731344223,0.04242672026157379,1.0606686916202306,0.15049429334467276,0.5,1.0567930936813354,2.0171060023979604e-07,0.217896865520728
21560,0.135998672246933,0.10720030069351197,0.014636117219924926,0.32389553263783455,0.09086136318510399,0.8,0.04150222986936569,2.0126844833638228e-07,0.21799797775530838
21570,0.05848683440126479,0.03442594208754599,0.01262582391500473,0.31564582511782646,0.08551623864332214,0.7,2.0019867861265084e-06,2.0082665941997234e-07,0.21809908998988878
21580,0.04415864646434784,0.10271659195423126,0.01908351927995682,0.47708818800747393,0.10414294977672398,0.7,1.2097863191229408e-06,2.0038523402738146e-07,0.21820020222446915
21590,-0.0036000896245241163,0.004967608163133264,0.014978398382663728,0.38451155833899975,0.07708478854037822,0.8,6.6845736910181586e-06,1.9994417269498298e-07,0.21830131445904954
21600,0.02979506216943264,0.18600377924740313,0.017521753907203674,0.640329772233963,0.18023335447069258,0.5,27.351940155029297,1.9950347595870798e-07,0.21840242669362994
21610,0.19813075214624404,0.21969836354255676,0.028123661875724792,0.8531211711466312,0.13265403436962514,0.5,2.0501530170440674,1.990631443540448e-07,0.2185035389282103
21620,0.04946239553391933,0.19336147457361222,0.017094580829143523,0.42736460641026497,0.12299088439904153,0.6,6.123579502105713,1.9862317841603776e-07,0.2186046511627907
21630,0.2547127097845078,0.2729290209710598,0.04933958351612091,1.2334891129285097,0.165865223237779,0.2,5.341968059539795,1.9818357867928691e-07,0.21870576339737108
21640,0.08569544535130262,0.09170667938888073,0.029468479752540588,0.736711858958006,0.17570130046224222,0.4,0.12476002424955368,1.977443456779474e-07,0.21880687563195148
21650,0.2212104294449091,0.24172011334449053,0.03818545639514923,0.9546366039663553,0.16069179973565043,0.4,2.2651567459106445,1.9730547994572856e-07,0.21890798786653184
21660,0.06900774212554098,0.07080738302320241,0.01368214339017868,0.34205369614064696,0.15743875704938545,0.6,1.0574148893356323,1.968669820158939e-07,0.21900910010111224
21670,-0.002292661741375923,0.0062741003930568695,0.0028091613203287125,0.06964008385912165,0.0691294611315243,0.8,1.5026503206172492e-06,1.9642885242125962e-07,0.2191102123356926
21680,0.12889409745112063,0.1612355848774314,0.029323375225067137,0.7330840192735195,0.16328632520744576,0.5,1.285943653783761e-06,1.9599109169419465e-07,0.219211324570273
21690,0.029604501277208328,0.1556023634970188,0.02389407455921173,0.5996548576862551,0.1677014971151948,0.5,9.71557710727211e-07,1.9555370036661945e-07,0.21931243680485338
21700,0.06760943084955215,0.05174842923879623,0.02532616853713989,0.6878215074539185,0.08392516985768453,0.7,0.7039675712585449,1.9511667897000573e-07,0.21941354903943378
21710,0.12852127477526665,0.08901770785450935,0.013302220404148102,0.6438480380922555,0.11760945516871288,0.6,3.3544890811754158e-06,1.9468002803537547e-07,0.21951466127401414
21720,0.100840375572443,0.08473016619682312,0.021208688616752625,0.5302172016352416,0.15929914261214434,0.4,8.634322057332611e-07,1.9424374809330112e-07,0.21961577350859454
21730,0.11986994668841362,0.08686719164252281,0.017766451835632323,0.4441610500216484,0.0709411541116424,0.7,0.041040461510419846,1.938078396739038e-07,0.2197168857431749
21740,0.01913901651278138,0.0525934137403965,0.028639623522758485,0.7159908007830381,0.1510718706762418,0.6,5.627114295959473,1.9337230330685328e-07,0.2198179979777553
21750,0.13949834275990725,0.18363437047228218,0.022889575362205504,0.5722785823047161,0.1294074622564949,0.5,10.675440788269043,1.9293713952136736e-07,0.2199191102123357
21760,0.06917343325912953,0.0538816973567009,0.00759967640042305,0.1899920217692852,0.06951526923803612,0.8,0.0005938130198046565,1.925023488462109e-07,0.22002022244691607
21770,0.1468045542947948,0.09785735690966249,0.02692323923110962,0.6730808105319739,0.1518275540554896,0.5,1.4426634606934385e-06,1.9206793180969588e-07,0.22012133468149647
21780,0.4471717908978462,0.3401890382170677,0.026168358325958253,0.8976700689643622,0.1480053714592941,0.3,4.243433952331543,1.916338889396798e-07,0.22022244691607684
21790,0.10633656270802021,0.14227691739797593,0.0243287518620491,0.6082188971340656,0.1458162189112045,0.5,0.046046122908592224,1.9120022076356573e-07,0.22032355915065724
21800,0.04088592706248164,0.15894543379545212,0.019948481023311614,0.4987117569893599,0.14390661235665902,0.5,15.760910987854004,1.9076692780830113e-07,0.2204246713852376
21810,-0.0012696059420704842,0.02921494357287884,0.009593681246042252,0.23984213024377823,0.16054075048305094,0.7,1.5541451148237684e-06,1.9033401060037817e-07,0.220525783619818
21820,0.19458005130290984,0.17564872801303863,0.017557686567306517,0.5717723038047552,0.0937174943392165,0.5,1.4257457223720849e-06,1.899014696658318e-07,0.22062689585439837
21830,-0.03982970267534256,0.07510587573051453,0.03223892748355865,0.8059729777276516,0.10005290943663567,0.8,0.006649826653301716,1.8946930553024033e-07,0.22072800808897877
21840,0.027629518508911134,0.05025810301303864,0.015188302099704742,0.3797071915119886,0.06957011943450198,0.8,1.596347033228085e-06,1.8903751871872376e-07,0.22082912032355914
21850,0.08138893479481339,0.07755151808960363,0.04151826202869415,1.0379571944475174,0.16873725559562444,0.4,6.2743821144104,1.8860610975594383e-07,0.22093023255813954
21860,0.0407704253681004,0.06337744109332562,0.017551863193511964,0.4387966558337212,0.13671409259550274,0.6,0.057129327207803726,1.8817507916610303e-07,0.2210313447927199
21870,0.04777109995484352,0.12857966348528863,0.018964686989784242,0.47411754094064235,0.20536983923520893,0.4,17.068920135498047,1.8774442747294405e-07,0.2211324570273003
21880,0.3116331845521927,0.17807610034942628,0.04235357940196991,1.058839089795947,0.05168382984120399,0.7,1.2594783811437082e-06,1.8731415519974962e-07,0.22123356926188067
21890,0.1355710208415985,0.09531094580888748,0.035937973856925966,0.8984502132982015,0.09810947891091928,0.8,8.566937446594238,1.86884262869341e-07,0.22133468149646107
21900,0.40724028563126924,0.29142581298947334,0.06423307657241821,1.6058281745761633,0.08495692188153044,0.6,0.23040525615215302,1.8645475100407786e-07,0.22143579373104147
21910,0.14305219426751137,0.1509299162775278,0.03295004963874817,0.8237514439970255,0.09856516097206622,0.6,0.2579450309276581,1.8602562012585766e-07,0.22153690596562184
21920,0.045625643152743575,0.035457859933376315,0.038354650139808655,0.9686264842748642,0.1265075609087944,0.6,1.2666066884994507,1.8559687075611462e-07,0.22163801820020224
21930,0.00122649148106575,0.0031314030289649963,0.029317647218704224,0.7329413566738368,0.10074342814041301,0.9,0.022872036322951317,1.8516850341582013e-07,0.2217391304347826
21940,0.20460403002798558,0.22574796676635742,0.03105878531932831,0.7764700211584568,0.12250312810065225,0.5,1.2465292229535407e-06,1.8474051862548068e-07,0.221840242669363
21950,0.06481190770864487,0.06989570800215006,0.02184211164712906,0.5460526879876852,0.1165996459312737,0.6,0.882887601852417,1.843129169051379e-07,0.22194135490394337
21960,0.13001955673098564,0.09671288579702378,0.026316747069358826,0.6579187199473381,0.14759469552664087,0.6,0.014272252097725868,1.838856987743686e-07,0.22204246713852377
21970,0.14186986088752745,0.17511752098798752,0.0318607360124588,0.7965174440294505,0.1132370542967692,0.6,1.6277709846690414e-06,1.834588647522828e-07,0.22214357937310414
21980,0.167880180478096,0.10777617916464806,0.017945337295532226,0.44863366782665254,0.07541416783351451,0.6,2.09516978263855,1.8303241535752434e-07,0.22224469160768454
21990,0.17010166347026826,0.18442458808422088,0.033845528960227966,0.8461380910128355,0.10889723176369444,0.6,2.303924929947243e-06,1.8260635110826933e-07,0.2223458038422649
22000,0.015299735963344574,0.16421632170677186,0.021812455356121065,0.5453113421797753,0.15191855021985248,0.7,3.9659433364868164,1.8218067252222597e-07,0.2224469160768453
22010,0.13115013986825944,0.1867157880216837,0.0031996682286262513,0.5320056583732367,0.11773091800278053,0.5,25.897891998291016,1.8175538011663387e-07,0.22254802831142567
22020,0.1208921879529953,0.1686179220676422,0.02716992497444153,0.6792481441050768,0.10574297964340076,0.7,9.37247591537016e-07,1.813304744082633e-07,0.22264914054600607
22030,0.10935738645493984,0.07703917529433965,0.033549219369888306,0.8387316811829806,0.10729240833315998,0.6,5.701463578589028e-06,1.8090595591341507e-07,0.22275025278058644
22040,-0.050626945495605466,0.09587927162647247,0.03010261356830597,0.7525648698210716,0.1362151227192953,0.7,1.1589391988309217e-06,1.80481825147919e-07,0.22285136501516684
22050,0.06436956245452166,0.10847765058279038,0.014718028903007507,0.3679508756846189,0.12104019385296852,0.7,0.00016744821914471686,1.8005808262713395e-07,0.22295247724974723
22060,0.00928562432527542,0.018746957741677762,0.0005848465021699667,0.014621172845363618,0.06686242541763932,0.8,3.912774445780087e-06,1.796347288659471e-07,0.2230535894843276
22070,0.13694343687966465,0.2108994111418724,0.027239862084388732,0.6809965074062347,0.2107614401029423,0.4,1.4642308769907686e-06,1.79211764378773e-07,0.223154701718908
22080,0.18502799272537232,0.1600568950176239,0.024535602331161498,0.6133902084082365,0.14459656794788317,0.7,0.05004725977778435,1.7878918967955365e-07,0.22325581395348837
22090,-0.06285466440021992,0.039272549003362654,0.004462071135640145,0.1115517757833004,0.09712756196968257,0.8,0.03540341183543205,1.783670052817569e-07,0.22335692618806877
22100,0.20811990797519683,0.1709248710423708,0.020360194146633148,0.5090049393475056,0.16997713556047528,0.4,1.2557742365970626e-06,1.7794521169837689e-07,0.22345803842264914
22110,0.19219309150939806,0.22540000593289733,0.0006958848796784877,0.5478572066873312,0.13617854949552566,0.5,0.03464494273066521,1.7752380944193247e-07,0.22355915065722953
22120,0.12866434082388878,0.1274480476975441,0.020420409739017487,0.5105106230825186,0.1281505335820839,0.6,9.062250683200546e-07,1.7710279902446706e-07,0.2236602628918099
22130,0.4125379052944481,0.26245477199554446,0.02948228418827057,0.7432052724063396,0.11700165437068791,0.4,0.4728282392024994,1.7668218095754794e-07,0.2237613751263903
22140,0.20678255427628756,0.1365347057580948,0.02879658043384552,0.7199147652834654,0.1484864828758873,0.5,2.714077949523926,1.7626195575226594e-07,0.22386248736097067
22150,0.032036421447992326,0.11031297296285629,0.013256631791591644,0.3314158286899328,0.12653105015633628,0.6,0.09378331154584885,1.7584212391923426e-07,0.22396359959555107
22160,0.007326659373939037,0.010244355257600545,0.01497596800327301,0.3743994042277336,0.11826062800828367,0.7,0.021039433777332306,1.7542268596858812e-07,0.22406471183013144
22170,0.2676238030195236,0.17986209988594054,0.013147985935211182,0.7593499079346657,0.09209285948891192,0.7,0.021697543561458588,1.750036424099841e-07,0.22416582406471183
22180,0.037477876991033554,0.11077403202652931,0.022449313104152678,0.5612327288836241,0.10890759290196002,0.6,2.0260636119928677e-06,1.7458499375259955e-07,0.2242669362992922
22190,0.12017528153955936,0.0835845765657723,0.03094829022884369,0.773708051815629,0.10399877217132598,0.6,1.7897391444421373e-06,1.7416674050513242e-07,0.2243680485338726
22200,0.07814593259245158,0.11210883054882288,0.019782227277755738,0.49455587305128573,0.17790168448118493,0.5,0.009737824089825153,1.7374888317579968e-07,0.224469160768453
22210,0.01724797496572137,0.016055982932448386,0.022295495867729186,0.5573876835405827,0.10002486079465597,0.7,0.002990066772326827,1.7333142227233727e-07,0.22457027300303337
22220,0.11476464867591858,0.11969276666641235,0.012464174628257751,0.31160463616251943,0.09385722519364208,0.7,1.686402470113535e-06,1.7291435830199952e-07,0.22467138523761376
22230,0.04324514493346214,0.11783185787498951,0.0348365992307663,0.8709150519222021,0.1681290561100468,0.5,7.5313849449157715,1.7249769177155877e-07,0.22477249747219413
22240,0.25817966312170026,0.2222420433536172,0.027095454931259155,0.834386694431305,0.13636211140546947,0.4,2.0184171199798584,1.7208142318730378e-07,0.22487360970677453
22250,0.23843692243099213,0.14087138324975967,0.010297739505767822,0.5680309660732746,0.09703350473428145,0.6,2.5436099804210244e-06,1.7166555305504048e-07,0.2249747219413549
22260,0.157635697722435,0.12067445665597916,0.014361371099948884,0.5717087600380182,0.04495165008120239,0.7,2.726028014876647e-06,1.7125008188009016e-07,0.2250758341759353
22270,-0.009866215381771326,0.032605521567165854,0.020597812533378602,0.5149454209953547,0.1299747453071177,0.7,2.0009572381241014e-06,1.708350101672894e-07,0.22517694641051567
22280,0.24471783638000488,0.32817253023386,0.024244563281536104,0.4637587953358889,0.10134779014624655,0.6,0.0001878361072158441,1.7042033842098958e-07,0.22527805864509606
22290,0.06453560404479504,0.08918137699365616,0.013422606885433197,0.33556537590920926,0.11546053938800468,0.7,0.015344551764428616,1.7000606714505566e-07,0.22537917087967643
22300,0.1551809385418892,0.27925864309072496,0.02538231313228607,0.6345581509172916,0.14632401027483866,0.6,15.955577850341797,1.6959219684286679e-07,0.22548028311425683
22310,0.11135163605213165,0.06362950801849365,0.012763285636901855,0.3190008424222469,0.06656385167734698,0.8,2.6069474188261665e-05,1.6917872801731415e-07,0.2255813953488372
22320,0.0064127035439014435,0.019718014914542437,0.03341171443462372,0.8437097813934088,0.16521496674977243,0.7,1.0512374046811601e-06,1.6876566117080137e-07,0.2256825075834176
22330,0.01162053421139717,0.006640305370092392,0.0042030192911624905,0.10507544875144958,0.04732051311293617,0.9,0.00035723106702789664,1.683529968052437e-07,0.22578361981799797
22340,0.0721631564432755,0.041592156421393155,0.006102339550852776,0.15255832076072692,0.06820960633922368,0.8,1.8903751879406627e-06,1.6794073542206688e-07,0.22588473205257836
22350,0.2459925964474678,0.2121179461479187,0.023602953553199767,0.590073823183775,0.10600087257334963,0.7,1.5165313698162208e-06,1.675288775222079e-07,0.22598584428715873
22360,0.07897064238786697,0.062302890419960025,0.014037269353866576,0.3509318046271801,0.09454913818044589,0.8,9.975682360163773e-07,1.6711742360611274e-07,0.22608695652173913
22370,0.07541594915091991,0.1105896919965744,0.0190522700548172,0.47630671709775924,0.1228501224773936,0.6,0.002324912929907441,1.667063741737365e-07,0.22618806875631953
22380,0.05935911238193512,0.047366926074028017,0.01948692202568054,0.48717288188636304,0.07620086721144617,0.8,3.7335655633796705e-06,1.6629572972454332e-07,0.2262891809908999
22390,0.03062559962272644,0.03186208605766296,0.012033015489578247,0.30082583166658877,0.04893664049450308,0.8,9.643488283472834e-07,1.6588549075750462e-07,0.2263902932254803
22400,0.12508517391979695,0.1417631309479475,0.027038264274597167,0.6942827865481377,0.10724099971121177,0.6,0.02337590418756008,1.6547565777109972e-07,0.22649140546006066
22410,0.04865845385938883,0.05816860757768154,0.01417338103055954,0.3543341800570488,0.12993033132515847,0.6,5.3311309814453125,1.6506623126331427e-07,0.22659251769464106
22420,0.3266356308013201,0.20671011954545976,0.018284055590629577,0.45710134245455264,0.08045182735659182,0.7,1.2949727761224494e-06,1.6465721173164e-07,0.22669362992922143
22430,0.0839184507727623,0.07712425366044044,0.012298709154129029,0.30746785886585715,0.07943270724499599,0.8,0.017509356141090393,1.6424859967307425e-07,0.22679474216380183
22440,0.08636027257889509,0.11207571141421795,0.015007148683071136,0.375179073959589,0.12472754475893452,0.5,1.5060376199471648e-06,1.63840395584119e-07,0.2268958543983822
22450,0.19940398442558943,0.1803511768579483,0.04036159515380859,1.009040282666683,0.18026925801532342,0.3,1.2862020639659022e-06,1.6343259996078106e-07,0.2269969666329626
22460,0.09489704668521881,0.054226887226104734,0.011387605965137482,0.28469002805650234,0.06973737966036424,0.8,2.7843364023283357e-06,1.6302521329857043e-07,0.22709807886754296
22470,0.06669091060757637,0.10618770546279847,0.03175647854804993,0.7939121056348085,0.1359431438613683,0.5,13.369953155517578,1.6261823609250025e-07,0.22719919110212336
22480,0.1906097425147891,0.1921040140092373,0.022686104476451873,0.5671525247395038,0.16301946175517515,0.4,15.227726936340332,1.6221166883708625e-07,0.22730030333670373
22490,0.0375433474779129,0.13034384325146675,0.020187148451805116,0.5046786688268184,0.12451687108259649,0.7,2.908299620685284e-06,1.6180551202634602e-07,0.22740141557128413
22500,-0.002379950322210789,0.019509786367416383,0.005382466316223145,0.16246976293623447,0.0788609002600424,0.9,0.015551437623798847,1.6139976615379808e-07,0.2275025278058645
22510,0.06775111109018325,0.08581496477127075,0.009458330273628236,0.47909964583814146,0.12824574363185093,0.7,2.1036112229921855e-06,1.609944317124624e-07,0.2276036400404449
22520,0.09639470269903541,0.061324224527925256,0.0008227549493312836,0.30613559372723104,0.08659011096460745,0.7,1.3673474086317583e-06,1.6058950919485819e-07,0.2277047522750253
22530,0.015021635033190251,0.044821406900882724,0.01071050614118576,0.26776278056204317,0.11523118780460209,0.6,0.038681384176015854,1.6018499909300474e-07,0.22780586450960566
22540,0.1285727083683014,0.13487828499637544,0.02487880438566208,0.6219705644994974,0.1566915856092237,0.5,5.760889962402871e-06,1.5978090189841987e-07,0.22790697674418606
22550,0.1684421718120575,0.09625266790390015,0.03133658170700073,0.7283048957586289,0.10161364148370922,0.6,9.985363931264146e-07,1.5937721810211957e-07,0.22800808897876643
22560,0.16638074517250062,0.20484275221824647,0.022460955381393432,0.561523987352848,0.07271337477723136,0.7,0.027705486863851547,1.5897394819461813e-07,0.22810920121334682
22570,0.1249698830768466,0.14762713965028523,0.024665504693984985,0.6166377946734428,0.15702792517840863,0.5,1.2344985407253262e-06,1.5857109266592623e-07,0.2282103134479272
22580,0.027885208651423455,0.06557596325874329,0.010649431496858597,0.2662358842790127,0.1256763704586774,0.7,5.6107096672058105,1.581686520055514e-07,0.2283114256825076
22590,0.16160915532382206,0.137522204592824,0.03011144995689392,0.7527866128832101,0.15190427376655863,0.4,1.0691536772355903e-05,1.5776662670249702e-07,0.22841253791708796
22600,0.033166528679430485,0.036864353343844414,0.009637115895748139,0.24092780128121377,0.06442807810381054,0.8,2.884758487198269e-06,1.5736501724526148e-07,0.22851365015166836
22610,-0.00541621632874012,0.14929876737296582,0.025480815768241884,0.7144790630787611,0.13249213133240118,0.7,3.8697444324498065e-06,1.5696382412183851e-07,0.22861476238624873
22620,0.026897525787353514,0.10769639611244201,0.006551232933998108,0.16343431994318963,0.08348424690775573,0.8,52.5844612121582,1.5656304781971546e-07,0.22871587462082912
22630,0.19649856090545653,0.13148851841688156,-0.011043985188007355,0.25055792517960074,0.1079887595726177,0.6,5.822379112243652,1.561626888258733e-07,0.2288169868554095
22640,-0.007592244446277619,0.10615939944982529,0.013371725380420686,0.3342930655926466,0.12999024700839074,0.7,0.0008903045672923326,1.5576274762678593e-07,0.2289180990899899
22650,0.1522538423538208,0.1011195495724678,0.019270336627960204,0.48175860084593297,0.09510765351587906,0.8,0.38914406299591064,1.553632247084195e-07,0.22901921132457026
22660,0.08017270788550376,0.09347133934497834,0.009675416350364684,0.2418855160474777,0.07965220476035029,0.7,2.9395650926744565e-06,1.5496412055623237e-07,0.22912032355915066
22670,0.1202335774898529,0.16630388833582402,0.016192300617694853,0.6056366756558418,0.15476709690410645,0.4,1.0840599315997679e-06,1.5456543565517334e-07,0.22922143579373105
22680,-0.02752688303589821,0.22882796600461006,0.019080205261707305,0.4770055528730154,0.10905456907348707,0.6,1.5027785593701992e-06,1.5416717048968247e-07,0.22932254802831142
22690,-0.007286563515663147,0.05183428972959518,0.0202594593167305,0.506486626341939,0.09455153330927715,0.7,7.063936233520508,1.5376932554368937e-07,0.22942366026289182
22700,0.09888461530208588,0.05955636352300644,0.014258885383605957,0.35647235736250876,0.09862810540944338,0.7,3.5656321048736572,1.5337190130061317e-07,0.2295247724974722
22710,0.24387008547782899,0.18337353616952895,0.017653276026248933,0.4671870023012161,0.13186289196601136,0.7,0.0001357183064101264,1.5297489824336162e-07,0.2296258847320526
22720,0.07964027710258961,0.05451989471912384,0.02056921124458313,0.5142312761396169,0.11548709050985054,0.6,4.754369735717773,1.525783168543312e-07,0.22972699696663296
22730,0.19496159311383962,0.1279765809420496,0.027942481637001037,0.698562105000019,0.08281066145282238,0.6,1.9167962364008417e-06,1.5218215761540548e-07,0.22982810920121335
22740,0.09985907226800919,0.1093875851482153,0.012686379253864288,0.3171601500362158,0.08156266544247046,0.7,1.259319219570898e-06,1.517864210079554e-07,0.22992922143579372
22750,0.13857133388519288,0.10891889333724976,0.02516064643859863,0.6290161639451981,0.12461306980112567,0.6,1.8591871366879786e-06,1.513911075128382e-07,0.23003033367037412
22760,0.0606040894985199,0.05809950157999992,0.014972761273384094,0.37431897819042204,0.11036902634659781,0.7,0.05104830861091614,1.5099621761039683e-07,0.2301314459049545
22770,0.1072110041975975,0.09058265630155801,0.023254187405109407,0.5813547145575285,0.11243580654263496,0.6,0.00012384672299958766,1.5060175178046014e-07,0.2302325581395349
22780,0.20340549014508724,0.15252954997122287,0.01744733601808548,0.6889678303152322,0.09488182583590969,0.5,0.16489581763744354,1.5020771050234115e-07,0.23033367037411526
22790,0.06024150624871254,0.059805564023554324,0.010472989082336426,0.34303303621709347,0.0770025240839459,0.6,3.0806901454925537,1.4981409425483716e-07,0.23043478260869565
22800,0.021840678341686726,0.04653089949861169,0.025856328010559083,0.6558826575055718,0.18089407158549875,0.5,1.4795871265960159e-06,1.4942090351622883e-07,0.23053589484327602
22810,0.08643460720777511,0.10154759716242552,0.02798948884010315,0.6997372914105654,0.18800057417247446,0.4,0.8815292716026306,1.490281387642804e-07,0.23063700707785642
22820,0.20379506945610046,0.1457179605960846,0.022457413375377655,0.5614351406693459,0.06532721172552555,0.8,1.6267933915514732e-06,1.4863580047623763e-07,0.23073811931243682
22830,0.027789563685655595,0.12112795636057853,0.0003235824406147003,0.13181442432105542,0.10530623340746388,0.7,0.0008350239368155599,1.4824388912882895e-07,0.2308392315470172
22840,0.13541714530438184,0.11475574970245361,0.03133447170257568,0.7938832890242338,0.1157968892599456,0.6,2.0209238529205322,1.4785240519826342e-07,0.23094034378159758
22850,0.1839636478573084,0.16454645842313767,0.027186840772628784,0.6796713881194592,0.14660670061130077,0.5,2.060467522824183e-06,1.4746134916023094e-07,0.23104145601617795
22860,0.0736578818410635,0.057619450986385344,0.007605259120464325,0.1901313178241253,0.08912767629371957,0.7,12.3594388961792,1.470707214899014e-07,0.23114256825075835
22870,0.020982741797342896,0.02923403326421976,0.011297403275966645,0.282435404881835,0.09846763716777787,0.8,0.08482854813337326,1.4668052266192422e-07,0.23124368048533872
22880,0.03574804831296206,0.0787870179861784,0.006959702074527741,0.17399259619414806,0.10009914524853229,0.7,0.0003181893262080848,1.4629075315042794e-07,0.23134479271991912
22890,0.10215633064508438,0.15250383019447328,0.016102254390716553,0.6876833375543356,0.12686655210563913,0.7,0.1359597146511078,1.4590141342901924e-07,0.2314459049544995
22900,0.3834066819399595,0.24214726518839597,0.029028981924057007,0.7257249236106873,0.10498226808849723,0.5,1.0033288617705693e-06,1.455125039707825e-07,0.23154701718907988
22910,0.15830562226474285,0.18952111527323723,0.007278858870267868,0.4921619165688753,0.14114920677384363,0.5,1.7184173657369683e-06,1.4512402524827945e-07,0.23164812942366025
22920,0.12186295948922635,0.11518277414143085,0.01879642456769943,0.4699105884879827,0.10787815721705556,0.7,1.3041002750396729,1.4473597773354816e-07,0.23174924165824065
22930,0.11713464036583901,0.19634788520634175,0.01704762578010559,0.9068642500787973,0.17171679629245773,0.5,11.689826011657715,1.4434836189810335e-07,0.23185035389282102
22940,0.3297915801405907,0.20024108290672302,-0.003815862536430359,0.5466194871813059,0.08980862097814679,0.6,1.9927012999687577e-06,1.439611782129345e-07,0.23195146612740142
22950,-0.02410079538822174,0.01377188265323639,0.0003321987809613347,0.008304990082979202,0.048135661124251786,0.9,1.2145874279667623e-06,1.4357442714850632e-07,0.2320525783619818
22960,0.019771042466163635,0.05040168762207031,0.016028812527656554,0.4007206238806248,0.12404462728882208,0.7,1.0774874681374058e-06,1.4318810917475798e-07,0.23215369059656218
22970,0.1419094379991293,0.12207667678594589,0.030334141850471497,0.7754110842943192,0.14182824549498035,0.5,0.48390597105026245,1.4280222476110204e-07,0.23225480283114258
22980,0.11349490601569415,0.08232264667749405,0.007565497606992722,0.18913745768368245,0.1219987801159732,0.6,1.9143617153167725,1.424167743764247e-07,0.23235591506572295
22990,0.04237281382083893,0.024213038384914398,0.0063323892652988436,0.1583100263029337,0.046644745487719776,0.9,0.00013281598512548953,1.4203175848908437e-07,0.23245702730030335
23000,0.1662900873227045,0.10214737029746175,0.019414007663726807,0.4853506900370121,0.10864654096076265,0.6,1.1702812116709538e-05,1.4164717756691174e-07,0.23255813953488372
23010,0.19459598287940025,0.18253213427960874,0.016233262419700623,0.40583136677742004,0.1178598757716827,0.5,0.3332802653312683,1.412630320772088e-07,0.23265925176946411
23020,0.04153889827430248,0.11845843344926835,0.015632984042167664,0.39082496576011183,0.15069209048524498,0.7,0.0004973820177838206,1.408793224867484e-07,0.23276036400404448
23030,0.03172071035951376,0.056883253064006566,0.022153300046920777,0.5538324143737554,0.1553990883519873,0.6,0.014038410037755966,1.4049604926177422e-07,0.23286147623862488
23040,0.12037584623321891,0.2196075249928981,0.030212706327438353,0.7553175620734691,0.16724965103203432,0.4,16.811138153076172,1.4011321286799916e-07,0.23296258847320525
23050,0.03598878104239702,0.10754291079938412,0.025990262627601624,0.655122796818614,0.1985115825315006,0.4,4.349581241607666,1.3973081377060565e-07,0.23306370070778565
23060,0.07361422926187515,0.18989796936511993,0.01695588231086731,0.42389709763228894,0.1141888374579139,0.7,2.6429357528686523,1.393488524342445e-07,0.23316481294236602
23070,-0.014594712294638157,0.0884771327022463,0.01794278174638748,0.4485695410519838,0.09571952947881072,0.6,1.2291723123780685e-06,1.3896732932303484e-07,0.23326592517694641
23080,0.13639686070382595,0.10694954581558705,0.02510128915309906,0.6633734531700611,0.0918852899223566,0.6,2.657029628753662,1.3858624490056303e-07,0.23336703741152678
23090,0.24241805747151374,0.2479172468185425,0.030793505907058715,0.7698376938700676,0.14123444311553612,0.5,56.15825271606445,1.38205599629883e-07,0.23346814964610718
23100,0.03408041521906853,0.039468731731176376,0.012110229581594467,0.3027556989341974,0.101292991603259,0.7,3.3337996683258098e-06,1.3782539397351416e-07,0.23356926188068755
23110,0.09561809301376342,0.14610252231359483,0.03277755379676819,0.819439959526062,0.11504608268151059,0.6,1.6716285244910978e-06,1.3744562839344265e-07,0.23367037411526795
23120,0.01353004164993763,0.011472827941179275,0.018593645095825194,0.46484116092324257,0.07858630699338391,0.8,0.03865094110369682,1.370663033511193e-07,0.23377148634984835
23130,0.12175715919584036,0.09681520760059356,0.020658844709396364,0.5329611636698246,0.12326390319503844,0.6,1.5001791715621948,1.3668741930745964e-07,0.23387259858442871
23140,0.16675643026828765,0.10942237749695778,0.028619253635406496,0.7154814518988133,0.10395075085107237,0.6,0.031950145959854126,1.363089767228438e-07,0.2339737108190091
23150,-0.07664012908935547,0.04379435777664185,0.013127774000167847,0.3281945686787367,0.06746082399040461,0.9,5.171486554900184e-05,1.3593097605711505e-07,0.23407482305358948
23160,0.15690233521163463,0.09391410648822784,-0.012309016287326812,0.1284463584423065,0.08825835663592443,0.7,0.0001738555874908343,1.355534177695799e-07,0.23417593528816988
23170,0.2812454253435135,0.201370906829834,0.03052220344543457,0.7630554813891649,0.10702174204634503,0.6,0.0006955171120353043,1.3517630231900722e-07,0.23427704752275025
23180,0.1843567408621311,0.13585040681064128,0.017090912163257598,0.427272891253233,0.08440932454541325,0.6,0.1614171266555786,1.3479963016362765e-07,0.23437815975733065
23190,0.1416094072163105,0.15352113898843528,0.032790574431419375,0.8197648875415325,0.1851483783684671,0.4,1.4432586112889112e-06,1.3442340176113376e-07,0.23447927199191101
23200,0.13687667548656463,0.07821524441242218,0.022304828464984893,0.5576209120452404,0.06805274303769693,0.8,0.019259795546531677,1.3404761756867838e-07,0.2345803842264914
23210,0.2840116824954748,0.2531143266707659,0.027559113502502442,0.67727160602808,0.11823336508823559,0.5,1.099562644958496,1.3367227804287467e-07,0.23468149646107178
23220,0.0162497297860682,0.0837799534201622,0.013171790540218354,0.329295215383172,0.11450387026416138,0.8,2.082195123875863e-06,1.3329738363979558e-07,0.23478260869565218
23230,0.0,0.0,0.006468498706817627,0.16171257421374322,0.05775327227311209,1.0,0.0017287376103922725,1.3292293481497307e-07,0.23488372093023255
23240,0.09571169316768646,0.09221323430538178,0.02136237770318985,0.5340594563633203,0.11012650836491958,0.6,1.23714244182338e-06,1.3254893202339796e-07,0.23498483316481295
23250,-0.012825465761125088,0.16118471398949624,0.013522234559059144,0.530523020774126,0.15601704174187034,0.6,9.663519449532032e-06,1.321753757195187e-07,0.23508594539939331
23260,0.023222553730010986,0.0850719839334488,0.005993208661675453,0.1498303458094597,0.09280401155119762,0.8,1.67230552960973e-06,1.3180226635724167e-07,0.2351870576339737
23270,0.2254199914634228,0.17474133372306824,0.026176068186759948,0.6544015191495418,0.10913062111940235,0.6,1.8615978660818655e-06,1.314296043899298e-07,0.23528816986855408
23280,0.16967878341674805,0.15452471747994423,0.036622628569602966,0.9155650429427624,0.13487687564920633,0.5,1.0887593030929565,1.3105739027040248e-07,0.23538928210313448
23290,0.1255016304552555,0.11431190483272076,0.006876489520072937,0.17191220857203007,0.05676434988854453,0.8,2.9926461138529703e-05,1.306856244509349e-07,0.23549039433771488
23300,-0.021215448528528212,0.16440178602933883,0.0181454136967659,0.45363602712750434,0.13019841822097078,0.5,1.3534542631532531e-05,1.3031430738325778e-07,0.23559150657229525
23310,0.12115984498523176,0.09891854654997587,0.008965632319450379,0.22414089776575566,0.1152903628651984,0.6,3.2346545140171656e-06,1.299434395185563e-07,0.23569261880687564
23320,0.1564995316672139,0.09509634296409786,0.014252160489559174,0.3563042160123587,0.10215853303670883,0.7,10.025035858154297,1.2957302130746988e-07,0.235793731041456
23330,0.14765977561473848,0.13653537184000014,0.013386759161949157,0.3346691135317087,0.09398418891942129,0.6,7.166373052314157e-06,1.292030532000915e-07,0.2358948432760364
23340,0.0416277976706624,0.0931693159043789,0.015230493247509002,0.3807620819658041,0.1281210378976539,0.7,44.106964111328125,1.2883353564596727e-07,0.23599595551061678
23350,0.12408245392143727,0.16106522381305693,0.01922478973865509,0.48061970844864843,0.1356992814457044,0.6,1.992189027077984e-06,1.2846446909409603e-07,0.23609706774519718
23360,0.16152996122837066,0.10693228542804718,0.007211843132972717,0.4759669218212366,0.06433468600735068,0.7,0.0017535764491185546,1.2809585399292837e-07,0.23619817997977754
23370,0.15961171444505454,0.1250174306333065,0.018335698544979094,0.4424111291766167,0.11481608288595453,0.6,1.0227183793176664e-06,1.277276907903664e-07,0.23629929221435794
23380,0.0766793966293335,0.04381679594516754,0.007413366436958313,0.18533420227468014,0.045037031453102824,0.9,1.4561493344444898e-06,1.2735997993376295e-07,0.2364004044489383
23390,0.27469566483050584,0.23312539085745812,0.02518141269683838,0.6295349661260843,0.1317632211954333,0.6,6.270333688007668e-05,1.2699272186992165e-07,0.2365015166835187
23400,0.01867021471261978,0.11068133264780045,0.013827475905418395,0.34568666443228724,0.11628760467283428,0.7,2.091592023134581e-06,1.2662591704509545e-07,0.23660262891809908
23410,0.03622867316007614,0.158676216006279,0.01964120864868164,0.4910305134952068,0.1256445486913435,0.6,9.229467650584411e-06,1.262595659049871e-07,0.23670374115267948
23420,-0.004512111097574234,0.11648432165384293,0.018603920936584473,0.4650979168713093,0.14985767850885168,0.7,0.0022980051580816507,1.2589366889474757e-07,0.23680485338725984
23430,0.29927011132240294,0.2545463562011719,0.030408307909965515,0.7602088738232851,0.13941972259199248,0.6,0.026434456929564476,1.255282264589762e-07,0.23690596562184024
23440,-0.02774757631123066,0.027823659777641296,0.0109141044318676,0.2728528145700693,0.10911373544950038,0.7,1.5565281046292512e-06,1.2516323904171999e-07,0.23700707785642064
23450,0.08640496544539929,0.11738813556730747,0.0312433660030365,0.7314649365842343,0.1531048873672262,0.5,0.002589095151051879,1.2479870708647322e-07,0.237108190091001
23460,0.03463532328605652,0.08962978944182395,0.02563226819038391,0.648418702185154,0.14274391687940807,0.6,0.22310443222522736,1.2443463103617657e-07,0.2372093023255814
23470,-0.03361129127442837,0.01725514866411686,0.0027064597234129906,0.06766382232308388,0.09868210467975587,0.8,2.7513617624208564e-06,1.2407101133321669e-07,0.23731041456016178
23480,0.023764389380812646,0.03266580551862717,0.024023616313934328,0.6253364529460669,0.08732481900369748,0.8,3.4134268760681152,1.2370784841942582e-07,0.23741152679474217
23490,-0.02095550373196602,0.15990302562713624,0.02292783707380295,0.5729699365794658,0.14101517976960168,0.5,0.024952348321676254,1.2334514273608114e-07,0.23751263902932254
23500,0.11418419852852821,0.10829331893473863,0.01874423921108246,0.46860592253506184,0.13514852763619273,0.5,0.02062353491783142,1.2298289472390416e-07,0.23761375126390294
23510,0.13231287896633148,0.10569411665201187,0.026267454028129578,0.6566866524517536,0.07112856475869193,0.8,2.9089102745056152,1.226211048230606e-07,0.2377148634984833
23520,0.03628836460411548,0.10138997696340084,0.3035714864730835,7.589292684197426,0.08796266275458038,0.6,1.8025607460003812e-06,1.2225977347315918e-07,0.2378159757330637
23530,0.11722851200029254,0.11752188764512539,0.015746523439884186,0.4159832544624805,0.15095879124710337,0.5,1.7274309396743774,1.2189890111325146e-07,0.23791708796764408
23540,0.13623798862099648,0.15400135964155198,0.028842926025390625,0.7210730716586113,0.12616619468899443,0.5,0.4557701647281647,1.215384881818316e-07,0.23801820020222447
23550,0.23844050467014313,0.14552094601094723,0.03220959007740021,0.8246123611927032,0.10957349005620927,0.5,1.5108860731124878,1.2117853511683508e-07,0.23811931243680484
23560,0.04842300359159708,0.11697404459118843,-0.0007560186553746462,0.15911412835121155,0.10041106141870841,0.7,7.250271664815955e-06,1.2081904235563905e-07,0.23822042467138524
23570,0.12302460819482804,0.1297068066895008,0.013564440608024596,0.33911092877388,0.10712995168287306,0.6,0.6999879479408264,1.2046001033506097e-07,0.2383215369059656
23580,-0.01806603781878948,0.08639477789402009,0.013065701723098755,0.32664274983108044,0.10364313406171277,0.7,1.787781457096571e-06,1.2010143949135865e-07,0.238422649140546
23590,0.001264716498553753,0.023493295907974242,0.013220852613449097,0.356175322458148,0.08673540801974014,0.7,1.2430817832864705e-06,1.1974333026022937e-07,0.2385237613751264
23600,0.0836987853050232,0.0606604129076004,0.02647452652454376,0.6618635900318622,0.0711795384529978,0.8,1.0671799182891846,1.1938568307680963e-07,0.23862487360970677
23610,0.21966406661085786,0.2267949728295207,0.028989723324775694,0.7307522799819708,0.18798036741791294,0.2,3.102743625640869,1.1902849837567463e-07,0.23872598584428717
23620,0.09696761965751648,0.18049575313925742,0.02647416889667511,0.6618544917553664,0.09814972444437445,0.7,9.99986809802067e-07,1.1867177659083738e-07,0.23882709807886754
23630,-0.0013065714389085769,0.010056708008050919,0.004626541212201118,0.1370883796364069,0.10123985640238971,0.7,1.4215743249224033e-06,1.1831551815574847e-07,0.23892821031344794
23640,0.08492884635925294,0.11768416613340378,0.03395767211914062,0.83142144754529,0.1507584009319544,0.6,3.1934118270874023,1.1795972350329552e-07,0.2390293225480283
23650,0.045596837252378467,0.053069768473505974,0.024809519946575164,0.7052768994122743,0.12492964806733653,0.6,2.9854001998901367,1.1760439306580238e-07,0.2391304347826087
23660,0.0971714898943901,0.1282240591943264,0.037498834729194644,0.9374712534248829,0.17479664484271779,0.5,0.16231344640254974,1.172495272750294e-07,0.23923154701718907
23670,0.1096911613829434,0.19914399199187754,0.028233230113983154,0.7058308839797973,0.17145576948532834,0.5,0.46573787927627563,1.1689512656217177e-07,0.23933265925176947
23680,0.2089772939682007,0.20254312232136726,0.03404013216495514,0.8510037411004305,0.11310364524833857,0.6,0.042304906994104385,1.1654119135785962e-07,0.23943377148634984
23690,0.05693367943167686,0.1396077774465084,0.034762251377105716,0.8690565004944801,0.1326553031685762,0.6,1.5337673175963573e-06,1.1618772209215793e-07,0.23953488372093024
23700,0.2586060851812363,0.19494767636060714,0.04185474216938019,1.046369069442153,0.08141404256457463,0.6,1.045433759689331,1.1583471919456506e-07,0.2396359959555106
23710,0.012222403660416603,0.04073261395096779,0.0079288512468338,0.19822140075266362,0.11943908799439669,0.7,5.857380529050715e-06,1.1548218309401264e-07,0.239737108190091
23720,0.16121482867747544,0.09212275819154456,0.02371109426021576,0.5927778773009778,0.08324657970806584,0.6,0.026413004845380783,1.1513011421886553e-07,0.23983822042467137
23730,0.06915943212807178,0.08560257405042648,0.006258601695299149,0.15646520778536796,0.13206826396053656,0.6,1.3025727412241395e-06,1.1477851299692054e-07,0.23993933265925177
23740,0.11346719248685985,0.09174646795727312,0.025247174501419067,0.631179890781641,0.16772905046818778,0.5,0.3342774510383606,1.1442737985540629e-07,0.24004044489383217
23750,0.051689918525516985,0.04869547411799431,0.030604803562164308,0.7651201587170362,0.12581138046225532,0.7,1.046639084815979,1.140767152209826e-07,0.24014155712841254
23760,-0.06683719903230667,0.04903132170438766,0.008441109210252762,0.21102778650820256,0.09372858387650922,0.7,3.8691273402946535e-06,1.1372651951974e-07,0.24024266936299293
23770,0.19923134145465154,0.17571527894106112,-0.006735961884260178,0.436771759390831,0.12273792161140591,0.5,0.04975585266947746,1.133767931771995e-07,0.2403437815975733
23780,-0.0058991312980651855,0.015061302483081818,0.009092946350574494,0.2273235388100147,0.0737808927311562,0.9,5.005066668672953e-06,1.130275366183115e-07,0.2404448938321537
23790,0.3150295436382294,0.25810340195894244,0.06201491355895996,1.525666754692793,0.11784210234181955,0.5,3.786719753406942e-05,1.1267875026745561e-07,0.24054600606673407
23800,0.25267579667270185,0.15495287328958512,0.021510471403598786,0.5377618987113237,0.10956657956121489,0.6,0.040194813162088394,1.1233043454844016e-07,0.24064711830131447
23810,0.06976745519787073,0.07586891651153564,0.015682552754879,0.3920639857649803,0.11794006898999214,0.7,14.177290916442871,1.1198258988450143e-07,0.24074823053589484
23820,0.004213140346109867,0.006803655438125134,0.024957454204559325,0.6303946245461702,0.10676641118479893,0.8,1.0870519417949254e-06,1.1163521669830367e-07,0.24084934277047523
23830,0.3007026106119156,0.22012337744235994,0.026101842522621155,0.6525461290031671,0.11672860963735729,0.5,1.2663238048553467,1.1128831541193817e-07,0.2409504550050556
23840,0.012039204500615597,0.050408053863793614,0.011468546837568283,0.2867139562964439,0.16480749608017503,0.5,16.361385345458984,1.1094188644692253e-07,0.241051567239636
23850,0.029184559639543296,0.11670011142268777,0.036719679832458496,0.9179920081049204,0.12698007948929443,0.5,11.003814697265625,1.1059593022420067e-07,0.24115267947421637
23860,0.2687756851315498,0.19006016105413437,0.029425084590911865,0.7356279220432043,0.09030004399828613,0.7,0.0030647343955934048,1.1025044716414183e-07,0.24125379170879677
23870,0.22506945802597328,0.3169623608700931,0.02397080808877945,0.6719866178929805,0.21933971919352188,0.3,0.25679856538772583,1.0990543768654081e-07,0.24135490394337714
23880,0.04093590006232262,0.11258819922804833,0.02678411602973938,0.6696025334298611,0.1258070984040387,0.7,22.631460189819336,1.0956090221061653e-07,0.24145601617795753
23890,0.12534098625183104,0.07162342071533204,0.018393661081790923,0.45984161347150804,0.08998393365181982,0.9,0.03711167350411415,1.0921684115501207e-07,0.24155712841253793
23900,0.024335769843310116,0.020069694519042967,0.007391613721847534,0.25893181934952736,0.07899764761095866,0.8,0.00015663776139263064,1.0887325493779403e-07,0.2416582406471183
23910,0.05093720741569996,0.07236261665821075,0.01538495123386383,0.3398044532164931,0.08489431138150394,0.6,6.293882506724913e-06,1.0853014397645205e-07,0.2417593528816987
23920,0.0,0.0,0.007678364217281341,0.191959148645401,0.06468836195999757,1.0,0.13825294375419617,1.0818750868789828e-07,0.24186046511627907
23930,0.09921024329960346,0.13783489018678666,0.027739542722702026,0.6934898052364588,0.18843996984651312,0.5,1.5159754184423946e-05,1.0784534948846702e-07,0.24196157735085946
23940,-0.007113824796397239,0.0533447009162046,0.013840013742446899,0.3460003562271595,0.1157546604750678,0.7,0.01622188463807106,1.0750366679391392e-07,0.24206268958543983
23950,0.2734515957534313,0.1960818275809288,0.020371846854686737,0.556679779291153,0.10876439455896617,0.6,5.4790730476379395,1.0716246101941557e-07,0.24216380182002023
23960,0.4243378281593323,0.398148787021637,0.040709465742111206,1.0244312990456819,0.07268640119582415,0.7,1.530661279502965e-06,1.0682173257956933e-07,0.2422649140546006
23970,0.0020804256200790405,0.001188814640045166,0.013201181590557099,0.3300294544547796,0.058611685619689526,0.9,0.5519075393676758,1.0648148188839217e-07,0.242366026289181
23980,0.2939327068626881,0.19031045734882354,0.026581671833992005,0.6645422428846359,0.0970107757486403,0.6,0.00019853402045555413,1.0614170935932099e-07,0.24246713852376137
23990,0.017580729722976685,0.03708817660808563,0.009695964306592942,0.24239907823503018,0.07415077848127112,0.8,0.019517097622156143,1.058024154052114e-07,0.24256825075834176
24000,0.1082603388465941,0.1555878534913063,0.025723925232887267,0.6430979032069445,0.13376615898450836,0.5,3.8957869037403725e-06,1.0546360043833746e-07,0.24266936299292213
24010,0.10355166681110858,0.14117391556501388,0.027680128812789917,0.6131332106888294,0.10470315907150507,0.5,4.68829345703125,1.0512526487039136e-07,0.24277047522750253
24020,0.014289478491991758,0.15638454556465148,0.01639842987060547,0.40996082611382006,0.15165476703550668,0.5,9.135688781738281,1.0478740911248257e-07,0.2428715874620829
24030,0.11479011699557304,0.13023901134729385,0.01998981982469559,0.49974540174007415,0.11372921392321586,0.6,0.00021952488168608397,1.0445003357513793e-07,0.2429726996966633
24040,0.24046055767685176,0.18390001328662037,0.005241823196411133,0.3514022186398506,0.09808917352929711,0.6,1.10646653175354,1.041131386683004e-07,0.2430738119312437
24050,0.1375879615545273,0.14171452522277833,0.015975116193294524,0.600015814229846,0.10316458134911954,0.5,1.9463213902781717e-06,1.0377672480132915e-07,0.24317492416582406
24060,0.22230292856693268,0.14079725742340088,0.02388828545808792,0.5972074426710605,0.09205889812437817,0.7,7.230556011199951,1.0344079238299863e-07,0.24327603640040446
24070,0.17560091353952884,0.14423794597387313,0.03796813189983368,0.9492038574069739,0.1292119742836803,0.5,0.0249258354306221,1.0310534182149832e-07,0.24337714863498483
24080,0.06265252847224474,0.08059579506516457,0.023145999014377593,0.5786498069763184,0.15054626581259073,0.5,0.04731891304254532,1.0277037352443258e-07,0.24347826086956523
24090,0.16740533075062558,0.172254717675969,0.029883933067321778,0.7586812522262335,0.16175266269128769,0.4,23.112995147705078,1.0243588789881929e-07,0.2435793731041456
24100,0.10064910291694104,0.13950282330624758,0.01467224657535553,0.36680641695857047,0.0875371859059669,0.6,1.5448317753907759e-06,1.0210188535108993e-07,0.243680485338726
24110,0.25917839898611417,0.1784935818199301,0.050078588724136355,1.2519645050168038,0.11507291715824977,0.5,6.05644345341716e-06,1.0176836628708934e-07,0.24378159757330636
24120,0.10506312511861324,0.0628048731945455,0.025264453887939454,0.6316112026572227,0.11063438585260883,0.7,0.024268565699458122,1.0143533111207453e-07,0.24388270980788676
24130,-0.005149066261947155,0.02039843052625656,0.01796641796827316,0.4491606954485178,0.11188721681246534,0.8,2.6523735523223877,1.0110278023071445e-07,0.24398382204246713
24140,0.08722404912114143,0.08838360980153084,0.01764667183160782,0.44116687402129173,0.13382964895572513,0.6,1.030975226967712e-06,1.0077071404709009e-07,0.24408493427704753
24150,0.28609783947467804,0.18904200978577138,0.03394425511360168,0.8486066661775112,0.10001725180773065,0.5,2.8382168238749728e-05,1.0043913296469298e-07,0.2441860465116279
24160,0.007348949555307627,0.10160294193774462,0.02194417715072632,0.590352476388216,0.201005697529763,0.4,1.0865303465834586e-06,1.0010803738642548e-07,0.2442871587462083
24170,0.09952490292489528,0.13037115521728992,0.027699244022369385,0.41509634591639044,0.1675266029778868,0.6,1.6279212786685093e-06,9.977742771459991e-08,0.24438827098078866
24180,0.07268665730953217,0.13396743610501288,0.02588999569416046,0.6472501210868359,0.11792122287442908,0.7,0.01113714836537838,9.944730435093801e-08,0.24448938321536906
24190,0.09084511954570189,0.05222685385961086,0.01679161787033081,0.4197909668087959,0.07998785908566788,0.8,0.007052802015095949,9.911766769657115e-08,0.24459049544994946
24200,0.044165275245904925,0.1185071874409914,0.017449763417243958,0.43624418750405314,0.1327731313649565,0.6,1.2489934988479945e-06,9.878851815203881e-08,0.24469160768452983
24210,0.03558438792824745,0.038176511973142625,0.03204695284366608,0.8011741500347853,0.14605699563398958,0.8,0.038048155605793,9.845985611728863e-08,0.24479271991911022
24220,0.03299512192606926,0.05762131065130234,0.023200789093971254,0.6072699677199125,0.15878894069464877,0.5,0.14537712931632996,9.813168199167604e-08,0.2448938321536906
24230,0.1279278344474733,0.1406626082956791,0.033263057470321655,0.8251502079889178,0.1762177645461634,0.5,5.891746997833252,9.78039961739634e-08,0.244994944388271
24240,-0.00743380906060338,0.03293046965263784,0.014067129790782928,0.3516781058162451,0.12710407169070095,0.8,0.028537120670080185,9.747679906232015e-08,0.24509605662285136
24250,0.17373518347740174,0.21136885285377502,0.01993146538734436,0.49828898124396803,0.07273848928743973,0.7,3.5246543884277344,9.715009105432137e-08,0.24519716885743176
24260,0.17165978802368045,0.2677408799529076,0.04647862911224365,1.0958576381817693,0.21624623113311828,0.1,64.81068420410156,9.682387254694834e-08,0.24529828109201213
24270,0.32234434187412264,0.2057642176747322,0.02579544484615326,0.6448864568024874,0.08399287286447361,0.6,1.4158945305098314e-06,9.649814393658722e-08,0.24539939332659252
24280,-0.03173254281282425,0.047856709361076354,0.012310504913330078,0.30776270031929015,0.1330151404836215,0.7,0.00044446473475545645,9.61729056190288e-08,0.2455005055611729
24290,0.059186430927366016,0.06336282081902027,0.018461957573890686,0.46154887042939663,0.13126045535318553,0.7,1.361976981163025,9.58481579894686e-08,0.2456016177957533
24300,0.2611934557557106,0.172591632604599,-0.007795663923025132,0.4115137495100498,0.05436984976986423,0.7,0.03637480363249779,9.55239014425055e-08,0.24570273003033366
24310,0.13008283115923405,0.08548239022493362,0.02119978070259094,0.529994472488761,0.09240680569782853,0.7,1.342205109722272e-06,9.520013637214175e-08,0.24580384226491406
24320,0.07617865204811096,0.11362883001565934,0.028595539927482604,0.7148885052651167,0.12722437395714223,0.6,1.7159973140223883e-06,9.48768631717824e-08,0.24590495449949443
24330,0.11121575869619846,0.10572295412421226,0.015182322263717652,0.3795576013624668,0.09993918102700264,0.7,5.1676720431714784e-06,9.455408223423494e-08,0.24600606673407482
24340,-0.015733508765697478,0.0740083023905754,0.01854148954153061,0.4635369058698416,0.11589444337878377,0.7,9.85602810033015e-07,9.423179395170844e-08,0.2461071789686552
24350,0.10916730016469955,0.12963095679879189,0.03217696845531463,0.8022330814506858,0.1550286927027628,0.6,2.156259597541066e-06,9.39099987158139e-08,0.2462082912032356
24360,0.04075293317437172,0.09011452421545982,0.02983245551586151,0.6762629605829715,0.20512573218438773,0.5,1.4931296163922525e-06,9.358869691756272e-08,0.246309403437816
24370,0.02366292178630829,0.11039300262928009,0.0060846198350191115,0.15211552605032921,0.11544288329314441,0.7,2.444669723510742,9.326788894736687e-08,0.24641051567239636
24380,0.19019470289349555,0.14101011566817762,0.006695804744958877,0.16739513743668794,0.1476932359742932,0.4,5.805232048034668,9.29475751950381e-08,0.24651162790697675
24390,-0.07049237713217735,0.049004672467708586,0.008277686685323716,0.20694213770329953,0.0795299356803298,0.8,0.025465264916419983,9.262775604978818e-08,0.24661274014155712
24400,0.2129599540028721,0.12553436048328875,0.016985107958316804,0.42462785430252553,0.12044907636009157,0.6,2.7386042347643524e-05,9.230843190022725e-08,0.24671385237613752
24410,0.06457149218767881,0.09818376768380403,0.021512737870216368,0.53781846947968,0.14474722620798275,0.5,1.231714236382686e-06,9.198960313436443e-08,0.2468149646107179
24420,0.10238706693053246,0.14659267738461496,0.021406538784503937,0.5424512077122927,0.1191178361303173,0.5,4.8850178718566895,9.167127013960669e-08,0.2469160768452983
24430,-0.06613743156194687,0.13317942582070827,0.016365312039852142,0.4091323666274548,0.10187665580306202,0.6,0.017351102083921432,9.135343330275863e-08,0.24701718907987866
24440,0.019345250353217124,0.10114536732435227,0.021496643126010895,0.5374164272099733,0.14418119880137964,0.6,0.03753456845879555,9.103609301002179e-08,0.24711830131445905
24450,0.0183737363666296,0.10064341500401497,0.02697523534297943,0.6743812344968318,0.18293204535730184,0.6,2.0129714357608464e-06,9.07192496469949e-08,0.24721941354903942
24460,0.08955136314034462,0.11031994447112084,0.02852833569049835,0.7132085200399161,0.11602919679135085,0.6,0.00042700962512753904,9.040290359867231e-08,0.24732052578361982
24470,0.18086131382733583,0.15621600449085235,0.02224268615245819,0.5560669213533401,0.1526482791523449,0.5,0.45591387152671814,9.008705524944438e-08,0.2474216380182002
24480,0.11130971712991596,0.14949325006455183,0.022226995229721068,0.5734019320458174,0.13555684754392133,0.5,5.278087428450817e-06,8.97717049830965e-08,0.2475227502527806
24490,0.25086437463760375,0.14505570232868195,-0.0018339045345783234,0.5428732316941023,0.07970989445457236,0.6,0.7940587997436523,8.945685318280915e-08,0.24762386248736096
24500,0.09702196717262268,0.11595089808106422,0.023858824372291566,0.59647057056427,0.13579384941840544,0.6,2.763838052749634,8.914250023115671e-08,0.24772497472194135
24510,0.3054970346391201,0.2760023266077042,0.01609828770160675,0.4024570420384407,0.11014638913329691,0.6,0.006515351124107838,8.882864651010796e-08,0.24782608695652175
24520,0.12230633301660418,0.1421098902821541,0.0008523341268301011,0.5355509009212256,0.11184547406155616,0.6,14.236150741577148,8.851529240102462e-08,0.24792719919110212
24530,0.189030285179615,0.1966068245470524,0.023373234272003173,0.5843302607536316,0.17595186668913812,0.3,0.12069740146398544,8.820243828466134e-08,0.24802831142568252
24540,-0.016307923197746276,0.1336851954460144,0.009385226666927338,0.23463087230920793,0.08881964619504287,0.9,1.1060482165703434e-06,8.789008454116565e-08,0.2481294236602629
24550,0.148729507625103,0.1675265446305275,0.016536906361579895,0.6441762987524271,0.052455884509254244,0.7,1.7097828504120116e-06,8.757823155007655e-08,0.24823053589484328
24560,0.23903263956308365,0.22592485398054124,0.011543665081262589,0.4356398615986109,0.137269887549337,0.3,1.6044589281082153,8.72668796903251e-08,0.24833164812942365
24570,0.15060368720442058,0.13050093688070774,0.017875631153583527,0.44689088091254237,0.1319560385425575,0.6,2.755420446395874,8.695602934023299e-08,0.24843276036400405
24580,0.19282622989267112,0.24627915881574153,0.020612047612667085,0.5153010599315166,0.15848251306451858,0.5,4.639667510986328,8.664568087751272e-08,0.24853387259858442
24590,0.1898935079574585,0.16538878716528416,0.019732685387134553,0.49331748448312285,0.15247093860525637,0.5,2.5495739919279004e-06,8.633583467926697e-08,0.24863498483316482
24600,0.09494698531925679,0.07952661141753196,0.02491570860147476,0.6228927876800299,0.1337099153548479,0.5,0.0011661550961434841,8.602649112198795e-08,0.2487360970677452
24610,0.04004830782068893,0.15004317729035394,0.02114375978708267,0.5285943873226643,0.19477828379021958,0.4,4.925479061057558e-06,8.571765058155744e-08,0.24883720930232558
24620,0.037223270535469054,0.03390444591641426,0.01620512902736664,0.40512814559042454,0.08875259194755927,0.8,8.656999170852941e-07,8.540931343324582e-08,0.24893832153690595
24630,0.1081375758163631,0.2136661561205983,0.02401258945465088,0.6037134539335967,0.1054256433271803,0.7,20.52528190612793,8.510148005171169e-08,0.24903943377148635
24640,0.25367879718542097,0.25527106747031214,0.02398737519979477,0.5996842380613089,0.16376583790406585,0.4,2.5763232707977295,8.479415081100166e-08,0.24914054600606672
24650,0.06578738167881966,0.039395044278353455,0.03026718497276306,0.7566793233156204,0.10068862194893882,0.7,0.09994170069694519,8.448732608454968e-08,0.24924165824064712
24660,0.0495962917804718,0.04517429172992706,0.01628575474023819,0.40714386515319345,0.08274978232802824,0.9,0.009708790108561516,8.418100624517688e-08,0.24934277047522752
24670,0.11300524286925792,0.14781855307519437,0.01404796987771988,0.6110804853960872,0.1875050743110478,0.4,0.01162763126194477,8.387519166509061e-08,0.24944388270980788
24680,0.19931730404496192,0.19687688946723939,0.03475657105445862,0.8689141936600209,0.11229068776592613,0.6,0.0002474600332789123,8.356988271588445e-08,0.24954499494438828
24690,0.033932860399363565,0.03635721958708018,0.02150881290435791,0.5521535784006119,0.16832246689591557,0.6,1.622983290872071e-06,8.326507976853764e-08,0.24964610717896865
24700,0.14651823341846465,0.165943506360054,0.021285942196846007,0.5321483217179775,0.07459326921962202,0.7,0.4963013529777527,8.296078319341443e-08,0.24974721941354905
24710,0.06226358963176608,0.04586850143969059,0.0074482947587966915,0.18933018147945405,0.07976800861069933,0.7,0.000646993808913976,8.265699336026382e-08,0.24984833164812942
24720,0.09999103248119354,0.1912937730550766,0.01458684355020523,0.3646711140871048,0.13547344099497421,0.8,0.26201900839805603,8.235371063821923e-08,0.24994944388270982
24730,0.20349913090467453,0.15363999381661414,0.02096516191959381,0.5241294085979462,0.13586959264939652,0.5,3.8313193321228027,8.205093539579766e-08,0.2500505561172902
24740,0.028529221843928098,0.050521521270275115,0.019742968678474426,0.4935570611298317,0.17819722950225697,0.6,3.430305150686763e-05,8.174866800089963e-08,0.2501516683518706
24750,0.03933907523751259,0.02639005482196808,0.016158504784107207,0.403962429240346,0.0985539722489193,0.8,9.659631359681953e-06,8.144690882080851e-08,0.25025278058645095
24760,0.22379610501229763,0.21929446049034595,0.040243059396743774,1.0060757882893085,0.16406862582080067,0.4,30.67710304260254,8.114565822219005e-08,0.2503538928210313
24770,-0.024007656890898944,0.05613357853144407,0.0045631609857082365,0.1140789020806551,0.08851213838206604,0.6,6.34446382522583,8.084491657109233e-08,0.25045500505561175
24780,-0.00039232224225997924,0.13913847133517265,0.015875421464443207,0.3968860935419798,0.10994076979113743,0.7,1.6102665085782064e-06,8.054468423294474e-08,0.2505561172901921
24790,0.14241215257206932,0.08252785596996545,0.014872011542320252,0.371800097450614,0.07846984807401895,0.7,3.2733876196289202e-06,8.024496157255783e-08,0.2506572295247725
24800,0.03161424919962883,0.0499223418533802,0.017189674079418182,0.42974185980856416,0.0990299006458372,0.8,0.005408581346273422,7.994574895412293e-08,0.25075834175935285
24810,0.08004295402206481,0.12646784335374833,0.02091500610113144,0.5228750418871642,0.15323831109562888,0.6,5.848352884640917e-06,7.964704674121147e-08,0.2508594539939333
24820,-0.11540355309844016,0.40377860367298124,0.015559843182563782,0.4205934200435877,0.28410982942441476,0.3,0.0006951731047593057,7.934885529677505e-08,0.25096056622851365
24830,0.19201016575098037,0.1199875757098198,0.019042590260505678,0.47606481797993183,0.09001601749332622,0.6,1.2737447150357184e-06,7.905117498314412e-08,0.251061678463094
24840,0.081395822763443,0.17126062102615833,0.024465973675251006,0.6131941240280867,0.15086761445272714,0.6,0.05540918931365013,7.87540061620286e-08,0.25116279069767444
24850,0.03910013809800148,0.1095456164330244,0.01859968900680542,0.46499238908290863,0.15529176929267124,0.5,16.13944435119629,7.845734919451647e-08,0.2512639029322548
24860,0.14776421934366227,0.23721126466989517,0.026757332682609557,0.6689333885908126,0.12255202514352277,0.6,0.0030803359113633633,7.816120444107382e-08,0.2513650151668352
24870,0.0,0.0,0.006826078891754151,0.1706519402563572,0.0601645766873844,1.0,1.6041449271142483e-06,7.786557226154472e-08,0.25146612740141555
24880,-0.0030768288299441336,0.005503998696804046,0.019963739812374114,0.5093349952250719,0.07794450089568272,0.9,0.03868528828024864,7.757045301514997e-08,0.251567239635996
24890,0.2479633388109505,0.23722048699855805,0.02805740535259247,0.7014351416379213,0.13219825591659173,0.6,0.04667198285460472,7.727584706048735e-08,0.25166835187057635
24900,0.03137700855731964,0.017929719388484956,-0.0024421844631433488,0.03782261870801449,0.040116049710195514,0.9,2.747855887719197e-06,7.698175475553076e-08,0.2517694641051567
24910,0.21247974634170533,0.1214169979095459,0.027650165557861327,0.6912539936602116,0.07643436269136146,0.8,0.026018407195806503,7.66881764576302e-08,0.2518705763397371
24920,-0.0728605490643531,0.10093162856064737,0.006531459093093872,0.17686675917357206,0.10231959391385317,0.7,2.0424972717592027e-06,7.639511252351088e-08,0.2519716885743175
24930,-0.0017191240563988685,0.012914718873798848,0.018792767822742463,0.46981972754001616,0.11035855989903212,0.8,0.8219500184059143,7.610256330927323e-08,0.2520728008088979
24940,0.16101689711213113,0.17547945510596036,0.012714935839176178,0.317873427271843,0.13054031119681894,0.6,10.095582962036133,7.58105291703921e-08,0.25217391304347825
24950,0.017590317130088805,0.049454941600561145,0.022519597411155702,0.5629899673163891,0.1285970922326669,0.6,2.7988830879621673e-06,7.551901046171644e-08,0.2522750252780586
24960,0.04238441988127306,0.06737436931580305,0.0245511993765831,0.6137804958969355,0.13415139192948117,0.6,4.024319648742676,7.522800753746894e-08,0.25237613751263904
24970,-0.007386108860373497,0.016831229254603387,0.012447510659694672,0.3234716489911079,0.10241925397422165,0.8,1.7639624729781644e-06,7.493752075124576e-08,0.2524772497472194
24980,0.11025789976119996,0.37627706564962865,0.029763418436050414,0.7440852761268616,0.19935031033819542,0.3,88.38727569580078,7.464755045601556e-08,0.2525783619817998
24990,0.06671890616416931,0.12154298573732376,0.021988366544246674,0.5497094359248876,0.07645433124853299,0.7,1.139184860221576e-05,7.435809700411971e-08,0.2526794742163802
25000,0.13007839806377888,0.08653249964118004,0.03078624904155731,0.7696560688316822,0.13649187866831197,0.7,0.6339598894119263,7.406916074727148e-08,0.2527805864509606
25010,0.14055218938738107,0.11386982575058938,0.03349908888339996,0.8374774102121592,0.19740558468038216,0.4,7.946537494659424,7.37807420365556e-08,0.25288169868554095
25020,0.35154116693884135,0.2695500096306205,0.010663624852895737,0.7209533747285605,0.10380031940294429,0.5,1.258437156677246,7.349284122242782e-08,0.2529828109201213
25030,0.15360866487026215,0.14204374551773072,0.018195442855358124,0.45488609485328196,0.08671376430429519,0.7,2.5825424017966725e-05,7.320545865471512e-08,0.25308392315470174
25040,0.19047170579433442,0.13199072405695916,0.015923863649368285,0.48337796367704866,0.1024398119538091,0.7,17.334880828857422,7.291859468261425e-08,0.2531850353892821
25050,0.09955556616187096,0.07930388301610947,0.019641168415546417,0.4910293255001307,0.11476271798601374,0.7,7.9865894804243e-06,7.263224965469195e-08,0.2532861476238625
25060,0.1182750133331865,0.18590973280370235,0.01143699735403061,0.2859247952699661,0.16716174402972683,0.5,0.03876284882426262,7.234642391888445e-08,0.25338725985844285
25070,-0.004878518544137478,0.10714253261685372,0.022570212185382844,0.5642557680606842,0.19094600565731526,0.4,6.255300521850586,7.206111782249697e-08,0.2534883720930233
25080,0.07689160946756601,0.08567278981208801,0.03204786479473114,0.801197101175785,0.14249339780071751,0.6,1.6575189647483057e-06,7.177633171220337e-08,0.25358948432760364
25090,0.13634090232662857,0.11254091206938029,0.02506658434867859,0.6266647491604089,0.12876189845846966,0.6,3.873019218444824,7.149206593404561e-08,0.253690596562184
25100,0.015463662147521973,0.029297114163637162,0.01543489247560501,0.41894581243395806,0.10128986205672845,0.8,4.301713033783017e-06,7.120832083343336e-08,0.2537917087967644
25110,0.09351727217435837,0.06366253308951855,0.023091150820255278,0.5772790484130382,0.0959289507009089,0.6,0.0214080773293972,7.092509675514369e-08,0.2538928210313448
25120,0.061173936584964395,0.03546129749156535,0.01584469825029373,0.39615836963057516,0.13099169915076345,0.7,0.2800193428993225,7.064239404332062e-08,0.2539939332659252
25130,-0.03815890569239855,0.21429830193519592,0.012173093110322952,0.3043274074792862,0.14489647649461404,0.7,9.589768409729004,7.036021304147449e-08,0.25409504550050555
25140,0.03136330619454384,0.04616723768413067,0.02090564966201782,0.5189427182078361,0.12940427011344582,0.7,0.034111008048057556,7.007855409248198e-08,0.25419615773508597
25150,-0.017760181985795497,0.08201711140573024,0.017780709266662597,0.44451759606599806,0.1327763913664967,0.6,2.0288755893707275,6.97974175385852e-08,0.25429726996966634
25160,0.19174400940537453,0.11255853809416294,0.018500223755836487,0.46250551138073204,0.08610651687486097,0.7,1.0089364051818848,6.951680372139157e-08,0.2543983822042467
25170,0.17797064185142517,0.1976601481437683,0.02043708711862564,0.5109270870685577,0.05327761948574335,0.8,0.026789220049977303,6.923671298187334e-08,0.2544994944388271
25180,-0.07798995557241142,0.08371048243716359,0.015677645802497864,0.39194115772843363,0.11794816050678492,0.7,2.0058840163983405e-05,6.895714566036704e-08,0.2546006066734075
25190,0.1097351461648941,0.10729241222143174,0.024008870124816895,0.6002217169851065,0.08936839164234697,0.8,0.0002907040761783719,6.86781020965736e-08,0.2547017189079879
25200,0.16578638795763254,0.11972735095769167,0.020866642892360687,0.541869655251503,0.11628158438252285,0.5,2.325652599334717,6.839958262955709e-08,0.25480283114256824
25210,0.06835620999336242,0.03906069099903107,0.0236883282661438,0.5922156546264887,0.05999938900349662,0.9,0.03458920866250992,6.81215875977449e-08,0.2549039433771486
25220,-0.03959232475608587,0.20992322880774736,0.021233083307743074,0.5308271266520024,0.1626728795003146,0.5,1.2690647840499878,6.784411733892731e-08,0.25500505561172904
25230,0.11611179411411285,0.06634959280490875,0.011300168186426162,0.2787626527249813,0.07470898488536477,0.7,3.2657426345394924e-06,6.756717219025665e-08,0.2551061678463094
25240,0.1185272753238678,0.13394945859909058,-0.006575599312782288,0.28783408664166926,0.13768847500905396,0.6,5.974664688110352,6.729075248824761e-08,0.2552072800808898
25250,0.19354263953864576,0.13545152693986892,0.02464441955089569,0.6161109402775764,0.11215756428427995,0.7,6.705311298370361,6.701485856877615e-08,0.25530839231547015
25260,0.04353424608707428,0.04307927340269089,0.009876305609941483,0.2469076544046402,0.09391024954384193,0.8,0.00019445516227278858,6.673949076707925e-08,0.25540950455005057
25270,0.09141005221754313,0.05523481853306293,0.0224576398730278,0.5673746287822723,0.11243139052530751,0.7,0.0002330643474124372,6.646464941775499e-08,0.25551061678463094
25280,0.08159836046397687,0.06523613184690476,0.0009433950297534465,0.2817760545760393,0.10377824231982231,0.7,1.435984492301941,6.619033485476128e-08,0.2556117290192113
25290,0.2007981586328242,0.25725215346901675,0.02199636250734329,0.5499091532081366,0.18267697799019517,0.4,6.989919185638428,6.591654741141639e-08,0.25571284125379173
25300,0.08002075776457787,0.09107151925563813,0.03563488125801086,0.8908721927553416,0.15497874964494257,0.5,0.3403158485889435,6.564328742039781e-08,0.2558139534883721
25310,0.07234823182225228,0.10033177249133587,0.026374930143356325,0.6943543447181583,0.1603226109058596,0.5,0.013932798057794571,6.537055521374218e-08,0.2559150657229525
25320,0.11182211600244045,0.06389834769070149,0.021489946544170378,0.5372485227882862,0.09257324957288801,0.8,1.3514710417439346e-06,6.509835112284484e-08,0.25601617795753284
25330,0.27131945788860323,0.2715518051758409,0.040687116980552676,1.017177863419056,0.1501771268900484,0.4,2.7000575065612793,6.482667547845944e-08,0.25611729019211327
25340,0.021323531121015548,0.22177041321992874,0.033576390147209166,0.8394099690020085,0.18408368553500623,0.4,8.49135684967041,6.455552861069736e-08,0.25621840242669364
25350,0.101609156280756,0.10610078573226929,0.013535389304161071,0.33838477954268453,0.09423278431640938,0.8,0.002115662908181548,6.428491084902787e-08,0.256319514661274
25360,0.0848007258027792,0.10176598317921162,0.015521328151226043,0.38803318068385123,0.12632890751119702,0.6,1.0400161743164062,6.401482252227697e-08,0.2564206268958544
25370,0.015969663858413696,0.029428301751613616,0.020526890456676484,0.5131725117564201,0.115706588991452,0.7,1.3045223568042275e-06,6.374526395862739e-08,0.2565217391304348
25380,0.06417869329452515,0.03667353987693787,-0.0021029725670814515,0.1496694590896368,0.04779599835164845,0.9,1.7754556438376312e-06,6.347623548561825e-08,0.25662285136501517
25390,0.06933351680636406,0.07306508719921112,0.020301881432533263,0.527388309687376,0.09777564103715122,0.7,1.145685473602498e-06,6.32077374301444e-08,0.25672396359959554
25400,0.05374724492430687,0.04645590186119079,0.015313692390918732,0.3828426029533148,0.10338430888950825,0.8,1.1257939149800222e-06,6.293977011845647e-08,0.2568250758341759
25410,0.025898659229278566,0.023589536547660828,0.013945181667804719,0.34862978719174864,0.056434523104690014,0.9,0.03729206696152687,6.267233387615983e-08,0.25692618806875633
25420,0.21266469024121762,0.1781444251537323,0.023278890550136565,0.633854117617011,0.12345967798028142,0.5,1.2471914487832692e-06,6.2405429028215e-08,0.2570273003033367
25430,0.02754948961082846,0.08880513533949852,0.028590971231460573,0.7147744048386813,0.17567370022879913,0.6,0.022652482613921165,6.21390558989363e-08,0.2571284125379171
25440,0.10844908319413663,0.2092782709747553,0.03247866928577423,0.8119660444557667,0.1262084286659956,0.6,1.0180845492868684e-05,6.18732148119922e-08,0.2572295247724975
25450,0.1464804396033287,0.12115594893693923,0.022511479258537293,0.5627874106168747,0.12453283079667017,0.5,8.498568534851074,6.160790609040489e-08,0.25733063700707787
25460,0.021139761060476304,0.03210206869989633,0.0063937313854694365,0.15984329245984555,0.06930562441702932,0.8,1.5027536153793335,6.134313005654929e-08,0.25743174924165824
25470,0.2949984725564718,0.28819086253643034,0.0351140558719635,0.8778521005064249,0.10029867979465053,0.6,0.00014739292964804918,6.107888703215336e-08,0.2575328614762386
25480,0.026871098205447197,0.02563186436891556,0.021078892052173615,0.5269723325967789,0.09460500072455033,0.8,0.04834480956196785,6.081517733829722e-08,0.25763397371081903
25490,0.15774306282401085,0.09933874830603599,0.007714287936687469,0.19285726360976696,0.07376694527920336,0.7,0.053367048501968384,6.055200129541293e-08,0.2577350859453994
25500,0.19370043352246286,0.16689591556787492,0.02530790865421295,0.6326978221535683,0.1324712703586556,0.4,0.7188740968704224,6.028935922328443e-08,0.25783619817997977
25510,0.2177996575832367,0.18162101320922375,0.04509336054325104,1.127334300428629,0.17671041362918913,0.5,0.08443338423967361,6.002725144104648e-08,0.25793731041456014
25520,-0.010073382407426834,0.025718745589256287,0.006490116566419601,0.16225286163389682,0.07020114492624999,0.9,1.1461664144007955e-05,5.976567826718475e-08,0.25803842264914056
25530,0.14019250869750977,0.08011000454425812,0.022203877568244934,0.5550966616719961,0.07258593101287261,0.8,7.545927473984193e-06,5.950464001953531e-08,0.25813953488372093
25540,0.29406562745571135,0.2502373017370701,0.043900918960571286,1.0975226435810328,0.14693461190909146,0.4,1.0629184246063232,5.924413701528413e-08,0.2582406471183013
25550,0.11927144877263345,0.11633780193515122,0.03444880247116089,0.8612203098833561,0.19435828936984761,0.4,6.571100584551459e-06,5.898416957096702e-08,0.2583417593528817
25560,0.04359386414289475,0.12976449728012085,0.01182994171977043,0.2957483224570751,0.08280594212701545,0.8,9.585770612829947e-07,5.8724738002469135e-08,0.2584428715874621
25570,0.021590510569512843,0.29262528829276563,0.02832079827785492,0.7080200888216496,0.18114122416591272,0.5,0.4244711101055145,5.846584262502402e-08,0.25854398382204247
25580,0.07050500921905041,0.08254310190677643,0.015629948675632478,0.3907489784061909,0.12965619814349338,0.7,4.193502426147461,5.820748375321411e-08,0.25864509605662284
25590,0.13348945155739783,0.11393081843852997,0.024207693338394166,0.6051966410130263,0.08642962845042348,0.7,1.1833689086415689e-06,5.7949661700969766e-08,0.25874620829120326
25600,0.28735426962375643,0.20990575551986695,0.03129367828369141,0.7823423031717539,0.1242451251600869,0.5,3.621058225631714,5.7692376781568966e-08,0.25884732052578363
25610,0.040145137906074525,0.027725353837013245,0.016999344527721404,0.4249839451164007,0.06146806661272421,0.8,1.3413612123258645e-06,5.743562930763735e-08,0.258948432760364
25620,0.10861505083739757,0.2899125711992383,0.013830530643463134,0.35433988869190214,0.1185448785428889,0.6,6.921060958120506e-06,5.717941959114725e-08,0.25904954499494437
25630,0.170209851115942,0.10935845766216516,0.02571173310279846,0.6427933514118195,0.07081612851470709,0.6,3.934795313398354e-05,5.692374794341759e-08,0.2591506572295248
25640,0.22635060008615254,0.18878354243934153,0.02621942460536957,0.6572521997615695,0.09169833436608314,0.6,8.540698051452637,5.666861467511352e-08,0.25925176946410516
25650,-0.004409587383270264,0.002519764006137848,5.056808004155755e-06,0.00012642107903957367,0.0411231042817235,0.9,1.6714472770690918,5.641402009624591e-08,0.25935288169868553
25660,0.27817638516426085,0.1759880766272545,0.029743921756744385,0.7218226078897715,0.09956766805844382,0.5,3.1214842796325684,5.6159964516171445e-08,0.2594539939332659
25670,0.28349876441061495,0.1691460594534874,-0.027325892448425294,0.2151587639003992,0.07094832630828023,0.8,7.28507661819458,5.590644824359148e-08,0.25955510616784633
25680,0.07973936777561903,0.07844661138951778,0.019380852580070496,0.4845213834196329,0.10054210724774748,0.6,2.0584454887284664e-06,5.5653471586552095e-08,0.2596562184024267
25690,0.058751972019672395,0.06546904630959034,0.018746477365493775,0.4686620980501175,0.17381939782062544,0.5,0.010366487316787243,5.5401034852443964e-08,0.25975733063700707
25700,0.047070999443531034,0.03882117681205273,0.025726175308227538,0.6438023295253515,0.10712175557855516,0.7,0.036856554448604584,5.514913834800133e-08,0.25985844287158744
25710,0.015800149622373284,0.15118184201419355,0.019080193340778352,0.47700472064316274,0.14743006782373413,0.5,5.292873859405518,5.489778237930237e-08,0.25995955510616786
25720,0.03849003911018371,0.02199430763721466,0.014794161915779114,0.3698539461940527,0.060605913831386714,0.9,0.5296366810798645,5.464696725176826e-08,0.26006066734074823
25730,0.23715420849621296,0.16901050917804242,0.03308192491531372,0.8378325127065182,0.09237091677496209,0.5,7.229968547821045,5.4396693270162944e-08,0.2601617795753286
25740,-0.04564214274287224,0.15056957080960273,0.02360222041606903,0.6045499458909035,0.12982566989958286,0.6,4.331114723754581e-06,5.4146960738592986e-08,0.260262891809909
25750,0.10508118588477373,0.1068272921256721,0.021022997796535492,0.6268330711871386,0.1343733721645549,0.6,1.6799532175064087,5.3897769960506933e-08,0.2603640040444894
25760,0.12331629274412989,0.15273526981472968,0.04386295974254608,1.1003112373873591,0.18748416104353965,0.4,1.1807675264208228e-06,5.364912123869492e-08,0.26046511627906976
25770,0.10047762170433998,0.06357266381382942,0.019244563579559327,0.48735259994864466,0.12966195952612908,0.7,0.018741076812148094,5.340101487528886e-08,0.26056622851365013
25780,-0.010508156404830516,0.08647128480515676,0.016036596894264222,0.40091508626937866,0.10512199656805024,0.8,1.5783576965332031,5.315345117176129e-08,0.26066734074823056
25790,0.2360762756317854,0.14450075067579746,0.02173626273870468,0.5434068143367767,0.13601800539763645,0.5,0.02040240168571472,5.2906430428925397e-08,0.2607684529828109
25800,0.031571817398071286,0.06899152230471373,0.025377774238586427,0.6344440881162882,0.13311391341267154,0.5,0.055552151054143906,5.265995294693471e-08,0.2608695652173913
25810,0.3448813363909721,0.2660287067294121,0.04478423297405243,1.1196056552231313,0.165924812364392,0.4,1.3617857694625854,5.241401902528253e-08,0.26097067745197167
25820,0.26812987923622134,0.19892920404672623,0.022321823239326476,0.5580454066395759,0.0927003609132953,0.6,1.2063820804542047e-06,5.2168628962801886e-08,0.2610717896865521
25830,0.062355741113424304,0.20680636819452047,0.014521488547325134,0.3630375850945711,0.08161641410551965,0.7,1.1948466180911055e-06,5.19237830576647e-08,0.26117290192113246
25840,0.19689727313816546,0.17920997738838196,0.012972328066825866,0.7529807440936566,0.08801878719823435,0.7,0.2727693021297455,5.167948160738206e-08,0.26127401415571283
25850,0.34262274503707885,0.23763898611068726,0.026605448126792906,0.6651361411437392,0.0522726537194103,0.8,4.816030979156494,5.14357249088031e-08,0.2613751263902932
25860,0.17772649675607682,0.150427907705307,0.029300692677497863,0.7325178820639848,0.10693792141973972,0.7,1.8163108279622975e-06,5.119251325811513e-08,0.2614762386248736
25870,-0.00167294442653656,0.08080278187990189,0.015364970266819,0.3841244254261255,0.12370366047834977,0.7,1.4902913108016946e-06,5.094984695084348e-08,0.261577350859454
25880,0.016642248257994652,0.16343331206589937,0.03518927395343781,0.8797324109822512,0.16465487658279016,0.6,2.357862710952759,5.0707726281850384e-08,0.26167846309403436
25890,0.3308833450078964,0.27827410623431204,0.02434181272983551,0.6085450574755669,0.1327866938430816,0.4,7.5304975509643555,5.0466151545335344e-08,0.2617795753286148
25900,0.16338415071368217,0.09672900326550007,0.02924003601074219,0.7310009863227606,0.10115383487427607,0.7,0.28058168292045593,5.0225123034834505e-08,0.26188068756319516
25910,0.11735719442367554,0.10027182716876268,0.01115918681025505,0.30496424846351144,0.13734083033632488,0.2,5.140003681182861,4.998464104322014e-08,0.2619817997977755
25920,0.0735974557697773,0.09296462200582027,0.019821393489837646,0.49553478211164476,0.10750378374941646,0.6,1.6868973970413208,4.9744705862700464e-08,0.2620829120323559
25930,0.08393314257264137,0.09140981454402208,0.013410741090774536,0.33526872768998145,0.14267445420846342,0.5,0.018375752493739128,4.9505317784819645e-08,0.2621840242669363
25940,0.0,0.0,0.005017814412713051,0.12544529549777508,0.056817848491482435,1.0,0.0031543346121907234,4.92664771004565e-08,0.2622851365015167
25950,0.1779540777206421,0.1305021822452545,0.013359671831130982,0.3339922375977039,0.08116077035665512,0.8,1.9926144432247384e-06,4.902818409982512e-08,0.26238624873609706
25960,0.0647681225091219,0.07406192868947983,0.018195781111717223,0.4772103324532509,0.15840217088116332,0.5,5.193613105802797e-06,4.879043907247382e-08,0.26248736097067743
25970,0.04348440170288086,0.03960733562707901,0.02371806651353836,0.5918775707483291,0.09836226243060082,0.8,1.0521307558519766e-06,4.855324230728541e-08,0.26258847320525786
25980,-0.13672103881835937,0.0781262993812561,0.00021148095838725568,0.005287176743149757,0.055426371248904614,0.9,1.5119242107175523e-06,4.8316594092476183e-08,0.2626895854398382
25990,0.14227739870548248,0.11928910147398711,0.020991794764995575,0.5446586094796657,0.13177831351058558,0.6,0.0006905898335389793,4.808049471559617e-08,0.2627906976744186
26000,0.000614878535270691,0.032637234404683114,0.012793000042438506,0.319825267419219,0.14542402260703965,0.6,0.7658820748329163,4.784494446352832e-08,0.26289180990899896
26010,0.14572866559028624,0.18549862876534462,0.01507122814655304,0.4738916214555502,0.1321780707454309,0.6,1.6328954188793432e-06,4.7609943622488324e-08,0.2629929221435794
26020,0.3267582173459232,0.26810438372194767,0.027271097898483275,0.6817773763090372,0.1843131095636636,0.2,0.0006613052100874484,4.737549247802442e-08,0.26309403437815976
26030,0.2511211319360882,0.16655223444104195,0.02278417646884918,0.5834650170058012,0.12707591879880056,0.7,20.13520050048828,4.7141591315016885e-08,0.2631951466127401
26040,0.07668085396289825,0.06984399333596229,0.016113702952861787,0.4028425831347704,0.11043536484939978,0.7,0.7001115083694458,4.690824041767766e-08,0.26329625884732055
26050,-0.04403787478804588,0.09834854975342751,0.01490531712770462,0.3726331599056721,0.08507119626738131,0.7,1.510033369064331,4.66754400695501e-08,0.2633973710819009
26060,0.12353269942104816,0.1796138271689415,0.023937807977199556,0.7087384302169084,0.14411464406875893,0.5,9.52361011505127,4.644319055350859e-08,0.2634984833164813
26070,0.18932664692401885,0.12489904165267944,-0.01402541995048523,0.23062200285494328,0.06923542724689469,0.8,0.00016925166710279882,4.621149215175807e-08,0.26359959555106166
26080,0.0016678757965564728,0.0009530718438327312,0.008687926083803177,0.21719807535409927,0.06497647232608869,0.9,0.5664296746253967,4.598034514583415e-08,0.2637007077856421
26090,0.013964470662176608,0.02498040534555912,0.015188434720039367,0.379710828140378,0.1122851536842063,0.8,0.007109017111361027,4.574974981660212e-08,0.26380182002022246
26100,0.06523735169321299,0.0970562905073166,0.0020623102784156798,0.2985288448631763,0.16051665189443157,0.5,4.959846496582031,4.551970644425707e-08,0.2639029322548028
26110,0.1007950522005558,0.13472331464290618,0.021289633214473726,0.5322409808635712,0.13169756972929464,0.6,0.0002387528365943581,4.529021530832328e-08,0.2640040444893832
26120,0.03325694724917412,0.21298970729112626,0.029709041118621826,0.7767839655280113,0.16717906806152313,0.4,2.7877722459379584e-06,4.5061276687654306e-08,0.2641051567239636
26130,0.2708621404133737,0.19871338400989771,-0.002279888838529587,0.5149120073765516,0.17140964610734954,0.3,0.0016778871649876237,4.483289086043196e-08,0.264206268958544
26140,0.06853964738547802,0.04350969847291708,0.004080713912844658,0.10201783999800682,0.09659663912607357,0.8,0.03556566312909126,4.4605058104166815e-08,0.26430738119312436
26150,0.028499171137809753,0.04151856154203415,0.017796875536441804,0.4449218291789293,0.10895087519893423,0.8,0.07560256868600845,4.4377778695696976e-08,0.2644084934277047
26160,0.08897249586880207,0.05640535615384579,0.019027887284755705,0.47539878617972137,0.07528896713629366,0.7,0.0013561723753809929,4.4151052911188427e-08,0.26450960566228515
26170,0.07135667353868484,0.07397382594645023,0.019275246560573576,0.4818813055753708,0.07271793328691274,0.8,0.0002763981756288558,4.3924881026134344e-08,0.2646107178968655
26180,0.2140853177756071,0.16530558839440346,0.03004828989505768,0.7512076523154974,0.16288488532882184,0.4,3.880192756652832,4.369926331535473e-08,0.2647118301314459
26190,0.07077119359746575,0.06419910527765751,0.010518454760313035,0.39555780552327635,0.1055529156816192,0.7,1.2006081533399993e-06,4.347420005299668e-08,0.2648129423660263
26200,0.09065123870968819,0.06486417893320322,0.009765873849391937,0.24414682164788246,0.07473577340133489,0.7,4.535798871074803e-05,4.324969151253316e-08,0.2649140546006067
26210,-0.0011031970381736756,0.01862454116344452,0.01132323294878006,0.2804659932851791,0.1236509712645784,0.7,0.00018507905770093203,4.302573796676312e-08,0.26501516683518705
26220,0.07116425335407257,0.04955383688211441,0.0012923996895551682,0.18002913929522038,0.0634254410280846,0.8,3.0686862828588346e-06,4.280233968781139e-08,0.2651162790697674
26230,0.25716008618474007,0.21274702847003937,0.039310154318809507,0.9827540006488562,0.11796386815840379,0.5,1.8352599143981934,4.2579496947127704e-08,0.26521739130434785
26240,0.32677734959870575,0.25891773477196695,0.04180029332637787,1.0450076188892126,0.09588495120406151,0.4,3.6360775084176566e-06,4.235721001548726e-08,0.2653185035389282
26250,0.06309655150398612,0.13785973184276373,0.022544440627098084,0.5636106327176094,0.1501306564314291,0.6,0.03300384432077408,4.21354791629896e-08,0.2654196157735086
26260,0.025325250625610352,0.03263075239956379,0.022685272991657256,0.5615667209029198,0.14235307208728046,0.6,0.0009513930417597294,4.191430465905843e-08,0.26552072800808896
26270,0.20380337163805962,0.15917301103472709,0.038287073373794556,0.9623863831162452,0.11821208858164027,0.5,0.0007624664576724172,4.169368677244184e-08,0.2656218402426694
26280,0.21607328169047832,0.17049640491604806,-0.012567129731178284,0.3435576166957617,0.14048372362740338,0.6,17.709362030029297,4.147362577121122e-08,0.26572295247724975
26290,0.0934021488763392,0.10489761829376221,0.010315269976854325,0.25788190178573134,0.18291235957294702,0.5,6.150981426239014,4.1254121922761566e-08,0.2658240647118301
26300,0.11243679281324148,0.0999649479985237,0.026298436522483825,0.6574608128517866,0.12286347205517814,0.5,5.418609362095594e-06,4.1035175493810695e-08,0.2659251769464105
26310,0.24752290546894073,0.27969641499221326,0.04403726458549499,1.1009315099567174,0.15529645940987394,0.3,7.666318416595459,4.0816786750399126e-08,0.2660262891809909
26320,0.009633993357419967,0.01723381131887436,0.02310216277837753,0.5726739410310984,0.06917726676911115,0.9,1.8208772871730616e-06,4.059895595788987e-08,0.2661274014155713
26330,0.021938331425189972,0.059979066252708435,0.010178738087415696,0.2544685296714306,0.11010818484937772,0.7,2.3382128802040825e-06,4.038168338096776e-08,0.26622851365015165
26340,0.05035407766699791,0.09868879336863756,0.028196686506271364,0.7145541730031255,0.1827652258449234,0.3,3.905874252319336,4.016496928363944e-08,0.2663296258847321
26350,-0.027828748081810774,0.024049515835940838,0.00270680021494627,0.06766995005309581,0.12477377108298242,0.7,3.0124435424804688,3.994881392923316e-08,0.26643073811931245
26360,-0.019127486646175383,0.12980888187885284,0.012657344341278076,0.38219732232391834,0.12508919717511163,0.6,1.1209745025553275e-06,3.9733217580397936e-08,0.2665318503538928
26370,0.393526544328779,0.3284691287204623,0.021269601583480836,0.7443407561630011,0.14475649840896948,0.4,2.1011017452110536e-05,3.951818049910366e-08,0.2666329625884732
26380,0.09659476578235626,0.1288030669093132,0.02228161245584488,0.5642753183841706,0.13936494541121647,0.5,2.774458885192871,3.93037029466407e-08,0.2667340748230536
26390,0.23467836976051332,0.1484060727059841,0.006251790374517441,0.5245801184326411,0.06866060742177069,0.6,1.1479321718215942,3.908978518361938e-08,0.266835187057634
26400,0.25317604541778566,0.355228990316391,0.03810384273529053,0.952596104517579,0.12225580787053332,0.5,1.4427361065827427e-06,3.8876427469970167e-08,0.26693629929221435
26410,0.2028729775454849,0.1670031214132905,0.024094295501708985,0.6381742727011442,0.1004319073050283,0.6,9.491632795288751e-07,3.8663630064942555e-08,0.2670374115267947
26420,0.18251001238822936,0.10429143756628037,0.024383075535297394,0.6095771115273237,0.06916272776434199,0.8,0.000558893836569041,3.845139322710572e-08,0.26713852376137515
26430,0.06751778423786163,0.054637606255710125,0.015200282633304595,0.3828462217003107,0.1527832082239911,0.6,0.3336685299873352,3.823971721434727e-08,0.2672396359959555
26440,0.09440343976020812,0.17141391336917877,0.018616226315498353,0.46540579460561277,0.07244916532654315,0.8,68.8481674194336,3.80286022838735e-08,0.2673407482305359
26450,0.07314562015235423,0.10756645314395427,0.019944652915000916,0.49861641619354485,0.10679225100902841,0.6,1.063936710357666,3.781804869220911e-08,0.26744186046511625
26460,0.20835607470944523,0.12354421252384781,0.008512470126152038,0.6773686297237873,0.12879549565259368,0.5,5.817005634307861,3.7608056695196455e-08,0.2675429726996967
26470,0.030648406036198138,0.02577101457864046,0.009185165166854858,0.22962909936904907,0.1167992920614779,0.7,0.002563632559031248,3.7398626547995585e-08,0.26764408493427705
26480,0.06980853006243706,0.17026126980781556,0.019442906975746153,0.4860722340643406,0.13493190654553472,0.6,29.13400650024414,3.718975850508399e-08,0.2677451971688574
26490,0.1987396575510502,0.22859736233949662,0.032932665944099423,0.8233161475509405,0.14541083859512582,0.5,2.6865623112826142e-06,3.698145282025583e-08,0.26784630940343784
26500,0.026660795509815215,0.09531618505716324,0.03162450790405273,0.747136632213369,0.1327810169546865,0.6,1.0930682492471533e-06,3.677370974662236e-08,0.2679474216380182
26510,-0.012344671785831452,0.12422215342521667,0.019552823901176453,0.4888206135481596,0.15026982753770426,0.5,34.5002555847168,3.6566529536610994e-08,0.2680485338725986
26520,-0.011370255053043366,0.006497288495302201,0.003690646216273308,0.09226616621017455,0.046623998519498853,0.9,7.428652224916732e-06,3.6359912441965124e-08,0.26814964610717895
26530,0.05503397583961487,0.062125496566295624,0.0254069983959198,0.635174822434783,0.1056192086194642,0.8,0.09519368410110474,3.615385871374404e-08,0.2682507583417594
26540,0.3694121867418289,0.43123672902584076,0.02166682332754135,0.9056378802284598,0.11182565748458728,0.4,0.0729447603225708,3.5948368602322366e-08,0.26835187057633975
26550,-0.002014300599694252,0.013033304363489151,0.012081161141395569,0.3020289935171604,0.11429586138110608,0.8,2.13999214793148e-06,3.5743442357390186e-08,0.2684529828109201
26560,0.024379506707191467,0.0694929152727127,0.01141657903790474,0.31853330619633197,0.0916452779318206,0.8,3.8213119506835938,3.5539080227951936e-08,0.2685540950455005
26570,0.2997561626136303,0.2753046546364203,0.04075632095336914,1.0189084969460964,0.13507897519739345,0.4,3.518456651363522e-05,3.533528246232709e-08,0.2686552072800809
26580,0.2290958458557725,0.20569684952497483,0.028794834017753602,0.7472790636122226,0.1518689708551392,0.4,1.0707587534852792e-05,3.5132049308149116e-08,0.2687563195146613
26590,0.16810846701264381,0.16878762245178222,0.030750206112861632,0.753205418214202,0.13728198391618207,0.4,0.015843238681554794,3.4929381012365424e-08,0.26885743174924165
26600,0.024017377849668266,0.023045461997389792,0.018588447570800783,0.4647115428000689,0.09712991592241452,0.7,1.7323401380053838e-06,3.4727277821236965e-08,0.268958543983822
26610,0.0,0.0,0.009598871320486068,0.23997169099748134,0.048494345450308174,1.0,0.03421501815319061,3.452573998033842e-08,0.26905965621840244
26620,-0.05972478576004505,0.1523461274802685,0.016389773786067964,0.42166830599308014,0.14632414008956401,0.6,27.126480102539062,3.4324767734557116e-08,0.2691607684529828
26630,0.15647696498781444,0.1315448888577521,0.026302874088287354,0.6575717281550169,0.11842236678348854,0.6,0.05341656878590584,3.4124361328093376e-08,0.2692618806875632
26640,0.14177082106471062,0.16107254512608052,0.015020850300788879,0.37658199965953826,0.10422045986633748,0.7,9.695769449535874e-07,3.392452100445975e-08,0.2693629929221436
26650,0.0431019090116024,0.06996720135211945,0.02396053522825241,0.5990128513425589,0.1343691653921269,0.6,1.542176365852356,3.372524700648116e-08,0.269464105156724
26660,0.012945960462093353,0.03576774448156357,0.012137768417596817,0.30344412885606287,0.09585146110039204,0.8,1.1381041986169294e-05,3.352653957629431e-08,0.26956521739130435
26670,0.0066375574097037315,0.01584537886083126,0.01273675262928009,0.31841876208782194,0.10297902155434713,0.8,5.058745861053467,3.3328398955347444e-08,0.2696663296258847
26680,0.10524224489927292,0.10912678241729737,0.014689598977565766,0.3672395903617144,0.10896704435581342,0.7,50.953941345214844,3.313082538440015e-08,0.26976744186046514
26690,-0.0009074378525838256,0.06965308286598884,0.012613905966281891,0.31534753926098347,0.1692553159315139,0.6,0.06894280016422272,3.293381910352277e-08,0.2698685540950455
26700,0.15622411631047725,0.09922975748777389,0.015051838755607606,0.3762959085404873,0.09789190087467432,0.6,0.0003742391709238291,3.273738035209678e-08,0.2699696663296259
26710,0.047516029328107834,0.04614696353673935,0.02374792695045471,0.5936979684978724,0.13340646404540166,0.6,0.09308915585279465,3.254150936881356e-08,0.27007077856420625
26720,0.0578686997294426,0.06729740500450135,0.01166030764579773,0.2915076805278659,0.07958590226480737,0.7,1.7199378135046572e-06,3.234620639167496e-08,0.2701718907987867
26730,0.14591207690536975,0.08545480519533158,0.030061626434326173,0.7472546841949225,0.12148824473842978,0.6,1.036610722541809,3.215147165799248e-08,0.27027300303336704
26740,0.1300588951446116,0.10930466670542956,0.03013589084148407,0.7568917743861675,0.1499207716435194,0.6,0.04469543322920799,3.195730540438718e-08,0.2703741152679474
26750,0.14510799646377565,0.10512589141726494,0.02783084511756897,0.6957713026553393,0.14641434099758044,0.5,0.7080786228179932,3.176370786678934e-08,0.2704752275025278
26760,0.23514503259211778,0.17998866662383078,-0.0008830655366182327,0.5396053683012724,0.1461618157569319,0.5,0.9813583493232727,3.157067928043816e-08,0.2705763397371082
26770,0.11771987965330481,0.07628888562321663,0.021056514978408814,0.5264131177216769,0.10971886254847049,0.6,3.1731797207612544e-06,3.1378219879881764e-08,0.2706774519716886
26780,0.022454237937927245,0.028965097665786744,0.023057465255260468,0.577400178834796,0.07699415850220248,0.9,0.06472085416316986,3.118632989897629e-08,0.27077856420626895
26790,0.06634771525859832,0.15996795296669006,0.022664205729961397,0.5666054368019104,0.1223481992026791,0.7,0.10344460606575012,3.09950095708863e-08,0.2708796764408493
26800,0.18109245002269744,0.15520331710577012,0.01733722388744354,0.43343095295131207,0.13260515258880332,0.6,0.00029338523745536804,3.080425912808393e-08,0.27098078867542974
26810,0.15335919037461282,0.15356261953711509,0.019627751410007478,0.5214272052049637,0.1239896977553144,0.5,5.865876119059976e-06,3.06140788023489e-08,0.2710819009100101
26820,-0.003873511031270027,0.004996678978204727,0.017385715246200563,0.4346431761980057,0.0603953130543232,0.9,2.8046886200172594e-06,3.042446882476846e-08,0.2711830131445905
26830,0.015181735157966614,0.013828131556510925,0.002623430825769901,0.06558577492833137,0.04285765511449426,0.9,2.644651885930216e-06,3.023542942573643e-08,0.2712841253791709
26840,0.059960222244262694,0.07816664725542069,0.03228397071361542,0.8070996601134539,0.12230604265350849,0.7,8.036755561828613,3.004696083495351e-08,0.2713852376137513
26850,-0.018151623755693437,0.012269805744290352,0.00892713963985443,0.2320257481187582,0.06669973245589063,0.8,0.006486985832452774,2.98590632814269e-08,0.27148634984833164
26860,0.02624962739646435,0.06900275461375713,0.027914592623710634,0.6978651273995637,0.13088984744390472,0.5,0.01279393769800663,2.96717369934697e-08,0.271587462082912
26870,0.048723353445529936,0.08510230332612992,0.026035967469215392,0.6508996661752462,0.11693901141406968,0.7,4.6209312131395563e-05,2.9484982198701214e-08,0.27168857431749244
26880,0.2976475179195404,0.19923794865608216,0.012263000756502152,0.7608282320201397,0.10545369460014627,0.5,8.7401014070565e-07,2.9298799124046035e-08,0.2717896865520728
26890,-0.021579057909548283,0.04508029296994209,0.018577879667282103,0.46444735005497934,0.16115933776600286,0.6,1.5122755030461121e-06,2.9113187995734145e-08,0.2718907987866532
26900,0.050722970813512805,0.04505963660776615,0.010692582279443742,0.2673145458102226,0.09280496932333335,0.7,4.310416221618652,2.892814903930052e-08,0.27199191102123355
26910,0.024054381996393204,0.023646299540996552,0.020125575363636017,0.5031394204124808,0.12533033647341654,0.7,2.4769049559836276e-05,2.8743682479584973e-08,0.27209302325581397
26920,0.044608117640018465,0.06846905685961246,0.012612225115299225,0.3153055813163519,0.09351344030583278,0.7,1.7666288840700872e-05,2.8559788540731822e-08,0.27219413549039434
26930,-0.10150181008502841,0.16594885662198067,0.01518431156873703,0.3796077959239483,0.1263882650411688,0.5,2.026975393295288,2.837646744618949e-08,0.2722952477249747
26940,0.10925756245851517,0.15677062571048736,0.03158840537071228,0.7897103916853666,0.11857961961068213,0.6,7.3894416345865466e-06,2.8193719418710406e-08,0.2723963599595551
26950,0.33759065745398403,0.2611642480827868,0.016978684067726135,0.6523718036711216,0.11592441684333607,0.5,3.350189447402954,2.8011544680350664e-08,0.2724974721941355
26960,0.04050445752218366,0.02662793146446347,0.010267810523509979,0.25669534876942635,0.10742202490800992,0.7,2.5331149101257324,2.782994345246975e-08,0.2725985844287159
26970,0.09986246526241302,0.2507768779993057,0.04946826696395874,1.2367066614329816,0.14212176476139576,0.6,8.162503242492676,2.764891595573021e-08,0.27269969666329624
26980,0.14599605053663253,0.10512995757162572,0.012098316103219986,0.4857539556920528,0.12280291428323835,0.5,1.2980600595474243,2.746846241009765e-08,0.27280080889787667
26990,0.12183778276666998,0.16072439812123776,0.031494703888893125,0.7873680979013443,0.17235238027060404,0.4,16.034866333007812,2.728858303483994e-08,0.27290192113245704
27000,0.3812904618680477,0.352035753056407,0.034090259671211244,0.8522567987442017,0.1474095980869606,0.4,0.02714092843234539,2.710927804852775e-08,0.2730030333670374
27010,-0.03170169405639171,0.14810470025986433,0.016073423624038696,0.40183561816811564,0.13705884140217678,0.6,1.2648807796722394e-06,2.693054766903341e-08,0.2731041456016178
27020,0.1051305890083313,0.06007462739944458,0.007738137990236283,0.19345346614718437,0.047953816305380315,0.9,0.06117056682705879,2.6752392113531085e-08,0.2732052578361982
27030,0.051724332571029666,0.06672238707542419,0.022143863141536713,0.5535965915769339,0.08638276051497087,0.8,0.036335136741399765,2.6574811598496782e-08,0.27330637007077857
27040,0.2611887753009796,0.1830783486366272,0.032647359371185306,0.8161839623004198,0.09507416894193739,0.6,6.198843002319336,2.639780633970745e-08,0.27340748230535894
27050,0.011720269918441772,0.03833973109722137,0.005604156851768493,0.14010396413505077,0.07038739832350985,0.8,1.3171251111998572e-06,2.6221376552241213e-08,0.2735085945399393
27060,0.039796102605760095,0.18150511085987092,0.01697816699743271,0.4244540255516768,0.1680538900778629,0.6,1.8242551959701814e-05,2.6045522450476808e-08,0.27360970677451973
27070,0.044706011097878216,0.13107317280955613,0.02205195426940918,0.5512989204376936,0.15991811682470142,0.4,0.32564863562583923,2.5870244248093586e-08,0.2737108190091001
27080,0.03148289248347282,0.20042822621762751,0.018857014179229737,0.47142649851739404,0.1362487690988928,0.5,0.029038622975349426,2.569554215807118e-08,0.2738119312436805
27090,0.02335580736398697,0.024581358581781388,0.001259669940918684,0.1164232138544321,0.07557120836572721,0.8,5.497997283935547,2.5521416392689064e-08,0.27391304347826084
27100,0.1606578767299652,0.21121148616075516,0.027288684248924257,0.6822176784276962,0.12817402303917333,0.7,2.044144093815703e-05,2.534786716352638e-08,0.27401415571284127
27110,0.21227798610925674,0.18740442097187043,0.023052589595317842,0.5763149634003639,0.10926651610061526,0.6,6.146552562713623,2.517489468146189e-08,0.27411526794742164
27120,0.07186364568769932,0.07072519082576037,0.02231133133172989,0.557783392816782,0.11824395729927346,0.6,0.021048471331596375,2.5002499156673406e-08,0.274216380182002
27130,0.20654433518648146,0.2190218163654208,0.03783060312271118,0.9457648538053036,0.14285441674292088,0.4,2.4045321941375732,2.4830680798637815e-08,0.27431749241658243
27140,0.08174733938649296,0.1063685167580843,0.03481748700141907,0.8704376745969057,0.13684279106091707,0.6,9.63067650445737e-05,2.4659439816130555e-08,0.2744186046511628
27150,-0.033692261576652525,0.1357607213780284,0.02482548952102661,0.6915504086762667,0.18667381792329252,0.5,37.85829544067383,2.448877641722569e-08,0.27451971688574317
27160,0.12338793128728867,0.12331214137375354,0.029285576939582825,0.7321394298225641,0.09482344620628283,0.6,3.1287949085235596,2.4318690809295215e-08,0.27462082912032354
27170,-0.03732525836676359,0.05495349988341332,0.006443312019109726,0.16108272224664688,0.08836760144913569,0.8,3.71618011740793e-06,2.4149183199009215e-08,0.27472194135490396
27180,0.19055851437151433,0.1391762301325798,0.021740135550498963,0.5915949642658234,0.08586817117175087,0.7,7.427649974822998,2.3980253792335426e-08,0.27482305358948433
27190,0.002631007321178913,0.006717327237129212,0.0029483385384082793,0.07370845675468445,0.07125346808461472,0.9,1.9741346477530897e-06,2.3811902794538984e-08,0.2749241658240647
27200,0.129932302236557,0.11232020184397698,0.023554086685180664,0.5736052520573139,0.09769276856677607,0.6,3.070833921432495,2.3644130410182317e-08,0.2750252780586451
27210,0.10280533581972122,0.0587459072470665,0.011647482961416244,0.46709388606250285,0.07478357577929273,0.7,0.00039998540887609124,2.347693684312463e-08,0.2751263902932255
27220,0.17559269443154335,0.12418699711561203,0.03741631805896759,0.9770930968225002,0.13319109581643715,0.6,1.90868490790308e-06,2.3310322296521855e-08,0.27522750252780587
27230,0.0007356567308306694,0.021622583642601965,0.016690924763679504,0.4172731038182974,0.11953254018444567,0.7,2.184032382501755e-06,2.3144286972826277e-08,0.27532861476238624
27240,0.16446998659521342,0.16942509785294532,0.04542252123355865,1.12569558955729,0.19068385843420402,0.3,4.307464122772217,2.297883107378673e-08,0.2754297269969666
27250,0.018180857691913844,0.026677655056118965,0.023591579496860506,0.594501842930913,0.10123127322876826,0.7,0.7246801853179932,2.2813954800447512e-08,0.27553083923154703
27260,0.08298001289367676,0.11821340322494507,0.027467939257621764,0.6866992086172103,0.11895750525873154,0.7,2.3499248982261634e-06,2.264965835314897e-08,0.2756319514661274
27270,0.003121548891067505,0.0017837421968579293,0.014855647087097168,0.3713911775499582,0.08745248751947657,0.9,3.374026846358902e-06,2.2485941931526642e-08,0.27573306370070777
27280,0.13500820547342302,0.09424977824091911,0.019327987730503083,0.48319969698786736,0.0770261138677597,0.7,1.024691414386325e-06,2.2322805734511507e-08,0.2758341759352882
27290,0.20360930897295476,0.20017210086807607,0.04267828464508057,1.066956717148423,0.17938578899484128,0.4,0.33481746912002563,2.216024996032945e-08,0.27593528816986856
27300,0.0617794468998909,0.35703077614307405,0.02497837841510773,0.6922193262726068,0.21914256835589185,0.4,6.500055313110352,2.199827480650107e-08,0.27603640040444893
27310,0.0024411259219050407,0.03377530314028263,0.021976220607757568,0.5494054857641458,0.12171127363108099,0.7,0.03656125068664551,2.183688046984139e-08,0.2761375126390293
27320,0.03039423250593245,0.029272032156586646,0.021951042115688324,0.5487759906798602,0.11500240073073656,0.7,1.351458191871643,2.1676067146459808e-08,0.27623862487360973
27330,0.07780747432261706,0.22751509957015514,0.019118380546569825,0.477959256246686,0.14549671809654682,0.4,18.968202590942383,2.1515835031759576e-08,0.2763397371081901
27340,0.10222841948270797,0.07687501162290573,0.019721314311027527,0.49303318597376344,0.1076691236696206,0.7,2.7936728201893857e-06,2.1356184320437952e-08,0.27644084934277047
27350,0.18630273565649985,0.2708424307405949,0.030046388506889343,0.7511599145829677,0.1116765518905595,0.6,0.01862158440053463,2.1197115206485538e-08,0.27654196157735084
27360,0.15068369284272193,0.13450530171394348,0.015538272261619569,0.3884568549692631,0.08848917020950467,0.6,9.435506820678711,2.1038627883186276e-08,0.27664307381193126
27370,-0.008005882054567337,0.00729207843542099,0.012691760063171386,0.31729407534003257,0.057082066172733904,0.9,4.049830386065878e-05,2.0880722543117292e-08,0.27674418604651163
27380,0.22477765679359435,0.13996946662664414,0.021740590035915375,0.6689715351909399,0.1081948736216873,0.5,4.73205041885376,2.072339937814843e-08,0.276845298281092
27390,0.061998523568036035,0.06724742808146403,0.015609124302864074,0.39022791795432565,0.12628150200471283,0.7,0.024402720853686333,2.0566658579442066e-08,0.27694641051567237
27400,0.2203807659447193,0.23303670585155487,0.025637546181678773,0.6409388829022646,0.10123572702286765,0.7,0.00010820159513968974,2.0410500337453174e-08,0.2770475227502528
27410,0.2029641956090927,0.11597953885793685,0.027973079681396486,0.6993270795792341,0.0778322333469987,0.7,2.0954782962799072,2.0254924841928645e-08,0.27714863498483316
27420,0.15533981677144765,0.2677249064669013,0.038221579790115354,1.0569590453058482,0.16411878215149045,0.4,2.7464349841466174e-05,2.009993228190754e-08,0.27724974721941353
27430,0.00998629555106163,0.017419502884149552,0.014198312163352966,0.35495796538889407,0.09302472762065009,0.8,0.4601399302482605,1.994552284572032e-08,0.27735085945399396
27440,0.16012858953326942,0.13377629835158586,0.032047766447067264,0.8011941358447074,0.11651152917183935,0.5,6.563014176208526e-05,1.979169672098896e-08,0.27745197168857433
27450,0.23945191130042076,0.2319217436015606,0.038323238492012024,1.0244420364499092,0.1649371011648327,0.4,0.10766110569238663,1.9638454094626834e-08,0.2775530839231547
27460,0.2801217555999756,0.16006956696510316,0.019759394228458405,0.4939849380403757,0.08859791056020186,0.8,0.0001020413328660652,1.9485795152838103e-08,0.27765419615773507
27470,0.22351894211024045,0.16531817018985748,0.029383713006973268,0.7345931857824326,0.15331040967721493,0.5,0.07274874299764633,1.9333720081117777e-08,0.2777553083923155
27480,0.11355661936104297,0.07432178882881998,0.01585279405117035,0.39632017984986306,0.09048725104657933,0.7,1.9859305620193481,1.9182229064251432e-08,0.27785642062689586
27490,0.05571908392012119,0.06373997461050748,0.03038765788078308,0.7596911855041981,0.16758118105353786,0.5,0.00655378308147192,1.9031322286314878e-08,0.27795753286147623
27500,0.1314820647239685,0.07513261437416077,0.01651354879140854,0.4128386862576008,0.0477540533291176,0.9,2.092015266418457,1.8880999930674213e-08,0.2780586450960566
27510,0.013615839183330536,0.012401852011680602,0.014470529556274415,0.36176362857222555,0.07804361250018702,0.9,1.7572135675436584e-06,1.8731262179985162e-08,0.278159757330637
27520,0.10739692971110344,0.1504013653844595,0.020850172638893126,0.5212548453360796,0.12181103575276211,0.6,48.647438049316406,1.8582109216193244e-08,0.2782608695652174
27530,0.07192400046624244,0.10390558582730591,0.02474866658449173,0.6187168821692467,0.16951034060912207,0.5,1.1166795275130426e-06,1.8433541220533367e-08,0.27836198179979776
27540,0.11947028683498502,0.09545848295092582,0.043012723326683044,1.0753343548625707,0.14166991545353086,0.5,1.184821030619787e-06,1.8285558373529576e-08,0.27846309403437813
27550,0.10404861271381378,0.07989924103021621,0.011720162630081177,0.293008740618825,0.12263380025979131,0.7,0.008313041180372238,1.8138160854995144e-08,0.27856420626895856
27560,0.07051912737078965,0.0774698032066226,0.021118967235088347,0.5279745027422905,0.11376359743298962,0.7,2.716249400691595e-05,1.799134884403186e-08,0.27866531850353893
27570,0.09894332848489285,0.10914978384971619,0.02117328941822052,0.5293326236307621,0.1284433680935763,0.6,1.1824331522802822e-06,1.78451225190302e-08,0.2787664307381193
27580,-0.02182701090350747,0.055131575046107176,0.004877621307969093,0.12194066904485226,0.0794969339389354,0.8,1.0839384003702435e-06,1.769948205766891e-08,0.2788675429726997
27590,0.10200012609602709,0.12694344153642306,0.03129618465900421,0.7824053207412363,0.13199314184021205,0.7,1.5345956087112427,1.7554427636914894e-08,0.2789686552072801
27600,0.10349408462643624,0.15563004687428475,0.02691502571105957,0.67287562713027,0.17107513591181486,0.5,10.952938079833984,1.740995943302287e-08,0.27906976744186046
27610,0.10876849479973316,0.18020775113254786,0.02504695951938629,0.6261740904301405,0.1638926333282143,0.4,2.2443859052145854e-05,1.726607762153548e-08,0.27917087967644083
27620,0.1022090271115303,0.06077782586216927,0.006011468917131424,0.15028681587427856,0.06277910742210224,0.8,0.0036878481041640043,1.7122782377282597e-08,0.27927199191102126
27630,0.006897447258234024,0.006282471120357513,0.007250294834375381,0.18125740997493267,0.08509793602861464,0.9,0.033257633447647095,1.6980073874381494e-08,0.2793731041456016
27640,0.03834493532776832,0.042093954235315326,0.01523163914680481,0.3808306947350502,0.08765301385428756,0.8,1.026723907671112e-06,1.683795228623641e-08,0.279474216380182
27650,0.15495290878461673,0.11814105687080882,0.027282407879829405,0.6820597175508738,0.10714858296560123,0.5,2.932200231953175e-06,1.6696417785538484e-08,0.27957532861476236
27660,0.24553513824939727,0.2544689394533634,0.03200657963752747,0.8001646000891924,0.13391866142628714,0.5,22.64592933654785,1.6555470544265536e-08,0.2796764408493428
27670,0.10904355887323618,0.11551437675952911,0.02980303168296814,0.7644181583076716,0.17970536407083273,0.3,7.732679843902588,1.6415110733681735e-08,0.27977755308392316
27680,0.23531679548323153,0.20767970010638237,0.030588653683662415,0.7690307948738336,0.17655935920774937,0.2,0.5905789732933044,1.6275338524337433e-08,0.27987866531850353
27690,0.26107661724090575,0.239791239798069,0.031259936094284055,0.781498558819294,0.09979581192601472,0.6,4.863674640655518,1.6136154086069055e-08,0.2799797775530839
27700,0.2984417913481593,0.40306923910975456,0.04598458707332611,1.0357366990298034,0.1748047342756763,0.2,28.5707950592041,1.5997557587998867e-08,0.2800808897876643
27710,0.10627533383667469,0.08212658688426018,0.027515992522239685,0.6829026088118553,0.09171426432440058,0.7,0.015106854028999805,1.5859549198534606e-08,0.2801820020222447
27720,-0.0027713408810086547,0.11122187050059437,0.012076810002326965,0.2985677946358919,0.16198364219162614,0.5,6.66194486618042,1.572212908536963e-08,0.28028311425682506
27730,0.11679216101765633,0.12765225172042846,0.022528032958507537,0.5632011637091636,0.10436600876273587,0.8,1.093270748242503e-05,1.5585297415482203e-08,0.2803842264914055
27740,0.3706390244187787,0.27389740047510713,0.012905682623386382,0.7544033488724381,0.12894161634612827,0.4,1.5423817103510373e-06,1.5449054355135714e-08,0.28048533872598586
27750,0.3200693141669035,0.20769409816712142,0.02857397198677063,0.8432422649115324,0.15781151982955635,0.4,0.17441469430923462,1.5313400069878413e-08,0.2805864509605662
27760,0.01890673115849495,0.06540031358599663,0.01425544023513794,0.3563860394060612,0.11479450826300308,0.7,1.0936129093170166,1.5178334724542883e-08,0.2806875631951466
27770,0.18221200481057168,0.19984125345945358,0.022357076406478882,0.5992866061627865,0.15563682274660096,0.5,1.737095832824707,1.5043858483246408e-08,0.280788675429727
27780,0.11608037427067756,0.22966364175081252,0.032302355766296385,0.8075582485646009,0.12433422864414752,0.5,1.2401865720748901,1.4909971509390328e-08,0.2808897876643074
27790,0.02767520509660244,0.06832053689286113,0.029201093316078185,0.730027225241065,0.10184064616914838,0.7,0.04232717677950859,1.4776673965659791e-08,0.28099089989888776
27800,0.055326330661773684,0.0503934383392334,0.018967828154563902,0.474195571988821,0.05022182700922713,0.9,0.0125556206330657,1.4643966014023957e-08,0.2810920121334681
27810,0.05842110514640808,0.06230991929769516,0.020156554877758026,0.5039141997694969,0.07392735702451318,0.8,0.007989929988980293,1.45118478157355e-08,0.28119312436804855
27820,0.19872247986495495,0.1707723807543516,0.01555800586938858,0.3889500394463539,0.0875934885116294,0.5,1.3899286985397339,1.438031953133051e-08,0.2812942366026289
27830,0.13019234854727985,0.09408424720168114,0.028392514586448668,0.7098135277628899,0.13837760284077377,0.6,2.9351844787597656,1.4249381320628195e-08,0.2813953488372093
27840,0.11285903118550777,0.08912409096956253,0.03006610870361328,0.713661166280508,0.09939602264203132,0.6,14.666219711303711,1.4119033342730901e-08,0.28149646107178966
27850,0.026743483543395997,0.01528199166059494,0.023324786126613616,0.5831197887659073,0.0786656990647316,0.9,1.4741996210432262e-06,1.3989275756023655e-08,0.2815975733063701
27860,0.07740683034062386,0.06042737886309624,0.027981850504875182,0.699546643346548,0.13222195842536166,0.6,0.977350652217865,1.3860108718174168e-08,0.28169868554095046
27870,0.24133349657058717,0.2240018740296364,0.019207476079463957,0.48018698692321776,0.07668701310176403,0.6,0.00031768460758030415,1.3731532386132616e-08,0.2817997977755308
27880,-0.023317456245422363,0.05505033079534769,0.017101162672042848,0.42752897888422015,0.1643000257317908,0.5,11.448441505432129,1.3603546916131359e-08,0.28190091001011125
27890,0.020756130293011665,0.04186793118715286,0.01428719162940979,0.35510315783321855,0.0838294417830184,0.8,8.615889549255371,1.3476152463684776e-08,0.2820020222446916
27900,0.009686029702425002,0.09816789776086807,0.028302201628685,0.7075552012771368,0.105313797283452,0.7,0.03020455688238144,1.3349349183589153e-08,0.282103134479272
27910,0.14872650615870953,0.12263659350574016,0.03177984952926636,0.7944961685687304,0.1273171064793132,0.6,0.00014363766240421683,1.3223137229922355e-08,0.28220424671385236
27920,0.041310036182403566,0.21882874220609666,0.020159618556499483,0.5039906483143568,0.13379049772629514,0.5,1.4577645063400269,1.309751675604398e-08,0.2823053589484328
27930,0.16156589090824128,0.12395041137933731,-0.0008738480508327484,0.4852198038250208,0.10262558365939185,0.6,0.02081247791647911,1.2972487914594598e-08,0.28240647118301315
27940,0.03240426480770111,0.08526821136474609,0.02040160745382309,0.5100400414317846,0.09626996938604862,0.8,0.021241627633571625,1.2848050857496128e-08,0.2825075834175935
27950,0.11071256697177886,0.09671977907419205,0.02339252233505249,0.5848130390048027,0.11546205576742068,0.6,2.1048953533172607,1.2724205735951287e-08,0.2826086956521739
27960,0.09221159294247627,0.14070914909243584,0.016733148694038393,0.42299673836678264,0.10662117041647434,0.6,1.443154928892909e-06,1.260095270044359e-08,0.2827098078867543
27970,0.07696605734527111,0.09716252759099006,0.029800191521644592,0.7399017527699471,0.1325320675270632,0.6,0.33131834864616394,1.247829190073707e-08,0.2828109201213347
27980,0.022911374643445014,0.013092213869094848,0.013145905733108521,0.3309009723365307,0.061672503920271994,0.8,1.1303517339911195e-06,1.2356223485876172e-08,0.28291203235591506
27990,0.00017929120222106575,0.0007171648554503918,0.006912500411272049,0.1728125624358654,0.09175448196474463,0.9,1.215167912960169e-06,1.2234747604185525e-08,0.2830131445904954
28000,0.12373997755348683,0.08844370245933533,0.015513196587562561,0.38783019334077834,0.12112005747621879,0.7,12.33102035522461,1.2113864403269835e-08,0.28311425682507585
28010,-0.0007711132988333702,0.000702360924333334,0.003895439952611923,0.09738592840731145,0.060437553946394475,0.9,0.0027384667191654444,1.1993574030013553e-08,0.2832153690596562
28020,0.17032743813470005,0.10102723352611065,0.02803276777267456,0.7008191671222448,0.12231970634311437,0.6,0.42828279733657837,1.1873876630580814e-08,0.2833164812942366
28030,0.05547811314463615,0.0951248411089182,0.02282620370388031,0.5706550557166338,0.1194179936661385,0.8,0.14300057291984558,1.1754772350415276e-08,0.283417593528817
28040,0.007804255746304989,0.028306594304740428,0.019964559376239775,0.499113979190588,0.10774868575390428,0.7,1.0250368118286133,1.1636261334239839e-08,0.2835187057633974
28050,-0.06301828008145094,0.0366252887994051,0.0008652509190142154,0.021631338447332383,0.07162392169702798,0.7,15.834874153137207,1.151834372605659e-08,0.28361981799797775
28060,0.02859363369643688,0.18429315239191055,0.02855193316936493,0.7137984294444323,0.15658351398305967,0.6,0.12979035079479218,1.1401019669146473e-08,0.2837209302325581
28070,0.2612527314573526,0.18205082416534424,-0.0032136339694261553,0.6066222101449966,0.10250004915287718,0.5,2.476981535437517e-06,1.1284289306069338e-08,0.28382204246713855
28080,0.15185039043426513,0.08677164912223816,0.007824593782424926,0.19561471566557884,0.03685029217740521,0.9,2.210174898209516e-06,1.1168152778663619e-08,0.2839231547017189
28090,0.12277955487370491,0.09055733308196068,0.02766682207584381,0.69167058467865,0.12870881898561493,0.6,0.00038369634421542287,1.10526102280461e-08,0.2840242669362993
28100,-0.017542079091072083,0.0,0.008760417252779007,0.21901019662618637,0.08179068871540948,1.0,0.02599799819290638,1.0937661794611863e-08,0.28412537917087965
28110,0.2770944096148014,0.2319459870457649,0.032195094227790835,0.8048793531954288,0.09695181904826314,0.6,1.575221858729492e-06,1.0823307618034128e-08,0.2842264914054601
28120,0.199899610131979,0.16021742522716523,0.02413329929113388,0.6033324003219604,0.12729916895041243,0.6,12.340252876281738,1.0709547837263967e-08,0.28432760364004045
28130,0.1790592845529318,0.17294738292694092,0.032128149271011354,0.803204046562314,0.15096885620150716,0.5,0.32143908739089966,1.059638259053025e-08,0.2844287158746208
28140,0.31231335904449226,0.18015702543780207,0.004699605330824852,0.6919462021440268,0.12538580293767154,0.5,0.8677948117256165,1.0483812015339432e-08,0.2845298281092012
28150,0.0,0.016683809459209442,0.01355774700641632,0.33891182020306587,0.07512053133687005,0.9,1.5811078810656909e-06,1.037183624847543e-08,0.2846309403437816
28160,0.04796143546700478,0.11060366928577423,0.027077999711036683,0.753348097205162,0.14775656058918685,0.6,0.4004904329776764,1.0260455425999236e-08,0.284732052578362
28170,0.11152451485395432,0.16391996815800666,0.017285272479057312,0.4321316499263048,0.14401963093550876,0.6,0.04932090640068054,1.0149669683249208e-08,0.28483316481294235
28180,0.21738471388816832,0.15601514428853988,0.04376639723777771,1.0941597916185857,0.13002944481559098,0.6,0.18031032383441925,1.0039479154840268e-08,0.2849342770475228
28190,0.03322115428745746,0.07752631306648254,0.024907736480236052,0.6226937130093575,0.12720544841140508,0.7,9.235889137926279e-07,9.929883974664488e-09,0.28503538928210315
28200,0.07507021687924861,0.04771331027150154,0.02942400276660919,0.7391778420656919,0.11284387442283332,0.7,0.022523503750562668,9.820884275890284e-09,0.2851365015166835
28210,0.2150386981666088,0.2217906903475523,0.033153048157691954,0.8288260601460934,0.14288717276649548,0.5,0.03888288885354996,9.712480190962546e-09,0.2852376137512639
28220,0.0686337523162365,0.14892877340316774,0.014244043827056884,0.35610067695379255,0.124978453211952,0.6,2.1218506844888907e-06,9.604671851602463e-09,0.2853387259858443
28230,0.07001427002251148,0.07403615564107895,0.023122747242450715,0.578068969026208,0.11894663898274302,0.7,1.240898313881189e-06,9.497459388807305e-09,0.2854398382204247
28240,-0.0028195932507514955,0.010758583247661591,0.01203354299068451,0.32706094086170195,0.06810078852577135,0.8,0.018015233799815178,9.390842932850362e-09,0.28554095045500505
28250,0.05750380884855986,0.11570766097865999,0.021862657368183137,0.5465667244046927,0.14694310168270022,0.5,1.120882416216773e-06,9.28482261328073e-09,0.2856420626895854
28260,0.013257571309804917,0.08202449679374695,0.03933196067810059,0.9832988865673542,0.15984870706452056,0.8,0.03343287482857704,9.179398558923023e-09,0.28574317492416584
28270,0.15119185000658036,0.11128354966640472,0.0234374463558197,0.5859366182237864,0.07078138599172235,0.7,2.3406040781992488e-05,9.074570897877387e-09,0.2858442871587462
28280,0.30460489094257354,0.2528872661292553,0.029459264874458314,0.7364820942282677,0.06028885175473988,0.7,0.038126468658447266,8.970339757519375e-09,0.2859453993933266
28290,0.1346567090600729,0.1919071853160858,0.0359193742275238,0.8979847498238087,0.19455144073581324,0.4,25.7855224609375,8.866705264499618e-09,0.28604651162790695
28300,-0.03827073834836483,0.10172229036688804,0.011816407740116119,0.29541018716990947,0.15489557745167987,0.6,4.494775112107163e-06,8.763667544743835e-09,0.2861476238624874
28310,0.20815117424353957,0.11918423441238701,0.027500483393669128,0.6875118732452392,0.1129838676773943,0.6,2.4147257804870605,8.66122672345254e-09,0.28624873609706775
28320,0.0016072888334747403,0.04624037377652712,0.015092559158802032,0.3252081383019686,0.201841997646261,0.4,0.12962248921394348,8.559382925101e-09,0.2863498483316481
28330,0.13958561141043901,0.2530046500265598,0.02201673835515976,0.6458464916795492,0.201843764167279,0.3,0.11015797406435013,8.458136273438943e-09,0.28645096056622854
28340,-0.017269423604011534,0.009868241846561432,0.01412142813205719,0.3530359733849764,0.07798776844283566,0.9,1.0010544428951107e-06,8.357486891490794e-09,0.2865520728008089
28350,0.03506568521261215,0.04383271336555481,0.022050191462039948,0.5575398694723844,0.11011325141880661,0.7,1.2618444316103705e-06,8.257434901554893e-09,0.2866531850353893
28360,0.06796158468350769,0.04279695805162191,0.021672448515892027,0.5418114490807057,0.11009743446484208,0.7,1.978023874471546e-06,8.157980425203937e-09,0.28675429726996965
28370,0.1652111504226923,0.1478223480284214,0.024563676118850707,0.6140919014811516,0.13937051028478892,0.6,11.16993236541748,8.059123583284367e-09,0.2868554095045501
28380,0.05615953896194696,0.13701925687491895,0.006680451333522797,0.4352622848004103,0.11665976099902764,0.7,0.009882627986371517,7.960864495916653e-09,0.28695652173913044
28390,0.017403415590524673,0.03789038956165314,0.012755320966243744,0.3322820611298084,0.12696834055241196,0.7,0.029856042936444283,7.863203282494846e-09,0.2870576339737108
28400,0.29240754842758176,0.25280185639858244,0.021605534851551055,0.6601055812090635,0.12722099075326695,0.4,18.031841278076172,7.766140061686521e-09,0.2871587462082912
28410,0.2947619628161192,0.22259543351829053,0.03862982392311096,0.9657453613355755,0.16302279552910476,0.3,1.2875721040472854e-06,7.669674951432614e-09,0.2872598584428716
28420,0.02469014674425125,0.03184933364391327,0.0063079923391342165,0.15770003199577332,0.06261066396255047,0.9,1.3977297612655093e-06,7.573808068947362e-09,0.287360970677452
28430,0.10588738434016705,0.1290285099297762,0.0292046457529068,0.886504240334034,0.1764744266634807,0.4,0.027050146833062172,7.478539530718086e-09,0.28746208291203235
28440,0.19474223046418046,0.12189419512287714,0.018983225524425506,0.47458093501627446,0.09688957261387258,0.6,3.4031686782836914,7.383869452504965e-09,0.2875631951466127
28450,0.2637149542570114,0.23504969142377377,0.02741107940673828,0.6852769531309605,0.18565100512932986,0.3,0.0979447141289711,7.289797949341203e-09,0.28766430738119314
28460,0.21222451110370458,0.13922947025857865,0.023373684287071227,0.5843417175114155,0.13999170494498686,0.4,3.783914089202881,7.1963251355324215e-09,0.2877654196157735
28470,0.22291252426803113,0.23153084963560105,0.0280349999666214,0.7008748818188906,0.15356044332729651,0.4,4.923778760712594e-06,7.103451124656989e-09,0.2878665318503539
28480,0.026061953604221345,0.014892544224858284,0.007700731605291366,0.1934550611767918,0.08009253732161596,0.8,2.086327075958252,7.011176029565524e-09,0.2879676440849343
28490,0.08081340789794922,0.0461790919303894,0.022018638253211976,0.5504657536745071,0.06337823789799586,0.9,0.015675244852900505,6.919499962381003e-09,0.2880687563195147
28500,0.2153360392898321,0.12366110254079103,0.017115601897239686,0.3219605445861816,0.10698227518005296,0.7,2.8834589102189057e-05,6.828423034498487e-09,0.28816986855409504
28510,0.0009790768381208181,0.020664145750924946,0.019948451220989226,0.498711458966136,0.15585261678788812,0.6,1.8078842163085938,6.737945356585007e-09,0.2882709807886754
28520,0.054022228717803954,0.03525669649243355,0.023238269984722136,0.5809567164629698,0.09645328251644969,0.8,4.6255845518317074e-05,6.648067038579508e-09,0.28837209302325584
28530,0.10792984217405319,0.12132124826312066,0.03122735917568207,0.7806838050484657,0.1631804421893321,0.6,0.31853196024894714,6.5587881896925765e-09,0.2884732052578362
28540,0.5537528056651354,0.3692968152463436,0.050172388553619385,1.2550304606556892,0.1030523012392223,0.3,19.223487854003906,6.470108918406492e-09,0.2885743174924166
28550,0.19064062759280204,0.18826746344566345,-0.028509297966957094,0.4783533409237862,0.07234580307267606,0.8,9.803283091969206e-07,6.3820293324748916e-09,0.28867542972699695
28560,0.25087863132357596,0.21058134138584136,0.04192429482936859,1.023684023320675,0.14134382236516102,0.5,2.691186182346428e-06,6.2945495389227775e-09,0.28877654196157737
28570,0.100138970464468,0.10021246001124381,0.025694751739501955,0.6977752309292555,0.13074972046306357,0.5,2.9689081202377565e-06,6.2076696440463425e-09,0.28887765419615774
28580,0.15851773992180823,0.10091855600476266,0.029115116596221922,0.7278776723891497,0.10959160145139321,0.7,3.8364362716674805,6.1213897534128645e-09,0.2889787664307381
28590,0.21667004209011792,0.28967122081667185,0.011014144122600555,0.8083783406764269,0.16255880607059225,0.4,23.261362075805664,6.035709971860592e-09,0.2890798786653185
28600,0.008407430164515972,0.04122520387172699,0.012905405461788177,0.34147990979254245,0.15236185373505579,0.7,0.5552672743797302,5.950630403498469e-09,0.2891809908998989
28610,-0.03219062434509397,0.22756705330684782,0.011868861317634583,0.29672152288258075,0.16982841178542002,0.4,3.7235006402625004e-06,5.866151151706189e-09,0.2892821031344793
28620,0.19547344967722893,0.1404079396277666,0.03685258328914642,0.9213140200823545,0.10226638447493315,0.6,6.227604899322614e-06,5.782272319134085e-09,0.28938321536905964
28630,-0.0011377491056919098,0.04776227846741676,0.010236582159996033,0.32358827330172063,0.11607864995021373,0.6,2.2445392460213043e-06,5.698994007702795e-09,0.28948432760364007
28640,0.1169057223945856,0.19889956433326006,0.017536154389381407,0.43840392008423806,0.11040732683613896,0.5,4.0750298500061035,5.6163163186033205e-09,0.28958543983822044
28650,0.13862581835128368,0.11727059619734063,0.018967613577842712,0.4844462234526873,0.16260111930314453,0.5,0.0001498063065810129,5.534239352296799e-09,0.2896865520728008
28660,0.10055183917284012,0.1706781953573227,0.0256613552570343,0.6415343198925256,0.0772495614597574,0.7,3.4346201118751196e-06,5.4527632085146216e-09,0.2897876643073812
28670,0.11685535907745362,0.10265369936823845,0.020664003491401673,0.7972092468291521,0.1351762785576284,0.6,0.7398476600646973,5.371887986257872e-09,0.2898887765419616
28680,0.10558012127876282,0.08198318034410476,0.025822529196739198,0.6455636765807867,0.08421566976467147,0.7,0.15332379937171936,5.29161378379761e-09,0.28998988877654197
28690,-0.01608217179309577,0.03472015876322985,0.021273548901081085,0.5496490720659495,0.10637123266933486,0.7,0.2039734423160553,5.211940698674533e-09,0.29009100101112234
28700,0.16953766122460365,0.17689876705408097,0.032003551721572876,0.8041593555361033,0.10639050788013264,0.7,38.051918029785156,5.132868827698977e-09,0.2901921132457027
28710,0.1270486254245043,0.20745010483078657,0.028553807735443117,0.7138445094227791,0.12347738904645666,0.5,3.254852117606788e-06,5.054398266950754e-09,0.29029322548028313
28720,0.10970262177288533,0.09448270201683044,0.03178353011608124,0.794589614495635,0.12422703549964353,0.6,0.03859824314713478,4.976529111778871e-09,0.2903943377148635
28730,0.06697577685117721,0.07478997111320496,0.02582363486289978,0.656036426499486,0.1380596600007266,0.4,7.377771854400635,4.899261456801862e-09,0.2904954499494439
28740,0.14642846188507974,0.2113841462880373,0.02866736352443695,0.7166843552142381,0.13720840667374432,0.6,0.00024338328512385488,4.822595395907125e-09,0.29059656218402424
28750,0.06358741670846939,0.09099920690059662,0.0032534021884202957,0.08133505433797836,0.08746870177565143,0.8,0.019557712599635124,4.746531022251088e-09,0.29069767441860467
28760,0.08804593086242676,0.0503119595348835,0.023099572956562044,0.5693299029022455,0.11247520333854481,0.8,0.027404125779867172,4.6710684282593174e-09,0.29079878665318504
28770,0.07286682464182377,0.07962321527302266,0.0020459773018956184,0.3417186260223389,0.09618948260322213,0.6,3.972295962739736e-05,4.596207705625799e-09,0.2908998988877654
28780,0.011420959141105413,0.07146921753883362,0.019008107483386993,0.4752026773989201,0.10273095748852938,0.7,8.58367420732975e-05,4.521948945313492e-09,0.2910010111223458
28790,0.04084399174898863,0.030779799818992613,0.011863163858652114,0.2965791761875153,0.1106928521883674,0.6,9.297326641899417e-07,4.4482922375537194e-09,0.2911021233569262
28800,0.22535373866558076,0.19066511355340482,0.04715259373188019,1.178814745694399,0.10435130513506011,0.4,2.033789873123169,4.375237671846332e-09,0.29120323559150657
28810,0.0628635935485363,0.08635195372626185,0.010186779499053954,0.25466931983828545,0.1008643928449601,0.6,6.924201011657715,4.302785336959547e-09,0.29130434782608694
28820,0.10814634226262569,0.06179790915921331,0.033813902735710145,0.845347898826003,0.09201717610703782,0.8,1.6422529824922094e-06,4.230935320929774e-09,0.29140546006066737
28830,0.19972465112805365,0.19823541045188903,0.028608047962188722,0.7152008064091205,0.16822599625447765,0.5,0.011329775676131248,4.159687711061566e-09,0.29150657229524773
28840,0.13231992088258265,0.11175718009471894,0.027648496627807616,0.6912124700844288,0.1374920016853139,0.5,0.007494031917303801,4.089042593927506e-09,0.2916076845298281
28850,-0.027885332703590393,0.17723353505134581,0.021156348288059235,0.5289088007062673,0.11752140559256077,0.8,0.00766581017524004,4.019000055367982e-09,0.2917087967644085
28860,0.09483130872249604,0.14061321318149567,0.027498680353164672,0.6874669566750526,0.10854252293938771,0.7,8.58035659790039,3.949560180491362e-09,0.2918099089989889
28870,0.32484602481126784,0.23407239615917205,0.03424549400806427,0.8561374843120575,0.14694314075168222,0.5,0.0028014539275318384,3.880723053673651e-09,0.29191102123356927
28880,0.27149603962898256,0.17776773422956466,0.029450708627700807,0.7362686667591334,0.08772621869575233,0.6,8.596052169799805,3.812488758558385e-09,0.29201213346814964
28890,0.2586423546075821,0.28430149853229525,0.03698262870311737,1.144595815241337,0.16073052546707914,0.5,0.016601042822003365,3.744857378056743e-09,0.29211324570273
28900,0.09151543825864791,0.05229453667998314,0.018688952922821044,0.4672238040715456,0.09411572634708136,0.8,0.004259210545569658,3.677828994347154e-09,0.29221435793731043
28910,0.2990280411904678,0.1789106285839807,0.03702166080474854,0.9255417741835117,0.10704047044273465,0.6,0.037352848798036575,3.6114036888754697e-09,0.2923154701718908
28920,0.3493191696703434,0.22138115130364894,0.04068217873573303,1.000410265289247,0.13409832840552555,0.5,0.04233889281749725,3.5455815423546808e-09,0.29241658240647117
28930,0.20068999975919724,0.15708721578121185,0.025642010569572448,0.6410504836589098,0.09809807926649228,0.8,0.004915785510092974,3.480362634764922e-09,0.29251769464105154
28940,0.14520937521010638,0.1690895102918148,0.034916213154792784,0.8729057904332876,0.1589242038084194,0.5,0.016783738508820534,3.415747045353301e-09,0.29261880687563196
28950,0.06157317563192919,0.11867992207407951,0.022272729873657228,0.5568187024444342,0.10713788187131286,0.7,6.335739612579346,3.351734852633903e-09,0.29271991911021233
28960,0.04996884949505329,0.08565783873200417,0.02188641279935837,0.5508600380271673,0.15741249889833853,0.6,3.3547617022122722e-06,3.2883261343874535e-09,0.2928210313447927
28970,0.1848942745476961,0.19639621824026107,0.04413774013519287,0.6480925245210528,0.14007381482515485,0.6,15.377557754516602,3.2255209676616545e-09,0.29292214357937313
28980,-0.04830198362469673,0.13375627174973487,0.01829756498336792,0.4574393145740032,0.10112422009697183,0.7,2.4402995677519357e-06,3.1633194287706276e-09,0.2930232558139535
28990,0.19942666068673134,0.1508552148938179,0.020442719757556915,0.6726283982396126,0.11648378580575809,0.6,2.59624061982322e-06,3.101721593295137e-09,0.29312436804853387
29000,0.03964934181421995,0.05337727442383766,0.01961120367050171,0.5735435515642167,0.09139050948433577,0.7,1.357448809358175e-06,3.040727536082366e-09,0.29322548028311424
29010,0.022521837055683135,0.07079968713223934,0.02002226561307907,0.5261766105890274,0.15065786896739156,0.6,1.549831949887448e-06,2.9803373312458634e-09,0.29332659251769466
29020,-0.04668419659137726,0.11846709735691548,0.03315043151378631,0.8287613220512867,0.1609885467099957,0.5,57.16127014160156,2.9205510521653208e-09,0.29342770475227503
29030,0.216294527053833,0.15356250405311583,-0.0027013864368200303,0.3147540893405676,0.08966613819357008,0.7,2.5756651211850112e-06,2.8613687714868494e-09,0.2935288169868554
29040,0.04387866854667664,0.08177857697010041,0.011304745078086853,0.28261909298598764,0.07589993957662955,0.8,1.2217262792546535e-06,2.80279056112237e-09,0.29362992922143577
29050,0.07500341273844242,0.1828120299614966,0.02926320433616638,0.7315801348537206,0.1973691114340909,0.4,5.131376266479492,2.7448164922500573e-09,0.2937310414560162
29060,0.267620125412941,0.21995068565011025,0.03907135725021362,1.077949857339263,0.07808635246474296,0.5,6.439677235903218e-06,2.6874466353137838e-09,0.29383215369059656
29070,0.18925007283687592,0.2687361443415284,0.0114157997071743,0.564158433675766,0.1319265569676645,0.5,1.1347788572311401,2.630681060023343e-09,0.29393326592517693
29080,0.0932226985692978,0.14144914522767066,0.023894807696342467,0.5973696041852236,0.1363556246738881,0.6,1.5253308447427116e-06,2.574519835354283e-09,0.2940343781597573
29090,-0.02946067526936531,0.2046698857098818,0.023556092381477357,0.5889024905860424,0.11959521626122296,0.7,0.3129940629005432,2.518963029547794e-09,0.29413549039433773
29100,0.004844618029892445,0.0027683533262461424,0.0020288584753870966,0.05072149597108364,0.04985632546013221,0.8,1.40919928526273e-06,2.464010710110598e-09,0.2942366026289181
29110,0.14968254864215852,0.19136158227920533,0.016706371307373048,0.4214190896600485,0.09620392938377335,0.7,3.896994257956976e-06,2.409662943815005e-09,0.29433771486349847
29120,0.10183179890736938,0.059592372924089435,0.011259250342845917,0.29222085885703564,0.06419184869155288,0.8,1.5957787036895752,2.35591979669858e-09,0.2944388270980789
29130,0.32503188103437425,0.20676140524446965,0.0024499611929059027,0.7089309737086296,0.11640171345788985,0.5,0.031096551567316055,2.3027813340644186e-09,0.29453993933265926
29140,0.15725266598165036,0.1509423702955246,0.021352899074554444,0.5239201271208003,0.09604462822899222,0.6,0.009172911755740643,2.250247620480705e-09,0.29464105156723963
29150,0.047280396521091464,0.22961070835590364,0.03651132583618164,0.9127839677035808,0.14769623943138868,0.7,1.1007421562680975e-05,2.198318719780878e-09,0.29474216380182
29160,0.10484660733491183,0.13673834865912796,0.01532457023859024,0.3831144295632839,0.12096898735035211,0.6,2.400383891654201e-06,2.1469946950634644e-09,0.2948432760364004
29170,0.19907756857573985,0.1681684896349907,0.03510408103466034,0.8776023060083389,0.1027676897123456,0.6,2.871081590652466,2.096275608691911e-09,0.2949443882709808
29180,0.07013137759640813,0.05666013564914465,0.012574395537376404,0.5367718890309334,0.1487231379142031,0.6,0.029003754258155823,2.0461615222947537e-09,0.29504550050556116
29190,0.043689442425966264,0.04905947595834732,0.013309654593467713,0.3058133989572525,0.09782276422483846,0.7,0.8515575528144836,1.9966524967653943e-09,0.29514661274014153
29200,0.4152713894844055,0.2962523490190506,0.048203423619270325,1.2050855856388807,0.08176622343016789,0.6,0.013306346721947193,1.947748592261822e-09,0.29524772497472196
29210,0.03326955609954894,0.05846436803694814,0.03146720826625824,0.7866796486079692,0.11641914178617299,0.5,8.323047222802415e-05,1.899449868207004e-09,0.29534883720930233
29220,0.3948148049414158,0.3359911859035492,0.029698050022125243,1.0024914108216763,0.13793479631422087,0.4,2.579491138458252,1.8517563832884386e-09,0.2954499494438827
29230,0.00047772389370948076,0.01054649669677019,0.018523740768432616,0.46309356912970545,0.1273645007284358,0.7,4.732278347015381,1.8046681954581034e-09,0.29555106167846307
29240,0.14223492816090583,0.09432991370558738,0.018911661207675935,0.47279176004230977,0.09634570379275828,0.6,2.008518934249878,1.7581853619327291e-09,0.2956521739130435
29250,0.08505070600658655,0.09854973349720239,0.01669042557477951,0.4172604884952307,0.14702502134023235,0.6,5.9249039622955024e-05,1.7123079391932472e-09,0.29575328614762386
29260,0.08481334187090397,0.08814266473054885,0.030113455653190613,0.7528371319174767,0.09801953814458102,0.5,1.1371786285963026e-06,1.6670359829850654e-09,0.29585439838220423
29270,0.1659720003604889,0.2122706577181816,0.002458398602902889,0.5304121863096952,0.10631888449424878,0.6,1.7352525674141361e-06,1.6223695483179033e-09,0.29595551061678466
29280,0.010520309954881669,0.052796149253845216,0.014542970061302184,0.3635745707899332,0.11018955014878884,0.7,1.0948655472020619e-05,1.5783086894656794e-09,0.296056622851365
29290,0.0,0.0,0.006019831821322441,0.15049584507942199,0.045496169419493526,1.0,4.643474312615581e-06,1.534853459966512e-09,0.2961577350859454
29300,-0.009928694367408753,0.10265805274248123,0.03065740764141083,0.7664355378597975,0.1392867639195174,0.7,1.4582608938217163,1.4920039126225526e-09,0.29625884732052576
29310,0.03438503174111247,0.1831645076163113,0.024210843443870544,0.605271402001381,0.18587610141839833,0.5,7.278009434230626e-06,1.449760099500097e-09,0.2963599595551062
29320,0.10718404576182365,0.09682992435991764,0.036464443802833556,0.9241139445453882,0.1262104330235161,0.6,0.00011556246317923069,1.4081220719293074e-09,0.29646107178968656
29330,0.2054074315354228,0.16143569424748422,0.03240621089935303,0.8101555943489075,0.10392828432377428,0.6,1.4758848010387737e-06,1.3670898805043795e-09,0.29656218402426693
29340,0.07592418976128101,0.09400496482849122,0.014359371364116668,0.35898426473140715,0.13692064373753965,0.7,15.423994064331055,1.326663575083209e-09,0.2966632962588473
29350,0.16612162701785566,0.1323213655501604,0.04581115841865539,1.1452788077294827,0.13090013497276232,0.5,1.683830976486206,1.2868432047876687e-09,0.2967644084934277
29360,0.05099469870328903,0.10200213193893433,0.014903919398784637,0.3725977573543787,0.12513752358499913,0.7,5.487859198183287e-06,1.2476288180032212e-09,0.2968655207280081
29370,-0.021029666904360055,0.02135757296346128,0.020362433791160584,0.5090605907142163,0.14096985200885684,0.5,0.028953036293387413,1.209020462379029e-09,0.29696663296258846
29380,0.261529857153073,0.15737865422852337,0.011953606456518173,0.4546707056462765,0.08617462669499218,0.5,0.0005455119535326958,1.1710181848278433e-09,0.29706774519716883
29390,1.795276184566319e-05,4.58358961623162e-05,0.011419732123613358,0.2854936931282282,0.07403655208181589,0.9,9.928354529620265e-07,1.1336220315261158e-09,0.29716885743174926
29400,0.19023443013429642,0.2893019638955593,0.03833189904689789,1.069714567437768,0.1331978225382045,0.5,7.721261024475098,1.0968320479136094e-09,0.2972699696663296
29410,0.14187673032283782,0.1919768840074539,0.019363154470920563,0.48519931808114053,0.14716042887885122,0.5,2.813117742538452,1.0606482786936765e-09,0.29737108190091
29420,0.26450727321207523,0.22662529200315476,0.03478017449378967,0.7359752723481506,0.14957964945351704,0.5,0.041750676929950714,1.0250707678329805e-09,0.2974721941354904
29430,0.13279772498644887,0.12599578965455294,0.03249058127403259,0.8122644264250993,0.13116450689267367,0.6,1.266146909983945e-06,9.900995585615524e-10,0.2975733063700708
29440,0.05772094577550888,0.03549178615212441,0.018270997703075408,0.45677437670528886,0.09710161562543362,0.7,4.541204816632671e-06,9.55734693372734e-10,0.29767441860465116
29450,0.1666195709258318,0.1656485628336668,0.027078384160995485,0.6403283145278692,0.21790368525544182,0.4,2.3484926223754883,9.219762140231235e-10,0.29777553083923153
29460,0.11284866631031036,0.1685846045613289,0.023687411844730378,0.6272877167910338,0.1009837286779657,0.6,5.660901069641113,8.888241615322978e-10,0.29787664307381195
29470,0.11009565219283104,0.1757427990436554,0.025765135884284973,0.6441460534930229,0.09833830137504265,0.7,1.1365234058757778e-05,8.562785761833114e-10,0.2979777553083923
29480,0.07593739032745361,0.09795628786087036,0.01208520084619522,0.30213003121316434,0.04744935964699835,0.9,2.0325071545812534e-06,8.243394975219752e-10,0.2980788675429727
29490,0.13897907170467078,0.14243322415277362,0.021731466054916382,0.5432867500931025,0.14522794756339863,0.5,1.4531390206684591e-06,7.930069643573567e-10,0.29817997977755306
29500,0.022966907545924186,0.09534287853166461,0.01771169453859329,0.4427925359457731,0.15716917439131067,0.4,0.11272469162940979,7.622810147614456e-10,0.2982810920121335
29510,0.19840591214597225,0.13575649093836545,0.020908702909946442,0.5227180238813162,0.09763393864268437,0.6,1.5727206346127787e-06,7.321616860690993e-10,0.29838220424671386
29520,0.1986116603948176,0.18746592733077705,0.033984008431434634,0.849600239098072,0.12151523245265708,0.4,0.4236902892589569,7.026490148782093e-10,0.2984833164812942
29530,0.017287802044302227,0.07661149501800538,0.008575668931007386,0.2143914584070444,0.14225300959078596,0.7,1.193081402561802e-06,6.737430370494235e-10,0.2985844287158746
29540,0.12354399859905243,0.16835903823375703,0.017768552899360655,0.44421394541859627,0.10129283444257453,0.7,9.662586671765894e-05,6.454437877062568e-10,0.298685540950455
29550,0.009413452446460724,0.039379251375794413,0.01209464818239212,0.30236641354858873,0.09279334051534534,0.7,1.025730398396263e-06,6.177513012349256e-10,0.2987866531850354
29560,0.07221441566944123,0.09544196128845214,0.024261514842510223,0.6068719808012247,0.07028201814973727,0.8,0.008208256214857101,5.906656112844577e-10,0.29888776541961576
29570,0.07733120918273925,0.09046731162816286,0.020900405943393707,0.5225101724267006,0.10429067485965789,0.6,3.304758310317993,5.641867507664155e-10,0.2989888776541962
29580,0.21937093436717986,0.21718839257955552,0.02941061556339264,0.7379862848669291,0.10605898703215644,0.7,0.006365795619785786,5.383147518552844e-10,0.29908998988877655
29590,0.15818004542961717,0.11064098589122295,0.021795843541622163,0.5448958583176136,0.13948208262445405,0.6,6.163684844970703,5.13049645987862e-10,0.2991911021233569
29600,0.1576866701245308,0.20537481904029847,0.007789567857980728,0.44663337171077727,0.1070313564618118,0.7,1.304215061281866e-06,4.883914638636466e-10,0.2992922143579373
29610,0.10536853969097137,0.060967696271836756,0.023517628014087678,0.5613406255841256,0.11640408873790875,0.7,0.962094247341156,4.643402354446713e-10,0.2993933265925177
29620,0.14223717600107194,0.17872078269720076,0.03268305361270905,0.8742600291967392,0.1737848543561995,0.5,7.135660648345947,4.408959899554476e-10,0.2994944388270981
29630,0.09391825161874294,0.19625982344150544,0.019669266045093538,0.49173180721700194,0.13424176886910572,0.6,0.01497530285269022,4.1805875588296623e-10,0.29959555106167846
29640,0.11640010718256236,0.1205801977775991,0.04382869005203247,1.0957172393798829,0.1720830376725644,0.4,0.02837706357240677,3.9582856097658547e-10,0.2996966632962588
29650,0.22274354547262193,0.20148968547582627,0.030086004734039308,0.7521503806114197,0.15223560883896425,0.4,3.372359037399292,3.7420543224808697e-10,0.29979777553083925
29660,0.007771046459674835,0.04260634779930115,0.014496028423309326,0.36240087151527406,0.11136001071427018,0.7,10.468439102172852,3.5318939597162035e-10,0.2998988877654196
29670,0.04862228576093912,0.0909662451595068,0.012404483556747437,0.3101119764149189,0.14831504533067347,0.5,14.247391700744629,3.327804776837029e-10,0.3
29680,0.1198446076363325,0.235976355150342,0.021099206805229188,0.5274808440357447,0.1349102523527108,0.6,1.7475418871981674e-06,3.129787021829977e-10,0.30010111223458036
29690,0.10161837860941887,0.37595718950033186,0.022307506203651427,0.5576873134821654,0.18101022209739312,0.5,1.279608795812237e-06,2.937840935305913e-10,0.3002022244691608
29700,0.008128395676612854,0.048430798947811125,0.009383035451173782,0.2345759768038988,0.09382571921451018,0.8,1.2716960782199749e-06,2.751966750497159e-10,0.30030333670374115
29710,-0.021326985221821814,0.04936469845706597,0.02984718084335327,0.7461795534938573,0.15806243516271934,0.6,4.632781505584717,2.572164693258605e-10,0.3004044489383215
29720,0.16472644843161105,0.14443621542304755,0.017990471422672273,0.44976206719875333,0.12737824610667303,0.5,2.504288911819458,2.398434982066599e-10,0.30050556117290195
29730,0.26412803363054993,0.19307389184832574,0.048141321539878844,1.2035332143306732,0.11230220190482214,0.6,0.4951629638671875,2.2307778280189483e-10,0.3006066734074823
29740,0.10614277198910713,0.10386036857962608,0.028371649980545043,0.7092922516167164,0.14712637562770398,0.5,0.4692494571208954,2.06919343483547e-10,0.3007077856420627
29750,0.3551486097741872,0.22004739274270832,0.036960268020629884,0.9240069691091776,0.11535698738880455,0.4,1.7650545835494995,1.913681998855776e-10,0.30080889787664306
29760,0.10142484158277512,0.12343110889196396,0.017645594477653504,0.5159289933741092,0.11402155953692272,0.5,1.2270714933038107e-06,1.7642437090414907e-10,0.3009100101112235
29770,0.2554230041801929,0.17301453426480293,0.03705132305622101,0.9354889333248139,0.15203315229155123,0.4,8.114489555358887,1.6208787469734754e-10,0.30101112234580385
29780,0.0,0.0,0.004118936136364937,0.10297327190637588,0.04239148951601237,1.0,1.0663069360816735e-06,1.483587286854604e-10,0.3011122345803842
29790,0.1773126631975174,0.15367340296506882,0.042766529321670535,1.0691638536751271,0.10894552971003577,0.5,10.610121726989746,1.3523694955064336e-10,0.3012133468149646
29800,0.05722126550972462,0.0580352982506156,0.025428390502929686,0.6564031885315899,0.09710534951882437,0.6,1.0564257308942615e-06,1.227225532370868e-10,0.301314459049545
29810,0.10860334802418947,0.06848230268806219,0.026691842079162597,0.680225957930088,0.1522909273393452,0.5,1.4075528724788455e-06,1.108155549509604e-10,0.3014155712841254
29820,-0.00021254753228276967,0.0008501900359988212,0.006279583275318146,0.15698938276618718,0.07175657985499129,0.9,1.6572968206673977e-06,9.951596916041304e-11,0.30151668351870575
29830,0.07149417474865913,0.042497515492141244,0.010098004341125488,0.2524501319974661,0.07934559480054304,0.8,2.2354558950610226e-06,8.882380959551739e-11,0.3016177957532861
29840,0.16263660341501235,0.21216520220041274,0.030219364166259765,0.7554846324026585,0.1199932056479156,0.6,5.8686987358669285e-06,7.873908924821426e-11,0.30171890798786655
29850,0.041819462180137636,0.07785029113292694,0.015731681883335114,0.3932924307882786,0.08480690190335735,0.8,10.778648376464844,6.926182037242378e-11,0.3018200202224469
29860,0.12377837263047695,0.17499273382127284,0.00974905714392662,0.5163491107523441,0.10063367807306349,0.6,0.029964225366711617,6.039201448387876e-11,0.3019211324570273
29870,0.16261787321418525,0.1510097447782755,0.03270429968833923,0.817607470229268,0.1732299308059737,0.5,1.7568709154147655e-06,5.212968236029125e-11,0.3020222446916077
29880,0.10456528631038964,0.06472091656178236,0.03564043045043945,0.891011044755578,0.15612272114958614,0.6,1.5756845474243164,4.4474834041186016e-11,0.3021233569261881
29890,0.11826652251183986,0.107721889577806,0.030399656295776366,0.7599918577820063,0.12102861384628341,0.7,0.027597086504101753,3.7427478827845024e-11,0.30222446916076845
29900,0.1316171957179904,0.10401612040586769,0.03463402986526489,0.8658510550856591,0.07728428636910394,0.7,0.029247863218188286,3.098762528347398e-11,0.3023255813953488
29910,0.19595589088276028,0.11248748870566487,-0.00023196251131594182,0.29244726449251174,0.05998756921617314,0.7,1.3527517239708686e-06,2.515528123320232e-11,0.30242669362992924
29920,0.13857800364494324,0.12825729176402093,0.03384232223033905,1.045416208356619,0.1495672095217742,0.5,0.02683953382074833,1.9930453763750134e-11,0.3025278058645096
29930,0.034303152561187746,0.1678362011909485,0.01612045168876648,0.4030113864690065,0.11933111003600061,0.8,6.226040568435565e-06,1.531314922387228e-11,0.30262891809909
29940,0.08117230646312237,0.18919331282377244,0.03435513973236084,0.8588790114969015,0.21537331872386858,0.3,0.5697829723358154,1.1303373224025304e-11,0.30273003033367035
29950,0.03541418462991715,0.08481653835624456,0.026684555411338805,0.40021872948855164,0.12953269928693772,0.6,0.0002532825747039169,7.901130636367437e-12,0.3028311425682508
29960,0.11186405215412379,0.06806244552135468,-0.0068985335528850555,0.1664472736418247,0.0917421068996191,0.7,1.9126871393382316e-06,5.1064255950361566e-12,0.30293225480283115
29970,0.2454396367073059,0.20501514971256257,0.03201287686824798,0.8003219690173864,0.11318694198271259,0.6,6.408768513210816e-06,2.9192614958706286e-12,0.3030333670374115
29980,0.12204272367525845,0.14252073047682642,0.019801922142505646,0.49504834078252313,0.12452815383439883,0.6,0.004929596092551947,1.3396409964117062e-12,0.3031344792719919
29990,0.1629702870734036,0.09846149869263172,0.03395198881626129,0.8488001897931099,0.10372898145578802,0.6,0.0024478966370224953,3.6756601606846573e-13,0.3032355915065723
30000,0.05435986566590145,0.11845549922436475,0.028706690669059752,0.7128368552774191,0.192610857100226,0.3,3.156400680541992,3.0377360626943073e-15,0.3033367037411527
