step,reward,reward_std,loss,kl,entropy,frac_reward_zero_std,grad_norm,learning_rate,epoch
10,-0.3595320850610733,0.2803165569901466,8.943186912802048e-07,1.552117319079116e-05,0.15222007189877332,0.6,0.004911190830171108,6e-09,0.00010111223458038423
20,-0.07114210724830627,0.13209747076034545,-0.011432144045829772,7.880106568336487e-05,0.07945183287374676,0.7,6.35845765373233e-07,1.2666666666666666e-08,0.00020222446916076846
30,-0.20982550978660583,0.42113462686538694,4.351139068603516e-06,0.00010888446122407913,0.1154811801854521,0.8,23.904258728027344,1.9333333333333334e-08,0.00030333670374115267
40,-0.13357880115509033,0.17231148481369019,1.2502074241638184e-06,3.112964332103729e-05,0.08622048699762672,0.9,14.936338424682617,2.5999999999999998e-08,0.0004044489383215369
50,-0.026049431692808867,0.248212730884552,-0.01173878088593483,0.0001672562211751938,0.130969203193672,0.6,0.03424179181456566,3.266666666666666e-08,0.0005055611729019212
60,0.027431571483612062,0.09743446409702301,-0.0003464853623881936,1.8716603517532348e-05,0.09306187920738011,0.7,6.497604090327513e-07,3.933333333333333e-08,0.0006066734074823053
70,0.2471564754843712,0.16544241234660148,-0.00017667487263679505,3.486163914203644e-05,0.10083613554015755,0.7,5.462324619293213,4.5999999999999995e-08,0.0007077856420626896
80,-0.09005934074521064,0.07924907803535461,2.469865830789786e-06,6.194114685058594e-05,0.09517203294672072,0.8,0.00015516809071414173,5.266666666666666e-08,0.0008088978766430738
90,0.08555923402309418,0.09368083029985427,7.085781544446945e-06,0.0001770978793501854,0.10124397925101221,0.6,1.7417923212051392,5.9333333333333335e-08,0.000910010111223458
100,-0.08362893462181091,0.10371338427066804,-0.00022945029195398092,5.447901785373688e-05,0.10412645651958882,0.7,0.733421266078949,6.6e-08,0.0010111223458038423
110,-0.1934935763478279,0.1563128761947155,3.1466770451515913e-06,7.866732776165008e-05,0.10628515551798046,0.7,3.987328227594844e-07,7.266666666666667e-08,0.0011122345803842265
120,0.0,0.0,2.9541553203671356e-08,7.385388016700745e-07,0.08365150070749224,1.0,1.7151771317003295e-05,7.933333333333333e-08,0.0012133468149646107
130,-0.05006173811852932,0.21628449019044638,6.079415106796659e-06,0.00015205908566713334,0.13026144951581956,0.6,1.5669102140236646e-05,8.599999999999999e-08,0.0013144590495449949
140,-0.40520942211151123,0.308747860789299,3.8433372537838295e-06,9.616278111934662e-05,0.08940792288631201,0.7,5.7987779911172765e-08,9.266666666666666e-08,0.0014155712841253793
150,-0.11341880485415459,0.09240314811468124,-0.0004756845533847809,0.00014982838183641434,0.109787059109658,0.7,2.9917526245117188,9.933333333333332e-08,0.0015166835187057635
160,-0.11051341593265533,0.10227815229445696,2.5914618163369595e-06,6.479285657405854e-05,0.1245040186215192,0.6,1.2919304936076514e-05,1.06e-07,0.0016177957532861476
170,-0.07279794812202453,0.0637110337615013,2.6458434149390087e-06,6.610527634620667e-05,0.12022079543676227,0.8,6.958592990713441e-08,1.1266666666666666e-07,0.0017189079878665318
180,-0.009979496896266937,0.009089726209640502,2.0954757928848267e-06,4.6809390187263486e-05,0.08638245966285467,0.9,0.6434730887413025,1.1933333333333332e-07,0.001820020222446916
190,-0.057956849411129954,0.03311820011585951,6.103144187363796e-07,1.522991806268692e-05,0.09847270667087286,0.8,2.2355086457537254e-06,1.26e-07,0.0019211324570273002
200,-0.029098307341337205,0.08191440664231778,3.5459379432722926e-06,8.862894028425217e-05,0.12085719162132591,0.7,8.687901754456107e-06,1.3266666666666664e-07,0.0020222446916076846
210,-0.12992823421955108,0.1714452624320984,1.0449439287185669e-07,2.6386231184005736e-06,0.08926972516346723,0.8,1.006645917892456,1.3933333333333334e-07,0.002123356926188069
220,-0.010863988101482392,0.006207993254065514,7.487649327231338e-08,1.8695369362831117e-06,0.08608989627100527,0.9,8.774672460276634e-05,1.4599999999999998e-07,0.002224469160768453
230,-0.19763474315404891,0.1381336458027363,-0.00048458166420459745,0.00014815405011177064,0.13011835594661533,0.5,3.9506399631500244,1.5266666666666666e-07,0.002325581395348837
240,-0.1039912834763527,0.11879491060972214,-0.0001928849145770073,6.37538731098175e-05,0.11287596400361508,0.7,3.7916741371154785,1.5933333333333333e-07,0.0024266936299292214
250,-0.03086247555911541,0.17249917667359113,0.00012635556049644947,0.00029727090150117875,0.09892926039174199,0.4,1.872336983680725,1.66e-07,0.0025278058645096056
260,-0.3336228385567665,0.25669531226158143,0.0008529948070645332,9.763153890745002e-05,0.16656867149285973,0.6,6.569577217102051,1.7266666666666665e-07,0.0026289180990899897
270,-0.25209912844002247,0.149617438018322,1.918140878842678e-06,4.7722086310386655e-05,0.12175767908338457,0.6,0.00046144609223119915,1.7933333333333332e-07,0.002730030333670374
280,0.07675393745303154,0.3452290087938309,1.8656253814697266e-06,4.6817399561405185e-05,0.1293104319833219,0.6,11.372447967529297,1.86e-07,0.0028311425682507585
290,-0.3242806991562247,0.3089554365724325,6.4104795455932615e-06,0.0001599196344614029,0.1240693457890302,0.5,5.739725112915039,1.9266666666666667e-07,0.0029322548028311427
300,0.04614140391349793,0.026366516947746277,1.7554386431584134e-06,4.3892860412597655e-05,0.06834502371493727,0.9,5.035057711211266e-06,1.9933333333333332e-07,0.003033367037411527
310,-0.0025298984721302984,0.20258740689605476,-0.005631083250045776,0.00016420688480138778,0.12757174980361013,0.6,3.336935606057523e-06,2.06e-07,0.003134479271991911
320,-0.14010355174541472,0.13083512783050538,2.950981252070051e-06,7.373951375484466e-05,0.11713353705126792,0.6,5.968146797385998e-05,2.1266666666666667e-07,0.0032355915065722953
330,0.03532834649085999,0.020187626779079437,4.747416824102402e-08,1.191161572933197e-06,0.0725038540782407,0.9,1.1105525493621826,2.193333333333333e-07,0.0033367037411526795
340,0.016416199505329132,0.228186796233058,6.122186459833756e-06,0.0001531394198536873,0.1177234803326428,0.4,1.7200454749399796e-07,2.2599999999999999e-07,0.0034378159757330637
350,-0.09779572486877441,0.34517728686332705,-0.019537869095802306,0.00013740062713623046,0.12850674311630428,0.6,0.006396162323653698,2.3266666666666666e-07,0.003538928210313448
360,0.035968436300754546,0.15911794044077396,8.518691174685955e-06,0.0002129044383764267,0.13155883718281985,0.4,0.756354808807373,2.3933333333333333e-07,0.003640040444893832
370,0.01079351156949997,0.006167721375823021,4.188786988379434e-07,1.0477006435394287e-05,0.08943926140200346,0.9,6.366842058014299e-07,2.46e-07,0.0037411526794742162
380,0.05370984971523285,0.08104004934430123,2.2961292415857313e-06,5.741249769926071e-05,0.10011810651049018,0.6,0.6382529735565186,2.526666666666666e-07,0.0038422649140546004
390,-0.26915936470031737,0.36416463553905487,2.153962850570679e-06,5.383230745792389e-05,0.1152506988728419,0.7,15.42955493927002,2.5933333333333335e-07,0.003943377148634985
400,0.00403110459446907,0.022174887359142303,4.070557770319283e-06,0.00010177455842494965,0.11800962905399501,0.8,1.1725636568371556e-06,2.66e-07,0.004044489383215369
410,0.045012138038873675,0.30359326079487803,3.90585046261549e-06,9.781215339899063e-05,0.1285232968395576,0.4,0.5717604756355286,2.7266666666666665e-07,0.004145601617795753
420,-0.0809697013348341,0.1626277120783925,2.4682654839125463e-06,6.139818578958512e-05,0.10595794047694654,0.6,1.1471199286461342e-05,2.793333333333333e-07,0.004246713852376138
430,0.11052475497126579,0.3661469578742981,6.094805939937942e-06,0.00015240777283906937,0.10786585218738765,0.6,2.868738135930471e-07,2.8599999999999994e-07,0.004347826086956522
440,-0.2673839882016182,0.30707701444625857,5.0657428801059725e-06,0.00012684222310781478,0.13230453149881213,0.6,0.8227081894874573,2.9266666666666667e-07,0.004448938321536906
450,-0.027595377713441848,0.06247241050004959,3.3394971978850663e-06,8.347127586603165e-05,0.11950329574756324,0.7,4.788359092344763e-06,2.9933333333333334e-07,0.00455005055611729
460,-0.22714003622531892,0.4311820063740015,0.022643885016441344,7.030665874481201e-05,0.10584568160120397,0.4,2.8426101207733154,3.0599999999999996e-07,0.004651162790697674
470,-0.12493406161665917,0.1063946831971407,-0.005183053761720657,0.00029329477401915935,0.10220463320147247,0.6,0.2806759774684906,3.1266666666666663e-07,0.0047522750252780585
480,-0.2408039540052414,0.26442890167236327,6.130399560788646e-06,0.00015333462506532668,0.15661337843630463,0.5,0.0010005489457398653,3.1933333333333336e-07,0.004853387259858443
490,-0.005514851212501526,0.12741154581308364,7.483283116016537e-06,0.00018713735044002534,0.15009472814854236,0.6,3.00351621262962e-05,3.26e-07,0.004954499494438827
500,0.08020022884011269,0.09861321784555913,9.649465937400237e-06,0.00024128984659910202,0.1407790525117889,0.5,3.615932655520737e-05,3.3266666666666665e-07,0.005055611729019211
510,0.12702368795871735,0.5691143065690994,8.94517928827554e-05,0.00015190336853265762,0.10824093415867538,0.5,7.3430524025752675e-06,3.3933333333333333e-07,0.005156723963599595
520,-0.14814286679029465,0.35551193356513977,-0.0019059134647250175,0.00017915833741426467,0.13413015420082958,0.3,3.9373347759246826,3.4599999999999995e-07,0.0052578361981799795
530,-0.127674862742424,0.1497027188539505,0.0001927082659676671,8.464697748422623e-05,0.09868577013257891,0.8,4.89780006773799e-07,3.526666666666667e-07,0.005358948432760364
540,-0.2824486672878265,0.2630863755941391,-0.0033247247338294983,0.0001676015555858612,0.1615176149411127,0.5,1.736761450767517,3.5933333333333335e-07,0.005460060667340748
550,-0.02619902491569519,0.10470271855592728,1.4125336747383698e-06,3.520604223012924e-05,0.09503972146194428,0.7,0.0021747371647506952,3.6599999999999997e-07,0.005561172901921132
560,-0.2690977264195681,0.2433802869170904,1.0098610073328018e-05,0.000252462737262249,0.11839719605632126,0.4,2.5799882411956787,3.7266666666666664e-07,0.005662285136501517
570,-0.34338049590587616,0.20696942061185836,2.939440310001373e-06,7.362794131040573e-05,0.12324533110950142,0.6,5.411884307861328,3.793333333333333e-07,0.005763397371081901
580,-0.14228396005928517,0.15192599631845952,1.816852018237114e-05,0.00045427214354276657,0.12230313688050956,0.5,0.9130885004997253,3.86e-07,0.0058645096056622855
590,0.039628909155726436,0.06578751485794783,6.702542304992676e-06,0.00016757696866989135,0.11140166206751019,0.7,5.772239685058594,3.9266666666666666e-07,0.00596562184024267
600,-0.256955948472023,0.3410755142569542,1.2620724737644195e-05,0.0003157308325171471,0.14533147774636745,0.3,1.5360212326049805,3.993333333333333e-07,0.006066734074823054
610,0.09329815357923507,0.2948335915803909,-0.013654743134975434,0.000606410950422287,0.125154542340897,0.6,1.3233981917437632e-05,4.06e-07,0.006167846309403438
620,-0.1957656905055046,0.11966696828603744,6.162561476230621e-06,0.00015396252274513245,0.12233189772814512,0.6,1.437577247619629,4.126666666666667e-07,0.006268958543983822
630,-0.15474325120449067,0.13981399200856687,7.0232839789241556e-06,0.00017562899738550187,0.08325515552423894,0.8,0.12452322244644165,4.193333333333333e-07,0.006370070778564206
640,-0.034654083847999576,0.06902221888303757,1.490139402449131e-05,0.0003725554794073105,0.12390312254428863,0.7,0.9845971465110779,4.26e-07,0.006471183013144591
650,-0.19296270608901978,0.39288250245153905,8.248910307884217e-06,0.00020613428205251694,0.12558921247255056,0.4,2.436479091644287,4.3266666666666665e-07,0.006572295247724975
660,-0.16685511991381646,0.19246625788509847,6.387910689227283e-05,0.0005846600979566574,0.16995564156677573,0.5,0.1770268976688385,4.393333333333333e-07,0.006673407482305359
670,0.016391757130622863,0.00936671793460846,1.8912134692072868e-06,4.7293677926063535e-05,0.09209166958462447,0.9,0.5519675612449646,4.46e-07,0.006774519716885743
680,-0.1010568991303444,0.2123114749789238,1.5605778025928883e-05,0.0003902414813637733,0.10737987691536546,0.8,0.00021204234508331865,4.526666666666666e-07,0.006875631951466127
690,0.0008956342935562134,0.022975336760282516,-0.0017872344702482223,0.00013289470225572587,0.08362314275000245,0.8,0.00021512432431336492,4.593333333333333e-07,0.0069767441860465115
700,-0.18987414836883545,0.12443762086331844,1.3876541925128549e-05,0.00034684371203184126,0.11973127238452434,0.6,3.248600842198357e-05,4.66e-07,0.007077856420626896
710,-0.010355430841445922,0.23098368532955646,-0.014173878729343415,0.00024336930364370345,0.11760797912720591,0.3,0.5718944072723389,4.7266666666666664e-07,0.00717896865520728
720,-0.24181134700775148,0.2762255609035492,-0.016607186198234557,0.0005562494819287167,0.11369451209902763,0.7,4.465069650905207e-06,4.793333333333333e-07,0.007280080889787664
730,-0.19099745294079185,0.4142594617791474,8.419998921453953e-05,0.002105113863945007,0.1567665240727365,0.3,1.5235636234283447,4.86e-07,0.007381193124368048
740,-0.06219332367181778,0.08700239732861519,2.265326911583543e-05,0.0005663588643074035,0.0787457087310031,0.7,5.339560402717325e-07,4.926666666666667e-07,0.0074823053589484325
750,0.022341082245111464,0.3974680438637733,7.676398381590843e-05,0.0019191544502973556,0.11471913799177855,0.4,1.148765206336975,4.993333333333333e-07,0.007583417593528817
760,-0.22992320880293846,0.40517646446824074,0.00019861385226249695,0.0027368588373064993,0.15788836099673062,0.5,0.33472293615341187,5.06e-07,0.007684529828109201
770,0.0814546444453299,0.20062821870669723,5.883947014808655e-05,0.0014712831005454063,0.1313256279565394,0.4,2.3922154903411865,5.126666666666667e-07,0.007785642062689585
780,-0.056440350413322446,0.10570706240832806,-0.00014104507863521576,0.00105187607332482,0.12723766770213843,0.5,0.6072113513946533,5.193333333333332e-07,0.00788675429726997
790,-0.1324866570532322,0.07971316576004028,3.9754435420036316e-05,0.0009940292686223984,0.1291807387722656,0.6,0.8433895111083984,5.26e-07,0.007987866531850353
800,-0.16134075522422792,0.1988620474934578,0.0037688352167606354,0.0022063134238123894,0.1251213789684698,0.6,3.7398579120635986,5.326666666666666e-07,0.008088978766430738
810,-0.01391960382461548,0.02254972793161869,2.7218388277105986e-05,0.0006804972887039185,0.11652104866225273,0.8,8.489283231938316e-08,5.393333333333333e-07,0.008190091001011122
820,-0.026256513968110084,0.027234330028295516,9.671772713772952e-05,0.0024179697036743166,0.10379628813825548,0.6,4.868185715167783e-05,5.46e-07,0.008291203235591507
830,-0.1709124267101288,0.17230011597275735,0.00017886188579723238,0.004471706226468086,0.11931902079377324,0.5,0.6346125602722168,5.526666666666666e-07,0.00839231547017189
840,-0.17653396725654602,0.35610479228198527,0.00020481683313846588,0.00512026809155941,0.1790450630011037,0.4,4.880091190338135,5.593333333333333e-07,0.008493427704752275
850,-0.12252408415079116,0.3247181951999664,9.567923261784017e-05,0.0048381688073277475,0.1493854179047048,0.5,0.2550647258758545,5.66e-07,0.008594539939332659
860,0.01605796944350004,0.4395729864016175,0.00021247584372758866,0.005315230786800384,0.16119404800701886,0.5,7.31412073946558e-05,5.726666666666666e-07,0.008695652173913044
870,-0.30539129972457885,0.31860497072339056,0.0003579125739634037,0.008947767689824105,0.1436176334740594,0.5,1.6858144998550415,5.793333333333333e-07,0.008796764408493427
880,-0.020999597758054732,0.17744320556521415,0.00041835876181721686,0.010459000617265702,0.13801713269203902,0.7,0.00028591600130312145,5.86e-07,0.008897876643073812
890,0.015218229591846466,0.07327117174863815,0.0017991866916418076,0.005412825819803402,0.11391600095666946,0.6,2.3411037921905518,5.926666666666667e-07,0.008998988877654197
900,0.020868979021906854,0.3337345071136951,0.0012505298480391502,0.03126295953989029,0.19004235789179802,0.5,0.0003159526386298239,5.993333333333333e-07,0.00910010111223458
910,-0.11664841733872891,0.33767771972343325,-0.0042393732815980915,0.02607126496732235,0.19887934532016516,0.3,2.2960593700408936,6.06e-07,0.009201213346814965
920,0.025104983896017074,0.3912545934319496,-0.0011978155933320522,0.02230716049671173,0.16972255355212837,0.5,7.052523415040923e-06,6.126666666666667e-07,0.009302325581395349
930,-0.10011586621403694,0.3388890616595745,0.0013701735995709896,0.03425770867615938,0.19044689575675874,0.5,0.00030883250292390585,6.193333333333332e-07,0.009403437815975734
940,0.16095368787646294,0.2993352934718132,0.002307635918259621,0.057690809667110446,0.2373710319865495,0.2,1.8538750410079956,6.26e-07,0.009504550050556117
950,-0.06686287615448236,0.13133501606062054,0.0007140588946640492,0.017851560190320016,0.1512645401991904,0.5,1.504865050315857,6.326666666666667e-07,0.009605662285136502
960,-0.10891928002238274,0.33069463148713113,0.0019678691402077674,0.049196761287748816,0.18971372819505633,0.3,1.6302717924118042,6.393333333333333e-07,0.009706774519716885
970,0.08780346065759659,0.3291951298713684,0.0062590382993221285,0.024594374373555182,0.1790735635906458,0.5,0.9514151811599731,6.46e-07,0.00980788675429727
980,-0.11510813049972057,0.11618006527423859,0.001750086434185505,0.043752164021134375,0.18520735423080623,0.3,0.0011362649966031313,6.526666666666666e-07,0.009908998988877654
990,-0.1395811782218516,0.3232396155595779,0.0009537359699606895,0.12412823662161827,0.3000412249006331,0.3,0.6538005471229553,6.593333333333333e-07,0.010010111223458039
1000,0.2054925653268583,0.4888839516672306,0.004716030508279801,0.11790098901838064,0.26516524590551854,0.2,0.20388156175613403,6.66e-07,0.010111223458038422
1010,-0.0009474124759435654,0.3158843839541078,0.005805173888802528,0.14512935169041158,0.2383314129896462,0.3,0.0007672836072742939,6.726666666666666e-07,0.010212335692618807
1020,0.4514767337590456,0.7630301553755998,0.022585195302963258,0.14751052167266607,0.2525051948847249,0.1,3.652760085515183e-07,6.793333333333333e-07,0.01031344792719919
1030,0.028481997922062872,0.668840515613556,0.0033842697739601135,0.1799293516203761,0.2758442474529147,0.2,1.337938904762268,6.86e-07,0.010414560161779576
1040,-0.003509199805557728,0.44901240097824485,0.003407631441950798,0.22179329805076123,0.28618760891258715,0.1,11.889265060424805,6.926666666666666e-07,0.010515672396359959
1050,0.051742278039455414,0.7427368951961398,0.009665772318840027,0.241644424572587,0.2599194579292089,0.2,24.1995792388916,6.993333333333333e-07,0.010616784630940344
1060,0.0848344711586833,0.49460179805755616,0.016650648415088655,0.25022328905761243,0.28469540681689975,0.3,0.001071713981218636,7.059999999999999e-07,0.010717896865520727
1070,0.13902537552639843,0.5129408437758685,0.010748571157455445,0.2687140714377165,0.26584495771676303,0.1,40.3212776184082,7.126666666666667e-07,0.010819009100101112
1080,0.09432279150933028,0.5267631780356169,0.014863413572311402,0.3715853914618492,0.2676013799849898,0.0,3.313159227371216,7.193333333333333e-07,0.010920121334681496
1090,0.20430199187248946,0.45505586378276347,0.007545176148414612,0.18862940836697817,0.3114557503722608,0.2,2.378091335296631,7.259999999999999e-07,0.01102123356926188
1100,-0.03668840229511261,0.5992540664970875,0.0007376685738563537,0.26879455558955667,0.3304020852781832,0.0,6.727768421173096,7.326666666666667e-07,0.011122345803842264
1110,-0.09354526679962874,0.5975600428879261,0.009819516539573669,0.3305427011102438,0.33555935746990145,0.1,0.9000058174133301,7.393333333333333e-07,0.01122345803842265
1120,0.6019917719066143,0.8667448416352272,0.010905535519123077,0.2726381624117494,0.23609525123611091,0.0,0.8776776194572449,7.459999999999999e-07,0.011324570273003034
1130,0.042989587783813475,0.5037062637507915,0.012418606132268906,0.31855116318911314,0.29842275513801725,0.1,3.877652406692505,7.526666666666667e-07,0.011425682507583418
1140,0.37693181773647666,0.5749020886141807,0.013927687704563142,0.5247382808476686,0.2894199668429792,0.1,1.495737075805664,7.593333333333333e-07,0.011526794742163803
1150,0.07472345288842916,0.3039642985910177,0.013644002377986908,0.3411001555621624,0.30477688275277615,0.1,0.4949117600917816,7.66e-07,0.011627906976744186
1160,0.1672489390010014,0.4930995823815465,0.016711163520812988,0.4177788311615586,0.32046843809075654,0.1,2.839278221130371,7.726666666666666e-07,0.011729019211324571
1170,0.004870570451021195,0.34308200180530546,0.018254479765892027,0.4075982918962836,0.3337599282152951,0.1,0.004093763418495655,7.793333333333333e-07,0.011830131445904954
1180,0.042361234221607445,0.20111097991466523,0.017214249074459075,0.43035613410174844,0.32074435856193306,0.2,1.9277642965316772,7.86e-07,0.01193124368048534
1190,0.17312228521332146,0.34107870832085607,0.019158323109149934,0.4789582103490829,0.287249606102705,0.0,3.370842218399048,7.926666666666666e-07,0.012032355915065723
1200,0.11150623559951782,0.2699386917054653,0.022687411308288573,0.5671853292733431,0.33365308535285293,0.0,2.2654037475585938,7.993333333333333e-07,0.012133468149646108
1210,0.465654094517231,0.7686025083065033,0.03212679028511047,0.8031689174473285,0.3017976810224354,0.0,1.288115382194519,8.06e-07,0.012234580384226491
1220,0.04168620652053505,0.32034593760035934,0.027841714024543763,0.7005713196471334,0.3548969794996083,0.0,1.3106416463851929,8.126666666666666e-07,0.012335692618806876
1230,-0.026993323868373408,0.25821468795184044,0.025532209873199464,0.6383054573088884,0.353317078622058,0.1,4.6806440353393555,8.193333333333333e-07,0.01243680485338726
1240,0.14892826124560088,0.3599933906458318,0.021501317620277405,0.5430110484361649,0.2975731288082898,0.2,16.48998260498047,8.259999999999999e-07,0.012537917087967644
1250,0.5361642185831442,0.49092172626405955,0.01988425701856613,0.6101424869149923,0.30399174662306905,0.1,6.000284194946289,8.326666666666666e-07,0.012639029322548028
1260,0.1426079618278891,0.37575213592499496,0.016578322649002074,0.4280732378363609,0.3127090037800372,0.0,15.871633529663086,8.393333333333334e-07,0.012740141557128413
1270,0.20775348246097564,0.6065455108880997,0.01545831710100174,0.38645783346146345,0.28132495167665184,0.1,4.552734375,8.459999999999999e-07,0.012841253791708796
1280,0.24665565211325885,0.5453524373704568,0.024192865192890167,0.37685256742988715,0.2990320725366473,0.2,23.530046463012695,8.526666666666666e-07,0.012942366026289181
1290,0.13437133505940438,0.4287984296679497,0.011028044670820237,0.27570131346583365,0.24002623413689433,0.4,2.41794753074646,8.593333333333333e-07,0.013043478260869565
1300,0.3475855328142643,0.5159796267747879,9.449422359466552e-05,0.20158547554165124,0.24820418192539365,0.4,25.54739761352539,8.659999999999999e-07,0.01314459049544995
1310,0.21016212329268455,0.40392638072371484,0.015801112353801727,0.17572327852249145,0.23722399391699583,0.4,1.9212400275137043e-06,8.726666666666666e-07,0.013245702730030333
1320,0.09766076263040305,0.669035355374217,0.0003576311282813549,0.21529174037277699,0.28136645960621537,0.2,0.7747196555137634,8.793333333333333e-07,0.013346814964610718
1330,0.24757495224475862,0.48772477060556413,0.01708347201347351,0.4035164549946785,0.32347077690064907,0.0,4.060493469238281,8.86e-07,0.013447927199191101
1340,0.006442475505173207,0.15865811062976717,0.012378422915935517,0.3094606317579746,0.26614763042889533,0.2,7.482344150543213,8.926666666666666e-07,0.013549039433771486
1350,0.03199472725391388,0.20916058272123336,0.012856964766979218,0.36000695936381816,0.31373762611765416,0.1,2.175509452819824,8.993333333333333e-07,0.013650151668351871
1360,0.17201072722673416,0.6593453466892243,0.01668248325586319,0.4111826833337545,0.31157061979174616,0.0,2.900878429412842,9.06e-07,0.013751263902932255
1370,-0.04988994337618351,0.5321124887559563,0.014703162014484406,0.36757897362113,0.30070801414549353,0.2,2.427079439163208,9.126666666666666e-07,0.01385237613751264
1380,0.18122320864349603,0.48302707746624945,0.011639291793107987,0.4267184233292937,0.30879955566488204,0.1,14.84555435180664,9.193333333333333e-07,0.013953488372093023
1390,0.033099303394556044,0.6732588171958923,0.015795552730560304,0.4947398915886879,0.28868816485628485,0.2,35.48073196411133,9.26e-07,0.014054600606673408
1400,0.036305482126772405,0.5104091614484787,0.03790896534919739,0.6166663888841868,0.32768789315596225,0.1,17.638378143310547,9.326666666666666e-07,0.014155712841253791
1410,0.1417338378727436,0.40731011927127836,0.015196040272712708,0.3340084994211793,0.2560132157523185,0.5,0.04835629463195801,9.393333333333334e-07,0.014256825075834176
1420,0.3559511072933674,0.5238310515880584,0.02353159785270691,0.5674675732851029,0.24096478908322752,0.1,6.370278835296631,9.459999999999999e-07,0.01435793731041456
1430,0.2221251661423594,0.30678538121283055,0.02104758471250534,0.6652910966426134,0.2914867142215371,0.1,6.263162136077881,9.526666666666666e-07,0.014459049544994945
1440,0.12676036544144154,0.47462166994810107,0.015586307644844056,0.39923343546688556,0.26287344126030804,0.1,26.072208404541016,9.593333333333333e-07,0.014560161779575328
1450,0.026371458917856215,0.5024770006537438,0.008541183918714524,0.3720970321446657,0.28387983818538487,0.3,3.602855576900765e-05,9.66e-07,0.014661274014155713
1460,0.08917114513460547,0.15171750009758397,0.01935545802116394,0.43929749056696893,0.29480068585835395,0.1,0.7513990998268127,9.726666666666666e-07,0.014762386248736097
1470,0.2804904037388042,0.44128201603889466,0.014296795427799224,0.3574198715388775,0.31217553340829907,0.2,0.013268183916807175,9.793333333333333e-07,0.014863498483316482
1480,0.07503049857914448,0.2717582654207945,0.010833320021629334,0.2708329249173403,0.24358243665192275,0.2,1.5697182416915894,9.86e-07,0.014964610717896865
1490,0.3474137458950281,0.6638780245557427,0.01872015595436096,0.5370072586461901,0.24805484870448707,0.1,1.8844653367996216,9.926666666666666e-07,0.01506572295247725
1500,-0.09186496981419623,0.3102390802465379,0.015995678305625916,0.3385275430977345,0.23657682922203094,0.2,5.715754696211661e-07,9.993333333333333e-07,0.015166835187057633
1510,0.2780377669259906,0.8622650325298309,0.014078582823276519,0.3519645147025585,0.28692053840495646,0.0,4.1865925788879395,9.999997539434005e-07,0.015267947421638018
1520,0.3118703931570053,0.5696848973631858,-0.010285566747188567,0.44898316357284784,0.30065194526687267,0.2,0.00042835541535168886,9.999989033776898e-07,0.015369059656218402
1530,0.3413570363074541,0.45846076868474483,0.017219752073287964,0.43049373030662536,0.24813113315030932,0.1,3.3907597064971924,9.999974452661641e-07,0.015470171890798787
1540,-0.020659622550010682,0.3655161254107952,0.007569780945777893,0.32361962608993056,0.21303323255851864,0.3,3.5114994049072266,9.999953796105958e-07,0.01557128412537917
1550,0.15840472802519798,0.4480180285871029,0.013426321744918823,0.3356585934758186,0.23500026944093405,0.2,6.025700569152832,9.999927064134948e-07,0.015672396359959553
1560,0.08427794277667999,0.5141736307181418,0.021249116957187654,0.5312280539423228,0.2989528172649443,0.0,0.9428620934486389,9.999894256781094e-07,0.01577350859453994
1570,0.18953306078910828,0.3360505361109972,0.008305969089269638,0.2076490309089422,0.2348747299052775,0.4,0.04598050191998482,9.999855374084258e-07,0.015874620829120323
1580,0.07156986854970455,0.6149233162403107,0.005713801458477974,0.6800259282812476,0.28769560330547395,0.2,0.04018314555287361,9.999810416091688e-07,0.015975733063700707
1590,0.4194949746131897,0.45518063604831693,-0.01581411957740784,0.4343252444639802,0.1982436866965145,0.3,11.19822883605957,9.99975938285801e-07,0.016076845298281094
1600,-0.052750016748905185,0.2498156324028969,0.029963427782058717,0.7423895120620727,0.20857629685197027,0.3,0.29559218883514404,9.999702274445234e-07,0.016177957532861477
1610,0.23105727024376393,0.2208438199944794,0.02030750960111618,0.5115344256162644,0.22581984221469611,0.3,0.06428251415491104,9.999639090922756e-07,0.01627906976744186
1620,0.2520959824323654,0.6157060293015093,0.027092552185058592,0.6773141916841269,0.2571141278138384,0.3,0.21137577295303345,9.999569832367346e-07,0.016380182002022244
1630,-0.002985105291008949,0.2243304261006415,0.012111235409975052,0.31660177260637284,0.20209333712700756,0.3,0.00175978965125978,9.99949449886316e-07,0.01648129423660263
1640,-0.027022568322718144,0.35978146716952325,0.0171156108379364,0.38682879246771334,0.2135499320924282,0.4,0.003801892278715968,9.999413090501738e-07,0.016582406471183014
1650,0.511819945462048,0.5808846845757216,0.01107700914144516,0.27704434785991905,0.21113136962521822,0.2,0.38142362236976624,9.999325607381997e-07,0.016683518705763397
1660,0.21752397567033768,0.8250978462398052,0.02243637144565582,0.5609093703329563,0.24457900242414327,0.2,36.5717887878418,9.999232049610237e-07,0.01678463094034378
1670,0.014335417933762074,0.502607392705977,0.035929632186889646,0.8982408888638019,0.2304478817153722,0.3,0.007993788458406925,9.99913241730014e-07,0.016885743174924167
1680,0.41875277683138845,0.44100138545036316,0.019202929735183717,0.4800733167678118,0.214538989122957,0.3,2.563286542892456,9.999026710572768e-07,0.01698685540950455
1690,0.14439819073304533,0.3431016322225332,0.030074164271354675,0.6982695952057838,0.2593145811464638,0.3,0.04572514444589615,9.998914929556569e-07,0.017087967644084934
1700,0.3393079514149576,0.6829904804937541,0.026750901341438295,0.6702869859873317,0.31045868347864597,0.1,4.4727678298950195,9.998797074387359e-07,0.017189079878665317
1710,0.07337288409471512,0.3148184731602669,0.018882414698600768,0.4720606990158558,0.24805616128724067,0.3,10.21888542175293,9.99867314520835e-07,0.017290192113245704
1720,-0.1058636026456952,0.21050747856497765,0.008250461518764496,0.20626148991286755,0.20165859600529074,0.5,1.7084064483642578,9.998543142170124e-07,0.017391304347826087
1730,0.47237139046192167,0.6238289952278138,-0.007483600825071335,0.2670318253338337,0.2037293418077752,0.2,26.067216873168945,9.99840706543065e-07,0.01749241658240647
1740,0.024147494975477458,0.16853575482964517,0.016606490314006805,0.3771329164505005,0.22785098096355796,0.3,0.006363001186400652,9.998264915155271e-07,0.017593528816986854
1750,0.16979475542902947,0.2084614921361208,-0.0021403687074780463,0.29875860959291456,0.1782594284741208,0.4,7.07622166373767e-05,9.998116691516716e-07,0.01769464105156724
1760,0.1807352587580681,0.2800662784837186,0.018112097680568696,0.44026653207838534,0.23432026971131564,0.2,2.1822264194488525,9.99796239469509e-07,0.017795753286147624
1770,0.23729515001177787,0.3052905276417732,-0.004209469258785248,0.33509862907230853,0.18835610626265406,0.5,6.864709377288818,9.997802024877875e-07,0.017896865520728007
1780,0.015120477229356766,0.41656688153743743,0.009382725507020951,0.20430791899561881,0.2427604613127187,0.4,0.00010541147639742121,9.99763558225994e-07,0.017997977755308394
1790,0.16165128573775292,0.3094532279297709,0.02158574163913727,0.33822123389691117,0.24116166299209,0.0,1.9941915273666382,9.997463067043523e-07,0.018099089989888777
1800,0.19197467789053918,0.580367948114872,0.01949189603328705,0.33183726904298966,0.2710561625426635,0.2,2.958659388241358e-05,9.997284479438252e-07,0.01820020222446916
1810,0.1941417448222637,0.23516873978078365,0.029319074749946595,0.2852995848283172,0.2453720186604187,0.5,0.0234067402780056,9.997099819661125e-07,0.018301314459049544
1820,0.0342475239187479,0.22362209828570484,0.010990679264068604,0.274766992777586,0.2110033638542518,0.5,19.062843322753906,9.996909087936523e-07,0.01840242669362993
1830,-0.018270337022840977,0.1804297909140587,0.008453480899333954,0.25590771399438383,0.262835483183153,0.4,1.7478083372116089,9.9967122844962e-07,0.018503538928210314
1840,0.12884691804647447,0.5467246800661087,0.01398116797208786,0.18251783289015294,0.21979849066119642,0.4,1.296573519706726,9.996509409579293e-07,0.018604651162790697
1850,0.18775851409882308,0.4534498378634453,0.013001298904418946,0.4362313448451459,0.28241560568567364,0.3,5.909931659698486,9.996300463432312e-07,0.01870576339737108
1860,0.3959114529192448,0.8478991150856018,0.014480620622634888,0.5552692357450724,0.29307755155023185,0.1,26.57147979736328,9.996085446309146e-07,0.018806875631951468
1870,0.15993167385458945,0.4761868465691805,0.013971877098083497,0.27987644374370574,0.21760604260489344,0.2,8.841726303100586,9.995864358471066e-07,0.01890798786653185
1880,-0.09342358857393265,0.30889171957969663,0.003923788666725159,0.33436681926250456,0.18503616647794843,0.5,1.016125224850839e-05,9.995637200186708e-07,0.019009100101112234
1890,0.09699358977377415,0.1439641837030649,0.00491594523191452,0.1228986382484436,0.1753784665837884,0.5,3.682485342025757,9.995403971732098e-07,0.019110212335692617
1900,0.5337543427944184,0.591745738685131,0.01616010069847107,0.4040028642863035,0.19730523340404033,0.2,24.95206069946289,9.995164673390625e-07,0.019211324570273004
1910,0.19193278993479906,0.3197465164586902,0.02276967465877533,0.5692422907799483,0.2669512424618006,0.2,2.2042458057403564,9.994919305453057e-07,0.019312436804853388
1920,-0.03512893915176392,0.17570468708872794,0.017218658328056337,0.41429569814354184,0.18539307706523686,0.5,2.4773144104983658e-06,9.994667868217547e-07,0.01941354903943377
1930,0.18128168259281666,0.17300723346415908,0.028196054697036742,0.7049012638628482,0.24345833882689477,0.3,0.08093017339706421,9.99441036198961e-07,0.019514661274014154
1940,0.3245882745832205,0.43779275864362716,0.02021562457084656,0.5416250238195062,0.2337434285553172,0.3,0.0014501012628898025,9.99414678708214e-07,0.01961577350859454
1950,-0.007469822186976671,0.09690590887330472,0.011716058105230331,0.37383012399077414,0.21410667183808982,0.4,5.925078868865967,9.993877143815405e-07,0.019716885743174924
1960,0.25406968258321283,0.35186815932393073,0.0060512635856866835,0.15128138475120068,0.15443602316081523,0.6,0.431459903717041,9.993601432517052e-07,0.019817997977755308
1970,0.15662116799503564,0.18307983707636594,0.0033686358481645586,0.13129642736166716,0.2509512346703559,0.3,0.005218124948441982,9.99331965352209e-07,0.01991911021233569
1980,0.13627783879637717,0.35893413722515105,0.0020517803728580474,0.217234630510211,0.2574321977328509,0.2,5.698904991149902,9.99303180717291e-07,0.020020222446916078
1990,-0.05883308751508594,0.22871261276304722,0.008501081168651581,0.22041835114359856,0.19448691683355718,0.3,6.219491958618164,9.992737893819274e-07,0.02012133468149646
2000,-0.04153806702233851,0.07323216143995523,0.0068169690668582915,0.1788171822205186,0.22613905905745924,0.5,3.0694336891174316,9.99243791381831e-07,0.020222446916076844
2010,-0.08482076786458492,0.4926767975091934,0.006255297362804413,0.15638244897127151,0.2504338617902249,0.3,2.01584607566474e-05,9.992131867534526e-07,0.02032355915065723
2020,0.0960815946571529,0.3691608216613531,0.009346218407154083,0.23365525901317596,0.19154569485690445,0.3,8.166400909423828,9.991819755339796e-07,0.020424671385237615
2030,0.04678630568087101,0.13422656804323196,0.005697604268789291,0.1325484350323677,0.19806985780596734,0.5,0.00019013053679373115,9.991501577613363e-07,0.020525783619817998
2040,-0.02275624331086874,0.4273248840123415,0.0064104929566383365,0.17785359658300876,0.22735356993507594,0.4,0.003618051065132022,9.991177334741849e-07,0.02062689585439838
2050,-0.05068143978714943,0.0994829598814249,0.010667172074317933,0.26667946577072144,0.15687789318617434,0.6,5.2708611488342285,9.990847027119234e-07,0.020728008088978768
2060,0.11228006593883037,0.23208173364400864,0.0006748209707438946,0.17421279698610306,0.21651648543775082,0.5,0.45775994658470154,9.990510655146874e-07,0.02082912032355915
2070,-0.049336851574480534,0.263853145390749,-0.0008983089588582516,0.15614118799567223,0.2069812572328374,0.2,0.3405665159225464,9.990168219233496e-07,0.020930232558139535
2080,0.09092159867286682,0.40997046530246734,-0.0015270749107003212,0.17806619331240653,0.24058588084299118,0.4,2.7558813095092773,9.989819719795187e-07,0.021031344792719918
2090,0.2921149805188179,0.6632997255772353,0.0077247656881809235,0.566916624829173,0.30286308326758443,0.1,3.4810967445373535,9.98946515725541e-07,0.021132457027300305
2100,-0.02454906851053238,0.07355626523494721,0.0020155878737568855,0.05039767920970917,0.16760105767752975,0.6,8.887006759643555,9.989104532044994e-07,0.021233569261880688
2110,0.10902202427387238,0.26103041172027586,0.009415112435817719,0.2353619895875454,0.16951733005698771,0.7,2.719458818435669,9.988737844602125e-07,0.02133468149646107
2120,0.1747917965054512,0.38841663897037504,0.008047735691070557,0.23979889769107104,0.21897639220114798,0.6,0.0005060582188889384,9.98836509537237e-07,0.021435793731041455
2130,0.1315850976854563,0.47218096293509004,0.0222844198346138,0.5571103449910879,0.27848460744135084,0.2,0.058426205068826675,9.987986284808652e-07,0.02153690596562184
2140,0.05008131396025419,0.2837445022538304,0.013094210624694824,0.3273551814258099,0.24837345678824932,0.3,19.959867477416992,9.987601413371263e-07,0.021638018200202225
2150,0.045895053818821904,0.10397642441093921,0.010824483633041383,0.27061205729842186,0.18152978119906038,0.5,1.2553752660751343,9.987210481527854e-07,0.021739130434782608
2160,0.38037115931510923,0.5298164643347263,0.015124961733818054,0.3781243126839399,0.2291771600721404,0.4,18.146743774414062,9.986813489753448e-07,0.02184024266936299
2170,0.221776632219553,0.3197041478008032,0.010234156250953674,0.2663512762635946,0.19211629771161826,0.3,2.5574867725372314,9.986410438530426e-07,0.021941354903943378
2180,-0.11277614105492831,0.2456155067309737,0.01552070677280426,0.3910700872540474,0.18460238869301976,0.5,0.029569018632173538,9.986001328348534e-07,0.02204246713852376
2190,-0.02096444433555007,0.037091205921024085,0.003767983615398407,0.09419960230588913,0.14468016133178024,0.7,4.982052803039551,9.985586159704878e-07,0.022143579373104145
2200,0.11409407295868731,0.19118109007831663,0.03927424848079682,0.9818558782339096,0.20245140308979898,0.4,0.014315065927803516,9.985164933103927e-07,0.022244691607684528
2210,0.1958788393996656,0.33318627942353485,0.0019264891743659973,0.18037211019545793,0.20667963996529579,0.3,8.427570343017578,9.984737649057514e-07,0.022345803842264915
2220,-0.18637740574777126,0.458152449503541,0.05020847320556641,1.2594522267580033,0.22476465271320195,0.2,23.83634376525879,9.984304308084825e-07,0.0224469160768453
2230,0.0835615623742342,0.3529130581766367,0.006664641946554184,0.1666155755519867,0.19114972036331893,0.3,5.811023129353998e-07,9.983864910712415e-07,0.02254802831142568
2240,0.33944526463747027,0.4825793467462063,-0.004410488903522492,0.32602192237973215,0.20316892401315273,0.3,5.079568386077881,9.98341945747419e-07,0.02264914054600607
2250,-0.00026078708469867706,0.06761173456907273,0.006453112512826919,0.18508329000324011,0.1792572608916089,0.7,0.0006673592724837363,9.982967948911418e-07,0.02275025278058645
2260,0.43559710681438446,0.35514147877693175,0.01858275234699249,0.46456910744309426,0.1545009830966592,0.5,0.01259749848395586,9.982510385572724e-07,0.022851365015166835
2270,0.0016747444868087768,0.22565389275550843,0.011736589670181274,0.2934148026630282,0.16670838461723178,0.7,0.00872716773301363,9.982046768014093e-07,0.02295247724974722
2280,-0.08222628533840179,0.30671100318431854,0.010945480316877365,0.27363788783550264,0.177862480096519,0.6,6.46348762512207,9.981577096798863e-07,0.023053589484327605
2290,0.26686032917350533,0.27945771589875223,0.1068221926689148,2.7015905562788247,0.1674076578579843,0.3,0.00018083216855302453,9.981101372497727e-07,0.02315470171890799
2300,0.14210060387849807,0.23732912689447402,0.013585935533046722,0.33964848034083844,0.19891582082491369,0.3,3.7883760929107666,9.980619595688735e-07,0.023255813953488372
2310,-0.03965143044479191,0.20047701057046652,0.01876794844865799,0.4702438235282898,0.2834369561634958,0.1,0.2868397533893585,9.980131766957295e-07,0.023356926188068755
2320,0.10128397289663553,0.1979949469678104,0.02382650226354599,0.62965337485075,0.16790670782793313,0.3,5.3588714599609375,9.979637886896163e-07,0.023458038422649142
2330,-0.0012285422533750534,0.2069021075963974,-0.004777902737259865,0.09483560174703598,0.16647867821156978,0.5,9.806825983105227e-05,9.979137956105445e-07,0.023559150657229525
2340,0.02825894537381828,0.22593934573233126,0.009835268557071685,0.24588160067796708,0.21559694353491068,0.5,5.602720260620117,9.97863197519261e-07,0.02366026289180991
2350,0.017539900541305543,0.26114419400691985,0.005341791734099388,0.13354490511119366,0.1942880872404203,0.6,11.240193367004395,9.978119944772475e-07,0.023761375126390292
2360,0.037404207256622614,0.09521396784111857,0.004524416103959083,0.11311039179563523,0.1348972473293543,0.7,0.0003657261549960822,9.977601865467195e-07,0.02386248736097068
2370,-0.25248981565237044,0.3531996378675103,0.011068262904882432,0.27670696564018726,0.2521863339934498,0.3,1.642159342765808,9.977077737906296e-07,0.023963599595551062
2380,0.06775072012096643,0.39106972571462395,0.013348065316677094,0.33370160646736624,0.284820852894336,0.1,1.4488608837127686,9.976547562726637e-07,0.024064711830131445
2390,0.0019994147121906282,0.0716222282499075,0.011587069183588029,0.2896767858415842,0.1523748648352921,0.7,1.5358397960662842,9.976011340572428e-07,0.02416582406471183
2400,0.13423646688461305,0.2237458646297455,0.007053495198488235,0.11383197084069252,0.13166359239257872,0.7,0.0025876641739159822,9.975469072095235e-07,0.024266936299292215
2410,0.010603426396846772,0.025504502467811108,0.007832688838243484,0.19581716768443586,0.1548022446455434,0.6,0.0039008273743093014,9.974920757953965e-07,0.0243680485338726
2420,-0.0029995888471603394,0.1396273761987686,0.01278328001499176,0.3723470836877823,0.18323444158304483,0.4,0.04462023079395294,9.974366398814869e-07,0.024469160768452982
2430,0.15295025799423456,0.2951058268547058,0.017953518033027648,0.4488379519432783,0.19147047437727452,0.4,5.5454864501953125,9.973805995351544e-07,0.024570273003033365
2440,0.24142670631408691,0.262833683937788,0.01386062204837799,0.3470487631857395,0.1452713427366689,0.6,18.72347640991211,9.973239548244936e-07,0.024671385237613752
2450,-0.12040594220161438,0.42391561567783353,0.011783277988433838,0.29458182752132417,0.2507542143110186,0.4,6.378427028656006,9.972667058183333e-07,0.024772497472194135
2460,0.22006652099080384,0.43523601032793524,-0.0074578262865543365,0.32603226602077484,0.21559568669181317,0.3,2.849775552749634,9.97208852586236e-07,0.02487360970677452
2470,0.13586646281182765,0.09891093382611871,0.005292880535125733,0.12063103429973125,0.15620673573575913,0.5,5.025906562805176,9.971503951984993e-07,0.024974721941354906
2480,0.06285899700596928,0.14438092522323132,0.009743504971265794,0.2435878161340952,0.22520859350915998,0.4,0.3729870617389679,9.97091333726154e-07,0.02507583417593529
2490,0.16272584535181522,0.47479157224297525,0.02151297628879547,0.5378243736922741,0.2496894118608907,0.2,0.9430732131004333,9.970316682409659e-07,0.025176946410515672
2500,0.16828787475824356,0.2037810914218426,0.013875477015972137,0.3773041393607855,0.12986813944298775,0.6,0.6643655896186829,9.969713988154337e-07,0.025278058645096056
2510,0.003855537623167038,0.2416487842798233,0.006850782781839371,0.32356952093541624,0.19250279020052402,0.4,0.006024294067174196,9.969105255227905e-07,0.025379170879676442
2520,-0.08402939103543758,0.36888513080775737,0.01119593232870102,0.36905702501535415,0.23887580819427967,0.4,18.253562927246094,9.968490484370033e-07,0.025480283114256826
2530,0.2863762691617012,0.48109782934188844,0.01846960186958313,0.4617400337010622,0.17430789649952202,0.5,13.170047760009766,9.967869676327726e-07,0.02558139534883721
2540,0.09505655858665704,0.11868554721586407,0.011967091262340546,0.29917753376066686,0.18671155360061675,0.3,10.935279846191406,9.96724283185532e-07,0.025682507583417592
2550,-0.00821869894862175,0.2565617188811302,0.004506037756800652,0.08100570179522038,0.13340114569291472,0.4,7.194091796875,9.966609951714492e-07,0.02578361981799798
2560,0.09617047607898713,0.08759592622518539,0.005490056052803993,0.13725173138082028,0.13009866967331618,0.8,0.0027638280298560858,9.965971036674254e-07,0.025884732052578362
2570,0.0346137136220932,0.20223675519227982,0.012590076029300689,0.30817615129053594,0.17272523550782354,0.6,7.993083954715985e-07,9.965326087510946e-07,0.025985844287158746
2580,-0.008508535660803318,0.01458558849990368,0.008447470515966416,0.21118685305118562,0.12466302192769944,0.8,6.953728615144428e-08,9.964675105008243e-07,0.02608695652173913
2590,0.48666309015825393,0.36156526310369375,-0.02720368206501007,0.17212665379047393,0.20053619674872608,0.2,11.958365440368652,9.964018089957146e-07,0.026188068756319516
2600,-0.027499575167894363,0.09792126268148423,0.005629836022853852,0.1544111255556345,0.1408395094331354,0.7,2.555575132369995,9.963355043155995e-07,0.0262891809908999
2610,0.05620590001344681,0.2321424201130867,0.001688927412033081,0.02334953397512436,0.14511654595844448,0.6,2.276458417327376e-07,9.962685965410454e-07,0.026390293225480282
2620,-0.033462992310523985,0.36858595758676527,0.007189242541790009,0.17973126247525215,0.15421180413104593,0.5,3.4073479175567627,9.962010857533512e-07,0.026491405460060666
2630,0.2333085671067238,0.2147883526980877,0.021614277362823488,0.5403570964932441,0.20315204453654587,0.3,9.248713493347168,9.961329720345493e-07,0.026592517694641053
2640,0.13952295165508985,0.21165633387863636,0.008593137562274932,0.21482837200164795,0.1450347103876993,0.6,2.0524983406066895,9.96064255467404e-07,0.026693629929221436
2650,0.017676968686282636,0.061594791803509,0.026385611295700072,0.659640509262681,0.1348724609008059,0.4,4.97684197853232e-07,9.959949361354125e-07,0.02679474216380182
2660,0.019437815248966216,0.5703117862343788,0.011207710951566696,0.37332484498620033,0.24074391657486557,0.3,2.1559244487434626e-05,9.959250141228043e-07,0.026895854398382203
2670,0.09956230409443378,0.15677805691957475,0.007205580174922943,0.19734149128198625,0.14542213808745147,0.6,1.5154093944147462e-06,9.958544895145412e-07,0.02699696663296259
2680,0.013270153710618616,0.10182050848379731,0.020974884927272796,0.5243720717728138,0.1486941776238382,0.6,0.006622163578867912,9.957833623963177e-07,0.027098078867542973
2690,-0.12331641986966133,0.1902154702693224,0.013931462168693542,0.42007739953696727,0.14045124079566448,0.4,8.884879112243652,9.957116328545592e-07,0.027199191102123356
2700,0.15497686266899108,0.23361360132694245,-0.00032650334760546683,0.31065559238195417,0.16870711869560182,0.5,3.669731616973877,9.956393009764243e-07,0.027300303336703743
2710,0.2217126827687025,0.297140864469111,0.005458357185125351,0.13645884040743111,0.1370278825517744,0.3,1.7713860273361206,9.955663668498032e-07,0.027401415571284126
2720,-0.009545199200510978,0.27386356294155123,0.0181997150182724,0.4486294123053085,0.220723434118554,0.5,3.3922598361968994,9.954928305633172e-07,0.02750252780586451
2730,0.07471816539764405,0.20217148065567017,0.009423383325338364,0.2355846006423235,0.1315065575996414,0.8,0.0010374608682468534,9.954186922063201e-07,0.027603640040444893
2740,-0.039169144630432126,0.17979436554014683,0.009542854130268097,0.23857141621410846,0.18558911608997733,0.4,8.201132732210681e-05,9.953439518688973e-07,0.02770475227502528
2750,0.13664476107805967,0.16157648488879203,0.018267926573753358,0.45669807083904745,0.228866263339296,0.3,1.5310649871826172,9.95268609641865e-07,0.027805864509605663
2760,0.20334968380630017,0.33960933461785314,0.011313107609748841,0.5273560076951981,0.263392698043026,0.1,0.014248233288526535,9.951926656167713e-07,0.027906976744186046
2770,0.3068143755197525,0.35531983226537706,0.0361436665058136,0.7866917103528976,0.1944697446655482,0.3,8.012297630310059,9.951161198858952e-07,0.02800808897876643
2780,0.11607015607878565,0.3215033385902643,0.018986408412456513,0.6180414672940969,0.239797246013768,0.3,12.299335479736328,9.95038972542247e-07,0.028109201213346816
2790,-0.03005465567111969,0.1781592510640621,0.014535187184810639,0.3660937909036875,0.21541241267696024,0.4,6.562660217285156,9.94961223679568e-07,0.0282103134479272
2800,-0.03969009574502706,0.09645701088011265,0.014439032971858978,0.3609761640429497,0.2156195116462186,0.4,0.0005482076085172594,9.948828733923304e-07,0.028311425682507583
2810,0.06122620180249214,0.5952136021107435,0.018261604011058807,0.4565403465181589,0.2503761892905459,0.3,43.94964599609375,9.948039217757373e-07,0.028412537917087966
2820,0.04394251201301813,0.27733855210244657,0.014989708364009858,0.37474275529384615,0.22300424547865988,0.2,1.2459242343902588,9.947243689257224e-07,0.028513650151668353
2830,0.20481441617012025,0.2674509048461914,0.01445939540863037,0.36148459017276763,0.11286974076647312,0.8,1.593571424484253,9.946442149389496e-07,0.028614762386248736
2840,-0.08587958365678787,0.08973586428910493,0.010443459451198577,0.26108653023838996,0.12989076713565736,0.6,2.0409740955074085e-06,9.945634599128138e-07,0.02871587462082912
2850,0.05491382759064436,0.16869640424847604,0.01260431855916977,0.3151080425828695,0.1736621425487101,0.5,2.215120315551758,9.944821039454401e-07,0.028816986855409503
2860,0.10198704712092876,0.25738001354038714,0.016417522728443146,0.4104383192956448,0.20157686001621186,0.3,1.6260255575180054,9.944001471356834e-07,0.02891809908998989
2870,-0.1242408724501729,0.09433840811252595,0.012093833833932876,0.3184588450938463,0.18486115315463394,0.6,2.5203933715820312,9.943175895831287e-07,0.029019211324570273
2880,0.14113845452666282,0.2228042773902416,0.02085898965597153,0.5108652362599969,0.1642795681487769,0.5,20.886455535888672,9.94234431388092e-07,0.029120323559150656
2890,0.003096844628453255,0.18136050910688936,0.008481471240520478,0.2511033773422241,0.23888175054453314,0.4,0.018458981066942215,9.941506726516177e-07,0.029221435793731043
2900,0.3268591947853565,0.6217193931341172,0.031514817476272584,0.7878708560019732,0.1999100872548297,0.4,0.0001895843743113801,9.94066313475481e-07,0.029322548028311426
2910,-0.0460013197734952,0.15100946724414827,0.007715950906276703,0.19289882108569145,0.21499288380146026,0.4,2.732100248336792,9.939813539621855e-07,0.02942366026289181
2920,0.18661288991570474,0.177183548361063,0.019284062087535858,0.4566685102880001,0.18643161992076784,0.5,1.685987114906311,9.938957942149659e-07,0.029524772497472193
2930,0.055768842622637746,0.2882964741438627,0.014836831390857697,0.8043173480778932,0.2308660093229264,0.4,0.06736385077238083,9.93809634337785e-07,0.02962588473205258
2940,0.21694089570082725,0.24123184871859848,0.00466344878077507,0.6378959503024817,0.21058369202073662,0.2,3.823969602584839,9.937228744353352e-07,0.029726996966632963
2950,0.0711398497223854,0.09686350300908089,0.02434445172548294,0.608611505292356,0.13243078913073986,0.8,0.0012295420747250319,9.93635514613038e-07,0.029828109201213347
2960,-0.056481362832710144,0.13066026717424392,0.021233004331588746,0.5308250967413187,0.17365506554488092,0.5,16.617509841918945,9.935475549770434e-07,0.02992922143579373
2970,0.16989631578326225,0.3176052704453468,0.011500676721334457,0.43355519212782384,0.20035737096332012,0.3,1.6678988933563232,9.934589956342313e-07,0.030030333670374117
2980,0.07143924832344055,0.3212590888142586,0.014547911286354066,0.3636979222297668,0.1979613414267078,0.4,4.9573211669921875,9.933698366922092e-07,0.0301314459049545
2990,-0.023665617406368255,0.2638763926923275,0.024543765187263488,0.6080573385581374,0.13918482919689268,0.4,12.705753326416016,9.932800782593139e-07,0.030232558139534883
3000,-0.03192947064526379,0.3254729569889605,0.022223275899887086,0.5735723011195659,0.24531552353873848,0.3,0.9222077131271362,9.931897204446102e-07,0.030333670374115267
3010,0.26747954078018665,0.5003022596240043,0.029730212688446046,0.649744750931859,0.2722537427209318,0.2,3.0801541805267334,9.930987633578915e-07,0.030434782608695653
3020,0.2744001384358853,0.2899953320622444,0.029664865136146544,0.8665255159139633,0.14640704875346272,0.5,1.0510244369506836,9.93007207109679e-07,0.030535894843276037
3030,0.013326890114694834,0.17405963512137532,0.005637920275330543,0.1408306621015072,0.19931030026637017,0.5,3.6224992275238037,9.929150518112224e-07,0.03063700707785642
3040,0.16448049461469055,0.326690361648798,0.018676137924194335,0.46690343916416166,0.2469900442985818,0.2,15.868906021118164,9.92822297574499e-07,0.030738119312436803
3050,0.18324935138225557,0.2897252649068832,0.019434255361557008,0.6662888873368502,0.1625136195216328,0.6,4.215856552124023,9.92728944512214e-07,0.03083923154701719
3060,-0.04552709199488163,0.24069572389125823,0.024894054234027862,0.6223519660532475,0.22101780839730054,0.5,0.04534454271197319,9.926349927378e-07,0.030940343781597573
3070,0.1025754019850865,0.13554702568799257,0.015414825081825257,0.38537061363458636,0.18022648799233137,0.5,16.16977310180664,9.925404423654174e-07,0.031041456016177957
3080,0.08175245374441147,0.4655064046382904,0.006342683732509613,0.3622652143239975,0.2538994446862489,0.3,17.953460693359375,9.924452935099537e-07,0.03114256825075834
3090,-0.02034855354577303,0.04829030334949493,0.00999782159924507,0.24994561187922953,0.13493498000316323,0.7,1.8613462448120117,9.923495462870238e-07,0.031243680485338727
3100,-0.012849277839995921,0.0754591204226017,0.02126476466655731,0.5316190481185913,0.20965992158744484,0.5,1.6670788909323164e-06,9.9225320081297e-07,0.03134479271991911
3110,0.20226876577362418,0.39866910614073275,0.009023329615592957,0.2255832303315401,0.21208892806898802,0.4,20.434289932250977,9.921562572048605e-07,0.0314459049544995
3120,0.21273270901292562,0.34790034368634226,0.01560918390750885,0.39023000188171864,0.17895081988535821,0.4,50.9215202331543,9.920587155804912e-07,0.03154701718907988
3130,0.05752620697021484,0.10245837718248367,0.0043350569903850555,0.1083764461800456,0.14523564744740725,0.7,1.6311880350112915,9.919605760583844e-07,0.031648129423660264
3140,0.041475577466189864,0.028368348628282546,0.0024514704942703246,0.18455631900578737,0.10896532454062254,0.8,1.0117055177688599,9.918618387577887e-07,0.03174924165824065
3150,-0.0455193430185318,0.19126951992511748,-0.00310986265540123,0.08035321161150932,0.14589056118857116,0.6,6.3677802085876465,9.917625037986797e-07,0.03185035389282103
3160,-0.002909023454412818,0.1420305896550417,0.008506842702627183,0.09827256798744202,0.19869973729364573,0.5,0.1461361050605774,9.91662571301758e-07,0.031951466127401414
3170,0.1166672199498862,0.2602669865358621,0.01974865049123764,0.494995329156518,0.22871408886276184,0.2,1.11614824049866e-07,9.915620413884519e-07,0.0320525783619818
3180,-0.036048604641109705,0.3363785665482283,0.01381186693906784,0.34529683105647563,0.27725131597835573,0.3,4.23858118057251,9.914609141809138e-07,0.03215369059656219
3190,0.05182941318489611,0.034250637516379356,0.007762229442596436,0.19405574835836886,0.1344089772552252,0.7,1.5313843488693237,9.913591898020233e-07,0.03225480283114257
3200,0.129384583234787,0.322976303845644,0.004704027995467186,0.11760114058852196,0.19965984155423938,0.5,0.0007727734046056867,9.912568683753853e-07,0.032355915065722954
3210,0.3573617674410343,0.3508993610739708,0.006111140549182892,0.38692313618957996,0.18550413630437107,0.3,3.6557121347868815e-06,9.911539500253294e-07,0.03245702730030334
3220,0.12197621574159712,0.2765121223405004,0.020964351296424866,0.33281896263360977,0.19342961630318314,0.5,7.224528417282272e-06,9.910504348769117e-07,0.03255813953488372
3230,0.08367132041603327,0.11563940737396479,0.014083403348922729,0.35827844850718976,0.176629116688855,0.5,0.2884625196456909,9.909463230559126e-07,0.032659251769464104
3240,0.043550844537094235,0.22216512439772487,0.00896187275648117,0.22404660899192094,0.16984216517303138,0.6,1.3931020248492132e-07,9.908416146888376e-07,0.03276036400404449
3250,0.04387325644493103,0.3434019163250923,0.014311927556991576,0.35779808163642884,0.18040050980634986,0.6,1.7046231031417847,9.907363099029174e-07,0.03286147623862487
3260,0.05935713537037372,0.1303620807826519,0.016551002860069275,0.4137752177193761,0.20784290235023944,0.5,0.8140962719917297,9.906304088261073e-07,0.03296258847320526
3270,0.24010507054626942,0.3004307825118303,0.010708238184452056,0.28750000707805157,0.2213849674211815,0.3,0.00010178487718803808,9.905239115870871e-07,0.033063700707785644
3280,0.017136639356613158,0.12970583587884904,0.007412219047546386,0.1853055339306593,0.15627970814239234,0.5,1.9506397247314453,9.904168183152609e-07,0.03316481294236603
3290,-0.058732614293694495,0.7060780033469201,0.014213193953037263,0.35532979182899,0.26242170988116414,0.3,5.851473331451416,9.903091291407572e-07,0.03326592517694641
3300,0.02470206394791603,0.15307344123721123,0.0021208688616752625,0.05302175115793943,0.13446663182694465,0.7,0.018389485776424408,9.902008441944285e-07,0.033367037411526794
3310,0.0437811154872179,0.14593539908528327,0.012805476784706116,0.3201371133327484,0.1559815113665536,0.6,0.0001009464031085372,9.90091963607851e-07,0.03346814964610718
3320,0.15365761034190656,0.17595571428537368,0.004801208525896073,0.12003015242516994,0.19437840122263877,0.3,1.4037431478500366,9.899824875133254e-07,0.03356926188068756
3330,0.13589403363876046,0.19046095218509435,0.01989985704421997,0.501121624186635,0.19162449315190316,0.4,0.1277531534433365,9.898724160438748e-07,0.03367037411526795
3340,0.010919464007019996,0.02735598310828209,0.013214749097824097,0.3303686425089836,0.1639582330128178,0.8,5.028681243857136e-06,9.897617493332468e-07,0.033771486349848334
3350,0.28444014227134173,0.28687961329706013,0.013022145628929139,0.32555395513772967,0.2165307065472007,0.4,0.0006393767544068396,9.89650487515912e-07,0.03387259858442872
3360,0.18371009342372419,0.3473613753914833,0.010905595123767852,0.27263972591608765,0.1884159161709249,0.5,6.780774116516113,9.895386307270638e-07,0.0339737108190091
3370,0.24203767833532766,0.39797320468351244,0.01879378706216812,0.4698448784649372,0.2650173308327794,0.3,0.08883816748857498,9.894261791026189e-07,0.034074823053589484
3380,0.4124647218734026,0.251753425039351,-0.018769091367721556,0.2046714447438717,0.14720304375514387,0.3,0.52928626537323,9.893131327792163e-07,0.03417593528816987
3390,0.012131053488701582,0.10355927310883999,-0.0030802441760897636,0.12337540723383426,0.15320534755010157,0.3,5.819611033075489e-06,9.891994918942181e-07,0.03427704752275025
3400,0.32144194431602957,0.36864716187119484,0.022293612360954285,0.5573403818532825,0.16510561148170383,0.5,43.4548454284668,9.890852565857092e-07,0.034378159757330634
3410,-0.013107620179653168,0.10156687796115875,0.0006307705305516719,0.026967347785830497,0.12570772147737444,0.7,0.00023080372193362564,9.889704269924952e-07,0.034479271991911024
3420,0.14313947781920433,0.3658675216138363,-0.007265711575746537,0.3347626801580191,0.20576749972533434,0.2,11.745379447937012,9.88855003254106e-07,0.03458038422649141
3430,-0.001840289682149887,0.1418478585779667,0.008279921859502793,0.20699816346168518,0.18581988918595016,0.6,0.0011114614317193627,9.887389855107916e-07,0.03468149646107179
3440,0.11775013208389282,0.43189049065113067,0.01271001696586609,0.31775034628808496,0.16784571849275381,0.6,41.21243667602539,9.886223739035249e-07,0.034782608695652174
3450,0.04904583692550659,0.18844269979745149,0.008883603662252427,0.22208676151931286,0.2014318376313895,0.6,0.3018035292625427,9.885051685739995e-07,0.03488372093023256
3460,0.0027310952544212343,0.22398030310869216,0.0068864598870277405,0.17216166090220214,0.20116468463093043,0.4,1.6322990177286556e-06,9.883873696646316e-07,0.03498483316481294
3470,0.3129482284188271,0.3264325588941574,0.012369116395711898,0.3092281449586153,0.16358629488386214,0.5,4.4458247430156916e-05,9.882689773185574e-07,0.035085945399393324
3480,-0.01570183290168643,0.044028354436159135,0.009068901091814041,0.2267226580530405,0.13677597236819566,0.7,0.0001352776016574353,9.881499916796352e-07,0.03518705763397371
3490,0.1962631367146969,0.2599863139912486,0.029684978723526,0.7421244204044342,0.14895970679353923,0.5,22.19562530517578,9.880304128924433e-07,0.0352881698685541
3500,0.12014037035405636,0.40814437717199326,0.007434394955635071,0.33522365130484105,0.21859294876921923,0.4,26.155929565429688,9.879102411022816e-07,0.03538928210313448
3510,-0.051247008703649045,0.03445834647864103,0.0037741649895906447,0.09435890149325132,0.14227246397640556,0.7,0.008193529210984707,9.877894764551701e-07,0.035490394337714865
3520,0.23319092206656933,0.5867850348353386,0.021944507956504822,0.5486129865050315,0.26013597496785223,0.4,0.009919117204844952,9.876681190978492e-07,0.03559150657229525
3530,0.15221119821071624,0.38740153014659884,-7.432886632159352e-05,0.1275444220751524,0.16417656899429858,0.4,0.9689770340919495,9.875461691777795e-07,0.03569261880687563
3540,0.2903197068721056,0.2528255766257644,0.006035736948251724,0.46618823185563085,0.16459677272941917,0.4,7.345369815826416,9.874236268431415e-07,0.035793731041456014
3550,0.006728305667638779,0.28563456423580647,0.015957126021385194,0.3161780282855034,0.15915808230638503,0.4,1.1354897022247314,9.87300492242836e-07,0.0358948432760364
3560,0.38269745409488676,0.4862448439002037,0.03792261779308319,0.9480654839426279,0.22168761095963418,0.3,2.653041362762451,9.871767655264828e-07,0.03599595551061679
3570,0.30018400400877,0.5122760593891144,0.020264406502246857,0.5066104408353567,0.20305170153733343,0.4,0.8733444809913635,9.870524468444219e-07,0.03609706774519717
3580,0.10586376760620624,0.16329655206063762,0.02108658105134964,0.5271645735949277,0.16056917775422336,0.5,0.5357869863510132,9.86927536347712e-07,0.036198179979777555
3590,0.1156911576166749,0.23640235904604195,0.018556524813175202,0.46730937883257867,0.18993455518502741,0.5,7.07271146774292,9.86802034188131e-07,0.03629929221435794
3600,-0.09140734241809696,0.22503004111349584,0.016601184010505678,0.4203470230102539,0.17302955663762987,0.6,0.02538132853806019,9.866759405181764e-07,0.03640040444893832
3610,0.3282820537686348,0.2582283169031143,0.04165745377540588,0.4633035039529204,0.20108309905044736,0.5,3.1131995115174504e-07,9.865492554910632e-07,0.036501516683518705
3620,-0.09454861469566822,0.15986186377704142,0.0070097923278808595,0.17524488493800164,0.15562199973501264,0.6,0.005045767407864332,9.86421979260726e-07,0.03660262891809909
3630,-0.012110013887286187,0.2825700968503952,0.012985660135746003,0.3246416043490171,0.20214114654809237,0.5,9.327730178833008,9.862941119818176e-07,0.03670374115267947
3640,-0.016699030995368958,0.09353953152894974,0.013062311708927155,0.3265578277409077,0.2071926860138774,0.5,2.6529488563537598,9.861656538097084e-07,0.03680485338725986
3650,0.05436129011213779,0.13277287036180496,0.00584561973810196,0.14614060707390308,0.21890978370793163,0.3,8.75731372833252,9.860366049004875e-07,0.036905965621840245
3660,0.39592374339699743,0.476584954559803,0.01991187036037445,0.49779686741530893,0.17845571478828787,0.4,5.47714944332256e-06,9.859069654109615e-07,0.03700707785642063
3670,-0.03549760244786739,0.20601322762668134,0.007488229125738144,0.18720586113631726,0.21120465830899776,0.5,8.600097771704895e-07,9.857767354986544e-07,0.03710819009100101
3680,0.19527636686107144,0.37627003286033867,0.007410858571529388,0.18527132403105498,0.23274091095663607,0.3,26.844541549682617,9.856459153218077e-07,0.037209302325581395
3690,0.18645325489342213,0.15329348891973496,0.006708540767431259,0.16771372519433497,0.14991143972147256,0.6,1.1617202758789062,9.855145050393808e-07,0.03731041456016178
3700,0.051157673029229044,0.07815307006239891,0.01026255413889885,0.25656418427824973,0.1660624576965347,0.6,1.543976213724818e-05,9.85382504811049e-07,0.03741152679474216
3710,0.05054425671696663,0.09043605253100395,0.014948609471321105,0.3737154081463814,0.1537919995840639,0.7,8.323593139648438,9.852499147972053e-07,0.037512639029322545
3720,0.004750498384237289,0.07204272747039794,0.009180317819118499,0.2295080076903105,0.13159277876839043,0.7,2.019966814259533e-06,9.85116735158959e-07,0.037613751263902935
3730,-0.020426518842577936,0.1595843244343996,0.009764477610588074,0.24411207847297192,0.18940800779964775,0.4,16.25318717956543,9.849829660581362e-07,0.03771486349848332
3740,-0.018693898618221284,0.017027151584625245,0.0003436265280470252,0.008590667322278023,0.06665423233062029,0.9,2.8498894266704156e-07,9.848486076572786e-07,0.0378159757330637
3750,0.0736682340502739,0.16471747681498528,0.0072764292359352115,0.1819108510389924,0.15279624618124216,0.6,10.954350471496582,9.847136601196443e-07,0.037917087967644085
3760,0.16085934173315763,0.10959275737404824,-0.013463434576988221,0.20821445751935244,0.11122521706856787,0.7,2.185611992899794e-05,9.845781236092077e-07,0.03801820020222447
3770,0.10662628286518157,0.36392079666256905,-0.010423431545495987,0.2655754778534174,0.24484396034386008,0.4,2.3481397875002585e-06,9.844419982906582e-07,0.03811931243680485
3780,-0.013268249481916428,0.058817817270755766,0.0015618065372109413,0.039045166596770285,0.1261636266950518,0.7,4.053156852722168,9.843052843294007e-07,0.038220424671385235
3790,0.19308480080217122,0.37857969747856257,0.01210826337337494,0.3027066379785538,0.17365228838752955,0.5,4.256521037859784e-07,9.841679818915558e-07,0.038321536905965625
3800,0.22313219793140887,0.5858671493828297,0.013400180637836457,0.33259186185896394,0.2626538202865049,0.2,9.224811219610274e-05,9.84030091143959e-07,0.03842264914054601
3810,0.15638928562402726,0.24688659459352494,0.021933776140213013,0.5483446709811688,0.11581503439228982,0.6,0.07198044657707214,9.838916122541602e-07,0.03852376137512639
3820,0.10212241783738137,0.23853857219219207,0.010744684934616089,0.268617357686162,0.15329627031460405,0.5,0.00042334935278631747,9.837525453904245e-07,0.038624873609706775
3830,0.040366869792342185,0.12787602990865707,0.01945250779390335,0.4881705816835165,0.11420348999090493,0.7,8.9807334006764e-05,9.836128907217313e-07,0.03872598584428716
3840,0.17766422033309937,0.17764506116509438,0.012959948182106018,0.3239987798035145,0.16410806644707918,0.5,3.4946391582489014,9.834726484177743e-07,0.03882709807886754
3850,0.29900392442941665,0.3393033318221569,0.009131585061550141,0.2282898023724556,0.1302910037804395,0.6,19.72014808654785,9.833318186489608e-07,0.038928210313447925
3860,0.07722571920603513,0.31032185852527616,0.015797427296638487,0.36651764921844004,0.19099608294200152,0.4,1.5823252201080322,9.831904015864125e-07,0.03902932254802831
3870,0.0478921290487051,0.09436416812241077,0.006340178847312927,0.3184280443936586,0.15761969806626439,0.6,4.559258570679958e-07,9.830483974019644e-07,0.0391304347826087
3880,0.0863871606066823,0.23907940052449703,-0.0004491284489631653,0.42330239005386827,0.14806109783239663,0.6,0.062295056879520416,9.82905806268165e-07,0.03923154701718908
3890,0.013082028180360795,0.2611342430114746,0.010194707661867142,0.320795857347548,0.19079776504077017,0.5,7.122276292648166e-05,9.827626283582758e-07,0.039332659251769465
3900,0.015341364219784737,0.11363202929496766,0.023679976165294648,0.5919993374496698,0.16816151281818748,0.5,0.9893338680267334,9.826188638462717e-07,0.03943377148634985
3910,0.0058873861096799375,0.20486255787545815,0.016140900552272797,0.41163008846342564,0.2159188887104392,0.3,8.944199362304062e-05,9.824745129068402e-07,0.03953488372093023
3920,0.20062299650162457,0.36524621173739436,0.001492641307413578,0.4497023794800043,0.216021165298298,0.3,8.66653823852539,9.823295757153809e-07,0.039635995955510615
3930,-0.03383350223302841,0.16527872383594513,0.003152374178171158,0.07880944591015578,0.14735165962483734,0.6,2.7899961471557617,9.821840524480066e-07,0.039737108190091
3940,0.25677988603711127,0.2604675471782684,0.013476452231407166,0.3369113806635141,0.16024837819859386,0.6,8.23377799987793,9.820379432815412e-07,0.03983822042467138
3950,0.1312863567844033,0.2973805993795395,0.009211080521345139,0.23027686830610036,0.17435158961452543,0.5,14.38829231262207,9.818912483935219e-07,0.03993933265925177
3960,-0.08560423022136092,0.13926593754440547,0.007068714499473572,0.1767177002504468,0.1380110697587952,0.6,0.39307114481925964,9.817439679621962e-07,0.040040444893832156
3970,0.005922146141529083,0.10469105914235115,0.01444539874792099,0.3611349811777472,0.1433644471457228,0.7,24.755929946899414,9.815961021665242e-07,0.04014155712841254
3980,0.020124495029449463,0.32224054634571075,0.02569255232810974,0.6204888187348843,0.1874268668703735,0.4,11.599340438842773,9.814476511861761e-07,0.04024266936299292
3990,0.07371360729157458,0.06720333590928931,0.009347058832645416,0.23367667980492116,0.11178815471939743,0.8,2.1235835845345719e-07,9.812986152015347e-07,0.040343781597573306
4000,0.08008958920836448,0.20344298183918,-0.0069227837026119236,0.36439715754240753,0.1399263588245958,0.6,7.807058811187744,9.81148994393692e-07,0.04044489383215369
4010,0.0005322933197021484,0.16953223645687104,0.015576909482479095,0.4265661906450987,0.1437581918668002,0.6,16.7585506439209,9.809987889444522e-07,0.04054600606673407
4020,0.06419918052852154,0.23258844166994094,0.0042645767331123356,0.10661440566182137,0.1442273517837748,0.7,9.341853910882492e-06,9.808479990363281e-07,0.04064711830131446
4030,0.07392208520323038,0.07605377400759608,0.006397196650505066,0.1364434501156211,0.18722873355727643,0.5,0.09180048853158951,9.806966248525444e-07,0.040748230535894846
4040,0.2747994873672724,0.4994509041309357,0.016758032143115997,0.41895092129707334,0.2062468020711094,0.3,5.768363952636719,9.805446665770346e-07,0.04084934277047523
4050,0.2870170593261719,0.4701873481273651,0.033320873975753784,0.8330218859016896,0.15422511713113635,0.5,7.5708136558532715,9.80392124394443e-07,0.04095045500505561
4060,0.2683998607099056,0.39518368542194365,0.024000349640846252,0.6000083927065134,0.2038893748773262,0.5,30.324308395385742,9.802389984901216e-07,0.041051567239635996
4070,0.16365367472171782,0.14209802858531476,-0.0013470633886754513,0.2249087005853653,0.1403886351035908,0.5,1.9453012943267822,9.800852890501338e-07,0.04115267947421638
4080,0.03764441644307226,0.039017971395514904,0.017964261770248412,0.44963956996798515,0.0965334874112159,0.7,6.927269623702159e-06,9.799309962612507e-07,0.04125379170879676
4090,-0.016774965822696684,0.15037314742803573,0.013468748331069947,0.33671882264316083,0.14953265646472574,0.5,3.1476236472371966e-05,9.797761203109525e-07,0.041354903943377146
4100,0.04656022936105728,0.5318602129817009,0.005759743601083755,0.1684702029451728,0.21803627784829588,0.3,0.0036700183991342783,9.796206613874282e-07,0.041456016177957536
4110,0.03231300413608551,0.04168252348899841,0.020726169645786285,0.398673271946609,0.11011757112573832,0.9,4.449105262756348,9.794646196795754e-07,0.04155712841253792
4120,0.00746157243847847,0.061166691780090335,0.0043015267699956896,0.10753824226558209,0.08314877816010266,0.9,0.03995996341109276,9.793079953769987e-07,0.0416582406471183
4130,0.005343014001846313,0.08718709349632263,-0.003670111298561096,0.05529219750314951,0.07836152382660658,0.8,4.8343424797058105,9.791507886700118e-07,0.041759352881698686
4140,0.08983325102599338,0.08559296010062098,0.007840784639120102,0.1960197126492858,0.15463338172994553,0.4,0.6838111877441406,9.78992999749636e-07,0.04186046511627907
4150,0.10207502841949463,0.3211059018969536,0.011824944615364074,0.29562352895736693,0.1646591435186565,0.5,2.702376150409691e-05,9.788346288075992e-07,0.04196157735085945
4160,0.08185701742768288,0.22154095992445946,0.008551599085330963,0.33954576402902603,0.14839735571295024,0.5,5.331927299499512,9.786756760363372e-07,0.042062689585439836
4170,0.07804151494055986,0.23134730220772326,0.019363826513290404,0.48409589752554893,0.1393133247969672,0.5,7.7616472244262695,9.78516141628993e-07,0.04216380182002022
4180,0.033425056375563145,0.023099485039710998,0.0150084987282753,0.4614805292338133,0.13910034000873567,0.6,1.0456937551498413,9.783560257794152e-07,0.04226491405460061
4190,0.13274315148591995,0.318116731569171,0.015386110544204712,0.3960653878748417,0.1622261273674667,0.4,1.1675469067995436e-05,9.781953286821603e-07,0.04236602628918099
4200,0.017735445499420167,0.4079548895359039,0.02237481027841568,0.5593703031539917,0.23871932267211377,0.4,22.57563591003418,9.7803405053249e-07,0.042467138523761376
4210,0.15376740396022798,0.18922037333250047,0.017021435499191283,0.42553614396601913,0.13994583517778664,0.6,0.0017268976662307978,9.778721915263728e-07,0.04256825075834176
4220,0.17743219900876284,0.14550544880330563,0.04037722647190094,1.0214263206347822,0.10524693978950381,0.6,7.017124652862549,9.777097518604822e-07,0.04266936299292214
4230,0.02401533778756857,0.271264342404902,0.010682150721549988,0.26705385372042656,0.18985250662080944,0.5,4.022411133064452e-07,9.775467317321983e-07,0.042770475227502526
4240,0.16747135519981385,0.17832651659846305,0.01077815368771553,0.26935284447390584,0.11498595264274628,0.7,0.0056005665101110935,9.773831313396054e-07,0.04287158746208291
4250,-0.06211228845641017,0.2881629359908402,0.017228570580482484,0.46068583950400355,0.19341583114583044,0.5,6.9583587646484375,9.77218950881494e-07,0.0429726996966633
4260,0.028617024421691895,0.19508682787418366,0.016578443348407745,0.4144611321389675,0.1278540475992486,0.7,3.013028162968112e-06,9.770541905573583e-07,0.04307381193124368
4270,0.0677526823244989,0.33905257321894167,0.005332332849502563,0.13330818191170693,0.18450095583684742,0.6,0.0015396305825561285,9.768888505673976e-07,0.043174924165824066
4280,0.2257442655041814,0.34773233272135257,0.010968303680419922,0.5257718158885837,0.20980523561593145,0.4,1.418170995748369e-06,9.76722931112516e-07,0.04327603640040445
4290,0.01124599166214466,0.01918318811804056,0.02130640149116516,0.5325467059388757,0.16891365679912268,0.8,1.2325927019119263,9.76556432394321e-07,0.04337714863498483
4300,0.0905473055317998,0.28198434635996816,0.02210382968187332,0.5525960609316826,0.18600639554206283,0.5,2.3484255507355556e-05,9.763893546151242e-07,0.043478260869565216
4310,0.12881563883274794,0.16165427193045617,0.012028077244758606,0.3333902064710855,0.24424077982548625,0.4,5.144584065419622e-06,9.762216979779412e-07,0.0435793731041456
4320,0.3441909298300743,0.6092644296586514,0.027925950288772584,0.6901098739355802,0.18880387267563492,0.4,25.196561813354492,9.760534626864902e-07,0.04368048533872598
4330,0.34230670481920245,0.38558282554149625,0.0245047003030777,0.6902086980640888,0.20605194712989033,0.3,0.0013576940400525928,9.758846489451931e-07,0.04378159757330637
4340,0.3966236401349306,0.47435728311538694,0.01641378700733185,0.3544097326695919,0.19987572571262718,0.4,38.96953582763672,9.757152569591747e-07,0.043882709807886756
4350,0.08789294143207371,0.12031273078173399,0.03513517677783966,0.8783796178176999,0.143250019592233,0.7,0.0005040825344622135,9.75545286934262e-07,0.04398382204246714
4360,0.2981376528739929,0.25974042862653735,0.026041021943092345,0.651025977730751,0.14753348398953675,0.6,0.5109568238258362,9.753747390769847e-07,0.04408493427704752
4370,0.06096465522423387,0.05955591257661581,0.02758013308048248,0.7641140520572662,0.1354871179210022,0.5,2.1059374809265137,9.752036135945742e-07,0.044186046511627906
4380,0.09825098207220435,0.10246693231165409,0.025774842500686644,0.7231811754405498,0.13685009088367223,0.7,0.00033690629061311483,9.750319106949648e-07,0.04428715874620829
4390,0.019840249232947825,0.28276981934905054,0.02289305329322815,0.5754162451252341,0.2027814549393952,0.5,3.57988568566725e-07,9.748596305867912e-07,0.04438827098078867
4400,0.23581037782132624,0.537795253098011,0.02115439623594284,0.5782217208296061,0.29965473774354906,0.1,20.541105270385742,9.746867734793903e-07,0.044489383215369056
4410,-0.01584142670035362,0.1816102687269449,0.038969686627388,0.526237009651959,0.2018546545645222,0.3,1.71587336063385,9.745133395827993e-07,0.04459049544994945
4420,0.0547720804810524,0.24084385707974434,0.03011556565761566,0.752889559045434,0.18136349951382727,0.4,2.078752279281616,9.74339329107757e-07,0.04469160768452983
4430,0.05295059606432915,0.030257483199238776,0.17134664058685303,4.320811392739415,0.06399432404432445,0.8,0.0018947115167975426,9.741647422657027e-07,0.04479271991911021
4440,-0.0469513513147831,0.16212044060230255,0.019618427753448485,0.4904606681317091,0.1401040465105325,0.7,3.0933426842238987e-07,9.739895792687757e-07,0.0448938321536906
4450,-0.03304626941680908,0.07040569046512246,0.014106592535972596,0.3526817115023732,0.17376810675486923,0.4,2.3278298613149673e-06,9.738138403298157e-07,0.04499494438827098
4460,-0.002538600843399763,0.1037006382830441,0.013715575635433196,0.4364035986363888,0.1505026671802625,0.4,8.96122932434082,9.736375256623617e-07,0.04509605662285136
4470,0.03691002097912133,0.04792580408975482,0.019134992361068727,0.4826018467545509,0.1367356406757608,0.5,5.834051535202889e-07,9.734606354806532e-07,0.045197168857431747
4480,0.2626266099512577,0.15370120778679847,-0.011122415959835052,0.35179542787373064,0.09617985733784735,0.7,3.066617965698242,9.73283169999628e-07,0.04529828109201214
4490,0.24749336242675782,0.17683709859848024,0.3998826503753662,9.997070487961173,0.0882417919114232,0.7,9.286459317081608e-07,9.731051294349238e-07,0.04539939332659252
4500,0.10198614867404103,0.09016482029110193,0.0074341073632240295,0.18585285171866417,0.14520350191742182,0.5,6.728763103485107,9.729265140028762e-07,0.0455005055611729
4510,-0.06848186254501343,0.29133022427558897,0.005356340110301972,0.274924910441041,0.11534665999934077,0.5,0.002752401866018772,9.7274732392052e-07,0.04560161779575329
4520,0.1556014120578766,0.23292376697063447,0.012034031748771667,0.3008506875485182,0.12849744339473546,0.6,11.11900520324707,9.725675594055881e-07,0.04570273003033367
4530,0.01519517246633768,0.026339804008603095,0.015097913146018983,0.38018380254507067,0.15420810773503035,0.6,3.3455917835235596,9.723872206765115e-07,0.04580384226491405
4540,-0.18435340356081725,0.282997032860294,0.01614278703927994,0.40356989689171313,0.17686959023121746,0.3,0.04881637543439865,9.722063079524183e-07,0.04590495449949444
4550,0.1907881624996662,0.37093731835484506,-0.0008981086313724518,0.3548936042934656,0.1312879114644602,0.5,3.0586907863616943,9.72024821453135e-07,0.04600606673407482
4560,0.0027724869549274446,0.5609344787895679,0.03505788445472717,0.8605693157762289,0.3000338839367032,0.2,11.18197250366211,9.718427613991846e-07,0.04610717896865521
4570,0.20866709873080252,0.21142715215682983,0.013612936437129974,0.34032313507050277,0.16208522559609265,0.5,10.76870059967041,9.716601280117873e-07,0.046208291203235594
4580,0.058467182144522664,0.21539252772927284,0.01897050589323044,0.48586072735488417,0.1924949392909184,0.5,14.083442687988281,9.714769215128596e-07,0.04630940343781598
4590,0.03766202107071877,0.06600261852145195,0.0098721943795681,0.24680491760373116,0.12468656364362687,0.7,12.891153335571289,9.71293142125015e-07,0.04641051567239636
4600,0.2392448827624321,0.30611092150211333,0.03230009973049164,0.5899986781179904,0.18694528753403575,0.3,0.001610727864317596,9.711087900715627e-07,0.046511627906976744
4610,0.18326728492975236,0.39610560685396196,0.10359829664230347,2.589957236684859,0.18205530766863376,0.3,5.083492279052734,9.709238655765077e-07,0.04661274014155713
4620,0.3012990323826671,0.4411413471214473,0.025744414329528807,0.6436105277389288,0.23544143841136247,0.3,4.564040660858154,9.70738368864551e-07,0.04671385237613751
4630,0.03620589300990105,0.042707096040248874,0.022888074815273284,0.5722021350637079,0.11756698901299387,0.8,4.400078773498535,9.705523001610881e-07,0.046814964610717894
4640,0.20245165303349494,0.12176591679453849,-0.017058545351028444,0.11451204506061004,0.1209290926810354,0.6,0.0057443007826805115,9.703656596922107e-07,0.046916076845298284
4650,-0.04377478137612343,0.1009895883500576,0.02548138201236725,0.6415258076041936,0.13318090192042292,0.6,9.6142578125,9.701784476847038e-07,0.04701718907987867
4660,0.24184236899018288,0.2535810813307762,0.02167409658432007,0.5418522998690605,0.18636199131142347,0.5,7.889277458190918,9.699906643660483e-07,0.04711830131445905
4670,0.014930257201194763,0.02325653675943613,0.0232947438955307,0.5879429101943969,0.18133442332036792,0.6,0.024000700563192368,9.698023099644184e-07,0.047219413549039434
4680,0.30829614363610747,0.2950878251343966,0.03133005797863007,0.6815951115102508,0.16497076814994216,0.4,4.544061660766602,9.696133847086822e-07,0.04732052578361982
4690,0.01549146044999361,0.06557377055287361,0.01909456551074982,0.47261097133159635,0.17459556905087084,0.5,2.942162275314331,9.69423888828402e-07,0.0474216380182002
4700,0.10483691543340683,0.24317154232412577,0.006839348375797272,0.26389685813337566,0.16311839332338424,0.6,0.12552927434444427,9.692338225538332e-07,0.047522750252780584
4710,0.056404700875282286,0.17785064578056337,0.0006160407792776823,0.015401052311062813,0.11008850198704749,0.8,1.3515143564291066e-06,9.69043186115924e-07,0.047623862487360974
4720,-0.01361999660730362,0.15822769999504088,0.012703543901443482,0.31758852265775206,0.16369192206766456,0.7,6.575871935865507e-08,9.68851979746316e-07,0.04772497472194136
4730,0.3213820900768042,0.339782590419054,0.009931911528110505,0.24829787630587816,0.1805202005431056,0.3,18.323680877685547,9.686602036773425e-07,0.04782608695652174
4740,0.0014735536649823188,0.05938748568296433,0.014685235917568207,0.3565413199365139,0.13562642463948577,0.7,3.818987352133263e-06,9.6846785814203e-07,0.047927199191102124
4750,-0.10657704323530197,0.132819239795208,0.015613602101802826,0.34317036122083666,0.15671369808260352,0.6,7.158908488236193e-07,9.68274943374096e-07,0.04802831142568251
4760,0.06379219995578751,0.4373885403154418,0.029284581542015076,0.4399081144481897,0.2518008545739576,0.2,1.8052856922149658,9.680814596079506e-07,0.04812942366026289
4770,0.08532201386988163,0.20141008980572223,0.01826348453760147,0.45658716894686224,0.20528978637885303,0.4,1.8330436944961548,9.678874070786945e-07,0.048230535894843274
4780,0.03634907975792885,0.19063287377357482,0.010048896819353104,0.25122247748076915,0.16519507141783835,0.6,64.94856262207031,9.676927860221198e-07,0.04833164812942366
4790,0.046062682569026944,0.08787334263324738,0.014612199366092682,0.36530558615922926,0.13545470216777175,0.7,6.035194396972656,9.674975966747096e-07,0.04843276036400405
4800,0.0812445968389511,0.19896044135093688,0.017728540301322936,0.44321394693106414,0.16641449928283691,0.4,2.7339328312336875e-07,9.673018392736372e-07,0.04853387259858443
4810,0.02193218870088458,0.15727882869541646,0.020104755461215974,0.5898990016430616,0.12164806227665395,0.6,0.0013683062279596925,9.671055140567666e-07,0.048634984833164814
4820,0.020323117449879646,0.040766509529203174,0.013877752423286437,0.3469438720494509,0.1249229448614642,0.7,0.003572831628844142,9.66908621262651e-07,0.0487360970677452
4830,0.15355931594967842,0.24471857845783235,0.00693369209766388,0.5511871110647917,0.17780072651803494,0.5,3.943800948036369e-07,9.66711161130534e-07,0.04883720930232558
4840,0.14455584585666656,0.3660095721483231,0.016824796795845032,0.4282727025449276,0.1857650431105867,0.5,0.006609112024307251,9.665131339003485e-07,0.048938321536905964
4850,0.011126968357712031,0.12914577424526213,0.0189048632979393,0.4726216237992048,0.1790634997887537,0.5,0.022107083350419998,9.663145398127157e-07,0.04903943377148635
4860,0.02170373350381851,0.1929030805826187,0.01432545781135559,0.35813669972121714,0.13220415781252087,0.7,7.140131950378418,9.661153791089468e-07,0.04914054600606673
4870,-0.0012784678488969802,0.5916247740387917,0.021397539973258974,0.6284752912819386,0.22584538210649044,0.3,0.05028464272618294,9.659156520310401e-07,0.04924165824064712
4880,0.05916209071874619,0.06319326758384705,0.024789083003997802,0.6197272155433893,0.11997744070831687,0.8,5.570061330217868e-05,9.657153588216833e-07,0.049342770475227504
4890,0.04941652044653892,0.3199350109323859,0.03686085343360901,0.9215217124670744,0.1964898613281548,0.4,3.877714334521443e-06,9.655144997242514e-07,0.04944388270980789
4900,0.23750813566148282,0.2719435205683112,0.016743585467338562,0.4185897337272763,0.16659489411395043,0.4,13.52966594696045,9.653130749828073e-07,0.04954499494438827
4910,0.0520876782014966,0.0804666370153427,0.007176262140274048,0.18356817923486232,0.1365947487996891,0.7,8.553562656743452e-05,9.65111084842101e-07,0.049646107178968654
4920,-0.03933519124984741,0.015804504230618476,0.012465769052505493,0.3177513523027301,0.17156815915368498,0.8,4.362037181854248,9.649085295475693e-07,0.04974721941354904
4930,0.03368677143007517,0.19605866745114325,0.009677554666996002,0.24193890132009982,0.1817051394842565,0.6,1.8652888536453247,9.647054093453365e-07,0.04984833164812942
4940,0.07508288398385048,0.22568527944386005,0.006103303655982018,0.15258259065449237,0.14862039210274816,0.5,0.616536557674408,9.645017244822122e-07,0.04994944388270981
4950,-0.08788844384253025,0.15684265103191136,0.005051957070827484,0.12629885785281658,0.16429862547665836,0.5,0.24771355092525482,9.642974752056931e-07,0.050050556117290194
4960,0.19319083094596862,0.18103756308555602,0.01788973659276962,0.44724341444671156,0.1210948029300198,0.8,0.0017878592479974031,9.640926617639612e-07,0.05015166835187058
4970,0.33382235672324895,0.28943087477236984,0.02348286509513855,0.5870715213939548,0.1623378372984007,0.3,7.099146870359618e-08,9.638872844058842e-07,0.05025278058645096
4980,-0.0524731520563364,0.1627318874001503,0.008074181526899338,0.21172656938433648,0.15218208448495715,0.6,2.510660692678357e-07,9.636813433810149e-07,0.050353892821031344
4990,0.0766807422041893,0.293283636868,0.01104348450899124,0.28060072734951974,0.18111549434252083,0.5,72.16958618164062,9.634748389395912e-07,0.05045500505561173
5000,0.03558152802288532,0.1446883175522089,0.02542175054550171,0.6355436697602272,0.21544511904940009,0.4,7.5238165855407715,9.632677713325352e-07,0.05055611729019211
5010,0.0,0.0,0.011995412409305573,0.29988526571542024,0.07950311384629458,1.0,0.07685040682554245,9.63060140811454e-07,0.050657229524772494
5020,0.17697998285293579,0.12735950350761413,0.012972798943519593,0.3243198201060295,0.06618041975889355,0.8,5.440986114990665e-07,9.628519476286378e-07,0.050758341759352885
5030,-0.0031501839868724344,0.1905889142304659,0.011367123574018478,0.2841780878603458,0.20208264314569532,0.4,5.581979274749756,9.626431920370612e-07,0.05085945399393327
5040,-0.008604609966278076,0.3062057852745056,0.009952176362276077,0.24880446270108222,0.13690735527779907,0.7,0.006236155517399311,9.624338742903817e-07,0.05096056622851365
5050,0.05592290870845318,0.24463769383728504,0.017233417928218843,0.43536027905829544,0.19772751845885067,0.5,0.0016037783352658153,9.622239946429404e-07,0.051061678463094035
5060,0.10518918037414551,0.3447262793779373,0.019256624579429626,0.48141575902700423,0.1998334044823423,0.4,12.113536834716797,9.620135533497609e-07,0.05116279069767442
5070,0.23562816344201565,0.2328023098409176,-0.00870436429977417,0.3550805885344744,0.13147285797167568,0.6,0.0008348271367140114,9.618025506665488e-07,0.0512639029322548
5080,0.2707342218607664,0.2565367890521884,0.007074419409036636,0.29035322144627573,0.1796129637863487,0.4,4.196212159968127e-07,9.615909868496926e-07,0.051365015166835185
5090,0.09865693897008895,0.06729127950966358,0.02673625946044922,0.6684064187109471,0.11180767421610653,0.7,0.0015647924738004804,9.613788621562621e-07,0.05146612740141557
5100,0.08337358264252544,0.13126002456992863,0.004683954641222954,0.18436792828142642,0.15766189196147024,0.5,0.0007628952735103667,9.611661768440092e-07,0.05156723963599596
5110,0.040316781401634215,0.21108107566833495,0.016908955574035645,0.14351283814758062,0.10857983999885619,0.8,2.4007681531657e-06,9.60952931171366e-07,0.05166835187057634
5120,0.02315804362297058,0.2929510399699211,0.01378452479839325,0.3446130096912384,0.15335844696965067,0.6,1.4223027733351046e-07,9.607391253974464e-07,0.051769464105156725
5130,-0.05249978695064783,0.11907812338322402,0.010971909761428833,0.3156602343544364,0.1782836511731148,0.4,0.012799999676644802,9.605247597820446e-07,0.05187057633973711
5140,0.07394064590334892,0.20674087330698968,0.022824896872043608,0.5706225950270891,0.14646384515799582,0.5,1.241740345954895,9.603098345856352e-07,0.05197168857431749
5150,-0.1282789260149002,0.2695161521434784,0.01613268703222275,0.4033171432092786,0.1108588530216366,0.7,0.046833813190460205,9.600943500693724e-07,0.052072800808897875
5160,0.038524705171585086,0.28486485257744787,0.010975051671266556,0.3272073930129409,0.21162531606387347,0.3,0.048971470445394516,9.598783064950901e-07,0.05217391304347826
5170,0.2739246293902397,0.19295017719268798,0.019396230578422546,0.48490578178316357,0.11534132244996727,0.6,9.593623161315918,9.596617041253017e-07,0.05227502527805865
5180,0.15875345319509507,0.24480486586689948,0.0068304106593132016,0.4860342524945736,0.18167766558472068,0.3,6.340685844421387,9.594445432231995e-07,0.05237613751263903
5190,-0.11666396865621209,0.11732569392770528,0.012774530053138732,0.3193762917071581,0.16533601658884436,0.5,9.44488525390625,9.592268240526545e-07,0.052477249747219415
5200,0.07690371088683605,0.15067458897829056,0.020224215090274812,0.5056055091321469,0.18910105221439152,0.6,6.08397912979126,9.590085468782162e-07,0.0525783619817998
5210,0.06987950354814529,0.1874018542468548,0.01001126691699028,0.2502816244959831,0.1448927232529968,0.7,0.00015438722039107233,9.587897119651115e-07,0.05267947421638018
5220,-0.05266283303499222,0.31072636768221856,0.0053426619619131085,0.24063505455851555,0.19350963751785458,0.4,0.000301779480651021,9.585703195792458e-07,0.052780586450960565
5230,0.20363564491271974,0.26909384205937387,0.016910281777381898,0.41259729228913783,0.21898368105757982,0.3,19.489185333251953,9.583503699872015e-07,0.05288169868554095
5240,-0.08737703561782836,0.1209067814052105,0.01494300812482834,0.38402247317135335,0.17465422956738622,0.5,3.8705962879248546e-07,9.58129863456238e-07,0.05298281092012133
5250,0.2054006692022085,0.3841099303215742,0.017466847598552705,0.4366713300347328,0.22826992061454804,0.2,24.155046463012695,9.579088002542917e-07,0.05308392315470172
5260,0.1062336228787899,0.20665341466665268,0.018256886303424834,0.45642192419618366,0.1921905496623367,0.4,30.45151138305664,9.576871806499748e-07,0.053185035389282105
5270,0.03140183687210083,0.06630038768053055,0.023933404684066774,0.5983349019661546,0.14203801995608956,0.6,3.457080125808716,9.574650049125768e-07,0.05328614762386249
5280,-0.04805326089262962,0.2791441544890404,0.01652989685535431,0.413247275352478,0.1851326840929687,0.5,9.945930480957031,9.572422733120614e-07,0.05338725985844287
5290,0.1989307187497616,0.46748240292072296,0.024300482869148255,0.6075120126828552,0.29049452594481406,0.1,5.911327362060547,9.570189861190689e-07,0.053488372093023255
5300,0.13243969939649106,0.22568444535136223,0.027511221170425416,0.6877807658165693,0.22276906704064459,0.3,0.8967157602310181,9.56795143604914e-07,0.05358948432760364
5310,0.10861146003007889,0.19933637082576752,0.1219011664390564,3.0669890183955433,0.14194751211907713,0.4,91.77230834960938,9.565707460415868e-07,0.05369059656218402
5320,0.3602657729759812,0.5658500086516142,0.05968583226203918,1.7451135445386172,0.19103518584743143,0.2,22.234264373779297,9.563457937017514e-07,0.053791708796764405
5330,0.14175567030906677,0.2604708641767502,0.05495176911354065,1.0020534597337245,0.14893555988091975,0.5,0.01497791986912489,9.561202868587459e-07,0.053892821031344795
5340,0.027001305669546127,0.03483063727617264,0.03379369974136352,0.8448426185175777,0.12029924432281405,0.8,3.3457117080688477,9.558942257865827e-07,0.05399393326592518
5350,0.2036701360717416,0.33619861900806425,0.03584773540496826,0.8961933808401227,0.21057842194568366,0.4,0.033166296780109406,9.55667610759947e-07,0.05409504550050556
5360,0.08390988782048225,0.2066212996840477,0.01806437075138092,0.453607682697475,0.15189937660470604,0.6,21.944108963012695,9.554404420541978e-07,0.054196157735085945
5370,0.016066255571786314,0.02194636231288314,0.018008844554424287,0.4502213727682829,0.18643286763690411,0.6,0.3545439839363098,9.55212719945366e-07,0.05429726996966633
5380,0.15551845580339432,0.2109293222427368,0.026148518919944762,0.6537131987512111,0.13216907216701657,0.5,1.0885738134384155,9.549844447101559e-07,0.05439838220424671
5390,0.21919422894716262,0.5884593073278666,0.01878990828990936,0.4697477094829082,0.19903951643500478,0.3,7.665466785430908,9.547556166259433e-07,0.054499494438827095
5400,0.13792174007976427,0.2524800647050142,0.026847803592681886,0.6711953267455101,0.21889133094809948,0.3,9.392213821411133,9.545262359707755e-07,0.054600606673407485
5410,0.3256217768415809,0.29741335809230807,0.007536000013351441,0.33165131565183403,0.20752265076152981,0.4,0.5827206373214722,9.542963030233723e-07,0.05470171890798787
5420,0.12899577096104622,0.19426057785749434,0.018123038113117218,0.45307622849941254,0.1927238854812458,0.5,3.569890759536065e-05,9.540658180631236e-07,0.05480283114256825
5430,0.10278226644732058,0.13989773914217948,0.01013043150305748,0.253260824456811,0.1706379643175751,0.5,0.36722511053085327,9.538347813700902e-07,0.054903943377148635
5440,0.032660848647356036,0.21050049513578414,0.019140829145908356,0.47852077782154084,0.16005944709759207,0.6,2.142100129276514e-05,9.536031932250036e-07,0.05500505561172902
5450,0.11669443249702453,0.31746929287910464,0.00867541879415512,0.2168854320421815,0.21739083603024484,0.6,17.65665626525879,9.533710539092652e-07,0.0551061678463094
5460,0.16141139194369317,0.26946462467312815,0.027851706743240355,0.7339749239385128,0.17874222553800792,0.5,18.689178466796875,9.531383637049464e-07,0.055207280080889785
5470,0.09784020024817437,0.1606111300177872,0.0045395858585834505,0.11348967179656029,0.15905891424044966,0.5,15.81794548034668,9.529051228947875e-07,0.05530839231547017
5480,0.342834310606122,0.28770591169595716,0.0218735009431839,0.7062306012958288,0.14174719841685146,0.5,0.923124372959137,9.526713317621979e-07,0.05540950455005056
5490,0.06707521583884954,0.12046863287687301,0.016915585100650787,0.4945703729987144,0.18212559865787625,0.4,2.9110981358826393e-07,9.524369905912563e-07,0.05551061678463094
5500,0.08116821348667144,0.14882633686065674,0.00894244685769081,0.22356124147772788,0.11721791457384825,0.7,0.1935717612504959,9.52202099666709e-07,0.055611729019211326
5510,0.08838631510734558,0.08910603821277618,-0.0020817918702960014,0.22410188466310502,0.1229367514839396,0.8,2.761206303603103e-07,9.519666592739708e-07,0.05571284125379171
5520,-0.2047375202178955,0.26975324749946594,0.010770690441131592,0.2692674668505788,0.13397645086515694,0.5,30.47472381591797,9.51730669699124e-07,0.05581395348837209
5530,0.07465805038809777,0.12394657731056213,0.010998598486185073,0.4507074985653162,0.1697906836401671,0.7,4.7216536813721177e-07,9.51494131228918e-07,0.055915065722952476
5540,0.0693103339523077,0.2347022034227848,0.017668458819389343,0.44170714262872934,0.10645946222357452,0.7,1.244284248969052e-07,9.512570441507695e-07,0.05601617795753286
5550,0.14406205639243125,0.10317878611385822,0.004518955945968628,0.19210241064429284,0.10915755375754088,0.6,0.00011898962111445144,9.510194087527614e-07,0.05611729019211325
5560,-0.1400158017873764,0.19492385387420655,0.004490687698125839,0.11226721871644259,0.13669428636785597,0.6,32.154510498046875,9.507812253236435e-07,0.05621840242669363
5570,0.09876242810860276,0.20898415874689819,0.006614968180656433,0.16537406500428914,0.12508906747680157,0.6,5.267474174499512,9.505424941528308e-07,0.056319514661274016
5580,0.0003492608666419983,0.07158103473484516,0.0074221834540367125,0.18659057319164277,0.15514599508605897,0.5,3.3259222507476807,9.503032155304045e-07,0.0564206268958544
5590,0.10497952550649643,0.25417219046503303,-0.008606240153312683,0.22759868968278169,0.16406838912516833,0.5,7.53592586517334,9.500633897471105e-07,0.05652173913043478
5600,0.1848189577460289,0.1905168265104294,-0.014161209762096404,0.19380771666765212,0.14947354127652943,0.6,0.0020214389078319073,9.498230170943595e-07,0.056622851365015166
5610,-0.0001606890349648893,9.182230569422245e-05,0.0038082946091890337,0.09520736634731293,0.07191306988243014,0.9,0.022389721125364304,9.495820978642273e-07,0.05672396359959555
5620,0.02241734564304352,0.08783848565071821,-0.0021040275692939757,0.105787658940244,0.1580767543055117,0.6,0.018433038145303726,9.493406323494535e-07,0.05682507583417593
5630,0.023811091063544156,0.020608775690197943,0.0069522947072982785,0.17380737513303757,0.13081241499166935,0.7,0.6905375719070435,9.490986208434412e-07,0.05692618806875632
5640,0.0577970203012228,0.1839472245424986,-0.0009288557805120945,0.20215615071356297,0.1472166005987674,0.4,1.2086158990859985,9.488560636402576e-07,0.057027300303336706
5650,0.12970730066299438,0.13866063952445984,0.005134529620409012,0.12836309596896173,0.17225028835237027,0.7,0.11818720400333405,9.48612961034632e-07,0.05712841253791709
5660,0.18390971347689627,0.37223588600754737,0.014423036575317382,0.3605765249580145,0.18393190554343164,0.2,35.058528900146484,9.483693133219575e-07,0.05722952477249747
5670,-0.0021755583584308624,0.32786610946059225,0.005157554894685746,0.19745400100946425,0.19560297923162578,0.5,0.0007121875532902777,9.481251207982888e-07,0.057330637007077856
5680,0.08954771757125854,0.0511701226234436,0.008605805039405823,0.215145019069314,0.07943392130546272,0.9,0.10045108944177628,9.478803837603429e-07,0.05743174924165824
5690,0.22504646317102014,0.24782659593038261,0.02077614814043045,0.5194037072360516,0.17625008369795978,0.4,4.7154830440376827e-07,9.476351025054983e-07,0.05753286147623862
5700,-0.0003859807286062278,0.03179598666029051,0.007757163047790528,0.24159060269594193,0.14280432304367424,0.6,5.614140832221892e-07,9.473892773317951e-07,0.057633973710819006
5710,0.3592307507991791,0.39494513869285586,0.03542496860027313,0.8856246871873736,0.12706315703690052,0.6,0.0826396569609642,9.471429085379337e-07,0.057735085945399396
5720,0.24913748614490033,0.44266738258302213,0.010363349318504333,0.34715610221028326,0.1576556793646887,0.5,2.4128389952693396e-08,9.468959964232757e-07,0.05783619817997978
5730,-0.07358347922563553,0.32188928313553333,0.008665610849857331,0.21664025895297528,0.15220300343353302,0.6,4.7222124521795195e-07,9.466485412878424e-07,0.05793731041456016
5740,0.03220012644305825,0.12923528850078583,0.0013452006503939628,0.2825462374836206,0.1557343150721863,0.6,1.9954889012296917e-06,9.464005434323153e-07,0.058038422649140546
5750,0.015859141945838928,0.12977277114987373,0.010161469131708145,0.3136678639799356,0.21072721180971712,0.4,8.57029914855957,9.461520031580351e-07,0.05813953488372093
5760,0.12162934802472591,0.19126466959714888,0.02088182121515274,0.522045936062932,0.16144569288007915,0.5,5.693117141723633,9.459029207670017e-07,0.05824064711830131
5770,0.22001534544397144,0.2461305777542293,0.029575237631797792,0.5168669313192368,0.16692833609413354,0.5,10.528973579406738,9.456532965618737e-07,0.058341759352881696
5780,-0.02324199341237545,0.23027218850329517,0.0241867259144783,0.6046686388552189,0.15495385406538845,0.5,0.3191351592540741,9.45403130845968e-07,0.058442871587462086
5790,0.1442211799323559,0.21299158371984958,0.008469265699386597,0.2649836245924234,0.11908547165803611,0.6,0.6278459429740906,9.451524239232594e-07,0.05854398382204247
5800,-0.05597322806715965,0.03455101028084755,0.005092892050743103,0.12732225451618434,0.09371005659922957,0.8,6.0516438484191895,9.449011760983808e-07,0.05864509605662285
5810,0.12033153437078,0.20482899881899358,0.015155446529388428,0.3788861859589815,0.19381932888645678,0.4,4.517426013946533,9.446493876766217e-07,0.058746208291203236
5820,-0.0493182429112494,0.07303125485777855,0.007259850949048996,0.1814963599666953,0.13276412510313093,0.8,0.016548776999115944,9.443970589639289e-07,0.05884732052578362
5830,-0.02246491680853069,0.1784858929924667,0.017249429225921632,0.43924960009753705,0.22446927474811673,0.4,1.6982011795043945,9.441441902669056e-07,0.058948432760364
5840,0.13958654180169106,0.18098120093345643,0.009953861683607101,0.24884667657315732,0.1445916471304372,0.6,0.00023443441023118794,9.43890781892811e-07,0.059049544994944386
5850,-0.005780851840972901,0.23217007890343666,0.006895415484905243,0.26127772480249406,0.13198628316167743,0.5,0.08996935188770294,9.436368341495602e-07,0.05915065722952477
5860,0.02516191713511944,0.27627320408355444,0.0033251024782657624,0.0831278309226036,0.1616233792155981,0.4,29.69025230407715,9.433823473457239e-07,0.05925176946410516
5870,-0.02084835679270327,0.024549981858581305,0.01533799320459366,0.3834496930241585,0.14689624845050275,0.7,0.00010722135630203411,9.431273217905271e-07,0.05935288169868554
5880,-0.024390441179275513,0.15406138002872466,0.01025223508477211,0.25630574859678745,0.14757535860408097,0.6,1.5585020780563354,9.428717577938503e-07,0.059453993933265926
5890,-0.06799110546708106,0.3149436444044113,0.007512642443180085,0.3409358959645033,0.19044089161325245,0.3,2.712484103994939e-07,9.426156556662275e-07,0.05955510616784631
5900,-0.08799146376550197,0.32934996448457243,0.027598956227302553,0.6727704171091318,0.17353972177952529,0.4,4.07158088684082,9.423590157188474e-07,0.05965621840242669
5910,-0.007074072957038879,0.061033475771546365,0.005975215509533882,0.17248143814504147,0.12752033937722446,0.8,0.0035352972336113453,9.421018382635513e-07,0.059757330637007076
5920,0.0248726608697325,0.04319286895915866,0.001818612962961197,0.09328067824244499,0.1340694090584293,0.6,2.4030563831329346,9.418441236128343e-07,0.05985844287158746
5930,0.09742421656847,0.3214067332446575,0.0227926567196846,0.5698163792490959,0.20761553309857844,0.3,9.649889945983887,9.41585872079844e-07,0.05995955510616784
5940,-0.026656604930758478,0.11815592646598816,0.01330651193857193,0.33266276828944685,0.20310303131118418,0.5,2.9550602436065674,9.4132708397838e-07,0.06006066734074823
5950,0.026729800552129746,0.15055376896634698,0.032226428389549255,0.8260243907570839,0.20363909148145468,0.3,2.2187013626098633,9.410677596228948e-07,0.06016177957532862
5960,0.1365206241607666,0.0789475541561842,0.005750446766614914,0.4960804030299187,0.09944754266180098,0.7,7.584770145285802e-08,9.408078993284917e-07,0.060262891809909
5970,0.15257180966436862,0.18404500260949136,0.019405180215835573,0.5153337713330984,0.19112204536795616,0.2,4.638696736947168e-06,9.405475034109254e-07,0.06036400404448938
5980,0.07774639874696732,0.3862337741069496,0.026875805854797364,0.5285307127982378,0.22854804403614254,0.4,0.23572510480880737,9.402865721866015e-07,0.06046511627906977
5990,0.24916649013757705,0.21387365609407424,0.01311890035867691,0.32797284331172705,0.12704107007011772,0.6,4.858239844907075e-05,9.400251059725762e-07,0.06056622851365015
6000,0.07364273912680801,0.09274716742802411,0.019824644923210143,0.495616121776402,0.21606014310382307,0.5,3.2460663318634033,9.397631050865553e-07,0.06066734074823053
6010,0.10244575738906861,0.14265574812889098,0.021246324479579925,0.5311582639813424,0.13048804632853717,0.8,0.004026053939014673,9.395005698468948e-07,0.060768452982810924
6020,0.03868856243789196,0.4246973149478436,0.020686066150665282,0.5171520991250873,0.22636788005474956,0.4,18.19582748413086,9.392375005725999e-07,0.06086956521739131
6030,0.05571695417165756,0.042925355955958366,0.030629271268844606,0.7657319936901331,0.1369528926210478,0.7,0.004377072677016258,9.389738975833242e-07,0.06097067745197169
6040,0.0709967091679573,0.27961388826370237,0.03558574914932251,0.8896443977952003,0.19343234144616872,0.5,6.104111671447754,9.387097611993706e-07,0.06107178968655207
6050,0.16469926554709674,0.13204886801540852,0.03160715699195862,0.8322615165263414,0.15612017761450261,0.4,7.943359851837158,9.384450917416893e-07,0.06117290192113246
6060,0.07983581637963652,0.1271992351859808,0.01818314492702484,0.45457872115075587,0.15086431147065013,0.6,12.205889701843262,9.381798895318791e-07,0.06127401415571284
6070,0.029040810465812684,0.4137073546648026,0.012295852601528167,0.3073963068425655,0.16055290519725532,0.4,13.247214317321777,9.379141548921852e-07,0.06137512639029322
6080,-0.055073372274637225,0.05016303546726704,0.007451535761356353,0.1862882561981678,0.0886565123917535,0.8,0.001985666574910283,9.376478881455008e-07,0.06147623862487361
6090,0.029187807440757753,0.05221273899078369,0.010115299373865128,0.252882631868124,0.11418474363163114,0.9,0.0018296453636139631,9.373810896153646e-07,0.061577350859454
6100,0.10966927036643029,0.13586630150675774,0.019149886071681978,0.6931904591619968,0.1254848680458963,0.4,0.024909360334277153,9.371137596259621e-07,0.06167846309403438
6110,0.11919593662023545,0.2267154186964035,0.022119694948196413,0.7447163317352533,0.1396244327770546,0.7,38.90824508666992,9.368458985021246e-07,0.061779575328614764
6120,0.0979616157244891,0.4200592706911266,0.03179408311843872,0.7948520008474589,0.2548801107797772,0.2,1.3748384714126587,9.365775065693286e-07,0.06188068756319515
6130,0.1768230926245451,0.3426779393106699,0.01255975067615509,0.6849954782053829,0.1889545970596373,0.4,0.3448435664176941,9.363085841536957e-07,0.06198179979777553
6140,0.09418275989592076,0.3756034016609192,0.016171370446681977,0.4252992615103722,0.19048833018168806,0.4,0.7856684923171997,9.360391315819916e-07,0.062082912032355914
6150,0.1541807834059,0.23355783130973579,0.018013499677181244,0.5393842965364456,0.1534705587429926,0.5,3.9742660522460938,9.357691491816268e-07,0.0621840242669363
6160,0.08128260634839535,0.06923217922449112,0.011067640781402589,0.2645208390429616,0.14735764996148645,0.6,0.036354273557662964,9.354986372806556e-07,0.06228513650151668
6170,0.11080570816993714,0.08629283010959625,0.009596577286720276,0.2399147694930434,0.09781104556750506,0.7,2.040224075317383,9.352275962077752e-07,0.06238624873609707
6180,0.1487261434085667,0.09702845625579357,-0.003269738703966141,0.33245338052511214,0.13920763679780065,0.6,3.191105497535318e-05,9.349560262923261e-07,0.062487360970677454
6190,0.15723517686128616,0.3452019035816193,0.01207922250032425,0.3019807040691376,0.21582097569480538,0.3,4.021815402666107e-05,9.346839278642913e-07,0.06258847320525783
6200,-0.022653210163116454,0.1549349270761013,0.016575916111469267,0.4143978551030159,0.15673715765587987,0.5,2.387207508087158,9.344113012542963e-07,0.06268958543983821
6210,0.11036246391013264,0.09809615169651806,0.023989617824554443,0.5756198860704899,0.15811382320243866,0.6,3.118377890132251e-06,9.341381467936078e-07,0.06279069767441861
6220,-0.02897863946855068,0.1362939465790987,0.01253008246421814,0.313252317532897,0.16408354111481457,0.6,0.006328807678073645,9.338644648141345e-07,0.062891809908999
6230,0.14487776532769203,0.2803115386515856,0.013338179886341095,0.5805876078084111,0.17968019775580615,0.3,2.0937705039978027,9.335902556484256e-07,0.06299292214357938
6240,0.23378154411911964,0.2464955359697342,0.027490577101707457,0.7008289821445942,0.15995799445081502,0.6,11.694853782653809,9.333155196296712e-07,0.06309403437815976
6250,-0.010545648634433746,0.14363524727523327,0.01275012195110321,0.318753002025187,0.12041614395566284,0.6,16.488174438476562,9.330402570917015e-07,0.06319514661274014
6260,-0.06845305375754833,0.09938489142805337,0.012849332392215728,0.32389074601233003,0.20793348213192075,0.4,0.32367876172065735,9.327644683689865e-07,0.06329625884732053
6270,0.10476741027086973,0.05986708733253181,-0.005294343084096908,0.2020261725410819,0.0870805831393227,0.8,0.0001525859988760203,9.324881537966354e-07,0.06339737108190091
6280,0.08098580986261368,0.0659928098320961,0.00988401472568512,0.24710046462714672,0.11062478104140609,0.7,0.0008231306564994156,9.322113137103963e-07,0.0634984833164813
6290,0.11796653680503369,0.36307477205991745,0.02607322037220001,0.6518311195075512,0.21683151877950876,0.3,8.910940960049629e-05,9.319339484466563e-07,0.06359959555106168
6300,0.0911111943423748,0.2445330411195755,0.010912925750017167,0.2818383598700166,0.16353089693002404,0.6,0.034728530794382095,9.316560583424402e-07,0.06370070778564206
6310,0.03533945754170418,0.07533174604177476,-0.0003941213712096214,0.13913072422146797,0.10725525568705052,0.7,0.016011901199817657,9.313776437354107e-07,0.06380182002022244
6320,0.04739096090197563,0.3058138009160757,0.011996755003929138,0.2949435405433178,0.21892921742983162,0.5,38.0147819519043,9.310987049638679e-07,0.06390293225480283
6330,0.048173371879965995,0.18793785807210953,0.014732828736305237,0.4415116550400853,0.19614340933039784,0.5,20.06037139892578,9.308192423667485e-07,0.06400404448938321
6340,0.00636819452047348,0.08779526241123677,0.010013243556022644,0.2503311049193144,0.17272477066144348,0.6,0.00021620167535729706,9.30539256283626e-07,0.0641051567239636
6350,-0.004709673672914505,0.11950784996151924,0.019027191400527953,0.4756797743961215,0.2159924224950373,0.5,7.87606586527545e-06,9.302587470547099e-07,0.06420626895854398
6360,0.0345917141996324,0.1428361538797617,0.01810035705566406,0.452508894726634,0.20678131806198508,0.5,0.8620247840881348,9.299777150208455e-07,0.06430738119312437
6370,0.2927080661058426,0.24246708005666734,0.0248142346739769,0.6928068734705448,0.13156342138536276,0.6,2.4998536109924316,9.296961605235132e-07,0.06440849342770476
6380,0.12155257984995842,0.4012885756790638,0.03361712396144867,0.8404277205467224,0.21247046727221458,0.3,19.148691177368164,9.294140839048279e-07,0.06450960566228514
6390,-0.006579900346696377,0.2102396607398987,0.00888286456465721,0.27534015458077193,0.21030568953137846,0.5,31.076879501342773,9.291314855075396e-07,0.06461071789686552
6400,0.08293939083814621,0.052443749457597735,0.01738646477460861,0.46875813230872154,0.08741885563358665,0.8,3.4228999614715576,9.288483656750321e-07,0.06471183013144591
6410,0.08977736439555883,0.11296609342098236,0.019671601057052613,0.4917900899425149,0.17245929436758162,0.5,3.7181193828582764,9.285647247513224e-07,0.06481294236602629
6420,-0.014454591646790504,0.06384952291846276,0.01563832014799118,0.4540620993822813,0.14370172775816173,0.7,3.114227524747548e-07,9.282805630810612e-07,0.06491405460060667
6430,0.02542523816227913,0.18262900989502667,0.010600252449512482,0.2650064744055271,0.20446879942901433,0.2,4.276859760284424,9.279958810095316e-07,0.06501516683518706
6440,-0.05034580864012241,0.1336461953818798,0.027128139138221742,0.6782033957540989,0.12692430580500513,0.5,20.850749969482422,9.277106788826493e-07,0.06511627906976744
6450,0.44360536634922026,0.2742790520191193,0.014368735253810883,0.35921819768846036,0.07059723760467022,0.7,3.768022298812866,9.274249570469616e-07,0.06521739130434782
6460,0.13119607791304588,0.2930711328983307,0.02598147988319397,0.6495374903082848,0.12070603359024971,0.6,1.0638278524766065e-07,9.271387158496476e-07,0.06531850353892821
6470,0.12013251893222332,0.21556585505604745,0.022622151672840117,0.5655536061152816,0.13144382571335883,0.5,1.0659100553311873e-05,9.268519556385172e-07,0.06541961577350859
6480,0.031845825165510176,0.22008076161146164,0.011637945473194123,0.2909485884010792,0.11538495272397994,0.7,0.006911577191203833,9.265646767620112e-07,0.06552072800808897
6490,0.17436398793943225,0.14498254489153622,0.046121147274971006,1.1602628307417036,0.11221783107612282,0.6,3.0291932944237487e-06,9.262768795692005e-07,0.06562184024266936
6500,0.1831674538552761,0.29629281610250474,0.02690073549747467,0.7858848180621862,0.21281879574526102,0.4,88.97000885009766,9.25988564409786e-07,0.06572295247724974
6510,0.04725744351744652,0.24463905543088912,0.003159015625715256,0.26833070181310176,0.1537102400092408,0.5,9.31482354644686e-05,9.256997316340975e-07,0.06582406471183014
6520,0.2604683432728052,0.24467868632636963,-0.005320543795824051,0.5049052350223064,0.140849257982336,0.3,3.743894922081381e-06,9.254103815930943e-07,0.06592517694641052
6530,-0.0851984016597271,0.08722127377986907,0.0001738034887239337,0.2301195699721575,0.1376128069125116,0.7,4.2560306610539556e-05,9.251205146383637e-07,0.0660262891809909
6540,0.07502357959747315,0.0967026636004448,0.007177038490772248,0.17942593302577733,0.13973331553861498,0.7,1.747625788084406e-06,9.248301311221216e-07,0.06612740141557129
6550,0.3988293981179595,0.29254358187317847,0.01085864007472992,0.8606525119394064,0.1506399899488315,0.4,1.0451008165546227e-06,9.245392313972115e-07,0.06622851365015167
6560,0.13399813771247865,0.34263762533664704,0.014295844733715058,0.6787728566676379,0.1438409705180675,0.6,6.213946342468262,9.242478158171037e-07,0.06632962588473205
6570,0.12248778939247132,0.11936006247997284,0.011621724069118499,0.2914180774241686,0.1449474931228906,0.7,0.007893792353570461,9.239558847358957e-07,0.06643073811931244
6580,0.12704016417264938,0.11475985646247863,0.015196529030799866,0.37991336472332476,0.11146790410857647,0.5,4.812993938685395e-05,9.236634385083113e-07,0.06653185035389282
6590,0.14390662536025048,0.2168899029493332,0.011318955570459366,0.6905189398676157,0.22297259110491724,0.2,8.41106128692627,9.233704774897004e-07,0.0666329625884732
6600,-0.013425180315971374,0.17564319372177123,0.019057154655456543,0.4764292947947979,0.16654990538954734,0.6,1.839235301304143e-05,9.230770020360381e-07,0.06673407482305359
6610,0.26434227675199506,0.28266379088163374,0.021749405562877654,0.5437350098043681,0.16784209171310066,0.5,19.024776458740234,9.227830125039247e-07,0.06683518705763397
6620,0.029463232308626176,0.0458152636885643,0.00545392706990242,0.1363482054322958,0.09670854932628573,0.7,3.0657284355584125e-07,9.224885092505852e-07,0.06693629929221435
6630,0.005213382816873491,0.02307816604152322,0.011526239663362503,0.28815620169043543,0.1590193778509274,0.7,0.6694607734680176,9.22193492633869e-07,0.06703741152679474
6640,0.007592566497623921,0.2378379177302122,0.020062561333179473,0.5015642121434212,0.2560725229559466,0.3,7.67774772644043,9.21897963012249e-07,0.06713852376137512
6650,-0.040792631730437276,0.04431547448039055,0.0070364117622375485,0.17591035999357701,0.11036554062739015,0.8,0.01654767617583275,9.216019207448216e-07,0.0672396359959555
6660,0.3000313211232424,0.3776089623570442,0.015734772384166717,0.3933693114668131,0.17304818010888995,0.4,11.202117919921875,9.213053661913059e-07,0.0673407482305359
6670,-0.04741988899186254,0.19572284668684006,0.010448130965232848,0.2612033821642399,0.17134264276828617,0.7,0.0034554568119347095,9.210082997120438e-07,0.06744186046511629
6680,0.24822312444448472,0.3187053717672825,0.014081120491027832,0.4106033693999052,0.1740121621172875,0.5,14.477437973022461,9.207107216679993e-07,0.06754297269969667
6690,0.1893859624862671,0.3077468194067478,0.009668587893247604,0.24171487241983414,0.2011813905555755,0.2,0.00040784795419313014,9.204126324207573e-07,0.06764408493427705
6700,0.052178410440683366,0.16147218868136406,0.009708496928215026,0.24336739256978035,0.16822257891763,0.7,0.01355130784213543,9.201140323325248e-07,0.06774519716885744
6710,0.0502046262845397,0.1339762583374977,0.01153353750705719,0.28833825029432775,0.14782718224450947,0.6,1.0119118996954057e-05,9.198149217661286e-07,0.06784630940343782
6720,0.22594425976276397,0.17866416238248348,-0.006071957573294639,0.5176651008427143,0.14385690696071834,0.4,2.3472249507904053,9.195153010850166e-07,0.0679474216380182
6730,0.40988930594176054,0.42962554171681405,0.03354277014732361,0.8385689929127693,0.17264504220802337,0.4,6.190664768218994,9.19215170653256e-07,0.06804853387259858
6740,0.1270963430404663,0.30310414731502533,0.05237500667572022,1.3093752596527337,0.15558731539640575,0.5,15.5164213180542,9.189145308355337e-07,0.06814964610717897
6750,0.0720276527106762,0.3700966231524944,-0.020467887818813323,0.1772670902311802,0.1813763934886083,0.4,0.009954230859875679,9.186133819971555e-07,0.06825075834175935
6760,0.09500496424734592,0.0645173318684101,0.012090704590082168,0.3022676737979054,0.09796249547507614,0.7,4.066139221191406,9.183117245040454e-07,0.06835187057633973
6770,0.04319903291761875,0.28199733020737766,0.008609681576490402,0.21524199713021516,0.18461003680713475,0.5,0.25271475315093994,9.180095587227458e-07,0.06845298281092012
6780,0.045301154255867004,0.24647101908922195,0.009736497700214387,0.24341267459094523,0.15335838587488979,0.6,4.918323384117684e-07,9.177068850204166e-07,0.0685540950455005
6790,0.13500421307981014,0.22230040207505225,0.020694927871227266,0.540602871030569,0.1817072935635224,0.4,2.0674564838409424,9.17403703764835e-07,0.06865520728008088
6800,0.01327539788762806,0.3454721894231625,0.0194090336561203,0.48522567227482793,0.25311848116107283,0.3,0.0007056862232275307,9.171000153243946e-07,0.06875631951466127
6810,0.0018646303564310075,0.024091250076889992,0.009741269797086716,0.2466153737157583,0.1361938004149124,0.7,0.0060379523783922195,9.167958200681056e-07,0.06885743174924165
6820,0.17370473742485046,0.3192829072475433,0.02720138132572174,0.6800347283482552,0.18732932626735418,0.5,0.6353471875190735,9.164911183655941e-07,0.06895854398382205
6830,-0.04415202736854553,0.24159380793571472,0.02032724618911743,0.5081811480224132,0.20761926458217203,0.4,3.7290403724909993e-06,9.161859105871012e-07,0.06905965621840243
6840,0.1926754791289568,0.2972069889307022,0.020417802035808563,0.510445124655962,0.1603908965131268,0.6,0.0009095501736737788,9.158801971034832e-07,0.06916076845298282
6850,0.046209495328366754,0.07281863316893578,0.02110307514667511,0.5275771822780371,0.2148011303273961,0.4,0.007920550182461739,9.155739782862106e-07,0.0692618806875632
6860,0.11143105328083039,0.3471806079149246,0.026613694429397584,0.6592924015596509,0.2102800206746906,0.4,0.059531811624765396,9.152672545073686e-07,0.06936299292214358
6870,0.10277429819107056,0.3256584323942661,0.02603031098842621,0.6507577646523715,0.13684964303392916,0.6,0.008853294886648655,9.149600261396551e-07,0.06946410515672397
6880,0.1503042783588171,0.23504433184862136,0.02068894952535629,0.6618099264800549,0.14992486319970338,0.5,2.9748312044830527e-06,9.146522935563815e-07,0.06956521739130435
6890,0.004069960536435246,0.09283246509730816,0.015150098502635956,0.3787525210529566,0.2032725931610912,0.5,0.07563472539186478,9.143440571314722e-07,0.06966632962588473
6900,0.03290698267519474,0.25231419056653975,0.011265836656093597,0.28164587654173373,0.18014872879721225,0.6,0.0315578356385231,9.140353172394635e-07,0.06976744186046512
6910,-0.13291480019688606,0.15614635050296782,0.007208339869976044,0.1802083358168602,0.12912503138650208,0.7,0.0069620925933122635,9.137260742555032e-07,0.0698685540950455
6920,0.3658721387386322,0.2792473530396819,0.021303272247314452,0.532582001388073,0.2011432330356911,0.5,12.467068672180176,9.134163285553509e-07,0.06996966632962588
6930,0.0964483805000782,0.33512514978647234,0.002256729081273079,0.32251183353364465,0.14856882076710462,0.3,10.905162811279297,9.131060805153769e-07,0.07007077856420627
6940,0.02734987558797002,0.0623826433904469,0.0109596386551857,0.3140925675630569,0.19940983331762255,0.4,0.13242489099502563,9.127953305125616e-07,0.07017189079878665
6950,-0.014963267743587494,0.07961006611585617,0.009489062428474426,0.2372265886515379,0.16345560336485504,0.7,1.0982417961713509e-06,9.124840789244957e-07,0.07027300303336703
6960,-0.11597285252064467,0.26260404447093605,0.010566803067922593,0.26921531893312933,0.1588969049276784,0.7,7.036492347717285,9.121723261293792e-07,0.07037411526794742
6970,0.0360055910423398,0.2734893526881933,0.023383194208145143,0.5845803812146186,0.17918880889192224,0.3,12.591170310974121,9.118600725060213e-07,0.07047522750252781
6980,0.06322854906320571,0.2992941142991185,0.024203652143478395,0.6050913851708174,0.20437104506418108,0.5,16.94505500793457,9.115473184338392e-07,0.0705763397371082
6990,0.5825579464435577,0.4883864151313901,0.011046624928712844,0.7422214165329933,0.1348851284245029,0.3,0.5130304098129272,9.112340642928588e-07,0.07067745197168858
7000,0.04477697387337685,0.1676289767026901,0.01743316203355789,0.4125716575741535,0.18422152018174529,0.6,8.036548024392687e-06,9.109203104637136e-07,0.07077856420626896
7010,0.13884831429459155,0.09183490313589573,0.02069144994020462,0.5119584660977126,0.15817015345674007,0.5,0.27023884654045105,9.10606057327644e-07,0.07087967644084935
7020,0.15390554666519166,0.3356368027627468,0.02024570256471634,0.5931544035673142,0.22208831729367376,0.4,0.7563779354095459,9.102913052664969e-07,0.07098078867542973
7030,0.1342684429138899,0.1293829906731844,0.009752713143825531,0.243817850202322,0.18598446648102254,0.4,6.523968477267772e-05,9.099760546627261e-07,0.07108190091001011
7040,0.013412195071578027,0.09712293818593025,0.01570001393556595,0.3925004620105028,0.14386664836201818,0.5,1.5460509061813354,9.096603058993905e-07,0.0711830131445905
7050,-0.06518034785985946,0.17776350528001786,0.009368691593408585,0.23421727493405342,0.18886392016429454,0.5,9.458855628967285,9.093440593601551e-07,0.07128412537917088
7060,0.049832872301340106,0.11366313695907593,0.01158391535282135,0.2895979506894946,0.1611882396508008,0.7,15.114165306091309,9.090273154292888e-07,0.07138523761375126
7070,0.12853761129081248,0.16939987037330867,0.01762971431016922,0.4996342957019806,0.20339053550269454,0.3,8.700922966003418,9.087100744916655e-07,0.07148634984833165
7080,0.0037516169250011444,0.22251735776662826,0.01683923453092575,0.4209809731692076,0.1427816800074652,0.5,0.350259929895401,9.083923369327628e-07,0.07158746208291203
7090,0.09634110108017921,0.26091676838696004,0.020177333056926726,0.5403774298727513,0.16818448842968792,0.4,0.3819856345653534,9.080741031386618e-07,0.07168857431749241
7100,0.07098099999129773,0.1992957353591919,0.023844029009342193,0.5961007945239544,0.22394107079599052,0.4,0.0005236798897385597,9.077553734960468e-07,0.0717896865520728
7110,0.17056401818990707,0.1423672303557396,0.009510567039251327,0.2669484309852123,0.1698745102621615,0.6,0.0008599528227932751,9.07436148392204e-07,0.07189079878665318
7120,0.1453839959576726,0.17026407876983285,0.01285790354013443,0.3214477267116308,0.19265029218513519,0.4,1.6537134647369385,9.071164282150223e-07,0.07199191102123358
7130,0.015359888970851897,0.2111522786319256,0.01859048306941986,0.23440480120480062,0.20505794789642096,0.7,0.010381394065916538,9.067962133529917e-07,0.07209302325581396
7140,0.22922466024756433,0.19440202564001083,0.018266884982585906,0.22285679150372745,0.15835433825850487,0.6,1.5631095493517932e-06,9.064755041952035e-07,0.07219413549039434
7150,0.2016900409013033,0.1843061402440071,-0.006971125304698944,0.20495309121906757,0.10920024970546365,0.7,1.1414808795962017e-06,9.061543011313496e-07,0.07229524772497473
7160,0.1399199727922678,0.16623169258236886,0.017476385831832884,0.4215120129287243,0.1832026471151039,0.3,0.00011795364116551355,9.05832604551722e-07,0.07239635995955511
7170,0.19595385007560254,0.3153344184160233,0.020207644999027254,0.5051913313567639,0.13685318778734654,0.6,6.043568845370828e-08,9.055104148472122e-07,0.07249747219413549
7180,0.02364360059145838,0.021929327771067618,0.004685889929533005,0.11714736111462117,0.09968873292673379,0.7,0.1915307193994522,9.051877324093113e-07,0.07259858442871588
7190,0.2141207277774811,0.29354290962219237,0.003502001613378525,0.5672876443713903,0.1255905870348215,0.6,3.549919824763492e-07,9.04864557630109e-07,0.07269969666329626
7200,0.020580599457025527,0.04411051943898201,0.01003994345664978,0.2509986074641347,0.09712561881169676,0.7,6.173490874061827e-07,9.045408909022927e-07,0.07280080889787664
7210,0.22101733684539795,0.17319830656051635,0.002514781802892685,0.06286934539675712,0.10301986690610647,0.8,2.0267843865440227e-05,9.042167326191484e-07,0.07290192113245703
7220,0.17657479997724296,0.11658271253108979,0.01565219908952713,0.3985480047762394,0.137064125854522,0.7,0.12086171656847,9.038920831745587e-07,0.07300303336703741
7230,0.024558127298951148,0.054658745788037776,0.016099323332309724,0.4024831533432007,0.16369584642816334,0.7,0.1940222829580307,9.035669429630035e-07,0.07310414560161779
7240,0.32196597335860133,0.2582596936263144,-0.006876511871814728,0.31986214462667706,0.17508583371527492,0.3,0.002971241483464837,9.032413123795587e-07,0.07320525783619818
7250,0.10287910513579845,0.20279312431812285,0.021539877355098724,0.5384969830513,0.20127645139582456,0.4,8.494346548104659e-05,9.02915191819896e-07,0.07330637007077856
7260,0.11038487730547786,0.14198397090658546,0.011742277443408966,0.29355698861181734,0.16746093218680472,0.4,6.185913562774658,9.025885816802832e-07,0.07340748230535894
7270,0.150933675467968,0.20775553733110427,0.01323193907737732,0.3307984251528978,0.1778387586819008,0.5,0.00017777609173208475,9.022614823575818e-07,0.07350859453993933
7280,0.004260631650686264,0.11142457313835621,0.006946254521608353,0.17365641631186007,0.19589647469110788,0.4,6.075008869171143,9.019338942492485e-07,0.07360970677451972
7290,0.03156969044357538,0.17787296772003175,0.005348087102174759,0.1337021317332983,0.18229494222905487,0.4,14.142729759216309,9.016058177533338e-07,0.0737108190091001
7300,0.3158990636467934,0.3029101172462106,0.00383269265294075,0.09581735357642174,0.13606885618064551,0.5,1.4957813618821092e-06,9.012772532684818e-07,0.07381193124368049
7310,0.05086290910840034,0.2429664120078087,0.013833539187908172,0.3458384532481432,0.12003097333945334,0.7,5.796907771582482e-07,9.009482011939289e-07,0.07391304347826087
7320,0.021520829200744628,0.01229761615395546,0.0030907709151506424,0.14508700836449862,0.09839743745978921,0.9,0.1493571549654007,9.006186619295047e-07,0.07401415571284126
7330,-0.05910168346017599,0.16704628691077233,0.0048361063003540036,0.120902518928051,0.12968115129042418,0.7,6.311601282504853e-06,9.002886358756303e-07,0.07411526794742164
7340,0.1462483137845993,0.2833817020058632,0.005757252871990204,0.3409258831292391,0.20093265080358833,0.3,11.060495376586914,8.999581234333186e-07,0.07421638018200202
7350,0.057195233181118965,0.11918366812169552,0.018593232333660125,0.46483086235821247,0.1807221506489441,0.5,4.967373847961426,8.996271250041734e-07,0.0743174924165824
7360,0.08933229148387908,0.11406475566327572,0.015050289034843446,0.37625719122588636,0.17225388262886554,0.5,0.00016619516827631742,8.992956409903889e-07,0.07441860465116279
7370,0.015174517035484314,0.23500951528549194,0.01213444173336029,0.4319608174264431,0.1264882412739098,0.7,0.00019410352979321033,8.989636717947494e-07,0.07451971688574317
7380,0.05759321946534328,0.35390036724274976,0.003545945882797241,0.08864883072674275,0.14890504779759794,0.6,81.59766387939453,8.98631217820629e-07,0.07462082912032356
7390,0.21920073709916324,0.18986826054751874,0.018706190586090087,0.4676547646522522,0.17028278254438192,0.6,3.568782744878263e-07,8.982982794719903e-07,0.07472194135490394
7400,0.19441376775503158,0.3019372053444386,0.014860525727272034,0.3715129543095827,0.15798343527130781,0.6,1.1021145582199097,8.979648571533851e-07,0.07482305358948432
7410,-0.009280393272638321,0.10100071541965008,0.007089409232139588,0.1772354107350111,0.1362511096522212,0.7,2.223053172656364e-07,8.976309512699528e-07,0.0749241658240647
7420,-0.005945927649736405,0.2906827762722969,0.011383971571922303,0.28459935169667006,0.1938218583818525,0.4,0.31357306241989136,8.972965622274205e-07,0.07502527805864509
7430,-0.013162453472614289,0.27940804585814477,0.010951528698205948,0.27378837373107673,0.15239121539052575,0.6,1.7017389097873092e-07,8.969616904321025e-07,0.07512639029322549
7440,0.13455607742071152,0.3594295606017113,0.0408989816904068,0.7847184497863054,0.19303887328132988,0.3,17.41985511779785,8.966263362908996e-07,0.07522750252780587
7450,0.022508586570620537,0.05614725686609745,0.001143562328070402,0.028589048236608506,0.10382043202407658,0.8,2.621609382913448e-06,8.962905002112988e-07,0.07532861476238625
7460,0.02616543769836426,0.12249245643615722,0.0037644896656274796,0.0941127710044384,0.12795865908265114,0.7,0.0010185765568166971,8.959541826013723e-07,0.07542972699696664
7470,0.009776551742106676,0.13855443154461683,0.009486112743616104,0.16318411380052567,0.17346242254134267,0.5,1.7959784770482656e-07,8.95617383869778e-07,0.07553083923154702
7480,0.12626393809914588,0.2484264463186264,0.009502332657575607,0.26167156237643213,0.1404484141850844,0.5,0.05401840806007385,8.952801044257581e-07,0.0756319514661274
7490,0.13608311377465726,0.21579064801335335,0.023947639763355254,0.5986915692687035,0.19585700856987387,0.4,2.9182121753692627,8.949423446791386e-07,0.07573306370070779
7500,0.10224373936653137,0.13765700906515121,0.01782466918230057,0.4456166334450245,0.11448469241149724,0.7,6.985169410705566,8.946041050403299e-07,0.07583417593528817
7510,0.07074734903872013,0.08249191008508205,0.02802644670009613,0.7024178218096495,0.20938278078101574,0.4,1.8759326934814453,8.942653859203248e-07,0.07593528816986855
7520,0.14983847439289094,0.12953751347959042,0.0038184061646461486,0.17780766487121583,0.15689453890081495,0.3,2.857975482940674,8.93926187730699e-07,0.07603640040444894
7530,0.2875606417655945,0.27351788580417635,0.0007840328849852085,0.43646137677133084,0.1122054613661021,0.6,8.582144346291898e-07,8.935865108836101e-07,0.07613751263902932
7540,0.10307230008766055,0.281930697709322,0.005193818360567093,0.3931506186723709,0.15597987172659486,0.4,2.7432596683502197,8.932463557917979e-07,0.0762386248736097
7550,-0.053611521422863004,0.11570209711790085,0.0053802825510501865,0.13450708128511907,0.1395311636151746,0.7,5.539475296245655e-07,8.929057228685828e-07,0.07633973710819009
7560,0.12793783489614724,0.12944785878062248,0.04830333590507507,1.5122218968346715,0.14742325409315526,0.4,4.941011297887599e-07,8.925646125278656e-07,0.07644084934277047
7570,-0.05074908286333084,0.09078271985054016,0.00243001040071249,0.06075107790529728,0.10031066802330316,0.8,5.833926479681395e-07,8.922230251841278e-07,0.07654196157735085
7580,0.055098149180412295,0.1406464546918869,0.020565406978130342,0.3368950620293617,0.10191630106419325,0.7,0.04739471524953842,8.918809612524303e-07,0.07664307381193125
7590,0.04677369706332683,0.2278214693069458,0.019402295351028442,0.4738680820912123,0.1937229041941464,0.6,0.008226773701608181,8.91538421148413e-07,0.07674418604651163
7600,0.04817726761102677,0.11818297430872918,0.007512815296649933,0.25631918720901015,0.07846576303709299,0.8,0.0020214759279042482,8.911954052882939e-07,0.07684529828109202
7610,0.2289857819676399,0.3767666041851044,0.023678144812583922,0.5919536087661982,0.17828543165232985,0.5,32.70753479003906,8.908519140888703e-07,0.0769464105156724
7620,0.027942172577604653,0.0839308213442564,0.02240205407142639,0.6010199699550867,0.20483514291699975,0.4,2.835850477218628,8.905079479675164e-07,0.07704752275025278
7630,0.11342773102223873,0.08662099950015545,0.008890378475189208,0.2222594480961561,0.09615649399347603,0.7,0.39707621932029724,8.90163507342183e-07,0.07714863498483317
7640,0.2417115536518395,0.27673534117639065,-0.02392694503068924,0.2211254857480526,0.18649616341572256,0.3,3.6506094932556152,8.898185926313981e-07,0.07724974721941355
7650,0.08336950391530991,0.19461384117603303,0.020316052436828613,0.507901306822896,0.13911022401880474,0.6,28.46915626525879,8.894732042542659e-07,0.07735085945399393
7660,0.24851566255092622,0.2573577937670052,0.030836033821105956,0.7709012739360332,0.16160209148656576,0.4,0.017873384058475494,8.891273426304654e-07,0.07745197168857432
7670,0.0012110114097595216,0.3317147523164749,0.019014841318130492,0.4753717377781868,0.19169339949730785,0.4,8.750116830924526e-05,8.887810081802514e-07,0.0775530839231547
7680,0.11924435775727034,0.1664269294589758,-0.012970645725727082,0.17744328528642656,0.08761787849944085,0.6,0.004988965578377247,8.884342013244528e-07,0.07765419615773508
7690,0.22174211144447326,0.3043233543634415,0.011545956879854203,0.449888314306736,0.15817797360941768,0.3,4.8616557121276855,8.880869224844725e-07,0.07775530839231547
7700,-0.0004442017525434494,0.04184221252799034,0.01399490088224411,0.349872712045908,0.12621217109262944,0.7,0.0005325432284735143,8.877391720822873e-07,0.07785642062689585
7710,0.005428323522210121,0.1556280553340912,0.01764177978038788,0.44104449562728404,0.1438110245624557,0.7,37.91685104370117,8.873909505404467e-07,0.07795753286147623
7720,0.02578442869707942,0.05410255845636129,0.013154888153076172,0.3288722839206457,0.12071410941425711,0.7,0.009496477432549,8.870422582820725e-07,0.07805864509605662
7730,-0.025859472528100013,0.15889904275536537,0.016877059638500214,0.42192641235888007,0.19516573154833167,0.6,0.006746763829141855,8.866930957308587e-07,0.078159757330637
7740,0.030000687390565873,0.1846651354804635,0.021552111208438873,0.5340819351375103,0.2953622004017234,0.1,1.0474183559417725,8.863434633110709e-07,0.0782608695652174
7750,0.0075683116912841795,0.16380010321736335,0.02553110122680664,0.6382777959108352,0.16916516488417982,0.6,7.749887466430664,8.859933614475452e-07,0.07836198179979778
7760,0.0730508655309677,0.1840946763753891,-0.01203339546918869,0.07463708110153675,0.1348226579837501,0.5,18.19206428527832,8.856427905656889e-07,0.07846309403437816
7770,0.12978112250566481,0.2689601957798004,0.03397969007492065,0.8494921989738942,0.14449936863966287,0.6,3.2557499408721924,8.852917510914781e-07,0.07856420626895855
7780,0.3550016589462757,0.37292145267128946,0.017233343422412874,0.43083331622183324,0.17128670422825962,0.3,0.010955189354717731,8.84940243451459e-07,0.07866531850353893
7790,-0.011285232845693827,0.01515015447512269,0.021220965683460234,0.5305244062095881,0.12841535843908786,0.8,2.5845766067504883,8.845882680727468e-07,0.07876643073811931
7800,0.16153122074902057,0.496055768430233,0.022768744826316835,0.5692186236381531,0.1921408032765612,0.4,5.682978212462331e-07,8.842358253830245e-07,0.0788675429726997
7810,0.1991226889193058,0.18603942543268204,0.021996812522411348,0.5499204345047474,0.16815930095035583,0.5,1.191284418106079,8.838829158105433e-07,0.07896865520728008
7820,-0.0051980379968881605,0.03168559856712818,0.011352627724409103,0.28381563629955053,0.10151234997902066,0.8,0.028734557330608368,8.835295397841216e-07,0.07906976744186046
7830,0.006228352338075638,0.12399633340537548,0.021558430790901185,0.5389610897749663,0.1957137746270746,0.5,2.005160467888345e-06,8.831756977331446e-07,0.07917087967644085
7840,-0.11369435042142868,0.12371154278516769,0.017731066048145293,0.4909200629917905,0.1913416469004005,0.6,5.38713891273801e-07,8.828213900875638e-07,0.07927199191102123
7850,0.04686424285173416,0.06514625996351242,0.01896759569644928,0.4741901017725468,0.09516602815128863,0.8,0.12399674952030182,8.824666172778963e-07,0.07937310414560161
7860,0.05331130400300026,0.09457113221287727,0.019783088564872743,0.49457728788256644,0.12910338905639945,0.7,2.118485450744629,8.821113797352245e-07,0.079474216380182
7870,0.1776377834379673,0.18493527472019194,0.027793917059898376,0.694847421348095,0.12999142708722503,0.6,4.269472810847219e-06,8.817556778911956e-07,0.07957532861476238
7880,-0.01972601152956486,0.06780651211738586,0.009885924309492112,0.2691520832479,0.1557060966733843,0.6,5.701164127458469e-07,8.813995121780209e-07,0.07967644084934276
7890,-0.020599374175071718,0.026572394371032714,0.020140646398067473,0.5125587388873101,0.09837547629140317,0.9,0.042232904583215714,8.810428830284751e-07,0.07977755308392316
7900,0.011377030052244663,0.04829419553279877,0.012496814131736755,0.3124205004423857,0.18245775501709433,0.5,3.3239622116088867,8.806857908758967e-07,0.07987866531850354
7910,0.005532870814204216,0.09488025456666946,0.007275080680847168,0.1818770259618759,0.1046987050678581,0.7,0.1104435995221138,8.803282361541858e-07,0.07997977755308393
7920,-0.0629414539784193,0.3378537956625223,0.024031908810138704,0.6007976725697517,0.1902520131552592,0.4,3.774550437927246,8.799702192978056e-07,0.08008088978766431
7930,0.16532641649246216,0.13773003369569778,0.01963541954755783,0.49088551476597786,0.13983240025117993,0.5,5.38409948348999,8.796117407417799e-07,0.0801820020222447
7940,0.2728476903401315,0.2418668383732438,0.008348057419061661,0.2087017759680748,0.15175265229772777,0.5,11.814689636230469,8.792528009216942e-07,0.08028311425682508
7950,0.02461952194571495,0.24834462106227875,0.011350329965353012,0.3791218068450689,0.22951826911885292,0.3,0.029272010549902916,8.788934002736943e-07,0.08038422649140546
7960,0.0212284654378891,0.09454715698957443,0.024010400474071502,0.6092983942478896,0.15825169042218476,0.6,4.940699227518053e-07,8.785335392344857e-07,0.08048533872598584
7970,0.0724143771454692,0.2401382729411125,0.017023639380931856,0.4255911558866501,0.20100947581231593,0.4,5.5995053571678e-07,8.781732182413335e-07,0.08058645096056623
7980,0.02606704980134964,0.10234188921749592,0.015581634640693665,0.389541057497263,0.13093167531769723,0.5,3.5539960861206055,8.778124377320617e-07,0.08068756319514661
7990,-0.027973419055342674,0.14386329390108585,0.014506252110004425,0.36265653893351557,0.14901054161600769,0.7,6.232027658370498e-07,8.774511981450528e-07,0.080788675429727
8000,0.17941332831978798,0.2825041444972157,0.00405668169260025,0.653127770870924,0.22036408502608537,0.2,6.990422248840332,8.770894999192466e-07,0.08088978766430738
8010,0.222469300031662,0.18371222391724587,0.02381846159696579,0.5963139295578003,0.1144875783007592,0.3,3.43459723808337e-05,8.767273434941411e-07,0.08099089989888776
8020,0.050273454189300536,0.08993189334869385,0.014504155516624451,0.36260387040674685,0.08935380193870515,0.9,13.035872459411621,8.7636472930979e-07,0.08109201213346814
8030,0.05511561073362827,0.5121830105781555,0.01973598301410675,0.49339959882199763,0.23183831367641689,0.3,4.709770564659266e-06,8.760016578068039e-07,0.08119312436804853
8040,0.0624136745929718,0.035664957761764524,0.0024979144334793093,0.26528469398617743,0.06074740113690495,0.9,7.649791768926661e-07,8.756381294263489e-07,0.08129423660262892
8050,0.02073047049343586,0.12454448714852333,0.019008913636207582,0.4752228058874607,0.21127872292418032,0.4,3.3734688758850098,8.752741446101463e-07,0.08139534883720931
8060,0.26487539410591127,0.20043887794017792,0.02368561029434204,0.5921403121203184,0.1401069843675941,0.7,0.3472081124782562,8.749097038004721e-07,0.08149646107178969
8070,0.10279468253720551,0.11036208891309798,0.01785498708486557,0.4463750883936882,0.11007171922829002,0.7,5.009115966458921e-07,8.74544807440156e-07,0.08159757330637007
8080,0.12841163575649261,0.18797532320022584,0.011339569091796875,0.2834894061088562,0.11650451691821218,0.6,0.00012784454156644642,8.741794559725817e-07,0.08169868554095046
8090,-0.014918594807386398,0.34728454798460007,0.01799841821193695,0.44996029548346994,0.18502262416295706,0.4,2.969173010569648e-06,8.738136498416855e-07,0.08179979777553084
8100,0.19446919150650502,0.23260856103152036,0.021268698573112487,0.5317175455391407,0.15778714169282465,0.5,9.049173355102539,8.734473894919562e-07,0.08190091001011122
8110,0.04737966284155846,0.1618022747337818,0.02469334751367569,0.6414963621646166,0.1714384639635682,0.4,6.708232402801514,8.730806753684352e-07,0.08200202224469161
8120,0.09117912203073501,0.1520138494670391,0.022233398258686067,0.6082594275474549,0.19263068281579762,0.4,1.211476445198059,8.727135079167143e-07,0.08210313447927199
8130,0.16942839393304893,0.13898612410994246,0.023566192388534545,0.5891548056155443,0.17529705655761063,0.5,0.03559544309973717,8.723458875829367e-07,0.08220424671385237
8140,0.237591390311718,0.22255678796209394,0.03466679453849793,0.8666702296584845,0.15849951589480044,0.4,4.17415208175953e-07,8.719778148137958e-07,0.08230535894843276
8150,0.1652142122387886,0.2708319813013077,0.021134550869464874,0.6025341715663671,0.14079341443721205,0.6,6.075223382140393e-07,8.716092900565347e-07,0.08240647118301314
8160,-0.013075871020555496,0.2177608497440815,0.0011825766414403915,0.4476653005927801,0.07066282376181335,0.6,0.7407098412513733,8.712403137589455e-07,0.08250758341759352
8170,0.08029266241937875,0.1192867025732994,0.028434178233146666,0.710854546353221,0.1437873958144337,0.6,4.773265800395166e-07,8.708708863693695e-07,0.08260869565217391
8180,-0.04574205297976732,0.11790876761078835,0.013431540131568909,0.3333550900220871,0.13580726159270853,0.5,0.10763529688119888,8.705010083366959e-07,0.08270980788675429
8190,0.03619735352694988,0.10254696756601334,0.021094600856304168,0.527365117520094,0.1860492315609008,0.7,0.328009694814682,8.70130680110361e-07,0.08281092012133467
8200,0.08104932643473148,0.04631389994174242,0.01618204712867737,0.4045510459691286,0.1136119804577902,0.8,0.4172218441963196,8.697599021403487e-07,0.08291203235591507
8210,0.10577044808014761,0.17138140738825314,0.021647416055202484,0.5411855600774288,0.16398983320686966,0.5,0.016255442053079605,8.693886748771894e-07,0.08301314459049546
8220,0.046922211349010465,0.29589433372020724,0.015878014266490936,0.4267653051763773,0.15645550834015012,0.4,7.267712476277666e-07,8.690169987719591e-07,0.08311425682507584
8230,0.020379244908690454,0.04856443703174591,0.022772644460201264,0.5693165104836225,0.14033643694128842,0.8,0.006467929109930992,8.68644874276279e-07,0.08321536905965622
8240,0.009083078429102897,0.22410134710371493,0.02316904067993164,0.5792260829359293,0.2324683269718662,0.4,9.220040321350098,8.682723018423159e-07,0.0833164812942366
8250,-0.00982203809544444,0.050604681763797996,0.011744222044944764,0.30542416125535965,0.1695812163874507,0.5,0.0002841221576090902,8.678992819227803e-07,0.08341759352881699
8260,-0.024794868379831313,0.14998002406209707,0.011204545199871064,0.35676551088690756,0.1247864890145138,0.5,1.9451833850325784e-06,8.675258149709263e-07,0.08351870576339737
8270,0.03473889566957951,0.08831942081451416,0.010117050260305405,0.2529261723160744,0.14039618170354515,0.6,2.4552346076234244e-05,8.671519014405519e-07,0.08361981799797776
8280,0.013169040530920028,0.03432070128619671,0.006026556342840194,0.15066389888525009,0.11315294043160976,0.6,1.0972460508346558,8.667775417859971e-07,0.08372093023255814
8290,0.1647409714758396,0.10822515189647675,0.012974677979946137,0.3273374941200018,0.12466296467464417,0.7,25.6331729888916,8.66402736462144e-07,0.08382204246713852
8300,0.06556190215051175,0.1379820853471756,0.009929438680410385,0.24823607727885247,0.1796179756289348,0.6,5.753678578912513e-06,8.660274859244166e-07,0.0839231547017189
8310,0.07560173124074936,0.0849477082490921,0.011991259455680848,0.29978169649839403,0.08568762121722102,0.8,0.020733021199703217,8.656517906287798e-07,0.08402426693629929
8320,0.1438695415854454,0.20864839404821395,0.02315029352903366,0.578757481276989,0.15190630208235234,0.6,0.1018436998128891,8.652756510317386e-07,0.08412537917087967
8330,0.03140860199928284,0.040515878796577455,0.011789272725582122,0.29473183751106263,0.09187582291197031,0.9,0.019348017871379852,8.64899067590338e-07,0.08422649140546005
8340,0.15223660627380015,0.19396254047751427,0.03593319058418274,0.9387967575341463,0.14644657061435282,0.3,1.802308201789856,8.645220407621628e-07,0.08432760364004044
8350,0.1194725513458252,0.1584451340138912,0.012386543303728103,0.3096635386347771,0.11868787528946996,0.6,6.756108632544056e-07,8.641445710053359e-07,0.08442871587462084
8360,0.43888324648141863,0.3339068412780762,0.03134433925151825,0.783608253672719,0.10946335706394165,0.6,15.892538070678711,8.637666587785184e-07,0.08452982810920122
8370,0.046655977703630926,0.17950881496071816,0.008027277886867523,0.20068208165466786,0.2115498926024884,0.4,1.2400922775268555,8.633883045409096e-07,0.0846309403437816
8380,-0.021832432970404624,0.07802594378590584,0.006880825012922287,0.17202064096927644,0.119211511942558,0.7,0.004560686182230711,8.630095087522456e-07,0.08473205257836199
8390,0.09564001690596342,0.15767800584435462,0.005990505963563919,0.17243703007698058,0.18830110591370613,0.4,5.79061577354878e-07,8.626302718727989e-07,0.08483316481294237
8400,0.022445454448461532,0.19045974388718606,0.019031833112239837,0.47579587660729883,0.17119223847985268,0.6,0.014793944545090199,8.62250594363378e-07,0.08493427704752275
8410,-0.01980243967846036,0.09359028097242117,0.010829959809780122,0.27074916660785675,0.17216994573827832,0.5,3.5528039932250977,8.61870476685327e-07,0.08503538928210314
8420,0.19206002876162528,0.36719574965536594,0.015022504329681396,0.41577888242900374,0.24393379762768747,0.1,0.534683108329773,8.614899193005246e-07,0.08513650151668352
8430,0.0644570380449295,0.13589178770780563,0.008945774286985397,0.2284749187529087,0.11156300040893256,0.6,2.012608051300049,8.611089226713841e-07,0.0852376137512639
8440,-0.09270363640971482,0.08267935086041689,0.006069216504693031,0.15173042565584183,0.11256934334523976,0.7,9.134223937988281,8.607274872608521e-07,0.08533872598584429
8450,0.059796248003840445,0.06631413018330931,0.025065746903419495,0.6266438204795122,0.15067998156882823,0.4,0.009152048267424107,8.603456135324087e-07,0.08543983822042467
8460,0.2971636116504669,0.3422465741634369,0.018139109015464783,0.45347765684127805,0.1546088877134025,0.6,27.465755462646484,8.599633019500664e-07,0.08554095045500505
8470,0.27945223785936835,0.19814564660191536,0.026863488554954528,0.6715872284024954,0.13257190508302302,0.3,4.16973876953125,8.595805529783701e-07,0.08564206268958544
8480,-0.03474957486614585,0.19210598152130842,0.013309955596923828,0.33206851352006195,0.17174953566864132,0.5,1.6412758827209473,8.591973670823958e-07,0.08574317492416582
8490,0.39759490531869235,0.5084993645548821,-0.005022246390581131,0.4687378566712141,0.19848166638985276,0.3,0.000199983871425502,8.588137447277502e-07,0.0858442871587462
8500,0.1985571138560772,0.15083497315645217,0.004509209468960762,0.5013851810246706,0.08520429749041795,0.6,9.778121921044658e-07,8.584296863805708e-07,0.0859453993933266
8510,0.0023775600828230383,0.17466729059815406,0.01457032710313797,0.36425831690430643,0.19047655048780143,0.5,5.887090682983398,8.580451925075247e-07,0.08604651162790698
8520,0.1115466147661209,0.28479399979114534,0.02058970332145691,0.5200972128659487,0.14403082435019315,0.7,0.055981867015361786,8.576602635758085e-07,0.08614762386248737
8530,0.006655189394950867,0.15076547116041183,0.015965868532657624,0.3991468384861946,0.12707657625433058,0.8,6.948496888981026e-07,8.572749000531467e-07,0.08624873609706775
8540,0.09642444625496864,0.2551627174019814,0.01581205129623413,0.3953009910881519,0.1589755979832262,0.6,6.5532755851745605,8.568891024077924e-07,0.08634984833164813
8550,0.3541195385158062,0.3122903815004975,0.016190001368522645,0.4047500718384981,0.1676725294208154,0.2,8.2907133102417,8.565028711085265e-07,0.08645096056622852
8560,0.21171161532402039,0.184535888209939,0.04114679992198944,1.0286701709032058,0.16582701299339533,0.4,11.082950592041016,8.561162066246561e-07,0.0865520728008089
8570,-0.05444096885621548,0.31491864901036026,0.012505032122135162,0.3780571576207876,0.2295283704996109,0.3,0.010079293511807919,8.557291094260151e-07,0.08665318503538928
8580,0.02885412611067295,0.25306176841259004,0.02363009750843048,0.6581355608999729,0.1553770633181557,0.5,0.00017015633056871593,8.553415799829628e-07,0.08675429726996967
8590,0.03067159717902541,0.10842778766527772,0.019310855865478517,0.4827714290469885,0.14567256313748658,0.6,0.001711708726361394,8.549536187663846e-07,0.08685540950455005
8600,-0.010735125839710235,0.07733485177159309,0.0051731221377849575,0.19167594127357007,0.1404549986938946,0.6,5.488893179972365e-07,8.545652262476897e-07,0.08695652173913043
8610,0.15843336023390292,0.18801147043704985,0.025904437899589537,0.6476111900061369,0.16440955870784818,0.5,2.60592833001283e-06,8.541764028988114e-07,0.08705763397371082
8620,0.0852103777229786,0.14256025925278665,0.015748384594917297,0.35164471063762903,0.19523652342613787,0.4,0.43830204010009766,8.537871491922071e-07,0.0871587462082912
8630,0.10554999597370625,0.1670083798468113,0.014068135619163513,0.7172922864556313,0.17346935160458088,0.4,0.0022961271461099386,8.533974656008564e-07,0.08725985844287158
8640,0.16768643856048585,0.27965241149067877,0.028580817580223083,0.7019558906555176,0.1475856110919267,0.5,3.629864693266427e-07,8.530073525982619e-07,0.08736097067745197
8650,0.20188323175534606,0.32770051383413373,0.032809457182884215,0.8692381713539362,0.25776658533141017,0.1,3.698914051055908,8.526168106584475e-07,0.08746208291203236
8660,0.07125596292316913,0.1306883230805397,0.026392579078674316,0.6598144598305226,0.15684447770472615,0.7,0.9737604260444641,8.522258402559585e-07,0.08756319514661275
8670,0.4978027492761612,0.3049845829606056,0.003762701153755188,0.8206639181822538,0.14782309841830282,0.3,0.015342731028795242,8.518344418658612e-07,0.08766430738119313
8680,-0.03928817361593247,0.09222738966345786,0.02019570767879486,0.5048929259181023,0.1423540276940912,0.7,0.042473699897527695,8.514426159637409e-07,0.08776541961577351
8690,0.0,0.0,0.012183985859155654,0.3059755265712738,0.060830476437695326,1.0,0.010032866150140762,8.510503630257034e-07,0.0878665318503539
8700,0.16203911304473878,0.3454671084880829,0.04358723759651184,1.0896814491599798,0.1394984693499282,0.6,7.556695436505834e-06,8.50657683528373e-07,0.08796764408493428
8710,-0.011935208644717931,0.12142330259084702,0.021703779697418213,0.543219555914402,0.20754386405460537,0.5,0.0005339205963537097,8.502645779488921e-07,0.08806875631951466
8720,0.1180869349744171,0.1054246089886874,0.034302496910095216,0.8575625039637089,0.16265101064927875,0.4,0.8015738129615784,8.498710467649213e-07,0.08816986855409505
8730,-0.07596161663532257,0.16750829368829728,0.019536314904689787,0.48840775676071646,0.10960728437639773,0.7,0.0037480161990970373,8.49477090454638e-07,0.08827098078867543
8740,0.36295555233955384,0.43707228526473046,0.0391605943441391,0.9790147677063942,0.18574302583001553,0.4,1.8696262031880906e-06,8.490827094967363e-07,0.08837209302325581
8750,0.14344373643398284,0.13002590015530585,0.01689259707927704,0.42231492735445497,0.12816389126237482,0.6,4.539552662663482e-07,8.486879043704262e-07,0.0884732052578362
8760,0.1911522801965475,0.36131930649280547,0.029344400763511656,0.733610150963068,0.21916885916143655,0.4,47.54655838012695,8.482926755554332e-07,0.08857431749241658
8770,0.26159439524635675,0.18519131578505038,0.02760222554206848,0.6900556199252605,0.13906796233495697,0.4,7.880066871643066,8.478970235319974e-07,0.08867542972699696
8780,0.05111953094601631,0.07024176605045795,0.014044900238513947,0.41926464103162286,0.11797621757723391,0.6,6.8351018853718415e-06,8.475009487808736e-07,0.08877654196157735
8790,0.0519888361915946,0.23209291994571685,0.01678840219974518,0.4197102949023247,0.17879475499503314,0.5,18.69032859802246,8.471044517833297e-07,0.08887765419615773
8800,0.12288705222308635,0.194796422123909,0.020236289501190184,0.5236939217895269,0.1877131716348231,0.4,2.7292330265045166,8.467075330211473e-07,0.08897876643073811
8810,0.0335597014054656,0.2062354564666748,0.029788658022880554,0.8067790929228067,0.19499129878822713,0.4,0.45182693004608154,8.463101929766196e-07,0.08907987866531851
8820,0.04691670164465904,0.1655139908194542,0.02033179998397827,0.5082952100783587,0.21062226323410868,0.4,0.008795810863375664,8.459124321325527e-07,0.0891809908998989
8830,0.21700248401612043,0.17726644966751337,0.01748691499233246,0.4371728640049696,0.17923244764097035,0.5,3.290183667559177e-05,8.455142509722634e-07,0.08928210313447928
8840,0.03531237081624568,0.12160414718091488,0.011739613115787506,0.3080943003296852,0.23234670241363348,0.3,6.81095027923584,8.451156499795791e-07,0.08938321536905966
8850,-0.007767775934189558,0.07178505901247263,0.00836499035358429,0.20912481658160686,0.1572108748368919,0.5,0.00010418482997920364,8.44716629638838e-07,0.08948432760364004
8860,0.3209217399358749,0.2063574969768524,0.008837290108203888,0.2209325186908245,0.13461511684581637,0.6,0.20253652334213257,8.443171904348872e-07,0.08958543983822043
8870,0.01248173601925373,0.03092177715152502,0.024684642255306245,0.634437745809555,0.1846884154016152,0.5,0.666182816028595,8.439173328530828e-07,0.08968655207280081
8880,-0.00889986902475357,0.03782928436994552,0.01196664422750473,0.2991659950464964,0.1162962143542245,0.7,1.5925572824926348e-06,8.4351705737929e-07,0.0897876643073812
8890,0.023504951596260072,0.2213372692465782,0.02289358526468277,0.5723401002585888,0.1757306103943847,0.6,0.026448968797922134,8.431163644998806e-07,0.08988877654196158
8900,0.19012514017522336,0.23312184177339076,0.02383823096752167,0.5959560316056013,0.1655540102161467,0.5,0.00020570002379827201,8.427152547017349e-07,0.08998988877654196
8910,0.08759926855564118,0.2144245348870754,0.0242695614695549,0.5700747776776552,0.1771635342622176,0.4,8.7609281539917,8.423137284722388e-07,0.09009100101112234
8920,0.0628024410456419,0.08915586983785033,0.02401176393032074,0.6002946343272925,0.16952853621914982,0.5,5.05520483784494e-06,8.419117862992844e-07,0.09019211324570273
8930,0.07197381108999253,0.10459931865334511,0.019468678534030913,0.4867170240730047,0.10499615634325891,0.6,0.6911870241165161,8.415094286712694e-07,0.09029322548028311
8940,0.036236454546451566,0.06226166039705276,0.007997740805149079,0.19994346145540476,0.09493207237683236,0.8,4.378581523895264,8.411066560770964e-07,0.09039433771486349
8950,0.1068740263581276,0.29792577028274536,0.016905120015144347,0.4226277582347393,0.17634693696163595,0.5,2.500131368637085,8.40703469006172e-07,0.09049544994944388
8960,0.15957441702485084,0.2488791030831635,0.031544697284698484,0.7886211447417736,0.16086408169940114,0.3,6.235557556152344,8.402998679484067e-07,0.09059656218402427
8970,0.0647927165031433,0.2294423796236515,0.015802912414073944,0.3950726345181465,0.17019197209738196,0.6,2.405702590942383,8.398958533942135e-07,0.09069767441860466
8980,0.07565541751682758,0.22725048065185546,0.020341578125953674,0.5085397034883499,0.16703650811687112,0.4,1.0432587487230194e-06,8.394914258345083e-07,0.09079878665318504
8990,-0.0169035192579031,0.29381608590483665,0.027403217554092408,0.6850802216678857,0.17062862210441382,0.5,5.558625844059861e-07,8.390865857607088e-07,0.09089989888776542
9000,0.33734849728643895,0.26462212931364776,0.07059075236320496,1.7647689558565616,0.14651510391850026,0.4,0.11911916732788086,8.386813336647338e-07,0.0910010111223458
9010,0.05650456547737122,0.21353701129555702,0.008257691562175751,0.4858902830630541,0.11963746147230267,0.7,14.719889640808105,8.382756700390029e-07,0.09110212335692619
9020,0.1470667950809002,0.19844905585050582,0.016457468271255493,0.6312409326434135,0.14961310365470126,0.4,0.0005426740390248597,8.378695953764355e-07,0.09120323559150657
9030,0.08078653048723936,0.24016234762966632,0.018122723698616026,0.4530680041760206,0.1667857478139922,0.6,3.070734965149313e-05,8.374631101704508e-07,0.09130434782608696
9040,0.03971962798386812,0.060470326244831084,0.024280309677124023,0.6182951401919127,0.15788749433122576,0.6,1.5038395758892875e-05,8.370562149149665e-07,0.09140546006066734
9050,0.11956370323896408,0.31145622208714485,0.02345465123653412,0.586365969851613,0.1481737658381462,0.5,3.285060529378825e-06,8.366489101043988e-07,0.09150657229524772
9060,-0.09399117417633533,0.13409373909235,0.019268009066581725,0.481700174510479,0.13371012138668448,0.5,7.072030143717711e-07,8.362411962336613e-07,0.0916076845298281
9070,0.04875875115394592,0.03763954937458038,0.02542652189731598,0.6414932180196047,0.10105125987902283,0.8,8.36020433325757e-07,8.35833073798165e-07,0.09170879676440849
9080,0.107775217294693,0.1266975909471512,0.0080998994410038,0.20249754302203654,0.13367638473864646,0.5,2.221909761428833,8.35424543293817e-07,0.09180990899898887
9090,0.22032488249242305,0.19526064805686474,0.020047350227832793,0.5011838849633932,0.18190484633669257,0.3,0.013565970584750175,8.350156052170205e-07,0.09191102123356926
9100,0.04762803874909878,0.07910643070936203,0.034329891204833984,0.8702736081555486,0.18137641854118555,0.5,12.470651626586914,8.346062600646737e-07,0.09201213346814964
9110,-0.037602202594280244,0.09741184264421462,0.013202318549156189,0.33005788214504717,0.15866948263719677,0.6,5.341899394989014,8.341965083341696e-07,0.09211324570273004
9120,0.2505592405796051,0.42274762988090514,0.016780470311641694,0.4195112053304911,0.11587156453169882,0.6,8.481117674818961e-07,8.337863505233953e-07,0.09221435793731042
9130,-0.04595858883112669,0.4179666072130203,0.02725659906864166,0.5822015665471554,0.22798549274448304,0.3,21.30788230895996,8.333757871307309e-07,0.0923154701718908
9140,0.0676793159916997,0.30502171739935874,0.01054602414369583,0.2636504519730806,0.2139065352268517,0.4,7.386015204247087e-05,8.329648186550499e-07,0.09241658240647119
9150,0.09975728914141654,0.19628899171948433,0.026829296350479127,0.670731519535184,0.17607025508768856,0.6,0.002824418479576707,8.325534455957179e-07,0.09251769464105157
9160,0.04750812305137515,0.23226587194949389,0.014909766614437103,0.37274398319423196,0.2046518585528247,0.5,0.0008872012258507311,8.321416684525916e-07,0.09261880687563195
9170,0.1539459154009819,0.1729819357395172,0.005113712325692177,0.21718927845358849,0.10664911977946759,0.6,4.330765724182129,8.317294877260193e-07,0.09271991911021234
9180,0.08942338800989091,0.21841871086508036,0.012247554212808608,0.306189039349556,0.17007161877118052,0.6,15.342628479003906,8.313169039168393e-07,0.09282103134479272
9190,0.03976317048072815,0.13697703182697296,0.021474181115627287,0.48084833677858113,0.1778220001142472,0.5,1.884316325187683,8.309039175263799e-07,0.0929221435793731
9200,0.012991664279252291,0.08159930602414533,0.017699466645717622,0.39913197569549086,0.2163960974663496,0.3,4.877713308815146e-07,8.304905290564585e-07,0.09302325581395349
9210,0.09110856056213379,0.12073931992053985,0.002620215527713299,0.06550530530512333,0.12796070440672339,0.7,6.622171401977539,8.300767390093812e-07,0.09312436804853387
9220,0.30828180685639384,0.2837423296645284,0.017117303609848023,0.42793259061872957,0.19689041818492115,0.4,17.8408260345459,8.296625478879416e-07,0.09322548028311425
9230,0.05967299528419971,0.05812373906373978,0.010926816612482071,0.2731704443693161,0.10063122289720923,0.8,5.816232260258403e-07,8.292479561954213e-07,0.09332659251769464
9240,-0.02303386041894555,0.339852474629879,0.01080094575881958,0.21508146971464157,0.19973109080456197,0.5,6.994504474278074e-06,8.288329644355882e-07,0.09342770475227502
9250,-0.024785430729389192,0.1343691647052765,0.0062396075576543805,0.1559903085231781,0.12368655500467866,0.8,0.006713773123919964,8.284175731126963e-07,0.0935288169868554
9260,0.21795017123222352,0.17672006636857987,0.029402944445610046,0.7350735235959291,0.14800550378859043,0.5,0.033406347036361694,8.280017827314853e-07,0.09362992922143579
9270,0.17725543277338146,0.2537582885473967,0.013892237842082978,0.3473057527095079,0.16747028373647482,0.5,1.9619042873382568,8.275855937971798e-07,0.09373104145601618
9280,-0.05811587274074555,0.08560648262500763,0.01138828620314598,0.2847072880715132,0.10250335341552272,0.8,0.05505065619945526,8.271690068154886e-07,0.09383215369059657
9290,-0.0671170299872756,0.32380022257566454,0.011927982419729232,0.3559634625911713,0.23445575220976025,0.3,25.016801834106445,8.26752022292604e-07,0.09393326592517695
9300,0.09655946495477111,0.10655522182350978,0.011372818797826766,0.284328093752265,0.17833885316504167,0.6,1.1283425092697144,8.263346407352016e-07,0.09403437815975733
9310,0.08130815625190735,0.26200865805149076,0.018709155917167663,0.4677290767431259,0.16615843488834797,0.6,20.122827529907227,8.259168626504393e-07,0.09413549039433772
9320,0.04933001324534416,0.12197597026824951,0.006813261657953262,0.1703315805643797,0.12227451872313395,0.6,3.329585075378418,8.254986885459571e-07,0.0942366026289181
9330,0.11404013298451901,0.20687337964773178,0.012224001437425613,0.3055903053536895,0.11324026444926857,0.4,7.230584621429443,8.250801189298758e-07,0.09433771486349848
9340,0.12269676998257636,0.207405748590827,0.022289690375328065,0.5572424009442329,0.17010270489845425,0.4,1.3696751594543457,8.246611543107966e-07,0.09443882709807887
9350,0.0887254498898983,0.15613548271358013,0.007649938762187958,0.19124855510890484,0.10486037519294769,0.7,15.144413948059082,8.242417951978018e-07,0.09453993933265925
9360,0.33735972866415975,0.33486983478069304,0.03291257619857788,0.8228144478052855,0.2392120636999607,0.2,9.673619270324707,8.238220421004516e-07,0.09464105156723963
9370,0.2921511739492416,0.5137997224926949,0.01796366721391678,0.6218631479889154,0.17666088339174166,0.3,0.00013855411089025438,8.234018955287859e-07,0.09474216380182002
9380,0.10052712634205818,0.16851011887192727,0.017092062532901763,0.4273018129169941,0.14611287342850118,0.5,17.738588333129883,8.229813559933223e-07,0.0948432760364004
9390,0.2659591317176819,0.2284558445215225,0.011513133347034455,0.5336547441780567,0.0987826751312241,0.3,7.072584935485793e-07,8.225604240050559e-07,0.09494438827098078
9400,0.06848034858703614,0.058371128886938094,0.013508741557598115,0.3377184722572565,0.09505561181576923,0.7,2.802439098559262e-07,8.22139100075459e-07,0.09504550050556117
9410,0.09902993366122245,0.13661695271730423,0.028988465666770935,0.7247122205793858,0.18625554360914975,0.6,6.718481540679932,8.217173847164798e-07,0.09514661274014155
9420,0.044516129046678544,0.2817937135696411,0.02110447734594345,0.5276120450347662,0.18043541859369724,0.5,2.4543708150304155e-06,8.212952784405422e-07,0.09524772497472195
9430,0.1261026680469513,0.1407959840260446,0.007935965061187744,0.19839920289814472,0.1762268680613488,0.3,12.510493278503418,8.208727817605451e-07,0.09534883720930233
9440,0.1440805584192276,0.1383732110261917,0.020128968358039855,0.5032243259251118,0.13740402112016453,0.6,9.288263320922852,8.204498951898618e-07,0.09544994944388271
9450,-0.02951285373419523,0.08251910638064146,0.014062562584877014,0.3553338348865509,0.13902982794679702,0.7,2.529776975279674e-05,8.200266192423394e-07,0.0955510616784631
9460,0.03621764406561852,0.07783062197268009,0.012462252378463745,0.31155639961361886,0.13487876136787236,0.7,1.1327500942570623e-05,8.196029544322981e-07,0.09565217391304348
9470,0.014880439639091492,0.17475198060274125,0.0058199804276227955,0.14549977593123914,0.1427403000416234,0.7,7.654535920664784e-07,8.191789012745305e-07,0.09575328614762386
9480,0.10355217009782791,0.08925004005432129,0.018537141382694244,0.46342860870063307,0.10709160228725523,0.6,5.733299985877238e-07,8.187544602843014e-07,0.09585439838220425
9490,0.15827484723413363,0.14357453719712793,0.036136198043823245,0.6140827184543014,0.18045495578553528,0.5,4.0574493408203125,8.183296319773465e-07,0.09595551061678463
9500,-0.03974555134773254,0.040851441025733945,0.013679972290992737,0.3419994305819273,0.1138605005806312,0.7,3.0067996978759766,8.17904416869872e-07,0.09605662285136501
9510,0.025092814257368444,0.15859029050916434,0.017278601229190827,0.5711256716400385,0.19983884301036597,0.5,7.64830190291832e-07,8.174788154785547e-07,0.0961577350859454
9520,0.05726106688380241,0.10714366137981415,0.01609095335006714,0.4022740226238966,0.10047569674206898,0.8,2.3863676688051783e-06,8.170528283205402e-07,0.09625884732052578
9530,0.09262692695483565,0.15552838081493975,0.016355310380458832,0.40888304375112056,0.16990016419440507,0.5,0.08577369898557663,8.166264559134434e-07,0.09635995955510616
9540,0.12503999136388302,0.4100667467340827,0.018765293061733246,0.46913229711353777,0.23951722206547857,0.3,2.6879870891571045,8.161996987753465e-07,0.09646107178968655
9550,0.09641316086053849,0.09210407454520464,0.022082488238811492,0.5520618427544832,0.12669811939122155,0.5,0.14326995611190796,8.157725574248e-07,0.09656218402426693
9560,0.12119892463088036,0.08612911850214004,0.019708892703056334,0.4830238834023476,0.08420131104066968,0.7,0.0023513652849942446,8.153450323808209e-07,0.09666329625884731
9570,0.0,0.0,0.012105849385261536,0.3026463821530342,0.06452757199294865,1.0,2.281424031025381e-06,8.149171241628923e-07,0.09676440849342771
9580,0.08433228135108947,0.1255537809804082,0.017788422107696534,0.4447105072438717,0.14411314399912953,0.6,1.085600733757019,8.14488833290963e-07,0.0968655207280081
9590,0.03028123266994953,0.13807032480835915,0.011306297779083253,0.2826576091349125,0.21518377964384855,0.3,0.6883947253227234,8.14060160285447e-07,0.09696663296258848
9600,0.20964458733797073,0.1359526589512825,0.00417693592607975,0.39018967300653457,0.10950699613895268,0.6,0.042527563869953156,8.136311056672223e-07,0.09706774519716886
9610,-0.03655492849647999,0.045561987161636355,0.011717094480991364,0.29292716942727565,0.12227631993591785,0.7,4.644618627480668e-07,8.132016699576307e-07,0.09716885743174924
9620,0.010362212918698788,0.03832376203499734,0.005428736284375191,0.13571853563189507,0.08537443131208419,0.8,2.2853491827845573e-06,8.127718536784771e-07,0.09726996966632963
9630,0.002550458163022995,0.10224744975566864,0.017096054553985596,0.3855119364336133,0.12098015691153705,0.7,1.1278746114840033e-06,8.123416573520289e-07,0.09737108190091001
9640,0.10444443821907043,0.19737962484359742,0.011461171507835387,0.2865293178707361,0.14491360215470195,0.7,7.45427131652832,8.119110815010151e-07,0.0974721941354904
9650,-0.0077822977676987645,0.036052316427230835,0.002599366568028927,0.10713581629097461,0.0947893971344456,0.8,3.3876829147338867,8.11480126648626e-07,0.09757330637007078
9660,0.20732996836304665,0.1526135601103306,-0.01136079803109169,0.2536946814507246,0.12355152379022911,0.6,3.542512893676758,8.110487933185121e-07,0.09767441860465116
9670,0.06381017565727234,0.26351757124066355,0.005790458619594574,0.14476160369813443,0.12280145693803206,0.6,4.301717126509175e-05,8.106170820347847e-07,0.09777553083923154
9680,0.2015997938811779,0.325084737688303,0.02315555661916733,0.5788893159478903,0.1904906255658716,0.4,1.8535050912760198e-05,8.101849933220132e-07,0.09787664307381193
9690,0.2795591428875923,0.23188459277153015,0.004953765869140625,0.3151271384209394,0.13031606054864825,0.4,0.015465005300939083,8.097525277052263e-07,0.09797775530839231
9700,0.17174795158207418,0.2560447260737419,0.01730116754770279,0.4325291685760021,0.2153985416982323,0.4,0.051440395414829254,8.093196857099105e-07,0.0980788675429727
9710,0.30098392963409426,0.31029788553714754,0.02629559636116028,0.6782982610166073,0.17334333884064107,0.4,0.04389762133359909,8.088864678620096e-07,0.09817997977755308
9720,0.27407108545303344,0.20185924842953681,0.024562171101570128,0.6140551172196865,0.11126432137098163,0.6,4.509083737502806e-06,8.084528746879242e-07,0.09828109201213346
9730,0.12510070949792862,0.16770323663949965,0.02331974506378174,0.6839828543365002,0.14492258991813287,0.6,0.0025111602153629065,8.080189067145106e-07,0.09838220424671386
9740,0.037305861711502075,0.09748102519661188,0.008863920718431473,0.2215980913490057,0.13386110635474324,0.6,0.4923945367336273,8.075845644690813e-07,0.09848331648129424
9750,0.061138832056894896,0.03578118262812495,0.01975541263818741,0.4938861258327961,0.11110923397354781,0.8,0.01226865965873003,8.071498484794029e-07,0.09858442871587463
9760,0.026075686141848565,0.04514173613861203,0.012906499207019806,0.3226623464375734,0.11601944995345548,0.8,1.3370953411140363e-06,8.067147592736962e-07,0.09868554095045501
9770,0.08030323004350066,0.07534816497936844,0.014015997946262359,0.3504002269357443,0.08718480303650722,0.8,7.417668825837609e-07,8.062792973806356e-07,0.09878665318503539
9780,0.07022253256291151,0.07713392041623593,0.014541034400463105,0.36352566331624986,0.1513147633173503,0.6,0.0008777172188274562,8.058434633293485e-07,0.09888776541961578
9790,0.2396305799484253,0.3120208591222763,0.031404337286949156,0.7851084187626839,0.177855232777074,0.4,0.00010841396579053253,8.054072576494142e-07,0.09898887765419616
9800,0.14655284534674137,0.10602289743255824,0.02084386646747589,0.5211019523441791,0.1371554215089418,0.6,0.03590225428342819,8.049706808708639e-07,0.09908998988877654
9810,-0.006695776432752609,0.006098781526088714,0.007561417669057846,0.18903555274009703,0.05969514541793615,0.9,1.2028368701066938e-06,8.045337335241793e-07,0.09919110212335693
9820,0.12024218253791333,0.3831895425915718,0.019973541796207427,0.49933873526751993,0.21031033992767334,0.4,1.0316373391106026e-06,8.040964161402931e-07,0.09929221435793731
9830,0.06157434582710266,0.08943224102258682,0.01835100054740906,0.45877509377896786,0.09044912438839674,0.8,0.023173805326223373,8.036587292505868e-07,0.09939332659251769
9840,0.17113729268312455,0.1807444080710411,0.01610524356365204,0.40263125076889994,0.10162872502114624,0.6,9.593514442443848,8.032206733868911e-07,0.09949443882709808
9850,-0.1378136657178402,0.3025485496968031,0.016074761748313904,0.4018691089004278,0.2361243073362857,0.3,5.660386085510254,8.027822490814857e-07,0.09959555106167846
9860,-0.0069813340902328495,0.19734962657094002,0.023414216935634613,0.6115471541881561,0.15542473876848817,0.6,0.0007255531381815672,8.023434568670971e-07,0.09969666329625884
9870,0.11302515268325805,0.1619180917739868,0.02095225602388382,0.5238063883036375,0.13993885794188826,0.6,2.59935427493474e-06,8.019042972768991e-07,0.09979777553083923
9880,-0.029460111260414125,0.32012705206871034,0.01286875456571579,0.33690236024558545,0.18085607269313186,0.5,70.14786529541016,8.014647708445124e-07,0.09989888776541962
9890,0.16718567900825293,0.12070885031134822,0.029475221037864686,0.7368804298341274,0.18042313184123487,0.3,0.008071036078035831,8.010248781040027e-07,0.1
9900,0.08672980517148972,0.06326261162757874,0.013093225657939911,0.32733085863292216,0.08300100578926503,0.7,1.3118690276314737e-06,8.005846195898813e-07,0.10010111223458039
9910,-0.15870091021060945,0.3170848559588194,-0.007706408202648163,0.18040274791419506,0.089245279727038,0.6,0.0010124240070581436,8.001439958371039e-07,0.10020222446916077
9920,0.1613462410867214,0.21793830394744873,0.02189525216817856,0.5472138887969777,0.17156032760394738,0.5,9.11761731003935e-07,7.997030073810698e-07,0.10030333670374116
9930,-0.002761145681142807,0.012840387970209121,0.018021270632743835,0.4505317255854607,0.1330524488235824,0.8,0.0042210849933326244,7.992616547576217e-07,0.10040444893832154
9940,-0.005385255813598633,0.0689152492210269,0.0211996927857399,0.6332458104938269,0.1719711858779192,0.7,0.0922561064362526,7.988199385030444e-07,0.10050556117290192
9950,0.2814694222062826,0.2140686795115471,0.031045687198638917,0.7761420629918575,0.10685244156047702,0.6,0.014711463823914528,7.98377859154065e-07,0.1006066734074823
9960,0.12371170595288276,0.2173065809533,0.028053233027458192,0.7013310510665178,0.18618167724926024,0.4,28.852277755737305,7.979354172478515e-07,0.10070778564206269
9970,0.09831415340304375,0.13035803688690067,0.016277100145816802,0.4151526350528002,0.17256772201508283,0.5,7.037320756353438e-05,7.974926133220126e-07,0.10080889787664307
9980,0.03390878662467003,0.05555418655276299,0.01620239168405533,0.40505975522100923,0.1255603830795735,0.7,1.0590660572052002,7.970494479145967e-07,0.10091001011122346
9990,0.0704315785318613,0.07492163851857185,0.009718836843967437,0.2429712675511837,0.10017434385372326,0.7,3.3108127117156982,7.966059215640918e-07,0.10101112234580384
10000,-0.11635060710832476,0.22898776903748513,0.02544437050819397,0.62344018407166,0.21963819290976971,0.3,7.4493043939583e-05,7.96162034809424e-07,0.10111223458038422
10010,0.17052998151630164,0.19386350736021996,0.04093886911869049,0.8121819058433175,0.13752643938641995,0.4,1.0652738809585571,7.957177881899577e-07,0.1012133468149646
10020,-0.055944645404815675,0.0319683700799942,0.00483938567340374,0.12098463028669357,0.07328807157464326,0.9,0.018999332562088966,7.952731822454943e-07,0.10131445904954499
10030,0.1307143780402839,0.5314892027992755,0.019038355350494383,0.6445421576499939,0.2687262619845569,0.1,94.65675354003906,7.948282175162722e-07,0.10141557128412539
10040,0.05465294718742371,0.031230255961418152,0.011245283484458923,0.2855871519073844,0.07303528471384198,0.9,1.0547959163886844e-06,7.943828945429651e-07,0.10151668351870577
10050,0.008653267472982406,0.28132036589086057,0.024746869504451752,0.625807486474514,0.26822823099792004,0.2,1.0240139961242676,7.939372138666827e-07,0.10161779575328615
10060,0.11160031594336033,0.12729151919484138,0.027188995480537416,0.6797245107591152,0.19424737035296857,0.3,0.00044294510735198855,7.934911760289691e-07,0.10171890798786654
10070,0.1349328308366239,0.18216107375919818,0.014282813668251038,0.35707067474722864,0.18295581956626847,0.5,1.0450405170558952e-05,7.930447815718021e-07,0.10182002022244692
10080,0.28045970648527146,0.3263587236404419,0.02808545231819153,0.7021363861858845,0.1752185391727835,0.4,22.845958709716797,7.925980310375932e-07,0.1019211324570273
10090,0.06845810427330434,0.08886946104466915,0.022148729860782625,0.5537182554602623,0.16643959186039864,0.6,1.958351492881775,7.921509249691864e-07,0.10202224469160769
10100,0.05705256760120392,0.0739702045917511,0.011729729175567628,0.2932433485984802,0.07659909912617877,0.8,0.00023711301037110388,7.917034639098577e-07,0.10212335692618807
10110,-0.11008993312716484,0.2876939117908478,0.018279825150966645,0.3539449082076317,0.14610295079182833,0.6,20.694286346435547,7.912556484033146e-07,0.10222446916076845
10120,0.13003351185470818,0.1672589556314051,0.030782774090766907,0.769569830223918,0.15487386749591678,0.4,25.113265991210938,7.908074789936951e-07,0.10232558139534884
10130,0.018016666173934937,0.2010950544849038,0.03241225779056549,0.8221557918936014,0.1418992103310302,0.5,0.011273247189819813,7.903589562255672e-07,0.10242669362992922
10140,0.2517018862068653,0.23314330652356147,0.0032769400626420976,0.62397116497159,0.12825392968952656,0.5,0.21909300982952118,7.899100806439285e-07,0.1025278058645096
10150,-0.011001432687044144,0.20900971833616494,0.04284268021583557,1.07106698974967,0.19181040097028018,0.4,0.5409798622131348,7.894608527942049e-07,0.10262891809908999
10160,0.3555711001157761,0.2687586732208729,0.038233581185340884,0.9558390345424413,0.12418916828464717,0.5,0.03369231894612312,7.890112732222509e-07,0.10273003033367037
10170,0.20739977732300757,0.16301662474870682,0.00697060227394104,0.48818163499236106,0.15450672724982722,0.4,4.317397594451904,7.88561342474348e-07,0.10283114256825075
10180,0.399616872984916,0.3791899424046278,0.03461137413978577,0.8652843747287988,0.19157046970212832,0.3,1.011932134628296,7.881110610972044e-07,0.10293225480283114
10190,0.03316365480422974,0.11702057421207428,0.015777294337749482,0.4617437556385994,0.17686854035127908,0.5,0.0018142424523830414,7.876604296379543e-07,0.10303336703741153
10200,0.2670211798045784,0.21148801879025997,0.02641621232032776,0.8232386976480484,0.1429083587601781,0.5,0.040680769830942154,7.872094486441578e-07,0.10313447927199192
10210,0.056734326854348184,0.0633443385362625,0.03316347599029541,0.8578110430389643,0.137276289134752,0.6,1.2550407648086548,7.86758118663799e-07,0.1032355915065723
10220,0.01522926650941372,0.04645326491445303,0.02072616070508957,0.5181542914360762,0.160596438893117,0.5,7.939504146575928,7.863064402452866e-07,0.10333670374115268
10230,0.026624274253845216,0.06577022485435009,0.016178204119205473,0.40445528998970987,0.12314251898787916,0.8,0.09855140000581741,7.858544139374523e-07,0.10343781597573307
10240,0.023239340307191013,0.03560277782380581,0.006043703481554985,0.15109260380268097,0.11829123916104436,0.8,0.00028743076836690307,7.854020402895507e-07,0.10353892821031345
10250,0.13486607521772384,0.18149874676018954,0.020537848770618438,0.5209372777491807,0.21067722931038588,0.3,17.593578338623047,7.849493198512587e-07,0.10364004044489383
10260,-0.017314382642507554,0.2375926211476326,0.010581211745738983,0.2645304400473833,0.17900453521870077,0.6,1.2042323760397267e-06,7.844962531726739e-07,0.10374115267947422
10270,0.14366500140167773,0.3661758776754141,0.021404746174812316,0.5351186417043209,0.1907841274747625,0.3,12.592659950256348,7.840428408043154e-07,0.1038422649140546
10280,0.19978801868855953,0.21976205557584763,0.023568505048751832,0.5892127551138401,0.17177178347483277,0.4,1.1397267580032349,7.835890832971217e-07,0.10394337714863498
10290,0.1582621842622757,0.1532088667154312,0.029794442653656005,0.7448610212653876,0.14856058002915234,0.7,0.23752708733081818,7.831349812024512e-07,0.10404448938321537
10300,0.17239293828606606,0.1618055894970894,0.013514815270900727,0.5799031119793654,0.1385589673416689,0.3,3.432565450668335,7.826805350720807e-07,0.10414560161779575
10310,-0.025013800710439682,0.11408988982439042,0.024312493205070496,0.6078121777623892,0.17427152537275106,0.6,8.80698299407959,7.822257454582048e-07,0.10424671385237613
10320,0.003547392785549164,0.00905698761343956,0.014151595532894135,0.3537899048998952,0.09484605157049372,0.9,0.014545830897986889,7.817706129134363e-07,0.10434782608695652
10330,0.20447800755500795,0.27809443771839143,0.015177085995674133,0.6208324167877436,0.15171497866977007,0.5,10.198578834533691,7.813151379908037e-07,0.1044489383215369
10340,0.047553052008152005,0.04839542582631111,0.004840036481618881,0.12557778805494307,0.11050141641171649,0.8,1.3260623745736666e-06,7.808593212437522e-07,0.1045500505561173
10350,-0.18573982138186693,0.18768117874860762,0.0042906954884529116,0.10726726241409779,0.14898582836613058,0.5,1.5202050462903571e-06,7.80403163226142e-07,0.10465116279069768
10360,0.04471358954906464,0.07686224058270455,0.018782716989517213,0.4695679474622011,0.13894604167435318,0.7,1.4202084912540158e-06,7.799466644922483e-07,0.10475227502527806
10370,0.2936504602432251,0.5899785488843918,0.021787068247795104,0.544676649197936,0.1840259869582951,0.3,26.767868041992188,7.794898255967602e-07,0.10485338725985845
10380,0.004736409336328506,0.07792233377695083,0.011815937608480454,0.40175320990383623,0.136977802880574,0.6,6.57493292237632e-05,7.790326470947794e-07,0.10495449949443883
10390,-0.03153616711497307,0.22231068536639215,0.01355374902486801,0.3388440988957882,0.14844904420897365,0.5,1.8412827253341675,7.785751295418216e-07,0.10505561172901921
10400,0.049643509276211265,0.11202509738504887,0.02739255428314209,0.7062212791293859,0.25881617872510104,0.2,1.0292890071868896,7.781172734938135e-07,0.1051567239635996
10410,0.08369004735723137,0.19021695889532567,0.0292778879404068,0.7319473255425691,0.15364145850762725,0.5,1.5090289115905762,7.776590795070932e-07,0.10525783619817998
10420,0.1854619301855564,0.2390337124466896,0.028712981939315797,0.6986162375658751,0.15562011781148613,0.4,21.10439109802246,7.772005481384099e-07,0.10535894843276036
10430,0.4002410497516394,0.47970967516303065,0.02802901268005371,0.700725331529975,0.17588819628581404,0.3,22.834686279296875,7.767416799449222e-07,0.10546006066734075
10440,-0.11940553039312363,0.16809426471590996,0.002474731206893921,0.061868246644735336,0.14341263438109308,0.6,7.591073989868164,7.762824754841984e-07,0.10556117290192113
10450,0.32852052301168444,0.18772600963711739,0.022964280843734742,0.6199957069009543,0.07865775257814675,0.7,7.720202445983887,7.758229353142152e-07,0.10566228513650151
10460,0.09525691792368889,0.12644271552562714,0.00908340811729431,0.22708510421216488,0.11350943667348475,0.7,5.160561613593018e-07,7.75363059993357e-07,0.1057633973710819
10470,0.13281506970524787,0.2573430992662907,0.024815297126770018,0.6203824006021023,0.1365541329025291,0.5,0.28412631154060364,7.74902850080416e-07,0.10586450960566228
10480,0.1242920108139515,0.07448671832680702,0.024684447050094604,0.617111112549901,0.0672876002965495,0.7,4.6297783851623535,7.744423061345905e-07,0.10596562184024266
10490,0.05108654499053955,0.07360711023211479,0.017833155393600465,0.42688831612467765,0.16212270334362983,0.7,0.15340639650821686,7.739814287154849e-07,0.10606673407482306
10500,0.04808088317513466,0.08045981414616107,0.012188209593296051,0.30470538437366484,0.13173854219494388,0.6,7.902952461336099e-07,7.735202183831084e-07,0.10616784630940344
10510,0.05589899253100157,0.04373718509450555,0.010493194311857223,0.2955115869641304,0.1319453247007914,0.5,0.03778636083006859,7.730586756978756e-07,0.10626895854398383
10520,0.10419577741995453,0.13436195477843285,0.019512633979320525,0.4878159411251545,0.17094229150097817,0.5,1.358886720481678e-06,7.725968012206039e-07,0.10637007077856421
10530,0.19945701267570257,0.2707149464637041,0.01728673279285431,0.43216851688921454,0.21019309354014695,0.3,18.062625885009766,7.721345955125146e-07,0.1064711830131446
10540,0.18095162846148014,0.1584544714540243,0.023810362815856932,0.5952590558677912,0.12492403517244384,0.6,6.7514495849609375,7.716720591352311e-07,0.10657229524772498
10550,0.13919751634821295,0.20589743107557296,0.02868419587612152,0.7171051580458879,0.18479335515294223,0.4,0.20751553773880005,7.712091926507787e-07,0.10667340748230536
10560,0.0544142872095108,0.2110278069972992,0.010920064896345139,0.2730014886707067,0.14741522115655242,0.5,3.846038341522217,7.707459966215839e-07,0.10677451971688574
10570,0.1485116884112358,0.1590351141989231,0.016335345804691315,0.40838363766670227,0.11713310456834733,0.7,2.653627872467041,7.702824716104735e-07,0.10687563195146613
10580,0.11439715772867202,0.25993820279836655,0.029821360111236574,0.7455338481813669,0.15283658127300442,0.4,0.04108399525284767,7.698186181806743e-07,0.10697674418604651
10590,0.1121395282447338,0.11854202654212713,0.001553180068731308,0.3561977606266737,0.15625904516782613,0.4,14.96528434753418,7.693544368958116e-07,0.1070778564206269
10600,0.1836155578494072,0.13189703226089478,0.0105687715113163,0.17836893685162067,0.10760809642961248,0.7,7.747627819298941e-07,7.688899283199096e-07,0.10717896865520728
10610,-0.03560929992236197,0.1741059180814773,0.018675589561462404,0.46688966676592825,0.19751904923468827,0.4,0.7713015079498291,7.684250930173901e-07,0.10728008088978766
10620,0.3967795580625534,0.2735851496458054,0.024368128180503844,0.36278968676924706,0.13984412018908188,0.6,9.509672622698417e-07,7.679599315530717e-07,0.10738119312436804
10630,0.21325642615556717,0.23430589139461516,0.017892906069755556,0.4532931916415691,0.18394421162083746,0.4,4.374176502227783,7.674944444921695e-07,0.10748230535894843
10640,0.10626149775926023,0.0632552171126008,0.015332239866256713,0.3833061009645462,0.12698565133614464,0.6,0.022086042910814285,7.670286324002942e-07,0.10758341759352881
10650,0.07622882963623852,0.1127523940987885,0.023664017021656037,0.44895744348468725,0.12858927908819168,0.6,7.942935553728603e-07,7.665624958434514e-07,0.10768452982810921
10660,0.09201545463874936,0.17381093502044678,0.04701051414012909,0.831474932283163,0.15152689297683536,0.5,8.031548759390716e-07,7.660960353880409e-07,0.10778564206268959
10670,0.0,0.0,0.00788422003388405,0.1971062771975994,0.062483653530944136,1.0,1.559202246426139e-06,7.656292516008562e-07,0.10788675429726997
10680,0.13473763167858124,0.22086510807275772,0.01057477667927742,0.26436969377100467,0.15685618133284152,0.6,3.5498743057250977,7.651621450490837e-07,0.10798786653185036
10690,0.2528802642598748,0.28916209265589715,0.010487624257802964,0.5884041838347912,0.12523000315995886,0.4,22.742137908935547,7.646947163003016e-07,0.10808897876643074
10700,0.062326230108737946,0.14571752548217773,0.021370160579681396,0.7259468842297793,0.10590553623624147,0.8,0.014092217199504375,7.642269659224803e-07,0.10819009100101112
10710,0.0,0.0,0.0032100290060043334,0.08025083914399148,0.06802271223859861,1.0,2.761988616839517e-05,7.637588944839802e-07,0.10829120323559151
10720,0.0023814834654331206,0.015951208118349314,0.011653649061918259,0.2913417346775532,0.13653775651473551,0.7,0.001181697123683989,7.632905025535528e-07,0.10839231547017189
10730,0.10078887045383453,0.10531782787293195,0.0038594968616962435,0.32497779503464697,0.1429061030037701,0.6,0.04667407646775246,7.628217907003378e-07,0.10849342770475227
10740,0.20850203186273575,0.32712153494358065,0.021672385931015014,0.5418098147958517,0.1675374843645841,0.5,0.0048988210037350655,7.623527594938648e-07,0.10859453993933266
10750,-0.0663390725851059,0.2826580941677094,0.010081341117620468,0.2520334079861641,0.11280318308854476,0.8,1.0282999483024469e-06,7.618834095040507e-07,0.10869565217391304
10760,0.2556543543934822,0.37527762316167357,0.028188270330429078,0.7047067414969206,0.2369037698255852,0.2,5.588403224945068,7.614137413012e-07,0.10879676440849342
10770,0.052610627561807635,0.21539499759674072,0.013028699159622192,0.17135656662285328,0.15218860970344394,0.7,2.876166945497971e-06,7.609437554560041e-07,0.10889787664307381
10780,-0.013942280411720276,0.2246671736240387,0.01651553064584732,0.4128882374614477,0.1884868336841464,0.5,0.35303881764411926,7.604734525395398e-07,0.10899898887765419
10790,0.24075553566217422,0.25732172140851617,0.017817668616771698,0.4454416215419769,0.14148488687351346,0.4,1.6635981798171997,7.600028331232697e-07,0.10910010111223457
10800,-0.032897680252790454,0.10579054243862629,0.008285734057426452,0.20714359283447265,0.16024046852253376,0.6,0.00032680746517144144,7.595318977790407e-07,0.10920121334681497
10810,-0.031832138821482656,0.4163264287635684,0.01909348964691162,0.4925153680145741,0.20405858351150527,0.3,32.78377914428711,7.590606470790835e-07,0.10930232558139535
10820,-0.019595685601234435,0.32652366124093535,0.0167598694562912,0.5202793590724468,0.200185116706416,0.5,16.752023696899414,7.585890815960124e-07,0.10940343781597574
10830,0.45458335876464845,0.3234676316380501,0.02917080223560333,0.9981718961149454,0.11851756612304598,0.5,9.33132266998291,7.581172019028236e-07,0.10950455005055612
10840,0.0983798161149025,0.17559268176555634,0.026242387294769288,0.6493293397128582,0.16563542848452925,0.5,2.4080113689706195e-06,7.576450085728958e-07,0.1096056622851365
10850,0.10955817829817534,0.12258750349283218,0.0217106893658638,0.5427671737968922,0.13187316281255335,0.6,1.0251514911651611,7.571725021799884e-07,0.10970677451971689
10860,0.14245103150606156,0.24055113941431044,0.02479882687330246,0.6199709653854371,0.14933211917523295,0.6,8.195689815693186e-07,7.566996832982408e-07,0.10980788675429727
10870,0.002635025978088379,0.10806445330381394,0.032421994209289554,0.8185893341898918,0.12569280317984521,0.7,7.776275197102223e-06,7.562265525021729e-07,0.10990899898887765
10880,0.14549114586552606,0.11562583819031716,0.029674988985061646,0.7418746553361416,0.15924736519809812,0.4,6.514529705047607,7.557531103666832e-07,0.11001011122345804
10890,0.16932032853364945,0.23267088308930398,0.023633618652820588,0.5932760369032621,0.20521724622230977,0.4,3.915914297103882,7.552793574670484e-07,0.11011122345803842
10900,-0.006908708810806274,0.1686647953465581,0.01697242259979248,0.4243108034133911,0.1852239505155012,0.3,1.6568748950958252,7.548052943789229e-07,0.1102123356926188
10910,0.10084650069475173,0.13716081231832505,0.004754282906651497,0.11885720230638981,0.10066012456081808,0.7,2.508210400264943e-06,7.543309216783384e-07,0.11031344792719919
10920,0.1008816808462143,0.17576171159744264,0.014806589484214783,0.37016478180885315,0.09719563398975879,0.8,16.72545623779297,7.53856239941702e-07,0.11041456016177957
10930,-0.04795423671603203,0.15994651913642882,0.015316055715084076,0.38290193788707255,0.14140251267235726,0.7,1.3866825103759766,7.533812497457971e-07,0.11051567239635995
10940,0.4486117362976074,0.310839157551527,0.014703479409217835,1.0747306471690536,0.1348187469993718,0.3,0.005604625679552555,7.529059516677814e-07,0.11061678463094034
10950,0.03132515363395214,0.07057135067880153,0.01678469926118851,0.41961749345064164,0.154245139262639,0.6,0.486763060092926,7.52430346285187e-07,0.11071789686552073
10960,-0.0411120523349382,0.1055261867120862,0.013247281312942505,0.3311819862574339,0.12990290506277233,0.8,1.593321681022644,7.519544341759192e-07,0.11081900910010112
10970,0.25120456218719484,0.15268528759479522,0.02490650415420532,0.6226626593619585,0.095748072094284,0.7,1.2561333733174251e-06,7.514782159182561e-07,0.1109201213346815
10980,0.08424005610868335,0.2191855601966381,0.02821202278137207,0.7053008623421192,0.16637195741059257,0.4,0.1185368224978447,7.51001692090848e-07,0.11102123356926188
10990,0.29666185528039934,0.21281731594353914,0.0203200101852417,0.7546436380594969,0.12456193321850151,0.5,7.916874408721924,7.505248632727158e-07,0.11112234580384227
11000,0.0310190811753273,0.19787104725837706,0.012647944688796996,0.3161986395716667,0.14073062286479399,0.6,0.018940908834338188,7.50047730043252e-07,0.11122345803842265
11010,0.0010114416480064392,0.008291354775428772,0.0109018474817276,0.26415605284273624,0.08963679312728345,0.9,0.10236299782991409,7.495702929822181e-07,0.11132457027300303
11020,0.10564754828810692,0.09622802007943392,0.014291071891784668,0.3572770468890667,0.07297377189388499,0.8,43.28953170776367,7.490925526697454e-07,0.11142568250758342
11030,0.13377982676029204,0.22488659024238586,0.019392740726470948,0.48481862209737303,0.13689156610053033,0.6,62.457706451416016,7.486145096863334e-07,0.1115267947421638
11040,0.05347461774945259,0.15008435994386674,0.007298489660024643,0.2122426714748144,0.11733515564119443,0.6,1.0084697805723408e-06,7.48136164612849e-07,0.11162790697674418
11050,-0.07761419080197811,0.1388404916971922,0.01297738254070282,0.3244346745312214,0.1502077180892229,0.7,9.82625424512662e-05,7.47657518030527e-07,0.11172901921132457
11060,-0.0034049499779939653,0.06908650510013103,0.018372273445129393,0.4593068189918995,0.1613547794171609,0.7,4.952175368089229e-05,7.471785705209681e-07,0.11183013144590495
11070,0.009371373057365417,0.023033327609300613,0.014561845362186432,0.36404658779501914,0.11620066824834793,0.8,9.376132084071287e-07,7.466993226661386e-07,0.11193124368048533
11080,0.04661821248009801,0.1572786712087691,0.018522921204566955,0.46307288184762,0.14250725652091206,0.6,30.387710571289062,7.462197750483698e-07,0.11203235591506572
11090,0.17329397946596145,0.36663880944252014,0.01600758880376816,0.4043437872081995,0.12057235824177041,0.5,3.6927216053009033,7.457399282503573e-07,0.1121334681496461
11100,0.17505893409252166,0.2252077803015709,0.019243240356445312,0.4990041974931955,0.1395009148051031,0.6,29.279794692993164,7.452597828551603e-07,0.1122345803842265
11110,-0.03297965340316296,0.09354432504624129,0.011531177908182144,0.1507377315312624,0.11832380291307346,0.7,8.85127519723028e-06,7.447793394462005e-07,0.11233569261880688
11120,0.055641622841358186,0.2593913212418556,0.01590496152639389,0.39070451371371745,0.13253889330662788,0.6,1.2566518989842734e-06,7.442985986072623e-07,0.11243680485338726
11130,0.198184569273144,0.289760797098279,0.035515546798706055,1.057854989171028,0.1933319855015725,0.4,0.006639291066676378,7.438175609224907e-07,0.11253791708796765
11140,-0.04091526372358203,0.08610641155391932,0.017050883173942565,0.426272189989686,0.12239287450211123,0.7,1.2693640201177914e-06,7.433362269763923e-07,0.11263902932254803
11150,0.17730047665536403,0.15590270161628722,0.02038624733686447,0.5096563044935465,0.1283313510590233,0.5,3.622119665145874,7.428545973538328e-07,0.11274014155712841
11160,0.2407238190062344,0.37231217622756957,0.03699427843093872,0.9248567301779985,0.2143888326594606,0.1,3.7562005519866943,7.42372672640038e-07,0.1128412537917088
11170,0.021633797883987428,0.027906760573387146,0.013483595848083497,0.33709006644785405,0.11126393604790792,0.9,0.005857651121914387,7.418904534205916e-07,0.11294236602628918
11180,0.0832271970808506,0.11906478852033615,0.013929104804992676,0.5230137817561626,0.12864220287883654,0.6,1.7450089444537298e-06,7.414079402814355e-07,0.11304347826086956
11190,0.11503221435705199,0.07703167544677854,0.005297096073627472,0.4414409600198269,0.15106544451555237,0.6,2.7772090435028076,7.409251338088687e-07,0.11314459049544995
11200,0.1292732210829854,0.25041719181463123,0.02390422523021698,0.5976058047264814,0.2447107216110453,0.2,14.911434173583984,7.404420345895465e-07,0.11324570273003033
11210,-0.1260187014937401,0.15605608969926835,0.011493876576423645,0.28734682202339173,0.18279579139780253,0.5,2.6848835945129395,7.399586432104803e-07,0.11334681496461071
11220,0.14793150648474693,0.2965348921716213,-0.010416720062494278,0.3904166083782911,0.17158867275575176,0.4,0.005251926835626364,7.394749602590358e-07,0.1134479271991911
11230,0.09846792062744499,0.19539304701611399,0.017875516414642335,0.446887931227684,0.15918344939127566,0.6,1.023047730086546e-06,7.389909863229336e-07,0.11354903943377148
11240,0.08234318769536912,0.12025535143911839,0.03003498911857605,0.7508746974170208,0.21404249049955978,0.3,0.4393504559993744,7.385067219902476e-07,0.11365015166835186
11250,0.19888575337827205,0.13618901744484901,0.014725318551063538,0.36813291646540164,0.11367297403048723,0.6,8.177985191345215,7.380221678494048e-07,0.11375126390293225
11260,0.1945982828736305,0.20097702145576476,0.030595457553863524,0.7648863371461629,0.0885378556093201,0.6,3.640321731567383,7.375373244891839e-07,0.11385237613751265
11270,-0.020321355015039445,0.09608504325151443,0.029068505764007567,0.7267126120626927,0.15352154071442783,0.5,0.8435335755348206,7.370521924987154e-07,0.11395348837209303
11280,0.20558926910161973,0.3270298846065998,0.0187110960483551,0.4677775174379349,0.137721057375893,0.5,4.915093898773193,7.365667724674806e-07,0.11405460060667341
11290,-0.07955069057643413,0.1431854223832488,0.014305782318115235,0.35764462873339653,0.16290091457776726,0.5,0.001102755544707179,7.360810649853104e-07,0.1141557128412538
11300,0.0055508740246295925,0.03094288855791092,0.023859161138534545,0.5999033492058515,0.13930214629508555,0.6,0.07255526632070541,7.355950706423852e-07,0.11425682507583418
11310,0.15529261529445648,0.31010393276810644,0.02994663119316101,0.7486656080931425,0.16397818254772573,0.4,25.395751953125,7.35108790029234e-07,0.11435793731041456
11320,0.1189263641834259,0.1331934191286564,0.02739872634410858,0.6849681712687016,0.14963814250659196,0.5,1.5691159963607788,7.346222237367338e-07,0.11445904954499495
11330,0.08389350026845932,0.158382548391819,0.01383511871099472,0.34587812051177025,0.15129456251161172,0.7,5.323658842826262e-05,7.341353723561081e-07,0.11456016177957533
11340,0.17809184351935983,0.3423906799405813,0.02299908548593521,0.6188480287790299,0.23098906885134057,0.3,2.1759588718414307,7.336482364789276e-07,0.11466127401415571
11350,0.22682306915521622,0.4961163982748985,0.028063833713531494,0.7015960771590471,0.1927755345706828,0.3,6.374969005584717,7.331608166971082e-07,0.1147623862487361
11360,0.1552390564698726,0.2809323376510292,0.0428446114063263,1.0711152672767639,0.15999322711722924,0.3,7.007862091064453,7.326731136029107e-07,0.11486349848331648
11370,0.05359621527604759,0.09993954058736562,0.03284664154052734,0.8211664199829102,0.19726250441744925,0.4,0.03956880792975426,7.321851277889407e-07,0.11496461071789686
11380,0.009395646024495363,0.02957452107220888,0.026467448472976683,0.6649877917021513,0.09907193358521908,0.8,0.07880961149930954,7.316968598481469e-07,0.11506572295247725
11390,0.13700327277183533,0.14072079062461854,0.02299007326364517,0.5747516240924597,0.10610045419307426,0.7,0.001870655221864581,7.312083103738206e-07,0.11516683518705763
11400,0.35157562643289564,0.3105921234935522,0.02507125735282898,0.7487270712852478,0.12521689230343327,0.5,0.005172959063202143,7.307194799595957e-07,0.11526794742163801
11410,0.08365392973646521,0.17163948006927968,0.023455867171287538,0.700388652831316,0.1101487405365333,0.3,0.00026607728796079755,7.302303691994472e-07,0.11536905965621841
11420,0.002482131030410528,0.48436358459293843,0.03381772637367249,0.7516307096928359,0.2154931824770756,0.2,9.09019660949707,7.297409786876909e-07,0.11547017189079879
11430,0.042249396070837976,0.06405772715806961,0.006497666984796524,0.293869462236762,0.12312213877448812,0.6,8.829745752336748e-07,7.292513090189824e-07,0.11557128412537918
11440,0.07600806914269924,0.09570508152246475,0.03082626760005951,0.758755787089467,0.16057124517392368,0.5,3.847832679748535,7.287613607883163e-07,0.11567239635995956
11450,0.011248669773340225,0.029849223047494888,0.010443785786628723,0.2610947959125042,0.08964357663644477,0.8,2.15755558013916,7.282711345910262e-07,0.11577350859453994
11460,0.1556931543862447,0.3226132711395621,0.01383739560842514,0.34593492560088634,0.24627849181415512,0.2,10.551770210266113,7.277806310227829e-07,0.11587462082912033
11470,0.17919300040230154,0.15864886734634637,0.006785371899604797,0.16963464729487895,0.17437386427773163,0.4,9.877138609226677e-07,7.272898506795947e-07,0.11597573306370071
11480,0.0912291944026947,0.41575002409517764,0.036858212947845456,0.9214557435363531,0.17914285310544073,0.4,9.950576782226562,7.267987941578058e-07,0.11607684529828109
11490,-0.0368193581700325,0.14829239919781684,0.007272610068321228,0.22142624631524085,0.10473102687392384,0.6,3.0611627101898193,7.263074620540962e-07,0.11617795753286148
11500,0.055706079304218295,0.09860355406999588,0.018552201986312866,0.46380510106682776,0.1680654005613178,0.5,0.045416753739118576,7.258158549654809e-07,0.11627906976744186
11510,0.07326452028937638,0.05889157559722662,0.023690512776374816,0.592262365296483,0.19150372724980116,0.5,4.3398613929748535,7.253239734893088e-07,0.11638018200202224
11520,0.16768129914999008,0.29316913336515427,0.013166512548923492,0.3291630748659372,0.11951301420340314,0.6,10.192413330078125,7.248318182232623e-07,0.11648129423660263
11530,0.11511490233242512,0.2392798364162445,0.02946554124355316,0.6084232814610004,0.15109690270619466,0.4,7.571801662445068,7.243393897653564e-07,0.11658240647118301
11540,0.04942929269745946,0.09765524119138717,0.02297516316175461,0.5743793372064829,0.17071068953955545,0.5,3.7965829372406006,7.238466887139379e-07,0.11668351870576339
11550,0.1667903194203973,0.26276510283350946,0.017208242416381837,0.47888091318309306,0.14527803650125862,0.6,0.00787463877350092,7.233537156676853e-07,0.11678463094034378
11560,0.13188710603863002,0.11793817132711411,0.020834307372570037,0.5208581794053316,0.15539301617536694,0.5,0.004828077740967274,7.228604712256074e-07,0.11688574317492417
11570,0.18242130069993437,0.1504110406152904,0.029643234610557557,0.741081041097641,0.2590179522987455,0.4,0.26230695843696594,7.223669559870426e-07,0.11698685540950456
11580,0.04983573770150542,0.12223739493638278,0.011739379912614822,0.2934842869639397,0.16705292295664548,0.4,1.9355571269989014,7.218731705516584e-07,0.11708796764408494
11590,0.6627484083175659,0.5388587929308415,0.04005560576915741,1.0417996324598788,0.14602865397464485,0.2,3.203582525253296,7.213791155194508e-07,0.11718907987866532
11600,0.0567921943962574,0.0751034241169691,0.016195422410964964,0.40488561540842055,0.15439491828437896,0.6,9.531959533691406,7.20884791490743e-07,0.1172901921132457
11610,0.09379305802285672,0.17305879071354865,0.009656890481710433,0.24142226949334145,0.1187528722686693,0.6,9.408643677488726e-07,7.203901990661856e-07,0.11739130434782609
11620,0.2712307386100292,0.3095471169799566,0.008201355487108231,0.5157232757657766,0.1762131281197071,0.4,3.0453524232143536e-05,7.198953388467548e-07,0.11749241658240647
11630,0.048733963444828984,0.20311346426606178,0.015757115185260774,0.39392794743180276,0.1631071516429074,0.4,29.764135360717773,7.194002114337525e-07,0.11759352881698686
11640,0.1267770677804947,0.292138010263443,0.027873754501342773,0.6968445692211389,0.1424758752225898,0.5,7.724869647063315e-06,7.189048174288053e-07,0.11769464105156724
11650,0.05659393761307001,0.19385632500052452,0.010043169558048248,0.25107919313013555,0.17636140020331367,0.5,10.684691429138184,7.184091574338636e-07,0.11779575328614762
11660,0.2650569945573807,0.20585173964500428,0.019532354176044465,0.48830892741680143,0.10479728939244523,0.6,1.2579051826833165e-06,7.179132320512008e-07,0.117896865520728
11670,0.19299223348498346,0.2547402963042259,0.021327690780162813,0.5331923242658376,0.169830766832456,0.5,1.1285533219052013e-06,7.174170418834133e-07,0.11799797775530839
11680,0.08217489086091519,0.1458828940987587,0.024450743198394777,0.6112688437104226,0.13844755615573376,0.5,2.9055163860321045,7.169205875334188e-07,0.11809908998988877
11690,0.08835038580000401,0.23594802170991896,0.011908821016550063,0.2977204333990812,0.1434928140603006,0.6,90.81784057617188,7.164238696044561e-07,0.11820020222446916
11700,0.1786959856748581,0.1065551295876503,0.017002224922180176,0.4250553522258997,0.049797514779493214,0.8,4.98558711115038e-06,7.159268887000844e-07,0.11830131445904954
11710,0.1872696839272976,0.17377446293830873,0.024667832255363464,0.6166956882923842,0.18111297298455611,0.4,9.549610137939453,7.154296454241826e-07,0.11840242669362992
11720,-0.010044740699231624,0.08387796357274055,0.014115659892559052,0.27559214234352114,0.16642720967065544,0.6,6.028276970937441e-07,7.149321403809477e-07,0.11850353892821032
11730,0.14540199432522058,0.18913585394620896,0.01866370886564255,0.46659256927669046,0.2021027230657637,0.4,8.78241189639084e-05,7.144343741748955e-07,0.1186046511627907
11740,0.017365414276719095,0.03004575539380312,0.021108655631542204,0.5277161836624146,0.11236784764332697,0.7,1.3505083188647404e-05,7.139363474108588e-07,0.11870576339737109
11750,-0.00575166930211708,0.0073542767553590235,0.0011539955623447895,0.02884988337755203,0.07112278088461607,0.8,0.8677663803100586,7.134380606939873e-07,0.11880687563195147
11760,0.10029446631669998,0.1101336769759655,0.01026216298341751,0.25655523091554644,0.11716480019968004,0.6,1.559127895234269e-06,7.129395146297459e-07,0.11890798786653185
11770,0.18743069991469383,0.38031484484672545,0.021423035860061647,0.5355760294944047,0.17738701888592914,0.5,29.527721405029297,7.124407098239154e-07,0.11900910010111224
11780,0.17545286603271962,0.24329234063625335,0.009398113936185837,0.23495292849838734,0.11923893209313974,0.7,8.769721944190678e-07,7.119416468825908e-07,0.11911021233569262
11790,-0.02801089882850647,0.01769701261073351,0.00218587052077055,0.05464683324098587,0.10453478697454557,0.8,1.010381311061792e-06,7.114423264121803e-07,0.119211324570273
11800,0.019895711541175844,0.13760048523545265,0.02309177368879318,0.5772942535579204,0.1024977232213132,0.7,0.000107037034467794,7.109427490194055e-07,0.11931243680485339
11810,0.21156695112586021,0.1382043670862913,-0.0036729492247104647,0.2793636076152325,0.0967633874155581,0.5,1.1617688642218127e-06,7.104429153113001e-07,0.11941354903943377
11820,0.007294566556811333,0.0949604257941246,0.020362356305122377,0.5090592861175537,0.1553987814928405,0.7,24.985267639160156,7.099428258952091e-07,0.11951466127401415
11830,0.0635333389043808,0.15476040840148925,0.011840251088142396,0.2960063062608242,0.1181382994283922,0.7,21.984844207763672,7.094424813787882e-07,0.11961577350859454
11840,0.08953640167601407,0.07896141707897186,0.012256041914224625,0.30640120469033716,0.12650793144712225,0.6,7.719163477304392e-07,7.089418823700034e-07,0.11971688574317492
11850,0.08174559026956559,0.09354632422327995,0.027345138788223266,0.3746626731008291,0.13324162586359306,0.8,2.9550075851147994e-05,7.084410294771297e-07,0.1198179979777553
11860,0.01964106261730194,0.22662170380353927,0.022315119206905366,0.5578782290220261,0.1311091854935512,0.5,6.604184627532959,7.079399233087503e-07,0.11991911021233569
11870,0.25424717999994756,0.15370620265603066,0.01555214375257492,0.38890818506479263,0.1158610516344197,0.6,2.0757975578308105,7.074385644737567e-07,0.12002022244691608
11880,0.2583149176090956,0.25969008896499873,0.04444428086280823,1.0973341919481754,0.15602706077042966,0.3,1.2082916782674147e-06,7.069369535813472e-07,0.12012133468149647
11890,0.04098692536354065,0.06239455007016659,0.014145369827747344,0.3536340605467558,0.14839713821420447,0.5,0.35832875967025757,7.064350912410259e-07,0.12022244691607685
11900,0.08585407733917236,0.08931346535682679,0.010786609351634979,0.26966541446745396,0.08204664192162454,0.8,16.556066513061523,7.059329780626034e-07,0.12032355915065723
11910,0.16441695766989142,0.14645595508627593,0.020273658633232116,0.5068414207547903,0.11611347087891773,0.5,16.41263771057129,7.054306146561943e-07,0.12042467138523762
11920,0.32906850427389145,0.3518258359283209,0.032132723927497865,0.7822557536885142,0.10648079912643879,0.6,2.443323850631714,7.049280016322176e-07,0.120525783619818
11930,0.13371588243171573,0.1721874122042209,0.01111716330051422,0.2779289338737726,0.15401416845852509,0.4,0.0024213320575654507,7.044251396013956e-07,0.12062689585439838
11940,0.21111060865223408,0.26956774704158304,0.02325608879327774,0.5814022298902273,0.1612827051896602,0.5,3.206721544265747,7.039220291747528e-07,0.12072800808897877
11950,-0.038224386423826216,0.17230039462447166,0.02058064192533493,0.5145166832953691,0.18311223603086546,0.6,9.792089485927136e-07,7.034186709636159e-07,0.12082912032355915
11960,-0.017913061636500062,0.17381715625524521,0.010562743991613388,0.33214350380003455,0.17076506972080097,0.5,0.5415284633636475,7.029150655796128e-07,0.12093023255813953
11970,0.10765396934002638,0.24841790087521076,0.021588964760303496,0.5478091195225716,0.19610521964496003,0.5,0.003400748362764716,7.024112136346712e-07,0.12103134479271992
11980,0.08024539574980735,0.0952017843723297,0.015641187131404877,0.39102972485125065,0.11381121681770309,0.7,9.07136344909668,7.01907115741019e-07,0.1211324570273003
11990,0.1086059108376503,0.11452036499977111,0.024348871409893037,0.6087219543755055,0.13169056723127143,0.7,1.4389866590499878,7.014027725111825e-07,0.12123356926188068
12000,0.11154050789773465,0.2366713173687458,0.028709858655929565,0.8444131568074227,0.19958731170045213,0.3,3.042732000350952,7.008981845579865e-07,0.12133468149646107
12010,-0.054597309231758116,0.15644240081310273,0.008869817852973938,0.22174571827054024,0.16174968862906097,0.7,0.0017227097414433956,7.003933524945528e-07,0.12143579373104145
12020,0.04238945860415697,0.28260291591286657,0.026023247838020326,0.6505813173949718,0.20959092983976008,0.3,11.080448150634766,6.998882769342998e-07,0.12153690596562185
12030,0.1468142032623291,0.17219233550131322,0.022425366938114165,0.560634345933795,0.12486372700659558,0.5,5.387857437133789,6.993829584909422e-07,0.12163801820020223
12040,-0.0025815747678279875,0.005746476724743843,0.0071410596370697025,0.18661553524434565,0.10749648193595931,0.7,0.0007158316439017653,6.988773977784894e-07,0.12173913043478261
12050,-0.046336626168340445,0.20340641029179096,0.02130568027496338,0.5326419048011303,0.15869281747145578,0.7,8.284839168481994e-06,6.983715954112453e-07,0.121840242669363
12060,0.007806399837136269,0.03686677869409323,0.004535289481282234,0.11338213793933391,0.12430375531548635,0.7,0.015680881217122078,6.978655520038078e-07,0.12194135490394338
12070,0.021200430393218995,0.019310201704502105,0.013356173038482666,0.33390456773340704,0.06649540517246351,0.9,0.0015226190444082022,6.973592681710669e-07,0.12204246713852376
12080,0.14749442413449287,0.1723035030066967,0.02658969759941101,0.6470835972577333,0.18425205266103148,0.4,1.548356067360146e-06,6.968527445282056e-07,0.12214357937310415
12090,0.08055473414206063,0.08833922258927487,0.018006885051727296,0.45017232224345205,0.15562206340255216,0.5,8.507847155669879e-07,6.963459816906976e-07,0.12224469160768453
12100,0.1320515364408493,0.1782760914415121,0.018857623636722564,0.4603965550661087,0.14770639145281167,0.5,8.063643690547906e-07,6.958389802743076e-07,0.12234580384226491
12110,0.01967806853353977,0.1351400874555111,0.016565042734146117,0.4131460729986429,0.16099682942731305,0.5,1.263981744159537e-06,6.953317408950903e-07,0.1224469160768453
12120,0.17124815112911165,0.2866491090506315,0.042958199977874756,1.085553850978613,0.18207069805357606,0.3,9.620012283325195,6.94824264169389e-07,0.12254802831142568
12130,0.1306709793396294,0.18460641168057917,0.022782543301582338,0.5695634759962559,0.17817176344105973,0.5,7.031144377833698e-06,6.94316550713836e-07,0.12264914054600606
12140,-0.0286950271576643,0.07653645407408476,0.02201355844736099,0.5654468841850757,0.14800402836408466,0.6,0.027113623917102814,6.938086011453513e-07,0.12275025278058645
12150,0.060714959353208545,0.0640613466501236,0.014664141833782196,0.3666036602109671,0.13890350728761405,0.8,4.623330823960714e-06,6.93300416081141e-07,0.12285136501516683
12160,0.14652218539267778,0.3364996344302199,0.03408882021903992,0.8522203002125025,0.18998967657098548,0.3,14.223441123962402,6.927919961386983e-07,0.12295247724974721
12170,-0.003287522215396166,0.09020135924220085,0.01650661826133728,0.4126654103398323,0.168717419647146,0.5,11.03046703338623,6.922833419358012e-07,0.1230535894843276
12180,0.08886323608458042,0.21258234828710557,0.0293237566947937,0.6945351477712393,0.23431639384943992,0.3,6.257006645202637,6.917744540905124e-07,0.123154701718908
12190,0.14676782879978417,0.14122666455805302,0.021214061975479127,0.6009826142340898,0.15936167896725237,0.5,0.4933008849620819,6.912653332211786e-07,0.12325581395348838
12200,0.041622533649206164,0.11161737814545632,0.01507827639579773,0.39989206157624724,0.11865353391040116,0.7,7.721577167510986,6.907559799464299e-07,0.12335692618806876
12210,0.275176421366632,0.2524578537791967,0.013145580887794495,0.5914421286433935,0.12708564238855616,0.5,1.0174420594921685e-06,6.902463948851786e-07,0.12345803842264914
12220,0.004389671026729047,0.12961825747042893,0.017960438132286073,0.43991765677928923,0.17660825903294608,0.5,4.655958946386818e-06,6.897365786566184e-07,0.12355915065722953
12230,0.04143903778167442,0.15857730684801935,0.023969908058643342,0.5992477159947157,0.1809906617505476,0.5,3.5591952800750732,6.89226531880224e-07,0.12366026289180991
12240,0.15537612214684487,0.24196355007588863,0.014437448978424073,0.3609363678842783,0.20706347867380828,0.2,1.629030466079712,6.887162551757506e-07,0.1237613751263903
12250,0.023178372904658316,0.03648649603128433,0.018564920127391814,0.46412287652492523,0.09900012792786583,0.7,1.1927621926588472e-05,6.882057491632325e-07,0.12386248736097068
12260,0.06700711846351623,0.038289782404899594,0.00722019299864769,0.1805049017071724,0.0700942320516333,0.9,8.387686420974205e-07,6.876950144629823e-07,0.12396359959555106
12270,0.03192401900887489,0.08450762145221233,0.013610853254795075,0.3092266544699669,0.10159389420878143,0.6,1.293527364730835,6.87184051695591e-07,0.12406471183013144
12280,-0.040685650706291196,0.16658668741583824,0.007380372285842896,0.2515235532075167,0.19047479402506723,0.5,1.3721298728341935e-06,6.866728614819267e-07,0.12416582406471183
12290,0.050936367362737656,0.06798720806837082,0.016939449310302734,0.558523390442133,0.1137758637079969,0.7,0.001121383043937385,6.861614444431336e-07,0.12426693629929221
12300,0.009931577742099762,0.10976763367652893,0.007803163677453995,0.19448332916945218,0.1344665772514418,0.8,1.4018736465004622e-06,6.856498012006318e-07,0.1243680485338726
12310,0.1654072804376483,0.23977660685777663,0.016516485810279848,0.729241855442524,0.18109006530139596,0.4,10.709418296813965,6.851379323761156e-07,0.12446916076845298
12320,0.02785821184515953,0.07184036448597908,0.014381682872772217,0.3595421575009823,0.11990219743456691,0.6,2.078718580378336e-06,6.846258385915545e-07,0.12457027300303336
12330,0.3487639402912464,0.28108826456591485,0.04066847562789917,0.9363985814154148,0.18067310999613256,0.5,1.332823634147644,6.841135204691901e-07,0.12467138523761376
12340,0.06374509409070014,0.34031992107629777,0.027061033248901366,0.6673643976449967,0.15877475115703418,0.3,1.0584861040115356,6.836009786315377e-07,0.12477249747219414
12350,0.2218863045796752,0.17201183745637535,0.02659316062927246,0.669379573687911,0.1273257081164047,0.6,1.093906803362188e-06,6.830882137013838e-07,0.12487360970677452
12360,-0.021234819293022157,0.047765952348709104,0.0032877042889595033,0.08219260424375534,0.10444190296111629,0.8,9.330961461273546e-07,6.825752263017863e-07,0.12497472194135491
12370,0.14023794981185347,0.12026552893221379,0.007822532951831818,0.566109586507082,0.18841549281496556,0.4,13.709685325622559,6.82062017056073e-07,0.1250758341759353
12380,-0.021732942294329406,0.1038451511412859,0.008896084874868393,0.2224023759365082,0.18085729236481712,0.5,5.234764830674976e-05,6.815485865878417e-07,0.12517694641051566
12390,0.1486643984913826,0.0966816745698452,0.021485227346420287,0.5371307514607906,0.08614420526428149,0.7,0.05209391191601753,6.810349355209587e-07,0.12527805864509606
12400,0.5483414504677058,0.3261213399469852,0.023739804327487946,0.5934950292110444,0.09591815317980945,0.6,2.9908788204193115,6.805210644795587e-07,0.12537917087967643
12410,0.032741759717464444,0.17588629424571992,0.005408878996968269,0.1356492258608341,0.10598171449964866,0.7,1.087248506337346e-06,6.800069740880432e-07,0.12548028311425682
12420,0.05816015787422657,0.05975073017179966,0.008842527121305465,0.22106313183903695,0.10533501692116261,0.6,0.013051925227046013,6.794926649710806e-07,0.12558139534883722
12430,0.30516714304685594,0.2058985076844692,0.024801473319530486,0.6200367923825979,0.11858994265785441,0.5,24.383182525634766,6.789781377536052e-07,0.1256825075834176
12440,0.21184467077255248,0.12105409577488899,0.017226116359233858,0.4225847251713276,0.05154029385885224,0.7,16.47193145751953,6.784633930608157e-07,0.125783619817998
12450,0.16476919166743756,0.1695081263780594,0.024770551919937135,0.5976577285677195,0.1809222986921668,0.6,11.783119201660156,6.779484315181758e-07,0.12588473205257836
12460,0.16079484075307846,0.09345638863742352,0.024655149877071382,0.6163791231811047,0.0717195866513066,0.7,5.487097263336182,6.774332537514121e-07,0.12598584428715875
12470,0.047109681053552774,0.037535894429311156,0.03277445137500763,0.8193615090101958,0.14463661652989684,0.7,4.573963087750599e-05,6.769178603865142e-07,0.12608695652173912
12480,0.0631484508048743,0.16054866090416908,0.0345724880695343,0.8634318828582763,0.1698224975494668,0.5,15.209444046020508,6.764022520497337e-07,0.12618806875631952
12490,0.20334729924798012,0.2117223098874092,0.029439038038253783,0.7359919082373381,0.14597260499140247,0.5,4.085671662323875e-06,6.758864293675833e-07,0.1262891809908999
12500,-0.06547940745949746,0.1546676943078637,0.019946563243865966,0.49866407327353957,0.17050571757135913,0.4,35.23196029663086,6.753703929668362e-07,0.1263902932254803
12510,0.15815266221761703,0.09037294760346412,0.032913988828659056,0.7967729907482862,0.09720472884364426,0.7,1.1323793387418846e-06,6.748541434745253e-07,0.12649140546006066
12520,0.007678304798901081,0.05383374094963074,0.0065095357596874235,0.1827020537108183,0.09473035598639398,0.7,1.07333242893219,6.743376815179424e-07,0.12659251769464105
12530,-0.019016351364552975,0.09946811341214926,0.014333151280879974,0.35832914896309376,0.17637704364024104,0.5,13.003684997558594,6.738210077246376e-07,0.12669362992922142
12540,-0.020166485896334053,0.01815000958740711,0.01973012089729309,0.49325300343334677,0.10762830426683649,0.8,3.8567698001861572,6.733041227224181e-07,0.12679474216380182
12550,0.018571630120277405,0.1817029319703579,0.025393015146255492,0.6348254095762969,0.17041274261428044,0.4,11.349223136901855,6.727870271393479e-07,0.1268958543983822
12560,0.1741385892033577,0.19534421414136888,0.018310512602329253,0.4577627629041672,0.09226174846990035,0.7,1.0786466191348154e-06,6.722697216037469e-07,0.1269969666329626
12570,0.1349570820108056,0.23916203305125236,0.01854458898305893,0.38573065157979725,0.17363877941388636,0.6,2.739752769470215,6.717522067441904e-07,0.12709807886754299
12580,0.08015356920659542,0.3657827012240887,0.026559555530548097,0.6639897145330906,0.21472499291412533,0.3,5.5016770362854,6.712344831895074e-07,0.12719919110212335
12590,0.09549393178895116,0.16838619532063603,0.013812996447086334,0.3453249648213387,0.1522758612059988,0.5,1.1261558532714844,6.70716551568781e-07,0.12730030333670375
12600,0.0034111181274056436,0.039832140505313876,0.012106242030858994,0.2977661142824218,0.11161375248339027,0.7,0.4207923412322998,6.701984125113469e-07,0.12740141557128412
12610,0.2691620230674744,0.19330508708953859,0.018745553493499757,0.4686395786702633,0.08062558027449995,0.6,9.013323278850294e-07,6.69680066646793e-07,0.12750252780586452
12620,0.16470975875854493,0.17156057208776473,0.016421958804130554,0.41054903119802477,0.09600888944696635,0.7,1.902045726776123,6.691615146049583e-07,0.1276036400404449
12630,0.1462099591270089,0.2390132524073124,0.023848524689674376,0.5962134689092636,0.1724613337777555,0.5,25.45104217529297,6.686427570159323e-07,0.12770475227502529
12640,0.13719357550144196,0.2257492184638977,0.016417425870895386,0.4104356661438942,0.08975684398319572,0.8,6.763643796148244e-07,6.681237945100549e-07,0.12780586450960565
12650,0.08023999147117138,0.13298037089407444,0.02133146971464157,0.6085001815110445,0.18882116010645406,0.5,0.8693476319313049,6.676046277179138e-07,0.12790697674418605
12660,0.13822624422609806,0.21700586453080178,0.03423620164394379,0.8559049114584922,0.1638245050678961,0.5,0.2022530436515808,6.670852572703462e-07,0.12800808897876642
12670,0.2121620425954461,0.1835779704153538,0.01235390231013298,0.6994445495307445,0.15151667459867896,0.5,9.475353408561205e-07,6.665656837984358e-07,0.12810920121334682
12680,-0.056087786331772804,0.07141876369714736,0.007503397762775421,0.1875848602503538,0.1027978720376268,0.7,5.55978695047088e-05,6.660459079335135e-07,0.1282103134479272
12690,0.009714192152023316,0.01650746613740921,0.008988813310861588,0.2209371954202652,0.12508526580641047,0.7,1.0957578524539713e-06,6.655259303071558e-07,0.12831142568250758
12700,0.0,0.0,0.00274912565946579,0.06872841566801072,0.0499949504272081,1.0,7.804486017448653e-07,6.650057515511848e-07,0.12841253791708795
12710,0.1319412410259247,0.1378432333469391,0.0060164924710988995,0.2483925014734268,0.11145295214373618,0.6,17.748554229736328,6.644853722976667e-07,0.12851365015166835
12720,0.18402732759714127,0.16010071486234664,-0.007872115075588226,0.3484984114766121,0.0951862774672918,0.7,7.151293539209291e-05,6.639647931789112e-07,0.12861476238624875
12730,0.06773570105433464,0.14865199252963066,0.020917521417140962,0.5281380254775285,0.16910211587091908,0.6,4.890663146972656,6.634440148274711e-07,0.12871587462082912
12740,0.0740053167566657,0.04662317661568523,0.01949167549610138,0.4872918389737606,0.10454363834578544,0.5,2.5430502891540527,6.629230378761414e-07,0.12881698685540952
12750,0.002610929752700031,0.15124598043039442,0.009857013821601868,0.2464254129678011,0.19742430220358073,0.5,0.0028743704315274954,6.62401862957958e-07,0.12891809908998988
12760,0.234106831997633,0.18673249930143357,0.031523287296295166,0.7405671184882522,0.14667903101071716,0.6,6.512039661407471,6.618804907061975e-07,0.12901921132457028
12770,0.30985888205468654,0.25302383564412595,0.0274193674325943,0.8193349424749613,0.12348238036502153,0.4,6.499462301690073e-07,6.613589217543764e-07,0.12912032355915065
12780,0.19988612532615663,0.32075771167874334,0.028464141488075256,0.9222934372723103,0.16959781746845692,0.3,0.07521083950996399,6.608371567362504e-07,0.12922143579373105
12790,0.3660256892442703,0.2335442692041397,0.02137760668992996,0.5344396024942398,0.10607660298701375,0.6,2.3466429411200806e-05,6.603151962858129e-07,0.12932254802831142
12800,-0.07144831120967865,0.18558579981327056,0.013597440719604493,0.3399358633905649,0.11628655500244349,0.7,6.925351954123471e-07,6.597930410372954e-07,0.12942366026289182
12810,0.0713055569678545,0.16311752200126647,0.021944551169872283,0.6008096318691969,0.19865630338899792,0.4,1.656440508668311e-05,6.592706916251652e-07,0.12952477249747218
12820,0.06372790234163403,0.17526730080135167,0.017750467360019683,0.44376165643334387,0.20112402802333235,0.4,3.041095018386841,6.587481486841267e-07,0.12962588473205258
12830,-0.00547327920794487,0.06474007666110992,0.01755494475364685,0.43887340277433395,0.13070803123991936,0.7,1.317513124377001e-06,6.582254128491184e-07,0.12972699696663295
12840,0.08941300138831139,0.08940617442131042,0.01703587770462036,0.4258971903473139,0.11913057061610743,0.6,2.490691804268863e-05,6.577024847553138e-07,0.12982810920121335
12850,0.25003704372793434,0.1804896593093872,0.03073992729187012,0.7717350095510482,0.16914882929995656,0.5,2.6783041954040527,6.5717936503812e-07,0.12992922143579372
12860,0.07681361408904194,0.15114359529688953,0.013803389668464661,0.4646328292787075,0.11628490338334814,0.6,0.04109068587422371,6.566560543331765e-07,0.13003033367037412
12870,0.10568724991753697,0.09456585831940174,0.020516858994960786,0.35499500036239623,0.15966019282350316,0.5,1.0880996796913678e-06,6.561325532763553e-07,0.1301314459049545
12880,0.26485814452171325,0.26999699920415876,0.01862785965204239,0.46569650806486607,0.11911135918926448,0.6,38.03541946411133,6.556088625037597e-07,0.13023255813953488
12890,0.27079602144658566,0.17263211458921432,0.02914019227027893,0.798250088468194,0.16247995659941808,0.4,1.769744634628296,6.55084982651723e-07,0.13033367037411528
12900,0.33597012162208556,0.2411075860261917,0.02214718610048294,0.8560941476374865,0.13577647999627515,0.5,2.4243099689483643,6.54560914356809e-07,0.13043478260869565
12910,0.07734222561120987,0.1389513924717903,0.016644978523254396,0.5031289249658585,0.09570545089663937,0.7,0.056340135633945465,6.540366582558097e-07,0.13053589484327605
12920,-0.005818596482276917,0.007505764067173004,0.0195850670337677,0.48962677009403704,0.1329835987999104,0.9,0.010497590526938438,6.535122149857459e-07,0.13063700707785642
12930,0.0135874405503273,0.15523350983858109,0.015197071433067321,0.20595631375908852,0.11972009207820519,0.7,43.304649353027344,6.529875851838658e-07,0.1307381193124368
12940,0.0596869844943285,0.1220875570550561,0.023738908767700195,0.5934726614505053,0.08070905529893935,0.6,3.9915213584899902,6.524627694876439e-07,0.13083923154701718
12950,0.34626356437802314,0.24388027787208558,0.0065525718033313755,0.5576607745140791,0.10421451580477878,0.5,2.0534255327220308e-06,6.519377685347807e-07,0.13094034378159758
12960,0.07722659930586814,0.06902345344424247,0.030501753091812134,0.7625436596572399,0.11086035307962447,0.6,0.11381776630878448,6.51412582963202e-07,0.13104145601617795
12970,-0.025571632385253906,0.20457397699356078,0.015760526061058044,0.39401330389082434,0.16944175935350358,0.5,43.14517593383789,6.508872134110577e-07,0.13114256825075835
12980,0.3033946633338928,0.19688236713409424,0.03446579873561859,0.8616454780101777,0.08393145098816604,0.7,1.0125532980964635e-06,6.503616605167212e-07,0.13124368048533872
12990,0.007074719667434693,0.10575986206531525,0.03569821715354919,0.8924556169658899,0.0933491317788139,0.7,4.7717698180349544e-05,6.498359249187892e-07,0.1313447927199191
13000,0.0034115865826606752,0.08418026100844145,0.023691935837268828,0.5922984220087528,0.11144927276764065,0.6,1.4084243774414062,6.493100072560797e-07,0.13144590495449948
13010,0.03964875265955925,0.16602724939584732,0.029906153678894043,0.7476544685661792,0.14230980444699526,0.5,0.5861275792121887,6.487839081676326e-07,0.13154701718907988
13020,0.20449741382617503,0.23475965012330563,0.0360984742641449,0.9024622943252325,0.20555941530037672,0.3,21.09174156188965,6.482576282927075e-07,0.13164812942366028
13030,0.13972038701176642,0.2437612980604172,0.02879868447780609,0.7199669796973467,0.14298095724079757,0.6,0.002869841642677784,6.477311682707843e-07,0.13174924165824065
13040,-0.02776952590793371,0.07253413870930672,0.024142937362194063,0.6035738022997975,0.1992074065026827,0.5,3.54530566255562e-05,6.472045287415615e-07,0.13185035389282104
13050,0.12306492938660085,0.07483947984874248,0.02144371420145035,0.5360929392278194,0.11026666302932427,0.7,0.00016074994346126914,6.466777103449558e-07,0.1319514661274014
13060,0.030469011515378952,0.0297606754116714,0.011488685011863708,0.2880548950284719,0.06853892663493752,0.8,1.1210300954189734e-06,6.461507137211011e-07,0.1320525783619818
13070,0.2604568688198924,0.2554771710187197,0.031033310294151305,0.7758330952376127,0.1368678866652772,0.4,0.8006134033203125,6.456235395103482e-07,0.13215369059656218
13080,0.008658115658909083,0.063029557839036,0.024567519128322602,0.6141878467053175,0.23824735422385857,0.3,1.1471889820313663e-06,6.450961883532634e-07,0.13225480283114258
13090,0.027927839756011964,0.06622293591499329,0.012057096511125565,0.2844917789101601,0.15032942765392363,0.6,11.333309173583984,6.445686608906282e-07,0.13235591506572295
13100,0.28372137919068335,0.4068976417183876,0.03304208219051361,0.811148252338171,0.18458546409383417,0.4,2.951585054397583,6.440409577634379e-07,0.13245702730030334
13110,0.06001910073682666,0.1675543650984764,0.011096944659948349,0.34638901241123676,0.1936218423419632,0.4,8.489713668823242,6.435130796129018e-07,0.1325581395348837
13120,0.13109521921724082,0.21285026501864196,0.02329053431749344,0.5822637602686882,0.23621538071893156,0.3,18.43870735168457,6.429850270804416e-07,0.1326592517694641
13130,0.032959011197090146,0.034067098051309586,0.019587025046348572,0.48967553973197936,0.12801176541252063,0.7,3.226622720831074e-05,6.424568008076908e-07,0.13276036400404448
13140,0.07237294961232692,0.07472495846450329,0.02766614854335785,0.6916532881557942,0.18896671502152457,0.5,0.0003203601809218526,6.419284014364943e-07,0.13286147623862488
13150,0.049885375797748564,0.13679428324103354,0.013504819571971893,0.3376203369349241,0.13125501734903083,0.6,1.4650532875748468e-06,6.41399829608907e-07,0.13296258847320525
13160,0.059702282026410106,0.11888029091060162,0.010632263869047165,0.436041509360075,0.14319951711222528,0.5,0.03511744365096092,6.408710859671938e-07,0.13306370070778564
13170,0.06993812881410122,0.10164797194302082,0.031548434495925905,0.7887107960879802,0.12632045783102513,0.6,1.7351150512695312,6.403421711538278e-07,0.13316481294236604
13180,0.23729346990585326,0.30701732337474824,0.022507545351982117,0.709993639215827,0.18955300058005378,0.4,0.0034296181984245777,6.398130858114903e-07,0.1332659251769464
13190,0.15629485128447412,0.19419186189770699,-0.003049282543361187,0.37033272720873356,0.14173117389436812,0.6,1.6930261850357056,6.392838305830701e-07,0.1333670374115268
13200,0.03756111841648817,0.032432949542999266,0.02135036140680313,0.533758907020092,0.12961111607728526,0.7,0.08628658950328827,6.38754406111662e-07,0.13346814964610718
13210,0.06419966965913773,0.06561247110366822,0.032218465209007265,0.8054615993052721,0.13446007677121088,0.6,3.623243808746338,6.382248130405669e-07,0.13356926188068757
13220,0.1149061981588602,0.1363026335835457,0.022086255252361298,0.5521564669907093,0.16691194324521347,0.5,0.06027786433696747,6.376950520132905e-07,0.13367037411526794
13230,0.012924405932426452,0.05169762372970581,0.007763027399778366,0.19407579936087133,0.07664008174324408,0.9,9.600911425877712e-07,6.371651236735417e-07,0.13377148634984834
13240,0.08490059971809387,0.07399997115135193,0.0152683824300766,0.38170919194817543,0.11788296198938042,0.7,1.5830826214369154e-06,6.36635028665234e-07,0.1338725985844287
13250,0.21378422379493714,0.19472323060035707,0.017174899578094482,0.42937221378088,0.07889956198632717,0.8,16.884843826293945,6.361047676324826e-07,0.1339737108190091
13260,0.25210695862770083,0.24217219464480877,0.01562623232603073,0.39065623879432676,0.1505240592872724,0.5,29.68068504333496,6.355743412196046e-07,0.13407482305358948
13270,0.35877539571374656,0.22104920223355293,0.035823655128479,0.8955908957868814,0.11996730827959254,0.5,1.4426667576117325e-06,6.350437500711183e-07,0.13417593528816987
13280,-0.015108384937047959,0.12597898654639722,0.008294247835874558,0.2810534045100212,0.12616267446428536,0.7,3.1714768409729004,6.345129948317418e-07,0.13427704752275024
13290,0.22948799431324005,0.35336192399263383,0.025118520855903624,0.627963463589549,0.1874728887807578,0.5,4.938757419586182,6.339820761463929e-07,0.13437815975733064
13300,0.10770813748240471,0.14143154621124268,0.018192802369594575,0.45481994897127154,0.1300321659888141,0.6,9.990408216253854e-07,6.334509946601878e-07,0.134479271991911
13310,0.0772856205701828,0.08661421239376069,0.019755761325359344,0.49389421194791794,0.10815573567524553,0.7,0.008017758838832378,6.329197510184405e-07,0.1345803842264914
13320,0.03788558933883905,0.09220350533723831,0.025601914525032042,0.6400477726012468,0.12269362139049918,0.6,9.834953971221694e-07,6.323883458666623e-07,0.1346814964610718
13330,0.30856340713799,0.28060227520763875,0.027060604095458983,0.6765151496976614,0.14292902747401967,0.5,9.700844429971767e-07,6.318567798505604e-07,0.13478260869565217
13340,0.031935909390449525,0.018249091506004334,0.0036314159631729128,0.09078562818467617,0.04871918882708996,0.9,5.405680440162541e-06,6.313250536160377e-07,0.13488372093023257
13350,0.02945217883680016,0.08554607667028905,0.03011070191860199,0.6635716263204813,0.21024014010326936,0.5,0.45188239216804504,6.307931678091917e-07,0.13498483316481294
13360,0.0470626006834209,0.4239046981558204,0.031236645579338074,0.780916079133749,0.2194589136634022,0.2,0.10672604292631149,6.302611230763138e-07,0.13508594539939334
13370,0.01484924778342247,0.12945287078619003,0.044375190138816835,1.1170373994857072,0.13391707089031116,0.6,0.015515308827161789,6.297289200638887e-07,0.1351870576339737
13380,0.010587042570114136,0.013656875491142273,0.021593767404556274,0.5398441884666682,0.11424958521965892,0.9,0.034837137907743454,6.291965594185929e-07,0.1352881698685541
13390,0.03099193572998047,0.1403330832719803,0.02701578736305237,0.6702558162389323,0.17348329634405674,0.6,4.703662395477295,6.28664041787295e-07,0.13538928210313447
13400,0.24495423287153245,0.27383271753787997,0.03616541028022766,0.904135088250041,0.13093674577539788,0.5,4.425307054134464e-07,6.281313678170543e-07,0.13549039433771487
13410,0.4271219104528427,0.415198940038681,0.025550290942192078,0.63875723592937,0.1425046322750859,0.4,1.4733303714820067e-06,6.275985381551194e-07,0.13559150657229524
13420,0.2925510764122009,0.24903266429901122,0.017664724588394166,0.44161849580705165,0.10834042851347477,0.7,8.622117206869007e-07,6.270655534489291e-07,0.13569261880687564
13430,0.21583817187929527,0.13276926740072667,0.03337127268314362,0.8342814918607473,0.11437259754166007,0.5,9.58032956077659e-07,6.265324143461097e-07,0.135793731041456
13440,0.10852485145442188,0.07420718562789261,0.030318138003349305,0.760590959712863,0.13865431905724107,0.5,1.5469207763671875,6.259991214944757e-07,0.1358948432760364
13450,0.09866008795797825,0.08222821727395058,0.02385924756526947,0.6844942890107631,0.13137598937610165,0.5,1.0216232538223267,6.254656755420282e-07,0.13599595551061677
13460,0.048824343085289004,0.06770148128271103,0.010288303345441818,0.25720759741961957,0.10194234340451658,0.8,1.6112877574414597e-06,6.249320771369544e-07,0.13609706774519717
13470,-0.022180423885583878,0.17288882229477168,0.013372984528541566,0.3343247760087252,0.1407280554296449,0.6,3.1787326335906982,6.243983269276263e-07,0.13619817997977754
13480,0.3629583265632391,0.30817557591944933,0.04695045351982117,1.1816254429519177,0.161217606079299,0.4,15.151784896850586,6.238644255626012e-07,0.13629929221435794
13490,0.2531863302923739,0.21777720004320145,0.03569028377532959,0.8567780263721942,0.16956040002405642,0.5,2.0008394718170166,6.233303736906193e-07,0.13640040444893833
13500,0.07110341303050519,0.19144685827195645,0.029277387261390685,0.7938753802329301,0.1740159314358607,0.4,11.429814338684082,6.227961719606038e-07,0.1365015166835187
13510,0.02810552902519703,0.03993843048810959,0.013609524071216583,0.34023859947919843,0.11827692160150036,0.7,1.997297886191518e-06,6.222618210216608e-07,0.1366026289180991
13520,0.30233159866183995,0.26141070798039434,0.03378994464874267,0.8447485614567996,0.19953973221126944,0.3,6.228784084320068,6.217273215230766e-07,0.13670374115267947
13530,0.0021865773014724255,0.1721033301204443,0.014330944418907166,0.40451124906539915,0.17890253564110026,0.4,9.307315735895827e-07,6.211926741143187e-07,0.13680485338725987
13540,0.18778184615075588,0.16840170845389366,0.022121597826480866,0.5530397165566683,0.13497616023523734,0.5,0.003755908692255616,6.206578794450339e-07,0.13690596562184024
13550,0.12841945504769683,0.15791348433122038,0.021051019430160522,0.5264649655669927,0.1987546859541908,0.2,30.277502059936523,6.201229381650485e-07,0.13700707785642063
13560,0.23146965876221656,0.31784234195947647,0.035596898198127745,0.8899225618690252,0.22076506282901392,0.3,3.2649372769810725e-06,6.19587850924366e-07,0.137108190091001
13570,0.20385112697258592,0.2839916737750173,0.04408981800079346,1.0428675338625908,0.2405419538728893,0.3,0.34078875184059143,6.190526183731685e-07,0.1372093023255814
13580,-0.047080698609352115,0.07843576446175575,0.010281259566545487,0.2570315632969141,0.0879117411095649,0.7,1.4556995630264282,6.185172411618137e-07,0.13731041456016177
13590,0.15412280410528184,0.25108621269464493,0.026910561323165893,0.7116680193692446,0.13063064254820347,0.5,0.0032714377157390118,6.179817199408355e-07,0.13741152679474217
13600,0.11514191403985023,0.16030778046697378,0.030494946241378783,0.839110255613923,0.10114416810683906,0.4,5.1626667976379395,6.174460553609425e-07,0.13751263902932254
13610,0.43352187648415563,0.39715183302760126,0.06031806468963623,1.512099939957261,0.14746991840656848,0.3,2.3511769771575928,6.169102480730179e-07,0.13761375126390293
13620,0.36980967978015544,0.34757241811603307,0.05964212417602539,1.812824684381485,0.11025637818966061,0.2,0.8441537618637085,6.16374298728118e-07,0.1377148634984833
13630,0.25779015216976403,0.2107064887881279,0.004432797431945801,0.7006435748189688,0.15788275660015644,0.4,0.016955014318227768,6.158382079774716e-07,0.1378159757330637
13640,0.022563346801325677,0.027123650116845966,0.02168063223361969,0.5507280644029379,0.08295977954985574,0.6,1.1143214702606201,6.153019764724799e-07,0.1379170879676441
13650,0.21779800914227962,0.21970304995775222,0.02653493285179138,0.6633732635527849,0.1946025444776751,0.4,11.018774032592773,6.147656048647143e-07,0.13801820020222447
13660,0.18244287855923175,0.2841835033148527,0.031760025024414065,0.7940006352961063,0.21695203839335592,0.3,5.8252482414245605,6.142290938059172e-07,0.13811931243680486
13670,0.2745269864797592,0.32067200541496277,0.03528471291065216,0.882117697969079,0.20080995181342587,0.2,2.501703977584839,6.13692443948e-07,0.13822042467138523
13680,0.08586845105746761,0.07833864046260715,0.014853398501873016,0.3713352233171463,0.10715235465904697,0.8,6.501846655737609e-06,6.13155655943043e-07,0.13832153690596563
13690,0.008300879597663879,0.05751096084713936,0.015290448069572448,0.38226119577884676,0.11632487202296034,0.7,4.8096080718096346e-06,6.12618730443294e-07,0.138422649140546
13700,0.253040013439022,0.2128982512280345,0.001961357891559601,0.6921584341675043,0.13738913382403553,0.4,0.001061692601069808,6.120816681011684e-07,0.1385237613751264
13710,0.00033310987055301666,0.10767038222402334,0.029205900430679322,0.7301472280174494,0.19363271445035934,0.4,1.199357509613037,6.115444695692474e-07,0.13862487360970677
13720,0.028922079503536223,0.07108480036258698,0.012136615067720413,0.3034153409302235,0.11913514551706612,0.8,0.0007326624472625554,6.110071355002778e-07,0.13872598584428716
13730,0.08403954966925084,0.0941430359845981,0.032844945788383484,0.8211236521601677,0.15886396877467632,0.4,0.0006073574186302722,6.104696665471713e-07,0.13882709807886753
13740,0.03239520066417754,0.0421035896986723,0.03764925003051758,0.9412313647568226,0.17115873236907647,0.6,0.20408523082733154,6.099320633630035e-07,0.13892821031344793
13750,0.12000194825232029,0.0953134462237358,0.01138114333152771,0.3156708419322968,0.11372396069345996,0.7,8.804838671494508e-07,6.093943266010128e-07,0.1390293225480283
13760,-0.002575226128101349,0.27792168594896793,0.03764851093292236,0.941212934628129,0.25114156017079947,0.2,0.04775223508477211,6.088564569145999e-07,0.1391304347826087
13770,0.10224856343120337,0.191415161639452,0.027816349267959596,0.6954086169600486,0.1584522705641575,0.5,30.944252014160156,6.083184549573273e-07,0.13923154701718907
13780,0.2668608337640762,0.30457707196474076,0.03931253552436829,0.9828132688999176,0.26539920261129735,0.1,0.15938596427440643,6.077803213829183e-07,0.13933265925176946
13790,0.20222458727657794,0.192160775186494,0.019284461438655854,0.48211181424558164,0.1551616983488202,0.5,2.7644972801208496,6.072420568452558e-07,0.13943377148634986
13800,-0.03884278833866119,0.12563885934650898,0.022984568774700165,0.5746141914278269,0.1620434331241995,0.5,1.0861045666388236e-05,6.067036619983821e-07,0.13953488372093023
13810,0.23052901457995176,0.2204913029447198,0.030925583839416505,0.7731394313275815,0.16560651634354145,0.5,0.6772786378860474,6.061651374964973e-07,0.13963599595551063
13820,0.10876957140862942,0.4052495822310448,0.002370169386267662,0.4635202340781689,0.19274461906170473,0.4,2.7482900619506836,6.0562648399396e-07,0.139737108190091
13830,0.32573913894593715,0.22137025892734527,0.035092917084693906,0.8006544552743435,0.11637218773830682,0.6,0.2326394021511078,6.050877021452845e-07,0.1398382204246714
13840,0.08123190402984619,0.15149225443601608,0.01718061715364456,0.4308838427066803,0.10705320824636147,0.6,6.8738861083984375,6.045487926051419e-07,0.13993933265925176
13850,0.021980119636282325,0.059461813792586325,0.01723104566335678,0.43077615462243557,0.12443361807381734,0.7,0.017938967794179916,6.040097560283579e-07,0.14004044489383216
13860,0.34421026781201364,0.3341642007231712,0.026823514699935914,0.6705877702683211,0.12683141315355898,0.4,25.740673065185547,6.034705930699129e-07,0.14014155712841253
13870,-0.05979588702321052,0.46212478429079057,0.010050580650568009,0.2508234984241426,0.15337916220305486,0.5,1.30192154301767e-06,6.029313043849406e-07,0.14024266936299293
13880,0.01952447332441807,0.05532235186547041,0.01542845368385315,0.38571154735982416,0.11401218789396808,0.7,16.627349853515625,6.023918906287278e-07,0.1403437815975733
13890,-0.006635722890496254,0.18618533667176962,0.023474137485027313,0.5868535574525595,0.18696244483580812,0.5,0.002414255402982235,6.018523524567129e-07,0.1404448938321537
13900,0.17238944433629513,0.14345822762697935,0.02293967008590698,0.5826518569141627,0.15385444778949023,0.5,10.983575820922852,6.013126905244857e-07,0.14054600606673406
13910,0.1360202645882964,0.4269885588437319,0.04255446791648865,1.0638618145138026,0.22870080994907765,0.4,1.2227420711496961e-06,6.007729054877864e-07,0.14064711830131446
13920,0.22635205388069152,0.1722020387649536,0.024729198217391966,0.618229991197586,0.11632499566767365,0.5,0.00012362314737401903,6.002329980025046e-07,0.14074823053589483
13930,0.025420932844281197,0.03725432176142931,0.009501734375953674,0.23754339180886747,0.10482544507831335,0.7,1.1369870901107788,5.996929687246789e-07,0.14084934277047523
13940,0.07535946406424046,0.10834198631346226,0.012667934596538543,0.3166987866163254,0.1108277666149661,0.7,0.00036220368929207325,5.991528183104958e-07,0.14095045500505562
13950,0.2336105689406395,0.1958612295333296,0.019462405145168303,0.4865601722151041,0.1538866630056873,0.4,1.349956164631294e-06,5.98612547416289e-07,0.141051567239636
13960,0.43872270435094834,0.25069868862628936,0.02282051146030426,0.5705130558460951,0.10449542787391693,0.5,4.737708150059916e-05,5.980721566985385e-07,0.1411526794742164
13970,0.033264531713211906,0.054716731514781715,0.014709782600402833,0.36774476431310177,0.10655513793462887,0.7,9.073061733033683e-07,5.975316468138699e-07,0.14125379170879676
13980,-1.0970234870910645e-05,0.03295242115855217,0.012664034962654114,0.30685734525322916,0.10160119922365993,0.7,8.934470176696777,5.969910184190539e-07,0.14135490394337716
13990,0.0009653648361563682,0.008472930639982224,0.012989091873168945,0.32472734712064266,0.12164266919717193,0.8,0.40526890754699707,5.964502721710048e-07,0.14145601617795753
14000,0.1706406868994236,0.13530309014022351,0.023143121600151063,0.575043261423707,0.07233182885684072,0.7,0.4271300137042999,5.959094087267803e-07,0.14155712841253792
14010,-0.030292439088225365,0.13980737030506135,0.022414568066596984,0.5999222166836262,0.15504830819554627,0.6,7.407227993011475,5.953684287435807e-07,0.1416582406471183
14020,0.04937067627906799,0.028211814165115357,0.008882573246955872,0.22206441611051558,0.05002018881496042,0.9,9.818295438890345e-07,5.948273328787473e-07,0.1417593528816987
14030,0.09783169385045767,0.13379397094249726,0.047944250702857974,1.1986064590513705,0.15346809338079764,0.7,0.09055636823177338,5.942861217897631e-07,0.14186046511627906
14040,0.033028744906187055,0.13885377421975137,0.013221803307533263,0.4890756234526634,0.1716317335725762,0.5,0.1470218002796173,5.9374479613425e-07,0.14196157735085946
14050,0.02517961598932743,0.09347907975316047,0.013863001763820649,0.34657510407269,0.15071706702001392,0.5,3.44307279586792,5.932033565699704e-07,0.14206268958543983
14060,0.19018954113125802,0.2655269607901573,0.007292485982179642,0.6415913753211498,0.19966343500418587,0.4,3.225193500518799,5.926618037548237e-07,0.14216380182002022
14070,-0.038372233510017395,0.051329834014177324,0.011345923691987992,0.2836482308804989,0.0817538175964728,0.7,1.3669671261595795e-06,5.921201383468481e-07,0.1422649140546006
14080,0.38006235314533116,0.3439599435776472,0.040065410733222964,1.0678716298192739,0.1747676857514307,0.3,5.505204200744629,5.915783610042182e-07,0.142366026289181
14090,-0.013862275891005993,0.08363102916628122,0.029528453946113586,0.7382114380598068,0.13504823450930417,0.6,5.551053047180176,5.910364723852443e-07,0.1424671385237614
14100,0.05191395655274391,0.20417894124984742,0.025400862097740173,0.6350216798484325,0.11524415579624474,0.6,9.970145225524902,5.904944731483723e-07,0.14256825075834176
14110,0.057752543780952695,0.1289502687752247,0.026074498891830444,0.6518622362986207,0.13442015496548265,0.5,0.020289849489927292,5.899523639521824e-07,0.14266936299292216
14120,0.03288033436983824,0.041794818639755246,0.007538474351167679,0.1884618379175663,0.13287624972872436,0.7,9.628384987081517e-07,5.894101454553883e-07,0.14277047522750252
14130,0.18997689513489605,0.2326805267482996,0.014992691576480865,0.3982171695679426,0.21969412858597934,0.3,8.378552436828613,5.888678183168367e-07,0.14287158746208292
14140,-0.022274738550186156,0.08338665664196014,0.01950758695602417,0.4876898642629385,0.126700594346039,0.7,1.0462879345141118e-06,5.88325383195506e-07,0.1429726996966633
14150,0.07760614417493343,0.12269625589251518,0.02179139107465744,0.5598581067053601,0.1766723163658753,0.4,2.9309821128845215,5.877828407505063e-07,0.1430738119312437
14160,0.15658964663743974,0.25836809277534484,0.029601040482521056,0.7400259230285883,0.1759323611506261,0.5,2.177333354949951,5.872401916410776e-07,0.14317492416582406
14170,0.26278390139341357,0.25995339527726175,0.03963364660739899,0.9908416830003262,0.1347165216691792,0.5,3.074895630561514e-06,5.866974365265901e-07,0.14327603640040446
14180,0.12176641076803207,0.08595147095620632,0.018327058851718904,0.4638632383197546,0.09323338129324839,0.7,1.0300484518666053e-06,5.861545760665419e-07,0.14337714863498482
14190,0.03170039057731629,0.07257965579628944,0.027342969179153444,0.8274050008505582,0.17238403076771647,0.6,0.016651606187224388,5.856116109205601e-07,0.14347826086956522
14200,0.08812748491764069,0.15134097691625356,0.029244375228881837,0.7311096157878637,0.18553972543450073,0.4,23.600360870361328,5.850685417483982e-07,0.1435793731041456
14210,0.04604082405567169,0.26898953765630723,0.017158845067024232,0.42897169589996337,0.14062862157588824,0.7,1.1595822115850751e-06,5.845253692099368e-07,0.143680485338726
14220,0.35698763430118563,0.3647550597786903,0.044430336356163024,1.1107587307691573,0.17698491759365426,0.4,52.2891845703125,5.839820939651816e-07,0.14378159757330636
14230,0.1695064589381218,0.10366205843165517,0.05065088272094727,1.2662723656743764,0.14793011215515434,0.5,0.1818198412656784,5.834387166742632e-07,0.14388270980788676
14240,0.1538175130262971,0.12472495585680007,0.03015069365501404,0.7537672132253647,0.18355562436627224,0.5,2.7676308155059814,5.828952379974363e-07,0.14398382204246715
14250,0.25582190230488777,0.23561674617230893,0.03023093640804291,0.7557736173272133,0.12404156074626371,0.5,2.497125205991324e-05,5.823516585950787e-07,0.14408493427704752
14260,0.38466123938560487,0.21980642080307006,0.04493636190891266,0.7885686503723264,0.11614748019492253,0.7,5.5788960456848145,5.818079791276907e-07,0.14418604651162792
14270,0.43385850843042134,0.3443442449904978,0.05449175238609314,1.759116924367845,0.11665323510533199,0.4,1.9264650745753897e-06,5.81264200255894e-07,0.1442871587462083
14280,0.1722283685579896,0.18138154735788703,0.03756993412971497,0.939248525723815,0.2033685385598801,0.3,2.259990930557251,5.807203226404313e-07,0.14438827098078869
14290,0.04615418203175068,0.05984805310145021,0.024149395525455475,0.6812595814466477,0.13940399553393945,0.5,0.008337083272635937,5.801763469421652e-07,0.14448938321536905
14300,0.22870114222168922,0.1678478095680475,0.030085846781730652,0.7652708772569895,0.09376958911307157,0.6,6.809034824371338,5.796322738220773e-07,0.14459049544994945
14310,-0.001847814628854394,0.007857478782534599,0.022782620787620545,0.5695654775947332,0.16550303163239732,0.7,0.1077602207660675,5.790881039412679e-07,0.14469160768452982
14320,0.21421366520226,0.3601116597652435,0.024131938815116882,0.60329844430089,0.22876684172078968,0.2,26.53948974609375,5.785438379609549e-07,0.14479271991911022
14330,0.03876539461780339,0.06354473454412073,0.022177952527999877,0.5594128120690585,0.18311741857323796,0.4,0.1863469034433365,5.779994765424724e-07,0.1448938321536906
14340,0.10006634555757046,0.2086346171796322,0.024360223114490508,0.6090052619576454,0.17136223760899155,0.4,0.8246387243270874,5.774550203472711e-07,0.14499494438827099
14350,0.09129759194329382,0.13333202954381704,0.0187771275639534,0.4694279972463846,0.15885563185438514,0.5,0.00024015308008529246,5.769104700369163e-07,0.14509605662285135
14360,0.02840740033425391,0.1799405487254262,0.028033456206321715,0.700836269184947,0.19594266708008945,0.4,0.21702204644680023,5.763658262730885e-07,0.14519716885743175
14370,0.1351718818768859,0.148505337536335,0.012152796238660812,0.40014779213815926,0.1718913177261129,0.5,0.17646999657154083,5.758210897175809e-07,0.14529828109201212
14380,-0.009561017155647278,0.024410605430603027,0.011085255444049836,0.2771314557641745,0.1078492887550965,0.9,0.012962630949914455,5.752762610322999e-07,0.14539939332659252
14390,0.0944492700509727,0.11667165365070105,0.015687665343284606,0.4139378577470779,0.15829105849843472,0.4,0.013372143730521202,5.747313408792636e-07,0.1455005055611729
14400,0.013759234547615051,0.05503694415092468,0.009594514220952987,0.23986450098454953,0.07669410810340196,0.9,0.0002739040646702051,5.741863299206014e-07,0.14560161779575329
14410,0.11392676085233688,0.17953801676630973,0.03262992203235626,0.7943262483924627,0.13410008788341657,0.5,5.0705511966953054e-05,5.736412288185529e-07,0.14570273003033368
14420,0.14650706499814986,0.1480697959661484,0.018219859898090364,0.45549653507769106,0.15403998679248615,0.5,13.898740768432617,5.730960382354676e-07,0.14580384226491405
14430,0.03273211531341076,0.027400491386651994,0.025520586967468263,0.6380147352814675,0.1415748590719886,0.7,0.059150002896785736,5.725507588338035e-07,0.14590495449949445
14440,0.19734974279999734,0.21956168562173844,0.010424056649208069,0.26060167849063876,0.12948480136692525,0.7,0.004054153338074684,5.72005391276126e-07,0.14600606673407482
14450,0.05532503053545952,0.0569190114736557,0.006378983706235885,0.15947458259761332,0.09023247181903571,0.8,1.7997345924377441,5.714599362251087e-07,0.14610717896865522
14460,0.08798672109842301,0.13685125410556792,0.008946198225021362,0.22365538105368615,0.10509590106084943,0.7,1.7774201523934607e-06,5.709143943435306e-07,0.14620829120323559
14470,0.2162812665104866,0.15314293205738067,0.028922244906425476,0.7230559561401606,0.1312115540378727,0.5,9.325225983047858e-05,5.703687662942765e-07,0.14630940343781598
14480,0.06710675209760666,0.28469656556844714,0.021783147752285004,0.5445788513869048,0.1634379730792716,0.5,1.7420481443405151,5.69823052740336e-07,0.14641051567239635
14490,0.23914342150092124,0.3137443490326405,0.00787414088845253,0.8426392879337072,0.13332724956562741,0.3,1.1731734730346943e-06,5.692772543448026e-07,0.14651162790697675
14500,0.08099190443754196,0.16839162185788153,0.042501920461654664,1.0625483367592097,0.1573319485876709,0.6,0.0001065111646312289,5.687313717708728e-07,0.14661274014155712
14510,0.17353299856185914,0.14545504674315451,0.03516973555088043,0.877398855611682,0.09289197066100315,0.5,0.0009741333778947592,5.681854056818452e-07,0.14671385237613752
14520,0.2703748673200607,0.3150656592100859,0.022026339173316957,0.723840719088912,0.14311695460928603,0.4,14.72391414642334,5.676393567411204e-07,0.14681496461071789
14530,0.06976471021771431,0.16739819366484882,0.01830337941646576,0.45758489072322844,0.17973752182442695,0.4,0.1015220582485199,5.670932256121991e-07,0.14691607684529828
14540,0.06158152371644974,0.36537548452615737,0.01912872791290283,0.6098039062693715,0.13522829397115857,0.5,0.016087384894490242,5.665470129586821e-07,0.14701718907987865
14550,0.2305978262796998,0.29804020971059797,0.03529698848724365,0.8755915883928538,0.17778773207683116,0.3,61.46439743041992,5.660007194442697e-07,0.14711830131445905
14560,0.033192456047981975,0.13667230252176524,0.020456622540950774,0.5114156998693943,0.16863729034084826,0.5,1.999439518840518e-06,5.654543457327594e-07,0.14721941354903945
14570,0.02875819504261017,0.02619411572813988,0.023791007697582245,0.6479288429021836,0.10204854578478262,0.8,1.0918657608272042e-05,5.649078924880472e-07,0.14732052578361982
14580,0.0054329194128513334,0.009718701988458634,0.012906886637210846,0.32267190143465996,0.09766134545207024,0.9,1.4661067098131753e-06,5.643613603741252e-07,0.1474216380182002
14590,0.3180097036063671,0.2952463053166866,-0.019861781597137453,0.36733604073524473,0.16436172996181994,0.4,8.775899118518282e-07,5.638147500550815e-07,0.14752275025278058
14600,0.18882085680961608,0.11072075571864844,-0.004474916309118271,0.3729541044682264,0.09937667582416906,0.7,3.2808594703674316,5.632680621950992e-07,0.14762386248736098
14610,0.11101799868047238,0.1400616679340601,0.0052823472768068315,0.13205850422382354,0.07583139855414629,0.8,0.0001767408539308235,5.627212974584554e-07,0.14772497472194135
14620,0.08468455374240876,0.0913648646324873,0.020967383682727814,0.5241848044097424,0.09584761635633185,0.7,9.154521831078455e-05,5.62174456509521e-07,0.14782608695652175
14630,0.2386073186993599,0.2281067557632923,0.048540493845939635,1.1750743962824344,0.17742123224306852,0.3,1.8812497854232788,5.616275400127594e-07,0.14792719919110212
14640,0.10150620294734836,0.05865912213921547,0.023322299122810364,0.593133570253849,0.08649960304610431,0.7,1.2352546453475952,5.610805486327253e-07,0.1480283114256825
14650,0.09821396246552468,0.16841198392212392,0.018722210824489594,0.6511488359421491,0.11572201806120574,0.5,1.2126667499542236,5.605334830340653e-07,0.14812942366026288
14660,0.12953089489601552,0.14784622150473298,0.02374749481678009,0.5936877835541964,0.17411861898144707,0.3,18.544038772583008,5.599863438815156e-07,0.14823053589484328
14670,0.05668981075286865,0.07492689043283463,0.015489146113395691,0.42158220522105694,0.09426610867958515,0.8,2.122648538716021e-06,5.594391318399016e-07,0.14833164812942365
14680,0.06838469989597798,0.1958228575065732,0.014923900365829468,0.36480139307677745,0.16787672959035263,0.5,1.208410382270813,5.588918475741377e-07,0.14843276036400405
14690,-0.06275899112224578,0.15114914625883102,0.026248517632484435,0.6562130231410265,0.13135082041844726,0.7,0.44165661931037903,5.583444917492258e-07,0.14853387259858442
14700,0.13107496798038482,0.12450112551450729,0.005594325810670852,0.4024279110133648,0.09836018669884652,0.7,9.450175184610998e-07,5.577970650302549e-07,0.1486349848331648
14710,0.2356586627662182,0.22877586223185062,0.02748365104198456,0.6870910689234734,0.16563319293782114,0.5,9.479817890678532e-07,5.572495680824001e-07,0.1487360970677452
14720,-0.10807545557618141,0.09928255267441273,0.008776424080133438,0.21941088065505027,0.1350634733447805,0.5,1.322509660894866e-06,5.567020015709219e-07,0.14883720930232558
14730,0.07615040317177772,0.06516322158277035,0.01555091142654419,0.38877261951565745,0.08278395478846505,0.7,0.019716348499059677,5.561543661611649e-07,0.14893832153690598
14740,-0.004647825285792351,0.20580955296754838,0.02793222963809967,0.769463712722063,0.20207125353626906,0.4,0.041791632771492004,5.556066625185583e-07,0.14903943377148635
14750,-0.0023490160703659056,0.032047881931066516,0.013496515154838563,0.3435592021793127,0.1002644828055054,0.6,3.060408926103264e-05,5.55058891308613e-07,0.14914054600606674
14760,0.15636551659554243,0.2123721495270729,0.03232918679714203,0.8082298677414655,0.17614538363413884,0.2,0.055683527141809464,5.545110531969234e-07,0.1492416582406471
14770,0.07287751846015453,0.07089952416718007,0.020106206834316253,0.6093323774635792,0.11658487905515358,0.6,1.773607436916791e-06,5.53963148849164e-07,0.1493427704752275
14780,0.03130375659093261,0.13646825589239597,0.01765812486410141,0.44145321696996687,0.15941600980004295,0.6,9.652309245211654e-07,5.534151789310903e-07,0.14944388270980788
14790,0.0629353495547548,0.1820637988857925,0.02592557668685913,0.6584778483957052,0.15032256749691442,0.4,0.5386301875114441,5.528671441085375e-07,0.14954499494438828
14800,0.033770515024662016,0.13151095509529115,0.017573362588882445,0.4582400474697351,0.16169765494996682,0.5,1.5001962765381904e-06,5.523190450474197e-07,0.14964610717896865
14810,0.13440943993628024,0.24849227219820022,0.010410870611667632,0.4580275435000658,0.142370469646994,0.5,0.010430486872792244,5.517708824137286e-07,0.14974721941354904
14820,0.10787548606749624,0.08318388429470361,0.023535458743572234,0.5917955089360476,0.14939519602339715,0.5,2.90101561404299e-05,5.512226568735338e-07,0.1498483316481294
14830,0.008993423730134963,0.2330317161977291,0.013649658858776092,0.37529134303331374,0.18651838273508475,0.5,1.327615677837457e-06,5.506743690929808e-07,0.1499494438827098
14840,0.16705112978816034,0.12005912810564041,0.012441521883010865,0.31103836111724376,0.10685066911391913,0.6,0.0008778296760283411,5.501260197382912e-07,0.15005055611729018
14850,0.006036530993878841,0.010093448497354985,0.011301194876432418,0.2825298812240362,0.11137140349019319,0.8,1.7837070226669312,5.495776094757609e-07,0.15015166835187058
14860,0.11368662435561419,0.13308069333434105,0.029517486691474915,0.8919450294226408,0.12615778032923117,0.5,1.3064977792964783e-06,5.490291389717603e-07,0.15025278058645097
14870,0.15026876386255025,0.19689954519271852,0.020754434168338776,0.5188606031239033,0.20434702797792853,0.3,3.7990384101867676,5.484806088927328e-07,0.15035389282103134
14880,0.028024491667747498,0.03244041875004768,0.0025187939405441283,0.10876409895718098,0.09039601169060915,0.8,0.00012560200411826372,5.479320199051941e-07,0.15045500505561174
14890,0.06556271277368068,0.19111221060156822,0.021238604187965394,0.530965457111597,0.15960691345389932,0.5,1.176776777356281e-06,5.473833726757313e-07,0.1505561172901921
14900,0.008832717686891556,0.01696820892393589,0.005770793557167054,0.14426974952220917,0.12156082069268451,0.7,1.0328385542379692e-05,5.46834667871003e-07,0.1506572295247725
14910,0.01340152956545353,0.19559775292873383,0.01155601367354393,0.28890038914978505,0.1289319997187704,0.7,69.65335845947266,5.462859061577369e-07,0.15075834175935288
14920,0.06442542672157288,0.1326696068048477,0.015084916353225708,0.3771227888762951,0.08047144011361525,0.8,0.06778664141893387,5.457370882027302e-07,0.15085945399393327
14930,0.1238845815998502,0.1074738480616361,0.0015245789662003517,0.38241707161068916,0.17860678156139329,0.4,0.4321058988571167,5.451882146728488e-07,0.15096056622851364
14940,0.008335000276565552,0.01075182855129242,0.010772166401147842,0.27415391653776167,0.0665492077358067,0.9,9.189465117742657e-07,5.446392862350254e-07,0.15106167846309404
14950,0.2335601732134819,0.38251793906092646,0.027447110414505003,0.6861774154007435,0.14923905981704594,0.5,2.443984031677246,5.440903035562603e-07,0.1511627906976744
14960,0.11142465211451054,0.2402172390371561,0.02655620574951172,0.6639053609222174,0.15570684040430932,0.5,59.996822357177734,5.435412673036187e-07,0.1512639029322548
14970,0.06612523347139358,0.3081426158547401,0.023701244592666627,0.598639927431941,0.1711448566056788,0.6,3.0208122730255127,5.429921781442317e-07,0.15136501516683518
14980,0.0013089612126350402,0.052067224867641926,0.009765169024467469,0.24412921406328678,0.1342004500911571,0.6,2.834956467268057e-05,5.424430367452945e-07,0.15146612740141557
14990,0.36821905374526975,0.21620901189744474,0.021634455025196075,0.6609821662306785,0.08154166650492697,0.6,9.957631846191362e-06,5.418938437740655e-07,0.15156723963599594
15000,-0.009531051432713867,0.11666862014681101,0.01304328590631485,0.3260820634663105,0.18366339550120755,0.6,0.0684388130903244,5.413445998978657e-07,0.15166835187057634
15010,0.04291023686528206,0.1478842232376337,0.013420000672340393,0.3433807447552681,0.17341366775799544,0.5,3.7031713873147964e-06,5.407953057840788e-07,0.15176946410515674
15020,0.14427788704633712,0.14490202963352203,0.01968567818403244,0.4921418882906437,0.1056130035663955,0.7,27.61568832397461,5.402459621001485e-07,0.1518705763397371
15030,0.03199573289602995,0.066335379332304,0.008195530623197556,0.20488826967775822,0.13625722153810785,0.7,4.2182936668396,5.396965695135793e-07,0.1519716885743175
15040,0.24555767700076103,0.2032336860895157,0.03629741370677948,0.9074363645166159,0.11136642241617664,0.6,1.423646949660906e-06,5.39147128691935e-07,0.15207280080889787
15050,0.06981665939092636,0.2185988411307335,0.009647616744041443,0.219749915599823,0.09713067942066118,0.7,1.2287229299545288,5.38597640302838e-07,0.15217391304347827
15060,0.1465175412595272,0.26023407056927683,0.008858374506235122,0.44074291847646235,0.15060410887235776,0.4,0.00035753671545535326,5.380481050139687e-07,0.15227502527805864
15070,0.1304451584815979,0.21647416464984418,0.0347841203212738,0.8696035519242287,0.16690179152647033,0.4,0.016292916610836983,5.374985234930639e-07,0.15237613751263904
15080,0.15012511610984802,0.08578577935695648,0.015337313711643218,0.3834328670054674,0.07351196378003806,0.8,8.347590778612357e-07,5.369488964079172e-07,0.1524772497472194
15090,0.3387221869081259,0.2921948377043009,0.01858026683330536,0.464506621658802,0.15702188316499816,0.3,2.9834323868271895e-05,5.363992244263773e-07,0.1525783619817998
15100,0.014247792214155197,0.0672667570412159,0.02925659418106079,0.731415231898427,0.17688753750408068,0.5,0.0003076174471061677,5.358495082163476e-07,0.15267947421638017
15110,0.0878485094755888,0.3387912310659885,0.02225486934185028,0.7096804670989514,0.20925052718957887,0.2,43.70664596557617,5.35299748445785e-07,0.15278058645096057
15120,-0.004606248810887337,0.04191523604094982,0.00954269915819168,0.23856752514839172,0.10597100721206516,0.7,4.163719177246094,5.347499457826994e-07,0.15288169868554094
15130,0.0294120442122221,0.08535273820161819,0.01952301412820816,0.48807612136006356,0.12315772050060332,0.7,9.456148291064892e-07,5.34200100895153e-07,0.15298281092012134
15140,0.029484450817108154,0.12079183459281921,0.01665395647287369,0.41634891405701635,0.16456192353507504,0.6,0.0005638620350509882,5.336502144512591e-07,0.1530839231547017
15150,0.11659778719767928,0.08595748580992221,0.03366628885269165,0.8604250390082597,0.14388313492527233,0.4,1.1571851246117149e-06,5.331002871191817e-07,0.1531850353892821
15160,0.2568182857707143,0.2400084275752306,0.03703626394271851,0.9359858602285385,0.12603945347946138,0.5,1.5889369249343872,5.325503195671344e-07,0.1532861476238625
15170,0.005868873558938503,0.03023708164691925,0.0055406313389539715,0.1385157436132431,0.1068405872443691,0.8,1.1461576150395558e-06,5.320003124633793e-07,0.15338725985844287
15180,0.10022509014233946,0.07434725351631641,0.019817171990871428,0.4954294253140688,0.13293439409462735,0.7,0.04117145761847496,5.314502664762274e-07,0.15348837209302327
15190,0.17036192715168,0.1618371084332466,0.023054753243923188,0.5763692509382963,0.11718210518592968,0.6,8.57872486114502,5.30900182274036e-07,0.15358948432760364
15200,0.046919889934360984,0.09490215918049216,0.01347745805978775,0.33693655803799627,0.14332100241445006,0.5,1.1910329931197339e-06,5.303500605252095e-07,0.15369059656218403
15210,0.38623476922512057,0.3124045133590698,0.008836598694324493,0.5804677102714777,0.1305013671866618,0.5,1.1709738600984565e-06,5.297999018981976e-07,0.1537917087967644
15220,0.21006845156662166,0.12484889272600412,0.015905387699604034,0.397635094076395,0.11852474929764867,0.6,1.1811810054496164e-06,5.29249707061495e-07,0.1538928210313448
15230,0.053039473667740825,0.11698057651519775,0.026152586936950682,0.6538148056715727,0.17699216953478752,0.5,9.072075499716448e-07,5.286994766836401e-07,0.15399393326592517
15240,0.1402971763163805,0.1667165605351329,0.026677489280700684,0.7143762178719044,0.222334772371687,0.3,1.2013832701995852e-06,5.28149211433215e-07,0.15409504550050557
15250,0.16652891486883165,0.15260679125785828,0.0275115430355072,0.6877886053174734,0.17628468523034826,0.5,14.76976490020752,5.275989119788436e-07,0.15419615773508594
15260,0.010313904285430909,0.11354747042059898,0.017492619156837464,0.4461833368986845,0.11209692074917257,0.6,2.1623441170959268e-06,5.270485789891919e-07,0.15429726996966633
15270,0.3624064862728119,0.25067984163761137,0.018598873913288117,0.4649721533060074,0.09184529059566557,0.7,1.2373460549497395e-06,5.26498213132966e-07,0.1543983822042467
15280,0.26682666428387164,0.27787735909223554,0.04437426030635834,1.109356638416648,0.12729269380215555,0.5,25.458467483520508,5.259478150789127e-07,0.1544994944388271
15290,0.04819212167640217,0.07136150143924169,0.014941439032554626,0.37189216166734695,0.13361425152979792,0.5,1.5916268825531006,5.253973854958172e-07,0.15460060667340747
15300,0.3118529200553894,0.23636288046836854,0.0052480831742286686,0.5909127108752728,0.12259668248007075,0.5,1.1889482038895949e-06,5.248469250525038e-07,0.15470171890798787
15310,-0.09320212518796325,0.1032093171030283,0.013683667778968811,0.4236195992678404,0.15191300860606133,0.6,0.0008123177685774863,5.242964344178332e-07,0.15480283114256826
15320,0.14446871671825648,0.22711265925318003,0.03372870087623596,0.777864861022681,0.20226802750257775,0.4,0.02857297658920288,5.23745914260704e-07,0.15490394337714863
15330,0.03630068125203252,0.039472341723740104,0.020344378054142,0.5086095690727234,0.11386569280875847,0.7,4.503589153289795,5.231953652500497e-07,0.15500505561172903
15340,0.025412079691886903,0.03278059959411621,0.010465274006128312,0.26163196824491025,0.09427951610414312,0.9,0.005925104953348637,5.226447880548397e-07,0.1551061678463094
15350,0.17064093751832843,0.3555087441578507,0.024256758391857147,0.606419188156724,0.1647660930408165,0.6,2.189981614719727e-06,5.220941833440768e-07,0.1552072800808898
15360,0.05262264125049114,0.03851983230561018,0.024089315533638002,0.6022330485284328,0.12172836527461187,0.6,3.260455196141265e-05,5.215435517867977e-07,0.15530839231547017
15370,-0.08624692528974265,0.1656669670017436,0.018661366403102876,0.4708418048918247,0.228658427845221,0.4,0.02106122300028801,5.209928940520718e-07,0.15540950455005056
15380,-0.08322530726436525,0.16867410587146878,0.024919457733631134,0.6229861933737993,0.20193712941836567,0.5,29.18869972229004,5.204422108090003e-07,0.15551061678463093
15390,0.08060074197128415,0.18209061175584793,0.020963969826698303,0.5240994099527597,0.1744783099507913,0.4,1.8993438482284546,5.198915027267149e-07,0.15561172901921133
15400,0.035336329229176046,0.060891521349549296,0.020918607711791992,0.5229652550071477,0.22701188838109373,0.4,0.027995722368359566,5.193407704743782e-07,0.1557128412537917
15410,-0.001875927927903831,0.0027102562598884106,0.015085119009017944,0.37712787799537184,0.10892801919253543,0.8,5.355205757950898e-06,5.187900147211814e-07,0.1558139534883721
15420,0.1792824724689126,0.13423470333218573,0.024489566683769226,0.6122404046356678,0.1745130092371255,0.4,5.002987384796143,5.182392361363452e-07,0.15591506572295247
15430,0.5219342797994614,0.4775959920138121,0.042340916395187375,1.303096355870366,0.1672875367803499,0.0,1.5848079919815063,5.176884353891171e-07,0.15601617795753286
15440,0.030848753079771994,0.09635492120869457,0.024985344707965852,0.660735285654664,0.16090367607539519,0.6,0.0010356310522183776,5.171376131487722e-07,0.15611729019211323
15450,0.008524006605148316,0.1272375464439392,0.014722034335136414,0.36805108971893785,0.17581560307880864,0.6,9.601539611816406,5.165867700846113e-07,0.15621840242669363
15460,0.344404231198132,0.28227200359106064,-0.027866861224174498,0.3423761840909719,0.13450482789194212,0.6,2.2636868379777297e-06,5.160359068659606e-07,0.156319514661274
15470,0.02367226742208004,0.10830091629177332,0.01767289936542511,0.44182239286601543,0.11797311413101852,0.6,1.4313842484625638e-06,5.154850241621711e-07,0.1564206268958544
15480,0.19101351201534272,0.247300823032856,0.03568435609340668,0.9580984994769096,0.14714381167432294,0.5,0.22243668138980865,5.149341226426172e-07,0.1565217391304348
15490,0.00366571769118309,0.04722514823079109,0.010284139961004257,0.3267248999327421,0.09543683867668733,0.8,1.2278228496143129e-06,5.14383202976696e-07,0.15662285136501516
15500,0.08152188062667846,0.10641373321413994,0.00933583378791809,0.2763044904917479,0.11273736947914585,0.6,26.970409393310547,5.138322658338268e-07,0.15672396359959556
15510,0.3657100036391057,0.2471332611050457,0.028804823756217957,0.7201208528131247,0.09801885896595194,0.6,14.418156623840332,5.132813118834504e-07,0.15682507583417593
15520,-0.03148188367486,0.11383948624134063,0.016883985698223115,0.42209945283830164,0.18379981789039448,0.6,0.0077339038252830505,5.127303417950277e-07,0.15692618806875633
15530,0.1526782214641571,0.10367238819599152,0.030075624585151672,0.7518910381942987,0.09382437916938216,0.7,2.6830062866210938,5.121793562380395e-07,0.1570273003033367
15540,0.16206602966412903,0.16305396035313607,0.024247735738754272,0.6061934530735016,0.14818752713035793,0.5,0.5783044099807739,5.116283558819848e-07,0.1571284125379171
15550,0.00874648205935955,0.1486346408724785,0.01570763289928436,0.3926907885819674,0.1647349324077368,0.5,5.238701343536377,5.110773413963813e-07,0.15722952477249746
15560,0.09981513023376465,0.24028668105602263,0.011535221338272094,0.6475752428174019,0.1173861783114262,0.6,1.504962710896507e-06,5.105263134507636e-07,0.15733063700707786
15570,0.07034188788384199,0.11421061754226684,0.024976074695587158,0.6157692819833755,0.16536661067511887,0.4,2.030050039291382,5.099752727146823e-07,0.15743174924165823
15580,0.24378287345170974,0.33064490240067246,0.03002438247203827,0.8391973931342364,0.19289864336606116,0.2,1.7545963525772095,5.094242198577041e-07,0.15753286147623863
15590,0.1515002004802227,0.15905527882277964,0.024270443618297576,0.6067612871527672,0.11432276361156254,0.6,0.009476653300225735,5.088731555494102e-07,0.157633973710819
15600,0.02581830704584718,0.06843373607844114,0.01714910864830017,0.4287278763949871,0.1379046159912832,0.6,1.1190728400833905e-05,5.083220804593955e-07,0.1577350859453994
15610,0.18142700791358948,0.14465352334082127,0.012435101717710496,0.4103495657444,0.13245915095321834,0.4,9.693378448486328,5.077709952572684e-07,0.15783619817997976
15620,0.1268276188056916,0.07297100201249122,0.017878754436969756,0.44696928523480894,0.07080503046745434,0.8,1.3325328609425924e-06,5.072199006126493e-07,0.15793731041456016
15630,0.060448428615927696,0.19636440128087998,0.035485437512397765,0.887135849148035,0.2341690984205343,0.4,2.5244712829589844,5.066687971951702e-07,0.15803842264914056
15640,0.08701848583295942,0.07859803829342127,0.025812235474586488,0.6453059691935777,0.19972298201173544,0.4,3.925410509109497,5.061176856744737e-07,0.15813953488372093
15650,0.020567918196320534,0.032037056237459186,0.018740044534206392,0.4685011334717274,0.11033624249976129,0.8,0.01078177709132433,5.05566566720212e-07,0.15824064711830133
15660,0.1572152864304371,0.22869808627292515,0.01853576898574829,0.4633940767496824,0.189808020577766,0.5,0.05351077392697334,5.050154410020472e-07,0.1583417593528817
15670,0.28004874140024183,0.23844068571925164,0.029022148251533507,0.7255540281534195,0.11051970333792269,0.6,14.51440143585205,5.044643091896485e-07,0.1584428715874621
15680,0.030385421961545943,0.1580601379275322,0.011656496673822403,0.29141230024397374,0.12975937562296166,0.7,9.615531553208712e-07,5.039131719526931e-07,0.15854398382204246
15690,0.1689891291083768,0.14255563486367465,0.005841613188385964,0.31453488767147064,0.09013068530475721,0.7,3.6750974686583504e-05,5.03362029960865e-07,0.15864509605662286
15700,0.127832705155015,0.15713143944740296,0.02477034628391266,0.6192585729062557,0.1388071185676381,0.7,18.52669906616211,5.028108838838533e-07,0.15874620829120323
15710,0.15887454440817236,0.11968824304640294,0.040465614199638365,1.0116402424871922,0.12917618409264833,0.4,3.6246931552886963,5.022597343913527e-07,0.15884732052578363
15720,0.12362667694687843,0.132327039539814,0.029775166511535646,0.7443799037486315,0.18265132711967452,0.4,0.002207237295806408,5.017085821530617e-07,0.158948432760364
15730,0.08479049466550351,0.08881523758172989,0.03062762916088104,0.8069300439208746,0.13444403550820425,0.5,2.092790365219116,5.011574278386822e-07,0.1590495449949444
15740,0.058939629793167116,0.1423287108540535,0.033584731817245486,0.8016437698155642,0.14685948375845329,0.6,4.901536464691162,5.006062721179189e-07,0.15915065722952476
15750,0.07083708122372627,0.08332879692316056,0.019320887327194215,0.48716923892498015,0.14334603076567873,0.6,0.00021117604046594352,5.000551156604777e-07,0.15925176946410516
15760,0.05628486517816782,0.08498564399778843,0.01656300276517868,0.41407535597682,0.1315849500359036,0.5,0.45868009328842163,4.995039591360659e-07,0.15935288169868553
15770,0.13769420012831687,0.1229870893061161,0.02350076735019684,0.587519459053874,0.14705840720562263,0.5,0.7232679724693298,4.989528032143903e-07,0.15945399393326593
15780,0.07658790796995163,0.09035306684672832,0.012159346044063568,0.42239230815321205,0.11514535786118359,0.4,0.0010198146337643266,4.984016485651578e-07,0.15955510616784632
15790,-0.037692871689796445,0.29871296882629395,0.02751545011997223,0.687886257097125,0.164119934104383,0.5,1.3613980627269484e-06,4.978504958580727e-07,0.1596562184024267
15800,-0.04875616654753685,0.13042540550231935,0.023244385421276093,0.5811096739023924,0.1377980218268931,0.7,1.3094271480440511e-06,4.97299345762838e-07,0.1597573306370071
15810,0.012534984201192857,0.2378840737044811,0.020176684856414794,0.5044170971959829,0.1727038981509395,0.5,2.034661520156078e-06,4.96748198949153e-07,0.15985844287158746
15820,0.008650050777941943,0.07653454169631005,0.029454022645950317,0.7363505803048611,0.24365598160075025,0.3,1.9059115648269653,4.961970560867126e-07,0.15995955510616786
15830,0.2263902857899666,0.18936737030744552,0.024591682851314543,0.6147921636700631,0.1423866629251279,0.4,1.6601943969726562,4.956459178452078e-07,0.16006066734074822
15840,0.05709920730441809,0.10215494018048048,0.011100067943334579,0.353087892010808,0.15946270331041887,0.5,2.9958033561706543,4.950947848943234e-07,0.16016177957532862
15850,0.22011442240327597,0.30123736895620823,0.02103138864040375,0.5257846754044294,0.19755959492176772,0.4,5.610669177258387e-05,4.94543657903738e-07,0.160262891809909
15860,0.10426666922867298,0.13664942029863597,0.0026155082508921624,0.4958577390760183,0.11064410444814712,0.5,1.6693543329893146e-06,4.939925375431225e-07,0.1603640040444894
15870,0.12072996348142624,0.20951032340526582,0.02832117974758148,0.7080296594649553,0.194011780701112,0.3,1.3532837629318237,4.934414244821404e-07,0.16046511627906976
15880,0.17337208576500415,0.1425590429455042,0.023440508544445036,0.5854798056185245,0.09318869875278324,0.5,0.00032780785113573074,4.928903193904461e-07,0.16056622851365016
15890,0.20154003538191317,0.22382159661501647,0.028906169533729553,0.8575807828456163,0.13891913073603063,0.4,0.9676894545555115,4.923392229376841e-07,0.16066734074823052
15900,0.007608428597450256,0.21361274980008602,0.02653588056564331,0.6660076063126326,0.20482831374974922,0.5,20.397014617919922,4.917881357934885e-07,0.16076845298281092
15910,0.18329143524169922,0.2343530610203743,0.02235493212938309,0.5588731702417136,0.2016510363901034,0.5,6.13938570022583,4.912370586274824e-07,0.1608695652173913
15920,0.037812317907810214,0.05540248453617096,0.017356137931346893,0.4339036762714386,0.10963778493460268,0.7,1.3111625776218716e-06,4.906859921092763e-07,0.1609706774519717
15930,0.2798136420547962,0.2489110141992569,0.023679600656032564,0.5919902339577675,0.12650415919488295,0.5,0.00010989517613779753,4.90134936908468e-07,0.16107178968655209
15940,0.03202840709127486,0.03452162588946521,0.031066116690635682,0.7766527947038412,0.167636576667428,0.5,0.11107315868139267,4.895838936946415e-07,0.16117290192113246
15950,0.14089998574927448,0.1286213958635926,0.01587168127298355,0.3967921506613493,0.1219313092646189,0.7,3.4789145502145402e-06,4.890328631373665e-07,0.16127401415571285
15960,0.04811155889183283,0.18249214589595794,0.028001901507377625,0.7000479012727737,0.22964355455478652,0.4,9.667149543762207,4.88481845906197e-07,0.16137512639029322
15970,0.3635852336883545,0.31634190753102304,0.01919484734535217,0.47987139895558356,0.18786774342879653,0.3,5.4269561767578125,4.879308426706706e-07,0.16147623862487362
15980,0.09473932236433029,0.203007248044014,0.018537676334381102,0.46344215273857114,0.14033100586384534,0.4,46.35951614379883,4.873798541003084e-07,0.161577350859454
15990,0.12785814302042126,0.09151775278151035,0.018273186683654786,0.45682976953685284,0.1351400119252503,0.5,4.7285771870519966e-05,4.868288808646135e-07,0.16167846309403439
16000,0.057528266310691835,0.07940736636519433,0.024429602921009062,0.610740153118968,0.1380560838035308,0.7,0.06497802585363388,4.862779236330705e-07,0.16177957532861476
16010,0.06053851414471865,0.13875168487429618,0.020171265304088592,0.5042815171182156,0.18894474421394988,0.5,1.467178435632377e-06,4.857269830751439e-07,0.16188068756319515
16020,0.044918085099197924,0.2041158678010106,0.010458642244338989,0.274623716250062,0.21212901042308657,0.4,3.117999315261841,4.85176059860279e-07,0.16198179979777552
16030,0.052614877372980116,0.04685476198792458,0.021481871604919434,0.5370469946414232,0.07575726866489277,0.7,1.1594050874919049e-06,4.846251546578988e-07,0.16208291203235592
16040,0.13960590958595276,0.13592249229550363,0.030603626370429994,0.4592481754720211,0.1379111907677725,0.6,1.0084736347198486,4.840742681374058e-07,0.1621840242669363
16050,-0.028384121507406233,0.26791170984506607,0.02755192220211029,0.6887985683977604,0.14766322892392053,0.7,0.015409277752041817,4.835234009681786e-07,0.16228513650151669
16060,0.05085670854896307,0.041843533515930176,0.016072790324687957,0.41211751140654085,0.12107609431259334,0.6,1.0812286745931488e-06,4.829725538195729e-07,0.16238624873609706
16070,-0.010657551884651183,0.05441037081182003,0.013114184141159058,0.34109986908733847,0.12279826586600393,0.7,3.967883912991965e-06,4.824217273609198e-07,0.16248736097067745
16080,0.11262293681502342,0.1371544288471341,0.01605471074581146,0.4013685189187527,0.15803513054270296,0.5,9.607006177247968e-07,4.818709222615255e-07,0.16258847320525785
16090,-0.004310153424739838,0.03767158016562462,0.02075096219778061,0.518774076923728,0.10568216668907553,0.8,0.054408058524131775,4.813201391906701e-07,0.16268958543983822
16100,0.2658012755215168,0.1906205490231514,-0.010860252380371093,0.3448758825659752,0.1284061813959852,0.5,1.7733597132973955e-06,4.80769378817607e-07,0.16279069767441862
16110,-0.02562570832669735,0.05215316563844681,0.015821573138237,0.3955393716692924,0.13570604708511383,0.7,4.78643798828125,4.802186418115621e-07,0.16289180990899899
16120,0.14851900786161423,0.21112606674432755,0.003328225016593933,0.4564141061156988,0.10340202637016774,0.5,38.994041442871094,4.796679288417326e-07,0.16299292214357938
16130,0.2875256546773016,0.1733349679969251,0.018679940700531007,0.4412538601085544,0.13182452799519523,0.5,0.7544858455657959,4.791172405772866e-07,0.16309403437815975
16140,0.12506232522428035,0.14328049272298812,0.014552593231201172,0.3638150803744793,0.14731433477718384,0.6,0.825551450252533,4.785665776873624e-07,0.16319514661274015
16150,0.1361278161406517,0.13512719050049782,0.020063678920269012,0.5015919465571642,0.12952426533447578,0.5,3.779963662964292e-05,4.780159408410676e-07,0.16329625884732052
16160,0.07500939182937146,0.047254071943461894,0.016349680721759796,0.4087419904768467,0.13142489065648988,0.7,0.8864026069641113,4.774653307074774e-07,0.16339737108190092
16170,0.17399909496307372,0.15892740562558175,0.018722164630889892,0.46805430166423323,0.07639999596867711,0.7,4.045431342092343e-05,4.769147479556355e-07,0.16349848331648129
16180,0.02958389250561595,0.12750913724303245,0.005434863269329071,0.13869769778102636,0.1939727538265288,0.4,1.8913464546203613,4.7636419325455153e-07,0.16359959555106168
16190,0.14071378148510122,0.16439085325109773,0.041691890358924864,1.083233045041561,0.19266480747610332,0.3,0.5024275779724121,4.7581366727320125e-07,0.16370070778564205
16200,0.3746629059314728,0.28361345678567884,0.017477352917194367,0.84110241048038,0.12633822585921733,0.5,0.03254105523228645,4.7526317068052606e-07,0.16380182002022245
16210,0.4061991009861231,0.27853336185216904,0.0013921987265348434,0.4401162762194872,0.12749517167685553,0.5,34.78145980834961,4.7471270414543107e-07,0.16390293225480282
16220,0.09216062175109982,0.11375539395958185,0.02585696280002594,0.3140447486191988,0.1410915395244956,0.5,0.02777872420847416,4.741622683367849e-07,0.16400404448938322
16230,0.5529324620962143,0.43319407999515536,0.046457433700561525,1.1614355243742467,0.12244583650026471,0.3,26.250619888305664,4.7361186392341907e-07,0.1641051567239636
16240,0.07658835332840681,0.06439998475834727,0.016121627390384675,0.40304064117372035,0.09753613113425671,0.6,1.532558798789978,4.730614915741266e-07,0.16420626895854398
16250,0.13157896772027017,0.11189058478921651,0.011071518063545227,0.27678798139095306,0.07446475017350167,0.7,0.00017159618437290192,4.7251115195766226e-07,0.16430738119312438
16260,0.07903896095231175,0.22799473870545625,-0.0028660809621214867,0.3183575090020895,0.14821159800048916,0.5,0.0009587370441295207,4.719608457427403e-07,0.16440849342770475
16270,0.252894034050405,0.14766024872660638,-0.008875752985477447,0.3098145771771669,0.08593118846183642,0.6,0.042016029357910156,4.714105735980347e-07,0.16450960566228515
16280,0.30053318599238993,0.23422087244689466,0.02795780301094055,0.7310102537274361,0.1634504058980383,0.3,2.1259429454803467,4.7086033619217793e-07,0.16461071789686552
16290,0.08143152818083763,0.20643829181790352,0.0289195716381073,0.7229896944016219,0.16410485472297295,0.4,0.022841624915599823,4.703101341937603e-07,0.1647118301314459
16300,0.13544583022594453,0.23600889444351197,0.016915996372699738,0.422900490835309,0.15887592351064087,0.5,9.27432918548584,4.697599682713292e-07,0.16481294236602628
16310,0.02963647274300456,0.1483563761226833,0.008022777736186981,0.23324049711227418,0.1640292196534574,0.5,1.759945034980774,4.6920983909338824e-07,0.16491405460060668
16320,0.0020815372467041016,0.10417253598570823,0.007524561882019043,0.1881139412522316,0.16842376856366173,0.5,0.00041883831727318466,4.686597473283961e-07,0.16501516683518705
16330,0.046014386042952535,0.10602423632517458,0.021437472105026244,0.5359366424381733,0.16310677429428325,0.2,4.345767138147494e-06,4.681096936447661e-07,0.16511627906976745
16340,0.2021451573818922,0.20550114512443543,0.018544021248817443,0.4636001639068127,0.1561866019270383,0.6,0.0012738901423290372,4.6755967871086524e-07,0.16521739130434782
16350,0.27607376528903843,0.16756499027833344,0.02220755219459534,0.5551891677081585,0.08809442209312693,0.6,0.028053581714630127,4.670097031950138e-07,0.1653185035389282
16360,0.28998956046998503,0.2876561302691698,0.03208800256252289,0.7054912015795708,0.17149165834998711,0.4,3.1302363368013175e-06,4.664597677654838e-07,0.16541961577350858
16370,0.4225797541439533,0.4038750737905502,0.0342509925365448,0.8562746871262789,0.17064205125207083,0.3,20.542695999145508,4.659098730904985e-07,0.16552072800808898
16380,0.34385040048509835,0.3026486270129681,0.06373391151428223,1.593348179757595,0.12652211016975343,0.5,0.09636618942022324,4.6536001983823195e-07,0.16562184024266935
16390,0.05238863825798035,0.02993636429309845,0.017588552832603455,0.4397142071276903,0.06692877339664846,0.9,8.186574268620461e-05,4.648102086768077e-07,0.16572295247724975
16400,0.17888647317886353,0.15353623181581497,0.028510835766792298,0.7133359830826521,0.1437445691321045,0.5,1.2493801477830857e-06,4.642604402742978e-07,0.16582406471183014
16410,0.02167135328054428,0.06380111314356327,0.02367129921913147,0.6013097789138555,0.12773407358909025,0.6,5.035618305206299,4.637107152987233e-07,0.1659251769464105
16420,0.14971530064940453,0.3134415291249752,0.02482466250658035,0.6206164646893739,0.20993390186922625,0.3,39.74247360229492,4.631610344180515e-07,0.1660262891809909
16430,0.07284937538206578,0.12478928118944169,0.029232966899871825,0.6193267691880464,0.17488369622733443,0.6,0.013678421266376972,4.6261139830019644e-07,0.16612740141557128
16440,0.05314157935208641,0.0640471255988814,0.026107430458068848,0.6526856355369091,0.12676508843433112,0.6,4.395800590515137,4.6206180761301817e-07,0.16622851365015168
16450,0.18678644709289074,0.12474280982278288,0.017328359186649323,0.4332233741879463,0.1401038984535262,0.5,0.12919451296329498,4.6151226302432066e-07,0.16632962588473205
16460,0.14705799259245395,0.16713953018188477,0.026091811060905457,0.6522960152477026,0.11410333393141628,0.6,1.1314364201098215e-06,4.60962765201853e-07,0.16643073811931244
16470,0.15637338683009147,0.20872246529906988,0.018481048941612243,0.4620263446122408,0.1286388800945133,0.5,4.8650376811565366e-06,4.6041331481330657e-07,0.1665318503538928
16480,0.3476583153009415,0.2681890457868576,0.018465697765350342,0.6428365845233202,0.07990176585735753,0.5,1.3316167724042316e-06,4.5986391252631546e-07,0.1666329625884732
16490,0.13288845047354697,0.11689661517739296,0.036254513263702395,0.906362247094512,0.14176656034542248,0.6,0.15786021947860718,4.593145590084552e-07,0.16673407482305358
16500,0.031175146996974944,0.08840683624148368,0.024241843819618226,0.6060464907437563,0.122733403602615,0.6,5.988635540008545,4.5876525492724195e-07,0.16683518705763398
16510,0.09721562899649143,0.06845478732138872,0.011534887552261352,0.5639608491212129,0.12080527526559308,0.6,1.7136983387899818e-06,4.582160009501323e-07,0.16693629929221435
16520,0.0027337088249623775,0.022409743070602416,0.0143212229013443,0.3580311231315136,0.11349673389922828,0.8,1.1963938959524967e-05,4.576667977445214e-07,0.16703741152679474
16530,0.1448472660034895,0.12410570085048675,0.02166270762681961,0.5415682058781386,0.12527855325024576,0.5,1.227810116688488e-06,4.5711764597774304e-07,0.1671385237613751
16540,0.1519924819469452,0.11936216205358505,0.038919946551322936,0.9729992151260376,0.11046214014058933,0.6,0.01995629072189331,4.5656854631706845e-07,0.1672396359959555
16550,0.006063468381762504,0.027748699486255645,0.02451798617839813,0.6129495922476054,0.12674975362606347,0.7,2.716655969619751,4.5601949942970533e-07,0.1673407482305359
16560,0.138964109076187,0.19547720886766912,0.03274446725845337,0.8186122212558985,0.19414988372009248,0.1,1.8932748844235903e-06,4.5547050598279737e-07,0.16744186046511628
16570,0.3567601818591356,0.4000380963087082,0.03275353908538818,0.9838264662772417,0.15856068641878665,0.3,28.00482177734375,4.549215666434236e-07,0.16754297269969667
16580,-0.003661574050784111,0.11095346882939339,0.02553696036338806,0.6384243354201317,0.1807506853947416,0.6,0.00030662849894724786,4.5437268207859693e-07,0.16764408493427704
16590,0.2477356070652604,0.20191161902621388,0.016783465445041657,0.5458007708191872,0.15367831096518786,0.4,2.9232656955718994,4.5382385295526403e-07,0.16774519716885744
16600,0.12477757558226585,0.19607187137007714,0.02292999029159546,0.5732499126344919,0.11902003966970369,0.6,1.3496025985659799e-06,4.532750799403039e-07,0.1678463094034378
16610,0.06404885975643992,0.04268550891429186,0.01642850935459137,0.4107132848352194,0.10488358407747,0.7,1.4770263305763365e-06,4.527263637005273e-07,0.1679474216380182
16620,0.14076283909380435,0.16387347504496574,0.016446639597415925,0.4111663356423378,0.15213116398081183,0.4,3.463456096142181e-06,4.521777049026766e-07,0.16804853387259858
16630,0.1156193658709526,0.06796863116323948,0.013139882683753967,0.32849688827991486,0.06394096938893198,0.8,2.4888384342193604,4.5162910421342383e-07,0.16814964610717897
16640,0.012057426571846008,0.12999604642391205,0.02285732179880142,0.5714328549802303,0.12388802859932184,0.6,1.1208996966161067e-06,4.510805622993705e-07,0.16825075834175934
16650,0.14953767517581582,0.09624853781424463,0.013365809619426728,0.3341452907770872,0.12545369940344245,0.5,3.8265247344970703,4.5053207982704664e-07,0.16835187057633974
16660,0.002370494604110718,0.10559363067150115,0.01916784793138504,0.47919653728604317,0.12786362565821036,0.7,3.682534588733688e-05,4.499836574629104e-07,0.1684529828109201
16670,0.14602846875786782,0.13141390234231948,0.03280894756317139,0.8202237114310265,0.14190148654161022,0.5,1.233329840033548e-06,4.494352958733465e-07,0.1685540950455005
16680,0.006704724207520485,0.03673106664791703,0.021704842150211335,0.5426210083067418,0.12230247284751386,0.7,1.6028252840042114,4.488869957246662e-07,0.16865520728008088
16690,0.12622743248939514,0.13133080694824456,0.03737741410732269,0.934435599297285,0.10969418492168188,0.7,9.057335432771652e-07,4.483387576831057e-07,0.16875631951466127
16700,0.2438355317339301,0.2122117068618536,0.03383023738861084,0.8457559976726771,0.17955015801126137,0.2,0.04642642289400101,4.47790582414826e-07,0.16885743174924167
16710,0.1508675839751959,0.1665852215141058,0.023316116631031038,0.5829029899090529,0.17298116183374077,0.4,0.19353553652763367,4.472424705859114e-07,0.16895854398382204
16720,0.14089807895943524,0.10008077174425126,0.03499151170253754,0.8393580808013212,0.13954885727725924,0.6,2.5205130577087402,4.4669442286237e-07,0.16905965621840244
16730,0.10588542262557894,0.10228233598172665,0.0253353089094162,0.6333824977278709,0.12403052878798917,0.7,0.05275225266814232,4.461464399101312e-07,0.1691607684529828
16740,-0.0012258266098797322,0.0021928252652287485,9.322604746557772e-05,0.002330651506781578,0.049950707727111875,0.9,8.487075683660805e-05,4.4559852239504595e-07,0.1692618806875632
16750,0.18703169599175454,0.15637909173965453,0.009268386662006379,0.2317098703235388,0.08543218580307439,0.7,2.352052927017212,4.4505067098288573e-07,0.16936299292214357
16760,0.6507242783904076,0.5222447231411934,0.019491243362426757,0.9453045189380646,0.130796273984015,0.3,6.295555591583252,4.445028863393417e-07,0.16946410515672397
16770,0.023105920106172562,0.07651262395083905,0.018327194452285766,0.4794452428817749,0.14678966185310854,0.5,10.167928695678711,4.4395516913002354e-07,0.16956521739130434
16780,0.11842128764837981,0.06766931060701609,0.012910814583301544,0.32404947467148304,0.13332005698466673,0.8,0.38272958993911743,4.4340752002045984e-07,0.16966632962588474
16790,0.19460245184600353,0.17749327868223191,0.02434915155172348,0.6087288495153189,0.14885619577253237,0.4,11.747391700744629,4.428599396760956e-07,0.1697674418604651
16800,0.1330367535352707,0.07602100074291229,0.008276478201150895,0.4765127532184124,0.081236020301003,0.8,8.15007952041924e-05,4.423124287622925e-07,0.1698685540950455
16810,0.05860129296779633,0.06570181548595429,0.010255226492881775,0.25638067461550235,0.10108261981513351,0.8,2.843801259994507,4.4176498794432817e-07,0.16996966632962587
16820,0.17601643800735473,0.19151013642549514,0.021024584770202637,0.5256146360188723,0.10651619171258062,0.5,4.461903095245361,4.412176178873944e-07,0.17007077856420627
16830,0.056278027780354026,0.057546104118227956,0.018508072197437286,0.46270197071135044,0.08445462117670104,0.8,1.4306777984529617e-06,4.40670319256598e-07,0.17017189079878664
16840,0.09154065251350403,0.23598793018609285,0.027491897344589233,0.6872977871447802,0.13336335141211747,0.5,0.08418199419975281,4.401230927169581e-07,0.17027300303336704
16850,0.031222665309906007,0.09470288902521133,-3.592349530663341e-05,0.14727545268833636,0.09401936524081975,0.8,1.0619014574331231e-06,4.395759389334066e-07,0.17037411526794743
16860,0.11461401698179544,0.18496661800891162,0.018154694139957427,0.46023565270006656,0.12704958599060773,0.5,0.023494308814406395,4.3902885857078683e-07,0.1704752275025278
16870,0.4236988626420498,0.2870791032910347,0.042551958560943605,1.0637989107519388,0.14418839601567016,0.3,1.2162375924162916e-06,4.3848185229385303e-07,0.1705763397371082
16880,0.11689073294401169,0.35706269890069964,0.014108164608478546,0.6122209466993809,0.223503973626066,0.4,0.03138219565153122,4.379349207672695e-07,0.17067745197168857
16890,0.38551313281059263,0.24092167019844055,0.024604977667331697,0.6151245113462209,0.09367999415844679,0.6,31.078872680664062,4.3738806465560974e-07,0.17077856420626897
16900,0.20078106895089148,0.14668137417174876,0.01257079690694809,0.7659027062356472,0.10318948891945183,0.5,4.196052941551898e-06,4.368412846233553e-07,0.17087967644084934
16910,0.17448843829333782,0.13849226385354996,0.02945987582206726,0.7364975105971098,0.12207175808725879,0.6,1.0210434311375138e-06,4.362945813348955e-07,0.17098078867542973
16920,0.018481383472681044,0.053862327337265016,0.01762905567884445,0.44072647430002687,0.12690122325439007,0.7,14.98752212524414,4.357479554545262e-07,0.1710819009100101
16930,0.03571273203997407,0.021847485145553947,0.017776642739772797,0.4490629002451897,0.11996751151746139,0.7,0.15647676587104797,4.352014076464499e-07,0.1711830131445905
16940,0.10403216164559126,0.06667715162038804,0.03376715183258057,0.8441793449223042,0.12389011080376804,0.5,2.045877695083618,4.3465493857477333e-07,0.17128412537917087
16950,-0.013605768419802189,0.03816258637234569,0.011947392672300338,0.3060747481882572,0.14188905888004227,0.6,12.204056739807129,4.341085489035079e-07,0.17138523761375127
16960,0.1889517515897751,0.1118131510913372,0.023117025196552277,0.5779254991561175,0.0730048036086373,0.7,9.37683751089935e-07,4.335622392965689e-07,0.17148634984833164
16970,0.04914051676169038,0.033323442563414574,0.02541124224662781,0.6352811306715012,0.10282279808307067,0.8,2.1997745037078857,4.330160104177737e-07,0.17158746208291203
16980,0.09592618551105261,0.11182389296591282,0.021126610040664674,0.5284286454319954,0.13303933799033985,0.6,1.0857568213396007e-06,4.324698629308419e-07,0.1716885743174924
16990,0.010883194208145142,0.16611211895942687,0.00921030342578888,0.23026095293462276,0.09351176976924762,0.8,0.014065098948776722,4.3192379749939456e-07,0.1717896865520728
17000,0.09233626797795295,0.11988677084445953,0.02670043706893921,0.6675111550837756,0.10100854774937033,0.7,0.008803769946098328,4.313778147869523e-07,0.1718907987866532
17010,0.22166216280311346,0.3428033947944641,0.027471980452537535,0.6868006862699986,0.13665543124079704,0.5,5.028583927924046e-06,4.3083191545693575e-07,0.17199191102123357
17020,0.09140610694885254,0.1383321188390255,0.013558150827884674,0.3389537688344717,0.17687280499376357,0.6,5.746389865875244,4.302861001726641e-07,0.17209302325581396
17030,-0.01581342816352844,0.03192659951746464,0.007048454135656357,0.17621134780347347,0.06811004990013317,0.8,2.1882190704345703,4.297403695973541e-07,0.17219413549039433
17040,0.08517430648207665,0.08182502090930939,0.015712180733680726,0.3928050059825182,0.09009987086756155,0.8,2.0666302589233965e-06,4.291947243941203e-07,0.17229524772497473
17050,0.03994356580078602,0.03092665523290634,0.026596921682357787,0.6794790003448725,0.10135999014601112,0.6,0.08693155646324158,4.286491652259729e-07,0.1723963599595551
17060,0.048900292441248897,0.07413634210824967,-0.005881037935614586,0.08892462067306042,0.09723120265407488,0.7,2.259438952023629e-05,4.281036927558177e-07,0.1724974721941355
17070,-0.013263056054711342,0.012080522067844868,0.0032783187925815582,0.08195795938372612,0.09370126537978649,0.8,0.00044285383773967624,4.2755830764645517e-07,0.17259858442871587
17080,0.12279699463397264,0.13315030187368393,0.008420056104660035,0.3428602010011673,0.11872666376875714,0.5,0.02768893912434578,4.2701301056057934e-07,0.17269969666329626
17090,0.156152025423944,0.11050838809460402,0.01884276866912842,0.5648751221597195,0.10479548403527587,0.5,1.3850494724465534e-06,4.2646780216077813e-07,0.17280080889787663
17100,0.19617628455162048,0.23812257945537568,0.022376811504364012,0.5594203125685453,0.11039942901115865,0.7,0.03835352882742882,4.25922683109531e-07,0.17290192113245703
17110,0.15302027612924576,0.0944427028298378,0.02838907539844513,0.7097272302955389,0.0950441152555868,0.7,0.029399016872048378,4.2537765406920897e-07,0.1730030333670374
17120,0.07172625251114369,0.10666577219963073,0.02329743653535843,0.5824362110346556,0.14280776149826124,0.5,1.189086219710589e-06,4.248327157020736e-07,0.1731041456016178
17130,0.3912324488162994,0.2606452703475952,0.02333229035139084,0.7778759274631739,0.10543451104313135,0.6,1.007853484225052e-06,4.242878686702763e-07,0.17320525783619817
17140,0.1572537526488304,0.2465308714658022,0.028319817781448365,0.7079954400658608,0.14608269702875987,0.4,1.4978145360946655,4.237431136358579e-07,0.17330637007077856
17150,0.27092965841293337,0.2606736972928047,0.034733819961547854,0.8723504561930895,0.18689919458702206,0.3,2.082439422607422,4.2319845126074705e-07,0.17340748230535896
17160,0.01009824089705944,0.04730184450745582,0.0006471576169133186,0.09357485808432102,0.08569495099363848,0.8,2.1998080228513572e-06,4.226538822067597e-07,0.17350859453993933
17170,0.01672114939428866,0.01961703971028328,0.01822054833173752,0.45551387295126916,0.08545874637784437,0.8,1.1538233757019043,4.221094071355989e-07,0.17360970677451973
17180,0.039976795017719266,0.03641246557235718,0.025265374779701234,0.6316386930644512,0.1064958028611727,0.8,0.0005139802815392613,4.2156502670885296e-07,0.1737108190091001
17190,0.09058954464271665,0.2057822782546282,0.029423865675926208,0.7355966676026583,0.23334460926707834,0.3,1.8489162921905518,4.2102074158799527e-07,0.1738119312436805
17200,-0.01481410264968872,0.019109618663787842,0.015207159519195556,0.3801789078861475,0.0579290543217212,0.9,3.8126315757835982e-06,4.2047655243438407e-07,0.17391304347826086
17210,0.017105726338922978,0.12749828342348338,0.008544520288705826,0.45357767343521116,0.16405680348398163,0.5,1.6890347003936768,4.199324599092603e-07,0.17401415571284126
17220,-0.03275655449833721,0.0835083918645978,0.011771296709775924,0.31204398535192013,0.1761815216159448,0.5,1.033403805195121e-06,4.193884646737474e-07,0.17411526794742163
17230,0.24133141972124578,0.14574863500893115,0.023708951473236085,0.6574828460812568,0.11856729444116354,0.6,4.716985702514648,4.1884456738885123e-07,0.17421638018200203
17240,0.38332843091338875,0.3845422141253948,0.06016348004341125,1.5040876112878323,0.10988080642418936,0.5,5.889948844909668,4.1830076871545793e-07,0.1743174924165824
17250,0.06597199141979218,0.05005541443824768,0.014122195541858673,0.353055040538311,0.0898609614232555,0.8,1.597145342202566e-06,4.177570693143346e-07,0.1744186046511628
17260,0.14466864233836532,0.14908989071846007,0.018876470625400543,0.4719115350395441,0.12379308881936595,0.7,1.3314180478118942e-06,4.1721346984612704e-07,0.17451971688574316
17270,0.2087633028626442,0.28935945630073545,0.03369145393371582,0.8422866273671389,0.133012926497031,0.5,4.888518378720619e-05,4.1666997097135984e-07,0.17462082912032356
17280,0.2344684548676014,0.23166852295398713,0.04544510841369629,0.68026186786592,0.16691644957754762,0.5,8.251115798950195,4.161265733504355e-07,0.17472194135490393
17290,0.25187585353851316,0.30894562862813474,0.022291842103004455,0.5572961065918207,0.1259177177445963,0.5,1.5534053090959787e-05,4.1558327764363307e-07,0.17482305358948433
17300,0.18062375038862227,0.12078336700797081,0.026081952452659606,0.695321761071682,0.13371857712045312,0.7,3.957024097442627,4.150400845111084e-07,0.17492416582406473
17310,0.1919874455779791,0.15555590242147446,0.027591702342033387,0.6897923875600099,0.10135153635637835,0.7,9.411303520202637,4.1449699461289225e-07,0.1750252780586451
17320,-0.048186471313238145,0.0820597030222416,0.006999774277210236,0.17499453127384185,0.09421980073675514,0.8,1.6464756527057034e-06,4.1395400860889006e-07,0.1751263902932255
17330,0.08071313202381133,0.19588519632816315,0.016279183328151703,0.642379742488265,0.17277872550766915,0.5,23.889299392700195,4.1341112715888105e-07,0.17522750252780586
17340,0.20160037875175477,0.1919970318675041,0.024041907489299776,0.6010475590825081,0.14177375859580935,0.4,0.7615237236022949,4.1286835092251715e-07,0.17532861476238626
17350,0.015016699954867364,0.060435912758111957,0.012849043309688567,0.321225942671299,0.10229612686671316,0.7,2.0683348178863525,4.1232568055932305e-07,0.17542972699696663
17360,0.5421615481376648,0.30980660021305084,0.030286449193954467,0.7571613050997257,0.07774424273520708,0.7,10.664767265319824,4.1178311672869426e-07,0.17553083923154703
17370,0.04398152008652687,0.035711660981178284,0.013869087398052215,0.3467273525893688,0.06217327868798748,0.8,2.4481539639964467e-06,4.1124066008989675e-07,0.1756319514661274
17380,0.08318812176585197,0.1100456453859806,0.021571984887123107,0.5392996527254581,0.12440250751096756,0.6,2.3052059532346902e-06,4.106983113020669e-07,0.1757330637007078
17390,0.0017762701958417893,0.02656000144779682,0.0071672312915325165,0.17918075993657112,0.13369457683293148,0.7,0.0021355003118515015,4.1015607102420937e-07,0.17583417593528816
17400,0.006020950694801286,0.04533448156435042,0.020721204578876495,0.5180304765701294,0.1345873843296431,0.6,0.0013108967104926705,4.0961393991519704e-07,0.17593528816986856
17410,0.07436104416847229,0.07735710591077805,0.020309627056121826,0.507740331441164,0.0877984510269016,0.7,1.769591335687437e-06,4.090719186337708e-07,0.17603640040444893
17420,0.20513853766024112,0.2671180535107851,0.01614524722099304,1.1077864985913037,0.15218493258580565,0.5,0.016206197440624237,4.085300078385374e-07,0.17613751263902933
17430,0.23819108605384826,0.15311259180307388,0.02239037901163101,0.5597597781568766,0.07079129937337711,0.6,1.0787993005578755e-06,4.0798820818796953e-07,0.1762386248736097
17440,0.01578681468963623,0.0203643798828125,0.03092816472053528,0.7732043255120515,0.09278295374242589,0.9,0.1722358614206314,4.0744652034040474e-07,0.1763397371081901
17450,0.1156698614358902,0.09091238304972649,0.004869313538074493,0.3403931349515915,0.08981681686127559,0.6,1.2509610652923584,4.0690494495404493e-07,0.17644084934277046
17460,0.13538475558161736,0.1925964903086424,0.027343210577964783,0.6835797816514969,0.19648094865260646,0.3,5.163473606109619,4.063634826869553e-07,0.17654196157735086
17470,0.061512336134910583,0.08512410223484039,0.01130010113120079,0.28250257559120656,0.07512725391425193,0.8,7.910293220447784e-07,4.0582213419706367e-07,0.17664307381193126
17480,0.0040125053375959395,0.013202309235930442,0.02404245138168335,0.601060938835144,0.15664357361383735,0.6,1.3009902204430546e-06,4.052809001421594e-07,0.17674418604651163
17490,-0.0006614521611481905,0.003442864865064621,0.010943351686000824,0.27659268528223035,0.10079392229672521,0.8,1.2761601055899519e-06,4.0473978117989287e-07,0.17684529828109202
17500,0.20971822515130042,0.17638718262314795,0.016938966512680054,0.42347393110394477,0.10142593815689907,0.7,8.587283559791103e-07,4.0419877796777447e-07,0.1769464105156724
17510,0.0711041467031464,0.18263421915471553,0.0206970676779747,0.5174268655478954,0.18624835537048057,0.3,3.200542449951172,4.036578911631745e-07,0.1770475227502528
17520,0.05281810067826882,0.0669902908091899,0.026341769099235534,0.7093300729990005,0.14771253033541143,0.4,1.3447375977193587e-06,4.031171214233211e-07,0.17714863498483316
17530,0.07513370612869039,0.15363296354189515,0.01700107306241989,0.42502711042761804,0.13769050166010857,0.6,4.9438662244938314e-05,4.0257646940530076e-07,0.17724974721941356
17540,0.02514875875785947,0.046421730890870094,0.017027811706066133,0.425695164501667,0.13792771821608768,0.6,4.752089500427246,4.0203593576605653e-07,0.17735085945399393
17550,-0.02436547093093395,0.08220151141285896,0.020037843286991118,0.5090794932097197,0.1926302941283211,0.5,0.03023984096944332,4.014955211623875e-07,0.17745197168857432
17560,0.25855693519115447,0.1816442370414734,0.02503075301647186,0.6257686957716941,0.08943144853692502,0.7,7.981888643371349e-07,4.009552262509489e-07,0.1775530839231547
17570,0.27183459009975197,0.20423867776989937,0.010099710524082183,0.2524925537407398,0.08649016037816182,0.6,1.6258212554021156e-06,4.0041505168824966e-07,0.1776541961577351
17580,0.052665424346923825,0.07988628596067429,0.010275660455226899,0.2568914335221052,0.11300712992670015,0.6,1.741841060720617e-06,3.9987499813065294e-07,0.17775530839231546
17590,0.06638372847810388,0.11486086584627628,0.029649242758750916,0.7412314593791962,0.12587066122796386,0.6,1.3059848242846783e-06,3.993350662343745e-07,0.17785642062689586
17600,0.2631595957092941,0.2259944261983037,0.003960389643907547,0.6480821240693331,0.15832656256388872,0.4,1.1385765219529276e-06,3.9879525665548274e-07,0.17795753286147623
17610,0.1532467044889927,0.10728159546852112,0.024874626100063323,0.6218656666576863,0.09481302918866277,0.7,6.857847213745117,3.98255570049897e-07,0.17805864509605662
17620,0.06100381761789322,0.21728504151105882,0.021966397762298584,0.6088843900710345,0.19029761421261354,0.5,5.976716995239258,3.977160070733877e-07,0.17815975733063702
17630,0.25501348059624435,0.30151675157248975,0.02245074063539505,0.5612688321620226,0.144497432326898,0.5,105.67240142822266,3.9717656838157453e-07,0.1782608695652174
17640,0.0633490217383951,0.05609929990023375,0.0009313427843153476,0.19746642112731932,0.09242595647228882,0.6,3.629694037954323e-05,3.966372546299264e-07,0.1783619817997978
17650,-0.09222305081784725,0.2034413293004036,0.017394763231277467,0.43486896231770517,0.18473698254674673,0.5,1.290930413233582e-06,3.9609806647376033e-07,0.17846309403437816
17660,0.4250580307096243,0.2589432630687952,0.03627550005912781,0.9068875499069691,0.09667852406855673,0.4,3.984631061553955,3.955590045682407e-07,0.17856420626895855
17670,0.06669749096035957,0.05419126749038696,0.010186955332756042,0.2546740971505642,0.07049298973288387,0.8,0.015551536343991756,3.9502006956837873e-07,0.17866531850353892
17680,0.5370507099432871,0.3089843407273293,-0.017890293896198273,0.5543675716966391,0.1426094825961627,0.4,1.5143641576287337e-06,3.9448126212903133e-07,0.17876643073811932
17690,0.14736078679561615,0.2346220314502716,0.02679635286331177,0.6699090428650379,0.17624349643010645,0.4,0.4336547553539276,3.939425829049001e-07,0.1788675429726997
17700,0.30921982526779174,0.2248395562171936,0.02164192497730255,0.5410483047366142,0.04287962098605931,0.8,2.7225285066379e-06,3.9340403255053126e-07,0.1789686552072801
17710,0.2882123151794076,0.16527327308431267,0.02517346143722534,0.6293367128819227,0.09781321994960308,0.6,3.9672014713287354,3.92865611720314e-07,0.17906976744186046
17720,0.24750149939209223,0.2878124974668026,0.044531640410423276,1.1132917430251836,0.11451155020622536,0.6,0.029877332970499992,3.9232732106848086e-07,0.17917087967644085
17730,-0.002222922630608082,0.04122568741440773,0.005942326411604882,0.14855811409652234,0.10776969770668074,0.8,2.363804742344655e-05,3.9178916124910547e-07,0.17927199191102122
17740,0.42775784581899645,0.4112104088068008,0.004841456189751625,0.7183869305998087,0.1091547533753328,0.5,5.8989015087718144e-05,3.912511329161027e-07,0.17937310414560162
17750,-0.029232957074418663,0.0383611261844635,0.009606934338808059,0.2647017750889063,0.11262091629905627,0.7,6.502536773681641,3.9071323672322783e-07,0.179474216380182
17760,0.09740496863960288,0.08226484324550257,0.02746436893939972,0.6922717951238155,0.1506677887868136,0.5,25.940887451171875,3.901754733240752e-07,0.1795753286147624
17770,0.1813772827386856,0.10364415794610977,0.024174784123897553,0.6043698292225599,0.06863746856106445,0.7,0.0844452753663063,3.896378433720785e-07,0.17967644084934278
17780,0.030274871736764908,0.05300033763051033,0.020253171026706696,0.5063294995576143,0.12247346605872736,0.7,2.936254531960003e-06,3.8910034752050857e-07,0.17977755308392315
17790,0.0022310066968202593,0.008924026787281037,0.007020238041877747,0.17550595737993718,0.069953178265132,0.9,0.01623520627617836,3.885629864224736e-07,0.17987866531850355
17800,-0.016385367140173912,0.08774686232209206,0.02149103432893753,0.5372759141027927,0.17194549470441417,0.5,33.49417495727539,3.8802576073091774e-07,0.17997977755308392
17810,0.15252029858529567,0.17803176660090686,0.033101776242256166,0.8275440376251936,0.14274177632760257,0.6,0.00729740597307682,3.8748867109862124e-07,0.18008088978766432
17820,-0.000762137770652771,0.15841065794229509,0.020568850636482238,0.5142211750149727,0.10373044685693458,0.7,1.997888830373995e-06,3.8695171817819825e-07,0.18018200202224469
17830,0.04000369608402252,0.11838370189070702,0.02206168621778488,0.5076912071555852,0.13484427332878113,0.6,2.4912910703278612e-06,3.864149026220977e-07,0.18028311425682508
17840,0.24501658082008362,0.16890632659196853,0.028715139627456664,0.7178785901516676,0.0861372894840315,0.6,1.0380776984675322e-06,3.8587822508260083e-07,0.18038422649140545
17850,0.32087147384881975,0.2523685894906521,0.03294560015201568,0.8236397597938776,0.12296308341901749,0.5,34.31089401245117,3.853416862118214e-07,0.18048533872598585
17860,0.0502411313354969,0.06601268798112869,0.010060415416955949,0.25151022970676423,0.07901216002646834,0.8,5.146894181962125e-06,3.8480528666170485e-07,0.18058645096056622
17870,0.09984670523554087,0.18823965038172902,0.01629621833562851,0.4074052024632692,0.1637139543890953,0.4,5.17152738571167,3.8426902708402694e-07,0.18068756319514662
17880,0.18207271285355092,0.20644398527219893,0.0395602822303772,0.9890073012560606,0.13831912681926042,0.6,12.778101921081543,3.83732908130394e-07,0.18078867542972699
17890,-0.07113808207213879,0.0905531108379364,0.009934002906084061,0.2483502969145775,0.12269476259825751,0.6,0.019625790417194366,3.8319693045224087e-07,0.18088978766430738
17900,0.11828636080026626,0.10350862145423889,0.011593658477067947,0.2898415416479111,0.11929753863951191,0.6,0.026358652859926224,3.826610947008312e-07,0.18099089989888775
17910,0.10301097482442856,0.07688552141189575,0.012998257577419282,0.32495643235743044,0.06765500798355788,0.7,2.805218900903128e-05,3.821254015272558e-07,0.18109201213346815
17920,0.005514403805136681,0.0031510878354310988,0.02758660614490509,0.6896657221019268,0.08636819425737485,0.9,0.03350973501801491,3.8158985158243214e-07,0.18119312436804855
17930,0.178528643399477,0.11773756146430969,0.01639779508113861,0.40994454845786094,0.09005550044821575,0.6,17.20556640625,3.8105444551710437e-07,0.18129423660262892
17940,0.00913878008723259,0.008323966711759567,0.009751718491315842,0.24379302561283112,0.07294166013598442,0.9,0.00013690130435861647,3.805191839818411e-07,0.1813953488372093
17950,0.2788324519991875,0.3380744934082031,0.026143375039100646,0.6535853881388902,0.14337521895067767,0.4,1.2118349559386843e-06,3.799840676270356e-07,0.18149646107178968
17960,0.0034643840044736862,0.04680912159383297,0.01190607026219368,0.2976518593728542,0.1132067218190059,0.7,1.931822907863534e-06,3.7944909710290474e-07,0.18159757330637008
17970,0.008983931690454482,0.12407558429986239,-0.0014942007139325142,0.194559183716774,0.08722479570424184,0.7,1.0071985343529377e-06,3.7891427305948806e-07,0.18169868554095045
17980,0.10526133328676224,0.06222791373729706,0.013817715644836425,0.34321068301796914,0.0590404107933864,0.8,1.4485584642898175e-06,3.783795961466471e-07,0.18179979777553085
17990,0.026501129256212154,0.05762676731683314,0.008675576001405717,0.21689008697867393,0.14600660495925694,0.6,2.463895559310913,3.7784506701406505e-07,0.18190091001011122
18000,0.10562152713537216,0.11108844131231307,0.009998659044504166,0.24996651485562324,0.11747535367030651,0.6,0.0001831426634453237,3.773106863112451e-07,0.1820020222446916
18010,0.057620969414710996,0.07630040645599365,0.022783376276493073,0.5695842716842889,0.09027123564155773,0.8,2.876865210055257e-06,3.7677645468751e-07,0.18210313447927198
18020,0.06431223601102828,0.08561674207448959,0.019857285916805266,0.5005688015371561,0.1031558261369355,0.7,0.157107412815094,3.762423727920017e-07,0.18220424671385238
18030,0.21434471029788255,0.1627719011157751,0.03113311529159546,0.7783275827765465,0.16158905324991793,0.3,4.612159252166748,3.757084412736799e-07,0.18230535894843275
18040,0.16404034830629827,0.13014881014823915,0.027721580862998963,0.6930395066738129,0.1104266265872866,0.6,6.148548709461465e-05,3.751746607813221e-07,0.18240647118301315
18050,0.045930756721645594,0.1863823898602277,0.014670537412166595,0.37191450856626035,0.13724661897867918,0.5,79.07522583007812,3.746410319635217e-07,0.18250758341759352
18060,0.004617293551564217,0.051726740598678586,0.008043239265680313,0.20108088552951814,0.13328913415316493,0.6,3.897766418958781e-06,3.74107555468688e-07,0.1826086956521739
18070,0.17549763917922973,0.133882337808609,0.035517215728759766,0.8879310104995966,0.06838929936056956,0.7,5.7233978623116855e-06,3.735742319450453e-07,0.1827098078867543
18080,0.0021271832287311555,0.0038052212446928026,0.01597316414117813,0.39932875372469423,0.07513092933222651,0.9,1.1637054058155627e-06,3.730410620406318e-07,0.18281092012133468
18090,0.23359485119581222,0.2790089465677738,0.020602522790431975,0.5150629963725806,0.11556232866132632,0.6,4.354175567626953,3.725080464032996e-07,0.18291203235591508
18100,0.36930590532720087,0.31912693604826925,0.011532030254602432,0.6776440259069204,0.15772244919789954,0.4,5.370795861381339e-06,3.719751856807125e-07,0.18301314459049545
18110,-0.039659179747104645,0.18127044588327407,0.02631305158138275,0.6578261364251375,0.1360878141480498,0.7,0.06477512419223785,3.7144248052034694e-07,0.18311425682507584
18120,-0.06726898737251759,0.09351848065853119,0.019330114126205444,0.48325273506343364,0.10345849358709529,0.6,0.00028679915703833103,3.709099315694897e-07,0.1832153690596562
18130,0.0917236976325512,0.06174778565764427,0.015534573793411255,0.38836429379880427,0.10231092380126938,0.7,5.081592559814453,3.703775394752378e-07,0.1833164812942366
18140,0.24316679472103714,0.24993914365768433,0.028737673163414003,0.7184423569589853,0.11938659127335996,0.5,2.9987969398498535,3.698453048844983e-07,0.18341759352881698
18150,0.15547309592366218,0.11954201757907867,-0.01801413893699646,0.10385784842073917,0.08404208810534328,0.7,1.343999997516221e-06,3.6931322844398606e-07,0.18351870576339738
18160,0.020315152406692506,0.039343517273664474,0.013200227916240693,0.3300060389563441,0.0732962379232049,0.8,1.823104412324028e-06,3.6878131080022414e-07,0.18361981799797775
18170,0.0024460818618535995,0.1170556228607893,0.002591264806687832,0.06478159166872502,0.10604422583710402,0.7,31.049951553344727,3.6824955259954283e-07,0.18372093023255814
18180,0.09013230800628662,0.05150417685508728,0.005091895908117294,0.4174604032188654,0.06836228988831863,0.9,0.025656716898083687,3.677179544880784e-07,0.1838220424671385
18190,0.08901733160018921,0.13679361194372178,0.027565020322799682,0.6891247447580099,0.13822617607656867,0.7,1.8129633190255845e-06,3.671865171117724e-07,0.1839231547017189
18200,0.004772435128688812,0.05999652231112122,0.010285793244838715,0.25714490544050933,0.08860781399998814,0.7,1.202235239361471e-06,3.666552411163718e-07,0.18402426693629928
18210,-0.0004036426544189453,0.020638558268547057,0.004844740033149719,0.12111853584647178,0.06163727150997147,0.8,3.975555896759033,3.661241271474269e-07,0.18412537917087968
18220,0.06690991465002298,0.04259118963964283,0.026395490765571593,0.6610300578176975,0.12327700161840767,0.5,1.7559425486979308e-06,3.655931758502911e-07,0.18422649140546007
18230,0.01640723943710327,0.07114709913730621,0.025869572162628175,0.6467394199222326,0.09962675783317536,0.8,0.04035607725381851,3.6506238787012036e-07,0.18432760364004044
18240,0.19818309284746646,0.1385964250192046,-0.009953919053077697,0.22294909097254276,0.10648303327616304,0.6,1.2043794868077384e-06,3.645317638518721e-07,0.18442871587462084
18250,-0.019221949577331542,0.010983971506357193,0.009273158013820648,0.23182912208139897,0.05689867181936279,0.9,2.231693770227139e-06,3.640013044403045e-07,0.1845298281092012
18260,0.318410142371431,0.2755664262920618,0.019408240914344788,0.48520581014454367,0.12692279550246893,0.5,7.593635082244873,3.6347101027997607e-07,0.1846309403437816
18270,0.18688493371009826,0.18111853823065757,0.019831134378910063,0.7988227024674416,0.08256725600222126,0.5,0.002033999189734459,3.629408820152439e-07,0.18473205257836198
18280,0.10898230597376823,0.1272951090708375,0.02296271026134491,0.5740675415843726,0.13994703842327,0.5,4.384236490295734e-06,3.62410920290264e-07,0.18483316481294237
18290,0.05806019082665444,0.037839504331350325,0.019392557442188263,0.4848143979907036,0.08854882954619825,0.7,1.8348440562476753e-06,3.618811257489895e-07,0.18493427704752274
18300,0.008049611747264863,0.022198595851659775,0.002723501995205879,0.06808750964701175,0.05707004381110892,0.8,1.4651161563961068e-06,3.6135149903517116e-07,0.18503538928210314
18310,0.01415592133998871,0.02704874463379383,0.014552488923072815,0.3635476138442755,0.14869836339494213,0.8,10.601264953613281,3.6082204079235513e-07,0.1851365015166835
18320,0.0032877326011657715,0.04674889780580997,0.016502496600151063,0.41256258338689805,0.11436387659050525,0.7,1.0506021976470947,3.6029275166388323e-07,0.1852376137512639
18330,-0.16744553595781325,0.18515030592679976,0.005529996380209923,0.13825004324316978,0.14232810273533686,0.6,2.329757535335375e-06,3.5976363229289164e-07,0.18533872598584428
18340,0.26694146990776063,0.2638148903846741,0.022030238807201386,0.5448737986385822,0.10887473587645217,0.5,0.00011344768427079543,3.5923468332231e-07,0.18543983822042467
18350,0.15027813613414764,0.08587322533130645,0.020810085535049438,0.5202522464096546,0.08176577067933977,0.8,8.830638762447052e-07,3.5870590539486154e-07,0.18554095045500504
18360,0.1640550412237644,0.2062083214521408,0.019921207427978517,0.4980303168296814,0.16154492063215004,0.5,1.247846967089572e-06,3.5817729915306133e-07,0.18564206268958544
18370,-0.014587320480495691,0.1543196875602007,0.03096659779548645,0.7741646125912667,0.21238274726783857,0.4,31.41923713684082,3.576488652392156e-07,0.1857431749241658
18380,0.0601243241224438,0.12436125241219997,0.021652747690677644,0.5730538759380579,0.17115593425696715,0.5,17.7351016998291,3.5712060429542135e-07,0.1858442871587462
18390,0.04379985928535461,0.025028491020202638,0.012245558202266693,0.30613903477787974,0.03949262779206038,0.9,4.212967724015471e-06,3.5659251696356564e-07,0.1859453993933266
18400,0.04888922143727541,0.06477831304073334,0.016024066507816313,0.4006013859063387,0.12111865372862667,0.7,1.59869148319558e-06,3.56064603885324e-07,0.18604651162790697
18410,0.1528711661696434,0.13924117162823677,0.01700431704521179,0.4251074895262718,0.09119150203187018,0.7,1.3909508425058448e-06,3.555368657021611e-07,0.18614762386248737
18420,0.09631397436605767,0.14461115191224963,0.025480443239212038,0.6370113484561444,0.17014942994574084,0.4,0.4926621615886688,3.550093030553284e-07,0.18624873609706774
18430,0.06768954321742057,0.04480873979628086,0.030125069618225097,0.7531266260892153,0.11421212304849178,0.7,0.0831083282828331,3.544819165858642e-07,0.18634984833164814
18440,0.23754447125829756,0.2137238785624504,0.026875945925712585,0.9073826275765896,0.1190344472648576,0.5,9.834761840465944e-06,3.5395470693459264e-07,0.1864509605662285
18450,0.12353331204503774,0.07661808244884014,0.005949370935559273,0.14873412288725377,0.07376958657987416,0.8,37.42904281616211,3.5342767474212335e-07,0.1865520728008089
18460,0.07547942288219929,0.07560309022665024,0.01606397032737732,0.40159924477338793,0.10159903082530945,0.6,13.637788772583008,3.5290082064885016e-07,0.18665318503538927
18470,0.13569914866238833,0.1327762383967638,0.030634218454360963,0.7854884538799525,0.13341951937181876,0.4,11.30367374420166,3.523741452949505e-07,0.18675429726996967
18480,0.05745125859975815,0.052723166346549985,0.021135543286800385,0.5191611487418413,0.1623507534735836,0.6,1.6669772548993933e-06,3.518476493203845e-07,0.18685540950455004
18490,0.10810762969776988,0.1475623340345919,0.03579139411449432,0.8947850488126278,0.11547316703945398,0.6,1.0430379006720614e-05,3.5132133336489445e-07,0.18695652173913044
18500,0.006533162947744131,0.03088664822280407,0.010910418629646302,0.27276039496064186,0.1403062044759281,0.7,0.3985879421234131,3.5079519806800366e-07,0.1870576339737108
18510,0.22685183882713317,0.14296345859766008,0.03253021836280823,0.813256536051631,0.08113332785433158,0.6,4.661642833525548e-06,3.502692440690165e-07,0.1871587462082912
18520,0.16117404252290726,0.1531731218099594,0.03283020555973053,0.8207558386027813,0.11834069610340521,0.6,0.09676917642354965,3.497434720070165e-07,0.18725985844287157
18530,-0.015328354435041547,0.031255916133522986,0.010007259249687196,0.2501815564930439,0.12267939182929695,0.7,1.5551610204056487e-06,3.492178825208661e-07,0.18736097067745197
18540,0.14771386086940766,0.10667488425970077,0.029510575532913207,0.826453497260809,0.10921092584030703,0.7,1.36916560222744e-06,3.486924762492064e-07,0.18746208291203237
18550,0.044304768182337285,0.06482124663889408,0.015602168440818787,0.3900544516742229,0.13856902270345017,0.5,9.623201913200319e-05,3.481672538304553e-07,0.18756319514661274
18560,0.16702188858762385,0.18493990525603293,0.03282136619091034,0.8205344088375568,0.17735387654975057,0.4,1.3311890363693237,3.4764221590280784e-07,0.18766430738119314
18570,0.19314644783735274,0.15244141221046448,0.022043879330158233,0.5510971810668707,0.11191158704459667,0.6,0.02063784934580326,3.4711736310423446e-07,0.1877654196157735
18580,0.11614209786057472,0.11179933550301939,0.02785477340221405,0.6963692829012871,0.16262693422613667,0.6,1.4103710554991267e-06,3.4659269607248074e-07,0.1878665318503539
18590,0.26744829341769216,0.20948027521371843,0.03820478916168213,0.955119863525033,0.14615286752814427,0.4,0.3647375702857971,3.460682154450666e-07,0.18796764408493427
18600,0.17290745973587035,0.09880426228046417,0.012579426169395447,0.540992247313261,0.08786606707144529,0.8,0.02544526383280754,3.455439218592856e-07,0.18806875631951467
18610,0.1484618753194809,0.22429594695568084,0.02954215407371521,0.7385540127754211,0.11626020406838507,0.6,0.00017403255333192647,3.4501981595220365e-07,0.18816986855409504
18620,0.34001002106815575,0.31681227311491966,0.0311151921749115,0.7778799749910832,0.15112649215152488,0.2,0.5704798698425293,3.4449589836065915e-07,0.18827098078867543
18630,0.13977492777630687,0.28674908354878426,0.008299295604228974,0.5896109271794557,0.13568579310085624,0.5,0.011020046658813953,3.439721697212612e-07,0.1883720930232558
18640,0.2767007315531373,0.20568346958607436,0.050703626871109006,1.2675901349633931,0.2058508188230917,0.1,0.46008041501045227,3.4344863067038955e-07,0.1884732052578362
18650,0.005453424900770188,0.050506988540291786,0.003149516135454178,0.07873778529465199,0.10111045653466136,0.8,1.3111526868669898e-06,3.429252818441934e-07,0.18857431749241657
18660,-0.015639853477478028,0.030384858697652818,0.0118695966899395,0.2967408575117588,0.09274086537770927,0.8,0.00012633405276574194,3.4240212387859093e-07,0.18867542972699697
18670,0.11804039333947003,0.09241076344624162,0.024768906831741332,0.6192227523773909,0.18227720784489065,0.5,0.921807587146759,3.4187915740926853e-07,0.18877654196157734
18680,0.08398366458714009,0.06743992269039153,0.030127546191215514,0.7531893711537123,0.1354437227593735,0.6,1.0236250162124634,3.4135638307167957e-07,0.18887765419615773
18690,0.27412350177764894,0.1767408013343811,0.023976507782936095,0.5994129545986653,0.12383760077646003,0.6,7.471019268035889,3.408338015010445e-07,0.18897876643073813
18700,0.1942316669970751,0.16200258806347848,0.02479948103427887,0.6199871189892292,0.14007227764232083,0.7,0.8831653594970703,3.4031141333234894e-07,0.1890798786653185
18710,0.1068235388956964,0.06423441744409501,0.02445085793733597,0.6112716238945722,0.12717645234661176,0.7,0.6238003373146057,3.3978921920034365e-07,0.1891809908998989
18720,0.05625285357236862,0.1400619674474001,-0.0010128121823072434,0.18700396902859212,0.11025647779460997,0.7,1.745886206626892,3.392672197395441e-07,0.18928210313447927
18730,0.11047291159629821,0.15669218748807906,0.02010287195444107,0.6085137687623501,0.09359724731184542,0.8,0.021350203081965446,3.387454155842287e-07,0.18938321536905967
18740,0.005005073361098766,0.028632389008998872,0.009671813994646072,0.2417954567819834,0.07501095369225368,0.8,1.5093187357706483e-06,3.382238073684386e-07,0.18948432760364003
18750,0.14970483407378196,0.35009687282145024,0.0337809145450592,0.7436181679368019,0.16536410284461453,0.4,3.237440824508667,3.377023957259771e-07,0.18958543983822043
18760,0.45074587762355806,0.38699153661727903,0.04943864047527313,1.235966106876731,0.18203393695876002,0.4,7.292609691619873,3.3718118129040827e-07,0.1896865520728008
18770,0.01987440586090088,0.03766771089285612,0.0136946901679039,0.34236749038100245,0.11917108190245926,0.6,14.374512672424316,3.366601646950572e-07,0.1897876643073812
18780,0.036445052549242976,0.13021090626716614,0.024912458658218384,0.6337459605187178,0.171235402894672,0.4,10.799137115478516,3.361393465730079e-07,0.18988877654196157
18790,0.24524328038096427,0.17569624967873096,0.0250232070684433,0.6255804579705,0.07523045530542731,0.7,1.0612752703309525e-06,3.3561872755710365e-07,0.18998988877654197
18800,0.007448702305555344,0.004256401211023331,0.0001323013799265027,0.003307529911398888,0.06339736158261075,0.9,1.2477120208131964e-06,3.350983082799456e-07,0.19009100101112233
18810,0.09955860618501902,0.07491208799183369,0.019992756843566894,0.49981957823038103,0.058481886191293596,0.7,3.3184878702741116e-06,3.3457808937389196e-07,0.19019211324570273
18820,0.026370339468121527,0.05945933796465397,0.025628876686096192,0.6591013103723526,0.178670130611863,0.5,9.04702460502449e-07,3.3405807147105806e-07,0.1902932254802831
18830,0.0393916592001915,0.07739352192729712,0.01729939579963684,0.4397203799337149,0.13579752665245906,0.6,1.3358811656871694e-06,3.335382552033146e-07,0.1903943377148635
18840,0.31545464526861905,0.28610179722309115,0.03204534351825714,0.8011339668184518,0.20479505303082987,0.3,5.117127895355225,3.3301864120228756e-07,0.1904954499494439
18850,0.07178164368961007,0.08120631882920862,0.05003878474235535,1.2509693183004855,0.13914657330606134,0.5,1.1292991638183594,3.3249923009935676e-07,0.19059656218402427
18860,0.1361453115940094,0.08244583904743194,0.025621482729911806,0.6405373845249415,0.08042893443489448,0.8,0.03526633605360985,3.319800225256556e-07,0.19069767441860466
18870,0.07407663706690074,0.10339749809354544,0.022568120062351225,0.5642030142247677,0.15813546773279086,0.4,16.202749252319336,3.314610191120702e-07,0.19079878665318503
18880,0.184549081325531,0.15153868496418,0.029182633757591246,0.7295655339956284,0.07513420491013675,0.7,1.5019008969829883e-06,3.309422204892389e-07,0.19089989888776543
18890,0.030861730873584747,0.03354577869176865,0.03318994343280792,0.8297490797936916,0.15000399803975598,0.7,1.4476044043476577e-06,3.304236272875508e-07,0.1910010111223458
18900,0.07046303935348988,0.06501749251037836,0.021785716712474822,0.5446428492665291,0.11179388982709497,0.8,0.02742883190512657,3.299052401371456e-07,0.1911021233569262
18910,0.21658411845564843,0.1527850106358528,0.022204026579856873,0.5551007635891437,0.10534649097826332,0.5,9.73449346020061e-07,3.2938705966791246e-07,0.19120323559150657
18920,0.08668878674507141,0.06519313752651215,0.014774186909198761,0.36935497634112835,0.07169643264496699,0.8,0.0002856241480913013,3.2886908650948944e-07,0.19130434782608696
18930,0.21121050789952278,0.31403793692588805,0.03021487295627594,0.7553716164082289,0.11286428155144676,0.6,0.0009570070542395115,3.2835132129126316e-07,0.19140546006066733
18940,0.10605153441429138,0.1369174238294363,0.04081701338291168,1.0204258002340794,0.14000066031003372,0.5,2.958258867263794,3.2783376464236685e-07,0.19150657229524773
18950,0.24221720397472382,0.21793861724436284,0.03294329643249512,0.8235821563750505,0.12702131159603597,0.4,2.497023160685785e-05,3.2731641719168056e-07,0.1916076845298281
18960,0.03576138662174344,0.05361547879874706,0.016457457840442658,0.41143695525825025,0.1055303591187112,0.7,1.3164079746275092e-06,3.267992795678306e-07,0.1917087967644085
18970,0.20011755041778087,0.14849023446440696,0.003920898586511612,0.6070809971541167,0.11041064200690016,0.5,0.3240424394607544,3.2628235239918745e-07,0.19180990899898887
18980,0.20505992770195008,0.23675746023654937,0.03352205455303192,0.8421551756560802,0.11407628009328619,0.6,4.958179943059804e-06,3.257656363138669e-07,0.19191102123356926
18990,0.04259675480425358,0.06406231923028827,0.021883855760097503,0.5470966558903456,0.12060152116464451,0.7,1.0668716186046368e-06,3.252491319397274e-07,0.19201213346814966
19000,0.0004873877391219139,0.01600038893520832,0.005177301168441772,0.12943253926932813,0.08415290362900123,0.8,1.1869993209838867,3.2473283990437056e-07,0.19211324570273003
19010,0.060037232283502814,0.09551058895885944,0.0324306070804596,0.8107656456530095,0.14062152839032932,0.4,5.859472751617432,3.2421676083513984e-07,0.19221435793731043
19020,0.1586529068648815,0.12325515113770961,0.02008916288614273,0.2888157516717911,0.13749347252305597,0.5,0.04020509868860245,3.237008953591198e-07,0.1923154701718908
19030,-0.04868521094322205,0.1668729230761528,0.019612763822078706,0.49764719158411025,0.18476368205156177,0.6,7.396920409519225e-05,3.23185244103136e-07,0.1924165824064712
19040,0.03328695297241211,0.09897098541259766,0.009528988599777221,0.23822493553161622,0.10035036754561588,0.7,1.3624337498185923e-06,3.2266980769375297e-07,0.19251769464105156
19050,0.048131316900253296,0.11978472471237182,-0.0034226909279823302,0.06610710918903351,0.06592607316561043,0.8,1.0358538702348596e-06,3.221545867572749e-07,0.19261880687563196
19060,0.05937296450138092,0.050547005236148836,0.017227192223072053,0.4306799627840519,0.09375354369403795,0.8,0.8728432059288025,3.216395819197437e-07,0.19271991911021233
19070,0.09925701632164419,0.06917782966047525,0.018494689464569093,0.46236718595027926,0.1393285437836312,0.6,0.0106819998472929,3.2112479380693867e-07,0.19282103134479273
19080,0.07307647131383418,0.21248614713549613,0.02587582468986511,0.6468961790204049,0.16042648322181777,0.5,1.0906567240454024e-06,3.206102230443759e-07,0.1929221435793731
19090,0.2014962613582611,0.19153535217046738,0.02265956103801727,0.6572065129876137,0.08830274416832254,0.5,1.97347092628479,3.200958702573076e-07,0.1930232558139535
19100,0.06341015696525573,0.1338697761297226,0.017227707803249358,0.5714002698659897,0.09851397222373634,0.7,1.2484582662582397,3.195817360707207e-07,0.19312436804853386
19110,0.05263695865869522,0.16586777665652336,0.0223526731133461,0.5588172137737274,0.10354943674756215,0.4,0.707874596118927,3.1906782110933697e-07,0.19322548028311426
19120,0.19479526914656162,0.14461915381252766,0.0510719895362854,1.2768001686781645,0.15272823767736554,0.3,1.4492822885513306,3.1855412599761136e-07,0.19332659251769463
19130,-0.009700953960418701,0.06756795980036259,0.016856957972049714,0.42142405062913896,0.11193319752346724,0.6,1.6721858173696091e-06,3.1804065135973165e-07,0.19342770475227503
19140,0.1104401085525751,0.10548800341784954,0.012525913119316102,0.4797772493213415,0.10299713561544195,0.5,1.595664620399475,3.1752739781961835e-07,0.19352881698685542
19150,0.12136856019496918,0.1278490388765931,0.03884681761264801,0.9711707897484303,0.2036832733778283,0.4,0.00010308753553545102,3.170143660009228e-07,0.1936299292214358
19160,0.12350809425115586,0.22199055850505828,0.018293243646621705,0.4573314316570759,0.15923943475354463,0.6,17.5178165435791,3.165015565270269e-07,0.1937310414560162
19170,0.052669277787208556,0.10716930329799652,0.01047268807888031,0.2618171900510788,0.10019127528648823,0.8,9.815016710490454e-07,3.159889700210426e-07,0.19383215369059656
19180,0.2514996599406004,0.23090506605803968,0.02350713163614273,0.587678587436676,0.1496002189349383,0.4,1.2214657544973306e-05,3.154766071058108e-07,0.19393326592517696
19190,0.11667092144489288,0.13239293023943902,0.009495887160301208,0.23739716671407224,0.0847687186440453,0.7,8.341444969177246,3.149644684039008e-07,0.19403437815975733
19200,0.18976819477975368,0.16937499567866326,0.02314893901348114,0.5787235077470541,0.1297763298964128,0.6,1.482269287109375,3.1445255453760944e-07,0.19413549039433772
19210,0.12523480728268624,0.198660446703434,0.031813856959342954,0.8101287338882684,0.1570520306820981,0.5,1.3605664435090148e-06,3.139408661289603e-07,0.1942366026289181
19220,0.20017149150371552,0.1928961992263794,0.0373514324426651,0.9337863050401211,0.12114593628793954,0.6,0.013373002409934998,3.134294037997031e-07,0.1943377148634985
19230,0.0,0.0,0.01243780106306076,0.31094501689076426,0.051636940846219656,1.0,5.490362673299387e-05,3.129181681713127e-07,0.19443882709807886
19240,0.15703513156622648,0.2396205734461546,0.02465958595275879,0.5939131703227758,0.13350631770445034,0.5,9.57357883635268e-07,3.124071598649885e-07,0.19453993933265926
19250,0.08177231859881431,0.07257652059197425,0.03318961262702942,0.8297405757009984,0.11605308622820303,0.5,0.00010846131044672802,3.118963795016539e-07,0.19464105156723963
19260,-0.004179262369871139,0.01162648368626833,0.015694476664066315,0.40898703075945375,0.07044296395033597,0.8,4.570834159851074,3.113858277019554e-07,0.19474216380182002
19270,0.45539805442094805,0.37507195472717286,0.01648437827825546,0.8622030850499869,0.14133404495660215,0.3,57.153282165527344,3.108755050862614e-07,0.1948432760364004
19280,0.0195391871035099,0.03743617869913578,0.022702790796756744,0.5675699912011624,0.11098221151623874,0.7,1.8558209831098793e-06,3.10365412274662e-07,0.1949443882709808
19290,0.004721766710281372,0.05407901108264923,0.015861772000789642,0.3965442690998316,0.0927822467405349,0.7,1.301943598264188e-06,3.0985554988696785e-07,0.19504550050556116
19300,0.04005283229053021,0.0485853087157011,0.013617023825645447,0.34042611755430696,0.12547455216990783,0.6,0.000108223372080829,3.0934591854271017e-07,0.19514661274014156
19310,0.12437676601111888,0.07107243519276381,0.0133861243724823,0.33465260080993176,0.07056744169676676,0.7,0.9085966348648071,3.0883651886113904e-07,0.19524772497472195
19320,-0.004062928259372711,0.10392020046710967,0.02869533896446228,0.7173837069422007,0.13359468918060885,0.6,0.10010520368814468,3.083273514612229e-07,0.19534883720930232
19330,-0.019233150780200957,0.04116545170545578,0.01151876375079155,0.3265602752566338,0.08286120690172538,0.8,3.1337051495938795e-06,3.0781841696164845e-07,0.19544994944388272
19340,0.014680173248052597,0.016128442995250226,0.012284446507692337,0.3071110364049673,0.08582253667991609,0.7,2.142583753084182e-06,3.0730971598081867e-07,0.1955510616784631
19350,0.22670841650106013,0.14633341170847416,0.02876265048980713,0.7190662894397974,0.17058085213648155,0.3,3.206120014190674,3.068012491368537e-07,0.1956521739130435
19360,0.03225618079304695,0.032226163521409036,0.013093991577625275,0.3273500453680754,0.07268757271813228,0.7,0.004132550675421953,3.0629301704758844e-07,0.19575328614762386
19370,0.07270165672525764,0.09179060868918895,0.01930610090494156,0.48265276812016966,0.1498685668804683,0.6,4.405918843986001e-06,3.0578502033057285e-07,0.19585439838220425
19380,0.12337483651936054,0.0846333846449852,0.01657344549894333,0.41433667540550234,0.08397666566306725,0.7,1.8207729226560332e-06,3.052772596030708e-07,0.19595551061678462
19390,0.07155638735275716,0.14623861908912658,0.0005874813534319401,0.3070651780813932,0.14396957453573123,0.3,1.179907202720642,3.047697354820594e-07,0.19605662285136502
19400,0.11971571445465087,0.10748929381370545,0.015590889751911164,0.3897720638662577,0.08245338478591294,0.8,1.0238875347567955e-06,3.0426244858422847e-07,0.1961577350859454
19410,0.2185283187776804,0.21144229769706727,0.03832018971443176,0.9322509188205004,0.18281164749059825,0.4,0.01727283000946045,3.037553995259794e-07,0.1962588473205258
19420,0.10182787775993347,0.14131567776203155,0.024381916224956512,0.6095481049269438,0.10761640252312646,0.7,1.360901251246105e-06,3.0324858892342466e-07,0.19635995955510616
19430,-0.010853030532598496,0.018313132971525193,0.015100128948688507,0.3775033872574568,0.11730259122559801,0.8,1.6014427046684432e-06,3.0274201739238667e-07,0.19646107178968655
19440,0.06821201145648956,0.05220885276794433,0.017003893852233887,0.4250972967594862,0.07224696900229902,0.8,0.5012389421463013,3.022356855483978e-07,0.19656218402426692
19450,0.09437844436615705,0.1411156840622425,0.02565314471721649,0.6413287859410047,0.15912775716278701,0.5,1.3029724868829362e-05,3.0172959400669886e-07,0.19666329625884732
19460,0.020981304347515106,0.03763401359319687,0.00901254266500473,0.22498246864415705,0.09441239888546989,0.8,0.024551639333367348,3.01223743382239e-07,0.19676440849342772
19470,0.40372285842895506,0.42400054037570956,0.033559247851371765,0.8389809619635343,0.1543202007538639,0.4,3.6793572902679443,3.007181342896742e-07,0.1968655207280081
19480,0.0782757505774498,0.05983207076787948,0.024633295834064484,0.6272420831024647,0.12614432278787718,0.6,1.3620260688185226e-06,3.002127673433674e-07,0.19696663296258848
19490,0.2672264888882637,0.1899815533310175,0.02222025692462921,0.5555066552013159,0.07683445229195059,0.7,1.223598928845604e-06,2.9970764315738703e-07,0.19706774519716885
19500,0.11971409842371941,0.09892165958881378,0.008846259117126465,0.2514546688646078,0.10917803713819012,0.6,3.4578533814055845e-06,2.992027623455063e-07,0.19716885743174925
19510,0.16207759864628316,0.12367903664708138,0.03222837746143341,0.8057094294577837,0.14785606330260634,0.5,2.9622552394866943,2.986981255212035e-07,0.19726996966632962
19520,0.0011270591989159585,0.009239136427640914,0.012092470377683639,0.30231184102594855,0.10929996316554025,0.9,0.0032510398887097836,2.9819373329765975e-07,0.19737108190091002
19530,0.2085524320602417,0.11917281448841095,0.012668628990650178,0.31671644784510133,0.05879379096440971,0.8,5.412985956354532e-06,2.9768958628775895e-07,0.1974721941354904
19540,-0.017907638847827912,0.331630240380764,0.011132006347179414,0.27830033712089064,0.16098510925658047,0.6,1.8256101839142502e-06,2.971856851040876e-07,0.19757330637007078
19550,-0.003008313896134496,0.007308537699282169,0.008493054658174515,0.2182041484862566,0.0895755261532031,0.7,0.07789897173643112,2.966820303589327e-07,0.19767441860465115
19560,0.05997893735766411,0.08707440719008445,0.02308509349822998,0.5437060479074717,0.12554465655703098,0.6,1.3198965689298348e-06,2.9617862266428286e-07,0.19777553083923155
19570,0.15427180305123328,0.19519837498664855,0.018725021183490752,0.4681253794580698,0.13693724325858056,0.6,0.04276784881949425,2.956754626318255e-07,0.19787664307381192
19580,0.00487699955701828,0.07527182027697563,0.00921332836151123,0.23033302910625936,0.10008060280233622,0.8,61.34223175048828,2.9517255087294755e-07,0.19797775530839232
19590,0.21724646165966988,0.18049916326999665,0.01898423135280609,0.4746058501303196,0.09961000223411247,0.7,1.394149194311467e-06,2.9466988799873437e-07,0.1980788675429727
19600,0.24538368340581657,0.280392125248909,0.05929434299468994,1.0608222575858235,0.1795874794013798,0.4,0.5321063995361328,2.941674746199685e-07,0.19817997977755308
19610,0.008955299202352763,0.1706416830420494,0.030716142058372496,0.7679038710892201,0.17571713669458405,0.5,3.434408187866211,2.9366531134712966e-07,0.19828109201213348
19620,0.11671973057091237,0.07138156592845916,0.03184072375297546,0.796018299460411,0.10249623956624418,0.7,0.09381180256605148,2.9316339879039366e-07,0.19838220424671385
19630,0.04725567577406764,0.09241896718740464,0.019019967317581175,0.47549912333488464,0.15600363840349019,0.6,4.702319145202637,2.9266173755963163e-07,0.19848331648129425
19640,0.3388077296316624,0.2016854353249073,0.006456288695335388,0.6330070104449987,0.08242767583578825,0.7,0.003129431512206793,2.9216032826440924e-07,0.19858442871587462
19650,0.0009964074939489364,0.009070381335914136,0.027150815725326537,0.678770088404417,0.1375140572199598,0.8,0.6771739721298218,2.916591715139859e-07,0.19868554095045501
19660,0.2343343820422888,0.17576187588274478,0.015215916931629181,0.5894341748207808,0.07770169990835711,0.5,1.1343853429934825e-06,2.911582679173142e-07,0.19878665318503538
19670,0.022106617316603662,0.05086113288998604,0.010318288207054138,0.2579572178423405,0.11767385358689353,0.6,8.955119119491428e-05,2.906576180830398e-07,0.19888776541961578
19680,0.14973422288894653,0.13429828435182573,0.0242874413728714,0.6071861039847135,0.11196035644970834,0.6,8.629977673990652e-05,2.901572226194992e-07,0.19898887765419615
19690,0.04786393456161022,0.2354014150798321,0.01731022596359253,0.4327556941658258,0.13625071702990682,0.5,2.2903199195861816,2.8965708213471987e-07,0.19908998988877655
19700,0.16885536462068557,0.22353669255971909,0.026577872037887574,0.6428979631513357,0.1317037177970633,0.5,14.996058464050293,2.8915719723641973e-07,0.19919110212335692
19710,0.07968613468110561,0.08012451361864806,0.03178048729896545,0.7945131361484528,0.12329247809248045,0.5,3.2983527183532715,2.88657568532006e-07,0.19929221435793731
19720,0.05779657214879989,0.04175740964710713,0.019492830336093902,0.487320900708437,0.09980483639519662,0.7,0.38110676407814026,2.8815819662857497e-07,0.19939332659251768
19730,0.1919971525669098,0.10971264839172364,0.020268696546554565,0.5067175630480051,0.07574326682370155,0.8,2.809061152220238e-05,2.8765908213291046e-07,0.19949443882709808
19740,0.10951319383457303,0.13549697548151016,0.027734115719795227,0.6793043154058978,0.1581709986086935,0.5,0.336264044046402,2.871602256514836e-07,0.19959555106167845
19750,0.09073411002755165,0.16744385957717894,0.025185412168502806,0.6296356994658708,0.11406218889169395,0.6,0.6472271084785461,2.86661627790452e-07,0.19969666329625885
19760,0.09329573214054107,0.157989439368248,0.02103339582681656,0.6589272499084473,0.13519245660863816,0.4,0.0845964252948761,2.86163289155659e-07,0.19979777553083924
19770,0.11374381482601166,0.08315165899693966,0.019825391471385956,0.4956345155835152,0.1466263118200004,0.5,1.3704423904418945,2.8566521035263335e-07,0.19989888776541961
19780,0.0,0.0,0.013195031881332397,0.3298765975981951,0.049413849285338075,1.0,4.336390247772215e-06,2.851673919865875e-07,0.2
19790,0.28669186420738696,0.18457458764314652,0.043838924169540404,1.0959738343954086,0.11748828641138971,0.5,4.013738632202148,2.8466983466241767e-07,0.20010111223458038
19800,0.2946816019713879,0.28450276106595995,0.031225767731666566,0.8296077590435743,0.15973392894957214,0.3,0.0357246994972229,2.8417253898470315e-07,0.20020222446916078
19810,0.0861061486415565,0.05194533877074718,0.008596490323543548,0.22146927416324616,0.11027959497878329,0.6,4.9817146646091715e-05,2.8367550555770503e-07,0.20030333670374115
19820,0.24317091330885887,0.15176171213388442,0.039441314339637754,0.9860326278954744,0.10310713244834915,0.6,1.2735515156236943e-05,2.831787349853655e-07,0.20040444893832154
19830,0.24424175620079042,0.25397095680236814,0.034701007604599,0.8675255227833987,0.1356159779126756,0.3,2.0777626037597656,2.8268222787130803e-07,0.2005055611729019
19840,0.31522365115815776,0.28273322415770963,0.023335000872611998,1.061981462687254,0.15092341490089894,0.5,6.734701633453369,2.821859848188355e-07,0.2006066734074823
19850,0.2252247542142868,0.14006135761737823,0.025694894790649413,0.6423726748675108,0.07166630541905761,0.7,0.06466002017259598,2.8169000643092986e-07,0.20070778564206268
19860,0.24222448468208313,0.17827425599098207,0.04465071260929108,1.116268628835678,0.08951630679657682,0.7,2.3761865577398567e-06,2.811942933102517e-07,0.20080889787664308
19870,0.05240568500012159,0.14690263280645013,0.019714009761810303,0.49285024479031564,0.16045736928936094,0.6,0.016968244686722755,2.8069884605913906e-07,0.20091001011122345
19880,0.1855666239745915,0.1060380700044334,0.03744785189628601,0.9361963236704469,0.08864909439580515,0.7,1.1015428071914357e-06,2.8020366527960736e-07,0.20101112234580384
19890,0.057293111085891725,0.053078018873929975,0.022283607721328737,0.5570904146879911,0.11420103557175025,0.6,1.7337214946746826,2.797087515733478e-07,0.2011122345803842
19900,0.1572119653224945,0.1137119822204113,0.02708362936973572,0.6854108843952418,0.09899552734568715,0.6,0.07303919643163681,2.792141055417272e-07,0.2012133468149646
19910,-0.006951315328478813,0.06809544302523136,0.017424802482128143,0.435620341822505,0.10585847982438282,0.6,1.181377569992037e-06,2.787197277857871e-07,0.201314459049545
19920,0.10888945274055004,0.1151544900611043,0.02314409613609314,0.5786029253154993,0.11448362151859329,0.6,2.425722360610962,2.7822561890624284e-07,0.20141557128412538
19930,0.11587928887456656,0.11095148646272719,0.025738060474395752,0.6434514436870813,0.12612992676440626,0.5,1.5786550045013428,2.777317795034839e-07,0.20151668351870577
19940,-0.04554206058382988,0.09218481443822384,0.022443325817584993,0.5610833525657654,0.10187510332325474,0.7,0.01743137277662754,2.772382101775711e-07,0.20161779575328614
19950,0.21848150342702866,0.1248465709388256,0.02116374522447586,0.5290937427431345,0.06353148848284036,0.7,9.307598520535976e-05,2.767449115282382e-07,0.20171890798786654
19960,0.27496684193611143,0.2093244321644306,0.02523718774318695,0.6309298723936081,0.12495512986788526,0.5,0.00019026103836949915,2.762518841548894e-07,0.2018200202224469
19970,0.1627364406362176,0.21659138891845942,0.03183833360671997,0.7959592845290899,0.1124859037459828,0.5,1.1810517435151269e-06,2.7575912865659923e-07,0.2019211324570273
19980,-0.03170426785945892,0.06506744623184205,0.007786720246076584,0.1946678388863802,0.1222743461607024,0.6,0.0021725385449826717,2.7526664563211243e-07,0.20202224469160768
19990,0.0,0.0,0.009989631175994874,0.24974077604711056,0.03899022552650422,1.0,0.030730783939361572,2.747744356798422e-07,0.20212335692618807
20000,0.21015298012644051,0.16277232221327723,0.027924475073814393,0.6981119561940432,0.13073253729380668,0.5,3.685378074645996,2.7428249939786996e-07,0.20222446916076844
20010,0.08983704379061237,0.10019408646039665,0.02437625527381897,0.6094063643366099,0.13149219742044807,0.4,1.8015796285908436e-06,2.737908373839448e-07,0.20232558139534884
20020,0.06919890120625496,0.14735453203320503,0.0265432208776474,0.6635803505778313,0.1773041849490255,0.5,11.181523323059082,2.7329945023548226e-07,0.2024266936299292
20030,0.21049734354019164,0.16513261795043946,0.036140254139900206,0.7155717831104994,0.10290918493410572,0.7,1.136654019355774,2.72808338549564e-07,0.2025278058645096
20040,0.2022786802612245,0.12805122062563895,0.039041155576705934,0.9760294392704963,0.1263680653879419,0.5,1.3218776985013392e-05,2.7231750292293735e-07,0.20262891809908998
20050,0.03376681953668594,0.10402982607483864,0.02867792546749115,0.7169482532888651,0.13036856679245828,0.5,0.3158065974712372,2.718269439520138e-07,0.20273003033367037
20060,0.02936298158019781,0.13326374730095267,0.027698913216590883,0.692473454773426,0.1488090874045156,0.6,1.5810528566362336e-06,2.7133666223286853e-07,0.20283114256825077
20070,0.21911202892661094,0.14262461811304092,0.04168233573436737,0.8430818924214691,0.13525966753950341,0.5,5.008674144744873,2.7084665836124004e-07,0.20293225480283114
20080,0.29696698784828185,0.16969541013240813,0.008287892490625382,0.5548207011073828,0.06749796108342707,0.7,1.2941136446897872e-06,2.703569329325296e-07,0.20303336703741154
20090,0.23744238866493106,0.13626170279458166,0.003673415631055832,0.3400005534291267,0.09279167499626055,0.5,1.5089912414550781,2.6986748654179934e-07,0.2031344792719919
20100,0.08222086280584336,0.07405740916728973,0.03702041208744049,0.9255107194185257,0.12775637465529144,0.6,0.2986404597759247,2.6937831978377323e-07,0.2032355915065723
20110,0.02875324785709381,0.034867781400680545,0.023208950459957123,0.580223697423935,0.09839168323669582,0.8,0.3514525890350342,2.688894332528348e-07,0.20333670374115267
20120,0.2554030932486057,0.14735532961785794,0.0156877264380455,0.3921929385513067,0.07046967096393927,0.7,3.2387657165527344,2.684008275430273e-07,0.20343781597573307
20130,-0.08943638633936643,0.08591956300660968,0.027370187640190124,0.6842549934983253,0.14699927546316757,0.6,0.7748851180076599,2.679125032480525e-07,0.20353892821031344
20140,0.23815785571932793,0.18519955091178417,0.015644614398479462,0.39111578539013864,0.11200907409656793,0.6,0.00022012162662576884,2.674244609612708e-07,0.20364004044489384
20150,0.2803050339221954,0.28166055083274844,0.03525497913360596,0.8431642804294824,0.17922216095030308,0.2,4.610397815704346,2.6693670127569957e-07,0.2037411526794742
20160,0.04465478733181953,0.03115764856338501,0.011790246516466141,0.2947562474757433,0.07241933066397906,0.8,0.0005633147084154189,2.6644922478401263e-07,0.2038422649140546
20170,0.17669707627210302,0.24868794083886314,0.029822513461112976,0.7453638289123774,0.21517599849030375,0.3,1.7261398852497223e-06,2.6596203207854e-07,0.20394337714863497
20180,0.06239413619041443,0.06859659850597381,0.01816466748714447,0.4541171323508024,0.06941747197415679,0.8,1.019689193526574e-06,2.6547512375126656e-07,0.20404448938321537
20190,0.013460655510425568,0.1515076369047165,0.01457863450050354,0.36446556225419047,0.16744779978180305,0.5,3.789212226867676,2.6498850039383226e-07,0.20414560161779574
20200,0.06223671641200781,0.06689413040876388,0.025931453704833983,0.6482864946126938,0.130428141891025,0.6,0.06281688809394836,2.6450216259753e-07,0.20424671385237614
20210,0.01946794558316469,0.020325060188770293,0.006977468729019165,0.17443695589900016,0.06541273980401456,0.8,2.7404976208345033e-06,2.640161109533063e-07,0.20434782608695654
20220,0.05192878786474466,0.23920072335749865,0.012400133907794953,0.310003887116909,0.1150177177391015,0.6,1.6737658977508545,2.6353034605175934e-07,0.2044489383215369
20230,-0.005870749056339264,0.1301784124225378,0.01166408509016037,0.3022800099104643,0.12310958756133913,0.6,1.0530328609092976e-06,2.630448684831398e-07,0.2045500505561173
20240,0.10265918094664812,0.13870773799717426,0.02740829288959503,0.6486647579818964,0.12820905691478401,0.6,0.6830132603645325,2.625596788373482e-07,0.20465116279069767
20250,-0.008278756216168404,0.05394924432039261,0.011696283519268037,0.29240701384842394,0.1288029240560718,0.7,13.863640785217285,2.6207477770393624e-07,0.20475227502527807
20260,0.037552058696746826,0.04246310889720917,0.010088179260492325,0.25220444090664385,0.07734857155010104,0.8,5.719993591308594,2.6159016567210425e-07,0.20485338725985844
20270,0.13774121850728988,0.1254602313041687,0.016656814515590666,0.4164207883179188,0.10035227671032772,0.7,0.5736319422721863,2.611058433307015e-07,0.20495449949443884
20280,0.23656367063522338,0.3255535185337067,0.01984521895647049,0.4961301848292351,0.10129003503825515,0.6,1.265295850316761e-06,2.6062181126822534e-07,0.2050556117290192
20290,0.250721150636673,0.22317585498094558,0.01759929656982422,0.4399833083152771,0.15371222095564008,0.5,0.0007766109774820507,2.601380700728203e-07,0.2051567239635996
20300,0.033953997492790225,0.13346652463078498,0.02027781158685684,0.49417849704623223,0.12580419395817444,0.6,2.2184842237038538e-05,2.596546203322777e-07,0.20525783619817997
20310,0.5658191531896591,0.4149087073281407,0.05386506319046021,1.346626679971814,0.14283943752525374,0.3,4.179549694061279,2.5917146263403457e-07,0.20535894843276037
20320,0.07647133469581605,0.09063461720943451,0.02019459456205368,0.5048649646341801,0.11002814484527335,0.7,3.7962779998779297,2.5868859756517293e-07,0.20546006066734074
20330,0.05945674255490303,0.14831590577960013,0.0211728036403656,0.5293203860521316,0.10160508739063516,0.7,1.437158289263607e-06,2.5820602571241947e-07,0.20556117290192114
20340,0.04190283939242363,0.10300727635622024,0.022324489057064058,0.5581121269613505,0.10998562483582645,0.6,1.7960828699870035e-05,2.577237476621442e-07,0.2056622851365015
20350,0.09115628004074097,0.12520930916070938,0.022203806042671203,0.6787635914981365,0.1309684882638976,0.6,1.7417856952306465e-06,2.5724176400036093e-07,0.2057633973710819
20360,0.3876404809765518,0.2777056202292442,0.04219205975532532,1.0472588393837214,0.122421300096903,0.5,0.6133247017860413,2.567600753127247e-07,0.20586450960566227
20370,0.1496608465909958,0.18113161027431487,0.0036083515733480453,0.3620124787092209,0.11585147499572486,0.6,0.03303835541009903,2.5627868218453333e-07,0.20596562184024267
20380,0.2219433154910803,0.4618459202349186,0.05651484131813049,1.4606072288006544,0.2095874848193489,0.3,3.520249128341675,2.5579758520072444e-07,0.20606673407482307
20390,0.07525823637843132,0.050653884187340736,0.022536475956439973,0.563411769643426,0.08902601494919508,0.7,0.6273238062858582,2.553167849458761e-07,0.20616784630940344
20400,0.16554213762283326,0.3623050719499588,0.04962953329086304,1.2407383523881435,0.10434948117472231,0.5,2.762373469522572e-06,2.548362820042064e-07,0.20626895854398383
20410,0.02696574628353119,0.12626826465129853,0.03352927267551422,0.8340898338705302,0.16054623343516142,0.5,1.261268835150986e-06,2.543560769595715e-07,0.2063700707785642
20420,0.1275603450834751,0.11818235144019126,0.03163053095340729,0.7907630573958159,0.12368084026966245,0.5,1.6786543130874634,2.5387617039546584e-07,0.2064711830131446
20430,0.09351332224905491,0.15558036416769028,0.014924553036689759,0.3731141909956932,0.15190588479163125,0.5,7.290047506103292e-06,2.53396562895021e-07,0.20657229524772497
20440,0.019223328121006487,0.03696412909775972,0.0187055766582489,0.4676394861191511,0.09628884318517521,0.7,15.514691352844238,2.5291725504100557e-07,0.20667340748230537
20450,0.10068318545818329,0.06967669725418091,0.008883029967546464,0.22207611836493016,0.07509668444981799,0.8,9.7849408575712e-07,2.5243824741582335e-07,0.20677451971688574
20460,0.05243031233549118,0.2484925553202629,0.025986382365226747,0.6496596291661263,0.18410500260069967,0.5,1.3696559335585334e-06,2.519595406015143e-07,0.20687563195146613
20470,0.030673062335699795,0.07712908871471882,0.025342532992362977,0.6335634466260671,0.1255992322578095,0.8,0.024755360558629036,2.514811351797521e-07,0.2069767441860465
20480,0.09999949932098388,0.2087165743112564,0.028728872537612915,0.5160284962505102,0.11522497574333102,0.7,2.749120312728337e-06,2.5100303173184445e-07,0.2070778564206269
20490,0.12618436375632883,0.09543426670134067,0.014610126614570618,0.365032522380352,0.12904895979445427,0.6,0.009356832131743431,2.5052523083873193e-07,0.20717896865520727
20500,0.0,0.0,0.02120291441679001,0.5300728138536215,0.08196924146031961,1.0,0.05268387123942375,2.500477330809881e-07,0.20728008088978767
20510,0.1890592634677887,0.1779791872948408,0.02350866049528122,0.5877166021615267,0.11597423531347886,0.7,1.0305172963853693e-06,2.495705390388173e-07,0.20738119312436804
20520,0.10096959322690964,0.10137528777122498,0.025965887308120727,0.6491471633315087,0.08041945324512198,0.8,1.552673893456813e-06,2.490936492920557e-07,0.20748230535894843
20530,0.009742637164890766,0.06480478420853615,0.022474756836891173,0.5618690945208072,0.13224606425501406,0.8,42.73726272583008,2.486170644201692e-07,0.20758341759352883
20540,0.3843494560569525,0.27567246481776236,0.03981669247150421,0.9954172376543283,0.1268428807030432,0.5,0.008770941756665707,2.4814078500225325e-07,0.2076845298281092
20550,0.1402276873588562,0.0860061839222908,0.02089991867542267,0.5224981769919396,0.13300417419523,0.8,0.02840285748243332,2.476648116170321e-07,0.2077856420626896
20560,0.010003326646983623,0.0988916203379631,0.01726871430873871,0.43171764463186263,0.13642710841959343,0.6,1.9942801827710355e-06,2.4718914484285877e-07,0.20788675429726997
20570,0.02657714916858822,0.019585365103557704,0.02593274712562561,0.6483183588832617,0.13561147227883338,0.6,7.444743005180499e-06,2.467137852577129e-07,0.20798786653185036
20580,0.07366923391819,0.1985921323299408,0.030401569604873658,0.7600396916270256,0.12269636783748865,0.5,9.116377555073996e-07,2.462387334392012e-07,0.20808897876643073
20590,0.11058060750365258,0.15729704946279527,0.03495114147663116,0.9207254189997911,0.19316232717828824,0.4,0.0231737419962883,2.4576398996455656e-07,0.20819009100101113
20600,0.10247759521007538,0.05855862498283386,0.02316858321428299,0.5792144902050496,0.09241978962672874,0.8,7.143712718971074e-05,2.452895554106368e-07,0.2082912032355915
20610,0.09340415932238103,0.12848583087325097,0.021663591265678406,0.541589817777276,0.16475824330700561,0.5,2.015548034250969e-06,2.44815430353925e-07,0.2083923154701719
20620,0.11464532315731049,0.10460412604734301,0.019447588920593263,0.48618984073400495,0.12083348068408668,0.6,1.3837047845299821e-06,2.4434161537052775e-07,0.20849342770475227
20630,0.01967739537358284,0.10444899946451187,0.02031162828207016,0.5065010096877813,0.12900743262143805,0.5,3.6301732063293457,2.438681110361747e-07,0.20859453993933266
20640,0.1270744428038597,0.1398601584136486,0.02777300775051117,0.6943253111094236,0.15125321787782015,0.5,0.07591477781534195,2.433949179262183e-07,0.20869565217391303
20650,0.055325715057551864,0.06005417928099632,0.022379808127880096,0.5594952490180731,0.11447163029806688,0.6,3.282825855421834e-05,2.429220366156331e-07,0.20879676440849343
20660,0.004370758309960365,0.11463142931461334,0.010879624634981155,0.27199057675898075,0.14335124073550104,0.6,1.1770057426474523e-06,2.424494676790141e-07,0.2088978766430738
20670,0.03906325064599514,0.06168542765080929,0.017304222285747527,0.4326050914824009,0.13359339454909785,0.6,0.05342094600200653,2.4197721169057743e-07,0.2089989888776542
20680,0.010683786123991013,0.06395420879125595,0.021610474586486815,0.5402622062712907,0.1052841885946691,0.8,5.643459007842466e-05,2.415052692241585e-07,0.2091001011122346
20690,0.1283475812524557,0.12373526394367218,0.02965319752693176,0.7413303945213556,0.07860872993478552,0.7,0.0003521272446960211,2.41033640853212e-07,0.20920121334681496
20700,0.05704417526721954,0.07178281471133233,0.022072817385196685,0.5518201511353255,0.08416961944894866,0.8,0.011314905248582363,2.405623271508108e-07,0.20930232558139536
20710,0.13245892524719238,0.10706028379499913,0.026991105079650878,0.646631981804967,0.11902860301779583,0.6,0.0002926818560808897,2.400913286896452e-07,0.20940343781597573
20720,0.014031905727460981,0.031233581900596618,0.019330546259880066,0.48326390571892264,0.1264783064252697,0.7,0.012731065042316914,2.3962064604202325e-07,0.20950455005055613
20730,0.08958020210266113,0.12452745847404004,0.018686918914318083,0.46717272102832796,0.08751142838736996,0.7,0.0001801629114197567,2.3915027977986856e-07,0.2096056622851365
20740,0.03337230421602726,0.20017094053328038,0.022241184115409852,0.5560298912227154,0.22749896607128903,0.4,5.288533687591553,2.3868023047472047e-07,0.2097067745197169
20750,0.2430487871170044,0.22656039595603944,0.015892554819583894,0.3973137751221657,0.06884380015544593,0.8,0.0766962394118309,2.382104986977332e-07,0.20980788675429726
20760,0.1062993336468935,0.15170681178569795,0.018178460001945496,0.45446140244603156,0.08357093220110982,0.6,6.591108103748411e-05,2.3774108501967488e-07,0.20990899898887766
20770,0.16528265476226806,0.13113105595111846,0.02045617252588272,0.5114045284688473,0.10583263889420777,0.6,0.0003574538277462125,2.3727199001092797e-07,0.21001011122345803
20780,0.21048804223537446,0.23872908800840378,0.005230899527668953,0.34862169064581394,0.07857766445958987,0.5,4.010865211486816,2.3680321424148675e-07,0.21011122345803843
20790,0.1343578077852726,0.09812042620033026,0.008584748208522796,0.19291662201285362,0.09256583583774045,0.7,10.001558303833008,2.363347582809579e-07,0.2102123356926188
20800,0.15477670822292566,0.14604757763445378,0.027841979265213014,0.6960495706647635,0.14266281398013234,0.4,0.051388029009103775,2.3586662269855989e-07,0.2103134479271992
20810,-0.005421614274382591,0.04112568274140358,0.015274769067764283,0.3818692222237587,0.14493801603093742,0.7,4.655240535736084,2.3539880806312129e-07,0.21041456016177956
20820,0.3860363279469311,0.3342387260869145,0.04647897183895111,1.1619742754846811,0.09705564012983814,0.3,7.535963535308838,2.3493131494308138e-07,0.21051567239635996
20830,-0.1239724475890398,0.13111666664481164,0.011404955387115478,0.28512369059026244,0.13870635227067396,0.5,0.1327526867389679,2.344641439064881e-07,0.21061678463094036
20840,0.06726463548839093,0.16715926975011824,0.03184411227703095,0.7961029894649982,0.16425075322622434,0.4,15.203157424926758,2.3399729552099838e-07,0.21071789686552073
20850,0.009808266907930374,0.046431199088692664,0.006267590075731277,0.1875984977930784,0.08439964664867147,0.8,1.7931588445208035e-06,2.335307703538771e-07,0.21081900910010112
20860,0.03404815644025803,0.12707682102918624,0.027421945333480836,0.6855484195053577,0.13994177599670365,0.6,0.04680833965539932,2.3306456897199617e-07,0.2109201213346815
20870,0.1927768662571907,0.2381195519119501,0.02018899321556091,0.5073499141260982,0.13884155685082078,0.4,1.7174335198433255e-06,2.3259869194183411e-07,0.2110212335692619
20880,0.1285371508449316,0.1287695098668337,0.03594672381877899,0.9011329062283039,0.13777468114858493,0.5,5.971990585327148,2.3213313982947587e-07,0.21112234580384226
20890,0.1477293861564249,0.12872168682515622,0.035175377130508424,0.8999852709472179,0.15982814570888876,0.4,0.020054694265127182,2.3166791320061092e-07,0.21122345803842266
20900,0.16327978670597076,0.269434979557991,0.02733234167098999,0.6833091795444488,0.10045334724709391,0.5,30.115388870239258,2.3120301262053348e-07,0.21132457027300303
20910,0.16679703518748284,0.0971382960677147,0.03386619687080383,0.8652315504848958,0.09481338280020282,0.8,3.0010869522811845e-06,2.3073843865414161e-07,0.21142568250758342
20920,0.11873365789651871,0.13178112357854843,0.015517443418502808,0.4416988305747509,0.10115422409726307,0.6,0.0003339043469168246,2.3027419186593628e-07,0.2115267947421638
20930,0.09914730340242386,0.12419039011001587,0.017909352481365205,0.44773443657904866,0.10851141948951408,0.7,5.5170978157548234e-05,2.2981027282002152e-07,0.2116279069767442
20940,0.1579866014420986,0.12061937749385834,0.010625485330820084,0.6977748915553093,0.09176258485531434,0.7,1.1597703695297241,2.2934668208010232e-07,0.21172901921132456
20950,0.038654842972755434,0.035208380222320555,0.017831172049045562,0.44577923230826855,0.08309740838594734,0.9,2.9984617233276367,2.2888342020948553e-07,0.21183013144590496
20960,0.02294906973838806,0.09321733638644218,0.022983723878860475,0.6312479790300131,0.1510149882407859,0.5,9.147023547484423e-07,2.284204877710778e-07,0.21193124368048533
20970,-0.012406093627214431,0.10391335487365723,0.006277315318584442,0.15693275183439254,0.10293840890517458,0.8,3.675000243674731e-06,2.2795788532738553e-07,0.21203235591506572
20980,0.1820827301591635,0.20860825069248676,0.012892566621303558,0.6013589818030596,0.1068036551005207,0.6,0.11509916931390762,2.2749561344051466e-07,0.21213346814964612
20990,0.28075058199465275,0.21014632992446422,0.024984800815582277,0.5788046911358833,0.08894721550168469,0.6,0.0061691501177847385,2.2703367267216895e-07,0.2122345803842265
21000,-0.06418399885296822,0.1303166650235653,0.013373163342475892,0.3771188072860241,0.12268626113655046,0.7,18.376413345336914,2.2657206358364995e-07,0.2123356926188069
21010,0.08664999008178711,0.261270372569561,0.024002084136009218,0.6683237217366695,0.16506648474605753,0.5,0.014634760096669197,2.2611078673585627e-07,0.21243680485338726
21020,0.03716893792152405,0.02123939394950867,0.013730421662330627,0.3432603359222412,0.05310845606727525,0.9,2.4016655970626744e-06,2.256498426892826e-07,0.21253791708796765
21030,0.05620485320687294,0.05823338702321053,0.016473473608493806,0.4118369001895189,0.12777975213248283,0.6,0.5531585812568665,2.251892320040198e-07,0.21263902932254802
21040,0.03967829057946801,0.12927657733671366,0.02644653618335724,0.6645029705017805,0.0990824649692513,0.5,1.4032093531568535e-06,2.247289552397531e-07,0.21274014155712842
21050,-0.009545843303203582,0.11694236919283867,0.019770382344722746,0.4942597046494484,0.13761584024177864,0.7,0.04047339782118797,2.2426901295576212e-07,0.2128412537917088
21060,0.3238540953025222,0.22439187094569207,0.027570629119873048,0.6892661567777395,0.18701956823933868,0.4,1.0090615205626818e-06,2.238094057109201e-07,0.2129423660262892
21070,0.019180802477058022,0.08216009703464806,0.023468324542045595,0.5867083057761192,0.15360895487247034,0.7,1.2950750942763989e-06,2.2335013406369302e-07,0.21304347826086956
21080,0.18256599893793463,0.1925319477915764,0.04000978469848633,1.0002445209771396,0.14866227336460724,0.5,2.5745058059692383,2.2289119857213966e-07,0.21314459049544995
21090,0.23244898095726968,0.2236364010721445,0.031005391478538515,0.7751348674297333,0.11697359919780866,0.6,0.0008539100526832044,2.224325997939095e-07,0.21324570273003032
21100,0.036804342782124876,0.030210810340940954,-0.0016371266916394233,0.08678279407322406,0.09648266786243767,0.7,0.00015324035484809428,2.2197433828624368e-07,0.21334681496461072
21110,0.17679787576198577,0.1358305301517248,0.026988092064857482,0.674702462926507,0.1121018789592199,0.6,0.0005873566842637956,2.2151641460597293e-07,0.2134479271991911
21120,0.04851630851626396,0.058483660221099854,0.01350158005952835,0.3375395696610212,0.06573540919926017,0.8,1.4387526512145996,2.2105882930951768e-07,0.2135490394337715
21130,0.1056340616196394,0.09604282854124904,0.006557842344045639,0.5264926373958587,0.0788068097201176,0.6,4.305069978727261e-06,2.206015829528871e-07,0.21365015166835188
21140,0.03319215425290167,0.05591645045205951,0.028047388792037962,0.7011850576847791,0.12463961702305823,0.7,1.2866255474364152e-06,2.2014467609167901e-07,0.21375126390293225
21150,0.08155993903055787,0.19757820633240045,0.018778455257415772,0.46946166567504405,0.13020328762941064,0.5,0.5044199228286743,2.1968810928107806e-07,0.21385237613751265
21160,0.04151777923107147,0.023724445700645448,0.009488233923912048,0.2372060686349869,0.0481022777967155,0.9,6.878583008074202e-06,2.1923188307585605e-07,0.21395348837209302
21170,0.21535476818680763,0.19300551451742648,0.033056503534317015,0.8264132857322692,0.09031013874337077,0.6,1.7079311609268188,2.1877599803037078e-07,0.21405460060667342
21180,0.0031258028000593187,0.01979375574737787,0.022582049667835235,0.5645514395087957,0.17405736773507668,0.5,1.9183517694473267,2.1832045469856543e-07,0.2141557128412538
21190,-0.011488383449614049,0.0715639959089458,0.011329707503318787,0.2832427278161049,0.12837697067297996,0.6,4.787530899047852,2.1786525363396842e-07,0.21425682507583418
21200,0.15267526544630527,0.14335955455899238,0.018196403980255127,0.4549101058393717,0.08551710299216211,0.7,5.106780052185059,2.174103953896918e-07,0.21435793731041455
21210,0.021977493166923524,0.08827196657657624,0.014518426358699798,0.3629612397402525,0.07362718408694491,0.7,1.300913709201268e-06,2.1695588051843127e-07,0.21445904954499495
21220,0.2587717443704605,0.20422107428312303,0.008066792786121369,0.49393315576016905,0.06552033511688933,0.7,0.0002280295011587441,2.1650170957246507e-07,0.21456016177957532
21230,0.2059887543320656,0.14148237518966197,0.011465488374233246,0.28663712590932844,0.07765729627572,0.7,25.310466766357422,2.1604788310365402e-07,0.21466127401415572
21240,0.07898245304822922,0.045132828131318095,0.015006060898303985,0.3751513954252005,0.08250867783790454,0.8,1.217832959810039e-06,2.155944016634398e-07,0.2147623862487361
21250,-0.04632219262421131,0.0841579508036375,0.01721813827753067,0.43045342713594437,0.14309773514978588,0.8,4.048706978210248e-05,2.1514126580284537e-07,0.21486349848331648
21260,0.06801664382219315,0.2548804745078087,0.013702306151390075,0.34255779273808,0.14208717466099188,0.6,61.17327117919922,2.146884760724734e-07,0.21496461071789685
21270,0.0519645762629807,0.09383940901607275,0.018033871054649354,0.4508468318730593,0.13222144030733035,0.6,1.4297332882051705e-06,2.142360330225062e-07,0.21506572295247725
21280,0.26456463187932966,0.30402438044548036,0.01777144819498062,0.4442863591015339,0.12217791232978925,0.6,5.388189792633057,2.1378393720270466e-07,0.21516683518705762
21290,0.031081874296069144,0.06722890958189964,0.008399220556020737,0.20998031198978423,0.10462719341740012,0.7,3.2655686936777784e-06,2.1333218916240757e-07,0.21526794742163802
21300,0.0,0.0,0.013215702772140504,0.33039248175919056,0.06443570202682167,1.0,1.254399421668495e-06,2.128807894505319e-07,0.21536905965621841
21310,0.17698460072278976,0.22740625366568565,0.033663520216941835,0.8415874518454075,0.1855468065245077,0.3,1.3330669617062085e-06,2.124297386155706e-07,0.21547017189079878
21320,0.2269108984619379,0.15403907941654324,0.026387721300125122,0.6596928723156452,0.13935072307940571,0.5,6.620357036590576,2.1197903720559303e-07,0.21557128412537918
21330,0.14754226356744765,0.14072276465594769,0.022564119100570677,0.564102816209197,0.09625385634135455,0.6,4.186967544228537e-06,2.1152868576824378e-07,0.21567239635995955
21340,0.3248572707176208,0.252550043258816,0.045242121815681456,1.1416340705007315,0.1031095007318072,0.4,3.4128873348236084,2.1107868485074226e-07,0.21577350859453995
21350,0.10991113036870956,0.07878507375717163,0.025294196605682374,0.6323550473898649,0.08099463090766221,0.8,1.0887061989706126e-06,2.1062903499988234e-07,0.21587462082912032
21360,0.09805492218583822,0.07212750986218452,0.029421192407608033,0.7355299808084965,0.09257715162821115,0.6,1.5710927248001099,2.1017973676203077e-07,0.21597573306370071
21370,0.24442127607762815,0.21603294797241687,0.031312990188598636,0.7724583139643073,0.1877401102799922,0.3,2.117682933807373,2.097307906831271e-07,0.21607684529828108
21380,0.18559558875858784,0.14161240141838788,0.02820957899093628,0.7052397161722184,0.13756804366130382,0.5,2.23618483543396,2.0928219730868356e-07,0.21617795753286148
21390,0.1803761050105095,0.22896346300840378,0.04301134049892426,1.0752846509218217,0.13418780909851194,0.3,1.2050782061123755e-06,2.08833957183783e-07,0.21627906976744185
21400,0.1821422554552555,0.18185119107365608,0.029296812415122987,0.732422336935997,0.12375345369800925,0.6,9.92746208794415e-07,2.083860708530798e-07,0.21638018200202225
21410,0.14455182552337648,0.14115214049816133,0.02647096514701843,0.6619612827897072,0.14816685214173048,0.5,1.2425187378539704e-05,2.0793853886079793e-07,0.21648129423660262
21420,0.050204979884438214,0.09647818244993686,0.03731904029846191,0.982541280426085,0.2154960421845317,0.3,0.5477283596992493,2.074913617507309e-07,0.21658240647118301
21430,0.260722017288208,0.19675668329000473,0.011346152424812317,0.6343424305319786,0.08495009739417583,0.6,1.6590428352355957,2.070445400662411e-07,0.21668351870576338
21440,0.05150600448250771,0.1183303065598011,0.012864942848682403,0.3479068402200937,0.12537173698656262,0.5,0.05235200375318527,2.0659807435025907e-07,0.21678463094034378
21450,0.3401868939399719,0.21710195094347,0.020285677909851075,0.8141592495143414,0.10843113419832662,0.5,0.024742962792515755,2.061519651452825e-07,0.21688574317492418
21460,0.03508491814136505,0.036941155791282654,0.021780532598495484,0.5445134207606316,0.11235228311270476,0.8,2.614555342006497e-06,2.0570621299337653e-07,0.21698685540950455
21470,-0.026372820883989335,0.03397662192583084,0.01963231563568115,0.5035674590617418,0.11512684311019257,0.8,0.04038320854306221,2.052608184361718e-07,0.21708796764408494
21480,0.04035157412290573,0.043089757487177846,0.028229033946990965,0.7057256463915109,0.1551755768014118,0.5,1.503126859664917,2.0481578201486482e-07,0.21718907987866531
21490,0.006699089147150517,0.04618919678032398,0.01948963850736618,0.4872409705072641,0.10224411529488861,0.7,0.00866750255227089,2.0437110427021675e-07,0.2172901921132457
21500,0.053704842925071716,0.18507237657904624,0.008776675164699554,0.2194171853363514,0.14450140341650694,0.6,1.0868366189242806e-06,2.039267857425528e-07,0.21739130434782608
21510,0.044854287430644034,0.06921036690473556,0.005201408639550209,0.13003529608249664,0.07984367167809978,0.8,2.6426557724335e-06,2.0348282697176218e-07,0.21749241658240648
21520,0.07912513539195061,0.046415436267852786,0.016756930947303773,0.4315251559019089,0.1017634418909438,0.6,0.14503809809684753,2.0303922849729638e-07,0.21759352881698685
21530,0.12372556328773499,0.1073975458741188,0.023193855583667756,0.5798467215150594,0.08836741455597803,0.7,1.0454410812599235e-06,2.025959908581697e-07,0.21769464105156724
21540,0.05682800412178039,0.03247314356267452,0.02831120491027832,0.7077803604304791,0.09125029399292543,0.7,0.35390526056289673,2.0215311459295754e-07,0.21779575328614761
21550,0.003579874709248543,0.014319498836994172,0.013942384719848632,0.34856000654399394,0.08062223206507042,0.9,1.5466682725673309e-06,2.0171060023979604e-07,0.217896865520728
21560,0.06048318669199944,0.08320937305688858,0.03244747817516327,0.8111867979168892,0.10600436837412416,0.7,0.006934111472219229,2.0126844833638228e-07,0.21799797775530838
21570,-0.019343507662415504,0.04915083162486553,0.02058587521314621,0.5187855023890734,0.11931946229888127,0.7,0.021142669022083282,2.0082665941997234e-07,0.21809908998988878
21580,0.008031620644032955,0.15802985690534116,0.018186305463314057,0.4327590949833393,0.14686314737191425,0.5,9.873444923869101e-07,2.0038523402738146e-07,0.21820020222446915
21590,0.11838177517056465,0.06918918266892433,0.013208164274692536,0.3239385258406401,0.09017643154365942,0.6,4.94731284561567e-05,1.9994417269498298e-07,0.21830131445904954
21600,0.32167037278413774,0.27834709286689757,0.022923630475997925,0.5730909548699856,0.09487410412402823,0.7,2.759133849394857e-06,1.9950347595870798e-07,0.21840242669362994
21610,-0.006667111814022064,0.20747060924768448,0.01267743706703186,0.3169359788298607,0.14235322111053392,0.5,1.4818831459706416e-06,1.990631443540448e-07,0.2185035389282103
21620,0.06318087168037892,0.07074589431285858,0.01151963770389557,0.2879908371716738,0.10904922835761681,0.7,1.1936912187593407e-06,1.9862317841603776e-07,0.2186046511627907
21630,0.16385089877876452,0.23293924522586168,0.03442808091640472,0.8607021648436785,0.19193891128525137,0.4,9.94974652712699e-06,1.9818357867928691e-07,0.21870576339737108
21640,0.2629871504381299,0.18803505152463912,0.02352486103773117,0.5881217151880265,0.1452429117169231,0.6,1.5865651903368416e-06,1.977443456779474e-07,0.21880687563195148
21650,0.038421717332676054,0.056687941402196886,0.024315521121025085,0.6078882060945034,0.15070779591333122,0.6,1.2906922393085551e-06,1.9730547994572856e-07,0.21890798786653184
21660,0.10319334045052528,0.09981674179434777,0.0347471684217453,0.868679129332304,0.13585335444658994,0.5,0.0616677962243557,1.968669820158939e-07,0.21900910010111224
21670,0.25648964010179043,0.14656550846993924,0.010707991570234299,0.7635281022638083,0.05853631788631901,0.6,1.985487461090088,1.9642885242125962e-07,0.2191102123356926
21680,-0.008102972432971001,0.02380524892359972,0.021063582599163057,0.5265898644924164,0.1364464319194667,0.7,0.17751458287239075,1.9599109169419465e-07,0.219211324570273
21690,0.021789427008479835,0.09048354402184486,0.021031825244426726,0.5257958441972732,0.1684248116915114,0.5,28.43250846862793,1.9555370036661945e-07,0.21931243680485338
21700,0.09935601353645325,0.09682672917842865,0.014814355969429016,0.37035885341465474,0.10033294133609161,0.7,5.846120357513428,1.9511667897000573e-07,0.21941354903943378
21710,0.3618726797401905,0.2438741534948349,0.04544790387153626,1.136197691038251,0.11759186271810904,0.4,2.778215169906616,1.9468002803537547e-07,0.21951466127401414
21720,0.013164977729320525,0.029272203892469408,0.007984568178653718,0.19961426854133607,0.08202902406919747,0.8,1.995373622776242e-06,1.9424374809330112e-07,0.21961577350859454
21730,-0.009145674854516983,0.03658270239830017,0.009065721929073334,0.2266432162374258,0.09208707273937762,0.9,0.025082815438508987,1.938078396739038e-07,0.2197168857431749
21740,-0.0442822065204382,0.20155362281948327,0.020219448208808898,0.5054860822856426,0.1351853442261927,0.6,2.392804617556976e-06,1.9337230330685328e-07,0.2198179979777553
21750,0.0877266839146614,0.14763154536485673,0.01715613007545471,0.42890343479812143,0.11264063523849473,0.6,2.391585212535574e-06,1.9293713952136736e-07,0.2199191102123357
21760,0.22456944147124885,0.13648127168416976,0.02688690721988678,0.6721728533506394,0.1134035485330969,0.5,23.035097122192383,1.925023488462109e-07,0.22002022244691607
21770,0.009183207154273986,0.0083644337952137,0.014873996376991272,0.3714330725371838,0.06507027293555438,0.9,1.0963914394378662,1.9206793180969588e-07,0.22012133468149647
21780,0.23714998606592416,0.26711618416011335,0.042080214619636534,1.052005584537983,0.15134599930606782,0.4,0.004791907500475645,1.916338889396798e-07,0.22022244691607684
21790,0.11489963382482529,0.24997296407818795,0.023332199454307555,0.5833051815629006,0.14930376352276653,0.4,12.730583190917969,1.9120022076356573e-07,0.22032355915065724
21800,0.08849292201921344,0.2832346439361572,0.03288535475730896,0.8221339024603367,0.18828538433881475,0.4,0.5933126211166382,1.9076692780830113e-07,0.2204246713852376
21810,0.33610854521393774,0.29415314346551896,0.04321543872356415,1.0803863041102886,0.12817741899052634,0.4,0.02056720480322838,1.9033401060037817e-07,0.220525783619818
21820,0.12312745191156864,0.18221721425652504,0.016780765354633333,0.4195191539824009,0.1401021152967587,0.6,14.32071590423584,1.899014696658318e-07,0.22062689585439837
21830,0.15735471461666747,0.11804225402884186,0.019789677858352662,0.4947425778955221,0.14256314414087684,0.5,0.0007868712418712676,1.8946930553024033e-07,0.22072800808897877
21840,0.17279382646083832,0.14995908364653587,0.030826646089553832,0.7896978136152029,0.09918490551644936,0.6,1.3205803952587303e-06,1.8903751871872376e-07,0.22082912032355914
21850,0.15390675086528063,0.14164157435297967,0.028885644674301148,0.7264311969280243,0.12695010893512518,0.5,9.451828759665659e-07,1.8860610975594383e-07,0.22093023255813954
21860,0.20088959308341145,0.1279834883287549,0.028821825981140137,0.7205457463860512,0.12630565846338868,0.4,0.6654640436172485,1.8817507916610303e-07,0.2210313447927199
21870,0.13936989214271306,0.1859819483011961,0.019546429812908172,0.4786122959107161,0.1380503270891495,0.5,0.5337825417518616,1.8774442747294405e-07,0.2211324570273003
21880,0.11198892276734114,0.06938712038099766,0.030134126543998718,0.7533529464155435,0.0964532841113396,0.7,0.0005170797230675817,1.8731415519974962e-07,0.22123356926188067
21890,0.19979187166318296,0.2806033380329609,0.033114418387413025,0.8907015211880207,0.18636654337169603,0.3,3.7489447593688965,1.86884262869341e-07,0.22133468149646107
21900,0.17694031596183776,0.1704726532101631,0.02098938524723053,0.5018600650131703,0.1198317300528288,0.4,1.1413097809054307e-06,1.8645475100407786e-07,0.22143579373104147
21910,0.5352598486468196,0.36974265640601517,-0.021388843655586243,0.5440388899296522,0.1452184373163618,0.3,6.918900966644287,1.8602562012585766e-07,0.22153690596562184
21920,0.2924055367708206,0.2410045433905907,0.023214128613471986,0.55741171464324,0.09918376037385315,0.6,17.568923950195312,1.8559687075611462e-07,0.22163801820020224
21930,0.3744583236053586,0.4058192646130919,0.004752197861671447,0.6615887902677059,0.16634844774380325,0.3,2.695368528366089,1.8516850341582013e-07,0.2217391304347826
21940,0.06156467767432332,0.06286794785410166,0.023039348423480988,0.5759834416210652,0.10650019247550517,0.6,0.961625874042511,1.8474051862548068e-07,0.221840242669363
21950,0.14485423564910888,0.08277385160326958,0.025775685906410217,0.64605976305902,0.08610337640857324,0.6,0.8780952095985413,1.843129169051379e-07,0.22194135490394337
21960,0.060290885344147685,0.04201600588858127,0.0240616574883461,0.6278914276510477,0.1221146025811322,0.6,1.3974171876907349,1.838856987743686e-07,0.22204246713852377
21970,0.2376649223268032,0.18319314792752267,0.028217563033103944,0.7054392974823713,0.08584754227194935,0.7,0.017652250826358795,1.834588647522828e-07,0.22214357937310414
21980,0.10294976718723774,0.07090859357267618,0.019783230125904085,0.4945805173367262,0.13783189302776008,0.7,0.1397726982831955,1.8303241535752434e-07,0.22224469160768454
21990,0.1588274657726288,0.2935503005981445,0.03351721465587616,0.8379304729402065,0.09337897161021828,0.7,2.171501874923706,1.8260635110826933e-07,0.2223458038422649
22000,0.12215943895280361,0.0811023073270917,0.016595296561717987,0.4148824714124203,0.10004985518753529,0.6,2.210820198059082,1.8218067252222597e-07,0.2224469160768453
22010,0.10886484086513519,0.24167907238006592,0.0416471004486084,1.0411778464913368,0.10237969196168706,0.6,0.48837006092071533,1.8175538011663387e-07,0.22254802831142567
22020,0.18855384290218352,0.1263821840286255,0.011613581329584122,0.6306451093405485,0.10830630401615053,0.6,0.001882245298475027,1.813304744082633e-07,0.22264914054600607
22030,0.04058632384985685,0.152701504714787,0.02701716125011444,0.6754292558878661,0.2177043554605916,0.2,2.339988946914673,1.8090595591341507e-07,0.22275025278058644
22040,0.08120845798403024,0.16485779955983162,0.0134619802236557,0.6015817403793335,0.14957403900334612,0.4,11.385278701782227,1.80481825147919e-07,0.22285136501516684
22050,0.2902774319052696,0.19228416532278061,0.034659472107887265,0.8529874665662647,0.1145100888912566,0.4,3.7421905994415283,1.8005808262713395e-07,0.22295247724974723
22060,0.11612462606281042,0.11863239519298077,0.027752643823623656,0.6938169211149215,0.11947220540605485,0.6,1.7758557078195736e-05,1.796347288659471e-07,0.2230535894843276
22070,0.03810511752963066,0.04516675341874361,0.01437578648328781,0.35924476832151414,0.12768367312382906,0.6,6.980531692504883,1.79211764378773e-07,0.223154701718908
22080,0.25790841197595,0.2403188541531563,0.02778911590576172,0.6947280790656805,0.13437843250576406,0.4,9.46662712097168,1.7878918967955365e-07,0.22325581395348837
22090,0.1487529673613608,0.08944785338826478,0.01891857385635376,0.4722326727584004,0.1477364700520411,0.6,0.16579945385456085,1.783670052817569e-07,0.22335692618806877
22100,0.18083918765187262,0.38605007603764535,0.04549590647220612,1.1806441053748131,0.18209467033157126,0.3,1.5351779460906982,1.7794521169837689e-07,0.22345803842264914
22110,0.19435581266880037,0.15121646523475646,0.05082706809043884,1.2706770338118076,0.10706907935673371,0.6,3.0407915115356445,1.7752380944193247e-07,0.22355915065722953
22120,0.06089991331100464,0.1343114286661148,0.008778025954961776,0.46429759785532954,0.10273053949931636,0.7,3.2457995414733887,1.7710279902446706e-07,0.2236602628918099
22130,0.21717345844954253,0.15405479818582535,-0.004419546574354172,0.4079207882285118,0.1302438632468693,0.6,18.363475799560547,1.7668218095754794e-07,0.2237613751263903
22140,0.2748882219195366,0.25171592831611633,0.0185379222035408,0.46344795972108843,0.10623566202120856,0.6,0.2235257774591446,1.7626195575226594e-07,0.22386248736097067
22150,0.18947975635528563,0.11581666022539139,0.05296479463577271,1.324119758978486,0.10734850513981656,0.7,2.6838129087991547e-06,1.7584212391923426e-07,0.22396359959555107
22160,0.0013919539283961057,0.06656875219196082,0.018585750460624696,0.4646438878029585,0.1658833431894891,0.6,0.019813522696495056,1.7542268596858812e-07,0.22406471183013144
22170,0.02832314595580101,0.09472463428974151,0.0129579097032547,0.3239475853741169,0.09152303923619912,0.8,40.23295593261719,1.750036424099841e-07,0.22416582406471183
22180,0.042932822555303576,0.041560393571853635,0.01090230569243431,0.2725576009601355,0.10453162357443943,0.7,3.1150661925494205e-06,1.7458499375259955e-07,0.2242669362992922
22190,0.04153260886669159,0.04391231425106525,0.026859599351882934,0.6714901387691498,0.1052715792437084,0.7,0.04608570784330368,1.7416674050513242e-07,0.2243680485338726
22200,0.10096715688705445,0.130243718624115,0.009887456148862838,0.24718679077923297,0.0552077608066611,0.9,3.282544867033721e-06,1.7374888317579968e-07,0.224469160768453
22210,0.048134580813348295,0.07392300423234702,0.01931834816932678,0.48295887745916843,0.1580471365712583,0.6,1.5631369478796842e-06,1.7333142227233727e-07,0.22457027300303337
22220,-0.0021267911419272424,0.016254855692386626,0.011512520164251328,0.28781282640993594,0.10108846487710252,0.8,5.127087206346914e-06,1.7291435830199952e-07,0.22467138523761376
22230,-0.005430290102958679,0.003103023022413254,0.016493235528469086,0.41233101561665536,0.07126893169479445,0.9,0.0024946648627519608,1.7249769177155877e-07,0.22477249747219413
22240,0.2508393138647079,0.2022801533341408,0.03097326457500458,0.8430872388184071,0.08245490700937808,0.7,5.974106170469895e-05,1.7208142318730378e-07,0.22487360970677453
22250,0.07685714699327946,0.049477677419781686,0.0010242252610623837,0.2831317465752363,0.05585732737090439,0.8,0.04990498721599579,1.7166555305504048e-07,0.2249747219413549
22260,0.020849597780033945,0.03186834799125791,0.031142887473106385,0.7785727974027395,0.13853432981995867,0.7,0.002138356678187847,1.7125008188009016e-07,0.2250758341759353
22270,0.269373750500381,0.22128675300627948,0.04002540111541748,1.0006350208073855,0.15007944537792356,0.4,2.392904758453369,1.708350101672894e-07,0.22517694641051567
22280,0.16136662624776363,0.11630101948976516,0.018470127880573273,0.4617533221840858,0.07186165193561464,0.8,2.1685516458092025e-06,1.7042033842098958e-07,0.22527805864509606
22290,0.1417708069086075,0.19636594653129577,0.021017782390117645,0.525444807112217,0.10355294453911483,0.7,1.7061814787666663e-06,1.7000606714505566e-07,0.22537917087967643
22300,0.014543768763542176,0.1047444462776184,0.016326361894607545,0.40816000010818243,0.09073314339620993,0.7,16.883604049682617,1.6959219684286679e-07,0.22548028311425683
22310,0.008163114637136459,0.032652458548545836,0.00986316055059433,0.24657904356718063,0.07584518309449777,0.9,14.758292198181152,1.6917872801731415e-07,0.2255813953488372
22320,0.10285794213414193,0.20826143771409988,0.025480514764785765,0.6370130699127913,0.1720324815949425,0.5,7.279725074768066,1.6876566117080137e-07,0.2256825075834176
22330,0.13565705195069314,0.21216510236263275,0.01618376225233078,0.4045942027121782,0.12938447563210503,0.6,48.9970817565918,1.683529968052437e-07,0.22578361981799797
22340,0.1562300942838192,0.15971038192510606,0.027607360482215883,0.690184349566698,0.13003983163507654,0.6,0.587731122970581,1.6794073542206688e-07,0.22588473205257836
22350,0.02092822901904583,0.04516563918441534,0.02754066586494446,0.7175795879215002,0.17114112451672553,0.5,2.169646739959717,1.675288775222079e-07,0.22598584428715873
22360,0.13121244460344314,0.2262515127658844,0.01910475343465805,0.5033418569713831,0.15225394122535363,0.4,9.924433470587246e-07,1.6711742360611274e-07,0.22608695652173913
22370,0.024926990270614624,0.035124649107456204,0.01170523464679718,0.3524297036230564,0.10941565397661179,0.6,1.441252720724151e-06,1.667063741737365e-07,0.22618806875631953
22380,0.19577493369579316,0.18095032200217248,0.0317681223154068,0.7942034937441349,0.1042541197501123,0.7,0.0014617940178140998,1.6629572972454332e-07,0.2262891809908999
22390,0.18953992202877998,0.1720518670976162,0.04527583718299866,1.1318962506949901,0.1496592158684507,0.5,1.0153392395295668e-05,1.6588549075750462e-07,0.2263902932254803
22400,0.059087826032191516,0.0734848634339869,0.016735516488552094,0.4183879356831312,0.11248522516107187,0.6,1.1594343185424805,1.6547565777109972e-07,0.22649140546006066
22410,0.045677902968600394,0.12579491212964058,0.017719902098178864,0.44299789518117905,0.20010150000452995,0.5,1.114117139877635e-06,1.6506623126331427e-07,0.22659251769464106
22420,0.3030286729335785,0.2232202559709549,0.01401732861995697,0.4613607957959175,0.08862555017694831,0.5,2.1242215098027373e-06,1.6465721173164e-07,0.22669362992922143
22430,0.07695321142673492,0.0992666557431221,0.024329878389835358,0.6082472030073405,0.0782860376406461,0.8,6.692514896392822,1.6424859967307425e-07,0.22679474216380183
22440,0.03253664243966341,0.14697572141885756,0.03152302503585815,0.7880757819861174,0.1693553841440007,0.5,1.3497034311294556,1.63840395584119e-07,0.2268958543983822
22450,0.21510593593120575,0.33082198798656465,0.03353576362133026,0.8383934650570154,0.14041726717259734,0.4,3.7795100524817826e-06,1.6343259996078106e-07,0.2269969666329626
22460,0.5645414769649506,0.36616006642580035,0.04479246735572815,1.1198116369545459,0.09706296361982822,0.3,7.326301574707031,1.6302521329857043e-07,0.22709807886754296
22470,-0.029637575894594193,0.028502406552433968,0.027163192629814148,0.6790806505829096,0.10579672285821289,0.8,3.32991908180702e-06,1.6261823609250025e-07,0.22719919110212336
22480,0.17397641390562057,0.13624383583664895,0.07040684819221496,1.7601711925119161,0.08931105480296538,0.6,0.6019463539123535,1.6221166883708625e-07,0.22730030333670373
22490,0.18505366444587706,0.10909301191568374,0.027960416674613953,0.6990101773291826,0.11660883969161659,0.6,0.01570749096572399,1.6180551202634602e-07,0.22740141557128413
22500,0.06951849684119224,0.05307318121194839,0.021518298983573915,0.5379575785249472,0.10711505333893001,0.6,0.0001365492062177509,1.6139976615379808e-07,0.2275025278058645
22510,0.24127355664968492,0.20250720698386432,0.028392681479454042,0.7098172511905432,0.1617752194753848,0.4,3.1168742179870605,1.609944317124624e-07,0.2276036400404449
22520,0.18052101582288743,0.19723804891109467,0.010919401049613952,0.38874768279492855,0.1223550145397894,0.6,0.00027657533064484596,1.6058950919485819e-07,0.2277047522750253
22530,0.012137901410460472,0.0980259519070387,0.020768442749977113,0.5362878300249576,0.17093247349839658,0.4,55.07794189453125,1.6018499909300474e-07,0.22780586450960566
22540,0.08272846043109894,0.047273405641317365,0.02182754725217819,0.5456892598420382,0.060799690918065606,0.8,1.0910981700362754e-06,1.5978090189841987e-07,0.22790697674418606
22550,0.21174004152417183,0.1388953484594822,0.01679006963968277,0.41975211575627325,0.11909301079576835,0.6,1.6989607729556155e-06,1.5937721810211957e-07,0.22800808897876643
22560,0.2465462949126959,0.16216935887932776,0.0013635670766234398,0.533576275780797,0.10269323062384501,0.5,1.6660521851008525e-06,1.5897394819461813e-07,0.22810920121334682
22570,0.17678532972931862,0.13833463415503502,0.03548137545585632,0.9320471823215485,0.12937432923354208,0.6,1.5156629160628654e-06,1.5857109266592623e-07,0.2282103134479272
22580,0.2259502282831818,0.14703964423388244,0.03615756928920746,0.9039391048252583,0.14006760923657566,0.5,0.9796369671821594,1.581686520055514e-07,0.2283114256825076
22590,0.25056466571986674,0.14488907605409623,0.020023107528686523,0.5005774710327386,0.10075897086644545,0.6,0.03798014298081398,1.5776662670249702e-07,0.22841253791708796
22600,-0.011419229209423065,0.06972640007734299,0.016714802384376524,0.46255007609724996,0.13411514317849652,0.6,0.09370683878660202,1.5736501724526148e-07,0.22851365015166836
22610,0.012833783961832523,0.04539216961711645,0.008979585766792298,0.22448985502123833,0.08685354370390996,0.8,1.7470526927354513e-06,1.5696382412183851e-07,0.22861476238624873
22620,0.21995940189808608,0.18424228504300116,0.02456938922405243,0.6142348393797874,0.1561481848359108,0.4,2.231762409210205,1.5656304781971546e-07,0.22871587462082912
22630,0.20216939598321915,0.19649774879217147,0.031963464617729184,0.7990872815251351,0.1605385557981208,0.5,2.3960519683896564e-05,1.561626888258733e-07,0.2288169868554095
22640,0.039246301352977755,0.03816907927393913,0.01675598621368408,0.41889987848699095,0.10183898324612528,0.7,8.493877317050647e-07,1.5576274762678593e-07,0.2289180990899899
22650,0.22779183983802795,0.18149157091975213,0.02784416377544403,0.6961045194417238,0.11965002025244757,0.6,1.5446314591827104e-06,1.553632247084195e-07,0.22901921132457026
22660,0.21441317349672318,0.17566106021404265,0.02468060553073883,0.6170154849067331,0.1140888518304564,0.7,1.8673968043003697e-06,1.5496412055623237e-07,0.22912032355915066
22670,-0.03527034465223551,0.09927171799354255,0.0173599511384964,0.4339987639337778,0.14844217071076854,0.5,5.4392523765563965,1.5456543565517334e-07,0.22922143579373105
22680,0.23627332532778383,0.1361983299255371,0.012973003089427948,0.32432474829256536,0.07745612191502005,0.6,1.4774331020817044e-06,1.5416717048968247e-07,0.22932254802831142
22690,0.2705655723810196,0.20473734103143215,-0.011016142368316651,0.6151176333427429,0.10121260600863025,0.6,0.005186191760003567,1.5376932554368937e-07,0.22942366026289182
22700,0.012227847427129745,0.018265241384506227,0.014188152551651002,0.35470372103154657,0.11111402839887888,0.8,5.292941570281982,1.5337190130061317e-07,0.2295247724974722
22710,0.17534962482750416,0.11778160128742457,0.031057482957839964,0.7764366824179888,0.09630564308026805,0.6,2.664715528488159,1.5297489824336162e-07,0.2296258847320526
22720,0.2953939359635115,0.28176011592149736,0.04913678765296936,0.9404816647991538,0.17440523990662768,0.3,0.8096246719360352,1.525783168543312e-07,0.22972699696663296
22730,0.04703241884708405,0.14663257598876953,0.023373790085315704,0.5843452658504248,0.14220735379494726,0.6,2.8524773370008916e-06,1.5218215761540548e-07,0.22982810920121335
22740,0.08126355111598968,0.08440780788660049,0.019419535994529724,0.5811616510152817,0.08362693551462144,0.8,1.6478470570291393e-06,1.517864210079554e-07,0.22992922143579372
22750,-0.07916642874479293,0.11672339364886283,0.012575216591358185,0.3143807487562299,0.14600675455294548,0.5,2.6868513032241026e-06,1.513911075128382e-07,0.23003033367037412
22760,0.06336205378174782,0.11546257436275482,0.022919949889183045,0.5795322988182307,0.1434657112811692,0.6,0.03190279006958008,1.5099621761039683e-07,0.2301314459049545
22770,0.1599442468956113,0.12709304355084897,0.02884603142738342,0.7211510222405195,0.14191328895976768,0.5,3.9165770431282e-06,1.5060175178046014e-07,0.2302325581395349
22780,0.054579490423202516,0.06532611399888992,0.007568710297346115,0.18921781703829765,0.10490156225860119,0.7,18.610912322998047,1.5020771050234115e-07,0.23033367037411526
22790,0.2660261407494545,0.17643925696611404,0.027942559123039244,0.6985636319965124,0.13447607221314684,0.4,5.693747043609619,1.4981409425483716e-07,0.23043478260869565
22800,0.035380844399333,0.02021762542426586,0.017553001642227173,0.43882495127618315,0.09146610265597702,0.7,0.031005118042230606,1.4942090351622883e-07,0.23053589484327602
22810,0.0707524724304676,0.07835237532854081,0.030749425292015076,0.7687355175614357,0.09271379513666034,0.7,8.556773536838591e-05,1.490281387642804e-07,0.23063700707785642
22820,0.08430235162377357,0.07841496467590332,0.02666196823120117,0.6665492229163646,0.12507296210387722,0.6,0.5111618638038635,1.4863580047623763e-07,0.23073811931243682
22830,0.11194882579147816,0.13902736604213714,0.040372264385223386,1.0093061342835425,0.11577882457058877,0.6,0.23424021899700165,1.4824388912882895e-07,0.2308392315470172
22840,0.3151052625849843,0.33858257755637167,0.05177393555641174,1.294347807019949,0.12820095961214975,0.3,2.9474475383758545,1.4785240519826342e-07,0.23094034378159758
22850,0.12818546444177628,0.12539561465382576,0.03113611936569214,0.778402578830719,0.13660167672205717,0.5,9.651309967041016,1.4746134916023094e-07,0.23104145601617795
22860,0.14839157313108445,0.11525325179100036,0.015879592299461363,0.39698959663510325,0.11727850001771004,0.6,3.637872623585281e-06,1.470707214899014e-07,0.23114256825075835
22870,-0.003677833266556263,0.011177515797317027,0.010414494574069977,0.2603621810674667,0.08987491427687928,0.8,1.8206744698545663e-06,1.4668052266192422e-07,0.23124368048533872
22880,0.06940146256238222,0.1764700286090374,0.03572089672088623,0.8930222816765309,0.13906836978858336,0.5,0.028535259887576103,1.4629075315042794e-07,0.23134479271991912
22890,0.11517547853291035,0.09607331864535809,0.03697496354579925,0.9181576557457447,0.14045142001705244,0.5,0.7702235579490662,1.4590141342901924e-07,0.2314459049544995
22900,0.20118481442332267,0.1169880259782076,0.01271328330039978,0.43575932197272776,0.08524002330377697,0.5,0.002023232402279973,1.455125039707825e-07,0.23154701718907988
22910,0.09728884901851416,0.10450883023440838,0.020886814594268797,0.5308675978332758,0.12736631621373817,0.5,0.24960385262966156,1.4512402524827945e-07,0.23164812942366025
22920,0.06826487742364407,0.10248292870819568,0.02382906973361969,0.5957267500460148,0.10155272289412096,0.7,1.1818745136260986,1.4473597773354816e-07,0.23174924165824065
22930,0.0,0.01738204210996628,0.009080936014652253,0.2270234666764736,0.06916065907571464,0.9,0.012933960184454918,1.4434836189810335e-07,0.23185035389282102
22940,0.3020803126390092,0.19297639690339566,0.017624159157276154,0.44060383141040804,0.10302492420887574,0.7,3.356241226196289,1.439611782129345e-07,0.23195146612740142
22950,0.09283990785479546,0.1629614859819412,0.020067888498306274,0.5016970317810774,0.10077902749180793,0.7,71.4006118774414,1.4357442714850632e-07,0.2320525783619818
22960,0.12799773812294007,0.07824946194887161,0.01752004772424698,0.4380009941756725,0.08428869543131441,0.7,0.34238946437835693,1.4318810917475798e-07,0.23215369059656218
22970,0.228074412047863,0.2127279259264469,0.03106284439563751,0.7765716496855021,0.152971533825621,0.5,1.5439773051184602e-05,1.4280222476110204e-07,0.23225480283114258
22980,0.19930360950529574,0.258438616245985,0.027630490064620972,0.6907626926898957,0.20589913777075708,0.2,4.774632453918457,1.424167743764247e-07,0.23235591506572295
22990,0.00986051606014371,0.010095669887959957,0.007024815678596497,0.17562040649354457,0.06999528374290094,0.8,1.7958566331799375e-06,1.4203175848908437e-07,0.23245702730030335
23000,0.03544762134552002,0.05225538909435272,0.02677927315235138,0.6694814257323742,0.10269512586528436,0.8,2.6931354568660026e-06,1.4164717756691174e-07,0.23255813953488372
23010,0.28921439349651334,0.19971901774406434,0.0306376576423645,0.7951249230653048,0.09017513535218313,0.6,0.04169054701924324,1.412630320772088e-07,0.23265925176946411
23020,0.01978609785437584,0.013876889646053315,0.01967218965291977,0.49180498011410234,0.0813727835775353,0.8,0.02074696682393551,1.408793224867484e-07,0.23276036400404448
23030,0.22073357622139156,0.1838800709694624,0.02435316890478134,0.6088293552398681,0.09735989456530661,0.6,2.2096242904663086,1.4049604926177422e-07,0.23286147623862488
23040,0.18840885013341904,0.11593780890107155,0.02191338986158371,0.5478343412280082,0.08085245793918147,0.7,1.314470296165382e-06,1.4011321286799916e-07,0.23296258847320525
23050,0.18235264271497725,0.16461357846856117,0.0254069447517395,0.6351740553975105,0.1919346843031235,0.3,2.1054863929748535,1.3973081377060565e-07,0.23306370070778565
23060,0.1810477375984192,0.24990349635481834,0.023656101524829866,0.5914026774466038,0.21499790840316563,0.2,35.47159957885742,1.393488524342445e-07,0.23316481294236602
23070,0.05754141956567764,0.16814927458763124,0.018585649132728577,0.46464131735265257,0.12734219864942134,0.6,0.7178595662117004,1.3896732932303484e-07,0.23326592517694641
23080,0.11741845905780793,0.06709626391530037,0.01888139545917511,0.47322925850749015,0.10511575113050639,0.6,8.194510883186013e-05,1.3858624490056303e-07,0.23336703741152678
23090,0.10547069162130356,0.2172683745622635,0.022920741140842436,0.5730184584856033,0.1178033696487546,0.5,2.1454038619995117,1.38205599629883e-07,0.23346814964610718
23100,0.05690544107928872,0.034401096403598785,0.02202933728694916,0.5507331501692534,0.0920880350866355,0.8,2.1377759367169347e-06,1.3782539397351416e-07,0.23356926188068755
23110,0.23035936951637268,0.19148303885012866,0.028645771741867065,0.7161450281739234,0.1530053377849981,0.4,5.463202476501465,1.3744562839344265e-07,0.23367037411526795
23120,0.08166413530707359,0.08425869271159173,0.011612678319215775,0.29031665362417697,0.1104392231325619,0.7,9.677103207650362e-07,1.370663033511193e-07,0.23377148634984835
23130,0.01008924473717343,0.02238417658954859,0.005325520411133766,0.14557721242308616,0.11630536234006286,0.7,3.886101239913842e-06,1.3668741930745964e-07,0.23387259858442871
23140,0.11192619651556016,0.14572878954932095,0.01954697221517563,0.5454184833914042,0.19288885567802935,0.5,1.3017195215070387e-06,1.363089767228438e-07,0.2339737108190091
23150,0.046128836320713164,0.05257677212357521,0.011465498805046081,0.2866375207901001,0.11412833310896531,0.5,2.4167179617506918e-06,1.3593097605711505e-07,0.23407482305358948
23160,0.19276150539517403,0.11921726781874895,0.02866760194301605,0.7166901811957359,0.10411025747889653,0.6,0.07352304458618164,1.355534177695799e-07,0.23417593528816988
23170,0.18923110365867615,0.19733894169330596,0.02641953229904175,0.6604894299060107,0.10725210902746767,0.6,2.1237649434624473e-06,1.3517630231900722e-07,0.23427704752275025
23180,0.16484053134918214,0.09419459104537964,0.012467972189188003,0.31169969365000727,0.05527228324208409,0.9,2.0317083908594213e-06,1.3479963016362765e-07,0.23437815975733065
23190,0.3404241383075714,0.20747571885585786,0.03580936789512634,0.8952344316989184,0.11061280373251066,0.6,0.024642158299684525,1.3442340176113376e-07,0.23447927199191101
23200,0.3428541423752904,0.22405553385615348,0.040333664417266844,1.0083421383053064,0.13209969475865363,0.4,1.9051270484924316,1.3404761756867838e-07,0.2345803842264914
23210,0.0522644808224868,0.096746493014507,0.03128667175769806,0.7821670413017273,0.1843748711515218,0.4,3.484400749206543,1.3367227804287467e-07,0.23468149646107178
23220,0.327736605098471,0.21262979013845323,0.02795809507369995,0.677257188782096,0.11540128409396858,0.6,3.7175638675689697,1.3329738363979558e-07,0.23478260869565218
23230,0.12370032966136932,0.20909166112542152,0.02050556391477585,0.5126394536346197,0.15175475764553994,0.6,1.4416893463931046e-05,1.3292293481497307e-07,0.23488372093023255
23240,0.16367074847221375,0.13761652931571006,0.03631388247013092,0.9078466854989529,0.12182613867335021,0.6,4.415835857391357,1.3254893202339796e-07,0.23498483316481295
23250,0.10941146835684776,0.07559337057173252,0.02126075476408005,0.531518991664052,0.06934562207898125,0.7,1.4096077680587769,1.321753757195187e-07,0.23508594539939331
23260,0.05008653569966555,0.05777695477008819,0.018216559290885927,0.45541408434510233,0.10304261024575681,0.7,15.22081470489502,1.3180226635724167e-07,0.2351870576339737
23270,-0.0015236765146255493,0.03346669524908066,0.02202371209859848,0.5505926363170147,0.12093699757242575,0.8,1.7908807876665378e-06,1.314296043899298e-07,0.23528816986855408
23280,0.18524277545511722,0.10938674542121589,-0.0017886493355035783,0.3894712544977665,0.08803803117480129,0.6,0.016096215695142746,1.3105739027040248e-07,0.23538928210313448
23290,0.11288993880152702,0.2529079131782055,0.023732982575893402,0.5933244854211808,0.14418711622711272,0.5,8.997754096984863,1.306856244509349e-07,0.23549039433771488
23300,0.1433434598147869,0.11023411154747009,0.01668751835823059,0.41718789041042326,0.11109026771737263,0.6,1.372157043988409e-06,1.3031430738325778e-07,0.23559150657229525
23310,0.05098560927435756,0.042125959508121015,0.023064501583576202,0.5637008711695671,0.1368728456669487,0.6,3.0319447432702873e-06,1.299434395185563e-07,0.23569261880687564
23320,0.020648342557251453,0.05417153211310506,0.025274083018302917,0.6318523157387972,0.10515128320548683,0.6,0.019388291984796524,1.2957302130746988e-07,0.235793731041456
23330,-5.4473523050546646e-05,0.007109369663521647,0.010151923447847367,0.2537984628230333,0.08965802409220487,0.8,2.07103857974289e-06,1.292030532000915e-07,0.2358948432760364
23340,0.23008252326399087,0.21416305638849736,0.03524380326271057,0.881095515564084,0.1404017940047197,0.5,11.047051429748535,1.2883353564596727e-07,0.23599595551061678
23350,-0.07666056547313929,0.15471805706620217,0.024790994822978973,0.6197750594466924,0.1653347041341476,0.5,0.08667062968015671,1.2846446909409603e-07,0.23609706774519718
23360,0.1358520932495594,0.13916040509939193,0.025065472722053526,0.8790767546743155,0.10881130420602858,0.3,1.676107406616211,1.2809585399292837e-07,0.23619817997977754
23370,0.24162597805261612,0.3322996810078621,0.044036310911178586,1.1009079271927475,0.19682030676631257,0.4,9.513286158835399e-07,1.277276907903664e-07,0.23629929221435794
23380,0.08789891615160741,0.0680838726926595,0.020020541548728944,0.5005134031176567,0.1562046801089309,0.5,1.0776882390928222e-06,1.2735997993376295e-07,0.2364004044489383
23390,0.2534291323274374,0.18523665890097618,0.0415922611951828,1.039806953445077,0.1254538754816167,0.5,1.4912295682734111e-06,1.2699272186992165e-07,0.2365015166835187
23400,0.15586824268102645,0.13029662929475308,0.028185752034187318,0.7046438895165921,0.0803207611083053,0.6,1.3764943105343264e-06,1.2662591704509545e-07,0.23660262891809908
23410,0.059924364648759366,0.052496935799717905,0.005290532857179642,0.22586085237562656,0.10862774659181014,0.6,1.446103510716057e-06,1.262595659049871e-07,0.23670374115267948
23420,0.47930083274841306,0.33751473277807237,0.015958978235721587,0.6963169012218714,0.0688708002329804,0.5,0.022260701283812523,1.2589366889474757e-07,0.23680485338725984
23430,0.15169385969638824,0.15514197051525117,0.008643627911806107,0.36361957490444186,0.11213753446936607,0.6,5.7241632021032274e-05,1.255282264589762e-07,0.23690596562184024
23440,0.22367238847364207,0.13814503070898354,0.03207665383815765,0.8019163433462382,0.12266926096053794,0.5,4.3251544411759824e-05,1.2516323904171999e-07,0.23700707785642064
23450,0.12744597671553493,0.1305300459265709,-0.003187163546681404,0.35413082093000414,0.1567378757055849,0.4,1.5240896940231323,1.2479870708647322e-07,0.237108190091001
23460,0.12214211747050285,0.10581364333629609,0.02531174123287201,0.6327937386929989,0.0939679823233746,0.6,0.7571443319320679,1.2443463103617657e-07,0.2372093023255814
23470,0.06046731192618608,0.07305314168334007,0.025386801362037657,0.6346701584756375,0.14939228534931318,0.6,12.415502548217773,1.2407101133321669e-07,0.23731041456016178
23480,0.1182109147310257,0.10685541704297066,0.01798233836889267,0.4495585046708584,0.09757610753877088,0.7,0.00037810576031915843,1.2370784841942582e-07,0.23741152679474217
23490,-0.003738461062312126,0.00954481065273285,0.01742722690105438,0.4356809169054031,0.08465674556791783,0.9,1.4735396689502522e-05,1.2334514273608114e-07,0.23751263902932254
23500,0.07289028828963637,0.06508948169648647,0.022715769708156586,0.5678945627063513,0.1356652185204439,0.6,0.45325860381126404,1.2298289472390416e-07,0.23761375126390294
23510,0.0010935828089714051,0.04952685907483101,0.022703717648983,0.5675931803882122,0.08834889616118743,0.7,0.022896399721503258,1.226211048230606e-07,0.2377148634984833
23520,0.1404736354481429,0.12966215424239635,0.052020865678787234,1.3058160305023194,0.15812161056092008,0.3,2.0359280109405518,1.2225977347315918e-07,0.2378159757330637
23530,0.12454729080200196,0.07755995243787765,0.013456706702709199,0.33641776219010355,0.10714387279003859,0.6,1.6617591427348088e-06,1.2189890111325146e-07,0.23791708796764408
23540,0.06845100596547127,0.12121427915990353,0.031534209847450256,0.7883552622050047,0.10213987766765058,0.4,0.00019231009355280548,1.215384881818316e-07,0.23801820020222447
23550,0.14383935583755375,0.11332988850772381,0.030145660042762756,0.7536415595561266,0.14009371674619614,0.5,19.846752166748047,1.2117853511683508e-07,0.23811931243680484
23560,0.057678521424531934,0.062436170876026154,0.02014930546283722,0.5037328325212002,0.0823638322763145,0.7,14.932882308959961,1.2081904235563905e-07,0.23822042467138524
23570,0.007955919811502099,0.01199890673160553,0.006744550168514251,0.16861378885805606,0.14904704781947659,0.7,3.6977033615112305,1.2046001033506097e-07,0.2383215369059656
23580,0.059404623508453366,0.0706526406109333,0.019246523082256318,0.48116330057382584,0.11271735212067142,0.7,5.426547050476074,1.2010143949135865e-07,0.238422649140546
23590,0.22316435687243938,0.14816198404878378,0.02231729030609131,0.206880759075284,0.129967603366822,0.6,6.754250989615684e-06,1.1974333026022937e-07,0.2385237613751264
23600,0.14598842347040772,0.11745361238718033,0.03032906949520111,0.7582272697240114,0.11238153127487749,0.6,0.07210569083690643,1.1938568307680963e-07,0.23862487360970677
23610,0.05527291744947434,0.2552378952503204,0.0206355482339859,0.5158889148384332,0.15132554973242804,0.4,4.428818702697754,1.1902849837567463e-07,0.23872598584428717
23620,0.04648933410644531,0.02656533420085907,0.010683173686265946,0.2670793741941452,0.04891283146571368,0.9,0.023180274292826653,1.1867177659083738e-07,0.23882709807886754
23630,0.2509475027676672,0.16790959909558295,0.02767795920372009,0.6878872638568282,0.16202268858905883,0.5,0.04958704113960266,1.1831551815574847e-07,0.23892821031344794
23640,0.01820419616997242,0.1051620151847601,0.015917105972766875,0.411218536272645,0.12127954959869384,0.7,0.022665774449706078,1.1795972350329552e-07,0.2390293225480283
23650,0.1894371945410967,0.19027336016297342,0.025337472558021545,0.6334379699081183,0.08490995694883167,0.6,1.5008191667220672e-06,1.1760439306580238e-07,0.2391304347826087
23660,0.07476016692817211,0.09535325355827809,0.014274516701698303,0.3568629376590252,0.09596421557944268,0.5,11.60491943359375,1.172495272750294e-07,0.23923154701718907
23670,0.12769613265991211,0.13305771835148333,0.01218191310763359,0.304547756165266,0.14989698537392543,0.5,5.875296115875244,1.1689512656217177e-07,0.23933265925176947
23680,0.002213617414236069,0.05186002552509308,0.013642632961273193,0.3434375382959843,0.11982354533392936,0.6,2.5769286366994493e-06,1.1654119135785962e-07,0.23943377148634984
23690,0.26210794458165765,0.21929339058697223,0.03408362865447998,0.8520906247198582,0.16359894439810888,0.5,9.353008499601856e-05,1.1618772209215793e-07,0.23953488372093024
23700,0.09414574559777975,0.18603874146938323,0.024995911121368408,0.6248976323753596,0.19297964406432583,0.4,3.1810410022735596,1.1583471919456506e-07,0.2396359959555106
23710,-0.015547990426421165,0.029965967871248722,0.000990542396903038,0.05091774873435497,0.09413043950917199,0.7,1.4799566088186111e-06,1.1548218309401264e-07,0.239737108190091
23720,0.00037435614503920076,0.0006696686614304781,0.009305085986852646,0.2326271090656519,0.06726049380376935,0.9,3.4514095783233643,1.1513011421886553e-07,0.23983822042467137
23730,-0.01994471941143274,0.08483877703547478,0.0067005626857280735,0.16718916464596986,0.14194382253335788,0.6,0.003168737282976508,1.1477851299692054e-07,0.23993933265925177
23740,0.13131553060375153,0.12061058236286044,0.026433727145195006,0.6608437243849039,0.11346916765905916,0.6,0.02107563056051731,1.1442737985540629e-07,0.24004044489383217
23750,0.004593266732990741,0.06604761779308319,0.0168986976146698,0.42246754094958305,0.16860661448445172,0.6,8.350475311279297,1.140767152209826e-07,0.24014155712841254
23760,0.030841942131519317,0.05790888629853726,0.01970062404870987,0.492515429481864,0.1142128501436673,0.7,0.012520909309387207,1.1372651951974e-07,0.24024266936299293
23770,0.03413885831832886,0.04403780102729797,0.0010215477086603642,0.025538738630712033,0.05735003328882158,0.9,1.5831838027224876e-05,1.133767931771995e-07,0.2403437815975733
23780,0.38633251190185547,0.2686157554388046,0.03301455080509186,0.8253638621419668,0.09774420084431767,0.5,5.358616817829898e-06,1.130275366183115e-07,0.2404448938321537
23790,0.3631517574191093,0.3172573048621416,0.02401892691850662,0.6004738420248031,0.1611664978088811,0.4,3.742370381587534e-06,1.1267875026745561e-07,0.24054600606673407
23800,-0.12795519903302194,0.17532341182231903,0.024276973307132722,0.6069253467023372,0.125964535609819,0.6,0.008151724003255367,1.1233043454844016e-07,0.24064711830131447
23810,0.03336344063282013,0.0190648227930069,0.010920310020446777,0.273007895052433,0.07292892999248579,0.9,1.0504310239412007e-06,1.1198258988450143e-07,0.24074823053589484
23820,0.12705997228622437,0.10880426242947579,0.03085084855556488,0.771271500736475,0.1294415783835575,0.6,0.00015886315668467432,1.1163521669830367e-07,0.24084934277047523
23830,0.042698802798986434,0.06494665704667568,0.020382027328014373,0.4415936961770058,0.10149935981025919,0.7,14.753914833068848,1.1128831541193817e-07,0.2409504550050556
23840,0.12036341382190585,0.07512640487402678,0.026354452967643736,0.6588615994900465,0.11419116801116616,0.6,0.14093415439128876,1.1094188644692253e-07,0.241051567239636
23850,0.0304229112342,0.040056458115577696,0.010908692330121993,0.27271728552877905,0.09745854383800179,0.8,5.190762519836426,1.1059593022420067e-07,0.24115267947421637
23860,0.08690726161003112,0.11494480669498444,0.039546471834182736,0.9886624846607447,0.1414383603609167,0.6,4.6414875984191895,1.1025044716414183e-07,0.24125379170879677
23870,0.06946432031691074,0.08254705816507339,0.023332978785037994,0.587228373810649,0.11848568288842216,0.8,0.05514705553650856,1.0990543768654081e-07,0.24135490394337714
23880,0.02995961010456085,0.16032240577042103,0.01454688012599945,0.3636719428002834,0.11744683597935364,0.6,9.94197489490034e-06,1.0956090221061653e-07,0.24145601617795753
23890,0.05461416207253933,0.06655022352933884,0.02137504667043686,0.5343761757016182,0.11890284549444914,0.7,1.1762749636545777e-06,1.0921684115501207e-07,0.24155712841253793
23900,0.07657397985458374,0.06974665522575378,0.015530329942703248,0.3882585823535919,0.03986265944549814,0.9,1.504626197856851e-06,1.0887325493779403e-07,0.2416582406471183
23910,0.09782331604510545,0.07003825139254331,0.013398700952529907,0.5455142106860876,0.08937735175713897,0.6,0.020206985995173454,1.0853014397645205e-07,0.2417593528816987
23920,0.15831324197351931,0.15143410116434097,-0.013400253653526307,0.233599267154932,0.061967966717202214,0.8,5.632657051086426,1.0818750868789828e-07,0.24186046511627907
23930,0.20657128139864653,0.14083132827654482,0.031512904167175296,0.787823174521327,0.14576908878516406,0.5,0.12280075997114182,1.0784534948846702e-07,0.24196157735085946
23940,0.09294555657543242,0.07144466084428132,0.02106786221265793,0.5266967058181763,0.10350012282142415,0.5,0.039893388748168945,1.0750366679391392e-07,0.24206268958543983
23950,0.18363365828990935,0.12712359726428984,0.027948951721191405,0.6987240884453059,0.06006282017333433,0.7,0.524341344833374,1.0716246101941557e-07,0.24216380182002023
23960,0.3054770156741142,0.17455829530954362,0.029380738735198975,0.7345186181366443,0.08538709583226592,0.6,0.9755392074584961,1.0682173257956933e-07,0.2422649140546006
23970,0.09396590176038444,0.06042400524020195,0.005960622429847717,0.4418970011174679,0.10881809826241806,0.7,0.6881770491600037,1.0648148188839217e-07,0.242366026289181
23980,0.21181953344494103,0.16810661796480417,0.037621086835861205,0.940527793765068,0.11885544994147494,0.5,39.364646911621094,1.0614170935932099e-07,0.24246713852376137
23990,0.2501843575388193,0.15497677475214006,0.02878735363483429,0.7196848660707473,0.11170797740342095,0.5,9.215888894686941e-06,1.058024154052114e-07,0.24256825075834176
24000,0.08854145162040368,0.09577878285199404,0.023102176189422608,0.5775542683899403,0.16624987099785357,0.4,0.028824729844927788,1.0546360043833746e-07,0.24266936299292213
24010,0.1606376014649868,0.17879408672451974,0.030657032132148744,0.7664256304502487,0.14419534757034852,0.4,1.4669886923002196e-06,1.0512526487039136e-07,0.24277047522750253
24020,0.19984719008207322,0.14451381415128708,0.01977970004081726,0.49449261762201785,0.07695562297012656,0.7,1.3475306034088135,1.0478740911248257e-07,0.2428715874620829
24030,-0.032364997640252115,0.06678217388689518,0.01355825513601303,0.39650947861373426,0.09930027835071087,0.7,0.14013691246509552,1.0445003357513793e-07,0.2429726996966633
24040,0.37914839405566453,0.23599068708717824,0.03499922156333923,0.874980466067791,0.15288087683729829,0.5,7.168373107910156,1.041131386683004e-07,0.2430738119312437
24050,0.05062429141253233,0.07365871593356133,0.015747679769992827,0.3936922151595354,0.148804670246318,0.7,0.39954280853271484,1.0377672480132915e-07,0.24317492416582406
24060,0.21483617275953293,0.1845714956521988,0.026580050587654114,0.664501640945673,0.07105998140759766,0.7,1.1875957250595093,1.0344079238299863e-07,0.24327603640040446
24070,0.02429158091545105,0.023355245217680932,0.02577862739562988,0.644465608522296,0.09165668457280844,0.7,1.8053950725516188e-06,1.0310534182149832e-07,0.24337714863498483
24080,0.18142375573515893,0.12756023295223712,0.031149545311927797,0.7787389747798443,0.1084318054607138,0.6,0.035267237573862076,1.0277037352443258e-07,0.24347826086956523
24090,0.1812930043786764,0.11311287879943847,0.03090464770793915,0.7726158782839775,0.08779546477599069,0.7,4.7195844650268555,1.0243588789881929e-07,0.2435793731041456
24100,0.09813835993409156,0.15672785528004168,0.032677865028381346,0.8169469151645898,0.1812923150253482,0.5,0.09274574369192123,1.0210188535108993e-07,0.243680485338726
24110,0.0043453721329569815,0.054111535847187045,0.014875474572181701,0.35308036096394063,0.13289758540922775,0.7,0.014644714072346687,1.0176836628708934e-07,0.24378159757330636
24120,0.10037555694580078,0.13486623466014863,0.02871679961681366,0.7254943519830703,0.13565833966713398,0.7,1.0821963769558351e-06,1.0143533111207453e-07,0.24388270980788676
24130,0.06431200653314591,0.06719158440828324,0.035168585181236264,0.8792144034057856,0.1453487377963029,0.5,2.6270971298217773,1.0110278023071445e-07,0.24398382204246713
24140,0.3603335928171873,0.2817938981577754,0.02589718997478485,0.9926898451521993,0.16419366154586895,0.3,0.2498496174812317,1.0077071404709009e-07,0.24408493427704753
24150,-0.04911529622040689,0.12630279804579914,0.00816107988357544,0.26490240627899764,0.08887979239225388,0.8,1.4429769180424046e-05,1.0043913296469298e-07,0.2441860465116279
24160,0.1747632570564747,0.1442937895655632,0.03174100518226623,0.7935254067182541,0.12654307166812942,0.6,0.00010510454012546688,1.0010803738642548e-07,0.2442871587462083
24170,0.3181420713663101,0.22303080707788467,0.032828149199485776,0.820703299343586,0.11563230383908377,0.6,1.6515087963853148e-06,9.977742771459991e-08,0.24438827098078866
24180,0.08275692760944367,0.229723512660712,0.02117776870727539,0.5294445417821407,0.11956520933890716,0.5,109.28205871582031,9.944730435093801e-08,0.24448938321536906
24190,0.1487196519970894,0.1177392415702343,0.019369779527187346,0.4842450626194477,0.061604627105407414,0.7,0.0003538406454026699,9.911766769657115e-08,0.24459049544994946
24200,0.05330404415726662,0.1499423447996378,0.036299490928649904,0.9074873059988022,0.17288309168070554,0.4,0.02850332483649254,9.878851815203881e-08,0.24469160768452983
24210,0.06461758245714008,0.03842561226338148,0.015995016694068907,0.3998752307146788,0.07953937334241346,0.7,3.607495069503784,9.845985611728863e-08,0.24479271991911022
24220,0.2854267850518227,0.17355149909853934,0.013746838271617889,0.3405371271073818,0.10027609776007011,0.6,1.4667571122117806e-06,9.813168199167604e-08,0.2448938321536906
24230,0.016395405679941178,0.040160201117396356,0.02249320298433304,0.5623302765190601,0.09683655898552387,0.7,0.011020950973033905,9.78039961739634e-08,0.244994944388271
24240,0.01788419671356678,0.0649556627497077,0.02375105321407318,0.5937762428075075,0.11314967321231961,0.6,1.4522876739501953,9.747679906232015e-08,0.24509605662285136
24250,0.030240843072533607,0.027544572576880456,0.013795223832130433,0.34488091208040716,0.07302219292614609,0.8,0.31235387921333313,9.715009105432137e-08,0.24519716885743176
24260,0.07403652667999268,0.05392484944313765,0.015764735639095306,0.4155891578644514,0.09389465705025941,0.6,2.274048256367678e-06,9.682387254694834e-08,0.24529828109201213
24270,-0.0037209801375865936,0.09634816534817219,0.0203616663813591,0.5090420611202717,0.12883323471760377,0.6,1.548675754747819e-05,9.649814393658722e-08,0.24539939332659252
24280,0.08046572655439377,0.10350583493709564,0.03249768614768982,0.8124423533678055,0.13338672106619925,0.6,1.4956247014197288e-06,9.61729056190288e-08,0.2455005055611729
24290,0.07412129705771804,0.07974552623927593,0.02313266694545746,0.65979067645967,0.1285368702490814,0.4,1.8543648719787598,9.58481579894686e-08,0.2456016177957533
24300,0.042401301115751265,0.06200364455580711,0.02425883859395981,0.606471024826169,0.11472639334388077,0.7,1.3336758684090455e-06,9.55239014425055e-08,0.24570273003033366
24310,0.20108931846916675,0.13633951619267465,0.011281627416610717,0.48792745992541314,0.1257598206284456,0.5,0.002078121295198798,9.520013637214175e-08,0.24580384226491406
24320,-0.05506303310394287,0.2656655848026276,0.009443714469671249,0.23609283939003944,0.12232366321841255,0.7,1.7599858210815e-06,9.48768631717824e-08,0.24590495449949443
24330,0.07042669504880905,0.06796635314822197,0.02963769733905792,0.7409423284232617,0.13683740749256684,0.6,4.510578632354736,9.455408223423494e-08,0.24600606673407482
24340,0.33433532717172054,0.2381371695548296,0.03699758052825928,0.9623288433998823,0.12148403342580423,0.5,0.9211434721946716,9.423179395170844e-08,0.2461071789686552
24350,0.03684899883810431,0.033563545695506035,0.018862797319889067,0.4715697582811117,0.06386671686777845,0.8,0.023009730502963066,9.39099987158139e-08,0.2462082912032356
24360,-0.01988856475800276,0.06258167624473572,0.011510124802589417,0.28775314800441265,0.10491014164872467,0.8,0.042691294103860855,9.358869691756272e-08,0.246309403437816
24370,-0.061786781251430514,0.13784470558166503,0.02263547629117966,0.5658869929611683,0.1626080994028598,0.6,0.013132663443684578,9.326788894736687e-08,0.24641051567239636
24380,0.044032834470272064,0.07410634057596326,0.006392744928598404,0.33259421177208426,0.1083411764469929,0.6,5.3421728807734326e-05,9.29475751950381e-08,0.24651162790697675
24390,0.07175897620618343,0.11552528701722622,0.02538679838180542,0.6526976108551026,0.13769868622766807,0.5,9.390693094246672e-07,9.262775604978818e-08,0.24661274014155712
24400,0.08963149935007095,0.06791089028120041,0.03180120885372162,0.7950305290520191,0.13058967096731067,0.7,0.03874649107456207,9.230843190022725e-08,0.24671385237613752
24410,0.11300236266106367,0.17654095403850079,0.029078176617622374,0.7269544713199139,0.21387971235672013,0.2,0.5302297472953796,9.198960313436443e-08,0.2468149646107179
24420,0.12847198247909547,0.10934207700192929,0.029717642068862914,0.7429411612451077,0.07584447949193418,0.7,5.4555380302190315e-06,9.167127013960669e-08,0.2469160768452983
24430,0.14947273395955563,0.08885210677981377,0.020217381417751312,0.5054343543946743,0.09187891845358535,0.7,1.2633986473083496,9.135343330275863e-08,0.24701718907987866
24440,0.24214346185326577,0.25949408262968066,0.034770038723945615,0.8753697168081999,0.1339193167630583,0.6,0.03032090701162815,9.103609301002179e-08,0.24711830131445905
24450,0.20843721888959407,0.15265655219554902,0.007998506724834441,0.7376874811947346,0.1357989722280763,0.6,0.0811648741364479,9.07192496469949e-08,0.24721941354903942
24460,0.2078570037614554,0.2099565112963319,0.02748163342475891,0.6870406925678253,0.12170808335067704,0.5,0.9032730460166931,9.040290359867231e-08,0.24732052578361982
24470,0.052232971787452696,0.06636253371834755,0.021942414343357086,0.5485605131834745,0.10439882327336818,0.6,1.2714200019836426,9.008705524944438e-08,0.2474216380182002
24480,0.014781481539830565,0.03659708797931671,0.023767098784446716,0.5941773675382137,0.11501312665641308,0.5,0.0340719074010849,8.97717049830965e-08,0.2475227502527806
24490,0.06152268573641777,0.10729514881968498,0.0350330263376236,0.8758260130882263,0.11934552460443229,0.6,0.04809006676077843,8.945685318280915e-08,0.24762386248736096
24500,0.1651280254125595,0.1624113515019417,0.02175744026899338,0.47347138710319997,0.10782457068562508,0.7,2.2814188014308456e-06,8.914250023115671e-08,0.24772497472194135
24510,0.15155723225325346,0.18017240315675737,0.016811755299568177,0.42029407769441607,0.10653015709249303,0.7,1.4112590633885702e-06,8.882864651010796e-08,0.24782608695652175
24520,0.1990804761648178,0.17932961112819612,0.016876423358917238,0.4219107788056135,0.13138984970282763,0.6,1.1630829703790369e-06,8.851529240102462e-08,0.24792719919110212
24530,0.14626981168985367,0.14499353542923926,0.01743822544813156,0.600712213292718,0.10935280572157353,0.6,1.5662261247634888,8.820243828466134e-08,0.24802831142568252
24540,0.03707062751054764,0.05847023874521255,0.015851430594921112,0.39628575220704076,0.10432832633377984,0.7,0.16226929426193237,8.789008454116565e-08,0.2481294236602629
24550,0.13780147433280945,0.21996345967054368,0.026273351907730103,0.6568333674222231,0.150877807661891,0.5,0.5662449598312378,8.757823155007655e-08,0.24823053589484328
24560,0.16466788053512574,0.12506071850657463,0.026024293899536134,0.7400759574025869,0.12016286085126922,0.4,1.4529616832733154,8.72668796903251e-08,0.24833164812942365
24570,-0.009166589751839638,0.019451225455850363,0.006186424940824509,0.1546606406569481,0.09362724514212459,0.8,16.330419540405273,8.695602934023299e-08,0.24843276036400405
24580,0.24759557247161865,0.1414831817150116,0.0013397925533354283,0.33110959455370903,0.07636375287547707,0.6,1.1448618124632048e-06,8.664568087751272e-08,0.24853387259858442
24590,0.19459634739905596,0.12882611639797686,0.017729704082012177,0.4432429000735283,0.09274719397071748,0.7,4.088603873242391e-06,8.633583467926697e-08,0.24863498483316482
24600,0.022662781924009324,0.05314206033945083,0.020016783475875856,0.5004194214940071,0.13684236656408758,0.7,7.131237983703613,8.602649112198795e-08,0.2487360970677452
24610,0.02251034490764141,0.23326983973383902,0.024632105231285097,0.6159988913685084,0.18137478496646509,0.4,16.665185928344727,8.571765058155744e-08,0.24883720930232558
24620,0.023372572660446168,0.013355755805969238,0.015265393257141113,0.38163548037409784,0.060200838907621804,0.9,1.098784082387283e-06,8.540931343324582e-08,0.24893832153690595
24630,0.013290019333362579,0.02760842740535736,0.019446171820163727,0.48615381456911566,0.11227825736859813,0.8,0.00026529625756666064,8.510148005171169e-08,0.24903943377148635
24640,0.21755574271082878,0.2561313629150391,0.03173180520534515,0.7932950560003519,0.14540143578778952,0.6,1.3630072999148979e-06,8.479415081100166e-08,0.24914054600606672
24650,0.20058400928974152,0.12234501391649247,0.02224780023097992,0.556195081025362,0.10278544041793794,0.7,2.343930418646778e-06,8.448732608454968e-08,0.24924165824064712
24660,0.11997567871585488,0.10844875574111938,0.029567158222198485,0.7391791626811027,0.1012717641191557,0.7,11.035195350646973,8.418100624517688e-08,0.24934277047522752
24670,0.09538984224200249,0.0982975073158741,0.014952751994132995,0.37381897419691085,0.10667664087377489,0.7,0.025025859475135803,8.387519166509061e-08,0.24944388270980788
24680,0.050157885625958444,0.07323269229382276,0.024684496223926544,0.6171123363077641,0.10020887781865895,0.6,0.0004332151438575238,8.356988271588445e-08,0.24954499494438828
24690,-0.04354474805295468,0.07128173466771841,0.011040565371513367,0.27861726060509684,0.13507528833579271,0.7,1.077466549759265e-06,8.326507976853764e-08,0.24964610717896865
24700,0.3264530375599861,0.3060623619705439,0.037386524677276614,0.9020910520106554,0.13641062022652478,0.5,6.010564804077148,8.296078319341443e-08,0.24974721941354905
24710,0.05662549920380115,0.04687011884525418,0.02991279661655426,0.747820196673274,0.08895764731569215,0.6,1.21519281037763e-06,8.265699336026382e-08,0.24984833164812942
24720,0.10371648669242858,0.12477902173995972,0.026924824714660643,0.6731204215437174,0.06299406823236495,0.8,5.4705593356629834e-05,8.235371063821923e-08,0.24994944388270982
24730,0.30462765097618105,0.20401356220245362,0.01620304584503174,0.40507600270211697,0.08044831411680206,0.7,1.7289077050008927e-06,8.205093539579766e-08,0.2500505561172902
24740,0.1476822007447481,0.11494726911187172,0.030250832438468933,0.7562699262052774,0.09216867710929363,0.7,4.839930170419393e-06,8.174866800089963e-08,0.2501516683518706
24750,0.2166746357397642,0.16677205031737685,0.024625411629676817,0.6156355291604996,0.12372471565613523,0.4,2.210336208343506,8.144690882080851e-08,0.25025278058645095
24760,0.16320370901376008,0.139115808904171,0.0051299046725034715,0.2562490787357092,0.1071436031605117,0.6,1.172684907913208,8.114565822219005e-08,0.2503538928210313
24770,0.04504272267222405,0.0845388688147068,0.014271049201488495,0.35677622966468336,0.13501251776469872,0.7,1.4626021993535687e-06,8.084491657109233e-08,0.25045500505561175
24780,0.08084877133369446,0.046199298650026324,0.004820158705115318,0.12050393521785736,0.09021214466774836,0.7,2.2266642645263346e-06,8.054468423294474e-08,0.2505561172901921
24790,0.0703643536195159,0.049657704308629036,-0.004328880459070206,0.11532124616205693,0.06883562311995775,0.7,1.3031472008151468e-06,8.024496157255783e-08,0.2506572295247725
24800,0.0342373488470912,0.06755931861698627,0.010732755064964294,0.26831890605390074,0.16480254768393934,0.5,1.6779413223266602,7.994574895412293e-08,0.25075834175935285
24810,0.04074967578053475,0.14227643460035325,0.01396258920431137,0.3490650989115238,0.128120593552012,0.5,1.4818926956650103e-06,7.964704674121147e-08,0.2508594539939333
24820,0.31800186932086943,0.21007836125791074,0.02849772572517395,0.7124441586434841,0.0591208980884403,0.7,1.2910101077068248e-06,7.934885529677505e-08,0.25096056622851365
24830,0.10966016426682472,0.10082550966180862,0.025609582662582397,0.6402392096817493,0.11528522146400064,0.6,4.46915964857908e-06,7.905117498314412e-08,0.251061678463094
24840,0.20028059780597687,0.1935163538902998,0.01985113471746445,0.49627839028835297,0.13535722257802263,0.4,0.7426391839981079,7.87540061620286e-08,0.25116279069767444
24850,0.029318278282880784,0.08495887815952301,0.012378579378128052,0.3094645034521818,0.10671526559162885,0.7,0.0008514632936567068,7.845734919451647e-08,0.2512639029322548
24860,-0.0691870056092739,0.13069878220558168,0.024534177780151368,0.6133545514196157,0.16130905247991906,0.6,16.004236221313477,7.816120444107382e-08,0.2513650151668352
24870,0.22941135466098786,0.1999560445547104,0.02496085613965988,0.6240219783037901,0.05930074371863157,0.7,0.01641928032040596,7.786557226154472e-08,0.25146612740141555
24880,0.09785474501550198,0.135012074932456,0.016139042377471925,0.3909117583185434,0.09328835883643478,0.6,1.2510682344436646,7.757045301514997e-08,0.251567239635996
24890,0.008272724598646164,0.06454685032367706,0.023133189976215364,0.5783298138529063,0.18148447341518475,0.5,6.56804895401001,7.727584706048735e-08,0.25166835187057635
24900,0.04255130775272846,0.07787329033017158,0.024361394345760345,0.6090347770601511,0.14126565282931552,0.5,2.5972096920013428,7.698175475553076e-08,0.2517694641051567
24910,0.10573843941092491,0.14604367017745973,0.017426499724388124,0.43566234074532983,0.1371869254624471,0.5,1.4474920817519887e-06,7.66881764576302e-08,0.2518705763397371
24920,0.2089711729437113,0.1295545868575573,0.03997010588645935,0.9992523901164532,0.12833504437003285,0.6,3.0185163021087646,7.639511252351088e-08,0.2519716885743175
24930,0.1973299654200673,0.16815408691763878,0.02412349432706833,0.676692296564579,0.12365110204555094,0.5,0.013066263869404793,7.610256330927323e-08,0.2520728008088979
24940,0.03938557505607605,0.03149208649992943,0.014135736227035522,0.3436337639577687,0.08825588778126985,0.8,6.846251926617697e-05,7.58105291703921e-08,0.25217391304347825
24950,0.0875114232301712,0.07828726321458816,0.010086681693792343,0.25216744653880596,0.07771291772369296,0.7,0.00011703188647516072,7.551901046171644e-08,0.2522750252780586
24960,-0.048316271230578425,0.10387958139181137,0.017736104130744935,0.44340238757431505,0.13410137565806507,0.6,1.65832659604348e-06,7.522800753746894e-08,0.25237613751263904
24970,0.18553900346159935,0.18181285113096238,0.027654942870140076,0.6913736298680305,0.09556725084548816,0.6,0.24851681292057037,7.493752075124576e-08,0.2524772497472194
24980,-0.023591531440615654,0.015045491605997085,0.008407961577177048,0.21019908636808396,0.07275565608870238,0.8,2.3490922451019287,7.464755045601556e-08,0.2525783619817998
24990,0.023498789221048356,0.051798316091299056,0.0069057270884513855,0.17264338135719298,0.10341945355758071,0.8,1.048940703185508e-06,7.435809700411971e-08,0.2526794742163802
25000,0.09608889520168304,0.09109770804643631,0.02305431813001633,0.5762185783358291,0.10212655544746667,0.6,8.062925189733505e-07,7.406916074727148e-08,0.2527805864509606
25010,-0.005946381425019354,0.049646350531838836,0.017081199586391448,0.42703010626137256,0.1180778557783924,0.6,0.0005133950617164373,7.37807420365556e-08,0.25288169868554095
25020,0.06627679839730263,0.090086068212986,0.036237886548042296,0.9059474173933267,0.1417923951637931,0.7,19.53658103942871,7.349284122242782e-08,0.2529828109201213
25030,0.18476649038493634,0.1340561643242836,0.0215125635266304,0.5378140836954117,0.12172949489904568,0.5,1.1311698244753643e-06,7.320545865471512e-08,0.25308392315470174
25040,0.3461433187127113,0.2826029360294342,0.038116610050201415,1.0477050084620714,0.12644478157162667,0.3,0.9836429953575134,7.291859468261425e-08,0.2531850353892821
25050,0.2437461357563734,0.15314953327178954,0.025246214866638184,0.6311561275273562,0.07979086837731302,0.7,1.4174472653394332e-06,7.263224965469195e-08,0.2532861476238625
25060,0.025006324611604215,0.043479828536510466,0.007046008110046386,0.17615023143589498,0.09185094573767856,0.6,6.122428894042969,7.234642391888445e-08,0.25338725985844285
25070,0.15494818910956382,0.09311895053833723,0.01987674683332443,0.49691859297454355,0.0942832859349437,0.7,1.1230649761273526e-06,7.206111782249697e-08,0.2534883720930233
25080,0.04813410453498364,0.0749347260221839,0.018520848453044893,0.47702622823417185,0.12009332447778434,0.5,1.3184261433707434e-06,7.177633171220337e-08,0.25358948432760364
25090,0.03685370683670044,0.05328266248106957,0.02660226821899414,0.6650568965822459,0.0915133298607543,0.8,0.017911886796355247,7.149206593404561e-08,0.253690596562184
25100,0.021420087665319443,0.04485024586319923,0.023982776701450347,0.5995694011449814,0.1330008000601083,0.6,2.575571215857053e-06,7.120832083343336e-08,0.2537917087967644
25110,0.1275613084435463,0.09524570256471634,0.027298718690872192,0.7472889076918363,0.1019180162344128,0.6,0.0009483711910434067,7.092509675514369e-08,0.2538928210313448
25120,0.1304558038711548,0.07454618215560913,0.02060118168592453,0.5150296043604612,0.058131602371577176,0.9,0.029467260465025902,7.064239404332062e-08,0.2539939332659252
25130,0.07391035854816437,0.04223448969423771,0.012115205079317093,0.3092051573097706,0.08521281619323418,0.7,9.640583584769047e-07,7.036021304147449e-08,0.25409504550050555
25140,0.25122406482696535,0.15781302005052567,0.01873567998409271,0.6254027403891087,0.04794766351114958,0.7,1.0812390200953814e-06,7.007855409248198e-08,0.25419615773508597
25150,0.011098984070122242,0.17870793864130974,0.025019574165344238,0.4777198975905776,0.18425330901518464,0.5,74.44132232666016,6.97974175385852e-08,0.25429726996966634
25160,0.07375351786613464,0.11588916592299939,0.014013269543647766,0.544067857041955,0.1380280179553665,0.6,0.01028507947921753,6.951680372139157e-08,0.2543983822042467
25170,0.13774269819259644,0.1163116529583931,0.0188778817653656,0.4719471145421267,0.07772597449366003,0.8,0.0005215160781517625,6.923671298187334e-08,0.2544994944388271
25180,0.22846497725695372,0.1791810415685177,0.011330369859933853,0.2832590814679861,0.0951977654825896,0.7,0.5415700078010559,6.895714566036704e-08,0.2546006066734075
25190,0.05152104496955871,0.046927431225776674,0.02578088641166687,0.6445216868072748,0.09939205803675577,0.8,2.8072367967979517e-06,6.86781020965736e-08,0.2547017189079879
25200,0.0839475467801094,0.05092213749885559,0.010009093582630158,0.25741953290998937,0.07916549142682924,0.8,1.7666797020865488e-06,6.839958262955709e-08,0.25480283114256824
25210,0.045708769001066685,0.07895498275756836,0.01724565923213959,0.43114163540303707,0.11213265005499125,0.6,0.0878639668226242,6.81215875977449e-08,0.2549039433771486
25220,0.050686519406735894,0.05950541868805885,0.02043036073446274,0.5107589349150657,0.129782771342434,0.6,4.56816291809082,6.784411733892731e-08,0.25500505561172904
25230,0.008935384452342987,0.015984101593494414,0.016817526519298555,0.42043805718421934,0.08465431202203036,0.9,1.1479481827336713e-06,6.756717219025665e-08,0.2551061678463094
25240,0.07686222568154336,0.12380997389554978,0.018489864468574525,0.46224659830331805,0.10768644689815118,0.7,28.878969192504883,6.729075248824761e-08,0.2552072800808898
25250,0.11922111734747887,0.1153898686170578,0.022728627920150755,0.5682160038501024,0.09516753444913775,0.7,2.1655964701494668e-06,6.701485856877615e-08,0.25530839231547015
25260,0.2240884156897664,0.18108543157577514,0.012454578280448913,0.3450969021767378,0.10799311642767861,0.5,9.714178759168135e-07,6.673949076707925e-08,0.25540950455005057
25270,0.06608430803753436,0.06618751510977745,0.017982599139213563,0.4495690107345581,0.08804884871933609,0.6,1.0626365565258311e-06,6.646464941775499e-08,0.25551061678463094
25280,-0.009211210161447525,0.11249495781958103,0.011524857580661773,0.2881213095039129,0.17290882663801313,0.4,8.452714920043945,6.619033485476128e-08,0.2556117290192113
25290,0.08409218200249598,0.10509219572413712,0.028679221868515015,0.7169807024300099,0.11847230914281681,0.6,35.21525955200195,6.591654741141639e-08,0.25571284125379173
25300,0.046023300290107726,0.05385918170213699,0.020946845412254333,0.5236711006611585,0.07303101096767932,0.8,1.9502276700222865e-05,6.564328742039781e-08,0.2558139534883721
25310,0.06310579627752304,0.09773079007863998,0.03153449296951294,0.7883628323674202,0.12491563791409135,0.5,5.914638996124268,6.537055521374218e-08,0.2559150657229525
25320,0.07520488798618316,0.04297422096133232,0.021859271824359892,0.5463782912818715,0.08022935732733458,0.7,0.03853515163064003,6.509835112284484e-08,0.25601617795753284
25330,0.15702572464942932,0.11291504204273224,0.01900249421596527,0.4750624530017376,0.11335702780634165,0.7,1.4472105503082275,6.482667547845944e-08,0.25611729019211327
25340,-0.01700017973780632,0.03134879618883133,0.008752468228340148,0.2188119862228632,0.09458260368555785,0.8,1.5370388837254723e-06,6.455552861069736e-08,0.25621840242669364
25350,0.28688785135746003,0.2887526970356703,0.03302440643310547,0.8256109453737736,0.1368485400569625,0.3,2.1916782770858845e-06,6.428491084902787e-08,0.256319514661274
25360,0.0792450726032257,0.11926454529166222,0.024927204847335814,0.6231801316142083,0.11030645499704406,0.6,2.31063336286752e-06,6.401482252227697e-08,0.2564206268958544
25370,-0.0011861622333526611,0.1407593945041299,0.0025632962584495544,0.2509505473077297,0.12005257825367152,0.7,1.5167686342465458e-06,6.374526395862739e-08,0.2565217391304348
25380,0.10891144275665283,0.14372320771217345,0.024073052406311034,0.6018263041973114,0.08410890792729334,0.7,2.6511554551689187e-06,6.347623548561825e-08,0.25662285136501517
25390,0.025585146248340608,0.055949506163597104,-0.0013108260929584504,0.11782426089048385,0.06225892279762775,0.8,0.0003087884688284248,6.32077374301444e-08,0.25672396359959554
25400,0.059675801731646064,0.04842056669294834,0.02270997017621994,0.5685332901775837,0.10978472718270496,0.7,0.00022205739514902234,6.293977011845647e-08,0.2568250758341759
25410,0.08706070855259895,0.12833899147808553,0.01983216106891632,0.5376826420426368,0.1457184455008246,0.5,3.4576696634758264e-06,6.267233387615983e-08,0.25692618806875633
25420,0.10989887788891792,0.0862759429961443,0.015427568554878235,0.6744763482362032,0.1318953558569774,0.6,0.045165278017520905,6.2405429028215e-08,0.2570273003033367
25430,0.013035687431693078,0.03131493926048279,0.01458965688943863,0.364741500467062,0.1268987531773746,0.7,1.2009683132419013e-06,6.21390558989363e-08,0.2571284125379171
25440,0.08707043917383998,0.1406803517602384,0.037474775314331056,0.9368692465126515,0.1632063761469908,0.5,1.4453784160650684e-06,6.18732148119922e-08,0.2572295247724975
25450,0.16335180401802063,0.11162135303020478,0.02638658881187439,0.6596640031784773,0.07569435733603314,0.8,2.183440528824576e-06,6.160790609040489e-08,0.25733063700707787
25460,-0.03043796420097351,0.02891515791416168,0.017681875824928285,0.4420467775315046,0.10002235285937786,0.8,0.46188849210739136,6.134313005654929e-08,0.25743174924165824
25470,-0.03636558055877685,0.04691018760204315,0.021008692681789398,0.5252170253545045,0.07694489124696702,0.9,8.847062417771667e-06,6.107888703215336e-08,0.2575328614762386
25480,0.03826963417232036,0.022485174424946307,0.015466389060020447,0.38666000999510286,0.08581863563740626,0.7,8.208005905151367,6.081517733829722e-08,0.25763397371081903
25490,0.2019606627523899,0.16297442689538003,0.011363866180181504,0.2840967234224081,0.08258956535719335,0.7,9.64612809184473e-07,6.055200129541293e-08,0.2577350859453994
25500,0.2512445107102394,0.19674888551235198,0.015243729948997498,0.3810938913375139,0.12211247514933347,0.6,5.869326114654541,6.028935922328443e-08,0.25783619817997977
25510,0.18635097444057463,0.11228522658348083,0.03748982548713684,0.9372449308633805,0.09511387964012101,0.7,2.1073831248941133e-06,6.002725144104648e-08,0.25793731041456014
25520,0.1771030481904745,0.10277616521343588,0.034365791082382205,0.859144888073206,0.12137924639973789,0.6,0.31779295206069946,5.976567826718475e-08,0.25803842264914056
25530,0.07953291591256857,0.07995183393359184,0.01710062026977539,0.4275159049779177,0.12341469423845411,0.6,1.3360806860873709e-06,5.950464001953531e-08,0.25813953488372093
25540,0.066556666046381,0.12737094163894652,0.01055777296423912,0.3958557426929474,0.11664444255875424,0.7,1.3724328482567216e-06,5.924413701528413e-08,0.2582406471183013
25550,0.05341942086815834,0.1144224226474762,0.030976349115371705,0.774409006536007,0.1395653669256717,0.6,0.6166748404502869,5.898416957096702e-08,0.2583417593528817
25560,-0.017647631093859674,0.16367837227880955,0.011014169454574585,0.31684737354516984,0.1690399690414779,0.4,15.185823440551758,5.8724738002469135e-08,0.2584428715874621
25570,0.09583491943776608,0.09203607738018035,-0.006789762526750565,0.15126134417951106,0.09265467594377697,0.7,1.3283286079968093e-06,5.846584262502402e-08,0.25854398382204247
25580,0.22386713195592164,0.2748073786497116,0.02767738699913025,0.6919350951910019,0.15149372355081142,0.6,1.3485556564774015e-06,5.820748375321411e-08,0.25864509605662284
25590,-0.0016068197786808015,0.14670794308185578,0.009498566389083862,0.23746402896940708,0.13429944907547905,0.7,28.71407127380371,5.7949661700969766e-08,0.25874620829120326
25600,0.09730667184339836,0.08429847080260515,0.02512226104736328,0.7297787465155124,0.16770624013151975,0.3,2.1137477688171202e-06,5.7692376781568966e-08,0.25884732052578363
25610,0.11099971830844879,0.11395697593688965,0.032933089137077334,0.8233274038881063,0.09352352765854448,0.7,13.564825057983398,5.743562930763735e-08,0.258948432760364
25620,0.2576253583654761,0.1557729236781597,0.03700060248374939,0.925015802308917,0.1116806936566718,0.6,1.936004638671875,5.717941959114725e-08,0.25904954499494437
25630,0.08529917630366982,0.06392116323113442,0.023391233384609224,0.5847809433937072,0.09914663856616243,0.7,1.3095420854369877e-06,5.692374794341759e-08,0.2591506572295248
25640,0.12092833721544594,0.20459519792348146,0.016433613002300264,0.48081985749304296,0.12197418175637723,0.6,6.4829816818237305,5.666861467511352e-08,0.25925176946410516
25650,0.22431626915931702,0.1712146021425724,0.03036651909351349,0.759163611382246,0.11193075123010203,0.5,0.0017760030459612608,5.641402009624591e-08,0.25935288169868553
25660,0.24900443032383918,0.2108250789344311,0.023498858511447906,0.5874712336808443,0.12856909774709493,0.5,19.204050064086914,5.6159964516171445e-08,0.2594539939332659
25670,0.10302404493559152,0.10253966067684814,0.01708642691373825,0.5174417801201343,0.11702182160224765,0.5,1.007580280303955,5.590644824359148e-08,0.25955510616784633
25680,0.03584262728691101,0.05440917462110519,0.019455353915691375,0.48638339452445506,0.09082609923789278,0.8,1.8966136394737987e-06,5.5653471586552095e-08,0.2596562184024267
25690,0.16624807715415954,0.1920158177614212,-0.004121624305844307,0.5641202259808779,0.05589552482124418,0.8,1.3640733413922135e-06,5.5401034852443964e-08,0.25975733063700707
25700,0.013848301861435175,0.027859705965965986,0.019053183495998383,0.47632949873805047,0.12676259650615976,0.6,0.12325815111398697,5.514913834800133e-08,0.25985844287158744
25710,0.056794066727161405,0.10230628699064255,0.015852221846580507,0.5250455040484667,0.09734312093351036,0.7,0.44734007120132446,5.489778237930237e-08,0.25995955510616786
25720,0.1871699035167694,0.11855217069387436,0.016941541433334352,0.4307536814361811,0.061921314778737725,0.8,3.280681266915053e-05,5.464696725176826e-08,0.26006066734074823
25730,0.0,0.005743751302361488,0.019616848230361937,0.49042141251266,0.08529769915621728,0.9,3.3110252843471244e-05,5.4396693270162944e-08,0.2601617795753286
25740,0.14577234238386155,0.17612989395856857,0.029485172033309935,0.737128958851099,0.15389720447128638,0.6,1.1139017260575201e-05,5.4146960738592986e-08,0.260262891809909
25750,0.4178258694708347,0.3016014792025089,0.04283186197280884,1.0707967966794967,0.17225833744741975,0.5,3.3210949897766113,5.3897769960506933e-08,0.2603640040444894
25760,0.13194958567619325,0.15932396650314332,0.03866273760795593,0.9665688283741474,0.09024128463352099,0.7,4.552101017907262e-05,5.364912123869492e-08,0.26046511627906976
25770,0.07277421355247497,0.094190613925457,0.012377063930034637,0.30942665934562685,0.10211069477954879,0.7,1.0359640327806119e-06,5.340101487528886e-08,0.26056622851365013
25780,0.18748262394219636,0.1517280053347349,0.02717224061489105,0.6793063800781965,0.11901066713035106,0.6,1.051770368576399e-06,5.315345117176129e-08,0.26066734074823056
25790,0.023141993628814816,0.06776303593069315,0.026741024851799012,0.6685258906334639,0.13679452403448522,0.6,0.12282920628786087,5.2906430428925397e-08,0.2607684529828109
25800,0.173511366546154,0.12537235990166665,0.02706402838230133,0.6766006913036108,0.07247859232593327,0.6,0.01191729586571455,5.265995294693471e-08,0.2608695652173913
25810,-0.0005525387823581696,0.06040385216474533,0.01678474247455597,0.41961839236319065,0.14886754440376535,0.7,0.0021841891575604677,5.241401902528253e-08,0.26097067745197167
25820,0.008703659754246473,0.05117036812007427,0.016908419132232667,0.4227103728801012,0.16712942250305787,0.5,5.5471038818359375,5.2168628962801886e-08,0.2610717896865521
25830,0.04764919057488441,0.10031615495681763,0.019783657789230347,0.4945914797484875,0.11617725145770237,0.7,2.749401569366455,5.19237830576647e-08,0.26117290192113246
25840,0.15182983949780465,0.16965872123837472,0.035639360547065735,0.9014836058020592,0.12797727212309837,0.4,2.1283276081085205,5.167948160738206e-08,0.26127401415571283
25850,0.3038900144398212,0.21283155791461467,0.044225484132766724,1.10563725233078,0.13866220746422186,0.4,2.3781810796208447e-06,5.14357249088031e-08,0.2613751263902932
25860,0.09244719743728638,0.08420460820198059,0.03344377875328064,0.8360943548381329,0.10467589062172919,0.8,0.8038032054901123,5.119251325811513e-08,0.2614762386248736
25870,0.010929955542087555,0.11648908704519272,0.02226928323507309,0.5567322928458452,0.1320328967180103,0.6,46.53817367553711,5.094984695084348e-08,0.261577350859454
25880,-0.011599215120077134,0.020749308168888092,0.008342508971691132,0.20856268480420112,0.07345175626687706,0.9,0.0006537379813380539,5.0707726281850384e-08,0.26167846309403436
25890,-0.0859020144212991,0.21936523281037806,0.08450192213058472,2.1125481903553007,0.20813104532426224,0.2,36.52622604370117,5.0466151545335344e-08,0.2617795753286148
25900,0.03460798375308514,0.07079271636903287,0.028239569067955016,0.7059892181307077,0.13617850251030178,0.7,1.2774364948272705,5.0225123034834505e-08,0.26188068756319516
25910,0.2993690997362137,0.25090334564447403,0.03192715048789978,0.7981788881123066,0.08532860203413292,0.6,0.06725086271762848,4.998464104322014e-08,0.2619817997977755
25920,0.11522524058818817,0.11262283325195313,0.027590253949165346,0.6897571440786123,0.08398949994007125,0.8,1.1919371445401339e-06,4.9744705862700464e-08,0.2620829120323559
25930,0.12834284454584122,0.13988002482801676,0.02058712989091873,0.5146783638745547,0.11744091282598675,0.6,1.4138270616531372,4.9505317784819645e-08,0.2621840242669363
25940,0.013116202503442764,0.054805963113904,0.030539843440055846,0.7634960807859897,0.13356602333951742,0.7,0.06561104208230972,4.92664771004565e-08,0.2622851365015167
25950,0.15762721970677376,0.17624962218105794,0.04074773788452148,1.0186936296522617,0.1412923128460534,0.5,0.015528974123299122,4.902818409982512e-08,0.26238624873609706
25960,-0.01844726426061243,0.11942155007272959,0.027013498544692992,0.6753375440835953,0.1881219404283911,0.5,15.159151077270508,4.879043907247382e-08,0.26248736097067743
25970,0.07388099106028675,0.053597082197666165,0.022675424814224243,0.5668858174234629,0.11929484333377331,0.7,0.0563909076154232,4.855324230728541e-08,0.26258847320525786
25980,-0.027516868337988852,0.13797434121370317,0.016304141283035277,0.3776158060878515,0.1206886454951018,0.6,2.203454187110765e-06,4.8316594092476183e-08,0.2626895854398382
25990,0.13999107014387846,0.13794234478846193,0.029699939489364623,0.7424988612532616,0.15197862131753936,0.5,22.912281036376953,4.808049471559617e-08,0.2627906976744186
26000,0.26311971098184583,0.32606617324054243,0.033852565288543704,0.8584971576929092,0.1548961457563564,0.3,7.822402477264404,4.784494446352832e-08,0.26289180990899896
26010,0.016542086750268935,0.017262008041143417,0.01687169075012207,0.4217981453984976,0.0871395222377032,0.8,1.5153383174038026e-05,4.7609943622488324e-08,0.2629929221435794
26020,0.0873161256313324,0.12914223968982697,0.035873708128929135,0.8968428794294596,0.10087221477879212,0.7,9.426204681396484,4.737549247802442e-08,0.26309403437815976
26030,0.05025514764711261,0.054761650413274764,0.01718360036611557,0.4295901618897915,0.11409385971492156,0.7,1.0529879546083976e-06,4.7141591315016885e-08,0.2631951466127401
26040,0.016850536316633226,0.029591688886284828,0.021131914854049683,0.5282974552363158,0.13151770930271595,0.7,1.8242857322547934e-06,4.690824041767766e-08,0.26329625884732055
26050,0.13980851769447328,0.12734319567680358,0.023705428838729857,0.5926358118653298,0.08715875761117786,0.8,1.2416243180268793e-06,4.66754400695501e-08,0.2633973710819009
26060,0.20853478275239468,0.29352853186428546,0.028844285011291503,0.721107167750597,0.1324032721342519,0.5,1.3502930187314632e-06,4.644319055350859e-08,0.2634984833164813
26070,0.01734428321942687,0.045204434916377066,0.02000833600759506,0.5002094641327858,0.10093171973712742,0.6,1.2681591510772705,4.621149215175807e-08,0.26359959555106166
26080,0.10138589628040791,0.09650373924523592,0.020336611568927764,0.5084153220057488,0.13286535487277434,0.6,0.4556578993797302,4.598034514583415e-08,0.2637007077856421
26090,0.10931126940995455,0.1215631440281868,0.011623746156692505,0.2905938118696213,0.11326301933731883,0.6,18.25579833984375,4.574974981660212e-08,0.26380182002022246
26100,0.07803845852613449,0.10293617397546768,0.01576015055179596,0.394003776460886,0.08236260854173452,0.8,1.230382508765615e-06,4.551970644425707e-08,0.2639029322548028
26110,0.15972697883844375,0.09127255156636238,0.00828636735677719,0.20715908892452717,0.08213195943972096,0.8,5.151769638061523,4.529021530832328e-08,0.2640040444893832
26120,0.12787749171257018,0.07307285070419312,0.013201980292797089,0.33004975877702236,0.062417608709074555,0.8,1.5363308191299438,4.5061276687654306e-08,0.2641051567239636
26130,0.010828918218612671,0.15333212167024612,0.029089179635047913,0.7272299140691757,0.14673202675767244,0.5,41.786746978759766,4.483289086043196e-08,0.264206268958544
26140,0.13325337916612626,0.14304227232933045,0.019964367151260376,0.4991092778742313,0.13728134881239384,0.6,0.004751142580062151,4.4605058104166815e-08,0.26430738119312436
26150,0.08954116627573967,0.15036822929978372,0.009676526486873626,0.24191302359104155,0.08630695051979273,0.6,1.4124781955615617e-05,4.4377778695696976e-08,0.2644084934277047
26160,0.1135230215266347,0.2076098509132862,0.03206679821014404,0.8016701240092516,0.17016564714722335,0.5,18.493087768554688,4.4151052911188427e-08,0.26450960566228515
26170,0.14422992430627346,0.1198793139308691,0.02322276681661606,0.5833463553339243,0.1678496695123613,0.4,14.155433654785156,4.3924881026134344e-08,0.2646107178968655
26180,0.06169425249099732,0.056193596124649046,0.011250172555446625,0.28125445879995825,0.08211753387004136,0.9,11.916197776794434,4.369926331535473e-08,0.2647118301314459
26190,0.19005996137857437,0.22937882840633392,0.027673286199569703,0.7663326352834702,0.12425039156805724,0.5,6.1773203015036415e-06,4.347420005299668e-08,0.2648129423660263
26200,-0.012856641598045827,0.16173611395061016,0.02331736236810684,0.5829336673021317,0.15103413340402766,0.6,2.2680795154883526e-05,4.324969151253316e-08,0.2649140546006067
26210,0.05819677822291851,0.0492407277226448,0.007807685434818268,0.195191852748394,0.07234398318687454,0.8,2.224446234322386e-06,4.302573796676312e-08,0.26501516683518705
26220,0.23290937282145024,0.17600366473197937,0.024718350172042845,0.6179590702056885,0.10443042371189222,0.6,1.8726261714618886e-06,4.280233968781139e-08,0.2651162790697674
26230,0.11895605623722076,0.12481246516108513,0.03637431859970093,0.9093586072325707,0.13852069837739692,0.5,2.8758245207427535e-06,4.2579496947127704e-08,0.26521739130434785
26240,-0.0059046193957328795,0.022738824784755706,0.01955917328596115,0.5014706447720527,0.09129838135559112,0.8,0.0604252889752388,4.235721001548726e-08,0.2653185035389282
26250,-0.023171068634837866,0.04715068265795708,0.01708851307630539,0.42721289247274397,0.09722288253251463,0.7,9.364056587219238,4.21354791629896e-08,0.2654196157735086
26260,0.11765529029071331,0.2676563497632742,0.019390401244163514,0.6028704382479191,0.22236527887871488,0.3,3.940546751022339,4.191430465905843e-08,0.26552072800808896
26270,0.020096896216273308,0.03227824717760086,0.01631724238395691,0.3342281164601445,0.0989530989783816,0.7,2.4227423637057655e-05,4.169368677244184e-08,0.2656218402426694
26280,0.13837189711630343,0.09368993025273084,0.030411359667778016,0.7602841779589653,0.1262788856867701,0.5,0.8945456743240356,4.147362577121122e-08,0.26572295247724975
26290,-0.03873746991157532,0.13102269023656846,0.0327418714761734,0.8200779214501381,0.17884064884856343,0.6,2.9200073186075315e-06,4.1254121922761566e-08,0.2658240647118301
26300,0.14162668520584704,0.10762398280203342,0.0005689609795808792,0.3970397084951401,0.12838905967073516,0.6,1.0297203063964844,4.1035175493810695e-08,0.2659251769464105
26310,0.08096707388758659,0.07463163584470749,0.015667857229709627,0.3916963838040829,0.10719489098992199,0.6,2.775237589958124e-06,4.0816786750399126e-08,0.2660262891809909
26320,0.12404596712440252,0.08229859583079815,0.011384712904691697,0.2846181519329548,0.08477335534989834,0.7,0.0002355537289986387,4.059895595788987e-08,0.2661274014155713
26330,0.0024819627404212953,0.0032016359269618987,0.021245193481445313,0.5311300817877054,0.09477786779170856,0.9,0.035742856562137604,4.038168338096776e-08,0.26622851365015165
26340,0.21131074726581572,0.20832598507404326,0.02193703204393387,0.54842634126544,0.08844035213114694,0.7,0.01520188245922327,4.016496928363944e-08,0.2663296258847321
26350,0.19277343340218067,0.20791685059666634,0.0285698801279068,0.7142469637095928,0.13047364486847074,0.6,8.323057159032032e-07,3.994881392923316e-08,0.26643073811931245
26360,0.3188453733921051,0.2939354181289673,0.008770166337490082,0.6882355146110057,0.09658825369551778,0.4,1.4124484550848138e-06,3.9733217580397936e-08,0.2665318503538928
26370,0.05659133587032557,0.08726230561733246,0.0236026331782341,0.5900691464543343,0.13699882995570078,0.6,0.0137446578592062,3.951818049910366e-08,0.2666329625884732
26380,0.036559908837080005,0.055447345972061156,0.01733526736497879,0.43338181599974634,0.09080021964618937,0.8,8.949112952905125e-07,3.93037029466407e-08,0.2667340748230536
26390,0.013854527473449707,0.01261925846338272,0.01713981628417969,0.4284952085465193,0.06756247935118154,0.9,9.074984518520068e-06,3.908978518361938e-08,0.266835187057634
26400,0.024932650104165077,0.04322812408208847,0.01838354915380478,0.4595889575779438,0.13450223869876937,0.7,0.04750927910208702,3.8876427469970167e-08,0.26693629929221435
26410,0.38216780833899977,0.2578187011182308,0.022480902075767518,0.5619291828246787,0.10010172667680309,0.6,1.3439509984891629e-06,3.8663630064942555e-08,0.2670374115267947
26420,0.015945377014577388,0.09512834567576647,0.01592704951763153,0.39817620925605296,0.16170014456147327,0.6,33.545509338378906,3.845139322710572e-08,0.26713852376137515
26430,-0.011751621216535568,0.10301903635263443,0.030525839328765868,0.7808410972356796,0.14396930976072325,0.5,0.04511772841215134,3.823971721434727e-08,0.2672396359959555
26440,0.1437396824359894,0.0897049568593502,0.021259334683418275,0.5314837232232094,0.09046620853478089,0.6,0.00029312269180081785,3.80286022838735e-08,0.2673407482305359
26450,0.23136687085498125,0.3916980573907495,0.04939335286617279,1.2378532767295838,0.14980125835863872,0.3,1.518020510673523,3.781804869220911e-08,0.26744186046511625
26460,0.16143426597118377,0.10139843821525574,0.030629423260688782,0.7657352682203055,0.07156120447907596,0.8,3.252976179122925,3.7608056695196455e-08,0.2675429726996967
26470,0.10822872016578913,0.09874951955862343,0.02733999490737915,0.6835000220686197,0.17589132460998372,0.4,19.902376174926758,3.7398626547995585e-08,0.26764408493427705
26480,0.336951631680131,0.27165269255638125,0.04230479896068573,1.0576204653829335,0.15934730363078414,0.4,6.795183181762695,3.718975850508399e-08,0.2677451971688574
26490,0.07084540873765946,0.07294503450393677,-0.01896323710680008,0.021903453394770622,0.057592971320264044,0.8,0.003138132393360138,3.698145282025583e-08,0.26784630940343784
26500,0.22225788831710816,0.3071340024471283,0.03413554430007935,0.8533887274563312,0.10432506139623002,0.6,0.0022508902475237846,3.677370974662236e-08,0.2679474216380182
26510,0.11838711900636553,0.21474052709527314,0.02003922462463379,0.7913886457681656,0.1460226526018232,0.4,0.058134712278842926,3.6566529536610994e-08,0.2680485338725986
26520,0.12719038389623166,0.3455651804804802,-0.022073201835155487,0.478897413238883,0.1585769181838259,0.4,0.1065235361456871,3.6359912441965124e-08,0.26814964610717895
26530,0.12547074779868125,0.09946415945887566,0.019256721436977386,0.5442778963595629,0.0960758404689841,0.6,0.0011621725279837847,3.615385871374404e-08,0.2682507583417594
26540,0.05463846698403359,0.1611416580155492,0.030505776405334473,0.7626437857747078,0.13895847387611865,0.5,10.277665138244629,3.5948368602322366e-08,0.26835187057633975
26550,0.15168670788407326,0.13007321171462535,0.04057880342006683,1.0861776232719422,0.14300054777413607,0.4,1.0983575293721515e-06,3.5743442357390186e-08,0.2684529828109201
26560,0.0,0.0009463920257985591,0.01872813105583191,0.46820379979908466,0.08611661199247464,0.9,2.3608497485838598e-06,3.5539080227951936e-08,0.2685540950455005
26570,0.30640297052450477,0.26569579616189004,0.027861791849136352,0.6965448211878538,0.20072990106418728,0.3,0.13487331569194794,3.533528246232709e-08,0.2686552072800809
26580,0.18504131780937313,0.1733630158007145,0.03393724262714386,0.848430897295475,0.12279719364596531,0.6,1.7448571920394897,3.5132049308149116e-08,0.2687563195146613
26590,0.038832266069948676,0.03028966560959816,0.0159919410943985,0.39979844987392427,0.09945061655016615,0.8,0.09302712231874466,3.4929381012365424e-08,0.26885743174924165
26600,0.13505141213536262,0.10976105704903602,0.01562970280647278,0.3907428938895464,0.08760837126756087,0.7,4.207387447357178,3.4727277821236965e-08,0.268958543983822
26610,0.34296949319541453,0.2891590714454651,0.024247120320796966,0.7772525530308485,0.13187366749625654,0.5,0.006056053098291159,3.452573998033842e-08,0.26905965621840244
26620,0.07119576204568148,0.06586470529437065,0.028942734003067017,0.7235685430467129,0.09167646924033761,0.7,0.0027218288742005825,3.4324767734557116e-08,0.2691607684529828
26630,0.008099724352359772,0.10284242779016495,0.014392496645450592,0.3598124749958515,0.13209480602527038,0.7,22.361804962158203,3.4124361328093376e-08,0.2692618806875632
26640,0.277114550024271,0.20652446001768113,0.027693212032318115,0.6923309497535228,0.15031937735620887,0.5,0.05392073094844818,3.392452100445975e-08,0.2693629929221436
26650,0.04202085584402084,0.11119304746389388,0.0096442811191082,0.41705682687461376,0.10295979512156919,0.8,1.4607287539547542e-06,3.372524700648116e-08,0.269464105156724
26660,-0.02067614025436342,0.012237705639563501,0.013820910453796386,0.34552280604839325,0.06877246706280857,0.8,0.10227689892053604,3.352653957629431e-08,0.26956521739130435
26670,0.13756083268672228,0.1277720514102839,0.03599227666854858,0.8998069919645786,0.11082935286685824,0.5,0.2382049858570099,3.3328398955347444e-08,0.2696663296258847
26680,0.06109869629144669,0.10929667204618454,0.012967845797538758,0.3241961635649204,0.09251680296147242,0.8,30.556224822998047,3.313082538440015e-08,0.26976744186046514
26690,0.09092520922422409,0.10184939857572317,0.0027206286787986754,0.22342077270150185,0.1072239532135427,0.6,32.34561538696289,3.293381910352277e-08,0.2698685540950455
26700,0.04109808802604675,0.05301494002342224,0.01021653637290001,0.25543083101511,0.05925270847510546,0.9,4.06455659866333,3.273738035209678e-08,0.2699696663296259
26710,0.025666369684040548,0.1603615527972579,0.018958607316017152,0.47396524511277677,0.1121292975032702,0.6,1.550969727759366e-06,3.254150936881356e-08,0.27007077856420625
26720,0.08093744441866875,0.07812017761170864,0.033524414896965025,0.8381101060658693,0.12569724440108984,0.6,0.04472403973340988,3.234620639167496e-08,0.2701718907987867
26730,0.40529239922761917,0.2416595570743084,0.041619548201560976,1.040168824279681,0.14088549023726954,0.3,0.05541899427771568,3.215147165799248e-08,0.27027300303336704
26740,0.021891073882579805,0.0774307020008564,0.0260361909866333,0.6509045287966728,0.10087392173008994,0.8,63.39215087890625,3.195730540438718e-08,0.2703741152679474
26750,0.0,0.0,0.013870921730995179,0.34677323140203953,0.0716724258614704,1.0,0.025384407490491867,3.176370786678934e-08,0.2704752275025278
26760,0.13845055103302,0.0971329540014267,0.013595496118068696,0.33988725282251836,0.07842598364222794,0.8,18.860273361206055,3.157067928043816e-08,0.2705763397371082
26770,0.0721022605895996,0.09850263260304928,0.03174231350421906,0.7935576979070902,0.12279491720255464,0.5,0.13840828835964203,3.1378219879881764e-08,0.2706774519716886
26780,0.06331301331520081,0.05836266949772835,0.02769549787044525,0.6997317176312208,0.11620299860369414,0.6,1.488105058670044,3.118632989897629e-08,0.27077856420626895
26790,0.23747519571334125,0.1607479492202401,0.025483638048171997,0.6228024572134018,0.10999807708431035,0.5,3.399341949261725e-05,3.09950095708863e-08,0.2708796764408493
26800,-0.021100056171417237,0.2883649930357933,0.017896661162376405,0.44741660095751284,0.11457997022662311,0.5,1.2367579529382056e-06,3.080425912808393e-08,0.27098078867542974
26810,0.021605950593948365,0.04519824758172035,0.02048775404691696,0.5121944401413202,0.1096985213807784,0.8,0.00045715959277004004,3.06140788023489e-08,0.2710819009100101
26820,0.32093052226118746,0.19917045990005136,-0.003856026753783226,0.6119655080139637,0.1411505095777102,0.5,3.2900417863857e-05,3.042446882476846e-08,0.2711830131445905
26830,0.0368550194427371,0.07047826200723648,0.01703839749097824,0.4259601701050997,0.11634427439421416,0.6,1.906893658087938e-06,3.023542942573643e-08,0.2712841253791709
26840,0.062291276454925534,0.11657233834266663,0.013330140709877014,0.33325367607176304,0.05655458312248811,0.8,1.3323233361006714e-06,3.004696083495351e-08,0.2713852376137513
26850,0.32514191791415215,0.26823538839817046,0.022659505903720855,0.5664878852665425,0.11847109139198438,0.5,3.9181971549987793,2.98590632814269e-08,0.27148634984833164
26860,0.15026605799794196,0.08709382563829422,0.012328532338142396,0.3082133162766695,0.10264866407960653,0.6,3.3407254219055176,2.96717369934697e-08,0.271587462082912
26870,0.07522965222597122,0.06167019009590149,0.007407871633768081,0.18519676178693772,0.06894462570780888,0.7,0.7257110476493835,2.9484982198701214e-08,0.27168857431749244
26880,0.04410377349704504,0.036104710306972265,0.03570001721382141,0.8925009079277515,0.12983865113928914,0.6,0.001769748516380787,2.9298799124046035e-08,0.2717896865520728
26890,0.24711827002465725,0.1515849083662033,0.03800361156463623,0.9500901956111193,0.10903863727580757,0.4,0.01607331819832325,2.9113187995734145e-08,0.2718907987866532
26900,0.18765674233436586,0.26827093958854675,0.02850394546985626,0.668458615615964,0.14779355397913604,0.5,7.586504216305912e-05,2.892814903930052e-08,0.27199191102123355
26910,0.08228609561920167,0.04702062606811523,0.02320505678653717,0.5801267385482788,0.06539883178193122,0.9,4.044116497039795,2.8743682479584973e-08,0.27209302325581397
26920,0.0684175830334425,0.07268320787698031,0.014861117303371429,0.3715275563299656,0.10027429497567937,0.5,6.2195563259592745e-06,2.8559788540731822e-08,0.27219413549039434
26930,-0.02399674728512764,0.10548451840877533,0.021348002552986144,0.66325543820858,0.12024560163263232,0.7,0.055372025817632675,2.837646744618949e-08,0.2722952477249747
26940,0.07288548834621907,0.139314722456038,0.021184739470481873,0.5301477264612913,0.13986737980740144,0.5,6.489700808742782e-06,2.8193719418710406e-08,0.2723963599595551
26950,0.18344571169000118,0.15653042735066264,0.03130070567131042,0.7886692054569722,0.1280242389300838,0.4,1.4031397104263306,2.8011544680350664e-08,0.2724974721941355
26960,0.15463463105261327,0.13372774310410024,0.04094590842723846,1.0236476495862008,0.19047272210009397,0.4,0.4840279221534729,2.782994345246975e-08,0.2725985844287159
26970,0.1222431717440486,0.2533386342227459,0.00619339644908905,0.4758935827761889,0.0986225513741374,0.6,0.06984692811965942,2.764891595573021e-08,0.27269969666329624
26980,0.006705471128225326,0.24611136466264724,0.018338429927825927,0.4600367959588766,0.23112050633644685,0.5,112.33081817626953,2.746846241009765e-08,0.27280080889787667
26990,0.21986846774816513,0.13177141398191453,0.013001757860183715,0.7249519497156143,0.09372528719250113,0.7,2.9015519618988037,2.728858303483994e-08,0.27290192113245704
27000,0.06628203485161066,0.04274782426655292,0.023228022456169128,0.5807008359581232,0.08013710456434638,0.8,1.5568039088975638e-06,2.710927804852775e-08,0.2730030333670374
27010,0.12959677577018738,0.19294433444738388,-0.0012991594150662423,0.3719511914998293,0.10955542924348265,0.7,0.0026368042454123497,2.693054766903341e-08,0.2731041456016178
27020,0.05915990956127644,0.08657292127609253,0.005500125885009766,0.3279508978128433,0.13534724354976788,0.6,1.5543658946626238e-06,2.6752392113531085e-08,0.2732052578361982
27030,0.1775698959827423,0.13487230911850928,0.0377437025308609,0.943592718988657,0.14291590910870583,0.4,1.4189236026140861e-05,2.6574811598496782e-08,0.27330637007077857
27040,0.14981550350785255,0.15266381800174714,0.02874257564544678,0.7185646470636129,0.10849768775515259,0.6,1.5522338117079926e-06,2.639780633970745e-08,0.27340748230535894
27050,0.02816274166107178,0.05037904381752014,0.009255494922399521,0.23138732984662055,0.0701369958347641,0.9,1.4216315094017773e-06,2.6221376552241213e-08,0.2735085945399393
27060,0.22508253809064627,0.18678657487034797,0.035908809304237364,0.8977202024310827,0.13932411960558966,0.5,0.7351464033126831,2.6045522450476808e-08,0.27360970677451973
27070,0.01508682519197464,0.019461420178413392,0.015212793648242951,0.3803195137530565,0.08007855699397623,0.9,1.4852012100163847e-06,2.5870244248093586e-08,0.2737108190091001
27080,0.14920538812875747,0.14114718791097403,0.02144208550453186,0.5360521335154772,0.09489037848543376,0.7,9.910570497595472e-07,2.569554215807118e-08,0.2738119312436805
27090,0.09074125289916993,0.08414565324783325,0.018335585296154023,0.4583894327282906,0.06801619441248477,0.8,1.4167662811814807e-06,2.5521416392689064e-08,0.27391304347826084
27100,0.22919718436896802,0.24090821966528891,0.03499083518981934,0.8747708179056645,0.17436831707600503,0.3,0.06878101825714111,2.534786716352638e-08,0.27401415571284127
27110,0.03766059186309576,0.21074014995247126,0.031033697724342345,0.7758425287902355,0.21204897883580998,0.3,0.0846787840127945,2.517489468146189e-08,0.27411526794742164
27120,0.1066266268491745,0.12819969430565833,0.033622446656227115,0.8405614633113145,0.16217136539053173,0.5,7.653763294219971,2.5002499156673406e-08,0.274216380182002
27130,0.07783082723617554,0.184859262406826,0.03059905469417572,1.0529392164200544,0.15643255889881402,0.5,0.02130451612174511,2.4830680798637815e-08,0.27431749241658243
27140,-0.03078596815466881,0.025286056101322174,0.0027490170672535897,0.06872540265321732,0.10238205511122941,0.8,1.975701025003218e-06,2.4659439816130555e-08,0.2744186046511628
27150,0.15202295482158662,0.15549727194011212,0.01997459530830383,0.7507239621132612,0.1547395500703715,0.4,0.6312631964683533,2.448877641722569e-08,0.27451971688574317
27160,0.004652739688754082,0.06375466883182526,0.010516192018985748,0.262904716655612,0.09639190753223374,0.8,5.881909370422363,2.4318690809295215e-08,0.27462082912032354
27170,0.10061527322977781,0.11070694345980883,0.025572794675827026,0.6538168672472239,0.17497046010103076,0.4,3.510482929414138e-05,2.4149183199009215e-08,0.27472194135490396
27180,0.16858046278357505,0.23991708233952522,0.02430826872587204,0.6077066950500012,0.13370606827083975,0.5,7.167204856872559,2.3980253792335426e-08,0.27482305358948433
27190,0.0967756137251854,0.07118752077221871,0.011460450291633607,0.2865116525441408,0.09438472900073976,0.8,1.419355271536915e-06,2.3811902794538984e-08,0.2749241658240647
27200,0.14194188117980958,0.27124232053756714,0.03442644476890564,0.860661356523633,0.09794685477390885,0.7,0.07283590734004974,2.3644130410182317e-08,0.2750252780586451
27210,0.17250543534755708,0.09857454150915146,0.019012273848056795,0.47530707344412804,0.06476553541142493,0.8,1.3376844663071097e-06,2.347693684312463e-08,0.2751263902932255
27220,0.2036457357928157,0.21668534986674787,0.02675144076347351,0.6802610829472542,0.1537710199947469,0.5,11.099177360534668,2.3310322296521855e-08,0.27522750252780587
27230,0.29379837308079004,0.2112822111696005,0.03740741610527039,0.9351864360272885,0.09977897375356407,0.5,0.0004438725591171533,2.3144286972826277e-08,0.27532861476238624
27240,0.03872252870351076,0.05658302726224065,0.024982717633247376,0.628331608697772,0.12567790760658681,0.5,2.9916186332702637,2.297883107378673e-08,0.2754297269969666
27250,0.1637397706042975,0.12876693168655037,0.03149692416191101,0.7874228823930025,0.19449448673985897,0.4,2.936807632446289,2.2813954800447512e-08,0.27553083923154703
27260,0.15377857619896532,0.15336732510477305,0.03878937065601349,0.9697338853031396,0.17129307980649172,0.4,21.534282684326172,2.264965835314897e-08,0.2756319514661274
27270,0.12990135774016381,0.2037573715671897,0.026415306329727172,0.6603836707770825,0.1002339433412999,0.6,0.008109846152365208,2.2485941931526642e-08,0.27573306370070777
27280,-0.00088617829605937,0.0015852440148591996,0.006946446001529693,0.1736608400940895,0.07227902748854831,0.9,3.592446773836855e-06,2.2322805734511507e-08,0.2758341759352882
27290,0.10606322884559631,0.1142850399017334,0.03834764957427979,0.9586914293467999,0.09917681133374572,0.8,0.041716255247592926,2.216024996032945e-08,0.27593528816986856
27300,0.05265634618699551,0.13569051697850226,0.012343847006559373,0.4910769511014223,0.11619847973342985,0.7,2.080987997032935e-06,2.199827480650107e-08,0.27603640040444893
27310,0.01871248073875904,0.011915169656276703,0.017218101024627685,0.4304526273161173,0.06900849253870547,0.8,0.03574063628911972,2.183688046984139e-08,0.2761375126390293
27320,0.15375415393500588,0.11057513511623256,0.03288616538047791,0.8221541684120893,0.1108402703423053,0.6,2.1918137073516846,2.1676067146459808e-08,0.27623862487360973
27330,0.11927549988031387,0.20489786192774773,0.02671998143196106,0.667999591678381,0.1428977998206392,0.5,1.2814127785532037e-06,2.1515835031759576e-08,0.2763397371081901
27340,0.06392372548580169,0.24268417283892632,0.03206389248371124,0.8015983436256647,0.15366321832407265,0.5,0.04390915855765343,2.1356184320437952e-08,0.27644084934277047
27350,0.05495824217796326,0.23698024749755858,0.011871547251939774,0.29678880870342256,0.12672426633071154,0.6,4.273537797416793e-06,2.1197115206485538e-08,0.27654196157735084
27360,0.16927876323461533,0.293057319521904,0.029611113667488097,0.7402782335877418,0.14474476627074181,0.5,1.2259788491064683e-06,2.1038627883186276e-08,0.27664307381193126
27370,0.11310725100338459,0.08094488084316254,0.017216199636459352,0.4304051287472248,0.08936782447854057,0.7,0.04896163195371628,2.0880722543117292e-08,0.27674418604651163
27380,0.04831617772579193,0.04750346541404724,0.015186166763305664,0.37965426966547966,0.101713510369882,0.8,1.7748957361618523e-06,2.072339937814843e-08,0.276845298281092
27390,0.284189186245203,0.17494730427861213,0.03557364940643311,0.889341190457344,0.09125795507570729,0.5,0.7943282723426819,2.0566658579442066e-08,0.27694641051567237
27400,0.026220668805763125,0.06034046844579279,0.019618697464466095,0.49046774916350844,0.1283168941969052,0.6,26.32463836669922,2.0410500337453174e-08,0.2770475227502528
27410,0.23008062839508056,0.2746335357427597,0.024422970414161683,0.8435180611908436,0.1371434611384757,0.4,3.511484146118164,2.0254924841928645e-08,0.27714863498483316
27420,0.042768556624650955,0.09120523184537888,0.02403618097305298,0.6009045399725437,0.1223594831302762,0.7,0.009756316430866718,2.009993228190754e-08,0.27724974721941353
27430,0.024185085482895375,0.03080799989402294,0.014378413558006287,0.35946028828620913,0.1007767905946821,0.7,7.028924942016602,1.994552284572032e-08,0.27735085945399396
27440,0.1319553514942527,0.12453811140730978,0.029993674159049986,0.7498413994908333,0.16285215073730797,0.5,1.3381884855334647e-05,1.979169672098896e-08,0.27745197168857433
27450,0.13685934320092202,0.1265355372801423,0.027534687519073488,0.6883674396201969,0.09970500810304657,0.5,0.024642713367938995,1.9638454094626834e-08,0.2775530839231547
27460,0.1956631712266244,0.17352895315270872,0.02883322536945343,0.7208303812891245,0.11549363678786903,0.5,3.0965791211201577e-06,1.9485795152838103e-08,0.27765419615773507
27470,-0.10176179930567741,0.16788827925920485,0.02071303576231003,0.5178260069340468,0.15343839707784354,0.5,0.04334920272231102,1.9333720081117777e-08,0.2777553083923155
27480,-0.00635792724788189,0.03238046653568745,0.0193197101354599,0.48299285732209685,0.10720778435934335,0.6,0.7328813076019287,1.9182229064251432e-08,0.27785642062689586
27490,0.005619913793634623,0.03817589317914098,0.00873945951461792,0.2184866014868021,0.12214343613013626,0.6,1.4662069816040457e-06,1.9031322286314878e-08,0.27795753286147623
27500,0.13487680666148663,0.18790748715400696,0.018723641335964204,0.47253893315792084,0.14774569853907452,0.5,5.63920259475708,1.8880999930674213e-08,0.2780586450960566
27510,0.09044246040284634,0.07246096320450306,0.01661271005868912,0.41531759425997733,0.11498026117915287,0.6,2.4472241401672363,1.8731262179985162e-08,0.278159757330637
27520,0.22530187331140042,0.14024689588695766,0.02730921804904938,0.6827315207570791,0.10204659694572911,0.6,1.1110670357084018e-06,1.8582109216193244e-08,0.2782608695652174
27530,0.26839202344417573,0.22873978689312935,0.010581520199775696,0.7093743596225976,0.07834443229949102,0.6,0.07103841751813889,1.8433541220533367e-08,0.27836198179979776
27540,0.04789216369390488,0.04420900959521532,0.03038519024848938,0.7490793537348509,0.16976905778283252,0.5,1.2082971352356253e-06,1.8285558373529576e-08,0.27846309403437813
27550,-0.01864452064037323,0.07504252046346664,0.013260900974273682,0.3315227285027504,0.0897602675948292,0.8,45.19833755493164,1.8138160854995144e-08,0.27856420626895856
27560,0.12778109880164265,0.08943932550027966,0.027140390872955323,0.6785101071000099,0.14238703047158197,0.5,0.9914394021034241,1.799134884403186e-08,0.27866531850353893
27570,0.020242240838706495,0.0483287001028657,0.03528534471988678,0.8821336083114147,0.11356032562907785,0.8,0.05187647417187691,1.78451225190302e-08,0.2787664307381193
27580,0.15809533447027208,0.09174624104052782,0.0310880184173584,0.7772007085382938,0.07689185282215476,0.7,1.4045491525394027e-06,1.769948205766891e-08,0.2788675429726997
27590,0.19911797475069762,0.17277087420225143,0.03373067080974579,0.8862395480275154,0.1560424419818446,0.4,7.868720054626465,1.7554427636914894e-08,0.2789686552072801
27600,0.11066292598843575,0.14200402200222015,0.029266053438186647,0.731651459634304,0.10365476469742134,0.6,6.487492084503174,1.740995943302287e-08,0.27906976744186046
27610,0.12332559376955032,0.12793004065752028,0.023030810058116913,0.5757701862603426,0.1271651589195244,0.6,1.1887486834893934e-06,1.726607762153548e-08,0.27917087967644083
27620,0.03281752523034811,0.07075252756476402,0.018560869991779326,0.46402134392410516,0.1411987537285313,0.7,6.758910603821278e-05,1.7122782377282597e-08,0.27927199191102126
27630,0.004295920766890049,0.018935394287109376,0.011791931837797165,0.2947983991354704,0.13516336624743416,0.8,1.2931964192830492e-06,1.6980073874381494e-08,0.2793731041456016
27640,0.03611189052462578,0.1655777871608734,0.023331734538078307,0.5832932755351067,0.16141729884548112,0.7,4.473283290863037,1.683795228623641e-08,0.279474216380182
27650,0.17348960041999817,0.2609268635511398,0.013771067559719085,0.40217793807387353,0.11443967631785198,0.6,5.507261753082275,1.6696417785538484e-08,0.27957532861476236
27660,0.12628853023052217,0.1766337241977453,0.02728084325790405,0.682021014392376,0.12142556874314323,0.4,1.0624910593032837,1.6555470544265536e-08,0.2796764408493428
27670,0.10398394502699375,0.12828451818786563,0.013939765095710755,0.3484940864145756,0.1460652656503953,0.5,0.0025524403899908066,1.6415110733681735e-08,0.27977755308392316
27680,0.07155286613851786,0.07585154846310616,0.027776959538459777,0.6944241486489773,0.14506917617982254,0.6,4.576208084472455e-06,1.6275338524337433e-08,0.27987866531850353
27690,0.06651226077228785,0.071560338139534,0.017828600108623506,0.4457153581082821,0.09156350578414277,0.7,4.226498126983643,1.6136154086069055e-08,0.2799797775530839
27700,0.05688408175483346,0.15293247597292065,0.026551559567451477,0.6637897305190563,0.15117827943759038,0.5,0.9566194415092468,1.5997557587998867e-08,0.2800808897876643
27710,0.14374387301504613,0.1219118818640709,0.034170308709144594,0.8542579919099808,0.1390717509202659,0.5,3.0486154556274414,1.5859549198534606e-08,0.2801820020222447
27720,0.05009822323918343,0.05086122080683708,0.012459805607795716,0.31149505227804186,0.10680944017367437,0.7,2.0431623458862305,1.572212908536963e-08,0.28028311425682506
27730,0.3364202469587326,0.25309672579169273,0.006559543311595917,0.6306307714432478,0.10326992177870124,0.3,0.04229328781366348,1.5585297415482203e-08,0.2803842264914055
27740,-0.010215493850409985,0.07783444314263761,0.008813177794218063,0.22032947093248367,0.12563506356673315,0.7,0.0027637567836791277,1.5449054355135714e-08,0.28048533872598586
27750,-0.04884079247713089,0.17838443368673323,0.03253167569637298,0.8132921706885099,0.19080755520844833,0.5,8.348749160766602,1.5313400069878413e-08,0.2805864509605662
27760,0.13161692973226308,0.1115356057882309,0.023852433264255523,0.596310793235898,0.13424966575112193,0.6,3.9265683881239966e-05,1.5178334724542883e-08,0.2806875631951466
27770,0.10782471336424351,0.08647511508315801,0.01678680032491684,0.5368483025580645,0.07046093732351437,0.6,0.013272617012262344,1.5043858483246408e-08,0.280788675429727
27780,0.048435953073203565,0.05398015722166747,0.01351335346698761,0.40754552446305753,0.14879840845242143,0.6,1.0300076382918633e-06,1.4909971509390328e-08,0.2808897876643074
27790,0.09493364784866572,0.09903554208576679,0.02676924467086792,0.9230570387095213,0.18483944879844785,0.4,0.15422165393829346,1.4776673965659791e-08,0.28099089989888776
27800,0.24905949234962463,0.26862506084144117,0.056759053468704225,1.418976904079318,0.12590029294369742,0.4,2.5149388313293457,1.4643966014023957e-08,0.2810920121334681
27810,0.01399154905229807,0.05853263735771179,0.020628707110881807,0.5157177481800318,0.12200625425903126,0.6,0.7999849319458008,1.45118478157355e-08,0.28119312436804855
27820,0.13618797659873963,0.16612094640731812,0.007940146327018737,0.19850355871021746,0.08838261741911993,0.8,0.0026470657903701067,1.438031953133051e-08,0.2812942366026289
27830,0.09067248040810227,0.08750297762453556,0.003084312006831169,0.37054710909724237,0.15884348640684037,0.5,0.028920592740178108,1.4249381320628195e-08,0.2813953488372093
27840,0.13776240348815919,0.11244136840105057,0.032168591022491456,0.8042150620371104,0.11750353692332283,0.5,1.4256245322030736e-06,1.4119033342730901e-08,0.28149646107178966
27850,0.0271613291464746,0.05961495451629162,0.022296179831027985,0.5574046656489372,0.11414505018619821,0.6,0.12171570211648941,1.3989275756023655e-08,0.2815975733063701
27860,0.020592634193599225,0.12860991507768632,0.008469843864440918,0.3833229497075081,0.10642255002167075,0.7,1.4456388726102887e-06,1.3860108718174168e-08,0.28169868554095046
27870,0.15249143540859222,0.1689541757106781,0.0241464763879776,0.6036616243422032,0.10540407148655503,0.7,6.327922344207764,1.3731532386132616e-08,0.2817997977755308
27880,0.15054603666067123,0.1291190728545189,0.006358607113361359,0.5050402112305165,0.07325696705374866,0.7,1.1270772218704224,1.3603546916131359e-08,0.28190091001011125
27890,0.24582125768065452,0.25404354855418204,0.033283975720405576,0.8320995263755322,0.13834439634811133,0.3,15.19421672821045,1.3476152463684776e-08,0.2820020222446916
27900,0.3055648355744779,0.2755564069375396,0.03876031637191772,0.9690082285553216,0.16107038808986546,0.3,1.6707866734577692e-06,1.3349349183589153e-08,0.282103134479272
27910,0.1029947355389595,0.2204840213060379,0.028107646107673644,0.7026913568377495,0.15077281778212637,0.5,54.876949310302734,1.3223137229922355e-08,0.28220424671385236
27920,0.20410496406257153,0.1492303004488349,0.03951831758022308,0.9879579581320286,0.1434414316434413,0.5,3.0388716822926654e-06,1.309751675604398e-08,0.2823053589484328
27930,0.22216321900486946,0.13000654354691504,0.02564114034175873,0.6410281721502542,0.11277458280092105,0.6,2.6396288871765137,1.2972487914594598e-08,0.28240647118301315
27940,0.013237693905830383,0.007564396411180496,0.01886776089668274,0.4716941364109516,0.07200522415805607,0.9,3.5497236251831055,1.2848050857496128e-08,0.2825075834175935
27950,0.16192078031599522,0.1037309817969799,0.010262900590896606,0.40509272255003453,0.12687818231061102,0.5,0.1269390732049942,1.2724205735951287e-08,0.2826086956521739
27960,-0.01081603616476059,0.006180592253804207,0.016165918111801146,0.40414799116551875,0.06863599148346111,0.9,0.02550237439572811,1.260095270044359e-08,0.2827098078867543
27970,0.04420052841305733,0.08189247623085975,0.014026212692260741,0.350655385106802,0.10698335571214557,0.7,0.0723893940448761,1.247829190073707e-08,0.2828109201213347
27980,0.2989444352686405,0.20669317040592433,0.02650073766708374,0.6625188060104847,0.12135982043109834,0.5,20.1437931060791,1.2356223485876172e-08,0.28291203235591506
27990,0.06564510315656662,0.06891263127326966,0.028977859020233154,0.7244466684758664,0.10224192820023745,0.8,1.0361637805544888e-06,1.2234747604185525e-08,0.2830131445904954
28000,-0.011105718463659287,0.054328478127717975,0.01217987984418869,0.30449681505560877,0.09486886406084523,0.7,1.6152106354638818e-06,1.2113864403269835e-08,0.28311425682507585
28010,0.19546395987272264,0.16362406276166439,0.032793521881103516,0.819838247448206,0.1121928919106722,0.6,0.08276739716529846,1.1993574030013553e-08,0.2832153690596562
28020,0.06851661689579487,0.08786140531301498,0.009096145629882812,0.22740358337759972,0.09344977260334417,0.7,1.1741045682356344e-06,1.1873876630580814e-08,0.2833164812942366
28030,0.13803724944591522,0.08483153879642487,0.011218865215778352,0.28047141507267953,0.0820193255902268,0.8,2.9527759552001953,1.1754772350415276e-08,0.283417593528817
28040,0.07563231438398361,0.05071220360696316,0.02163864076137543,0.540965735539794,0.12947756979847327,0.6,1.2602452039718628,1.1636261334239839e-08,0.2835187057633974
28050,-0.05700409263372421,0.1455393761396408,0.007922402024269104,0.22119513787329198,0.09667817156296224,0.8,94.29940032958984,1.151834372605659e-08,0.28361981799797775
28060,0.009295368939638138,0.19707660079002381,0.01300257295370102,0.4008231367915869,0.1402834203792736,0.6,1.0124462050953298e-06,1.1401019669146473e-08,0.2837209302325581
28070,0.1265344314277172,0.2900014711543918,0.03289598226547241,0.8223998222500086,0.18305485614109784,0.4,0.04849877953529358,1.1284289306069338e-08,0.28382204246713855
28080,0.12668242901563645,0.0779419083148241,0.025975605845451354,0.6892228178679943,0.09349363844376057,0.6,0.04310530051589012,1.1168152778663619e-08,0.2839231547017189
28090,0.03839241564273834,0.04540540128946304,0.03445662260055542,0.8614152073860168,0.07830780993681401,0.8,0.03652181103825569,1.10526102280461e-08,0.2840242669362993
28100,0.16441855132579802,0.1275473415851593,0.03358669281005859,0.8396681193262339,0.1124418601160869,0.7,2.025947093963623,1.0937661794611863e-08,0.28412537917087965
28110,0.24667353108525275,0.16363057680428028,0.026538631319999693,0.6457825530320406,0.12860862902598455,0.4,2.6280404199496843e-06,1.0823307618034128e-08,0.2842264914054601
28120,0.0622561015188694,0.05778007358312607,0.04220346510410309,1.0550876036286354,0.08773473423207179,0.7,1.256504219782073e-06,1.0709547837263967e-08,0.28432760364004045
28130,0.5467874076217413,0.3748751446604729,0.051423609256744385,1.285590400546789,0.16480316745582968,0.3,0.03360686078667641,1.059638259053025e-08,0.2844287158746208
28140,0.12452204823493958,0.09815383180975915,0.017609716951847078,0.4416470371186733,0.11726601438131183,0.7,0.009619980119168758,1.0483812015339432e-08,0.2845298281092012
28150,0.20366453509777785,0.22871647030115128,0.02589011490345001,0.6472532536834479,0.16980123680550605,0.4,2.1591639518737793,1.037183624847543e-08,0.2846309403437816
28160,0.17409830093383788,0.09948474168777466,0.017057812213897704,0.4264456175267696,0.03648490671766922,0.9,1.1439577747296426e-06,1.0260455425999236e-08,0.284732052578362
28170,0.04605346620082855,0.05958866216242313,0.01840958297252655,0.46023969128727915,0.14179359229747207,0.5,0.23908747732639313,1.0149669683249208e-08,0.28483316481294235
28180,0.13345162123441695,0.2053343877196312,0.0016299530863761902,0.25393910966813565,0.06796882877824828,0.7,30.383867263793945,1.0039479154840268e-08,0.2849342770475228
28190,-0.09726411141455174,0.14286753088235854,0.02244611531496048,0.5611530840396881,0.169865681999363,0.6,4.817235094378702e-06,9.929883974664488e-09,0.28503538928210315
28200,0.29351104572415354,0.2129240244626999,0.024316446483135225,0.8103246618062258,0.13407611639704556,0.4,7.458958134520799e-05,9.820884275890284e-09,0.2851365015166835
28210,0.11581547423265874,0.07605579178780317,0.01024739220738411,0.4720689970999956,0.11111195355188101,0.5,1.1637595891952515,9.712480190962546e-09,0.2852376137512639
28220,-0.005078747496008873,0.11951054856181145,0.02700234651565552,0.6750589683651924,0.145891857938841,0.6,0.00011441064270911738,9.604671851602463e-09,0.2853387259858443
28230,0.19279254823923112,0.16614404171705247,0.04003282189369202,1.0008204676210881,0.14082053577294573,0.6,0.03190767392516136,9.497459388807305e-09,0.2854398382204247
28240,0.2744307965040207,0.16695101633667947,0.0339087963104248,0.8477200087159872,0.12504587443545462,0.4,6.0910759202670306e-05,9.390842932850362e-09,0.28554095045500505
28250,0.21508666276931762,0.15049492120742797,-0.0025060977786779404,0.35900144577026366,0.058617533487267795,0.7,4.495148181915283,9.28482261328073e-09,0.2856420626895854
28260,0.026516324654221535,0.05257662385702133,0.02452646493911743,0.6131615869700908,0.14132924681762232,0.7,0.07213594019412994,9.179398558923023e-09,0.28574317492416584
28270,0.17815604018978776,0.22044381473679095,0.019747640192508697,0.4936910532414913,0.11668779135216027,0.5,0.00019319020793773234,9.074570897877387e-09,0.2858442871587462
28280,0.15934371929615737,0.09882851466536521,0.03351442515850067,0.8378612481057643,0.09027679198188707,0.6,3.0040783882141113,8.970339757519375e-09,0.2859453993933266
28290,0.14935621852055192,0.16039903974160552,0.038634729385375974,0.9658681258559227,0.14197471416555346,0.6,1.9274930953979492,8.866705264499618e-09,0.28604651162790695
28300,0.05345920547842979,0.05795817486941814,0.01792747974395752,0.44818724393844606,0.097552513203118,0.7,5.835553747601807e-05,8.763667544743835e-09,0.2861476238624874
28310,0.06229007504880428,0.04329911842942238,0.016117082536220552,0.3961805574595928,0.11040431190049275,0.7,1.7569730061950395e-06,8.66122672345254e-09,0.28624873609706775
28320,0.18309600949287413,0.15290216952562333,0.03302791118621826,0.8298327829688787,0.11061561880633235,0.6,7.823802947998047,8.559382925101e-09,0.2863498483316481
28330,0.2092038824222982,0.20027208290994167,0.021711984276771547,0.5427997313439846,0.19931935323402286,0.3,0.0003610733547247946,8.458136273438943e-09,0.28645096056622854
28340,-0.014886361733078956,0.0802028875797987,0.010990452766418458,0.2747612603008747,0.16533489860594272,0.5,0.0005182347958907485,8.357486891490794e-09,0.2865520728008089
28350,0.07514404244720936,0.1768283475190401,0.015247245132923127,0.3811807531863451,0.14701912568416448,0.6,108.22457122802734,8.257434901554893e-09,0.2866531850353893
28360,0.01848255693912506,0.050446322187781334,0.013267701864242554,0.33171984925866127,0.15845333740580828,0.5,1.9997439721919363e-06,8.157980425203937e-09,0.28675429726996965
28370,0.07598443627357483,0.1599055767059326,0.019465471804141998,0.4866370841860771,0.14229014761513098,0.6,8.57927131652832,8.059123583284367e-09,0.2868554095045501
28380,0.09405234158039093,0.1796794280409813,0.025648173689842225,0.6412048250436783,0.13293423876166344,0.6,1.5649673059670022e-06,7.960864495916653e-09,0.28695652173913044
28390,0.1382635268382728,0.09305430054664612,-0.0004826381802558899,0.4407010816037655,0.12529409474227576,0.7,0.02891821786761284,7.863203282494846e-09,0.2870576339737108
28400,0.10785776358097791,0.13365243896842002,0.03157289922237396,0.7893219865858555,0.1524640529183671,0.6,0.05302118510007858,7.766140061686521e-09,0.2871587462082912
28410,0.16251636892557145,0.10478180423378944,0.04373404681682587,1.0933508601039648,0.10838463122490793,0.6,1.09949428406253e-06,7.669674951432614e-09,0.2872598584428716
28420,0.07797936252609361,0.15331638902425765,0.036002010107040405,0.9000509101897478,0.21051710166502743,0.3,0.06200936436653137,7.573808068947362e-09,0.287360970677452
28430,0.3983137313276529,0.24944911971688272,0.03152531087398529,0.7647794391959906,0.12331559240119531,0.5,0.015046970918774605,7.478539530718086e-09,0.28746208291203235
28440,0.34329913556575775,0.20100281089544297,0.027746394276618958,0.6936601988971234,0.1097796157700941,0.5,4.128206253051758,7.383869452504965e-09,0.2875631951466127
28450,-0.004872092604637146,0.14153055846691132,0.02108166813850403,0.5270418848842382,0.09340317896567285,0.7,6.084440231323242,7.289797949341203e-09,0.28766430738119314
28460,0.21908241808414458,0.2311171531677246,0.02716687321662903,0.8551876250654459,0.13395758282858877,0.4,0.00013295772077981383,7.1963251355324215e-09,0.2877654196157735
28470,0.03680892959237099,0.04073464423418045,0.015116110444068909,0.3779027622193098,0.08873515912564471,0.7,1.0060089826583862,7.103451124656989e-09,0.2878665318503539
28480,0.09486481621861458,0.08586000204086304,0.027512574195861818,0.6848812393844128,0.1287146541988477,0.6,1.4794269800186157,7.011176029565524e-09,0.2879676440849343
28490,0.034277099370956424,0.19377455711364747,0.00628105029463768,0.15702663622796537,0.07378262192942202,0.8,1.2166525493739755e-06,6.919499962381003e-09,0.2880687563195147
28500,0.17415598244406283,0.10061491671949625,0.0336615115404129,0.841538791731,0.13528513573110104,0.5,0.0003287686558905989,6.828423034498487e-09,0.28816986855409504
28510,0.1473890572786331,0.1356666386127472,0.01864962577819824,0.5509041681885719,0.09073855988681316,0.6,15.417634010314941,6.737945356585007e-09,0.2882709807886754
28520,0.07881370782852173,0.0573534831404686,0.02180842012166977,0.5452106419950724,0.07093692326452583,0.8,1.515099287033081,6.648067038579508e-09,0.28837209302325584
28530,0.09399764686822891,0.13711120449006559,0.03287894129753113,0.8219739317893981,0.1908587145153433,0.5,7.621368408203125,6.5587881896925765e-09,0.2884732052578362
28540,0.13213510513305665,0.11668622046709061,0.028324028849601744,0.7081011813133955,0.06503645651973784,0.7,0.01686282828450203,6.470108918406492e-09,0.2885743174924166
28550,0.00916578434407711,0.05058279596269131,0.019650503993034363,0.491262635961175,0.13616007248638198,0.7,1.3344621265787282e-06,6.3820293324748916e-09,0.28867542972699695
28560,0.1352558434009552,0.1960778210312128,0.018023625016212463,0.4556539494544268,0.13084492044290527,0.7,1.5050119372972404e-06,6.2945495389227775e-09,0.28877654196157737
28570,0.2026817780570127,0.15868562383111567,0.03289293348789215,0.8223232544958592,0.1279007840901613,0.5,2.1015114270994673e-06,6.2076696440463425e-09,0.28887765419615774
28580,0.12220057249069213,0.08878052830696107,0.030310675501823425,0.7868800241500139,0.09372581193456427,0.7,0.00034853722900152206,6.1213897534128645e-09,0.2889787664307381
28590,0.24755213409662247,0.16466714143753053,0.02852017283439636,0.7130045287311078,0.10112266564974562,0.6,1.489856481552124,6.035709971860592e-09,0.2890798786653185
28600,0.1127289779484272,0.10502277426421643,0.04111686050891876,1.027921799570322,0.14530992687214167,0.5,1.560135841369629,5.950630403498469e-09,0.2891809908998989
28610,0.21011811569333078,0.24315021932125092,0.022065804898738862,0.5516449354588986,0.11494186639320106,0.5,0.06972983479499817,5.866151151706189e-09,0.2892821031344793
28620,0.06785979885607958,0.10369790187105536,0.03131570816040039,0.7828927915543318,0.14246524015907197,0.5,4.832892045669723e-06,5.782272319134085e-09,0.28938321536905964
28630,0.021846731938421727,0.06147876754403114,0.014216957986354828,0.3831181164830923,0.15329764598282053,0.6,0.23715905845165253,5.698994007702795e-09,0.28948432760364007
28640,-0.006557811051607132,0.039819090813398364,0.009655367583036423,0.24138436764478682,0.12606754195876418,0.7,0.013978622853755951,5.6163163186033205e-09,0.28958543983822044
28650,0.006667818874120712,0.018593756668269634,0.0036330651491880417,0.090826615691185,0.09307061816798523,0.8,0.00023686239728704095,5.534239352296799e-09,0.2896865520728008
28660,0.05810625776648522,0.09505814760923385,0.011728345602750778,0.2932086607441306,0.10789185042958707,0.8,3.979275788879022e-06,5.4527632085146216e-09,0.2897876643073812
28670,0.0890340456739068,0.19877505749464036,0.031425106525421145,0.7856274291872978,0.1878089491627179,0.4,1.4505898207062273e-06,5.371887986257872e-09,0.2898887765419616
28680,0.32690196931362153,0.26049996316432955,0.031319671869277955,0.782991710677743,0.1035873286309652,0.5,1.2520193195086904e-05,5.29161378379761e-09,0.28998988877654197
28690,0.291232293844223,0.3797211557626724,0.030553990602493288,0.7638488408178091,0.07503057675203309,0.6,1.104173065868963e-06,5.211940698674533e-09,0.29009100101112234
28700,0.11137218475341797,0.06364124491810799,0.022997045516967775,0.5749262008816004,0.07870992672396823,0.7,0.13669535517692566,5.132868827698977e-09,0.2901921132457027
28710,0.14484955184161663,0.16273698545992374,0.025377848744392396,0.6344464894384145,0.1613455208716914,0.5,1.2664065707213013e-06,5.054398266950754e-09,0.29029322548028313
28720,0.10896594175137579,0.06530119370436296,0.017655448615550996,0.4413862690329552,0.11290132947033271,0.7,0.5957821607589722,4.976529111778871e-09,0.2903943377148635
28730,0.13202676102519034,0.08939480856060981,0.027440184354782106,0.6860050093382597,0.11349617125233635,0.7,0.5655770897865295,4.899261456801862e-09,0.2904954499494439
28740,0.17588565386831762,0.11976219788193702,0.03289713263511658,0.8224284891039133,0.11160658153239637,0.6,1.0818530427059159e-06,4.822595395907125e-09,0.29059656218402424
28750,0.33035778710618613,0.26396414414048197,0.04427458643913269,1.1068650603294372,0.12386717330664396,0.4,1.07892906665802,4.746531022251088e-09,0.29069767441860467
28760,0.3004068384878337,0.3033522952347994,0.03031630516052246,0.7579080883413554,0.11397676876513288,0.4,0.003284336067736149,4.6710684282593174e-09,0.29079878665318504
28770,0.2036733776330948,0.2328103855252266,0.03605660498142242,0.9014150921255351,0.12755909381667152,0.5,1.441942811012268,4.596207705625799e-09,0.2908998988877654
28780,0.35437870332971216,0.2239379079081118,0.024468192458152772,0.7261271331459284,0.10978514235466719,0.2,0.0006613596924580634,4.521948945313492e-09,0.2910010111223458
28790,0.1254019983112812,0.18963562771677972,0.012546323239803314,0.42033576853573323,0.17759619543794541,0.3,4.483269214630127,4.4482922375537194e-09,0.2911021233569262
28800,0.008950077369809151,0.07336880266666412,0.010501933097839356,0.2625485699623823,0.09790449104038998,0.8,3.4932097605633317e-06,4.375237671846332e-09,0.29120323559150657
28810,0.3869795147329569,0.27638410925865176,0.0013494814746081829,0.7615481816232205,0.10827937803696841,0.5,0.08119730651378632,4.302785336959547e-09,0.29130434782608694
28820,0.0628164779394865,0.05251513570547104,0.04783637225627899,1.1959095031023026,0.13964645034866408,0.6,6.189935684204102,4.230935320929774e-09,0.29140546006066737
28830,-0.018509626388549805,0.07403850555419922,0.0033785417675971986,0.08446354642510415,0.055181647394783796,0.9,70.47809600830078,4.159687711061566e-09,0.29150657229524773
28840,0.13536297976970674,0.20349992513656617,0.035125920176506044,0.878148078173399,0.1595477638184093,0.5,0.004619238432496786,4.089042593927506e-09,0.2916076845298281
28850,0.013085374236106872,0.03889065384864807,0.007668532431125641,0.19171325154602528,0.09278676729882136,0.8,1.1305318139420706e-06,4.019000055367982e-09,0.2917087967644085
28860,0.05794755751267076,0.2803676299285144,0.018791355192661285,0.46978368535637854,0.1612298203050159,0.6,24.304025650024414,3.949560180491362e-09,0.2918099089989889
28870,0.009232199937105178,0.13899790979921817,0.024572287499904633,0.6143068566918373,0.1701599817140959,0.6,1.2879221458206302e-06,3.880723053673651e-09,0.29191102123356927
28880,0.10999290142208337,0.1197271030396223,0.02075813412666321,0.7042196325957775,0.10058302812976763,0.6,4.329555988311768,3.812488758558385e-09,0.29201213346814964
28890,0.18346549421548844,0.19558678567409515,0.0253189355134964,0.6329744603484869,0.12920975760789588,0.7,0.04210798814892769,3.744857378056743e-09,0.29211324570273
28900,0.061583470553159714,0.06720705144107342,0.03122725188732147,0.7806813217699528,0.11323873180663213,0.7,2.033982992172241,3.677828994347154e-09,0.29221435793731043
28910,0.18014046177268028,0.1950653400272131,0.020270510017871855,0.506762831658125,0.10512366996845231,0.5,3.8411710262298584,3.6114036888754697e-09,0.2923154701718908
28920,0.20715877413749695,0.2101811371743679,0.023618613183498383,0.5904651425778866,0.11802269573090599,0.5,9.832535852183355e-07,3.5455815423546808e-09,0.29241658240647117
28930,0.2610148508101702,0.19120973981916906,0.028551095724105836,0.7158698175102473,0.10061858757399023,0.6,0.33267033100128174,3.480362634764922e-09,0.29251769464105154
28940,0.014095067977905273,0.03607936501502991,0.014751926064491272,0.4372238744050264,0.11582053863676264,0.7,0.00019130154396407306,3.415747045353301e-09,0.29261880687563196
28950,0.14133237477508373,0.08091495233820752,0.02180580496788025,0.5451448179781437,0.08400722823571413,0.6,1.4830230474472046,3.351734852633903e-09,0.29271991911021233
28960,0.052096261107362804,0.0486984312068671,0.019326889514923097,0.49205323979258536,0.14991116983583197,0.5,1.6160819313881802e-06,3.2883261343874535e-09,0.2928210313447927
28970,-0.004765653098002076,0.01143881999887526,0.0038912154734134672,0.09709809483028949,0.13402858742047102,0.8,0.31683415174484253,3.2255209676616545e-09,0.29292214357937313
28980,0.005222523584961891,0.011453141272068024,0.004074784740805626,0.10186965987086297,0.09320080012548715,0.8,0.000955799303483218,3.1633194287706276e-09,0.2930232558139535
28990,0.14965931724291295,0.13636518586426974,0.02369949072599411,0.592486934363842,0.11227631537476554,0.6,0.02888246811926365,3.101721593295137e-09,0.29312436804853387
29000,0.01536785289645195,0.11279321983456611,0.012160968780517579,0.3119677297770977,0.13009994564345106,0.6,6.130236625671387,3.040727536082366e-09,0.29322548028311424
29010,0.10311054375488311,0.0846407628734596,0.022391386330127716,0.5597851522266865,0.11312706948956475,0.7,1.1729867992471554e-06,2.9803373312458634e-09,0.29332659251769466
29020,-0.051311194896698,0.13100460767745972,-0.004334055632352829,0.018493352830410002,0.06380293886177242,0.9,2.2863107460580068e-06,2.9205510521653208e-09,0.29342770475227503
29030,0.19726909473538398,0.15645317491143942,0.02720062732696533,0.6800158839672804,0.14282668923260644,0.4,2.0897005015285686e-06,2.8613687714868494e-09,0.2935288169868554
29040,0.5233749970793724,0.42480452405288815,0.055179905891418454,1.3794978238642215,0.16658927677199245,0.3,9.799748420715332,2.80279056112237e-09,0.29362992922143577
29050,0.41912588868290185,0.28119476437568663,0.03325677812099457,0.8314201105386019,0.12185394068947061,0.6,6.91222930981894e-06,2.7448164922500573e-09,0.2937310414560162
29060,0.04231249243021011,0.07389096915721893,0.00976472869515419,0.24411837309598922,0.11077111925696954,0.8,0.09780541807413101,2.6874466353137838e-09,0.29383215369059656
29070,0.01300048993434757,0.01985652558505535,0.024956510961055757,0.6262316826730967,0.16188176251016556,0.7,0.038243796676397324,2.630681060023343e-09,0.29393326592517693
29080,0.17711935974657536,0.12055199109017849,0.01890648007392883,0.4726620350033045,0.09917772443732246,0.7,1.939322590827942,2.574519835354283e-09,0.2940343781597573
29090,0.39115220624953506,0.27540191719308493,0.03748794794082642,0.9371985908597708,0.10528785672504455,0.5,6.888730525970459,2.518963029547794e-09,0.29413549039433773
29100,0.19539117126259953,0.15315000126138328,-0.009269574284553527,0.35521150548011066,0.14074859035899862,0.5,1.3226227792983991e-06,2.464010710110598e-09,0.2942366026289181
29110,0.02002399628981948,0.024027438811026515,0.03007744550704956,0.7519362177699804,0.08695674717891962,0.7,0.04722680151462555,2.409662943815005e-09,0.29433771486349847
29120,0.03952796906232834,0.053007543087005615,0.03128250539302826,0.7820630144327879,0.07052387214498594,0.8,1.2126560022807098e-06,2.35591979669858e-09,0.2944388270980789
29130,0.14881595373153686,0.16343104224652052,0.02424839437007904,0.6062095664441586,0.10068113402230665,0.6,9.86402028502198e-07,2.3027813340644186e-09,0.29453993933265926
29140,0.35461201616562904,0.30772581808269023,0.01871166527271271,0.7404455058276653,0.12227461297297851,0.4,11.593867301940918,2.250247620480705e-09,0.29464105156723963
29150,0.3509274125099182,0.26338307559490204,0.037194499373435976,0.9298619698733092,0.0831661186995916,0.5,3.4484965801239014,2.198318719780878e-09,0.29474216380182
29160,0.02898298092186451,0.10284868367016316,0.011306309700012207,0.28265772871673106,0.14109553701709956,0.4,4.412548542022705,2.1469946950634644e-09,0.2948432760364004
29170,0.21435640528798103,0.15960677489638328,0.03812311589717865,0.9530776169151067,0.11399668960366398,0.5,1.633748183849093e-06,2.096275608691911e-09,0.2949443882709808
29180,0.2979676867136732,0.20972980745136738,0.034208059310913086,0.6801893722265959,0.19050139035098254,0.4,1.5932288306430564e-06,2.0461615222947537e-09,0.29504550050556116
29190,0.0,0.0,0.010406312346458436,0.2601580072194338,0.04671645918861032,1.0,1.4584682048734976e-06,1.9966524967653943e-09,0.29514661274014153
29200,0.07876999014988542,0.1459200881421566,0.023746028542518616,0.5890216635074467,0.18198168044909835,0.6,2.505171298980713,1.947748592261822e-09,0.29524772497472196
29210,0.14473674837499856,0.08308968348428607,0.016424702107906343,0.41061749644577505,0.07385810534469783,0.8,4.453458309173584,1.899449868207004e-09,0.29534883720930233
29220,0.03607035982422531,0.09999814389739185,0.02321174293756485,0.5802934188395739,0.10615325691178441,0.7,1.417292992300645e-06,1.8517563832884386e-09,0.2954499494438827
29230,0.04146612714976072,0.04376995638012886,0.02133583128452301,0.5333955623209476,0.12888478036038578,0.6,1.2086751461029053,1.8046681954581034e-09,0.29555106167846307
29240,0.12512042485177516,0.27671714425086974,0.04087288379669189,1.0218218449503182,0.19222666767891497,0.3,9.535204887390137,1.7581853619327291e-09,0.2956521739130435
29250,0.2942723259329796,0.21275955885648729,0.014039607346057891,0.5343274436891079,0.1231343797990121,0.4,0.11630970239639282,1.7123079391932472e-09,0.29575328614762386
29260,0.07016313769854605,0.16068126149475576,0.015408797562122345,0.38521991539746525,0.13068808580283076,0.6,2.0163843146292493e-06,1.6670359829850654e-09,0.29585439838220423
29270,-0.014442118257284165,0.03963882960379124,0.012423109263181686,0.33916636407375333,0.08977514292346314,0.7,0.10495725274085999,1.6223695483179033e-09,0.29595551061678466
29280,0.2740363597869873,0.15659220814704894,0.032422271370887754,0.8105569552630186,0.06053126300685108,0.8,0.5946624279022217,1.5783086894656794e-09,0.296056622851365
29290,0.04258389880415052,0.12138136187568307,0.027888479828834533,0.6972126543521882,0.17821894929511473,0.4,2.066806928269216e-06,1.534853459966512e-09,0.2961577350859454
29300,0.41019670367240907,0.2581680178642273,0.035053026676177976,0.8763260681182146,0.06718248846009374,0.8,0.04770055413246155,1.4920039126225526e-09,0.29625884732052576
29310,0.22842263281345368,0.14607593789696693,0.039583608508110046,0.9895901624113321,0.10724220491247252,0.6,0.01188290398567915,1.449760099500097e-09,0.2963599595551062
29320,0.220561314933002,0.2868943316861987,0.025952070951461792,0.7362436812371016,0.15075024514226243,0.4,27.697402954101562,1.4081220719293074e-09,0.29646107178968656
29330,0.25084281861782076,0.2302186295390129,0.03152676820755005,0.7881692834198475,0.15060400016373024,0.5,1.2747534583468223e-06,1.3670898805043795e-09,0.29656218402426693
29340,0.035391768394038084,0.024231679365038873,0.007847444713115692,0.19618603996932507,0.0753992581856437,0.8,1.1339631100781844e-06,1.326663575083209e-09,0.2966632962588473
29350,0.0017878159880638123,0.06222640424966812,0.008155743032693863,0.20389377810060977,0.07913504438474775,0.8,0.018441839143633842,1.2868432047876687e-09,0.2967644084934277
29360,0.002005307376384735,0.053472085297107695,0.015042772889137268,0.37606987208127973,0.12185672554187477,0.6,1.1570068636501674e-06,1.2476288180032212e-09,0.2968655207280081
29370,0.1438519879244268,0.1499225299805403,0.02240998446941376,0.5602498468011617,0.1005773362587206,0.6,1.2850506209360901e-05,1.209020462379029e-09,0.29696663296258846
29380,-0.012053661793470383,0.060971487872302534,0.004811260476708412,0.12028154022991658,0.09109977361513302,0.8,0.002086842665448785,1.1710181848278433e-09,0.29706774519716883
29390,0.09490095563232899,0.2098964087665081,0.03590233325958252,0.8975586596876383,0.18168121005874127,0.2,1.5857800690355361e-06,1.1336220315261158e-09,0.29716885743174926
29400,0.11334367394447327,0.13933434933423997,0.013361428678035737,0.3340355588123202,0.06913948978763074,0.7,1.2220651797179016e-06,1.0968320479136094e-09,0.2972699696663296
29410,0.09849453377537429,0.11263939989730716,0.03231185376644134,0.8077957842499017,0.16550650786375626,0.5,0.0276098120957613,1.0606482786936765e-09,0.29737108190091
29420,0.02053312249481678,0.16687381332740187,0.03334507048130035,0.8336271561682225,0.1902583449613303,0.3,3.9297871589660645,1.0250707678329805e-09,0.2974721941354904
29430,0.09809334296733141,0.11591628845781088,0.013514736294746399,0.4618586990982294,0.15683541180333122,0.4,3.258389949798584,9.900995585615524e-10,0.2975733063700708
29440,0.09136402904987335,0.16318404152989388,0.022693148255348204,0.5673290066421032,0.1294700470753014,0.6,1.3609152347271447e-06,9.55734693372734e-10,0.29767441860465116
29450,0.03535378631204367,0.037483112141489985,0.012516112625598907,0.42312030792236327,0.12281218544812873,0.6,2.3600618839263916,9.219762140231235e-10,0.29777553083923153
29460,0.2749696232378483,0.16112197153270244,0.020445574820041657,0.5111393757164479,0.09583944723708555,0.7,0.0018856680253520608,8.888241615322978e-10,0.29787664307381195
29470,0.09432613495737315,0.1080032529309392,0.025249558687210082,0.6312397416681051,0.09806926468154416,0.7,1.4347409660331323e-06,8.562785761833114e-10,0.2979777553083923
29480,0.12290724739432335,0.0852812271565199,0.004923202842473984,0.1279307272285223,0.13281295367050916,0.5,0.974449634552002,8.243394975219752e-10,0.2980788675429727
29490,0.0675909698009491,0.07382908314466477,0.03521931171417236,0.8804827682673931,0.10834331570658833,0.6,5.583397388458252,7.930069643573567e-10,0.29817997977755306
29500,0.005385960265994072,0.009634698927402496,0.01081101894378662,0.270275342464447,0.07807027089875192,0.9,2.6269859517924488e-05,7.622810147614456e-10,0.2982810920121335
29510,0.061684833467006685,0.1416219312697649,0.016953837871551514,0.4238462973386049,0.10197538154898211,0.6,8.417436038143933e-05,7.321616860690993e-10,0.29838220424671386
29520,0.03932922682724893,0.185829290561378,0.030961012840270995,0.7740251779556274,0.13729904153151437,0.6,33.888641357421875,7.026490148782093e-10,0.2984833164812942
29530,0.10789577960968018,0.061654730886220935,0.014488632977008819,0.3622160892933607,0.07111216330667958,0.8,1.0047430123449885e-06,6.737430370494235e-10,0.2985844287158746
29540,0.3109391663223505,0.23961165845394133,0.024867355823516846,0.6216839633882045,0.14880219525657595,0.5,23.19359016418457,6.454437877062568e-10,0.298685540950455
29550,0.049869322776794435,0.08920896053314209,0.025656506419181824,0.6414128474891185,0.10310428355587646,0.9,4.424636244948488e-06,6.177513012349256e-10,0.2987866531850354
29560,0.04266906976699829,0.038864699006080625,0.01239897683262825,0.3099743567407131,0.04554564659483731,0.9,0.02901557832956314,5.906656112844577e-10,0.29888776541961576
29570,0.17611387073993684,0.11087049189954996,0.01839662194252014,0.45991543792188166,0.10373438860988245,0.5,0.0023062536492943764,5.641867507664155e-10,0.2989888776541962
29580,0.09603418856859207,0.11711551770567893,0.040277537703514096,1.0069385834038258,0.1599793218774721,0.5,13.195269584655762,5.383147518552844e-10,0.29908998988877655
29590,0.010140520334243775,0.10333922207355499,0.021396857500076295,0.5360236592590809,0.14603807439561933,0.5,3.5627145767211914,5.13049645987862e-10,0.2991911021233569
29600,0.12323348447680474,0.12297535911202431,0.012596911191940308,0.4472572211176157,0.11280173663981259,0.7,32.90142822265625,4.883914638636466e-10,0.2992922143579373
29610,0.02875816784799099,0.026194090209901332,0.01936357617378235,0.48408945091068745,0.0738795195473358,0.8,0.0011522602289915085,4.643402354446713e-10,0.2993933265925177
29620,0.05250161029398441,0.051013835705816746,0.021282775700092314,0.5793023511767388,0.10658988117938861,0.6,0.024000756442546844,4.408959899554476e-10,0.2994944388270981
29630,0.05765526834875345,0.10878650387749075,0.020762772858142854,0.5190704111009836,0.192489193927031,0.4,4.4656855607172474e-05,4.1805875588296623e-10,0.29959555106167846
29640,-0.005927956476807594,0.16350691355764865,0.024783121049404146,0.6211357857100666,0.168375235889107,0.5,3.883744739141548e-06,3.9582856097658547e-10,0.2996966632962588
29650,0.16133469641208648,0.1285757951438427,0.023753075301647185,0.5938266169279813,0.10163054377771914,0.6,1.2026794138364494e-06,3.7420543224808697e-10,0.29979777553083925
29660,0.20875782947987317,0.37618065997958183,0.051446670293807985,1.2861669067293406,0.19884989988058804,0.4,7.426780211972073e-05,3.5318939597162035e-10,0.2998988877654196
29670,0.06509224176406861,0.07460827752947807,0.01944839060306549,0.486209661886096,0.11183694305364042,0.6,0.7361955642700195,3.327804776837029e-10,0.3
29680,0.18489749766886235,0.15852387323975564,0.008051563054323196,0.6858190130442381,0.13765454930253326,0.4,0.03139670565724373,3.129787021829977e-10,0.30010111223458036
29690,0.05898057259619236,0.0998818620108068,0.011686322838068008,0.379769691079855,0.11303305629407986,0.6,1.206345796585083,2.937840935305913e-10,0.3002022244691608
29700,0.2411088265478611,0.16797769367694854,0.03446187078952789,0.8615467432886362,0.10668949849205092,0.5,1.8016403913497925,2.751966750497159e-10,0.30030333670374115
29710,0.046318177692592145,0.08059063591063023,0.011190526187419891,0.3070968367159367,0.1265895610093139,0.7,1.6513746459168033e-06,2.572164693258605e-10,0.3004044489383215
29720,0.13328274264931678,0.14687734842300415,0.025939571857452392,0.6484896056354046,0.17109766100766138,0.4,12.485481262207031,2.398434982066599e-10,0.30050556117290195
29730,0.16850246489048004,0.13840345293283463,0.039320507645606996,0.983012929558754,0.1025767256389372,0.7,1.2621833086013794,2.2307778280189483e-10,0.3006066734074823
29740,0.12547367357183248,0.2046532945940271,0.03115328848361969,0.9230635538697243,0.1564397587790154,0.4,1.3704819821214187e-06,2.06919343483547e-10,0.3007077856420627
29750,0.12118597328662872,0.12685905322432517,0.013391368091106415,0.3347841762006283,0.19893629234284163,0.5,0.543398380279541,1.913681998855776e-10,0.30080889787664306
29760,0.0396576002240181,0.09171076864004135,0.024818678200244904,0.6204670015722513,0.09072648389264941,0.8,1.3108253824611893e-06,1.7642437090414907e-10,0.3009100101112235
29770,0.02093633816111833,0.024393839156255127,0.01794513761997223,0.44862849824130535,0.11794065871508792,0.7,0.007297546602785587,1.6208787469734754e-10,0.30101112234580385
29780,0.02194776087999344,0.019990900158882143,0.020144516229629518,0.5036128081381321,0.08179689559619874,0.9,1.500112716712465e-06,1.483587286854604e-10,0.3011122345803842
29790,0.16834256947040557,0.15236042812466621,0.017059893906116487,0.4264974009245634,0.1492203029920347,0.6,1.1303028259135317e-05,1.3523694955064336e-10,0.3012133468149646
29800,0.002330627664923668,0.004169153608381748,0.009411188215017319,0.24655940420925618,0.07888436053181067,0.8,9.454470273340121e-05,1.227225532370868e-10,0.301314459049545
29810,0.1682774730026722,0.2199237510561943,0.01887521743774414,0.63868877440691,0.1579213016666472,0.4,2.5029200969584053e-06,1.108155549509604e-10,0.3014155712841254
29820,0.08137050941586495,0.04954411871731281,0.019009606540203096,0.47524104341864587,0.08016217758413405,0.7,2.9548900783993304e-06,9.951596916041304e-11,0.30151668351870575
29830,0.015210006199777127,0.031665508076548575,0.015426509082317352,0.38566309548914435,0.08458576017292216,0.8,1.7432426830055192e-05,8.882380959551739e-11,0.3016177957532861
29840,0.024066174775362013,0.04825606048107147,0.025460687279701234,0.636517234891653,0.11566468345699832,0.7,0.5303411483764648,7.873908924821426e-11,0.30171890798786655
29850,0.16492899954319,0.14775325655937194,0.002172345109283924,0.44225590117275715,0.11107070173602551,0.6,1.3831901242156164e-06,6.926182037242378e-11,0.3018200202224469
29860,0.10683982372283936,0.12628800868988038,0.045355838537216184,1.1338961817324162,0.14536057842196898,0.5,0.01569448970258236,6.039201448387876e-11,0.3019211324570273
29870,0.15604434832930564,0.1057896338403225,0.024279125034809113,0.6069781288504601,0.09364627740578726,0.7,10.76455307006836,5.212968236029125e-11,0.3020222446916077
29880,0.11005766578018665,0.08413276616483926,0.02138713151216507,0.5430713888257742,0.14341340733226388,0.6,6.7495907387638e-06,4.4474834041186016e-11,0.3021233569261881
29890,0.08035013107582926,0.048963339626789094,0.01014563962817192,0.48671332113444804,0.10106228382792323,0.6,5.53432209926541e-06,3.7427478827845024e-11,0.30222446916076845
29900,0.24479150772094727,0.1964068166911602,0.028214898705482484,0.705373115465045,0.08586367069510743,0.6,0.3370201885700226,3.098762528347398e-11,0.3023255813953488
29910,0.018164288066327573,0.09626199752092361,0.012979623675346375,0.3244906887412071,0.14745278673944995,0.7,5.427839279174805,2.515528123320232e-11,0.30242669362992924
29920,0.22188522517681122,0.15494588166475295,0.03170388638973236,0.7925976153463126,0.07978557744063437,0.7,0.7283509969711304,1.9930453763750134e-11,0.3025278058645096
29930,0.21518015321344136,0.16071296483278275,0.024190811812877654,0.6105182114988565,0.10315681769279764,0.6,7.3895416259765625,1.531314922387228e-11,0.30262891809909
29940,0.09044482316821814,0.14117276333272458,0.016535988450050353,0.4133999176323414,0.19443635656498373,0.5,1.5881426334381104,1.1303373224025304e-11,0.30273003033367035
29950,0.21306622449774296,0.14106210619211196,0.014128291606903076,0.3532077703624964,0.11569484021747485,0.6,5.546225070953369,7.901130636367437e-12,0.3028311425682508
29960,0.17987967552617193,0.17218154966831206,0.032314610481262204,0.8078650638461113,0.12818609898677097,0.4,0.04862632602453232,5.1064255950361566e-12,0.30293225480283115
29970,0.1765437439084053,0.10088213980197906,0.03579340577125549,0.8948352843523025,0.06529309968464077,0.7,1.0300840139389038,2.9192614958706286e-12,0.3030333670374115
29980,-0.03098348160274327,0.022863109689205886,0.009270169585943223,0.2503152143210173,0.07081448273966089,0.7,8.234121924033388e-05,1.3396409964117062e-12,0.3031344792719919
29990,0.25282052904367447,0.283997143805027,0.03699720501899719,0.9249305170029402,0.1385513504385017,0.4,1.962131818800117e-06,3.6756601606846573e-13,0.3032355915065723
30000,0.12768056690692903,0.12196936756372452,0.03071882724761963,0.7679709009826183,0.11603438464226201,0.7,6.834683895111084,3.0377360626943073e-15,0.3033367037411527
